compartment,trajectory,lineage,path_index,umap1,umap2,trajectory_robustness
PT,PT,Lineage1,0,-3.4577505023148354,-3.965463911874329,strong
PT,PT,Lineage1,1,-3.1770699022413966,-3.8022003359730867,strong
PT,PT,Lineage1,2,-2.9128890880648273,-3.6428260279653655,strong
PT,PT,Lineage1,3,-2.664829612721698,-3.4871017623895133,strong
PT,PT,Lineage1,4,-2.4325130291485895,-3.3347883137838816,strong
PT,PT,Lineage1,5,-2.2155608902820725,-3.185646456686818,strong
PT,PT,Lineage1,6,-2.0135947490587225,-3.0394369656366704,strong
PT,PT,Lineage1,7,-1.8262361584151132,-2.8959206151717884,strong
PT,PT,Lineage1,8,-1.6531066712878186,-2.754858179830519,strong
PT,PT,Lineage1,9,-1.4938278406134142,-2.6160104341512134,strong
PT,PT,Lineage1,10,-1.348021219328475,-2.479138152672219,strong
PT,PT,Lineage1,11,-1.2153083603695742,-2.344002109931885,strong
PT,PT,Lineage1,12,-1.0953108166732863,-2.2103630804685594,strong
PT,PT,Lineage1,13,-0.987650141176186,-2.0779818388205906,strong
PT,PT,Lineage1,14,-0.891947886814848,-1.9466191595263291,strong
PT,PT,Lineage1,15,-0.8078256065258461,-1.8160358171241218,strong
PT,PT,Lineage1,16,-0.7349048532457554,-1.6859925861523186,strong
PT,PT,Lineage1,17,-0.6728071799111504,-1.5562502411492685,strong
PT,PT,Lineage1,18,-0.6211541394586044,-1.426569556653318,strong
PT,PT,Lineage1,19,-0.579567284824693,-1.2967113072028185,strong
PT,PT,Lineage1,20,-0.5476681689459902,-1.1664362673361168,strong
PT,PT,Lineage1,21,-0.5250783447590704,-1.0355052115915628,strong
PT,PT,Lineage1,22,-0.511419365200508,-0.9036789145075048,strong
PT,PT,Lineage1,23,-0.5063127832068776,-0.7707181506222913,strong
PT,PT,Lineage1,24,-0.5093801517147535,-0.6363836944742718,strong
PT,PT,Lineage1,25,-0.5202430236607101,-0.5004363206017941,strong
PT,PT,Lineage1,26,-0.5385229519813219,-0.3626368035432068,strong
PT,PT,Lineage1,27,-0.5638414896131634,-0.22274591783685985,strong
PT,PT,Lineage1,28,-0.5958201894928091,-0.08052443802110096,strong
PT,PT,Lineage1,29,-0.6340806045568331,0.06426686136572109,strong
PT,PT,Lineage1,30,-0.67824428774181,0.2118672057852572,strong
PT,PT,Lineage1,31,-0.7279327919843144,0.36251582069915933,strong
PT,PT,Lineage1,32,-0.7827676702209203,0.5164519315690774,strong
PT,PT,Lineage1,33,-0.8423704753882025,0.6739147638566638,strong
PT,PT,Lineage1,34,-0.9063627604227353,0.8351435430235697,strong
PT,PT,Lineage1,35,-0.9743660782610936,1.000377494531447,strong
PT,PT,Lineage1,36,-1.0460019818398507,1.1698558438419453,strong
PT,PT,Lineage1,37,-1.120892024095582,1.3438178164167167,strong
PT,PT,Lineage1,38,-1.1986577579648616,1.5225026377174127,strong
PT,PT,Lineage1,39,-1.2789207363842638,1.7061495332056842,strong
PT,PT,Lineage1,40,-1.3613025122903644,1.894997728343185,strong
PT,PT,Lineage1,41,-1.4454246386197354,2.0892864485915617,strong
PT,PT,Lineage1,42,-1.5309086683089526,2.2892549194124685,strong
PT,PT,Lineage1,43,-1.6173761542945901,2.495142366267556,strong
PT,PT,Lineage1,44,-1.7042860087698475,2.7068777184395048,strong
PT,PT,Lineage1,45,-1.7903538129443752,2.9229717318854296,strong
PT,PT,Lineage1,46,-1.8740829086675632,3.1415302390411335,strong
PT,PT,Lineage1,47,-1.9539766214938512,3.360659041253894,strong
PT,PT,Lineage1,48,-2.0285382769776783,3.5784639398709897,strong
PT,PT,Lineage1,49,-2.0962712006734865,3.7930507362397012,strong
PT,PT,Lineage1,50,-2.1556787181357144,4.002525231707308,strong
PT,PT,Lineage1,51,-2.205264154918803,4.204993227621088,strong
PT,PT,Lineage1,52,-2.2435308365771918,4.398560525328322,strong
PT,PT,Lineage1,53,-2.2689820886653203,4.581332926176286,strong
PT,PT,Lineage1,54,-2.2801212367376293,4.751416231512261,strong
PT,PT,Lineage1,55,-2.2754516063485593,4.906916242683526,strong
PT,PT,Lineage1,56,-2.25347652305255,5.045938761037363,strong
PT,PT,Lineage1,57,-2.21269931240404,5.166589587921046,strong
PT,PT,Lineage1,58,-2.151623299957472,5.266974524681859,strong
PT,PT,Lineage1,59,-2.068751811267284,5.345199372667076,strong
PT,PT,Lineage1,60,-1.9630291362919017,5.399941122361681,strong
PT,PT,Lineage1,61,-1.836017758060614,5.43326815690948,strong
PT,PT,Lineage1,62,-1.6902427072362218,5.448495664746983,strong
PT,PT,Lineage1,63,-1.5282305006981594,5.448940759433882,strong
PT,PT,Lineage1,64,-1.352507655325857,5.437920554529866,strong
PT,PT,Lineage1,65,-1.1656006879987466,5.418752163594623,strong
PT,PT,Lineage1,66,-0.9700361155962604,5.394752700187846,strong
PT,PT,Lineage1,67,-0.7683404549978301,5.369239277869222,strong
PT,PT,Lineage1,68,-0.5630402230828874,5.345529010198441,strong
PT,PT,Lineage1,69,-0.35666193673086377,5.326939010735193,strong
PT,PT,Lineage1,70,-0.15173211282118898,5.316786393039169,strong
PT,PT,Lineage1,71,0.04922273176669974,5.318388270670058,strong
PT,PT,Lineage1,72,0.2436760801533734,5.335061757187547,strong
PT,PT,Lineage1,73,0.4291014154594003,5.37012396615133,strong
PT,PT,Lineage1,74,0.6032479616859443,5.426428627405617,strong
PT,PT,Lineage1,75,0.7674451119564594,5.500812981450201,strong
PT,PT,Lineage1,76,0.9255233809174375,5.58591112349245,strong
PT,PT,Lineage1,77,1.0813644736886798,5.674271122932933,strong
PT,PT,Lineage1,78,1.2388500953899884,5.758441049172225,strong
PT,PT,Lineage1,79,1.4018619511411636,5.830968971610894,strong
PT,PT,Lineage1,80,1.5741800111754018,5.884584818636875,strong
PT,PT,Lineage1,81,1.756337559718445,5.917822221274187,strong
PT,PT,Lineage1,82,1.9450196434137663,5.936093833202346,strong
PT,PT,Lineage1,83,2.136688172952358,5.945211180893832,strong
PT,PT,Lineage1,84,2.3278050590252084,5.950985790821113,strong
PT,PT,Lineage1,85,2.5148322123233084,5.959229189456667,strong
PT,PT,Lineage1,86,2.6942315435376463,5.975752903272965,strong
PT,PT,Lineage1,87,2.862464963359212,6.0063684587424815,strong
PT,PT,Lineage1,88,3.015994382478998,6.056887382337693,strong
PT,PT,Lineage1,89,3.1512699443579715,6.1331695198859215,strong
PT,PT,Lineage1,90,3.2642839332172535,6.242954808200101,strong
PT,PT,Lineage1,91,3.3504336216888184,6.396426458854709,strong
PT,PT,Lineage1,92,3.405076493005849,6.603931069206318,strong
PT,PT,Lineage1,93,3.4252196552490886,6.866701447097907,strong
PT,PT,Lineage1,94,3.429047860923247,7.068968893054437,strong
PT,PT,Lineage1,95,3.4472750578289952,7.023455152739195,strong
PT,PT,Lineage1,96,3.4510071051382325,6.80837772282444,strong
PT,PT,Lineage1,97,3.354949686024668,6.767854175649337,strong
PT,PT,Lineage1,98,3.1842691940883063,6.917582890226724,strong
PT,PT,Lineage1,99,3.0245077211045204,7.0803703344978555,strong
PT,PT,Lineage1,100,2.8951883857707528,7.218942037010734,strong
PT,PT,Lineage1,101,2.7926101527436846,7.345605225286207,strong
PT,PT,Lineage1,102,2.7130497502732083,7.472714599783249,strong
PT,PT,Lineage1,103,2.6527839066092174,7.612624860960816,strong
PT,PT,Lineage1,104,2.6080893500016047,7.777690709277881,strong
PT,PT,Lineage1,105,2.5752428087002626,7.980266845193412,strong
PT,PT,Lineage1,106,2.5505504417430336,8.23240962469136,strong
PT,PT,Lineage1,107,2.5333626018007656,8.515315939415503,strong
PT,PT,Lineage1,108,2.5286824709565754,8.752879070037576,strong
PT,PT,Lineage1,109,2.542127903620466,8.862761268247839,strong
PT,PT,Lineage1,110,2.5779906671015382,8.769429700582206,strong
PT,PT,Lineage1,111,2.6046922399180357,8.581422595382701,strong
PT,PT,Lineage1,112,2.5686393922751085,8.54717132375176,strong
PT,PT,Lineage1,113,2.485175657788668,8.672878360444685,strong
PT,PT,Lineage1,114,2.3880047836006,8.899402836726008,strong
PT,PT,Lineage1,115,2.310830544944411,9.167603783883187,strong
PT,PT,Lineage1,116,2.2873426082263926,9.418353671586644,strong
PT,PT,Lineage1,117,2.3305692939933214,9.61220449877436,strong
PT,PT,Lineage1,118,2.3915080008537526,9.768791508625883,strong
PT,PT,Lineage1,119,2.4116291378456145,9.91796634322131,strong
PT,PT,Lineage1,120,2.366110593805776,10.07611065784736,strong
PT,PT,Lineage1,121,2.2575874116315426,10.24863383977236,strong
PT,PT,Lineage1,122,2.0919758798006156,10.437687738012691,strong
PT,PT,Lineage1,123,1.9093489885928963,10.604989969060709,strong
PT,PT,Lineage1,124,1.7746277188189263,10.682843440907693,strong
PT,PT,Lineage1,125,1.7514032716706582,10.605888759725882,strong
PT,PT,Lineage1,126,1.8433312616193847,10.403920795932809,strong
PT,PT,Lineage1,127,1.9832576715728643,10.219152413354644,strong
PT,PT,Lineage1,128,2.100098516999942,10.199908434682266,strong
PT,PT,Lineage1,129,2.172836148499573,10.37379170527486,strong
PT,PT,Lineage1,130,2.2840763360643597,10.518845144932547,strong
PT,PT,Lineage1,131,2.446306257337408,10.583653701974447,strong
PT,PT,Lineage1,132,2.6451308466714694,10.582069391703202,strong
PT,PT,Lineage1,133,2.8661486180513616,10.527959817353661,strong
PT,PT,Lineage1,134,3.09495808546188,10.435192582160672,strong
PT,PT,Lineage1,135,3.317157762887846,10.317635289359076,strong
PT,PT,Lineage1,136,3.5183461643140523,10.189155542183709,strong
PT,PT,Lineage1,137,3.6841218037253203,10.063620943869422,strong
PT,PT,Lineage1,138,3.800083195106446,9.954899097651055,strong
PT,PT,Lineage1,139,3.8518735362147836,9.87682271082652,strong
PT,PT,Lineage1,140,3.8324745257186152,9.83749346463281,strong
PT,PT,Lineage1,141,3.750299580664329,9.83296158984542,strong
PT,PT,Lineage1,142,3.6157116067516215,9.857754857760288,strong
PT,PT,Lineage1,143,3.4390735096801994,9.906401039673344,strong
PT,PT,Lineage1,144,3.2307481951497503,9.973427906880529,strong
PT,PT,Lineage1,145,3.001098568859986,10.053363230677778,strong
PT,PT,Lineage1,146,2.7604875365105945,10.140734782361028,strong
PT,PT,Lineage1,147,2.5192780038012867,10.230070333226212,strong
PT,PT,Lineage1,148,2.287832876431749,10.31589765456927,strong
PT,PT,Lineage1,149,2.0764867943747927,10.39275944014997,strong
PT,PT,Lineage1,150,1.8920761485954531,10.457045231484704,strong
PT,PT,Lineage1,151,1.734600795648766,10.508753815232268,strong
PT,PT,Lineage1,152,1.603269165907616,10.548301799557521,strong
PT,PT,Lineage1,153,1.4972896897448782,10.576105792625325,strong
PT,PT,Lineage1,154,1.4158707975334401,10.592582402600545,strong
PT,PT,Lineage1,155,1.358220919646179,10.598148237648038,strong
PT,PT,Lineage1,156,1.3235484864559803,10.593219905932674,strong
PT,PT,Lineage1,157,1.3110619283357239,10.57821401561931,strong
PT,PT,Lineage1,158,1.3199696756582915,10.553547174872811,strong
PT,PT,Lineage1,159,1.3494801587965675,10.519635991858037,strong
PT,PT,Lineage1,160,1.3988018081234317,10.476897074739853,strong
PT,PT,Lineage1,161,1.4671430540117651,10.425747031683121,strong
PT,PT,Lineage1,162,1.5537123268344528,10.366602470852703,strong
PT,PT,Lineage1,163,1.6577180569643728,10.299880000413467,strong
PT,PT,Lineage1,164,1.7783686747744112,10.22599622853026,strong
PT,PT,Lineage1,165,1.9148726106374452,10.145367763367963,strong
PT,PT,Lineage1,166,2.0664382949263618,10.058411213091423,strong
PT,PT,Lineage1,167,2.2322741580140373,9.965543185865517,strong
PT,PT,Lineage1,168,2.41158863027336,9.867180289855094,strong
PT,PT,Lineage1,169,2.6035901420772047,9.763739133225029,strong
PT,PT,Lineage1,170,2.807487123798461,9.655636324140172,strong
PT,PT,Lineage1,171,3.0224880058100076,9.54328847076539,strong
PT,PT,Lineage1,172,3.2478012184847205,9.427112181265553,strong
PT,PT,Lineage1,173,3.482635192195492,9.307524063805511,strong
PT,PT,Lineage1,174,3.7261983573151927,9.184940726550138,strong
PT,PT,Lineage1,175,3.977699144216717,9.059778777664286,strong
PT,PT,Lineage1,176,4.236345983272933,8.93245482531283,strong
PT,PT,Lineage1,177,4.501347304856738,8.803385477660619,strong
PT,PT,Lineage1,178,4.771911539340998,8.672987342872528,strong
PT,PT,Lineage1,179,5.04724711709861,8.541677029113409,strong
PT,PT,Lineage1,180,5.326562468502442,8.40987114454813,strong
PT,PT,Lineage1,181,5.60906602392539,8.27798629734155,strong
PT,PT,Lineage1,182,5.893966213740327,8.146439095658533,strong
PT,PT,Lineage1,183,6.18047146832013,8.015646147663947,strong
PT,PT,Lineage1,184,6.467790218037694,7.8860240615226465,strong
PT,PT,Lineage1,185,6.755130893265886,7.757989445399499,strong
PT,PT,Lineage1,186,7.041701924377605,7.631958907459361,strong
PT,PT,Lineage1,187,7.326711741745716,7.508349055867104,strong
PT,PT,Lineage1,188,7.609368775743115,7.38757649878758,strong
PT,PT,Lineage1,189,7.888881456742673,7.270057844385662,strong
PT,PT,Lineage1,190,8.164458215117282,7.156209700826205,strong
PT,PT,Lineage1,191,8.435307481239812,7.046448676274075,strong
PT,PT,Lineage1,192,8.700637685483159,6.941191378894132,strong
PT,PT,Lineage1,193,8.959657258220197,6.84085441685124,strong
PT,PT,Lineage1,194,9.211574629823799,6.745854398310263,strong
PT,PT,Lineage1,195,9.455598230666867,6.65660793143606,strong
PT,PT,Lineage1,196,9.690936491124692,6.573531624391486,strong
PT,PT,Lineage1,197,9.917012968338806,6.496864160129619,strong
PT,PT,Lineage1,198,10.134105940655605,6.426137306084089,strong
PT,PT,Lineage1,199,10.342705929970249,6.360707289105636,strong
PT,PT,Lineage1,200,10.543303458177878,6.299930336045,strong
PT,PT,Lineage1,201,10.736389047173665,6.243162673752923,strong
PT,PT,Lineage1,202,10.922453218852743,6.189760529080145,strong
PT,PT,Lineage1,203,11.101986495110284,6.1390801288774055,strong
PT,PT,Lineage1,204,11.275479397841433,6.090477699995449,strong
PT,PT,Lineage1,205,11.443422448941332,6.0433094692850124,strong
PT,PT,Lineage1,206,11.606306170305157,5.99693166359684,strong
PT,PT,Lineage1,207,11.76462108382804,5.950700509781671,strong
PT,PT,Lineage1,208,11.918857711405147,5.903972234690244,strong
PT,PT,Lineage1,209,12.069506574931628,5.856103065173303,strong
PT,PT,Lineage1,210,12.21705819630264,5.806449228081588,strong
PT,PT,Lineage1,211,12.362003097413325,5.754366950265838,strong
PT,PT,Lineage1,212,12.504831800158852,5.699212458576796,strong
PT,PT,Lineage1,213,12.646034826434358,5.6403419798652035,strong
PT,PT,Lineage1,214,12.78610269813501,5.577111740981797,strong
PT,PT,Lineage1,215,12.92552593715596,5.5088779687773215,strong
PT,PT,Lineage1,216,13.06479506539235,5.434996890102519,strong
PT,PT,Lineage1,217,13.204400604739343,5.354824731808124,strong
PT,PT,Lineage1,218,13.344833077092083,5.267717720744883,strong
PT,PT,Lineage1,219,13.486583004345741,5.173032083763533,strong
PT,PT,Lineage1,220,13.63014090839545,5.0701240477148195,strong
PT,PT,Lineage1,221,13.775997311136381,4.958349839449478,strong
PT,PT,Lineage1,222,13.924642734463673,4.837065685818255,strong
PT,PT,Lineage1,223,14.076567700272488,4.7056278136718825,strong
PT,PT,Lineage1,224,14.23226273045797,4.563392449861112,strong
PT,PT,Lineage1,225,14.39221834691529,4.409715821236676,strong
PT,PT,Lineage1,226,14.556903820925218,4.244016765416019,strong
PT,PT,Lineage1,227,14.726173900154338,4.067524693300441,strong
PT,PT,Lineage1,228,14.899189576090006,3.8835130322857054,strong
PT,PT,Lineage1,229,15.075074669997658,3.6953647245350494,strong
PT,PT,Lineage1,230,15.252953003142755,3.5064627122116896,strong
PT,PT,Lineage1,231,15.431948396790736,3.3201899374788657,strong
PT,PT,Lineage1,232,15.611184672207054,3.139929342499797,strong
PT,PT,Lineage1,233,15.789785650657164,2.9690638694377225,strong
PT,PT,Lineage1,234,15.96687515340651,2.81097646045586,strong
PT,PT,Lineage1,235,16.141577001720552,2.6690500577174436,strong
PT,PT,Lineage1,236,16.313015016864718,2.5466676033857043,strong
PT,PT,Lineage1,237,16.48031302010448,2.4472120396238655,strong
PT,PT,Lineage1,238,16.64259483270527,2.374066308595161,strong
PT,PT,Lineage1,239,16.79898427593255,2.330613352462814,strong
PT,PT,Lineage1,240,16.948605171051767,2.3202361133900578,strong
PT,PT,Lineage1,241,17.09058133932837,2.3463175335401187,strong
PT,PT,Lineage1,242,17.22403660202781,2.4122405550762247,strong
PT,PT,Lineage1,243,17.348094780415533,2.5213881201616073,strong
PT,PT,Lineage1,244,17.46187969575699,2.6771431709594897,strong
PT,PT,Lineage1,245,17.568067377115238,2.8634405397543263,strong
PT,PT,Lineage1,246,17.723682915399678,2.8191370203513677,strong
PT,PT,Lineage1,247,17.89014548192107,2.8807028253676057,strong
PT,PT,Lineage1,248,18.059459705610927,2.9972994419197327,strong
PT,PT,Lineage1,249,18.232119167552273,3.0526466369628906,strong
PT,PT,Lineage2,0,-3.8530968903226275,-4.646119283606067,strong
PT,PT,Lineage2,1,-3.8430374543833206,-4.523513356892309,strong
PT,PT,Lineage2,2,-3.8232663737230745,-4.403958470431226,strong
PT,PT,Lineage2,3,-3.7942487068862576,-4.287324729832793,strong
PT,PT,Lineage2,4,-3.756449512417241,-4.173482240706987,strong
PT,PT,Lineage2,5,-3.7103338488603916,-4.062301108663778,strong
PT,PT,Lineage2,6,-3.656366774760077,-3.9536514393131426,strong
PT,PT,Lineage2,7,-3.5950133486606672,-3.8474033382650514,strong
PT,PT,Lineage2,8,-3.5267386291065304,-3.7434269111294793,strong
PT,PT,Lineage2,9,-3.4520076746420303,-3.6415922635163978,strong
PT,PT,Lineage2,10,-3.3712855438115423,-3.5417695010357844,strong
PT,PT,Lineage2,11,-3.285037295159431,-3.443828729297611,strong
PT,PT,Lineage2,12,-3.193727987230066,-3.347640053911851,strong
PT,PT,Lineage2,13,-3.0978226785678133,-3.2530735804884765,strong
PT,PT,Lineage2,14,-2.997786427717044,-3.159999414637464,strong
PT,PT,Lineage2,15,-2.894084293222126,-3.0682876619687853,strong
PT,PT,Lineage2,16,-2.787181333627427,-2.977808428092415,strong
PT,PT,Lineage2,17,-2.6775426074773154,-2.8884318186183258,strong
PT,PT,Lineage2,18,-2.5656331733161593,-2.8000279391564913,strong
PT,PT,Lineage2,19,-2.4519180896883284,-2.712466895316886,strong
PT,PT,Lineage2,20,-2.3368624151381887,-2.6256187927094823,strong
PT,PT,Lineage2,21,-2.220931208210111,-2.5393537369442556,strong
PT,PT,Lineage2,22,-2.104589527448463,-2.4535418336311783,strong
PT,PT,Lineage2,23,-1.9883024313976123,-2.368053188380224,strong
PT,PT,Lineage2,24,-1.8725349786019276,-2.2827579068013657,strong
PT,PT,Lineage2,25,-1.7577522276057784,-2.197526094504579,strong
PT,PT,Lineage2,26,-1.6444192369535306,-2.112227857099835,strong
PT,PT,Lineage2,27,-1.533001065189555,-2.026733300197109,strong
PT,PT,Lineage2,28,-1.423962770858219,-1.9409125294063743,strong
PT,PT,Lineage2,29,-1.3177694125038906,-1.8546356503376047,strong
PT,PT,Lineage2,30,-1.2148860486709387,-1.767772768600773,strong
PT,PT,Lineage2,31,-1.1157777379037315,-1.680193989805853,strong
PT,PT,Lineage2,32,-1.0209095387466376,-1.5917694195628194,strong
PT,PT,Lineage2,33,-0.9307465097440254,-1.502369163481645,strong
PT,PT,Lineage2,34,-0.8457537094402628,-1.4118633271723033,strong
PT,PT,Lineage2,35,-0.7663961963797181,-1.3201220162447673,strong
PT,PT,Lineage2,36,-0.6931390291067604,-1.2270153363090122,strong
PT,PT,Lineage2,37,-0.6264472661657575,-1.1324133929750109,strong
PT,PT,Lineage2,38,-0.566785966101078,-1.0361862918527365,strong
PT,PT,Lineage2,39,-0.5146201874570903,-0.9382041385521633,strong
PT,PT,Lineage2,40,-0.4704149887781623,-0.8383370386832638,strong
PT,PT,Lineage2,41,-0.4346354286086631,-0.736455097856013,strong
PT,PT,Lineage2,42,-0.4077465654929606,-0.632428421680384,strong
PT,PT,Lineage2,43,-0.39021345797542334,-0.5261271157663506,strong
PT,PT,Lineage2,44,-0.3825011646004197,-0.41742128572388565,strong
PT,PT,Lineage2,45,-0.3850747439123178,-0.30618103716296374,strong
PT,PT,Lineage2,46,-0.3982104515470496,-0.19236323744913897,strong
PT,PT,Lineage2,47,-0.42115011017310783,-0.07640011325800371,strong
PT,PT,Lineage2,48,-0.45278308808279444,0.04111414321909803,strong
PT,PT,Lineage2,49,-0.49199845624543015,0.15958520316017272,strong
PT,PT,Lineage2,50,-0.5376852856303356,0.2784187377432268,strong
PT,PT,Lineage2,51,-0.588732647206832,0.39702041814626776,strong
PT,PT,Lineage2,52,-0.64402961194424,0.5147959155473008,strong
PT,PT,Lineage2,53,-0.7024675248704434,0.6311530576055523,strong
PT,PT,Lineage2,54,-0.7631887750687305,0.7457377361178552,strong
PT,PT,Lineage2,55,-0.8258108551502356,0.8586463817772875,strong
PT,PT,Lineage2,56,-0.8900041442408716,0.970025577360838,strong
PT,PT,Lineage2,57,-0.9554390214665522,1.0800219056454956,strong
PT,PT,Lineage2,58,-1.021785865953189,1.1887819494082472,strong
PT,PT,Lineage2,59,-1.088715056826696,1.2964522914260819,strong
PT,PT,Lineage2,60,-1.1558969732129851,1.403179514475988,strong
PT,PT,Lineage2,61,-1.2230019942379702,1.509110201334954,strong
PT,PT,Lineage2,62,-1.2897004990275642,1.614390934779969,strong
PT,PT,Lineage2,63,-1.3556628667076789,1.7191682975880196,strong
PT,PT,Lineage2,64,-1.420559476404228,1.8235888725360951,strong
PT,PT,Lineage2,65,-1.484060707243124,1.9277992424011836,strong
PT,PT,Lineage2,66,-1.5458369383502806,2.0319459899602745,strong
PT,PT,Lineage2,67,-1.6055585488516102,2.136175697990355,strong
PT,PT,Lineage2,68,-1.6628959178730254,2.240634949268414,strong
PT,PT,Lineage2,69,-1.7175194245404397,2.34547032657144,strong
PT,PT,Lineage2,70,-1.7690994479797666,2.4508284126764224,strong
PT,PT,Lineage2,71,-1.8173063764810666,2.5568557924426307,strong
PT,PT,Lineage2,72,-1.8619119630979564,2.6637220828984978,strong
PT,PT,Lineage2,73,-1.9030402315217034,2.7716769442416167,strong
PT,PT,Lineage2,74,-1.9408916810049686,2.8809874134976283,strong
PT,PT,Lineage2,75,-1.975666810800411,2.991920527692174,strong
PT,PT,Lineage2,76,-2.007566120160691,3.1047433238508946,strong
PT,PT,Lineage2,77,-2.036790108338469,3.2197228389994326,strong
PT,PT,Lineage2,78,-2.0635392745864056,3.3371261101634286,strong
PT,PT,Lineage2,79,-2.0880141181571603,3.4572201743685254,strong
PT,PT,Lineage2,80,-2.1104151383033924,3.5802720686403635,strong
PT,PT,Lineage2,81,-2.1309428342777634,3.7065488300045843,strong
PT,PT,Lineage2,82,-2.149797705332933,3.8363174954868278,strong
PT,PT,Lineage2,83,-2.1671802507215605,3.9698451021127377,strong
PT,PT,Lineage2,84,-2.1832909696963068,4.107398686907954,strong
PT,PT,Lineage2,85,-2.198330205158235,4.249244952671515,strong
PT,PT,Lineage2,86,-2.2123198619330204,4.39526916221015,strong
PT,PT,Lineage2,87,-2.224760371942194,4.544241846398441,strong
PT,PT,Lineage2,88,-2.235057413390839,4.6947309848516925,strong
PT,PT,Lineage2,89,-2.24261666448404,4.84530455718521,strong
PT,PT,Lineage2,90,-2.2468438034268807,4.994530543014294,strong
PT,PT,Lineage2,91,-2.247144508424443,5.1409769219542545,strong
PT,PT,Lineage2,92,-2.2429244576818106,5.2832116736203885,strong
PT,PT,Lineage2,93,-2.233589329404068,5.419802777628002,strong
PT,PT,Lineage2,94,-2.218544801796298,5.549318213592402,strong
PT,PT,Lineage2,95,-2.1971965530635824,5.670325961128886,strong
PT,PT,Lineage2,96,-2.1689502614110086,5.781393999852766,strong
PT,PT,Lineage2,97,-2.133211605043656,5.88109030937934,strong
PT,PT,Lineage2,98,-2.0893862621666095,5.967982869323913,strong
PT,PT,Lineage2,99,-2.0368799109849527,6.040639659301791,strong
PT,PT,Lineage2,100,-1.975098229703769,6.097628658928277,strong
PT,PT,Lineage2,101,-1.9035996427699327,6.137844083337443,strong
PT,PT,Lineage2,102,-1.8228021718763416,6.1620160759991585,strong
PT,PT,Lineage2,103,-1.733424291630557,6.171516487906372,strong
PT,PT,Lineage2,104,-1.6361847921403527,6.167717843897597,strong
PT,PT,Lineage2,105,-1.531802463513504,6.151992668811341,strong
PT,PT,Lineage2,106,-1.4209960958577852,6.125713487486112,strong
PT,PT,Lineage2,107,-1.3044844792809727,6.090252824760427,strong
PT,PT,Lineage2,108,-1.1829864038908415,6.04698320547279,strong
PT,PT,Lineage2,109,-1.0572206597951663,5.997277154461713,strong
PT,PT,Lineage2,110,-0.9279060371017225,5.942507196565708,strong
PT,PT,Lineage2,111,-0.7957613259182851,5.884045856623281,strong
PT,PT,Lineage2,112,-0.6615053163526294,5.823265659472946,strong
PT,PT,Lineage2,113,-0.525856798512529,5.761539129953212,strong
PT,PT,Lineage2,114,-0.3895345625057625,5.700238792902589,strong
PT,PT,Lineage2,115,-0.2532573984401032,5.640737173159587,strong
PT,PT,Lineage2,116,-0.1177440964233263,5.584406795562716,strong
PT,PT,Lineage2,117,0.016286553436792785,5.5326201849504875,strong
PT,PT,Lineage2,118,0.14811576103247914,5.486749866161411,strong
PT,PT,Lineage2,119,0.2770252110500574,5.448170223916837,strong
PT,PT,Lineage2,120,0.4025225637153056,5.419140843551167,strong
PT,PT,Lineage2,121,0.5247023976961686,5.404220411292972,strong
PT,PT,Lineage2,122,0.6437538185250273,5.408329561356006,strong
PT,PT,Lineage2,123,0.7600657223207887,5.433638214508525,strong
PT,PT,Lineage2,124,0.8745362030239858,5.4753056644479825,strong
PT,PT,Lineage2,125,0.9881432954309717,5.527390580509243,strong
PT,PT,Lineage2,126,1.101865034338105,5.583951632027174,strong
PT,PT,Lineage2,127,1.2166794545417323,5.6390474883366375,strong
PT,PT,Lineage2,128,1.333564575196629,5.686736900054912,strong
PT,PT,Lineage2,129,1.4531832775142288,5.7227162504149085,strong
PT,PT,Lineage2,130,1.5750740036628446,5.7485251354085545,strong
PT,PT,Lineage2,131,1.69852451021338,5.767005853286552,strong
PT,PT,Lineage2,132,1.8228225537367257,5.7810007022996075,strong
PT,PT,Lineage2,133,1.9472558908037876,5.793351980698425,strong
PT,PT,Lineage2,134,2.071112277985455,5.806901986733707,strong
PT,PT,Lineage2,135,2.1936794718526325,5.8244930186561605,strong
PT,PT,Lineage2,136,2.314245228976212,5.848967374716485,strong
PT,PT,Lineage2,137,2.4320973059270963,5.88316735316539,strong
PT,PT,Lineage2,138,2.546523385099597,5.929935083783476,strong
PT,PT,Lineage2,139,2.656418707012969,5.991221381037161,strong
PT,PT,Lineage2,140,2.759369829425743,6.066004774679782,strong
PT,PT,Lineage2,141,2.8526908505662965,6.152644983458125,strong
PT,PT,Lineage2,142,2.933695868663011,6.249501726118977,strong
PT,PT,Lineage2,143,2.999698981944262,6.354934721409119,strong
PT,PT,Lineage2,144,3.04828678941405,6.467327290563366,strong
PT,PT,Lineage2,145,3.0797838626675524,6.585299902637995,strong
PT,PT,Lineage2,146,3.0960964392623316,6.707610021719296,strong
PT,PT,Lineage2,147,3.099149934862324,6.833016772993507,strong
PT,PT,Lineage2,148,3.0908697651314716,6.960279281646878,strong
PT,PT,Lineage2,149,3.0731813457337114,7.088156672865643,strong
PT,PT,Lineage2,150,3.0480100923329814,7.215408071836049,strong
PT,PT,Lineage2,151,3.0172814205932204,7.340792603744338,strong
PT,PT,Lineage2,152,2.9827810974999878,7.463211132759028,strong
PT,PT,Lineage2,153,2.9452118224770403,7.5826638022951975,strong
PT,PT,Lineage2,154,2.904770170406488,7.699664456135671,strong
PT,PT,Lineage2,155,2.861649850305028,7.814729846825841,strong
PT,PT,Lineage2,156,2.81604457118936,7.928376726911092,strong
PT,PT,Lineage2,157,2.7681480420761777,8.041121848936813,strong
PT,PT,Lineage2,158,2.718153971982184,8.153481965448385,strong
PT,PT,Lineage2,159,2.666256069924071,8.265973828991202,strong
PT,PT,Lineage2,160,2.6126480417029825,8.379114185583127,strong
PT,PT,Lineage2,161,2.5573463912592724,8.493060064921899,strong
PT,PT,Lineage2,162,2.4997138946628175,8.606641441882653,strong
PT,PT,Lineage2,163,2.4389626112149334,8.718382339240867,strong
PT,PT,Lineage2,164,2.374304600216929,8.826806779772015,strong
PT,PT,Lineage2,165,2.3049519209701197,8.93043878625158,strong
PT,PT,Lineage2,166,2.2301166327758146,9.027802381455036,strong
PT,PT,Lineage2,167,2.149010794935329,9.117421588157859,strong
PT,PT,Lineage2,168,2.0608513111133666,9.197828056749298,strong
PT,PT,Lineage2,169,1.9653657748530744,9.268357536079002,strong
PT,PT,Lineage2,170,1.8632354083820022,9.329847295565807,strong
PT,PT,Lineage2,171,1.7552458493422256,9.383299010224977,strong
PT,PT,Lineage2,172,1.6421827353758194,9.429714355071766,strong
PT,PT,Lineage2,173,1.52483170412485,9.470095005121447,strong
PT,PT,Lineage2,174,1.4039783932313963,9.505442635389276,strong
PT,PT,Lineage2,175,1.280408440337524,9.536758920890518,strong
PT,PT,Lineage2,176,1.1549074830853123,9.565045536640438,strong
PT,PT,Lineage2,177,1.0282611591168267,9.591304157654298,strong
PT,PT,Lineage2,178,0.9012551060741463,9.616536458947358,strong
PT,PT,Lineage2,179,0.7746749615993361,9.641744115534882,strong
PT,PT,Lineage2,180,0.6493063633344761,9.667928802432135,strong
PT,PT,Lineage2,181,0.5259349489216315,9.696092194654382,strong
PT,PT,Lineage2,182,0.4053463560028781,9.72723596721688,strong
PT,PT,Lineage2,183,0.28832622222029136,9.762361795134893,strong
PT,PT,Lineage2,184,0.17520174711688694,9.802044588827059,strong
PT,PT,Lineage2,185,0.0625999740886493,9.84341474646745,strong
PT,PT,Lineage2,186,-0.05464095320365761,9.881937361632893,strong
PT,PT,Lineage2,187,-0.18169453495084814,9.913066688522685,strong
PT,PT,Lineage2,188,-0.322250332084327,9.933370103152876,strong
PT,PT,Lineage2,189,-0.4730502190672331,9.944626530014066,strong
PT,PT,Lineage2,190,-0.6288044695265249,9.95013882336644,strong
PT,PT,Lineage2,191,-0.7842231063477872,9.953210025554494,strong
PT,PT,Lineage2,192,-0.9340161524166222,9.957143178922712,strong
PT,PT,Lineage2,193,-1.0728936306186183,9.965241325815585,strong
PT,PT,Lineage2,194,-1.1955655638393656,9.980807508577602,strong
PT,PT,Lineage2,195,-1.2967419749644644,10.007144769553252,strong
PT,PT,Lineage2,196,-1.3711328868795023,10.047556151087024,strong
PT,PT,Lineage2,197,-1.4134483224700771,10.10534469552341,strong
PT,PT,Lineage2,198,-1.4200764186756947,10.182992561485428,strong
PT,PT,Lineage2,199,-1.3963788541288875,10.278592316624938,strong
PT,PT,Lineage2,200,-1.350704396064822,10.388775333269942,strong
PT,PT,Lineage2,201,-1.2914038393764542,10.510171991878272,strong
PT,PT,Lineage2,202,-1.2268279789567467,10.639412672907758,strong
PT,PT,Lineage2,203,-1.165327609698655,10.77312775681623,strong
PT,PT,Lineage2,204,-1.1152535264951409,10.907947624061526,strong
PT,PT,Lineage2,205,-1.0840956230089995,11.040786048416273,strong
PT,PT,Lineage2,206,-1.0725779014508787,11.170784014323843,strong
PT,PT,Lineage2,207,-1.0782265438092717,11.298135171552207,strong
PT,PT,Lineage2,208,-1.0985487460990406,11.423039419712914,strong
PT,PT,Lineage2,209,-1.1310517043350448,11.545696658417478,strong
PT,PT,Lineage2,210,-1.1732426145321475,11.666306787277456,strong
PT,PT,Lineage2,211,-1.2226286727052078,11.785069705904364,strong
PT,PT,Lineage2,212,-1.276717074869089,11.90218531390975,strong
PT,PT,Lineage2,213,-1.3330150170386497,12.017853510905136,strong
PT,PT,Lineage2,214,-1.3890296952287544,12.132274196502069,strong
PT,PT,Lineage2,215,-1.4422683054542618,12.245647270312073,strong
PT,PT,Lineage2,216,-1.490238043730033,12.358172631946688,strong
PT,PT,Lineage2,217,-1.5304461060709307,12.470050181017447,strong
PT,PT,Lineage2,218,-1.5603996884918137,12.581479817135879,strong
PT,PT,Lineage2,219,-1.5780331023915175,12.694466990818274,strong
PT,PT,Lineage2,220,-1.5832909043589776,12.819515090510482,strong
PT,PT,Lineage2,221,-1.576834766319668,12.968923265233235,strong
PT,PT,Lineage2,222,-1.5616784982519367,13.141910375286367,strong
PT,PT,Lineage2,223,-1.5429171424876476,13.326120811170338,strong
PT,PT,Lineage2,224,-1.5257175609606402,13.50879954915749,strong
PT,PT,Lineage2,225,-1.515246615604747,13.677191565520163,strong
PT,PT,Lineage2,226,-1.516671168353806,13.818541836530688,strong
PT,PT,Lineage2,227,-1.5351580811416523,13.920095338461405,strong
PT,PT,Lineage2,228,-1.5758742159021226,13.969097047584656,strong
PT,PT,Lineage2,229,-1.6439864345690511,13.952791940172776,strong
PT,PT,Lineage2,230,-1.7396158785306828,13.872219287163567,strong
PT,PT,Lineage2,231,-1.8374313233442976,13.798001569867413,strong
PT,PT,Lineage2,232,-1.9099580166892594,13.806202155568498,strong
PT,PT,Lineage2,233,-1.9579529789060321,13.89368411032361,strong
PT,PT,Lineage2,234,-1.990660697045796,14.033500159050977,strong
PT,PT,Lineage2,235,-2.0173273241178697,14.19869835306795,strong
PT,PT,Lineage2,236,-2.0471990131315745,14.36232674369189,strong
PT,PT,Lineage2,237,-2.0874133235496237,14.500209324895847,strong
PT,PT,Lineage2,238,-2.123537646205953,14.616567005403477,strong
PT,PT,Lineage2,239,-2.128534397272148,14.732239127596143,strong
PT,PT,Lineage2,240,-2.0908327160526095,14.859984750244909,strong
PT,PT,Lineage2,241,-2.0398840061040175,14.990798396827994,strong
PT,PT,Lineage2,242,-2.011790062214581,15.112146197710535,strong
PT,PT,Lineage2,243,-2.042561393122944,15.211541431985241,strong
PT,PT,Lineage2,244,-2.1363462437893883,15.292954057521962,strong
PT,PT,Lineage2,245,-2.2250023477024765,15.39556739135684,strong
PT,PT,Lineage2,246,-2.278523549510793,15.521808583512438,strong
PT,PT,Lineage2,247,-2.2909814769191548,15.653456503444016,strong
PT,PT,Lineage2,248,-2.2566018182728365,15.772157903487852,strong
PT,PT,Lineage2,249,-2.1696102619171143,15.859559535980225,strong
PT,PT,Lineage3,0,-3.858753137440476,-4.656102065209808,strong
PT,PT,Lineage3,1,-3.824254945923333,-4.535203392161996,strong
PT,PT,Lineage3,2,-3.7822298001652017,-4.416865206778869,strong
PT,PT,Lineage3,3,-3.733077235676902,-4.300952490174591,strong
PT,PT,Lineage3,4,-3.6771967879692595,-4.187330223463335,strong
PT,PT,Lineage3,5,-3.614987992553096,-4.0758633877592665,strong
PT,PT,Lineage3,6,-3.546850384939231,-3.9664169641765485,strong
PT,PT,Lineage3,7,-3.4731835006384877,-3.858855933829351,strong
PT,PT,Lineage3,8,-3.394386875161685,-3.753045277831837,strong
PT,PT,Lineage3,9,-3.310860044019651,-3.64884997729818,strong
PT,PT,Lineage3,10,-3.223002542723203,-3.546135013342543,strong
PT,PT,Lineage3,11,-3.131213906783164,-3.444765367079093,strong
PT,PT,Lineage3,12,-3.035893671710357,-3.344606019621999,strong
PT,PT,Lineage3,13,-2.9374413730156013,-3.2455219520854244,strong
PT,PT,Lineage3,14,-2.8362565462097216,-3.147378145583539,strong
PT,PT,Lineage3,15,-2.7327387268035377,-3.0500395812305077,strong
PT,PT,Lineage3,16,-2.6272874503078727,-2.9533712401404997,strong
PT,PT,Lineage3,17,-2.520302252233549,-2.8572381034276813,strong
PT,PT,Lineage3,18,-2.412182668091387,-2.761505152206218,strong
PT,PT,Lineage3,19,-2.3033282333922105,-2.666037367590278,strong
PT,PT,Lineage3,20,-2.1941384836468396,-2.570699730694028,strong
PT,PT,Lineage3,21,-2.085012954366097,-2.475357222631635,strong
PT,PT,Lineage3,22,-1.976351181060805,-2.3798748245172656,strong
PT,PT,Lineage3,23,-1.8685526992417845,-2.2841175174650874,strong
PT,PT,Lineage3,24,-1.7620170444198582,-2.1879502825892665,strong
PT,PT,Lineage3,25,-1.6571437521058483,-2.0912381010039707,strong
PT,PT,Lineage3,26,-1.5543323578105759,-1.993845953823366,strong
PT,PT,Lineage3,27,-1.4539823970448633,-1.8956388221616203,strong
PT,PT,Lineage3,28,-1.356493405319533,-1.7964816871329001,strong
PT,PT,Lineage3,29,-1.262264918145405,-1.6962395298513715,strong
PT,PT,Lineage3,30,-1.1716964710333038,-1.5947773314312033,strong
PT,PT,Lineage3,31,-1.0851875994940494,-1.4919600729865607,strong
PT,PT,Lineage3,32,-1.0031378390384649,-1.3876527356316122,strong
PT,PT,Lineage3,33,-0.9259467251773715,-1.2817203004805235,strong
PT,PT,Lineage3,34,-0.8540137934215913,-1.174027748647462,strong
PT,PT,Lineage3,35,-0.7877385792819459,-1.0644400612465938,strong
PT,PT,Lineage3,36,-0.7275206182692581,-0.9528222193920874,strong
PT,PT,Lineage3,37,-0.6737594458943491,-0.8390392041981094,strong
PT,PT,Lineage3,38,-0.626854597668041,-0.7229559967788257,strong
PT,PT,Lineage3,39,-0.5872056091011556,-0.6044375782484043,strong
PT,PT,Lineage3,40,-0.555212015704515,-0.4833489297210105,strong
PT,PT,Lineage3,41,-0.5312733529889412,-0.3595550323108134,strong
PT,PT,Lineage3,42,-0.5157891564652558,-0.23292086713197926,strong
PT,PT,Lineage3,43,-0.5091215916313073,-0.10342166415908569,strong
PT,PT,Lineage3,44,-0.511351253481346,0.028136658477817614,strong
PT,PT,Lineage3,45,-0.522430398778626,0.16056955972113404,strong
PT,PT,Lineage3,46,-0.5423106316729595,0.2926905731757445,strong
PT,PT,Lineage3,47,-0.5709435563141587,0.4233132324465282,strong
PT,PT,Lineage3,48,-0.6082453315214001,0.5513120462222317,strong
PT,PT,Lineage3,49,-0.6536669546970169,0.6763617204501408,strong
PT,PT,Lineage3,50,-0.7063320101777503,0.7987001957483657,strong
PT,PT,Lineage3,51,-0.7653572560491151,0.9185771556425781,strong
PT,PT,Lineage3,52,-0.829859450396624,1.0362422836584464,strong
PT,PT,Lineage3,53,-0.8989553513057915,1.1519452633216423,strong
PT,PT,Lineage3,54,-0.9717617168621315,1.2659357781578362,strong
PT,PT,Lineage3,55,-1.0473953051511582,1.3784635116926984,strong
PT,PT,Lineage3,56,-1.1249728742583853,1.4897781474518998,strong
PT,PT,Lineage3,57,-1.2036111822693272,1.6001293689611102,strong
PT,PT,Lineage3,58,-1.282426987269497,1.7097668597460007,strong
PT,PT,Lineage3,59,-1.360537047344409,1.8189403033322407,strong
PT,PT,Lineage3,60,-1.4370581205795774,1.9278993832455018,strong
PT,PT,Lineage3,61,-1.5111069650605167,2.036893783011455,strong
PT,PT,Lineage3,62,-1.5818003388727395,2.146173186155769,strong
PT,PT,Lineage3,63,-1.64825500010176,2.255987276204115,strong
PT,PT,Lineage3,64,-1.709587706833093,2.366585736682164,strong
PT,PT,Lineage3,65,-1.7649152171522517,2.4782182511155857,strong
PT,PT,Lineage3,66,-1.8134219617971454,2.5911367724122534,strong
PT,PT,Lineage3,67,-1.855268767968333,2.70562599664403,strong
PT,PT,Lineage3,68,-1.8913500065884064,2.8219952190525857,strong
PT,PT,Lineage3,69,-1.9225779020260625,2.9405543335895774,strong
PT,PT,Lineage3,70,-1.9498646786499993,3.0616132342066633,strong
PT,PT,Lineage3,71,-1.974122560828914,3.1854818148554997,strong
PT,PT,Lineage3,72,-1.9962637729315034,3.312469969487743,strong
PT,PT,Lineage3,73,-2.017200539326465,3.442887592055052,strong
PT,PT,Lineage3,74,-2.037845084382496,3.577044576509082,strong
PT,PT,Lineage3,75,-2.0591096324682945,3.7152508168014924,strong
PT,PT,Lineage3,76,-2.081906407952556,3.85781620688394,strong
PT,PT,Lineage3,77,-2.1071476352039795,4.005050640708081,strong
PT,PT,Lineage3,78,-2.1357280830495533,4.157248613640059,strong
PT,PT,Lineage3,79,-2.1677427580727158,4.31399910256344,strong
PT,PT,Lineage3,80,-2.2021716425241795,4.4739074541871995,strong
PT,PT,Lineage3,81,-2.237912019774489,4.635506061553236,strong
PT,PT,Lineage3,82,-2.27386117319419,4.797327317703459,strong
PT,PT,Lineage3,83,-2.3089163861538284,4.957903615679777,strong
PT,PT,Lineage3,84,-2.3419749420239495,5.115767348524097,strong
PT,PT,Lineage3,85,-2.3719341241750986,5.269450909278322,strong
PT,PT,Lineage3,86,-2.3976912159778228,5.417486690984363,strong
PT,PT,Lineage3,87,-2.4181435008026644,5.558407086684122,strong
PT,PT,Lineage3,88,-2.432188262020172,5.690744489419511,strong
PT,PT,Lineage3,89,-2.438722783000889,5.8130312922324325,strong
PT,PT,Lineage3,90,-2.436644347115362,5.923799888164796,strong
PT,PT,Lineage3,91,-2.424850237734136,6.021582670258506,strong
PT,PT,Lineage3,92,-2.402237738227757,6.104912031555473,strong
PT,PT,Lineage3,93,-2.3677041319667707,6.172320365097597,strong
PT,PT,Lineage3,94,-2.320155938039816,6.222353332476828,strong
PT,PT,Lineage3,95,-2.259211236183911,6.254578863177213,strong
PT,PT,Lineage3,96,-2.1856925524443755,6.270295261727495,strong
PT,PT,Lineage3,97,-2.100538868889549,6.270968139903442,strong
PT,PT,Lineage3,98,-2.004689167587767,6.258063109480828,strong
PT,PT,Lineage3,99,-1.8990824306073673,6.233045782235416,strong
PT,PT,Lineage3,100,-1.7846576400166871,6.197381769942977,strong
PT,PT,Lineage3,101,-1.6623537778840654,6.152536684379283,strong
PT,PT,Lineage3,102,-1.5331098262778355,6.0999761373201,strong
PT,PT,Lineage3,103,-1.3978647672663402,6.041165740541199,strong
PT,PT,Lineage3,104,-1.257557582917914,5.977571105818348,strong
PT,PT,Lineage3,105,-1.1131272553008946,5.910657844927318,strong
PT,PT,Lineage3,106,-0.9655127664836197,5.841891569643877,strong
PT,PT,Lineage3,107,-0.8156530985344267,5.772737891743794,strong
PT,PT,Lineage3,108,-0.6644872335216526,5.704662423002839,strong
PT,PT,Lineage3,109,-0.5129541535136352,5.63913077519678,strong
PT,PT,Lineage3,110,-0.3619928405787116,5.577608560101387,strong
PT,PT,Lineage3,111,-0.2125422767852194,5.521561389492429,strong
PT,PT,Lineage3,112,-0.06554144420149588,5.472454875145675,strong
PT,PT,Lineage3,113,0.07807067510412338,5.431754628836893,strong
PT,PT,Lineage3,114,0.21735538128187093,5.400926103846638,strong
PT,PT,Lineage3,115,0.351939123014282,5.381117363499186,strong
PT,PT,Lineage3,116,0.4831974665204683,5.372494158847425,strong
PT,PT,Lineage3,117,0.6128433324081526,5.3750327812030765,strong
PT,PT,Lineage3,118,0.7424737363855716,5.388661770347439,strong
PT,PT,Lineage3,119,0.8721486832808815,5.412676434661591,strong
PT,PT,Lineage3,120,1.0008383994792776,5.445923105919916,strong
PT,PT,Lineage3,121,1.1274899816653365,5.487238586717214,strong
PT,PT,Lineage3,122,1.2510505265236351,5.535459679648282,strong
PT,PT,Lineage3,123,1.3707757854902944,5.589402267102115,strong
PT,PT,Lineage3,124,1.4873472726379073,5.647785595185161,strong
PT,PT,Lineage3,125,1.6018579028920408,5.709301025804879,strong
PT,PT,Lineage3,126,1.71540063052789,5.772639918201665,strong
PT,PT,Lineage3,127,1.8290684098206396,5.836493631615907,strong
PT,PT,Lineage3,128,1.9439541950454866,5.899553525288007,strong
PT,PT,Lineage3,129,2.061150940477619,5.960510958458354,strong
PT,PT,Lineage3,130,2.1817516003922237,6.0180572903673415,strong
PT,PT,Lineage3,131,2.3068491290644983,6.070883880255365,strong
PT,PT,Lineage3,132,2.4374535075172754,6.1177606359242,strong
PT,PT,Lineage3,133,2.571297243945844,6.160560161144356,strong
PT,PT,Lineage3,134,2.701825030007525,6.205214221054538,strong
PT,PT,Lineage3,135,2.822191930734976,6.2579287625817095,strong
PT,PT,Lineage3,136,2.92555301116084,6.324909732652834,strong
PT,PT,Lineage3,137,3.005591411104017,6.411787796288011,strong
PT,PT,Lineage3,138,3.061401948951406,6.5182981642135776,strong
PT,PT,Lineage3,139,3.095253951023007,6.640717754836874,strong
PT,PT,Lineage3,140,3.1094570779310167,6.775279546598535,strong
PT,PT,Lineage3,141,3.106320990287629,6.918216517939175,strong
PT,PT,Lineage3,142,3.0881553487050404,7.065761647299434,strong
PT,PT,Lineage3,143,3.057269813795448,7.2141479131199295,strong
PT,PT,Lineage3,144,3.0159740461710465,7.359608293841297,strong
PT,PT,Lineage3,145,2.9664948674853453,7.498492545347564,strong
PT,PT,Lineage3,146,2.909732296731873,7.6290208070354755,strong
PT,PT,Lineage3,147,2.8455184092580907,7.750918690252013,strong
PT,PT,Lineage3,148,2.7736549789379574,7.863954522098478,strong
PT,PT,Lineage3,149,2.6939437796454353,7.967896629676155,strong
PT,PT,Lineage3,150,2.606186585254483,8.06251334008635,strong
PT,PT,Lineage3,151,2.5101851696390627,8.147572980430354,strong
PT,PT,Lineage3,152,2.40574654640278,8.222850407049544,strong
PT,PT,Lineage3,153,2.2935717919264498,8.289234570126974,strong
PT,PT,Lineage3,154,2.1762595546905237,8.3499789891401,strong
PT,PT,Lineage3,155,2.056650818322368,8.408639157993344,strong
PT,PT,Lineage3,156,1.9375865664493621,8.468770570591118,strong
PT,PT,Lineage3,157,1.821907782698873,8.533928720837844,strong
PT,PT,Lineage3,158,1.7124554506982814,8.607669102637942,strong
PT,PT,Lineage3,159,1.6119963141773614,8.693448773621965,strong
PT,PT,Lineage3,160,1.5212516844965294,8.792012708734454,strong
PT,PT,Lineage3,161,1.4386899853160955,8.901118730757632,strong
PT,PT,Lineage3,162,1.362663787913814,9.01837105131281,strong
PT,PT,Lineage3,163,1.2915256635674477,9.141373882021295,strong
PT,PT,Lineage3,164,1.2236281835547513,9.267731434504398,strong
PT,PT,Lineage3,165,1.157323919153487,9.39504792038342,strong
PT,PT,Lineage3,166,1.0909654416414092,9.520927551279671,strong
PT,PT,Lineage3,167,1.0229053222962803,9.642974538814457,strong
PT,PT,Lineage3,168,0.9514961323958548,9.758793094609088,strong
PT,PT,Lineage3,169,0.8750904432178955,9.865987430284868,strong
PT,PT,Lineage3,170,0.792040826040156,9.962161757463107,strong
PT,PT,Lineage3,171,0.7006998521403969,10.044920287765109,strong
PT,PT,Lineage3,172,0.5994200927963798,10.111867232812179,strong
PT,PT,Lineage3,173,0.48655411928585707,10.160606804225631,strong
PT,PT,Lineage3,174,0.3612457822712899,10.189884966663895,strong
PT,PT,Lineage3,175,0.22651452247176201,10.204039852107599,strong
PT,PT,Lineage3,176,0.08656444733236149,10.209118972130145,strong
PT,PT,Lineage3,177,-0.05440003805861465,10.21117026778037,strong
PT,PT,Lineage3,178,-0.1921745286128542,10.2162416801071,strong
PT,PT,Lineage3,179,-0.32255461924206047,10.230381150159173,strong
PT,PT,Lineage3,180,-0.4413359048579219,10.259636618985423,strong
PT,PT,Lineage3,181,-0.5444311804109514,10.309887740035691,strong
PT,PT,Lineage3,182,-0.6306923323723388,10.382793923658888,strong
PT,PT,Lineage3,183,-0.7020523343364661,10.475590445540695,strong
PT,PT,Lineage3,184,-0.7605897788768896,10.585303486996024,strong
PT,PT,Lineage3,185,-0.8083832585671576,10.708959229339762,strong
PT,PT,Lineage3,186,-0.8475113659808252,10.843583853886827,strong
PT,PT,Lineage3,187,-0.8800526936914423,10.986203541952111,strong
PT,PT,Lineage3,188,-0.9080858342725625,11.133844474850525,strong
PT,PT,Lineage3,189,-0.9336893802977365,11.28353283389696,strong
PT,PT,Lineage3,190,-0.958941924340518,11.43229480040633,strong
PT,PT,Lineage3,191,-0.985921265875271,11.577157388432695,strong
PT,PT,Lineage3,192,-1.015807943063911,11.7160897194629,strong
PT,PT,Lineage3,193,-1.0471629091276733,11.84981142969911,strong
PT,PT,Lineage3,194,-1.0780716223425881,11.979541416055957,strong
PT,PT,Lineage3,195,-1.1066195409846877,12.106498575448061,strong
PT,PT,Lineage3,196,-1.130892123330003,12.231901804790057,strong
PT,PT,Lineage3,197,-1.1489748276545662,12.356970000996574,strong
PT,PT,Lineage3,198,-1.1589531122344081,12.482922060982244,strong
PT,PT,Lineage3,199,-1.159628813558986,12.61075651354434,strong
PT,PT,Lineage3,200,-1.1530609498018327,12.740469932113358,strong
PT,PT,Lineage3,201,-1.1422337761275119,12.871774274074824,strong
PT,PT,Lineage3,202,-1.1301316110886463,13.00438147731518,strong
PT,PT,Lineage3,203,-1.1197387732378579,13.138003479720876,strong
PT,PT,Lineage3,204,-1.1140395811277684,13.27235221917836,strong
PT,PT,Lineage3,205,-1.1154095785029654,13.407127352962853,strong
PT,PT,Lineage3,206,-1.1222139031666871,13.54194763776765,strong
PT,PT,Lineage3,207,-1.1311951312117756,13.676399098889647,strong
PT,PT,Lineage3,208,-1.1390912663666743,13.81006766938896,strong
PT,PT,Lineage3,209,-1.1426403123598246,13.9425392823257,strong
PT,PT,Lineage3,210,-1.1385802729196688,14.073399870759985,strong
PT,PT,Lineage3,211,-1.12364915177465,14.202235367751934,strong
PT,PT,Lineage3,212,-1.0945849526532092,14.328631706361648,strong
PT,PT,Lineage3,213,-1.0485957410607705,14.45195231748087,strong
PT,PT,Lineage3,214,-0.9857098520728376,14.570225666842516,strong
PT,PT,Lineage3,215,-0.9070026306360172,14.680984621562375,strong
PT,PT,Lineage3,216,-0.8135511525460543,14.781761229464585,strong
PT,PT,Lineage3,217,-0.7064324935986864,14.87008753837331,strong
PT,PT,Lineage3,218,-0.586723729589662,14.94349559611268,strong
PT,PT,Lineage3,219,-0.4555019363147165,14.999517450506843,strong
PT,PT,Lineage3,220,-0.31384418956960003,15.03568514937995,strong
PT,PT,Lineage3,221,-0.1639382675904028,15.049614323987534,strong
PT,PT,Lineage3,222,-0.014842839725810818,15.039437659149657,strong
PT,PT,Lineage3,223,0.1217591600000994,15.003485322863213,strong
PT,PT,Lineage3,224,0.23417955771337529,14.940087877438303,strong
PT,PT,Lineage3,225,0.3107545776187566,14.847586819768456,strong
PT,PT,Lineage3,226,0.3483652415436659,14.728153202496792,strong
PT,PT,Lineage3,227,0.3649625405837226,14.593401089735847,strong
PT,PT,Lineage3,228,0.3816875462938599,14.456374256575986,strong
PT,PT,Lineage3,229,0.41839327127930503,14.329336799953758,strong
PT,PT,Lineage3,230,0.46657749601841914,14.207389041000642,strong
PT,PT,Lineage3,231,0.4920371615720096,14.070181922099302,strong
PT,PT,Lineage3,232,0.49182274210274424,13.91805881151044,strong
PT,PT,Lineage3,233,0.4895490821210353,13.7688973503781,strong
PT,PT,Lineage3,234,0.5096148579611137,13.641092561621715,strong
PT,PT,Lineage3,235,0.5764187459572115,13.553039468160733,strong
PT,PT,Lineage3,236,0.6989021343803988,13.509427182855523,strong
PT,PT,Lineage3,237,0.8148300523791995,13.451885295650184,strong
PT,PT,Lineage3,238,0.8826964385737338,13.343302140031978,strong
PT,PT,Lineage3,239,0.9234854604044574,13.206296166665423,strong
PT,PT,Lineage3,240,0.9614778052861387,13.066525971654121,strong
PT,PT,Lineage3,241,1.0061546255957543,12.934616841776586,strong
PT,PT,Lineage3,242,1.0598861519090002,12.813970817489603,strong
PT,PT,Lineage3,243,1.1249974632207846,12.707944074452222,strong
PT,PT,Lineage3,244,1.2038136385260108,12.619892788323535,strong
PT,PT,Lineage3,245,1.298659756819589,12.553173134762604,strong
PT,PT,Lineage3,246,1.4118608970964235,12.511141289428501,strong
PT,PT,Lineage3,247,1.5457421383514165,12.497153427980304,strong
PT,PT,Lineage3,248,1.702628559579481,12.514565726077079,strong
PT,PT,Lineage3,249,1.8848452397755213,12.566734359377907,strong
PT,PT,Lineage4,0,-4.105764199172768,-4.9820786190293065,caution
PT,PT,Lineage4,1,-4.0769961697255885,-4.8136767525440405,caution
PT,PT,Lineage4,2,-4.034361814979559,-4.651294188513197,caution
PT,PT,Lineage4,3,-3.9787319188814725,-4.494577810320854,caution
PT,PT,Lineage4,4,-3.9109772653781283,-4.343174501351095,caution
PT,PT,Lineage4,5,-3.83196863841632,-4.196731144988,caution
PT,PT,Lineage4,6,-3.7425768219428432,-4.05489462461565,caution
PT,PT,Lineage4,7,-3.6436725999044937,-3.9173118236181232,caution
PT,PT,Lineage4,8,-3.5361267562480645,-3.783629625379502,caution
PT,PT,Lineage4,9,-3.420810074920356,-3.653494913283868,caution
PT,PT,Lineage4,10,-3.29859333986816,-3.5265545707153003,caution
PT,PT,Lineage4,11,-3.170347335038275,-3.4024554810578826,caution
PT,PT,Lineage4,12,-3.036942844377494,-3.2808445276956917,caution
PT,PT,Lineage4,13,-2.8992506518326135,-3.1613685940128105,caution
PT,PT,Lineage4,14,-2.7581415413504295,-3.0436745633933198,caution
PT,PT,Lineage4,15,-2.614486296877736,-2.9274093192212978,caution
PT,PT,Lineage4,16,-2.469155702361331,-2.8122197448808297,caution
PT,PT,Lineage4,17,-2.3230205417480096,-2.6977527237559924,caution
PT,PT,Lineage4,18,-2.1769515989845645,-2.583655139230868,caution
PT,PT,Lineage4,19,-2.0318196580177954,-2.4695738746895373,caution
PT,PT,Lineage4,20,-1.8884955027944947,-2.35515581351608,caution
PT,PT,Lineage4,21,-1.7478499172614599,-2.240047839094579,caution
PT,PT,Lineage4,22,-1.610753685365486,-2.1238968348091127,caution
PT,PT,Lineage4,23,-1.478077591053368,-2.0063496840437627,caution
PT,PT,Lineage4,24,-1.3506924182719025,-1.8870532701826106,caution
PT,PT,Lineage4,25,-1.2294689509678842,-1.7656544766097357,caution
PT,PT,Lineage4,26,-1.1152779730881086,-1.6418001867092187,caution
PT,PT,Lineage4,27,-1.0089902685793721,-1.5151372838651418,caution
PT,PT,Lineage4,28,-0.9114766213884701,-1.3853126514615846,caution
PT,PT,Lineage4,29,-0.8236078154621976,-1.2519731728826273,caution
PT,PT,Lineage4,30,-0.7462546347473505,-1.1147657315123518,caution
PT,PT,Lineage4,31,-0.6802878631907247,-0.9733372107348383,caution
PT,PT,Lineage4,32,-0.6265782847391151,-0.8273344939341671,caution
PT,PT,Lineage4,33,-0.5859966833393181,-0.6764044644944199,caution
PT,PT,Lineage4,34,-0.5594138429381288,-0.5201940057996769,caution
PT,PT,Lineage4,35,-0.5474466956149436,-0.35848447517002074,caution
PT,PT,Lineage4,36,-0.5483092669943909,-0.19233013089779424,caution
PT,PT,Lineage4,37,-0.5588912542810528,-0.02348677291467714,caution
PT,PT,Lineage4,38,-0.5760685253582862,0.146282472987586,caution
PT,PT,Lineage4,39,-0.5967169481094482,0.3152144810172505,caution
PT,PT,Lineage4,40,-0.6178640440066585,0.48161781062739134,caution
PT,PT,Lineage4,41,-0.6390591591559706,0.6449930643855738,caution
PT,PT,Lineage4,42,-0.6619308562710509,0.8058236712650159,caution
PT,PT,Lineage4,43,-0.6881697952152541,0.9646224129856396,caution
PT,PT,Lineage4,44,-0.7194666358519338,1.1219020712673662,caution
PT,PT,Lineage4,45,-0.7575120380444444,1.2781754278301178,caution
PT,PT,Lineage4,46,-0.8039966616561405,1.4339552643938176,caution
PT,PT,Lineage4,47,-0.8606111665503751,1.589754362678384,caution
PT,PT,Lineage4,48,-0.929046212590503,1.7460855044037418,caution
PT,PT,Lineage4,49,-1.010992459639878,1.9034614712898112,caution
PT,PT,Lineage4,50,-1.1081405675618548,2.062395045056515,caution
PT,PT,Lineage4,51,-1.2221811962197875,2.223399007423775,caution
PT,PT,Lineage4,52,-1.3541085497765875,2.386815749518238,caution
PT,PT,Lineage4,53,-1.5002551079471143,2.5518471534666585,caution
PT,PT,Lineage4,54,-1.655039882980833,2.7172269641453752,caution
PT,PT,Lineage4,55,-1.8128760498655445,2.8816874983219827,caution
PT,PT,Lineage4,56,-1.968176783589049,3.043961072764074,caution
PT,PT,Lineage4,57,-2.115355259139148,3.202780004239244,caution
PT,PT,Lineage4,58,-2.24882465150364,3.3568766095150817,caution
PT,PT,Lineage4,59,-2.3629981356703254,3.504983205359183,caution
PT,PT,Lineage4,60,-2.452288886627007,3.6458321085391416,caution
PT,PT,Lineage4,61,-2.511110079361483,3.7781556358225497,caution
PT,PT,Lineage4,62,-2.533874888861556,3.9006861039770024,caution
PT,PT,Lineage4,63,-2.5149964901150237,4.01215582977009,caution
PT,PT,Lineage4,64,-2.4488880581096883,4.111297129969406,caution
PT,PT,Lineage4,65,-2.3310498083728426,4.197248452274168,caution
PT,PT,Lineage4,66,-2.175807679389099,4.276181752450083,caution
PT,PT,Lineage4,67,-2.0134120942339635,4.360218558084281,caution
PT,PT,Lineage4,68,-1.8746151689503798,4.461667835065271,caution
PT,PT,Lineage4,69,-1.7900450365937444,4.592775819146117,caution
PT,PT,Lineage4,70,-1.7742714627343805,4.757663892925997,caution
PT,PT,Lineage4,71,-1.8100914815570466,4.944377783926091,caution
PT,PT,Lineage4,72,-1.876568652925313,5.139074239941498,caution
PT,PT,Lineage4,73,-1.952766536702749,5.327910008767308,caution
PT,PT,Lineage4,74,-2.0177486927529253,5.497041838198611,caution
PT,PT,Lineage4,75,-2.0505786809394135,5.632626476030507,caution
PT,PT,Lineage4,76,-2.0304360576594287,5.720912108194371,caution
PT,PT,Lineage4,77,-1.9475240548465724,5.756836700517628,caution
PT,PT,Lineage4,78,-1.8120010533006752,5.751068530452704,caution
PT,PT,Lineage4,79,-1.6361274118781917,5.715932829758972,caution
PT,PT,Lineage4,80,-1.4321634894355741,5.663754830195807,caution
PT,PT,Lineage4,81,-1.2123696448292813,5.606859763522579,caution
PT,PT,Lineage4,82,-0.989006236915766,5.557572861498661,caution
PT,PT,Lineage4,83,-0.7743336245514826,5.5282193558834285,caution
PT,PT,Lineage4,84,-0.5806121665928852,5.531124478436252,caution
PT,PT,Lineage4,85,-0.42010222189642804,5.578613460916503,caution
PT,PT,Lineage4,86,-0.30506414931856596,5.683011535083555,caution
PT,PT,Lineage4,87,-0.2424590258027179,5.849259997590927,caution
PT,PT,Lineage4,88,-0.20506379672125283,6.034668520031821,caution
PT,PT,Lineage4,89,-0.15208681542444438,6.1776405137526496,caution
PT,PT,Lineage4,90,-0.04679253490188114,6.224113555839512,caution
PT,PT,Lineage4,91,0.11102677797148863,6.187733205323115,caution
PT,PT,Lineage4,92,0.30237089243577403,6.11774891682988,caution
PT,PT,Lineage4,93,0.5074989576824028,6.062710391894205,caution
PT,PT,Lineage4,94,0.6973942177127881,6.054606116118585,caution
PT,PT,Lineage4,95,0.835492971010451,6.111950246531863,caution
PT,PT,Lineage4,96,0.8914018501982729,6.247791355477146,caution
PT,PT,Lineage4,97,0.8839869129356932,6.436057470467145,caution
PT,PT,Lineage4,98,0.8550156160726814,6.63248892776467,caution
PT,PT,Lineage4,99,0.8463823033731516,6.79272529336976,caution
PT,PT,Lineage4,100,0.8976633109985188,6.874694244649817,caution
PT,PT,Lineage4,101,1.0139439418492908,6.870369648118253,caution
PT,PT,Lineage4,102,1.1738567138162497,6.797836983561047,caution
PT,PT,Lineage4,103,1.35535935139842,6.675847821086154,caution
PT,PT,Lineage4,104,1.5364095790948327,6.523153730801525,caution
PT,PT,Lineage4,105,1.6949651214045176,6.358506282815116,caution
PT,PT,Lineage4,106,1.8089837028265041,6.20065704723488,caution
PT,PT,Lineage4,107,1.8564599551741965,6.068333829833764,caution
PT,PT,Lineage4,108,1.8251987756023669,5.973947682213732,caution
PT,PT,Lineage4,109,1.7259595345990442,5.915129447682104,caution
PT,PT,Lineage4,110,1.572779798088713,5.887399164794657,caution
PT,PT,Lineage4,111,1.3796971319958569,5.886276872107166,caution
PT,PT,Lineage4,112,1.160749102244961,5.907282608175406,caution
PT,PT,Lineage4,113,0.929973274760505,5.94593641155515,caution
PT,PT,Lineage4,114,0.7014072154669799,5.997758320802172,caution
PT,PT,Lineage4,115,0.4890884902888662,6.058268374472245,caution
PT,PT,Lineage4,116,0.3057756161449795,6.123419387013757,caution
PT,PT,Lineage4,117,0.15048995579814017,6.193812242749993,caution
PT,PT,Lineage4,118,0.013899596252427447,6.27287421995528,caution
PT,PT,Lineage4,119,-0.11327015496452357,6.363940011236294,caution
PT,PT,Lineage4,120,-0.236301488782095,6.467325194423703,caution
PT,PT,Lineage4,121,-0.3565051815198338,6.580342178432356,caution
PT,PT,Lineage4,122,-0.47502098066361287,6.7001740408109685,caution
PT,PT,Lineage4,123,-0.5929886336993065,6.824003859108252,caution
PT,PT,Lineage4,124,-0.7115478881127847,6.949014710872916,caution
PT,PT,Lineage4,125,-0.83183849138992,7.072389673653672,caution
PT,PT,Lineage4,126,-0.9550001910165905,7.191311824999236,caution
PT,PT,Lineage4,127,-1.082172734478662,7.302964242458314,caution
PT,PT,Lineage4,128,-1.2144934999318953,7.404535937399024,caution
PT,PT,Lineage4,129,-1.3527004638721691,7.4942161943460945,caution
PT,PT,Lineage4,130,-1.4966863850414407,7.572311085799097,caution
PT,PT,Lineage4,131,-1.6462364500872961,7.639396090945717,caution
PT,PT,Lineage4,132,-1.801135845657308,7.696046688973643,caution
PT,PT,Lineage4,133,-1.961169758399062,7.742838359070553,caution
PT,PT,Lineage4,134,-2.126123374960129,7.7803465804241325,caution
PT,PT,Lineage4,135,-2.295781881988097,7.8091468322220665,caution
PT,PT,Lineage4,136,-2.4699304661305357,7.829814593652038,caution
PT,PT,Lineage4,137,-2.648354314035034,7.842925343901733,caution
PT,PT,Lineage4,138,-2.8308386123491602,7.849054562158833,caution
PT,PT,Lineage4,139,-3.0170614157237856,7.848702187684293,caution
PT,PT,Lineage4,140,-3.205245830328082,7.841342259867258,caution
PT,PT,Lineage4,141,-3.392566143490487,7.825709284616608,caution
PT,PT,Lineage4,142,-3.576173474087874,7.800521431516049,caution
PT,PT,Lineage4,143,-3.7532189409970926,7.764496870149286,caution
PT,PT,Lineage4,144,-3.9208536630950173,7.716353770100027,caution
PT,PT,Lineage4,145,-4.076228759258499,7.65481030095198,caution
PT,PT,Lineage4,146,-4.216495348364409,7.578584632288847,caution
PT,PT,Lineage4,147,-4.338804549289602,7.486394933694343,caution
PT,PT,Lineage4,148,-4.440307973662571,7.376959776930116,caution
PT,PT,Lineage4,149,-4.519138070576469,7.249798281506431,caution
PT,PT,Lineage4,150,-4.576461280994243,7.106905874627806,caution
PT,PT,Lineage4,151,-4.614028883008876,6.950755320534334,caution
PT,PT,Lineage4,152,-4.633592154713352,6.783819383466105,caution
PT,PT,Lineage4,153,-4.636902374200656,6.608570827663196,caution
PT,PT,Lineage4,154,-4.625710819563774,6.4274824173657,caution
PT,PT,Lineage4,155,-4.601768768895687,6.243026916813695,caution
PT,PT,Lineage4,156,-4.566827500289384,6.057677090247277,caution
PT,PT,Lineage4,157,-4.522638291837847,5.873905701906522,caution
PT,PT,Lineage4,158,-4.470951944207,5.6941845479226245,caution
PT,PT,Lineage4,159,-4.4131858058789195,5.52030926244479,caution
PT,PT,Lineage4,160,-4.3498406428293,5.352216867580788,caution
PT,PT,Lineage4,161,-4.281261108608579,5.1895278264473585,caution
PT,PT,Lineage4,162,-4.207791856767186,5.031862602161229,caution
PT,PT,Lineage4,163,-4.129777540855559,4.8788416578391445,caution
PT,PT,Lineage4,164,-4.047562814424128,4.73008545659783,caution
PT,PT,Lineage4,165,-3.961492331023331,4.58521446155403,caution
PT,PT,Lineage4,166,-3.8719107442035963,4.443849135824473,caution
PT,PT,Lineage4,167,-3.7791627075153635,4.305609942525902,caution
PT,PT,Lineage4,168,-3.683592874509062,4.170117344775045,caution
PT,PT,Lineage4,169,-3.58554589873513,4.036991805688647,caution
PT,PT,Lineage4,170,-3.4853664337439962,3.9058537883834337,caution
PT,PT,Lineage4,171,-3.383399133086096,3.776323755976145,caution
PT,PT,Lineage4,172,-3.2799886503118696,3.6480221715835226,caution
PT,PT,Lineage4,173,-3.175479638971741,3.5205694983222915,caution
PT,PT,Lineage4,174,-3.0702167526161532,3.3935861993091976,caution
PT,PT,Lineage4,175,-2.964544644795532,3.2666927376609682,caution
PT,PT,Lineage4,176,-2.858807969060318,3.139509576494346,caution
PT,PT,Lineage4,177,-2.753348732438284,3.0116608019020297,caution
PT,PT,Lineage4,178,-2.6484048480633184,2.8829130000515413,caution
PT,PT,Lineage4,179,-2.544078303030526,2.753218834025836,caution
PT,PT,Lineage4,180,-2.440461929065786,2.622543500215572,caution
PT,PT,Lineage4,181,-2.3376485578949673,2.490852195011397,caution
PT,PT,Lineage4,182,-2.235731021243945,2.3581101148039676,caution
PT,PT,Lineage4,183,-2.134802150838598,2.2242824559839405,caution
PT,PT,Lineage4,184,-2.034954778404795,2.089334414941963,caution
PT,PT,Lineage4,185,-1.9362817356684132,1.9532311880686934,caution
PT,PT,Lineage4,186,-1.838875854355323,1.81593797175478,caution
PT,PT,Lineage4,187,-1.742829966191403,1.6774199623908816,caution
PT,PT,Lineage4,188,-1.6482369029025226,1.537642356367646,caution
PT,PT,Lineage4,189,-1.55518949621456,1.3965703500757325,caution
PT,PT,Lineage4,190,-1.4637805778533852,1.2541691399057882,caution
PT,PT,Lineage4,191,-1.3741029795448767,1.1104039222484727,caution
PT,PT,Lineage4,192,-1.2862500142728945,0.9652398987006328,caution
PT,PT,Lineage4,193,-1.2004231139179178,0.8186434404784562,caution
PT,PT,Lineage4,194,-1.1170680006581364,0.6705835615059567,caution
PT,PT,Lineage4,195,-1.036663930691217,0.5210296384747811,caution
PT,PT,Lineage4,196,-0.9596901602148357,0.3699510480765918,caution
PT,PT,Lineage4,197,-0.8866259454266588,0.2173171670030348,caution
PT,PT,Lineage4,198,-0.8179505425243615,0.06309737194577285,caution
PT,PT,Lineage4,199,-0.7541432077056115,-0.09273896040354833,caution
PT,PT,Lineage4,200,-0.6956831971680829,-0.25022245335326565,caution
PT,PT,Lineage4,201,-0.643049767109444,-0.40938373021173347,caution
PT,PT,Lineage4,202,-0.5967221737273687,-0.5702534142872885,caution
PT,PT,Lineage4,203,-0.5571796732195254,-0.7328621288882856,caution
PT,PT,Lineage4,204,-0.5249012874653717,-0.8972378472255349,caution
PT,PT,Lineage4,205,-0.5003519471512524,-1.063249173610479,caution
PT,PT,Lineage4,206,-0.48397472313655326,-1.230517481581777,caution
PT,PT,Lineage4,207,-0.4762108037041696,-1.3986428530712307,caution
PT,PT,Lineage4,208,-0.4775013771369954,-1.5672253700106595,caution
PT,PT,Lineage4,209,-0.48828763171792483,-1.7358651143318649,caution
PT,PT,Lineage4,210,-0.5090107557298528,-1.9041621679666663,caution
PT,PT,Lineage4,211,-0.5401119374556725,-2.071716612846865,caution
PT,PT,Lineage4,212,-0.5820323651782803,-2.238128530904281,caution
PT,PT,Lineage4,213,-0.6352132271805679,-2.4029980040707155,caution
PT,PT,Lineage4,214,-0.7000957117454326,-2.565925114277988,caution
PT,PT,Lineage4,215,-0.7771210071557675,-2.726509943457904,caution
PT,PT,Lineage4,216,-0.8667303016944645,-2.8843525735422704,caution
PT,PT,Lineage4,217,-0.9692116923850289,-3.0388766604930555,caution
PT,PT,Lineage4,218,-1.0836391530508611,-3.1881066761258188,caution
PT,PT,Lineage4,219,-1.2085083572427482,-3.329400645413472,caution
PT,PT,Lineage4,220,-1.3423114340677922,-3.460112508628614,caution
PT,PT,Lineage4,221,-1.483540512633111,-3.5775962060438626,caution
PT,PT,Lineage4,222,-1.6306877220458063,-3.6792056779318174,caution
PT,PT,Lineage4,223,-1.782245191412996,-3.7622948645650944,caution
PT,PT,Lineage4,224,-1.9367050498417822,-3.824217706216297,caution
PT,PT,Lineage4,225,-2.0925594264392817,-3.862328143158037,caution
PT,PT,Lineage4,226,-2.2483004503126023,-3.8739801156629214,caution
PT,PT,Lineage4,227,-2.4025961657905865,-3.857074096924898,caution
PT,PT,Lineage4,228,-2.5575975380265055,-3.8203312888624468,caution
PT,PT,Lineage4,229,-2.7186516583129063,-3.782402609189003,caution
PT,PT,Lineage4,230,-2.8912240414187234,-3.7623068933448076,caution
PT,PT,Lineage4,231,-3.080750483114173,-3.7789979864308703,caution
PT,PT,Lineage4,232,-3.2872399717184275,-3.8395622389266935,caution
PT,PT,Lineage4,233,-3.4989968242163116,-3.9254898980117834,caution
PT,PT,Lineage4,234,-3.702802308094022,-4.014940563538195,caution
PT,PT,Lineage4,235,-3.8854376908377395,-4.086073835357978,caution
PT,PT,Lineage4,236,-4.033684239933646,-4.117049313323184,caution
PT,PT,Lineage4,237,-4.134323222867936,-4.086026597285864,caution
PT,PT,Lineage4,238,-4.174572786655807,-3.9717561437885944,caution
PT,PT,Lineage4,239,-4.170818390299295,-3.7924356718052223,caution
PT,PT,Lineage4,240,-4.186440849540615,-3.629821660219159,caution
PT,PT,Lineage4,241,-4.273599426219091,-3.5515498945345323,caution
PT,PT,Lineage4,242,-4.42377820327156,-3.547334634843844,caution
PT,PT,Lineage4,243,-4.613597794925027,-3.5878018719385603,caution
PT,PT,Lineage4,244,-4.819678815406476,-3.643577596610144,caution
PT,PT,Lineage4,245,-5.018641878942916,-3.6852877996500633,caution
PT,PT,Lineage4,246,-5.187107599761337,-3.6835584718497794,caution
PT,PT,Lineage4,247,-5.301696592088732,-3.60901560400076,caution
PT,PT,Lineage4,248,-5.339029470152102,-3.432285186894466,caution
PT,PT,Lineage4,249,-5.27572684817844,-3.1239932113223605,caution
PT,PT,Lineage5,0,-4.100276398232926,-4.920722120131452,strong
PT,PT,Lineage5,1,-4.001657011583713,-4.831072118229456,strong
PT,PT,Lineage5,2,-3.909019144245369,-4.7407516619780035,strong
PT,PT,Lineage5,3,-3.821892405179714,-4.649800336815353,strong
PT,PT,Lineage5,4,-3.7398064033485623,-4.558257728179757,strong
PT,PT,Lineage5,5,-3.66229074771373,-4.466163421509471,strong
PT,PT,Lineage5,6,-3.588875047237037,-4.373557002242752,strong
PT,PT,Lineage5,7,-3.519088910880299,-4.280478055817854,strong
PT,PT,Lineage5,8,-3.4524619476053333,-4.186966167673032,strong
PT,PT,Lineage5,9,-3.3885237663739556,-4.093060923246541,strong
PT,PT,Lineage5,10,-3.3268039761479837,-3.998801907976637,strong
PT,PT,Lineage5,11,-3.266832185889235,-3.9042287073015745,strong
PT,PT,Lineage5,12,-3.208138004559525,-3.8093809066596083,strong
PT,PT,Lineage5,13,-3.1502510411206717,-3.714298091488994,strong
PT,PT,Lineage5,14,-3.0927009045344924,-3.619019847227988,strong
PT,PT,Lineage5,15,-3.0350172037628034,-3.5235857593148436,strong
PT,PT,Lineage5,16,-2.9767295477674214,-3.4280354131878163,strong
PT,PT,Lineage5,17,-2.917367545510164,-3.3324083942851632,strong
PT,PT,Lineage5,18,-2.856460805952848,-3.236744288045137,strong
PT,PT,Lineage5,19,-2.7935389380572895,-3.1410826799059937,strong
PT,PT,Lineage5,20,-2.728131550785306,-3.045463155305987,strong
PT,PT,Lineage5,21,-2.659768253098715,-2.9499252996833754,strong
PT,PT,Lineage5,22,-2.5879786539593326,-2.8545086984764114,strong
PT,PT,Lineage5,23,-2.5122923623289752,-2.7592529371233505,strong
PT,PT,Lineage5,24,-2.432238987169462,-2.6641976010624493,strong
PT,PT,Lineage5,25,-2.347348137442608,-2.5693822757319618,strong
PT,PT,Lineage5,26,-2.2571494221102304,-2.4748465465701424,strong
PT,PT,Lineage5,27,-2.1611724501341474,-2.3806299990152477,strong
PT,PT,Lineage5,28,-2.058958252738329,-2.286771806851849,strong
PT,PT,Lineage5,29,-1.9506597268488166,-2.19328909247346,strong
PT,PT,Lineage5,30,-1.8373381680457237,-2.100166239955542,strong
PT,PT,Lineage5,31,-1.7201285194118079,-2.007384979147512,strong
PT,PT,Lineage5,32,-1.6001657240298264,-1.9149270398987885,strong
PT,PT,Lineage5,33,-1.4785847249825361,-1.8227741520587897,strong
PT,PT,Lineage5,34,-1.3565204653526945,-1.7309080454769332,strong
PT,PT,Lineage5,35,-1.2351078882230584,-1.6393104500026363,strong
PT,PT,Lineage5,36,-1.1154819366763868,-1.5479630954853185,strong
PT,PT,Lineage5,37,-0.9987775537954354,-1.4568477117743972,strong
PT,PT,Lineage5,38,-0.8861296826629622,-1.36594602871929,strong
PT,PT,Lineage5,39,-0.7786732663617246,-1.275239776169415,strong
PT,PT,Lineage5,40,-0.6775432479744788,-1.18471068397419,strong
PT,PT,Lineage5,41,-0.5838745705839837,-1.0943404819830334,strong
PT,PT,Lineage5,42,-0.4988021772729959,-1.004110900045363,strong
PT,PT,Lineage5,43,-0.4234610111242728,-0.914003668010597,strong
PT,PT,Lineage5,44,-0.3589860152205716,-0.824000515728153,strong
PT,PT,Lineage5,45,-0.3065121326446497,-0.7340831730474491,strong
PT,PT,Lineage5,46,-0.2671743064792641,-0.6442333698179029,strong
PT,PT,Lineage5,47,-0.24210747980717282,-0.5544328358889332,strong
PT,PT,Lineage5,48,-0.23244659571113263,-0.46466330110995774,strong
PT,PT,Lineage5,49,-0.23932659727390113,-0.37490649533039405,strong
PT,PT,Lineage5,50,-0.26388242757823543,-0.2851441483996606,strong
PT,PT,Lineage5,51,-0.3072490297068933,-0.1953579901671743,strong
PT,PT,Lineage5,52,-0.36922168123462784,-0.10535036358960552,strong
PT,PT,Lineage5,53,-0.4436580855796815,-0.014128545264117174,strong
PT,PT,Lineage5,54,-0.5227715234706531,0.0795203833839066,strong
PT,PT,Lineage5,55,-0.5987752162998357,0.17680934887446426,strong
PT,PT,Lineage5,56,-0.6638827138317167,0.2789512106765322,strong
PT,PT,Lineage5,57,-0.712446784977546,0.38672201651680777,strong
PT,PT,Lineage5,58,-0.7460457274523812,0.49942241791002523,strong
PT,PT,Lineage5,59,-0.7677818298163611,0.6160418794140985,strong
PT,PT,Lineage5,60,-0.780757380629624,0.7355698655869409,strong
PT,PT,Lineage5,61,-0.7880746684523074,0.8569958409864649,strong
PT,PT,Lineage5,62,-0.7928359818445505,0.9793092701705851,strong
PT,PT,Lineage5,63,-0.798143609366491,1.1014996176972123,strong
PT,PT,Lineage5,64,-0.8070998395782673,1.2225563481242612,strong
PT,PT,Lineage5,65,-0.8228069610400174,1.3414689260096442,strong
PT,PT,Lineage5,66,-0.8483672623118795,1.4572268159112745,strong
PT,PT,Lineage5,67,-0.8868830319539922,1.5688194823870654,strong
PT,PT,Lineage5,68,-0.941338826070096,1.6752708093476985,strong
PT,PT,Lineage5,69,-1.0117237806478656,1.7764803986224202,strong
PT,PT,Lineage5,70,-1.094862563317734,1.8732729915988056,strong
PT,PT,Lineage5,71,-1.1874282676570997,1.96651764268533,strong
PT,PT,Lineage5,72,-1.2860939872433657,2.0570834062904746,strong
PT,PT,Lineage5,73,-1.3875328156539333,2.1458393368227173,strong
PT,PT,Lineage5,74,-1.4884178464662037,2.2336544886905387,strong
PT,PT,Lineage5,75,-1.5854221732575777,2.3213979163024154,strong
PT,PT,Lineage5,76,-1.6752188896054583,2.4099386740668303,strong
PT,PT,Lineage5,77,-1.7544810890872458,2.5001458163922585,strong
PT,PT,Lineage5,78,-1.8198818652803415,2.5928883976871813,strong
PT,PT,Lineage5,79,-1.8680943117621471,2.689035472360077,strong
PT,PT,Lineage5,80,-1.8957915221100643,2.7894560948194265,strong
PT,PT,Lineage5,81,-1.899646589901494,2.8950193194737053,strong
PT,PT,Lineage5,82,-1.8782741907902367,3.006288969365467,strong
PT,PT,Lineage5,83,-1.843610514561879,3.1217346249069373,strong
PT,PT,Lineage5,84,-1.8131826940912676,3.238946928031921,strong
PT,PT,Lineage5,85,-1.8029482033480952,3.3556680356485225,strong
PT,PT,Lineage5,86,-1.8158475092310766,3.470906138802181,strong
PT,PT,Lineage5,87,-1.8484479083947924,3.584289283090781,strong
PT,PT,Lineage5,88,-1.8972730991946618,3.6954497544828815,strong
PT,PT,Lineage5,89,-1.9588467799861047,3.8040198389470414,strong
PT,PT,Lineage5,90,-2.0296926491245393,3.909631822451818,strong
PT,PT,Lineage5,91,-2.1063344049653865,4.011917990965773,strong
PT,PT,Lineage5,92,-2.1854515436024102,4.110591328613566,strong
PT,PT,Lineage5,93,-2.2652363830950555,4.2061484120446355,strong
PT,PT,Lineage5,94,-2.3447320528069175,4.299526510463816,strong
PT,PT,Lineage5,95,-2.4229911672722513,4.391667806085538,strong
PT,PT,Lineage5,96,-2.4990663410253102,4.4835144811242245,strong
PT,PT,Lineage5,97,-2.5720101886003506,4.576008717794306,strong
PT,PT,Lineage5,98,-2.640875324531626,4.670092698310208,strong
PT,PT,Lineage5,99,-2.7047143633533897,4.7667086048863565,strong
PT,PT,Lineage5,100,-2.7625799195998977,4.86679861973718,strong
PT,PT,Lineage5,101,-2.8135246078054053,4.971304925077106,strong
PT,PT,Lineage5,102,-2.856614511018856,5.081069089281665,strong
PT,PT,Lineage5,103,-2.8910797048393357,5.195707607257104,strong
PT,PT,Lineage5,104,-2.9162597003677324,5.314019457932582,strong
PT,PT,Lineage5,105,-2.9314960030658526,5.434788721763859,strong
PT,PT,Lineage5,106,-2.936130118395501,5.556799479206697,strong
PT,PT,Lineage5,107,-2.929503551818482,5.678835810716859,strong
PT,PT,Lineage5,108,-2.9109578087966015,5.799681796750107,strong
PT,PT,Lineage5,109,-2.8798343947916645,5.918121517762204,strong
PT,PT,Lineage5,110,-2.8355592705841044,6.032967078516208,strong
PT,PT,Lineage5,111,-2.778605870150064,6.143378160590944,strong
PT,PT,Lineage5,112,-2.7101559707276817,6.24874949090719,strong
PT,PT,Lineage5,113,-2.6314047079481835,6.348480229022046,strong
PT,PT,Lineage5,114,-2.5435472174427987,6.441969534492608,strong
PT,PT,Lineage5,115,-2.447778634842755,6.528616566875976,strong
PT,PT,Lineage5,116,-2.345294095779279,6.60782048572925,strong
PT,PT,Lineage5,117,-2.2372887358836,6.678980450609533,strong
PT,PT,Lineage5,118,-2.1249576907869456,6.74149562107392,strong
PT,PT,Lineage5,119,-2.009496096120542,6.794765156679509,strong
PT,PT,Lineage5,120,-1.8920990875156183,6.838188216983404,strong
PT,PT,Lineage5,121,-1.7739618006034015,6.871163961542702,strong
PT,PT,Lineage5,122,-1.6562793710151194,6.8930915499145,strong
PT,PT,Lineage5,123,-1.5402469343819984,6.903370141655901,strong
PT,PT,Lineage5,124,-1.426954667638938,6.901499187044257,strong
PT,PT,Lineage5,125,-1.3165417136070923,6.887886873789675,strong
PT,PT,Lineage5,126,-1.2086411679329845,6.863424930627439,strong
PT,PT,Lineage5,127,-1.1028814301876162,6.82900957351318,strong
PT,PT,Lineage5,128,-0.9988908999419764,6.785537018402516,strong
PT,PT,Lineage5,129,-0.8962979767670635,6.733903481251074,strong
PT,PT,Lineage5,130,-0.7947310602338753,6.675005178014484,strong
PT,PT,Lineage5,131,-0.6938185499134017,6.609738324648364,strong
PT,PT,Lineage5,132,-0.5931888453766434,6.538999137108348,strong
PT,PT,Lineage5,133,-0.49247034619458996,6.463683831350054,strong
PT,PT,Lineage5,134,-0.3912914519382424,6.384688623329115,strong
PT,PT,Lineage5,135,-0.2892805621785903,6.302909729001148,strong
PT,PT,Lineage5,136,-0.18606607648663445,6.219243364321786,strong
PT,PT,Lineage5,137,-0.08127639443336458,6.134585745246648,strong
PT,PT,Lineage5,138,0.025447755051384913,6.0498779293439435,strong
PT,PT,Lineage5,139,0.13400473015864448,5.967737304398166,strong
PT,PT,Lineage5,140,0.24370457431515163,5.892920946322893,strong
PT,PT,Lineage5,141,0.353819044513935,5.830325177966665,strong
PT,PT,Lineage5,142,0.4636198977480319,5.784846322178011,strong
PT,PT,Lineage5,143,0.572378891010468,5.761380701805468,strong
PT,PT,Lineage5,144,0.6793677812942807,5.7648246396975695,strong
PT,PT,Lineage5,145,0.7837000122270338,5.799095194058236,strong
PT,PT,Lineage5,146,0.8833298222349106,5.860939032478663,strong
PT,PT,Lineage5,147,0.9756960981159533,5.943915058664797,strong
PT,PT,Lineage5,148,1.0582353845842638,6.041567689106038,strong
PT,PT,Lineage5,149,1.1278068009350013,6.147644077096289,strong
PT,PT,Lineage5,150,1.1698541921120398,6.259899332920516,strong
PT,PT,Lineage5,151,1.1600723871849363,6.379554876932772,strong
PT,PT,Lineage5,152,1.0958793088250518,6.5015428601581275,strong
PT,PT,Lineage5,153,1.000464790093942,6.613306161376349,strong
PT,PT,Lineage5,154,0.898473416684024,6.701864910787948,strong
PT,PT,Lineage5,155,0.8145497742877037,6.754239238593439,strong
PT,PT,Lineage5,156,0.7724156961460563,6.7581081647381405,strong
PT,PT,Lineage5,157,0.779069369079534,6.713092199115536,strong
PT,PT,Lineage5,158,0.8269585680290447,6.62920154731293,strong
PT,PT,Lineage5,159,0.9080456043776196,6.516793059306696,strong
PT,PT,Lineage5,160,1.0142927895082858,6.386223585073212,strong
PT,PT,Lineage5,161,1.137662434804068,6.247849974588867,strong
PT,PT,Lineage5,162,1.2701168516480015,6.112029077830027,strong
PT,PT,Lineage5,163,1.4036183514231069,5.989117744773078,strong
PT,PT,Lineage5,164,1.5301292455124205,5.889472825394396,strong
PT,PT,Lineage5,165,1.6416118452989639,5.823451169670361,strong
PT,PT,Lineage5,166,1.730028462165772,5.801409627577351,strong
PT,PT,Lineage5,167,1.7873429320442666,5.833703017169668,strong
PT,PT,Lineage5,168,1.8109674474166888,5.9234245727165575,strong
PT,PT,Lineage5,169,1.8160000180998361,6.050095825133284,strong
PT,PT,Lineage5,170,1.8211209556132373,6.188463804306206,strong
PT,PT,Lineage5,171,1.8450105714764224,6.3132755401216745,strong
PT,PT,Lineage5,172,1.9051805154087351,6.400661350984211,strong
PT,PT,Lineage5,173,2.004067828861734,6.444594640893778,strong
PT,PT,Lineage5,174,2.1336268904239537,6.451456635493876,strong
PT,PT,Lineage5,175,2.285599971767895,6.427879621138247,strong
PT,PT,Lineage5,176,2.4517293445660417,6.380495884180642,strong
PT,PT,Lineage5,177,2.623757280490894,6.315937710974803,strong
PT,PT,Lineage5,178,2.793426051214937,6.240837387874479,strong
PT,PT,Lineage5,179,2.952477928410672,6.161827201233414,strong
PT,PT,Lineage5,180,3.092655183750581,6.085539437405353,strong
PT,PT,Lineage5,181,3.2057000889071663,6.018606382744043,strong
PT,PT,Lineage5,182,3.2833549155529145,5.96766032360323,strong
PT,PT,Lineage5,183,3.3173619353603176,5.93933354633666,strong
PT,PT,Lineage5,184,3.2994637025610936,5.940258163722109,strong
PT,PT,Lineage5,185,3.226845510333999,5.973722817047462,strong
PT,PT,Lineage5,186,3.116078173949658,6.0311076322260275,strong
PT,PT,Lineage5,187,2.9880466075565626,6.101142586644241,strong
PT,PT,Lineage5,188,2.86363572530319,6.172557657688533,strong
PT,PT,Lineage5,189,2.763730441338032,6.234082822745337,strong
PT,PT,Lineage5,190,2.708350866518433,6.27489507919542,strong
PT,PT,Lineage5,191,2.7033514289399334,6.291493717816002,strong
PT,PT,Lineage5,192,2.7430188270773432,6.286357431269683,strong
PT,PT,Lineage5,193,2.821301241781262,6.262139893221115,strong
PT,PT,Lineage5,194,2.932146853902284,6.221494777334948,strong
PT,PT,Lineage5,195,3.069503844291015,6.167075757275836,strong
PT,PT,Lineage5,196,3.2273203937980455,6.101536506708431,strong
PT,PT,Lineage5,197,3.3995446832739833,6.02753069929738,strong
PT,PT,Lineage5,198,3.5801248935694168,5.947712008707336,strong
PT,PT,Lineage5,199,3.763009205534956,5.86473410860295,strong
PT,PT,Lineage5,200,3.942145800021188,5.781250672648875,strong
PT,PT,Lineage5,201,4.111482857878722,5.699915374509758,strong
PT,PT,Lineage5,202,4.264968559958148,5.623381887850255,strong
PT,PT,Lineage5,203,4.396551087110073,5.554303886335014,strong
PT,PT,Lineage5,204,4.50017862018509,5.495335043628687,strong
PT,PT,Lineage5,205,4.569799340033796,5.449129033395926,strong
PT,PT,Lineage5,206,4.599361427506795,5.418339529301382,strong
PT,PT,Lineage5,207,4.582955256253241,5.405587162613815,strong
PT,PT,Lineage5,208,4.521334108967453,5.411944254978153,strong
PT,PT,Lineage5,209,4.424627391387638,5.436304328742387,strong
PT,PT,Lineage5,210,4.303669274012972,5.477397134836566,strong
PT,PT,Lineage5,211,4.169293927342643,5.533952424190738,strong
PT,PT,Lineage5,212,4.032335521875832,5.604699947734956,strong
PT,PT,Lineage5,213,3.9036282281117267,5.688369456399263,strong
PT,PT,Lineage5,214,3.7940062165495028,5.783690701113711,strong
PT,PT,Lineage5,215,3.714303657688351,5.88939343280835,strong
PT,PT,Lineage5,216,3.6774831042187106,6.004265447756657,strong
PT,PT,Lineage5,217,3.7241961599007922,6.125809793616307,strong
PT,PT,Lineage5,218,3.803128678152327,6.2333943741617555,strong
PT,PT,Lineage5,219,3.8037610786360654,6.2980864414983575,strong
PT,PT,Lineage5,220,3.69268223442819,6.318101471924593,strong
PT,PT,Lineage5,221,3.5451031456475284,6.3297989024852255,strong
PT,PT,Lineage5,222,3.4425437477849172,6.3714746188549976,strong
PT,PT,Lineage5,223,3.418179235662016,6.457023075175239,strong
PT,PT,Lineage5,224,3.4528881197731303,6.573942597603635,strong
PT,PT,Lineage5,225,3.524940240528766,6.708414817171134,strong
PT,PT,Lineage5,226,3.612605438339428,6.846621364908675,strong
PT,PT,Lineage5,227,3.6941535536156165,6.974743871847192,strong
PT,PT,Lineage5,228,3.7478544267678404,7.078963969017635,strong
PT,PT,Lineage5,229,3.7534710797604474,7.146553307676993,strong
PT,PT,Lineage5,230,3.7082722030684763,7.177562650033712,strong
PT,PT,Lineage5,231,3.620890870186101,7.180338740332433,strong
PT,PT,Lineage5,232,3.5001527493076647,7.163368916651197,strong
PT,PT,Lineage5,233,3.354883508627519,7.135140517068045,strong
PT,PT,Lineage5,234,3.193908816340005,7.1041408796610215,strong
PT,PT,Lineage5,235,3.0260543406394724,7.07885734250817,strong
PT,PT,Lineage5,236,2.8601457497202722,7.06777724368753,strong
PT,PT,Lineage5,237,2.7046177368731197,7.078845311995895,strong
PT,PT,Lineage5,238,2.563239365610352,7.1135311444577205,strong
PT,PT,Lineage5,239,2.43671136890085,7.169045996665863,strong
PT,PT,Lineage5,240,2.325680659134305,7.242526430043476,strong
PT,PT,Lineage5,241,2.230794148700395,7.331109006013722,strong
PT,PT,Lineage5,242,2.152698749988812,7.431930285999756,strong
PT,PT,Lineage5,243,2.092041375389235,7.542126831424741,strong
PT,PT,Lineage5,244,2.0494689372913517,7.658835203711827,strong
PT,PT,Lineage5,245,2.025628348084847,7.779191964284182,strong
PT,PT,Lineage5,246,2.0211665201594045,7.900333674564958,strong
PT,PT,Lineage5,247,2.036730365904711,8.019396895977314,strong
PT,PT,Lineage5,248,2.072966797710451,8.133518189944413,strong
PT,PT,Lineage5,249,2.1305227279663086,8.239834117889405,strong
PT,PT,Lineage6,0,-4.083187980020121,-5.019753375206243,strong
PT,PT,Lineage6,1,-4.0633088564351025,-4.943453274471505,strong
PT,PT,Lineage6,2,-4.039120845755065,-4.869660746433429,strong
PT,PT,Lineage6,3,-4.010855213134875,-4.798269277608956,strong
PT,PT,Lineage6,4,-3.978743223729408,-4.7291723545150255,strong
PT,PT,Lineage6,5,-3.9430161426935366,-4.662263463668583,strong
PT,PT,Lineage6,6,-3.9039052351821284,-4.597436091586567,strong
PT,PT,Lineage6,7,-3.861641766350056,-4.53458372478592,strong
PT,PT,Lineage6,8,-3.816457001352191,-4.473599849783584,strong
PT,PT,Lineage6,9,-3.7685822053434044,-4.414377953096498,strong
PT,PT,Lineage6,10,-3.718248643478567,-4.356811521241605,strong
PT,PT,Lineage6,11,-3.665687580912551,-4.300794040735847,strong
PT,PT,Lineage6,12,-3.611130282800228,-4.246218998096165,strong
PT,PT,Lineage6,13,-3.5548080142964675,-4.192979879839499,strong
PT,PT,Lineage6,14,-3.4969520405561423,-4.140970172482794,strong
PT,PT,Lineage6,15,-3.4377936267341234,-4.0900833625429875,strong
PT,PT,Lineage6,16,-3.3775640379852816,-4.0402129365370225,strong
PT,PT,Lineage6,17,-3.3164945394644887,-3.9912523809818414,strong
PT,PT,Lineage6,18,-3.2548163963266155,-3.9430951823943836,strong
PT,PT,Lineage6,19,-3.1927608737265336,-3.895634827291592,strong
PT,PT,Lineage6,20,-3.130559236819115,-3.8487648021904084,strong
PT,PT,Lineage6,21,-3.0684427507592282,-3.802378593607772,strong
PT,PT,Lineage6,22,-3.006642680701749,-3.7563696880606274,strong
PT,PT,Lineage6,23,-2.9453902918015444,-3.7106315720659135,strong
PT,PT,Lineage6,24,-2.884916849213488,-3.6650577321405726,strong
PT,PT,Lineage6,25,-2.8254376715621063,-3.619544352173453,strong
PT,PT,Lineage6,26,-2.7669437487063084,-3.5740255614933827,strong
PT,PT,Lineage6,27,-2.7092604050642906,-3.5284635119078103,strong
PT,PT,Lineage6,28,-2.652209090215559,-3.482821010657105,strong
PT,PT,Lineage6,29,-2.5956112537396248,-3.4370608649816408,strong
PT,PT,Lineage6,30,-2.539288345215993,-3.3911458821217866,strong
PT,PT,Lineage6,31,-2.4830618142241736,-3.3450388693179147,strong
PT,PT,Lineage6,32,-2.4267531103436744,-3.298702633810396,strong
PT,PT,Lineage6,33,-2.370183683154002,-3.252099982839601,strong
PT,PT,Lineage6,34,-2.3131749822346674,-3.205193723645903,strong
PT,PT,Lineage6,35,-2.2555484571651756,-3.157946663469671,strong
PT,PT,Lineage6,36,-2.197125557525036,-3.1103216095512765,strong
PT,PT,Lineage6,37,-2.137727732893758,-3.0622813691310915,strong
PT,PT,Lineage6,38,-2.0771764328508477,-3.0137887494494877,strong
PT,PT,Lineage6,39,-2.015293106975815,-2.964806557746836,strong
PT,PT,Lineage6,40,-1.9518992048481658,-2.915297601263506,strong
PT,PT,Lineage6,41,-1.8868161760474096,-2.8652246872398694,strong
PT,PT,Lineage6,42,-1.8198654701530546,-2.814550622916299,strong
PT,PT,Lineage6,43,-1.750868536744609,-2.7632382155331654,strong
PT,PT,Lineage6,44,-1.6796578725623137,-2.711251096987289,strong
PT,PT,Lineage6,45,-1.606387596041739,-2.6585769078245582,strong
PT,PT,Lineage6,46,-1.5315761503015837,-2.6052304849634695,strong
PT,PT,Lineage6,47,-1.455761607852213,-2.551228130631553,strong
PT,PT,Lineage6,48,-1.3794820412039932,-2.49658614705634,strong
PT,PT,Lineage6,49,-1.3032755228672892,-2.4413208364653625,strong
PT,PT,Lineage6,50,-1.2276801253524663,-2.385448501086149,strong
PT,PT,Lineage6,51,-1.1532339211698897,-2.3289854431462294,strong
PT,PT,Lineage6,52,-1.080474982829926,-2.2719479648731373,strong
PT,PT,Lineage6,53,-1.00994138284294,-2.214352368494401,strong
PT,PT,Lineage6,54,-0.9421711937192968,-2.1562149562375517,strong
PT,PT,Lineage6,55,-0.8777024879693628,-2.0975520303301205,strong
PT,PT,Lineage6,56,-0.8170733381035027,-2.0383798929996373,strong
PT,PT,Lineage6,57,-0.7608218166320818,-1.9787148464736328,strong
PT,PT,Lineage6,58,-0.7094859960654666,-1.9185731929796386,strong
PT,PT,Lineage6,59,-0.663603948914022,-1.8579712347451844,strong
PT,PT,Lineage6,60,-0.6237137476881134,-1.7969252739978012,strong
PT,PT,Lineage6,61,-0.5903534648981063,-1.7354516129650195,strong
PT,PT,Lineage6,62,-0.5640611730543662,-1.6735665538743694,strong
PT,PT,Lineage6,63,-0.5453749446672587,-1.6112863989533825,strong
PT,PT,Lineage6,64,-0.5348328522471493,-1.548627450429589,strong
PT,PT,Lineage6,65,-0.5329729683044032,-1.4856060105305193,strong
PT,PT,Lineage6,66,-0.5403333653493861,-1.4222383814837045,strong
PT,PT,Lineage6,67,-0.5574521158923809,-1.3585408655166713,strong
PT,PT,Lineage6,68,-0.584441088780041,-1.2945118584774935,strong
PT,PT,Lineage6,69,-0.6197102973557196,-1.23007825502123,strong
PT,PT,Lineage6,70,-0.6612450295911093,-1.1651491055319543,strong
PT,PT,Lineage6,71,-0.7070305734578998,-1.0996334603937423,strong
PT,PT,Lineage6,72,-0.7550522169277825,-1.033440369990667,strong
PT,PT,Lineage6,73,-0.8032952479724491,-0.9664788847068024,strong
PT,PT,Lineage6,74,-0.8497449545635911,-0.8986580549262233,strong
PT,PT,Lineage6,75,-0.8923866246728988,-0.8298869310330033,strong
PT,PT,Lineage6,76,-0.9292055462720643,-0.7600745634112167,strong
PT,PT,Lineage6,77,-0.9581870073327785,-0.6891300024449375,strong
PT,PT,Lineage6,78,-0.9773162958267325,-0.6169622985182402,strong
PT,PT,Lineage6,79,-0.9845786997256175,-0.5434805020151987,strong
PT,PT,Lineage6,80,-0.9786186476173521,-0.4686525905293717,strong
PT,PT,Lineage6,81,-0.9615011839339045,-0.3927523449100293,strong
PT,PT,Lineage6,82,-0.9363975413181301,-0.3161524392969272,strong
PT,PT,Lineage6,83,-0.9064795101218394,-0.23922559768903476,strong
PT,PT,Lineage6,84,-0.8749188806968436,-0.16234454408532217,strong
PT,PT,Lineage6,85,-0.8448874433949539,-0.08588200248475873,strong
PT,PT,Lineage6,86,-0.8195569885679811,-0.010210696886314359,strong
PT,PT,Lineage6,87,-0.8020993065677362,0.06429664871104121,strong
PT,PT,Lineage6,88,-0.7956861877460305,0.13726731030833828,strong
PT,PT,Lineage6,89,-0.8034894224546748,0.20832856390660714,strong
PT,PT,Lineage6,90,-0.8285866089537111,0.2771134366500218,strong
PT,PT,Lineage6,91,-0.8711706871357012,0.3434310860019865,strong
PT,PT,Lineage6,92,-0.9280835434742288,0.4072952767080315,strong
PT,PT,Lineage6,93,-0.9959789360832997,0.4687312601799796,strong
PT,PT,Lineage6,94,-1.0715106230769194,0.527764287829653,strong
PT,PT,Lineage6,95,-1.1513323625690943,0.584419611068874,strong
PT,PT,Lineage6,96,-1.2320979126738294,0.6387224813094646,strong
PT,PT,Lineage6,97,-1.310461031505131,0.690698149963247,strong
PT,PT,Lineage6,98,-1.3830754771770042,0.7403718684420428,strong
PT,PT,Lineage6,99,-1.4465950078034557,0.7877688881576752,strong
PT,PT,Lineage6,100,-1.4976733814984906,0.8329144605219653,strong
PT,PT,Lineage6,101,-1.5329643563761144,0.8758338369467358,strong
PT,PT,Lineage6,102,-1.5491216905503336,0.9165522688438095,strong
PT,PT,Lineage6,103,-1.5428159923398341,0.9550976072248718,strong
PT,PT,Lineage6,104,-1.513115280798036,0.9918675685566579,strong
PT,PT,Lineage6,105,-1.463950206707345,1.0280100617827748,strong
PT,PT,Lineage6,106,-1.3998400478545225,1.0647638074844281,strong
PT,PT,Lineage6,107,-1.32530408202633,1.1033675262428244,strong
PT,PT,Lineage6,108,-1.244861587009529,1.1450599386391702,strong
PT,PT,Lineage6,109,-1.1630318405908804,1.1910797652546705,strong
PT,PT,Lineage6,110,-1.0843341205571462,1.2426657266705325,strong
PT,PT,Lineage6,111,-1.013563474200334,1.3006189276822016,strong
PT,PT,Lineage6,112,-0.9585618749501618,1.3609053373992235,strong
PT,PT,Lineage6,113,-0.9290638869123261,1.4164873478688167,strong
PT,PT,Lineage6,114,-0.9318904199975037,1.4621652876963698,strong
PT,PT,Lineage6,115,-0.9636229574762324,1.4992931218851313,strong
PT,PT,Lineage6,116,-1.0186168042759214,1.5306496572708492,strong
PT,PT,Lineage6,117,-1.091227265323979,1.559013700689271,strong
PT,PT,Lineage6,118,-1.175809645547813,1.5871640589761438,strong
PT,PT,Lineage6,119,-1.2667192498748323,1.6178795389672147,strong
PT,PT,Lineage6,120,-1.3583113832324445,1.653938947498231,strong
PT,PT,Lineage6,121,-1.4449413505480586,1.6981210914049407,strong
PT,PT,Lineage6,122,-1.5209644567490828,1.7532047775230906,strong
PT,PT,Lineage6,123,-1.5807360067629255,1.8219688126884286,strong
PT,PT,Lineage6,124,-1.6188054868233235,1.9058089161578082,strong
PT,PT,Lineage6,125,-1.6315412470789301,1.9931656564788334,strong
PT,PT,Lineage6,126,-1.6163056957016748,2.065399264082725,strong
PT,PT,Lineage6,127,-1.570788419295419,2.104514192010257,strong
PT,PT,Lineage6,128,-1.4994126581039773,2.1077231086683748,strong
PT,PT,Lineage6,129,-1.4130385456389267,2.0867766531318535,strong
PT,PT,Lineage6,130,-1.3227839069188843,2.054007470641308,strong
PT,PT,Lineage6,131,-1.239766566962457,2.02174820643735,strong
PT,PT,Lineage6,132,-1.175104350788263,2.002331505760595,strong
PT,PT,Lineage6,133,-1.1389612816647436,2.0072055070192754,strong
PT,PT,Lineage6,134,-1.1312074561243726,2.0382722888367995,strong
PT,PT,Lineage6,135,-1.1454302956606428,2.0916076991795105,strong
PT,PT,Lineage6,136,-1.1751275023361207,2.1632043848142977,strong
PT,PT,Lineage6,137,-1.2137967782133756,2.249054992508057,strong
PT,PT,Lineage6,138,-1.2549358253549725,2.345152169027675,strong
PT,PT,Lineage6,139,-1.2920423458234813,2.44748856114005,strong
PT,PT,Lineage6,140,-1.318614041681468,2.5520568156120707,strong
PT,PT,Lineage6,141,-1.328257745263363,2.6548241935271073,strong
PT,PT,Lineage6,142,-1.3182135234759904,2.750912799611539,strong
PT,PT,Lineage6,143,-1.2901161609055323,2.834422447432188,strong
PT,PT,Lineage6,144,-1.2458635996699308,2.8993917353339036,strong
PT,PT,Lineage6,145,-1.1873537818871318,2.9398592616615256,strong
PT,PT,Lineage6,146,-1.1165691029567582,2.9500757869307015,strong
PT,PT,Lineage6,147,-1.0380747693077097,2.930780567827033,strong
PT,PT,Lineage6,148,-0.9594343359952096,2.89024526404884,strong
PT,PT,Lineage6,149,-0.8883794991189427,2.8371639365117973,strong
PT,PT,Lineage6,150,-0.8326419547785869,2.780230646131574,strong
PT,PT,Lineage6,151,-0.7999516475248264,2.7281377347382554,strong
PT,PT,Lineage6,152,-0.7955669009661693,2.6871517325278367,strong
PT,PT,Lineage6,153,-0.8173540746312066,2.656284209132618,strong
PT,PT,Lineage6,154,-0.861803582952481,2.633196291014229,strong
PT,PT,Lineage6,155,-0.9254058403625396,2.615549104634294,strong
PT,PT,Lineage6,156,-1.0046512612939225,2.6010037764544403,strong
PT,PT,Lineage6,157,-1.0960302601791787,2.5872214329362944,strong
PT,PT,Lineage6,158,-1.1960332514508467,2.571863200541482,strong
PT,PT,Lineage6,159,-1.3011506495414769,2.5525902057316294,strong
PT,PT,Lineage6,160,-1.4078728688836106,2.527063574968365,strong
PT,PT,Lineage6,161,-1.512690323909788,2.4929444347133125,strong
PT,PT,Lineage6,162,-1.6121070459428206,2.4479284167514215,strong
PT,PT,Lineage6,163,-1.703882798406783,2.392893189392173,strong
PT,PT,Lineage6,164,-1.7880295196459541,2.334423452602841,strong
PT,PT,Lineage6,165,-1.8647936324154741,2.2796980919728362,strong
PT,PT,Lineage6,166,-1.9344215594704917,2.235895993091561,strong
PT,PT,Lineage6,167,-1.9971597235661491,2.2101960415484276,strong
PT,PT,Lineage6,168,-2.0532545474575943,2.2097771229328407,strong
PT,PT,Lineage6,169,-2.1029524538999698,2.2418181228342084,strong
PT,PT,Lineage6,170,-2.147525037940516,2.305995499341627,strong
PT,PT,Lineage6,171,-2.1936561869012015,2.3623764447172535,strong
PT,PT,Lineage6,172,-2.2475969212640408,2.3729618310557212,strong
PT,PT,Lineage6,173,-2.309049729480839,2.344024437198889,strong
PT,PT,Lineage6,174,-2.376511490555079,2.2899877771090638,strong
PT,PT,Lineage6,175,-2.448479083490253,2.2252753647485486,strong
PT,PT,Lineage6,176,-2.523449387289844,2.164310714079652,strong
PT,PT,Lineage6,177,-2.5999991022043005,2.120171719767507,strong
PT,PT,Lineage6,178,-2.6773879571838037,2.0944218409863984,strong
PT,PT,Lineage6,179,-2.7552224649087504,2.082778488432308,strong
PT,PT,Lineage6,180,-2.833111860892724,2.0809131715276967,strong
PT,PT,Lineage6,181,-2.910665380649314,2.0844973996950227,strong
PT,PT,Lineage6,182,-2.9874922596921065,2.089202682356745,strong
PT,PT,Lineage6,183,-3.0632017335346875,2.0907005289353227,strong
PT,PT,Lineage6,184,-3.137403037690647,2.084662448853215,strong
PT,PT,Lineage6,185,-3.209705407673568,2.0667599515328807,strong
PT,PT,Lineage6,186,-3.2797174198900563,2.0326653749009904,strong
PT,PT,Lineage6,187,-3.345093075780652,1.9805079775843448,strong
PT,PT,Lineage6,188,-3.3972314176679688,1.9162795657211569,strong
PT,PT,Lineage6,189,-3.426282877642966,1.847541461266538,strong
PT,PT,Lineage6,190,-3.423122795077208,1.7815025176043224,strong
PT,PT,Lineage6,191,-3.3877001874378236,1.7209597323678285,strong
PT,PT,Lineage6,192,-3.3261404909479646,1.6657069694755287,strong
PT,PT,Lineage6,193,-3.2446875882025092,1.6154805011724127,strong
PT,PT,Lineage6,194,-3.1495853617963396,1.5700165997034696,strong
PT,PT,Lineage6,195,-3.047077694324326,1.5290515373136853,strong
PT,PT,Lineage6,196,-2.943408468381352,1.4923215862480486,strong
PT,PT,Lineage6,197,-2.8448215665622896,1.4595630187515463,strong
PT,PT,Lineage6,198,-2.7575608714620214,1.4305121070691678,strong
PT,PT,Lineage6,199,-2.6878702656754205,1.4049051234458991,strong
PT,PT,Lineage6,200,-2.6419936317973667,1.3824783401267295,strong
PT,PT,Lineage6,201,-2.626174852422736,1.362968029356646,strong
PT,PT,Lineage6,202,-2.64618856048138,1.3460439019129915,strong
PT,PT,Lineage6,203,-2.699493425700634,1.3301960775005888,strong
PT,PT,Lineage6,204,-2.7764121531511456,1.312902463528724,strong
PT,PT,Lineage6,205,-2.867035931782639,1.2916081276330176,strong
PT,PT,Lineage6,206,-2.961455950544844,1.2637581374490878,strong
PT,PT,Lineage6,207,-3.050472986347837,1.2271333669545366,strong
PT,PT,Lineage6,208,-3.131552891320532,1.1826688791117093,strong
PT,PT,Lineage6,209,-3.2058122656130106,1.1330274216901666,strong
PT,PT,Lineage6,210,-3.274405065336437,1.0808894208437367,strong
PT,PT,Lineage6,211,-3.338485246601964,1.0289353027262538,strong
PT,PT,Lineage6,212,-3.399206765520754,0.9798454934915459,strong
PT,PT,Lineage6,213,-3.45772357820396,0.9363004192934465,strong
PT,PT,Lineage6,214,-3.515189640762746,0.9009805062857847,strong
PT,PT,Lineage6,215,-3.572758909308268,0.8765661806223928,strong
PT,PT,Lineage6,216,-3.6315853399516818,0.8657378684571019,strong
PT,PT,Lineage6,217,-3.6927558007737016,0.8708564868227526,strong
PT,PT,Lineage6,218,-3.7565922166686443,0.8906398837357621,strong
PT,PT,Lineage6,219,-3.8229300105101025,0.9214889241089003,strong
PT,PT,Lineage6,220,-3.8915968059956825,0.9597673290030896,strong
PT,PT,Lineage6,221,-3.962420226822994,1.0018388194792551,strong
PT,PT,Lineage6,222,-4.035227896689643,1.0440671165983184,strong
PT,PT,Lineage6,223,-4.10984743929324,1.0828159414212046,strong
PT,PT,Lineage6,224,-4.186106478331388,1.1144490150088355,strong
PT,PT,Lineage6,225,-4.2638326375017,1.1353300584221366,strong
PT,PT,Lineage6,226,-4.342853540501779,1.141822792722029,strong
PT,PT,Lineage6,227,-4.422985777112041,1.1303099976598021,strong
PT,PT,Lineage6,228,-4.502734183909775,1.0994402211355845,strong
PT,PT,Lineage6,229,-4.578068441278641,1.0522409415847256,strong
PT,PT,Lineage6,230,-4.64466868829126,0.9922397570373126,strong
PT,PT,Lineage6,231,-4.698215064020242,0.9229642655234397,strong
PT,PT,Lineage6,232,-4.734387707538205,0.847942065073194,strong
PT,PT,Lineage6,233,-4.748866757917764,0.7707007537166701,strong
PT,PT,Lineage6,234,-4.737333779630107,0.6947676203335604,strong
PT,PT,Lineage6,235,-4.699533045102801,0.6227888053409056,strong
PT,PT,Lineage6,236,-4.648169180311687,0.5545995172041462,strong
PT,PT,Lineage6,237,-4.598525585325522,0.4894756618614583,strong
PT,PT,Lineage6,238,-4.565885660213063,0.4266931452510247,strong
PT,PT,Lineage6,239,-4.565259564234913,0.3655778787594204,strong
PT,PT,Lineage6,240,-4.601147741415549,0.307379143223337,strong
PT,PT,Lineage6,241,-4.664462884881311,0.255832896271932,strong
PT,PT,Lineage6,242,-4.745216078711511,0.2148400978449003,strong
PT,PT,Lineage6,243,-4.8334184069854755,0.1883017078819315,strong
PT,PT,Lineage6,244,-4.919080953782517,0.18011868632271877,strong
PT,PT,Lineage6,245,-4.992214803181956,0.19419199310695362,strong
PT,PT,Lineage6,246,-5.042831039263111,0.2344225881743286,strong
PT,PT,Lineage6,247,-5.060940746105299,0.30471143146453333,strong
PT,PT,Lineage6,248,-5.036555007787838,0.40895948291726364,strong
PT,PT,Lineage6,249,-4.959684908390045,0.5510677024722099,strong
PT,PT,Lineage7,0,-4.111990858317504,-4.966478734827096,strong
PT,PT,Lineage7,1,-4.043113738742637,-4.870242610746478,strong
PT,PT,Lineage7,2,-3.9735406011207814,-4.776383557504578,strong
PT,PT,Lineage7,3,-3.9032162889125024,-4.6847917162502375,strong
PT,PT,Lineage7,4,-3.832085645578354,-4.5953572281322845,strong
PT,PT,Lineage7,5,-3.7600935145789003,-4.507970234299557,strong
PT,PT,Lineage7,6,-3.687184739374698,-4.4225208759008865,strong
PT,PT,Lineage7,7,-3.6133041634263074,-4.338899294085108,strong
PT,PT,Lineage7,8,-3.5383966301942853,-4.256995630001053,strong
PT,PT,Lineage7,9,-3.462406983139194,-4.176700024797559,strong
PT,PT,Lineage7,10,-3.3852800657215925,-4.097902619623458,strong
PT,PT,Lineage7,11,-3.306960721402039,-4.020493555627584,strong
PT,PT,Lineage7,12,-3.227393793641094,-3.9443629739587713,strong
PT,PT,Lineage7,13,-3.146524125899316,-3.869401015765854,strong
PT,PT,Lineage7,14,-3.064296561637266,-3.7954978221976656,strong
PT,PT,Lineage7,15,-2.980655944315502,-3.7225435344030413,strong
PT,PT,Lineage7,16,-2.895547117394583,-3.650428293530813,strong
PT,PT,Lineage7,17,-2.80891492433507,-3.5790422407298177,strong
PT,PT,Lineage7,18,-2.7207042085975197,-3.5082755171488853,strong
PT,PT,Lineage7,19,-2.6308598136424948,-3.4380182639368533,strong
PT,PT,Lineage7,20,-2.5393265829305522,-3.3681606222425526,strong
PT,PT,Lineage7,21,-2.446049359922253,-3.29859273321482,strong
PT,PT,Lineage7,22,-2.3509729880781554,-3.229204738002489,strong
PT,PT,Lineage7,23,-2.2540423108588183,-3.159886777754391,strong
PT,PT,Lineage7,24,-2.1552193807697884,-3.090526660080759,strong
PT,PT,Lineage7,25,-2.0548316059204708,-3.0209626505395546,strong
PT,PT,Lineage7,26,-1.9535555924442316,-2.950985663596899,strong
PT,PT,Lineage7,27,-1.8520819219307318,-2.8803847186534535,strong
PT,PT,Lineage7,28,-1.7511011759696307,-2.8089488351098764,strong
PT,PT,Lineage7,29,-1.651303936150587,-2.7364670323668276,strong
PT,PT,Lineage7,30,-1.5533807840632612,-2.6627283298249655,strong
PT,PT,Lineage7,31,-1.4580223012973133,-2.5875217468849523,strong
PT,PT,Lineage7,32,-1.3659190694424022,-2.510636302947445,strong
PT,PT,Lineage7,33,-1.2777616700881886,-2.4318610174131057,strong
PT,PT,Lineage7,34,-1.1942406848243312,-2.3509849096825914,strong
PT,PT,Lineage7,35,-1.1160466952404904,-2.2677969991565625,strong
PT,PT,Lineage7,36,-1.0438702829263253,-2.1820863052356803,strong
PT,PT,Lineage7,37,-0.9784020294714961,-2.093641847320602,strong
PT,PT,Lineage7,38,-0.9203325164656625,-2.002252644811988,strong
PT,PT,Lineage7,39,-0.870352325498484,-1.907707717110499,strong
PT,PT,Lineage7,40,-0.8291520381596198,-1.8097960836167928,strong
PT,PT,Lineage7,41,-0.7974222360387304,-1.7083067637315303,strong
PT,PT,Lineage7,42,-0.7758405991320854,-1.6030336925014037,strong
PT,PT,Lineage7,43,-0.7642491606268361,-1.4940891954073794,strong
PT,PT,Lineage7,44,-0.7611580119920149,-1.3820930820701747,strong
PT,PT,Lineage7,45,-0.7649582709888666,-1.2677104923745308,strong
PT,PT,Lineage7,46,-0.7740410553786363,-1.1516065662051902,strong
PT,PT,Lineage7,47,-0.7867974852839426,-1.0344464432965927,strong
PT,PT,Lineage7,48,-0.8019061209939556,-0.9168769676179988,strong
PT,PT,Lineage7,49,-0.8191264350068781,-0.7994761823298169,strong
PT,PT,Lineage7,50,-0.8384719347886491,-0.6828059610912595,strong
PT,PT,Lineage7,51,-0.8599561278052086,-0.5674281775615395,strong
PT,PT,Lineage7,52,-0.8835925215224959,-0.45390470539987077,strong
PT,PT,Lineage7,53,-0.9093946234064504,-0.34279741826546534,strong
PT,PT,Lineage7,54,-0.9373759409230115,-0.23466818981753607,strong
PT,PT,Lineage7,55,-0.9675499815381191,-0.13007889371529577,strong
PT,PT,Lineage7,56,-0.9999302527177121,-0.02959140361795725,strong
PT,PT,Lineage7,57,-1.0345221397710416,0.06625997709522605,strong
PT,PT,Lineage7,58,-1.070803483573276,0.15873166988502757,strong
PT,PT,Lineage7,59,-1.1074104288826119,0.25193719420634536,strong
PT,PT,Lineage7,60,-1.14290383664489,0.350245616884356,strong
PT,PT,Lineage7,61,-1.175844567805952,0.4580260047442364,strong
PT,PT,Lineage7,62,-1.204793483311639,0.5796474246111641,strong
PT,PT,Lineage7,63,-1.2283114441077922,0.7194789433103143,strong
PT,PT,Lineage7,64,-1.2455776171619597,0.8793723772008417,strong
PT,PT,Lineage7,65,-1.258779821896085,1.0489307022181464,strong
PT,PT,Lineage7,66,-1.2710196693731275,1.2140366613491536,strong
PT,PT,Lineage7,67,-1.2853989800711363,1.3605721450090602,strong
PT,PT,Lineage7,68,-1.3050195744681605,1.474419043613063,strong
PT,PT,Lineage7,69,-1.33298327304225,1.541459247576359,strong
PT,PT,Lineage7,70,-1.3723918962714543,1.5475746473141443,strong
PT,PT,Lineage7,71,-1.4251939405938603,1.4818023306002623,strong
PT,PT,Lineage7,72,-1.4809391344415752,1.3670992192772968,strong
PT,PT,Lineage7,73,-1.5216322683170038,1.2470632410128326,strong
PT,PT,Lineage7,74,-1.5294439233008168,1.1650588909880062,strong
PT,PT,Lineage7,75,-1.497808933167718,1.142729922672559,strong
PT,PT,Lineage7,76,-1.435192275846827,1.1727376183567555,strong
PT,PT,Lineage7,77,-1.3511044234848606,1.245727244668039,strong
PT,PT,Lineage7,78,-1.2550558482285346,1.3523440682338534,strong
PT,PT,Lineage7,79,-1.1565570222245642,1.4832333556816422,strong
PT,PT,Lineage7,80,-1.0651184176196649,1.6290403736388512,strong
PT,PT,Lineage7,81,-0.9902505065605554,1.78041038873292,strong
PT,PT,Lineage7,82,-0.9414637611939495,1.9279886675912936,strong
PT,PT,Lineage7,83,-0.9280085848708673,2.0625943378444433,strong
PT,PT,Lineage7,84,-0.9520693162463472,2.179770327578044,strong
PT,PT,Lineage7,85,-1.0081034311832289,2.280225121597885,strong
PT,PT,Lineage7,86,-1.0901758459282949,2.364929638380097,strong
PT,PT,Lineage7,87,-1.192351476728327,2.434854796400811,strong
PT,PT,Lineage7,88,-1.3086952398301077,2.4909715141361586,strong
PT,PT,Lineage7,89,-1.4327672858672011,2.5346082030348707,strong
PT,PT,Lineage7,90,-1.5484639388673316,2.5739375404971763,strong
PT,PT,Lineage7,91,-1.6309890465534345,2.623288525019864,strong
PT,PT,Lineage7,92,-1.6610567785375778,2.6937985704075564,strong
PT,PT,Lineage7,93,-1.6429629030005284,2.782784628268631,strong
PT,PT,Lineage7,94,-1.5869748243911332,2.8840638546801145,strong
PT,PT,Lineage7,95,-1.5033599476214345,2.9914534054475728,strong
PT,PT,Lineage7,96,-1.4023856776034747,3.0987704363765705,strong
PT,PT,Lineage7,97,-1.2943194192492948,3.1998321032726724,strong
PT,PT,Lineage7,98,-1.1894281875372141,3.2880603921270715,strong
PT,PT,Lineage7,99,-1.0979672370283864,3.34495895106261,strong
PT,PT,Lineage7,100,-1.0279587523050753,3.344058220697076,strong
PT,PT,Lineage7,101,-0.9760479096050307,3.287689794650027,strong
PT,PT,Lineage7,102,-0.9352448868372968,3.1876314381167794,strong
PT,PT,Lineage7,103,-0.8985582593166414,3.0556650809109427,strong
PT,PT,Lineage7,104,-0.8589966023578296,2.9035726528461194,strong
PT,PT,Lineage7,105,-0.8095684912756285,2.743136083735916,strong
PT,PT,Lineage7,106,-0.7447096179303759,2.584879970787353,strong
PT,PT,Lineage7,107,-0.665807265583327,2.433204350068309,strong
PT,PT,Lineage7,108,-0.5763622397835918,2.290647180932948,strong
PT,PT,Lineage7,109,-0.4798758377577886,2.159745989552759,strong
PT,PT,Lineage7,110,-0.3798493567325356,2.043038302099231,strong
PT,PT,Lineage7,111,-0.2797840939344515,1.9430616447438536,strong
PT,PT,Lineage7,112,-0.18318134659015453,1.8623535436581145,strong
PT,PT,Lineage7,113,-0.09354241192626171,1.8034515250135028,strong
PT,PT,Lineage7,114,-0.014368587169394218,1.768893114981509,strong
PT,PT,Lineage7,115,0.050838830453831085,1.7612158397336213,strong
PT,PT,Lineage7,116,0.09857854371679554,1.7829572254413282,strong
PT,PT,Lineage7,117,0.12541702739746483,1.836543724990411,strong
PT,PT,Lineage7,118,0.1303215516665217,1.9204670657967648,strong
PT,PT,Lineage7,119,0.11524918957756339,2.0283189102440753,strong
PT,PT,Lineage7,120,0.08234436824349978,2.153383861317588,strong
PT,PT,Lineage7,121,0.03375151477724088,2.28894652200255,strong
PT,PT,Lineage7,122,-0.028384943708303433,2.4282914952842076,strong
PT,PT,Lineage7,123,-0.1019205801002242,2.5647033841478075,strong
PT,PT,Lineage7,124,-0.18471096728560954,2.6914667915785926,strong
PT,PT,Lineage7,125,-0.27461167815154913,2.801866320561811,strong
PT,PT,Lineage7,126,-0.36947828558513673,2.8891865740827103,strong
PT,PT,Lineage7,127,-0.4671663624734575,2.946712155126535,strong
PT,PT,Lineage7,128,-0.5655314817036066,2.9677276666785315,strong
PT,PT,Lineage7,129,-0.662462822835984,2.945720309467736,strong
PT,PT,Lineage7,130,-0.7580683563482766,2.8875532595720106,strong
PT,PT,Lineage7,131,-0.8560168951721008,2.8215562226613375,strong
PT,PT,Lineage7,132,-0.9602687619089861,2.7778376683633677,strong
PT,PT,Lineage7,133,-1.0724003182353556,2.7738647746601552,strong
PT,PT,Lineage7,134,-1.189887519631371,2.8053617328740286,strong
PT,PT,Lineage7,135,-1.3098015733590251,2.8659064993722203,strong
PT,PT,Lineage7,136,-1.4292136866802987,2.949077030521962,strong
PT,PT,Lineage7,137,-1.5451950668571843,3.048451282690489,strong
PT,PT,Lineage7,138,-1.6548169211516621,3.1576072122450287,strong
PT,PT,Lineage7,139,-1.7551504568257246,3.2701227755528195,strong
PT,PT,Lineage7,140,-1.8432668811413542,3.3795759289810903,strong
PT,PT,Lineage7,141,-1.9162374013605368,3.4795446288970706,strong
PT,PT,Lineage7,142,-1.9711332247452618,3.5636068316679985,strong
PT,PT,Lineage7,143,-2.0050255585575134,3.625340493661103,strong
PT,PT,Lineage7,144,-2.01498561005928,3.658323571243619,strong
PT,PT,Lineage7,145,-1.999306191630325,3.6577810908638035,strong
PT,PT,Lineage7,146,-1.961182940003314,3.625548476377946,strong
PT,PT,Lineage7,147,-1.9050413127272758,3.5651192988145897,strong
PT,PT,Lineage7,148,-1.8353067673529462,3.47998712920458,strong
PT,PT,Lineage7,149,-1.7564047614310643,3.373645538578765,strong
PT,PT,Lineage7,150,-1.6727607525123647,3.249588097967989,strong
PT,PT,Lineage7,151,-1.588800198147586,3.1113083784031006,strong
PT,PT,Lineage7,152,-1.5089485558874676,2.9622999509149506,strong
PT,PT,Lineage7,153,-1.437630734639242,2.806064712145291,strong
PT,PT,Lineage7,154,-1.379126160855945,2.6483122406049735,strong
PT,PT,Lineage7,155,-1.3373740200295299,2.4999152377737413,strong
PT,PT,Lineage7,156,-1.3162649333411158,2.372483363750274,strong
PT,PT,Lineage7,157,-1.3196895219718172,2.277626278633235,strong
PT,PT,Lineage7,158,-1.3515384071027503,2.2269536425213006,strong
PT,PT,Lineage7,159,-1.4147911566672966,2.2303249826340825,strong
PT,PT,Lineage7,160,-1.5037382091827043,2.2809080124916834,strong
PT,PT,Lineage7,161,-1.6078522530903006,2.3626155498856627,strong
PT,PT,Lineage7,162,-1.7165546711160347,2.4592618543514106,strong
PT,PT,Lineage7,163,-1.8192668459858452,2.5546611854243095,strong
PT,PT,Lineage7,164,-1.9054101604256823,2.632627802639752,strong
PT,PT,Lineage7,165,-1.96441615699462,2.676991049162335,strong
PT,PT,Lineage7,166,-1.989531364024478,2.6772441240580345,strong
PT,PT,Lineage7,167,-1.983526374544115,2.6370199724502985,strong
PT,PT,Lineage7,168,-1.9506335215069588,2.562121687607605,strong
PT,PT,Lineage7,169,-1.8950851378664395,2.4583523627984403,strong
PT,PT,Lineage7,170,-1.8211135565759808,2.3315150912912763,strong
PT,PT,Lineage7,171,-1.7329511105890136,2.1874129663546,strong
PT,PT,Lineage7,172,-1.6348301328589672,2.031849081256894,strong
PT,PT,Lineage7,173,-1.530982956339264,1.8706265292666302,strong
PT,PT,Lineage7,174,-1.4256419139833385,1.7095484036522992,strong
PT,PT,Lineage7,175,-1.3230393387446115,1.5544177976823716,strong
PT,PT,Lineage7,176,-1.2274075635765176,1.4110378046253371,strong
PT,PT,Lineage7,177,-1.1429789214324786,1.2852115177496677,strong
PT,PT,Lineage7,178,-1.073985745265927,1.1827420303238516,strong
PT,PT,Lineage7,179,-1.024660368030287,1.1094324356163627,strong
PT,PT,Lineage7,180,-0.9992351226789887,1.0710858268956862,strong
PT,PT,Lineage7,181,-1.0019423421654587,1.0735052974302999,strong
PT,PT,Lineage7,182,-1.0360978882418246,1.1209791073299906,strong
PT,PT,Lineage7,183,-1.0978909571794688,1.206015867583182,strong
PT,PT,Lineage7,184,-1.1801728400566935,1.3156069732964657,strong
PT,PT,Lineage7,185,-1.2757757460387449,1.4367122791258602,strong
PT,PT,Lineage7,186,-1.3775318842908792,1.5562916397273967,strong
PT,PT,Lineage7,187,-1.4782734639783413,1.6613049097570924,strong
PT,PT,Lineage7,188,-1.5708326942663873,1.7387119438709786,strong
PT,PT,Lineage7,189,-1.6480417843202633,1.7754725967250744,strong
PT,PT,Lineage7,190,-1.7027555072003646,1.7585936100110373,strong
PT,PT,Lineage7,191,-1.732265419889697,1.684301217204624,strong
PT,PT,Lineage7,192,-1.7435970265915715,1.5690484755326695,strong
PT,PT,Lineage7,193,-1.7450676844718165,1.4319728703983579,strong
PT,PT,Lineage7,194,-1.7449947506962615,1.2922118872048753,strong
PT,PT,Lineage7,195,-1.7516955824307363,1.1689030113553966,strong
PT,PT,Lineage7,196,-1.7734265328626948,1.0810443519483213,strong
PT,PT,Lineage7,197,-1.8145166246904791,1.0386612129332657,strong
PT,PT,Lineage7,198,-1.873048761718685,1.0375083376526018,strong
PT,PT,Lineage7,199,-1.9465495540236601,1.0720695004678722,strong
PT,PT,Lineage7,200,-2.032545611681745,1.1368284757406195,strong
PT,PT,Lineage7,201,-2.1285635447692877,1.2262690378323897,strong
PT,PT,Lineage7,202,-2.232129963362627,1.334874961104722,strong
PT,PT,Lineage7,203,-2.3407714775381128,1.4571300199191655,strong
PT,PT,Lineage7,204,-2.452014697372085,1.5875179886372606,strong
PT,PT,Lineage7,205,-2.5633862329408865,1.720522641620547,strong
PT,PT,Lineage7,206,-2.672412556035283,1.8506285065763486,strong
PT,PT,Lineage7,207,-2.7765027821857875,1.9729594391916128,strong
PT,PT,Lineage7,208,-2.87273504282617,2.0844424149308955,strong
PT,PT,Lineage7,209,-2.9581295370786482,2.1823200102128038,strong
PT,PT,Lineage7,210,-3.0297064640654443,2.263834801455956,strong
PT,PT,Lineage7,211,-3.0844860229087736,2.3262293650789574,strong
PT,PT,Lineage7,212,-3.1194884127308606,2.3667462775004253,strong
PT,PT,Lineage7,213,-3.1323081292602923,2.3831723453440876,strong
PT,PT,Lineage7,214,-3.1238583324439175,2.3764392959735536,strong
PT,PT,Lineage7,215,-3.096241581541201,2.348605986922967,strong
PT,PT,Lineage7,216,-3.0515619589418947,2.3017327191156447,strong
PT,PT,Lineage7,217,-2.9919235470357437,2.237879793474903,strong
PT,PT,Lineage7,218,-2.9194304282125016,2.159107510924063,strong
PT,PT,Lineage7,219,-2.8361866848619117,2.0674761723864385,strong
PT,PT,Lineage7,220,-2.7442963993737273,1.9650460787853512,strong
PT,PT,Lineage7,221,-2.6458636541376928,1.8538775310441142,strong
PT,PT,Lineage7,222,-2.542992531543562,1.736030830086051,strong
PT,PT,Lineage7,223,-2.4377871139810776,1.6135662768344732,strong
PT,PT,Lineage7,224,-2.3323514838399957,1.488544172212705,strong
PT,PT,Lineage7,225,-2.228789723510057,1.3630248171440573,strong
PT,PT,Lineage7,226,-2.129205915381015,1.2390685125518512,strong
PT,PT,Lineage7,227,-2.0357041418426207,1.1187355593594088,strong
PT,PT,Lineage7,228,-1.9503884258010555,1.004086197651799,strong
PT,PT,Lineage7,229,-1.8747858993153403,0.8965906385418295,strong
PT,PT,Lineage7,230,-1.8084319795550872,0.7956820188932959,strong
PT,PT,Lineage7,231,-1.7504325613930753,0.7003541713227343,strong
PT,PT,Lineage7,232,-1.6998935397020762,0.60960092844667,strong
PT,PT,Lineage7,233,-1.6559208093548685,0.5224161228816383,strong
PT,PT,Lineage7,234,-1.617620265224224,0.4377935872441647,strong
PT,PT,Lineage7,235,-1.5840978021829197,0.354727154150782,strong
PT,PT,Lineage7,236,-1.5544593151037318,0.27221065621802265,strong
PT,PT,Lineage7,237,-1.5278106988594329,0.18923792606241263,strong
PT,PT,Lineage7,238,-1.5032578483228012,0.10480279630048696,strong
PT,PT,Lineage7,239,-1.479906658366609,0.017899099548771245,strong
PT,PT,Lineage7,240,-1.456863023863633,-0.07247933157619942,strong
PT,PT,Lineage7,241,-1.433232839686648,-0.16733866445789955,strong
PT,PT,Lineage7,242,-1.4081220007084296,-0.26768506647979345,strong
PT,PT,Lineage7,243,-1.380636401801752,-0.3745247050253564,strong
PT,PT,Lineage7,244,-1.3498819378393918,-0.48886374747805217,strong
PT,PT,Lineage7,245,-1.3149645036941229,-0.6117083612213566,strong
PT,PT,Lineage7,246,-1.2749899942387202,-0.7440647136387362,strong
PT,PT,Lineage7,247,-1.2290643043459615,-0.8869389721136572,strong
PT,PT,Lineage7,248,-1.1762933288886182,-1.0413373040295961,strong
PT,PT,Lineage7,249,-1.1157829627394675,-1.2082658767700196,strong
PT,PT,Lineage8,0,-4.122874524796651,-4.962914968188493,strong
PT,PT,Lineage8,1,-4.057841231866172,-4.864709218574385,strong
PT,PT,Lineage8,2,-3.990805616628284,-4.769818519023198,strong
PT,PT,Lineage8,3,-3.9218555547096607,-4.678055852657829,strong
PT,PT,Lineage8,4,-3.851078921736965,-4.589234202601164,strong
PT,PT,Lineage8,5,-3.778563593336868,-4.503166551976098,strong
PT,PT,Lineage8,6,-3.7043974451360344,-4.419665883905518,strong
PT,PT,Lineage8,7,-3.6286683527611294,-4.338545181512316,strong
PT,PT,Lineage8,8,-3.5514641918388223,-4.259617427919382,strong
PT,PT,Lineage8,9,-3.4728728379957783,-4.182695606249607,strong
PT,PT,Lineage8,10,-3.392982166858668,-4.107592699625883,strong
PT,PT,Lineage8,11,-3.3118800540541553,-4.034121691171098,strong
PT,PT,Lineage8,12,-3.2296543752089084,-3.962095564008145,strong
PT,PT,Lineage8,13,-3.1463930059495926,-3.891327301259912,strong
PT,PT,Lineage8,14,-3.062183821902878,-3.8216298860492928,strong
PT,PT,Lineage8,15,-2.9771146986954284,-3.7528163014991747,strong
PT,PT,Lineage8,16,-2.891273511953913,-3.684699530732451,strong
PT,PT,Lineage8,17,-2.804748137304998,-3.6170925568720107,strong
PT,PT,Lineage8,18,-2.7176264503753513,-3.5498083630407455,strong
PT,PT,Lineage8,19,-2.6299963267916384,-3.4826599323615453,strong
PT,PT,Lineage8,20,-2.541945642180528,-3.4154602479573013,strong
PT,PT,Lineage8,21,-2.4535622721686865,-3.3480222929509034,strong
PT,PT,Lineage8,22,-2.3649340923827804,-3.2801590504652434,strong
PT,PT,Lineage8,23,-2.2761489784494766,-3.21168350362321,strong
PT,PT,Lineage8,24,-2.1872948059954433,-3.142408635547695,strong
PT,PT,Lineage8,25,-2.098459450647346,-3.072147429361589,strong
PT,PT,Lineage8,26,-2.009730788031854,-3.000712868187783,strong
PT,PT,Lineage8,27,-1.9211966937756324,-2.927917935149167,strong
PT,PT,Lineage8,28,-1.832945043505349,-2.8535756133686316,strong
PT,PT,Lineage8,29,-1.745063714726229,-2.7774988875943944,strong
PT,PT,Lineage8,30,-1.6576884851820852,-2.6995421857864486,strong
PT,PT,Lineage8,31,-1.5711275736893628,-2.619709131652101,strong
PT,PT,Lineage8,32,-1.4857279897773197,-2.538036910562931,strong
PT,PT,Lineage8,33,-1.4018367429752143,-2.454562707890521,strong
PT,PT,Lineage8,34,-1.3198008428123065,-2.3693237090064514,strong
PT,PT,Lineage8,35,-1.2399672988178523,-2.282357099282302,strong
PT,PT,Lineage8,36,-1.162683120521113,-2.193700064089656,strong
PT,PT,Lineage8,37,-1.0882953174513463,-2.1033897888000923,strong
PT,PT,Lineage8,38,-1.0171508991378104,-2.011463458785193,strong
PT,PT,Lineage8,39,-0.9495968751097645,-1.9179582594165387,strong
PT,PT,Lineage8,40,-0.8859802548964664,-1.8229113760657096,strong
PT,PT,Lineage8,41,-0.8266480480271756,-1.7263599941042882,strong
PT,PT,Lineage8,42,-0.7719472640311505,-1.6283412989038544,strong
PT,PT,Lineage8,43,-0.7222249124376497,-1.52889247583599,strong
PT,PT,Lineage8,44,-0.6778280027759318,-1.428050710272275,strong
PT,PT,Lineage8,45,-0.6391035445752551,-1.3258531875842907,strong
PT,PT,Lineage8,46,-0.6063985473648785,-1.2223370931436175,strong
PT,PT,Lineage8,47,-0.5800600206740608,-1.1175396123218377,strong
PT,PT,Lineage8,48,-0.5604349740320603,-1.0114979304905314,strong
PT,PT,Lineage8,49,-0.5478945841420526,-0.9042725747719021,strong
PT,PT,Lineage8,50,-0.5430166752595019,-0.7961236618491366,strong
PT,PT,Lineage8,51,-0.5464839264031705,-0.6874125818826144,strong
PT,PT,Lineage8,52,-0.558979838047739,-0.57850151843203,strong
PT,PT,Lineage8,53,-0.5811879106678876,-0.4697526550570761,strong
PT,PT,Lineage8,54,-0.6137916447382967,-0.36152817531744547,strong
PT,PT,Lineage8,55,-0.6574745407336468,-0.2541902627728313,strong
PT,PT,Lineage8,56,-0.7129200991286184,-0.14810110098292698,strong
PT,PT,Lineage8,57,-0.7808118203978927,-0.04362287350742487,strong
PT,PT,Lineage8,58,-0.8618332050161485,0.05888223609398042,strong
PT,PT,Lineage8,59,-0.9559862350061205,0.1591032870251195,strong
PT,PT,Lineage8,60,-1.0582486685796126,0.2571071053894492,strong
PT,PT,Lineage8,61,-1.1613513221132896,0.35312946283955887,strong
PT,PT,Lineage8,62,-1.2580145184283487,0.44740692002909904,strong
PT,PT,Lineage8,63,-1.3409585803459858,0.5401760376117184,strong
PT,PT,Lineage8,64,-1.4029038306873987,0.6316733762410673,strong
PT,PT,Lineage8,65,-1.4365705922737844,0.7221354965707959,strong
PT,PT,Lineage8,66,-1.4346791879263396,0.8117989592545538,strong
PT,PT,Lineage8,67,-1.390005524094876,0.9008963483023341,strong
PT,PT,Lineage8,68,-1.3039710052934084,0.9890417191052752,strong
PT,PT,Lineage8,69,-1.1959346446953032,1.0745658089359704,strong
PT,PT,Lineage8,70,-1.0874859853352408,1.1556397753014316,strong
PT,PT,Lineage8,71,-1.000214570247906,1.2304347757086675,strong
PT,PT,Lineage8,72,-0.9557099424679791,1.2971219676646903,strong
PT,PT,Lineage8,73,-0.9740332905569654,1.3541081656118434,strong
PT,PT,Lineage8,74,-1.051726070312698,1.4034266909581,strong
PT,PT,Lineage8,75,-1.1668853513588604,1.4499548045222002,strong
PT,PT,Lineage8,76,-1.2971137570392446,1.4986460057815545,strong
PT,PT,Lineage8,77,-1.4200139106976422,1.5544537942135719,strong
PT,PT,Lineage8,78,-1.5131884356778458,1.6223316692956629,strong
PT,PT,Lineage8,79,-1.5553249144157408,1.7069475324522152,strong
PT,PT,Lineage8,80,-1.543457993440057,1.808139715198711,strong
PT,PT,Lineage8,81,-1.4899111056075847,1.92172202163741,strong
PT,PT,Lineage8,82,-1.4074746045996223,2.043385346463791,strong
PT,PT,Lineage8,83,-1.3089388440974665,2.168820584373332,strong
PT,PT,Lineage8,84,-1.207094177782417,2.2937186300615116,strong
PT,PT,Lineage8,85,-1.1147309593357706,2.4137703782238065,strong
PT,PT,Lineage8,86,-1.0446395424388253,2.5246667235556943,strong
PT,PT,Lineage8,87,-1.0096102807728795,2.6220985607526544,strong
PT,PT,Lineage8,88,-1.022433528019231,2.701756784510163,strong
PT,PT,Lineage8,89,-1.0958996378591777,2.7593322895237,strong
PT,PT,Lineage8,90,-1.226436280220212,2.793280136800198,strong
PT,PT,Lineage8,91,-1.3307374683914175,2.815524882380864,strong
PT,PT,Lineage8,92,-1.313596977546319,2.8404027344815796,strong
PT,PT,Lineage8,93,-1.1876723645497806,2.8675336143139254,strong
PT,PT,Lineage8,94,-1.021321873742302,2.888937880418297,strong
PT,PT,Lineage8,95,-0.8833688637450751,2.8965724331394087,strong
PT,PT,Lineage8,96,-0.8423441511539269,2.8824740040949415,strong
PT,PT,Lineage8,97,-0.9239250348972686,2.8503735451165992,strong
PT,PT,Lineage8,98,-1.0662147096201406,2.8278999495885886,strong
PT,PT,Lineage8,99,-1.1970856281734987,2.845337624385952,strong
PT,PT,Lineage8,100,-1.2738179331240107,2.916329357521547,strong
PT,PT,Lineage8,101,-1.3001515262820702,3.0282266637651696,strong
PT,PT,Lineage8,102,-1.283927237863715,3.1660603693807334,strong
PT,PT,Lineage8,103,-1.2329858980849842,3.314861300632148,strong
PT,PT,Lineage8,104,-1.1551683371619155,3.4596602837833275,strong
PT,PT,Lineage8,105,-1.0583153853105476,3.5854881450981844,strong
PT,PT,Lineage8,106,-0.950267872746918,3.67737571084063,strong
PT,PT,Lineage8,107,-0.8388666296870658,3.720353807274579,strong
PT,PT,Lineage8,108,-0.7311076532510136,3.703746339262118,strong
PT,PT,Lineage8,109,-0.6278988785459081,3.6478141255423164,strong
PT,PT,Lineage8,110,-0.5274793413221976,3.5863801840187515,strong
PT,PT,Lineage8,111,-0.42807678039935004,3.5533234609654722,strong
PT,PT,Lineage8,112,-0.32829013649702277,3.571895697081572,strong
PT,PT,Lineage8,113,-0.2279648698648017,3.6296618025543577,strong
PT,PT,Lineage8,114,-0.12720792033811268,3.7067049183658316,strong
PT,PT,Lineage8,115,-0.026662008063978972,3.787259133137149,strong
PT,PT,Lineage8,116,0.07125806396107097,3.8692877132163046,strong
PT,PT,Lineage8,117,0.16377162364320616,3.9535884887320116,strong
PT,PT,Lineage8,118,0.24809799888859532,4.040959289812977,strong
PT,PT,Lineage8,119,0.3214565176034076,4.132197946587914,strong
PT,PT,Lineage8,120,0.38106650769381184,4.228102289185534,strong
PT,PT,Lineage8,121,0.4241472970659768,4.329470147734544,strong
PT,PT,Lineage8,122,0.4479182136260714,4.437099352363658,strong
PT,PT,Lineage8,123,0.4495985852802649,4.551787733201587,strong
PT,PT,Lineage8,124,0.426409305788572,4.6743322714694315,strong
PT,PT,Lineage8,125,0.3775152108246587,4.804476065179113,strong
PT,PT,Lineage8,126,0.3078157398421639,4.9388532703558585,strong
PT,PT,Lineage8,127,0.2232626121426992,5.073527562983614,strong
PT,PT,Lineage8,128,0.12980754702786848,5.204562619046332,strong
PT,PT,Lineage8,129,0.03340226379928195,5.32802211452796,strong
PT,PT,Lineage8,130,-0.060001518241449156,5.439969725412444,strong
PT,PT,Lineage8,131,-0.1444520797927223,5.536469127683739,strong
PT,PT,Lineage8,132,-0.21399770155292436,5.613583997325788,strong
PT,PT,Lineage8,133,-0.2626866642204511,5.667378010322547,strong
PT,PT,Lineage8,134,-0.28456724849369186,5.693914842657959,strong
PT,PT,Lineage8,135,-0.2736877350710398,5.689258170315978,strong
PT,PT,Lineage8,136,-0.22609224184788482,5.6511571809200305,strong
PT,PT,Lineage8,137,-0.14668491445500267,5.584843475938009,strong
PT,PT,Lineage8,138,-0.04282762018029359,5.497624236181607,strong
PT,PT,Lineage8,139,0.07811768092512646,5.396806720802315,strong
PT,PT,Lineage8,140,0.208789028810132,5.289698188951635,strong
PT,PT,Lineage8,141,0.3418244634235976,5.1836058997810674,strong
PT,PT,Lineage8,142,0.46986202471440836,5.0858371124421,strong
PT,PT,Lineage8,143,0.5855397526314353,5.003699086086234,strong
PT,PT,Lineage8,144,0.6814956871235629,4.944499079864964,strong
PT,PT,Lineage8,145,0.7503678681396638,4.915544352929789,strong
PT,PT,Lineage8,146,0.78479433562862,4.924142164432203,strong
PT,PT,Lineage8,147,0.777713905306792,4.977337039334325,strong
PT,PT,Lineage8,148,0.7329734470839805,5.07264507948039,strong
PT,PT,Lineage8,149,0.6681518794712319,5.1955871429224985,strong
PT,PT,Lineage8,150,0.6017030970744619,5.330919777020671,strong
PT,PT,Lineage8,151,0.5520809944995909,5.463399529134911,strong
PT,PT,Lineage8,152,0.5377394663525383,5.5777829466252244,strong
PT,PT,Lineage8,153,0.5771324072392224,5.658826576851632,strong
PT,PT,Lineage8,154,0.6845841187202394,5.693138846835819,strong
PT,PT,Lineage8,155,0.8354024686121717,5.6848247599761415,strong
PT,PT,Lineage8,156,0.9834241807345937,5.647617865255162,strong
PT,PT,Lineage8,157,1.0822628664117049,5.595351764490663,strong
PT,PT,Lineage8,158,1.0856701478831638,5.541816241935327,strong
PT,PT,Lineage8,159,0.9914508622509748,5.486814473583325,strong
PT,PT,Lineage8,160,0.902775474500478,5.3970920683267565,strong
PT,PT,Lineage8,161,0.8710067402327227,5.274533911896664,strong
PT,PT,Lineage8,162,0.8519231838929204,5.177770610547411,strong
PT,PT,Lineage8,163,0.8024281708305313,5.159391371359718,strong
PT,PT,Lineage8,164,0.7247920198843005,5.215847359413338,strong
PT,PT,Lineage8,165,0.6366237107955323,5.3246093515591895,strong
PT,PT,Lineage8,166,0.5555442873454255,5.46313319634628,strong
PT,PT,Lineage8,167,0.4991747933151884,5.608874742323605,strong
PT,PT,Lineage8,168,0.4851362724860216,5.739289838040176,strong
PT,PT,Lineage8,169,0.5298734439194647,5.832826832386228,strong
PT,PT,Lineage8,170,0.6299538837405834,5.884705014127271,strong
PT,PT,Lineage8,171,0.7653892169552579,5.904112423055303,strong
PT,PT,Lineage8,172,0.9156859498297183,5.900663282747367,strong
PT,PT,Lineage8,173,1.0603505886302074,5.883971816780498,strong
PT,PT,Lineage8,174,1.1788896396229527,5.8636522487317455,strong
PT,PT,Lineage8,175,1.2508096090741945,5.849318802178144,strong
PT,PT,Lineage8,176,1.2578673365402677,5.849967423475628,strong
PT,PT,Lineage8,177,1.2038795381972434,5.868533126017701,strong
PT,PT,Lineage8,178,1.1051627645059758,5.90451660400617,strong
PT,PT,Lineage8,179,0.9781762740000189,5.957379342717214,strong
PT,PT,Lineage8,180,0.8393793252129378,6.026582827427001,strong
PT,PT,Lineage8,181,0.7052311766782843,6.111588543411714,strong
PT,PT,Lineage8,182,0.5920593020355029,6.211828053540915,strong
PT,PT,Lineage8,183,0.509436857818256,6.3251993198557175,strong
PT,PT,Lineage8,184,0.45708177924845483,6.447362628059045,strong
PT,PT,Lineage8,185,0.433932149366942,6.573801194590957,strong
PT,PT,Lineage8,186,0.4389260512145565,6.699998235891536,strong
PT,PT,Lineage8,187,0.47100156783213804,6.821436968400842,strong
PT,PT,Lineage8,188,0.5290967822605283,6.93360060855895,strong
PT,PT,Lineage8,189,0.6121497775405641,7.031972372805926,strong
PT,PT,Lineage8,190,0.71909863671309,7.112035477581843,strong
PT,PT,Lineage8,191,0.8476759983386757,7.1699635624027644,strong
PT,PT,Lineage8,192,0.9849437701735431,7.20804196989985,strong
PT,PT,Lineage8,193,1.1123928028135586,7.231746887645001,strong
PT,PT,Lineage8,194,1.211465564236779,7.2465822145451195,strong
PT,PT,Lineage8,195,1.263604524964562,7.258051848935228,strong
PT,PT,Lineage8,196,1.255448567889515,7.270491225701939,strong
PT,PT,Lineage8,197,1.1939327987671726,7.2836719782354615,strong
PT,PT,Lineage8,198,1.0909468900585109,7.296251657808493,strong
PT,PT,Lineage8,199,0.9583805142244979,7.306887815693735,strong
PT,PT,Lineage8,200,0.8081233437261144,7.314238003163895,strong
PT,PT,Lineage8,201,0.6520650510243255,7.3169597714916765,strong
PT,PT,Lineage8,202,0.5020953085801135,7.313710671949779,strong
PT,PT,Lineage8,203,0.37010378885444317,7.303148255810906,strong
PT,PT,Lineage8,204,0.26610886704426,7.284198077842589,strong
PT,PT,Lineage8,205,0.1911511127919239,7.257071476375848,strong
PT,PT,Lineage8,206,0.14358194767606927,7.222364924211274,strong
PT,PT,Lineage8,207,0.12175229404209373,7.180674965648653,strong
PT,PT,Lineage8,208,0.12401307423539129,7.132598144987773,strong
PT,PT,Lineage8,209,0.14871521060135645,7.078731006528418,strong
PT,PT,Lineage8,210,0.19420962548538587,7.019670094570375,strong
PT,PT,Lineage8,211,0.25884724123287217,6.9560119534134355,strong
PT,PT,Lineage8,212,0.34097898018921385,6.888353127357381,strong
PT,PT,Lineage8,213,0.43895576469980124,6.817290160702,strong
PT,PT,Lineage8,214,0.5511285171100347,6.743419597747078,strong
PT,PT,Lineage8,215,0.6758481597653072,6.6673379827924055,strong
PT,PT,Lineage8,216,0.811465615011009,6.589641860137767,strong
PT,PT,Lineage8,217,0.9563318051925437,6.5109277740829485,strong
PT,PT,Lineage8,218,1.1087976526552974,6.43179226892774,strong
PT,PT,Lineage8,219,1.2672140797446736,6.352831888971924,strong
PT,PT,Lineage8,220,1.4299320088060596,6.27464317851529,strong
PT,PT,Lineage8,221,1.5953023621848579,6.197822681857621,strong
PT,PT,Lineage8,222,1.7616760622264553,6.122966943298711,strong
PT,PT,Lineage8,223,1.927404031276256,6.050672507138342,strong
PT,PT,Lineage8,224,2.090837191679646,5.981535917676302,strong
PT,PT,Lineage8,225,2.2503264657820283,5.916153719212375,strong
PT,PT,Lineage8,226,2.404222775928795,5.8551224560463515,strong
PT,PT,Lineage8,227,2.5508770444653357,5.799038672478017,strong
PT,PT,Lineage8,228,2.6886401937370548,5.748498912807159,strong
PT,PT,Lineage8,229,2.8158631460893373,5.704099721333563,strong
PT,PT,Lineage8,230,2.9308968238675877,5.666437642357016,strong
PT,PT,Lineage8,231,3.0320921494171937,5.636109220177306,strong
PT,PT,Lineage8,232,3.117800045083556,5.613710999094218,strong
PT,PT,Lineage8,233,3.1863714332120656,5.599839523407541,strong
PT,PT,Lineage8,234,3.23615723614812,5.595091337417059,strong
PT,PT,Lineage8,235,3.265508376237113,5.600062985422561,strong
PT,PT,Lineage8,236,3.272775775824439,5.615351011723833,strong
PT,PT,Lineage8,237,3.256310357255494,5.641551960620663,strong
PT,PT,Lineage8,238,3.2144630428756744,5.679262376412836,strong
PT,PT,Lineage8,239,3.1455847550303706,5.729078803400139,strong
PT,PT,Lineage8,240,3.048026416064984,5.791597785882359,strong
PT,PT,Lineage8,241,2.9201389483249036,5.867415868159285,strong
PT,PT,Lineage8,242,2.76027327415553,5.9571295945306995,strong
PT,PT,Lineage8,243,2.566780315902251,6.061335509296395,strong
PT,PT,Lineage8,244,2.3380109959104725,6.180630156756153,strong
PT,PT,Lineage8,245,2.0723162365255754,6.315610081209764,strong
PT,PT,Lineage8,246,1.7680469600929618,6.4668718269570125,strong
PT,PT,Lineage8,247,1.4235540889580365,6.635011938297684,strong
PT,PT,Lineage8,248,1.0371885454661747,6.820626959531572,strong
PT,PT,Lineage8,249,0.607301251962781,7.024313434958458,strong
PT,PT,Lineage9,0,-4.047894793677892,-4.968607712148414,strong
PT,PT,Lineage9,1,-4.1392939520566925,-4.939108652813104,strong
PT,PT,Lineage9,2,-4.213941371827092,-4.906951540211589,strong
PT,PT,Lineage9,3,-4.272666954725395,-4.872300591060198,strong
PT,PT,Lineage9,4,-4.316300602487902,-4.835320022075244,strong
PT,PT,Lineage9,5,-4.3456722168509145,-4.796174049973047,strong
PT,PT,Lineage9,6,-4.361611699550737,-4.755026891469928,strong
PT,PT,Lineage9,7,-4.36494895232367,-4.712042763282209,strong
PT,PT,Lineage9,8,-4.356513876906018,-4.667385882126208,strong
PT,PT,Lineage9,9,-4.33713637503408,-4.621220464718244,strong
PT,PT,Lineage9,10,-4.307646348444161,-4.573710727774639,strong
PT,PT,Lineage9,11,-4.268873698872561,-4.525020888011711,strong
PT,PT,Lineage9,12,-4.221648328055584,-4.475315162145781,strong
PT,PT,Lineage9,13,-4.166800137729531,-4.424757766893168,strong
PT,PT,Lineage9,14,-4.105159029630706,-4.373512918970193,strong
PT,PT,Lineage9,15,-4.037554905495409,-4.321744835093175,strong
PT,PT,Lineage9,16,-3.9648176670599447,-4.269617731978435,strong
PT,PT,Lineage9,17,-3.8877772160606137,-4.2172958263422915,strong
PT,PT,Lineage9,18,-3.807263454233718,-4.164943334901065,strong
PT,PT,Lineage9,19,-3.7241062833155607,-4.112724474371075,strong
PT,PT,Lineage9,20,-3.6391356050424437,-4.060803461468641,strong
PT,PT,Lineage9,21,-3.55318132115067,-4.009344512910085,strong
PT,PT,Lineage9,22,-3.467073333376542,-3.9585118454117247,strong
PT,PT,Lineage9,23,-3.38164154345636,-3.908469675689881,strong
PT,PT,Lineage9,24,-3.2977158531264283,-3.859382220460874,strong
PT,PT,Lineage9,25,-3.216126164123047,-3.8114136964410217,strong
PT,PT,Lineage9,26,-3.1377023781825204,-3.764728320346646,strong
PT,PT,Lineage9,27,-3.063148752442977,-3.7194649392639523,strong
PT,PT,Lineage9,28,-2.992340695501792,-3.675595042659269,strong
PT,PT,Lineage9,29,-2.924817853722892,-3.6330223242974586,strong
PT,PT,Lineage9,30,-2.8601189206593056,-3.5916502855558026,strong
PT,PT,Lineage9,31,-2.7977825898640623,-3.551382427811583,strong
PT,PT,Lineage9,32,-2.7373475548901895,-3.5121222524420803,strong
PT,PT,Lineage9,33,-2.6783525092907166,-3.4737732608245766,strong
PT,PT,Lineage9,34,-2.620336146618672,-3.4362389543363534,strong
PT,PT,Lineage9,35,-2.5628371604270828,-3.399422834354691,strong
PT,PT,Lineage9,36,-2.50539424426898,-3.3632284022568735,strong
PT,PT,Lineage9,37,-2.4475460916973906,-3.3275591594201797,strong
PT,PT,Lineage9,38,-2.3888313962653442,-3.292318607221893,strong
PT,PT,Lineage9,39,-2.3287909814173804,-3.257410305619756,strong
PT,PT,Lineage9,40,-2.2671688113657757,-3.2227434017480987,strong
PT,PT,Lineage9,41,-2.2040769811947576,-3.188237167799907,strong
PT,PT,Lineage9,42,-2.139666416534938,-3.1538119439621606,strong
PT,PT,Lineage9,43,-2.0740880430169306,-3.1193880704218353,strong
PT,PT,Lineage9,44,-2.0074927862713468,-3.084885887365912,strong
PT,PT,Lineage9,45,-1.9400315719288006,-3.0502257349813684,strong
PT,PT,Lineage9,46,-1.8718553256199033,-3.0153279534551816,strong
PT,PT,Lineage9,47,-1.8031149729752691,-2.9801128829743315,strong
PT,PT,Lineage9,48,-1.7339614396255099,-2.944500863725797,strong
PT,PT,Lineage9,49,-1.6645456512012387,-2.908412235896555,strong
PT,PT,Lineage9,50,-1.595018533333068,-2.871767339673585,strong
PT,PT,Lineage9,51,-1.52553101165161,-2.8344865152438636,strong
PT,PT,Lineage9,52,-1.456234011787479,-2.7964901027943725,strong
PT,PT,Lineage9,53,-1.3872784593712866,-2.757698442512088,strong
PT,PT,Lineage9,54,-1.3188152800336455,-2.7180318745839886,strong
PT,PT,Lineage9,55,-1.2509953994051681,-2.6774107391970525,strong
PT,PT,Lineage9,56,-1.1839697431164686,-2.6357553765382598,strong
PT,PT,Lineage9,57,-1.1178892367981577,-2.5929861267945866,strong
PT,PT,Lineage9,58,-1.0529048060808497,-2.549023330153013,strong
PT,PT,Lineage9,59,-0.9891673765951566,-2.5037873268005173,strong
PT,PT,Lineage9,60,-0.9268278739716916,-2.4571984569240772,strong
PT,PT,Lineage9,61,-0.8660372238410672,-2.409177060710672,strong
PT,PT,Lineage9,62,-0.8069463518338953,-2.3596434783472793,strong
PT,PT,Lineage9,63,-0.7497061835807899,-2.3085180500208784,strong
PT,PT,Lineage9,64,-0.6944676447123632,-2.2557211159184467,strong
PT,PT,Lineage9,65,-0.6413816608592278,-2.2011730162269636,strong
PT,PT,Lineage9,66,-0.5905991576519966,-2.1447940911334062,strong
PT,PT,Lineage9,67,-0.5422710607212822,-2.086504680824755,strong
PT,PT,Lineage9,68,-0.4965482956976972,-2.026225125487987,strong
PT,PT,Lineage9,69,-0.45358178821185446,-1.9638757653100807,strong
PT,PT,Lineage9,70,-0.41352246389436637,-1.899376940478014,strong
PT,PT,Lineage9,71,-0.3765212483758465,-1.8326489911787671,strong
PT,PT,Lineage9,72,-0.342729067286907,-1.763612257599317,strong
PT,PT,Lineage9,73,-0.3122968462581606,-1.6921870799266427,strong
PT,PT,Lineage9,74,-0.2853755109202202,-1.618293798347723,strong
PT,PT,Lineage9,75,-0.26211598690369825,-1.5418527530495354,strong
PT,PT,Lineage9,76,-0.24266919983920765,-1.462784284219059,strong
PT,PT,Lineage9,77,-0.227186075357361,-1.3810087320432718,strong
PT,PT,Lineage9,78,-0.21581753908877113,-1.2964464367091528,strong
PT,PT,Lineage9,79,-0.2087145166640507,-1.2090177384036798,strong
PT,PT,Lineage9,80,-0.20602793371381245,-1.1186429773138307,strong
PT,PT,Lineage9,81,-0.20790619581415815,-1.02525120072686,strong
PT,PT,Lineage9,82,-0.21431155499111726,-0.9294146394880616,strong
PT,PT,Lineage9,83,-0.22489560284885526,-0.8327788946545815,strong
PT,PT,Lineage9,84,-0.23928044346588298,-0.7370914503347408,strong
PT,PT,Lineage9,85,-0.2570881809207111,-0.6440997906368601,strong
PT,PT,Lineage9,86,-0.2779409192918504,-0.5555513996692609,strong
PT,PT,Lineage9,87,-0.3014607626578116,-0.47319376154026394,strong
PT,PT,Lineage9,88,-0.3272698150971055,-0.39877436035819047,strong
PT,PT,Lineage9,89,-0.35499018068824273,-0.33404068023136135,strong
PT,PT,Lineage9,90,-0.38424396350973417,-0.2807402052680977,strong
PT,PT,Lineage9,91,-0.4146532676400911,-0.24062041957672012,strong
PT,PT,Lineage9,92,-0.44584019715782297,-0.2154288072655508,strong
PT,PT,Lineage9,93,-0.4774274741680333,-0.20690767087445303,strong
PT,PT,Lineage9,94,-0.509157037100744,-0.21579979681111294,strong
PT,PT,Lineage9,95,-0.5410312355518807,-0.24066467014847087,strong
PT,PT,Lineage9,96,-0.5730868061355775,-0.2797734733343008,strong
PT,PT,Lineage9,97,-0.6053604854659685,-0.3313973888163766,strong
PT,PT,Lineage9,98,-0.6378890101571884,-0.3938075990424723,strong
PT,PT,Lineage9,99,-0.6707091168233703,-0.4652752864603615,strong
PT,PT,Lineage9,100,-0.7038575420786493,-0.5440716335178184,strong
PT,PT,Lineage9,101,-0.737371022537159,-0.6284678226626167,strong
PT,PT,Lineage9,102,-0.7712862948130343,-0.7167350363425318,strong
PT,PT,Lineage9,103,-0.8056400955204085,-0.8071444570053349,strong
PT,PT,Lineage9,104,-0.840469161273416,-0.8979672670988011,strong
PT,PT,Lineage9,105,-0.8758102286861909,-0.9874746490707044,strong
PT,PT,Lineage9,106,-0.9117000364200119,-1.0739408788116687,strong
PT,PT,Lineage9,107,-0.9481757022869388,-1.156213167594844,strong
PT,PT,Lineage9,108,-0.9852751645673491,-1.2343785377408645,strong
PT,PT,Lineage9,109,-1.0230364687137166,-1.3086859595063116,strong
PT,PT,Lineage9,110,-1.0614976601785155,-1.3793844031477684,strong
PT,PT,Lineage9,111,-1.10069678441422,-1.4467228389218163,strong
PT,PT,Lineage9,112,-1.1406718868733043,-1.5109502370850387,strong
PT,PT,Lineage9,113,-1.1814610130082426,-1.5723155678940177,strong
PT,PT,Lineage9,114,-1.223102208271509,-1.6310678016053348,strong
PT,PT,Lineage9,115,-1.2656335181155776,-1.6874559084755731,strong
PT,PT,Lineage9,116,-1.3090929879929223,-1.7417288587613147,strong
PT,PT,Lineage9,117,-1.3535186633560177,-1.7941356227191418,strong
PT,PT,Lineage9,118,-1.398948589657338,-1.844925170605637,strong
PT,PT,Lineage9,119,-1.4454208123493568,-1.8943464726773822,strong
PT,PT,Lineage9,120,-1.4929733768845486,-1.9426484991909607,strong
PT,PT,Lineage9,121,-1.5416443287153878,-1.990080220402954,strong
PT,PT,Lineage9,122,-1.5914717132943481,-2.0368906065699446,strong
PT,PT,Lineage9,123,-1.6424935760739054,-2.083328627948516,strong
PT,PT,Lineage9,124,-1.6947479625065307,-2.129643254795248,strong
PT,PT,Lineage9,125,-1.7482729180446994,-2.1760834573667243,strong
PT,PT,Lineage9,126,-1.8031064881408885,-2.2228982059195292,strong
PT,PT,Lineage9,127,-1.8592867182475672,-2.2703364707102414,strong
PT,PT,Lineage9,128,-1.9168516538172138,-2.3186472219954455,strong
PT,PT,Lineage9,129,-1.9758393403023014,-2.3680794300317243,strong
PT,PT,Lineage9,130,-2.0362878231553014,-2.4188820650756577,strong
PT,PT,Lineage9,131,-2.0982324851867418,-2.4712911873856704,strong
PT,PT,Lineage9,132,-2.161621551835578,-2.525120268855835,strong
PT,PT,Lineage9,133,-2.226298672687352,-2.579675738337823,strong
PT,PT,Lineage9,134,-2.292101314697287,-2.634234047785368,strong
PT,PT,Lineage9,135,-2.358866944820612,-2.6880716491522096,strong
PT,PT,Lineage9,136,-2.426433030012551,-2.740464994392086,strong
PT,PT,Lineage9,137,-2.494637037228332,-2.790690535458735,strong
PT,PT,Lineage9,138,-2.5633164334231786,-2.8380247243058916,strong
PT,PT,Lineage9,139,-2.632308685552321,-2.8817440128872978,strong
PT,PT,Lineage9,140,-2.701451260570982,-2.9211248531566887,strong
PT,PT,Lineage9,141,-2.7705816254343882,-2.955443697067802,strong
PT,PT,Lineage9,142,-2.8395372470977684,-2.9839769965743765,strong
PT,PT,Lineage9,143,-2.9081555925163447,-3.0060012036301487,strong
PT,PT,Lineage9,144,-2.9762741286453473,-3.0207927701888577,strong
PT,PT,Lineage9,145,-3.0437303224399996,-3.0276281482042404,strong
PT,PT,Lineage9,146,-3.11036164085553,-3.0257837896300352,strong
PT,PT,Lineage9,147,-3.176005550847162,-3.0145361464199785,strong
PT,PT,Lineage9,148,-3.240499519370125,-2.9931616705278086,strong
PT,PT,Lineage9,149,-3.3037679180522406,-2.961261756532377,strong
PT,PT,Lineage9,150,-3.367169368313169,-2.923800558902074,strong
PT,PT,Lineage9,151,-3.4332393377769663,-2.8901425420492473,strong
PT,PT,Lineage9,152,-3.504485736687814,-2.8695916235886405,strong
PT,PT,Lineage9,153,-3.581353965887453,-2.8651454966684193,strong
PT,PT,Lineage9,154,-3.6618022369088394,-2.872197150160796,strong
PT,PT,Lineage9,155,-3.7436405417657848,-2.8856863844303353,strong
PT,PT,Lineage9,156,-3.824678872472094,-2.900552999841601,strong
PT,PT,Lineage9,157,-3.9027272210415798,-2.9117367967591594,strong
PT,PT,Lineage9,158,-3.9755955794880458,-2.914177575547574,strong
PT,PT,Lineage9,159,-4.041093939825304,-2.9028151365714105,strong
PT,PT,Lineage9,160,-4.097032294067161,-2.872589280195233,strong
PT,PT,Lineage9,161,-4.141130704662755,-2.819565828958586,strong
PT,PT,Lineage9,162,-4.170337013592781,-2.749479698926051,strong
PT,PT,Lineage9,163,-4.181205858637329,-2.672989177589635,strong
PT,PT,Lineage9,164,-4.171878999142677,-2.599020073630222,strong
PT,PT,Lineage9,165,-4.1475171255901975,-2.528679018286769,strong
PT,PT,Lineage9,166,-4.115216817919553,-2.460916037627006,strong
PT,PT,Lineage9,167,-4.082074718030584,-2.3946810886942513,strong
PT,PT,Lineage9,168,-4.055187339323269,-2.3289241150916,strong
PT,PT,Lineage9,169,-4.038426538508107,-2.2622577831155875,strong
PT,PT,Lineage9,170,-4.024062128650209,-2.1920812636713904,strong
PT,PT,Lineage9,171,-4.001755560287128,-2.115520910563783,strong
PT,PT,Lineage9,172,-3.965427856235201,-2.0318729491245544,strong
PT,PT,Lineage9,173,-3.9266011881188443,-1.9493998175213683,strong
PT,PT,Lineage9,174,-3.9013433472011143,-1.8786795410233645,strong
PT,PT,Lineage9,175,-3.9057221303400254,-1.830290147749807,strong
PT,PT,Lineage9,176,-3.9520040252740958,-1.811167613090499,strong
PT,PT,Lineage9,177,-4.028912678253389,-1.8056914016630132,strong
PT,PT,Lineage9,178,-4.116170023528928,-1.7896163960775076,strong
PT,PT,Lineage9,179,-4.196890564627558,-1.7441156912943192,strong
PT,PT,Lineage9,180,-4.267436491979918,-1.6714751083836885,strong
PT,PT,Lineage9,181,-4.327386013842494,-1.5791058087121952,strong
PT,PT,Lineage9,182,-4.376317338471767,-1.4744189536464274,strong
PT,PT,Lineage9,183,-4.413808674124218,-1.364825704552973,strong
PT,PT,Lineage9,184,-4.439438229056333,-1.2577372227984114,strong
PT,PT,Lineage9,185,-4.452784211524591,-1.160564669749334,strong
PT,PT,Lineage9,186,-4.453424829785475,-1.0807192067723204,strong
PT,PT,Lineage9,187,-4.4409382920954705,-1.0256119952339604,strong
PT,PT,Lineage9,188,-4.414902806711057,-1.0026541965008362,strong
PT,PT,Lineage9,189,-4.374896581888717,-1.019256971939534,strong
PT,PT,Lineage9,190,-4.323323334964723,-1.074997900322559,strong
PT,PT,Lineage9,191,-4.275588066493594,-1.1334091530132921,strong
PT,PT,Lineage9,192,-4.248903867680846,-1.151681489341227,strong
PT,PT,Lineage9,193,-4.243609937364682,-1.122166006025149,strong
PT,PT,Lineage9,194,-4.251321097020501,-1.0553930100910998,strong
PT,PT,Lineage9,195,-4.263578986140559,-0.9620452997523775,strong
PT,PT,Lineage9,196,-4.271925244217112,-0.8528056732222904,strong
PT,PT,Lineage9,197,-4.267901510742416,-0.7383569287141352,strong
PT,PT,Lineage9,198,-4.243489627044962,-0.6290667419958806,strong
PT,PT,Lineage9,199,-4.198287720136404,-0.5298506021989665,strong
PT,PT,Lineage9,200,-4.138332608505493,-0.44101480322656506,strong
PT,PT,Lineage9,201,-4.069863708808416,-0.3627206072607223,strong
PT,PT,Lineage9,202,-3.999120437701371,-0.2951292764834935,strong
PT,PT,Lineage9,203,-3.9323422118405484,-0.2384020730769258,strong
PT,PT,Lineage9,204,-3.875768447882145,-0.19270025922307218,strong
PT,PT,Lineage9,205,-3.835638562482352,-0.1581850971039842,strong
PT,PT,Lineage9,206,-3.818191972297363,-0.13501784890171095,strong
PT,PT,Lineage9,207,-3.8296680939833725,-0.12335977679830466,strong
PT,PT,Lineage9,208,-3.8743263422259724,-0.12267408657300759,strong
PT,PT,Lineage9,209,-3.945245272033772,-0.128482134046179,strong
PT,PT,Lineage9,210,-4.031582716936382,-0.13492301139769525,strong
PT,PT,Lineage9,211,-4.122526560422693,-0.13615581538658908,strong
PT,PT,Lineage9,212,-4.210296124172107,-0.1282406115893615,strong
PT,PT,Lineage9,213,-4.292476945433496,-0.11060253781038998,strong
PT,PT,Lineage9,214,-4.3672040880414755,-0.0830113316242621,strong
PT,PT,Lineage9,215,-4.432612615830656,-0.045236730605566725,strong
PT,PT,Lineage9,216,-4.4868375926356485,0.0029515276711061214,strong
PT,PT,Lineage9,217,-4.52801408229107,0.061783705631170555,strong
PT,PT,Lineage9,218,-4.554282951180551,0.1314862002166758,strong
PT,PT,Lineage9,219,-4.565011410271563,0.21146845455121735,strong
PT,PT,Lineage9,220,-4.562300945528519,0.29931842012468235,strong
PT,PT,Lineage9,221,-4.548622719879608,0.39237778077011914,strong
PT,PT,Lineage9,222,-4.526447896253019,0.4879882203205666,strong
PT,PT,Lineage9,223,-4.498247637576934,0.5834914226090736,strong
PT,PT,Lineage9,224,-4.466493106779542,0.6762290714686786,strong
PT,PT,Lineage9,225,-4.4336554667890296,0.7635428507324303,strong
PT,PT,Lineage9,226,-4.402205880533584,0.8427744442333699,strong
PT,PT,Lineage9,227,-4.37461551094139,0.9112655358045387,strong
PT,PT,Lineage9,228,-4.353355520940635,0.9663578092789848,strong
PT,PT,Lineage9,229,-4.340897073459508,1.005392948489749,strong
PT,PT,Lineage9,230,-4.339711331426192,1.0257126372698764,strong
PT,PT,Lineage9,231,-4.352186120270466,1.024743280694812,strong
PT,PT,Lineage9,232,-4.378369299845593,1.0022901024343613,strong
PT,PT,Lineage9,233,-4.41570629186199,0.9608039754392375,strong
PT,PT,Lineage9,234,-4.461506499957333,0.9028740491903109,strong
PT,PT,Lineage9,235,-4.5130793277692955,0.8310894731684547,strong
PT,PT,Lineage9,236,-4.56773417893555,0.7480393968545437,strong
PT,PT,Lineage9,237,-4.622780457093772,0.6563129697294459,strong
PT,PT,Lineage9,238,-4.67574402493495,0.55951251074107,strong
PT,PT,Lineage9,239,-4.726113164518734,0.47042574067366205,strong
PT,PT,Lineage9,240,-4.77442083010129,0.40673012715441603,strong
PT,PT,Lineage9,241,-4.8212096852681245,0.38614858380073247,strong
PT,PT,Lineage9,242,-4.8676496688030975,0.42396071085774334,strong
PT,PT,Lineage9,243,-4.926001898637002,0.48466683280092315,strong
PT,PT,Lineage9,244,-4.993664157652911,0.5413685272008254,strong
PT,PT,Lineage9,245,-5.056147448496045,0.5937520219406707,strong
PT,PT,Lineage9,246,-5.0989292488903155,0.6415820662416716,strong
PT,PT,Lineage9,247,-5.107487036559644,0.6846234093250418,strong
PT,PT,Lineage9,248,-5.067298289227947,0.7226408004119984,strong
PT,PT,Lineage9,249,-4.963840484619141,0.7553989887237549,strong
PT,PT,Lineage10,0,-3.911644149459494,-5.121463318624552,strong
PT,PT,Lineage10,1,-3.9806685449229677,-5.001663334908025,strong
PT,PT,Lineage10,2,-4.017729569511335,-4.889183466345105,strong
PT,PT,Lineage10,3,-4.02608238307593,-4.783249890286974,strong
PT,PT,Lineage10,4,-4.008982145468092,-4.683088784084814,strong
PT,PT,Lineage10,5,-3.96968401653916,-4.587926325089811,strong
PT,PT,Lineage10,6,-3.911443156140468,-4.496988690653146,strong
PT,PT,Lineage10,7,-3.837514724123354,-4.409502058126002,strong
PT,PT,Lineage10,8,-3.7511538803391553,-4.324692604859562,strong
PT,PT,Lineage10,9,-3.6556157846392106,-4.241786508205012,strong
PT,PT,Lineage10,10,-3.554155596874855,-4.16000994551353,strong
PT,PT,Lineage10,11,-3.450028476897427,-4.078589094136302,strong
PT,PT,Lineage10,12,-3.3464895845582636,-3.996750131424511,strong
PT,PT,Lineage10,13,-3.2467940797087027,-3.913719234729339,strong
PT,PT,Lineage10,14,-3.1540724043128026,-3.8287547922478993,strong
PT,PT,Lineage10,15,-3.0689692079942303,-3.741757196911643,strong
PT,PT,Lineage10,16,-2.989839033069711,-3.6532183068799555,strong
PT,PT,Lineage10,17,-2.914950923473926,-3.5636520619499983,strong
PT,PT,Lineage10,18,-2.8425739231415554,-3.473572401918931,strong
PT,PT,Lineage10,19,-2.770977076007281,-3.3834932665839172,strong
PT,PT,Lineage10,20,-2.69843672579363,-3.293928008184835,strong
PT,PT,Lineage10,21,-2.623751396891422,-3.205347948828464,strong
PT,PT,Lineage10,22,-2.5465815198707085,-3.1181550361049952,strong
PT,PT,Lineage10,23,-2.466668165982282,-3.0327447268654026,strong
PT,PT,Lineage10,24,-2.3837524064769324,-2.949512477960657,strong
PT,PT,Lineage10,25,-2.2975753126054506,-2.8688537462417307,strong
PT,PT,Lineage10,26,-2.207877955618626,-2.791163988559595,strong
PT,PT,Lineage10,27,-2.1144014067672505,-2.7168386617652214,strong
PT,PT,Lineage10,28,-2.0168867373021135,-2.6462732227095818,strong
PT,PT,Lineage10,29,-1.9150750184740057,-2.5798631282436477,strong
PT,PT,Lineage10,30,-1.808741580652588,-2.517969441689639,strong
PT,PT,Lineage10,31,-1.6982793379531966,-2.460333219638289,strong
PT,PT,Lineage10,32,-1.5846167679319771,-2.406157854046574,strong
PT,PT,Lineage10,33,-1.4687000987179677,-2.3546289166571848,strong
PT,PT,Lineage10,34,-1.3514755584402076,-2.3049319792128187,strong
PT,PT,Lineage10,35,-1.2338893752277356,-2.256252613456169,strong
PT,PT,Lineage10,36,-1.116887777209592,-2.20777639112993,strong
PT,PT,Lineage10,37,-1.0014169925148158,-2.1586888839767986,strong
PT,PT,Lineage10,38,-0.8884232492724454,-2.1081756637394675,strong
PT,PT,Lineage10,39,-0.7788527756115208,-2.0554223021606317,strong
PT,PT,Lineage10,40,-0.67365179966108,-1.9996143709829852,strong
PT,PT,Lineage10,41,-0.573766549550164,-1.9399374419492244,strong
PT,PT,Lineage10,42,-0.480143253407811,-1.8755770868020425,strong
PT,PT,Lineage10,43,-0.3937281393630604,-1.8057188772841348,strong
PT,PT,Lineage10,44,-0.31546743554495116,-1.7295483851381956,strong
PT,PT,Lineage10,45,-0.2463073700825228,-1.6462511821069195,strong
PT,PT,Lineage10,46,-0.18719417110481387,-1.555012839933001,strong
PT,PT,Lineage10,47,-0.13892446582952767,-1.455216923795149,strong
PT,PT,Lineage10,48,-0.10119001668568778,-1.347709262529998,strong
PT,PT,Lineage10,49,-0.07318768726945113,-1.2339906724306282,strong
PT,PT,Lineage10,50,-0.05411201327379815,-1.1155650507175316,strong
PT,PT,Lineage10,51,-0.04315753039170929,-0.9939362946111997,strong
PT,PT,Lineage10,52,-0.039518774316165156,-0.8706083013321259,strong
PT,PT,Lineage10,53,-0.042390280740146155,-0.747084968100802,strong
PT,PT,Lineage10,54,-0.050989490000460304,-0.6248060675519659,strong
PT,PT,Lineage10,55,-0.06484267238911412,-0.5043467619341493,strong
PT,PT,Lineage10,56,-0.08369761348767914,-0.3856620520871954,strong
PT,PT,Lineage10,57,-0.10730693385859698,-0.2686934026812616,strong
PT,PT,Lineage10,58,-0.13542325406430872,-0.15338227838650814,strong
PT,PT,Lineage10,59,-0.16779919466725596,-0.03967014387309252,strong
PT,PT,Lineage10,60,-0.2041873762298801,0.07250153618882674,strong
PT,PT,Lineage10,61,-0.24434041931462253,0.18319129712909107,strong
PT,PT,Lineage10,62,-0.288010944483925,0.2924576742775429,strong
PT,PT,Lineage10,63,-0.3349515723002285,0.4003592029640223,strong
PT,PT,Lineage10,64,-0.3849149233259745,0.5069544185183714,strong
PT,PT,Lineage10,65,-0.4376536181236045,0.6123018562704319,strong
PT,PT,Lineage10,66,-0.49292015447092297,0.7164601543744631,strong
PT,PT,Lineage10,67,-0.5504261111191389,0.8195222180981973,strong
PT,PT,Lineage10,68,-0.609783073644389,0.9216646907100414,strong
PT,PT,Lineage10,69,-0.6705876384112088,1.0230767680012158,strong
PT,PT,Lineage10,70,-0.7324364017841355,1.1239476457629423,strong
PT,PT,Lineage10,71,-0.7949259601277024,1.2244665197864366,strong
PT,PT,Lineage10,72,-0.8576529098064465,1.3248225858629208,strong
PT,PT,Lineage10,73,-0.9202138471849035,1.4252050397836153,strong
PT,PT,Lineage10,74,-0.9822053686276089,1.5258030773397395,strong
PT,PT,Lineage10,75,-1.0432240704990983,1.6268058943225132,strong
PT,PT,Lineage10,76,-1.1028665491639078,1.7284026865231568,strong
PT,PT,Lineage10,77,-1.1607294009865723,1.830782649732889,strong
PT,PT,Lineage10,78,-1.2164092223316285,1.9341349797429312,strong
PT,PT,Lineage10,79,-1.2695026095636117,2.0386488723445026,strong
PT,PT,Lineage10,80,-1.3196061590470585,2.144513523328825,strong
PT,PT,Lineage10,81,-1.3663163459776266,2.2519181400988133,strong
PT,PT,Lineage10,82,-1.408933042628078,2.361080353722507,strong
PT,PT,Lineage10,83,-1.4458217453730857,2.472307337162427,strong
PT,PT,Lineage10,84,-1.4751644175197602,2.58592385148306,strong
PT,PT,Lineage10,85,-1.4951430223752111,2.7022546577488886,strong
PT,PT,Lineage10,86,-1.5039395232465487,2.8216245170243996,strong
PT,PT,Lineage10,87,-1.4997358834408836,2.944358190374077,strong
PT,PT,Lineage10,88,-1.4807583132036843,3.0706739037087165,strong
PT,PT,Lineage10,89,-1.446633226773552,3.1974185548169793,strong
PT,PT,Lineage10,90,-1.3986399026587115,3.3174593729380994,strong
PT,PT,Lineage10,91,-1.3381528346974783,3.423434333487177,strong
PT,PT,Lineage10,92,-1.2665465167281704,3.507981411879307,strong
PT,PT,Lineage10,93,-1.1851955263825509,3.5637956927469556,strong
PT,PT,Lineage10,94,-1.095480103196866,3.5874311177508766,strong
PT,PT,Lineage10,95,-0.9987896482222421,3.5816856364131713,strong
PT,PT,Lineage10,96,-0.8965143974494839,3.549926249332105,strong
PT,PT,Lineage10,97,-0.7900445868693953,3.4955199571059414,strong
PT,PT,Lineage10,98,-0.6807704524727798,3.4218337603329467,strong
PT,PT,Lineage10,99,-0.5700822302504417,3.3322346596113857,strong
PT,PT,Lineage10,100,-0.4593701561931843,3.2300896555395213,strong
PT,PT,Lineage10,101,-0.3500244662918121,3.118765748715621,strong
PT,PT,Lineage10,102,-0.2434353965371274,3.0016299397379465,strong
PT,PT,Lineage10,103,-0.14099318291993673,2.8820492292047657,strong
PT,PT,Lineage10,104,-0.04408806143104285,2.7633906177143426,strong
PT,PT,Lineage10,105,0.045889731938750296,2.6490211058649415,strong
PT,PT,Lineage10,106,0.12754996119863893,2.542307694254828,strong
PT,PT,Lineage10,107,0.19950239035781936,2.4466173834822658,strong
PT,PT,Lineage10,108,0.26035678342548746,2.365317174145521,strong
PT,PT,Lineage10,109,0.3087229044108393,2.301774066842857,strong
PT,PT,Lineage10,110,0.34321630458864844,2.259341668802183,strong
PT,PT,Lineage10,111,0.36312169435607206,2.2398249636684664,strong
PT,PT,Lineage10,112,0.36900699048621316,2.24205923238205,strong
PT,PT,Lineage10,113,0.36158527862046963,2.264543794038882,strong
PT,PT,Lineage10,114,0.3415696444002394,2.3057779677349086,strong
PT,PT,Lineage10,115,0.3096731734669203,2.3642610725660766,strong
PT,PT,Lineage10,116,0.2666089514619102,2.4384924276283346,strong
PT,PT,Lineage10,117,0.21309006402660682,2.526971352017629,strong
PT,PT,Lineage10,118,0.1498295968024082,2.6281971648299067,strong
PT,PT,Lineage10,119,0.07754063543071213,2.7406691851611167,strong
PT,PT,Lineage10,120,-0.003063734447083466,2.8628867321072047,strong
PT,PT,Lineage10,121,-0.09127042718958098,2.9933491247641193,strong
PT,PT,Lineage10,122,-0.18636635715538227,3.1305556822278056,strong
PT,PT,Lineage10,123,-0.287638438703091,3.2730057235942147,strong
PT,PT,Lineage10,124,-0.3943735861913067,3.4191985679592896,strong
PT,PT,Lineage10,125,-0.505858713978631,3.567633534418977,strong
PT,PT,Lineage10,126,-0.621380736423671,3.7168099420692307,strong
PT,PT,Lineage10,127,-0.7402265678850223,3.865227110005989,strong
PT,PT,Lineage10,128,-0.8616831227212939,4.01138435732521,strong
PT,PT,Lineage10,129,-0.9849965399459853,4.153799029011751,strong
PT,PT,Lineage10,130,-1.10848954735054,4.291396689970482,strong
PT,PT,Lineage10,131,-1.2295694032090163,4.423507614172228,strong
PT,PT,Lineage10,132,-1.3456041788284399,4.549479399289477,strong
PT,PT,Lineage10,133,-1.4539619455158495,4.668659642994733,strong
PT,PT,Lineage10,134,-1.5520107745782732,4.7803959429604905,strong
PT,PT,Lineage10,135,-1.637118737322748,4.884035896859248,strong
PT,PT,Lineage10,136,-1.7066539050563039,4.978927102363506,strong
PT,PT,Lineage10,137,-1.7579843490859761,5.064417157145761,strong
PT,PT,Lineage10,138,-1.7884781407187953,5.139853658878508,strong
PT,PT,Lineage10,139,-1.7955033512617966,5.20458420523425,strong
PT,PT,Lineage10,140,-1.7764280520220113,5.257956393885482,strong
PT,PT,Lineage10,141,-1.7286222526183506,5.299317448373294,strong
PT,PT,Lineage10,142,-1.6515075633608387,5.3276185939180705,strong
PT,PT,Lineage10,143,-1.550449545650236,5.340663759065672,strong
PT,PT,Lineage10,144,-1.431884036480728,5.336050288624914,strong
PT,PT,Lineage10,145,-1.3022468728465106,5.311375527404615,strong
PT,PT,Lineage10,146,-1.167973891741769,5.264236820213588,strong
PT,PT,Lineage10,147,-1.0355009301607,5.192231511860652,strong
PT,PT,Lineage10,148,-0.9112260656935628,5.093272494317323,strong
PT,PT,Lineage10,149,-0.800577283756851,4.973379509801091,strong
PT,PT,Lineage10,150,-0.7079524164339104,4.847181068879358,strong
PT,PT,Lineage10,151,-0.6376995105820059,4.729721726474156,strong
PT,PT,Lineage10,152,-0.5941666130584013,4.63604603750751,strong
PT,PT,Lineage10,153,-0.5817017707203567,4.5811985569014455,strong
PT,PT,Lineage10,154,-0.6040225622962477,4.579036648260516,strong
PT,PT,Lineage10,155,-0.6568813706106195,4.628418960764635,strong
PT,PT,Lineage10,156,-0.7305726785663896,4.717926746368206,strong
PT,PT,Lineage10,157,-0.8152845320068351,4.835940832694445,strong
PT,PT,Lineage10,158,-0.9012049767752245,4.970842047366557,strong
PT,PT,Lineage10,159,-0.9785220587148349,5.1110112180077625,strong
PT,PT,Lineage10,160,-1.0374238236689366,5.244829172241266,strong
PT,PT,Lineage10,161,-1.0680983174808019,5.360676737690279,strong
PT,PT,Lineage10,162,-1.0609016736199908,5.447072658599629,strong
PT,PT,Lineage10,163,-1.0132096058025126,5.498295275051902,strong
PT,PT,Lineage10,164,-0.9318075621526752,5.5163436547558,strong
PT,PT,Lineage10,165,-0.8241400145664163,5.5037575972642045,strong
PT,PT,Lineage10,166,-0.6976514349396649,5.463076902129996,strong
PT,PT,Lineage10,167,-0.5597862951683612,5.396841368906056,strong
PT,PT,Lineage10,168,-0.4179890671484325,5.307590797145265,strong
PT,PT,Lineage10,169,-0.2797042227758205,5.197864986400509,strong
PT,PT,Lineage10,170,-0.15237623394645186,5.070203736224664,strong
PT,PT,Lineage10,171,-0.042584045304442486,4.927759802421862,strong
PT,PT,Lineage10,172,0.04927766106510644,4.778065563028732,strong
PT,PT,Lineage10,173,0.12550497679631392,4.630558970479944,strong
PT,PT,Lineage10,174,0.18840504295914068,4.4946858022910945,strong
PT,PT,Lineage10,175,0.24028500062355523,4.379891835977764,strong
PT,PT,Lineage10,176,0.28345199085951966,4.295622849055546,strong
PT,PT,Lineage10,177,0.3202131547370013,4.251324619040026,strong
PT,PT,Lineage10,178,0.3528756333259632,4.256442923446795,strong
PT,PT,Lineage10,179,0.3833939299225296,4.317178628947499,strong
PT,PT,Lineage10,180,0.41217060047191006,4.42545185533484,strong
PT,PT,Lineage10,181,0.43918139200034934,4.569255301710432,strong
PT,PT,Lineage10,182,0.46440203900967075,4.736581551928377,strong
PT,PT,Lineage10,183,0.4878082760016972,4.915423189842768,strong
PT,PT,Lineage10,184,0.5093758374782541,5.0937727993077235,strong
PT,PT,Lineage10,185,0.5290804579411639,5.25962296417733,strong
PT,PT,Lineage10,186,0.5468978718922516,5.400966268305703,strong
PT,PT,Lineage10,187,0.56280381383334,5.505795295546936,strong
PT,PT,Lineage10,188,0.5767740182662539,5.562102629755138,strong
PT,PT,Lineage10,189,0.5887842196928165,5.5578808547844085,strong
PT,PT,Lineage10,190,0.5992609772070701,5.484759432328554,strong
PT,PT,Lineage10,191,0.6118044317171899,5.359969642552588,strong
PT,PT,Lineage10,192,0.6313774701421646,5.211736266981954,strong
PT,PT,Lineage10,193,0.6629482276330372,5.068326425513142,strong
PT,PT,Lineage10,194,0.711484839340848,4.958007238042642,strong
PT,PT,Lineage10,195,0.7819231177764434,4.908967746745835,strong
PT,PT,Lineage10,196,0.8731947091933386,4.93489348741445,strong
PT,PT,Lineage10,197,0.9712295465233222,5.018063398474544,strong
PT,PT,Lineage10,198,1.0602578871849526,5.136650726804057,strong
PT,PT,Lineage10,199,1.1245099885967986,5.268828719280945,strong
PT,PT,Lineage10,200,1.148216108177421,5.392770622783146,strong
PT,PT,Lineage10,201,1.1205541854018293,5.492343995107916,strong
PT,PT,Lineage10,202,1.051325526344347,5.57515192521224,strong
PT,PT,Lineage10,203,0.9557041218370456,5.654980950612061,strong
PT,PT,Lineage10,204,0.8488639760767257,5.745617624204839,strong
PT,PT,Lineage10,205,0.7454695903615425,5.858536140511407,strong
PT,PT,Lineage10,206,0.6556042876787835,5.984419200873534,strong
PT,PT,Lineage10,207,0.5869289463540546,6.102955339140982,strong
PT,PT,Lineage10,208,0.5470824458600159,6.1937332482558505,strong
PT,PT,Lineage10,209,0.5436924949854995,6.236368106239474,strong
PT,PT,Lineage10,210,0.5803424996804586,6.220063911526286,strong
PT,PT,Lineage10,211,0.6505840009407222,6.157809664635353,strong
PT,PT,Lineage10,212,0.7464397106573348,6.066219136117109,strong
PT,PT,Lineage10,213,0.8599323407213324,5.961906096521991,strong
PT,PT,Lineage10,214,0.9830846030237611,5.861484316400429,strong
PT,PT,Lineage10,215,1.1079192094556587,5.7815675663028605,strong
PT,PT,Lineage10,216,1.2278391194813967,5.73539556731941,strong
PT,PT,Lineage10,217,1.3429216355301212,5.719892443459422,strong
PT,PT,Lineage10,218,1.4552587925340592,5.727057255108826,strong
PT,PT,Lineage10,219,1.566943046933351,5.748888032267029,strong
PT,PT,Lineage10,220,1.680066855168124,5.777382804933432,strong
PT,PT,Lineage10,221,1.7967226736785182,5.804539603107438,strong
PT,PT,Lineage10,222,1.9190029589046604,5.822356456788449,strong
PT,PT,Lineage10,223,2.04900016728669,5.822831395975866,strong
PT,PT,Lineage10,224,2.187956571253671,5.799844597651917,strong
PT,PT,Lineage10,225,2.333491161249733,5.755297501451491,strong
PT,PT,Lineage10,226,2.482257877542887,5.693227986008085,strong
PT,PT,Lineage10,227,2.630910651857236,5.617673948869814,strong
PT,PT,Lineage10,228,2.7761034159168916,5.532673287584774,strong
PT,PT,Lineage10,229,2.914490101445951,5.442263899701076,strong
PT,PT,Lineage10,230,3.0427246401685286,5.350483682766822,strong
PT,PT,Lineage10,231,3.15746096380872,5.261370534330123,strong
PT,PT,Lineage10,232,3.2553530040906367,5.178962351939077,strong
PT,PT,Lineage10,233,3.3330546927383797,5.107297033141797,strong
PT,PT,Lineage10,234,3.3872199614760587,5.050412475486385,strong
PT,PT,Lineage10,235,3.4145027420277736,5.012346576520946,strong
PT,PT,Lineage10,236,3.4115569661176326,4.9971372337935875,strong
PT,PT,Lineage10,237,3.3754079945517907,5.0086068125141505,strong
PT,PT,Lineage10,238,3.309517791003179,5.04684265515631,strong
PT,PT,Lineage10,239,3.2227951306120333,5.1087714361998975,strong
PT,PT,Lineage10,240,3.1243205276583788,5.191220173581527,strong
PT,PT,Lineage10,241,3.02317449642223,5.291015885237818,strong
PT,PT,Lineage10,242,2.928437551183612,5.404985589105382,strong
PT,PT,Lineage10,243,2.8491902062225387,5.529956303120839,strong
PT,PT,Lineage10,244,2.794046523970536,5.661661164655528,strong
PT,PT,Lineage10,245,2.764452356711327,5.779023074839528,strong
PT,PT,Lineage10,246,2.7562373187127385,5.847794242832671,strong
PT,PT,Lineage10,247,2.7650807709936833,5.833374517504268,strong
PT,PT,Lineage10,248,2.786662074573079,5.701163747723634,strong
PT,PT,Lineage10,249,2.816660590469837,5.416561782360077,strong
PT,PT,Lineage11,0,-3.856619261113041,-5.040059479800594,caution
PT,PT,Lineage11,1,-3.9745308336495295,-5.046793798353011,caution
PT,PT,Lineage11,2,-4.059173196632057,-5.004891231499703,caution
PT,PT,Lineage11,3,-4.111966249272572,-4.927966113060819,caution
PT,PT,Lineage11,4,-4.13432989078303,-4.829632776856515,caution
PT,PT,Lineage11,5,-4.127684020375374,-4.7235055567069395,caution
PT,PT,Lineage11,6,-4.0934930751508425,-4.622968973980365,caution
PT,PT,Lineage11,7,-4.034542794112584,-4.534589722917361,caution
PT,PT,Lineage11,8,-3.9551298426385912,-4.457138221365212,caution
PT,PT,Lineage11,9,-3.859633562827343,-4.388958280967929,caution
PT,PT,Lineage11,10,-3.752433296777317,-4.328393713369518,caution
PT,PT,Lineage11,11,-3.6379083865869926,-4.273788330213988,caution
PT,PT,Lineage11,12,-3.5204381743548483,-4.2234859431453495,caution
PT,PT,Lineage11,13,-3.4044020021793613,-4.1758303638076075,caution
PT,PT,Lineage11,14,-3.294179212159012,-4.129165403844773,caution
PT,PT,Lineage11,15,-3.1941491463922778,-4.081834874900855,caution
PT,PT,Lineage11,16,-3.108691146977636,-4.032182588619858,caution
PT,PT,Lineage11,17,-3.0421845560135674,-3.978552356645795,caution
PT,PT,Lineage11,18,-2.9990087155985496,-3.919287990622674,caution
PT,PT,Lineage11,19,-2.9835429678310605,-3.8527333021945,caution
PT,PT,Lineage11,20,-3.000166237737815,-3.7772322021596145,caution
PT,PT,Lineage11,21,-3.0472326696930105,-3.692560928182602,caution
PT,PT,Lineage11,22,-3.1018966830900645,-3.603535724759542,caution
PT,PT,Lineage11,23,-3.136671015236569,-3.5160775280767607,caution
PT,PT,Lineage11,24,-3.132592518142972,-3.43461714759327,caution
PT,PT,Lineage11,25,-3.0926695784767917,-3.359744481169175,caution
PT,PT,Lineage11,26,-3.023402616856882,-3.291438973461528,caution
PT,PT,Lineage11,27,-2.9312920539020944,-3.2296800691273813,caution
PT,PT,Lineage11,28,-2.8228383102312824,-3.1744472128237846,caution
PT,PT,Lineage11,29,-2.7045418064632973,-3.1257198492077904,caution
PT,PT,Lineage11,30,-2.582901599172376,-3.083477032834411,caution
PT,PT,Lineage11,31,-2.463100706306791,-3.047321445413231,caution
PT,PT,Lineage11,32,-2.3465509979172423,-3.0157772610502462,caution
PT,PT,Lineage11,33,-2.233993113365247,-2.9871766891177125,caution
PT,PT,Lineage11,34,-2.126167692012323,-2.9598519389878857,caution
PT,PT,Lineage11,35,-2.023815373219988,-2.9321352200330213,caution
PT,PT,Lineage11,36,-1.9276767963497614,-2.902358741625375,caution
PT,PT,Lineage11,37,-1.8384926007631612,-2.8688547131372033,caution
PT,PT,Lineage11,38,-1.7570034258217055,-2.8299553439407625,caution
PT,PT,Lineage11,39,-1.683949910886913,-2.783992843408308,caution
PT,PT,Lineage11,40,-1.6200726953203002,-2.7292994209120947,caution
PT,PT,Lineage11,41,-1.566112418483388,-2.6642072858243804,caution
PT,PT,Lineage11,42,-1.522767518581596,-2.587101775437286,caution
PT,PT,Lineage11,43,-1.4890991957975075,-2.498429380303307,caution
PT,PT,Lineage11,44,-1.462043745776351,-2.401311677830998,caution
PT,PT,Lineage11,45,-1.4383956467457695,-2.2990487823481414,caution
PT,PT,Lineage11,46,-1.4149493769334054,-2.194940808182518,caution
PT,PT,Lineage11,47,-1.3884994145669016,-2.0922878696619107,caution
PT,PT,Lineage11,48,-1.3558402378738996,-1.9943900811141,caution
PT,PT,Lineage11,49,-1.3137663250820433,-1.9045475568668673,caution
PT,PT,Lineage11,50,-1.2590721544189745,-1.8260604112479941,caution
PT,PT,Lineage11,51,-1.1885558690804543,-1.7622258638738726,caution
PT,PT,Lineage11,52,-1.1009060413623148,-1.714848011782587,caution
PT,PT,Lineage11,53,-0.999783484270198,-1.6818037140807305,caution
PT,PT,Lineage11,54,-0.8896567727763145,-1.6603318331205374,caution
PT,PT,Lineage11,55,-0.774994481852876,-1.647671231254244,caution
PT,PT,Lineage11,56,-0.6602651864720944,-1.6410607708340876,caution
PT,PT,Lineage11,57,-0.5499374616061802,-1.6377393142123036,caution
PT,PT,Lineage11,58,-0.4484798822273466,-1.6349457237411276,caution
PT,PT,Lineage11,59,-0.3603610233078042,-1.6299188617727958,caution
PT,PT,Lineage11,60,-0.29004945981976465,-1.6198975906595452,caution
PT,PT,Lineage11,61,-0.24182908576177384,-1.6021996354572356,caution
PT,PT,Lineage11,62,-0.21659379289384675,-1.5755903242775056,caution
PT,PT,Lineage11,63,-0.2122649129510094,-1.5401043315842635,caution
PT,PT,Lineage11,64,-0.2266630373278775,-1.495819350109358,caution
PT,PT,Lineage11,65,-0.2576087574190667,-1.4428130725846373,caution
PT,PT,Lineage11,66,-0.3029226646191929,-1.3811631917419496,caution
PT,PT,Lineage11,67,-0.3604253503228721,-1.310947400313144,caution
PT,PT,Lineage11,68,-0.4279374059247199,-1.2322433910300694,caution
PT,PT,Lineage11,69,-0.5032794228193525,-1.1451288566245734,caution
PT,PT,Lineage11,70,-0.5842719924013865,-1.049681489828504,caution
PT,PT,Lineage11,71,-0.6687357060654356,-0.9459789833737121,caution
PT,PT,Lineage11,72,-0.7544911552061169,-0.8340990299920447,caution
PT,PT,Lineage11,73,-0.839358931218046,-0.7141193224153504,caution
PT,PT,Lineage11,74,-0.9211596254958389,-0.5861175533754783,caution
PT,PT,Lineage11,75,-0.9977138294341115,-0.45017141560427637,caution
PT,PT,Lineage11,76,-1.0668421344274794,-0.30635860183359354,caution
PT,PT,Lineage11,77,-1.1267257236303456,-0.15509610283697942,caution
PT,PT,Lineage11,78,-1.177221328366858,0.00162248716132358,caution
PT,PT,Lineage11,79,-1.2186719892907794,0.1613459822181266,caution
PT,PT,Lineage11,80,-1.2514207992299529,0.3216231472971535,caution
PT,PT,Lineage11,81,-1.2758108510122201,0.48000274736212145,caution
PT,PT,Lineage11,82,-1.2921852374654257,0.6340335473767538,caution
PT,PT,Lineage11,83,-1.3008870514174116,0.7812643123047721,caution
PT,PT,Lineage11,84,-1.3022593856960216,0.9192438071098984,caution
PT,PT,Lineage11,85,-1.2966453331290981,1.0455207967558533,caution
PT,PT,Lineage11,86,-1.2843879865444852,1.1576440462063593,caution
PT,PT,Lineage11,87,-1.2658304387700248,1.2531623204251374,caution
PT,PT,Lineage11,88,-1.2413157826335603,1.329624384375909,caution
PT,PT,Lineage11,89,-1.211187110962935,1.3845790030223957,caution
PT,PT,Lineage11,90,-1.1757875165859921,1.4155749413283194,caution
PT,PT,Lineage11,91,-1.1354600923305735,1.420160964257401,caution
PT,PT,Lineage11,92,-1.090547931024524,1.3958858367733622,caution
PT,PT,Lineage11,93,-1.041396533889903,1.3403245279009388,caution
PT,PT,Lineage11,94,-0.98881444043253,1.2560900039121075,caution
PT,PT,Lineage11,95,-0.9346208647895987,1.1567916782179715,caution
PT,PT,Lineage11,96,-0.880768362713663,1.0574897615280037,caution
PT,PT,Lineage11,97,-0.8292094899572755,0.9732444645516779,caution
PT,PT,Lineage11,98,-0.7818967850837641,0.919115707797188,caution
PT,PT,Lineage11,99,-0.7405539849559305,0.9063006114203742,caution
PT,PT,Lineage11,100,-0.706102690101386,0.9324540338233697,caution
PT,PT,Lineage11,101,-0.6792888171138931,0.9922648066698149,caution
PT,PT,Lineage11,102,-0.6608582825872145,1.080421761623353,caution
PT,PT,Lineage11,103,-0.6515570031151132,1.1916137303476217,caution
PT,PT,Lineage11,104,-0.6521308952913522,1.320529544506264,caution
PT,PT,Lineage11,105,-0.6633258757096941,1.4618580357629214,caution
PT,PT,Lineage11,106,-0.6858878609639016,1.6102880357812341,caution
PT,PT,Lineage11,107,-0.7205627676477375,1.7605083762248432,caution
PT,PT,Lineage11,108,-0.768096512354965,1.9072078887573913,caution
PT,PT,Lineage11,109,-0.8288997847050164,2.0456164873419036,caution
PT,PT,Lineage11,110,-0.9014283508927853,2.174119483754443,caution
PT,PT,Lineage11,111,-0.9834312912788568,2.292242835439384,caution
PT,PT,Lineage11,112,-1.0726567207729694,2.3995140581535384,caution
PT,PT,Lineage11,113,-1.1668527542848637,2.4954606676537208,caution
PT,PT,Lineage11,114,-1.2637675067242757,2.5796101796967403,caution
PT,PT,Lineage11,115,-1.3611490930009453,2.6514901100394104,caution
PT,PT,Lineage11,116,-1.4567456280246118,2.710627974438545,caution
PT,PT,Lineage11,117,-1.5483052267050132,2.7565512886509547,caution
PT,PT,Lineage11,118,-1.6335760039518892,2.7887875684334524,caution
PT,PT,Lineage11,119,-1.710306074674978,2.8068643295428517,caution
PT,PT,Lineage11,120,-1.776243553784019,2.8103090877359644,caution
PT,PT,Lineage11,121,-1.8291365561887505,2.7986493587696017,caution
PT,PT,Lineage11,122,-1.8667331967989114,2.7714126584005774,caution
PT,PT,Lineage11,123,-1.8872188271054664,2.728405210533168,caution
PT,PT,Lineage11,124,-1.8912290810107686,2.670995125018458,caution
PT,PT,Lineage11,125,-1.8802526218619615,2.6010942591122492,caution
PT,PT,Lineage11,126,-1.8557789796244937,2.5206150224797086,caution
PT,PT,Lineage11,127,-1.8192976842638133,2.431469824786009,caution
PT,PT,Lineage11,128,-1.7722982657453668,2.335571075696314,caution
PT,PT,Lineage11,129,-1.716270254034603,2.234831184875795,caution
PT,PT,Lineage11,130,-1.652703179096972,2.1311625619896226,caution
PT,PT,Lineage11,131,-1.5830865708979183,2.026477616702961,caution
PT,PT,Lineage11,132,-1.508909959402893,1.922688758680983,caution
PT,PT,Lineage11,133,-1.4316628745773414,1.8217083975888535,caution
PT,PT,Lineage11,134,-1.3528348463867144,1.7254489430917452,caution
PT,PT,Lineage11,135,-1.2739046974332873,1.6357897544083906,caution
PT,PT,Lineage11,136,-1.195921231713425,1.5532828511805152,caution
PT,PT,Lineage11,137,-1.1193665445938032,1.476730992012154,caution
PT,PT,Lineage11,138,-1.044684031512227,1.404817480333734,caution
PT,PT,Lineage11,139,-0.9723170879064943,1.3362256195756763,caution
PT,PT,Lineage11,140,-0.902709109214409,1.2696387131684066,caution
PT,PT,Lineage11,141,-0.836303490873774,1.2037400645423504,caution
PT,PT,Lineage11,142,-0.7735436283223874,1.1372129771279282,caution
PT,PT,Lineage11,143,-0.7148729169980546,1.0687407543555683,caution
PT,PT,Lineage11,144,-0.6607347523385735,0.99700669965569,caution
PT,PT,Lineage11,145,-0.6115371456886414,0.9207589002422965,caution
PT,PT,Lineage11,146,-0.5671404979693929,0.8397480485128626,caution
PT,PT,Lineage11,147,-0.5269741734185073,0.7545140103256388,caution
PT,PT,Lineage11,148,-0.4904558865032853,0.665617980789844,caution
PT,PT,Lineage11,149,-0.457003351691033,0.5736211550147068,caution
PT,PT,Lineage11,150,-0.4260342834490519,0.47908472810944525,caution
PT,PT,Lineage11,151,-0.3969663962446466,0.3825698951832856,caution
PT,PT,Lineage11,152,-0.3692174045451211,0.2846378513454541,caution
PT,PT,Lineage11,153,-0.3422050228177778,0.18584979170516874,caution
PT,PT,Lineage11,154,-0.31534696552992164,0.08676691137165864,caution
PT,PT,Lineage11,155,-0.28806094714885466,-0.012049594545858326,caution
PT,PT,Lineage11,156,-0.25976468214188186,-0.11003853093815316,caution
PT,PT,Lineage11,157,-0.22987588497630537,-0.20663870269600768,caution
PT,PT,Lineage11,158,-0.19781227011943048,-0.3012889147101932,caution
PT,PT,Lineage11,159,-0.1629915982391498,-0.39342802347999106,caution
PT,PT,Lineage11,160,-0.12506314578957817,-0.4827535008631348,caution
PT,PT,Lineage11,161,-0.08444553162707534,-0.5698222148059967,caution
PT,PT,Lineage11,162,-0.04171697743569974,-0.6553693180413693,caution
PT,PT,Lineage11,163,0.0025442951004856487,-0.7401299633020353,caution
PT,PT,Lineage11,164,0.047760064297422695,-0.8248393033207869,caution
PT,PT,Lineage11,165,0.09335210847104834,-0.9102324908304068,caution
PT,PT,Lineage11,166,0.13874220593730463,-0.997044678563688,caution
PT,PT,Lineage11,167,0.18335213501212838,-1.0860110192534125,caution
PT,PT,Lineage11,168,0.22660367401146148,-1.177866665632373,caution
PT,PT,Lineage11,169,0.267918601251241,-1.2733467704333523,caution
PT,PT,Lineage11,170,0.3067186950474086,-1.3731864863891428,caution
PT,PT,Lineage11,171,0.3423970577036524,-1.4777527082125548,caution
PT,PT,Lineage11,172,0.3742317783251919,-1.5859353284318005,caution
PT,PT,Lineage11,173,0.40147211522207515,-1.696253993829195,caution
PT,PT,Lineage11,174,0.42336732670432586,-1.807228351186774,caution
PT,PT,Lineage11,175,0.4391666710819708,-1.9173780472865873,caution
PT,PT,Lineage11,176,0.4481194066650346,-2.0252227289106712,caution
PT,PT,Lineage11,177,0.44947479176354294,-2.129282042841074,caution
PT,PT,Lineage11,178,0.4424820846875214,-2.2280756358598337,caution
PT,PT,Lineage11,179,0.426390543746995,-2.3201231547489973,caution
PT,PT,Lineage11,180,0.40044942725198973,-2.4039442462906013,caution
PT,PT,Lineage11,181,0.36390799351252995,-2.4780585572666953,caution
PT,PT,Lineage11,182,0.316040304090966,-2.5410231754796273,caution
PT,PT,Lineage11,183,0.2569180285320359,-2.592599194411184,caution
PT,PT,Lineage11,184,0.1875617152528808,-2.633980059747127,caution
PT,PT,Lineage11,185,0.10904725641814127,-2.6664427597000864,caution
PT,PT,Lineage11,186,0.02245054419244987,-2.6912642824826962,caution
PT,PT,Lineage11,187,-0.07115252925955153,-2.7097216163075877,caution
PT,PT,Lineage11,188,-0.17068607177323136,-2.7230917493873923,caution
PT,PT,Lineage11,189,-0.2750741911839472,-2.7326516699347434,caution
PT,PT,Lineage11,190,-0.3832409953270678,-2.739678366162271,caution
PT,PT,Lineage11,191,-0.49411059203795066,-2.7454488262826082,caution
PT,PT,Lineage11,192,-0.6066070891519644,-2.751240038508387,caution
PT,PT,Lineage11,193,-0.7196545945044694,-2.758328991052239,caution
PT,PT,Lineage11,194,-0.8321772159308262,-2.7679926721267973,caution
PT,PT,Lineage11,195,-0.943099061266403,-2.7815080699446924,caution
PT,PT,Lineage11,196,-1.0513442383465577,-2.8001521727185574,caution
PT,PT,Lineage11,197,-1.155838703982224,-2.825199384584279,caution
PT,PT,Lineage11,198,-1.2558865680973168,-2.8573956134211143,caution
PT,PT,Lineage11,199,-1.3516289575727114,-2.896316975525786,caution
PT,PT,Lineage11,200,-1.4433192231493839,-2.941382746254307,caution
PT,PT,Lineage11,201,-1.5312107155683217,-2.9920122009626917,caution
PT,PT,Lineage11,202,-1.6155567855705009,-3.0476246150069515,caution
PT,PT,Lineage11,203,-1.6966107838969084,-3.1076392637431027,caution
PT,PT,Lineage11,204,-1.7746260612885232,-3.171475422527157,caution
PT,PT,Lineage11,205,-1.8498559684863256,-3.2385523667151257,caution
PT,PT,Lineage11,206,-1.9225538562313007,-3.3082893716630264,caution
PT,PT,Lineage11,207,-1.9929730752644264,-3.3801057127268677,caution
PT,PT,Lineage11,208,-2.0613669763266884,-3.453420665262668,caution
PT,PT,Lineage11,209,-2.127988910159065,-3.527653504626436,caution
PT,PT,Lineage11,210,-2.1930922275025413,-3.6022235061741896,caution
PT,PT,Lineage11,211,-2.256930279098095,-3.6765499452619372,caution
PT,PT,Lineage11,212,-2.319756415686712,-3.750052097245697,caution
PT,PT,Lineage11,213,-2.3818239693218315,-3.822149516077685,caution
PT,PT,Lineage11,214,-2.443317180171184,-3.893291786366034,caution
PT,PT,Lineage11,215,-2.5041954514231795,-3.9672803911201036,caution
PT,PT,Lineage11,216,-2.5643725290180153,-4.0485974774364495,caution
PT,PT,Lineage11,217,-2.6236078906116207,-4.141585876629137,caution
PT,PT,Lineage11,218,-2.6744565072481357,-4.244082212460642,caution
PT,PT,Lineage11,219,-2.6993491012500113,-4.344780155950585,caution
PT,PT,Lineage11,220,-2.6799569061286355,-4.431687502998442,caution
PT,PT,Lineage11,221,-2.603172605207772,-4.494693327862293,caution
PT,PT,Lineage11,222,-2.4813854160298603,-4.532873057205786,caution
PT,PT,Lineage11,223,-2.3347550403659083,-4.5481018082651765,caution
PT,PT,Lineage11,224,-2.1834430514621666,-4.54225537256565,caution
PT,PT,Lineage11,225,-2.0476110225648694,-4.517209541632393,caution
PT,PT,Lineage11,226,-1.9474205269202656,-4.4748401069905945,caution
PT,PT,Lineage11,227,-1.903033137774598,-4.417022860165441,caution
PT,PT,Lineage11,228,-1.9343564802335171,-4.345853527925382,caution
PT,PT,Lineage11,229,-2.024138265962874,-4.295610685801033,caution
PT,PT,Lineage11,230,-2.0912963294888076,-4.351761737529209,caution
PT,PT,Lineage11,231,-2.1153561297225743,-4.523629962958255,caution
PT,PT,Lineage11,232,-2.1008951470076065,-4.790361632921203,caution
PT,PT,Lineage11,233,-2.0525230243560983,-5.131064275942458,caution
PT,PT,Lineage11,234,-1.9748494047802414,-5.52484542054646,caution
PT,PT,Lineage11,235,-1.8724839312922303,-5.950812595257625,caution
PT,PT,Lineage11,236,-1.750036246904262,-6.388073328600358,caution
PT,PT,Lineage11,237,-1.6121159946285248,-6.815735149099108,caution
PT,PT,Lineage11,238,-1.4633328174772195,-7.212905585278275,caution
PT,PT,Lineage11,239,-1.3082963584625322,-7.5586921656623,caution
PT,PT,Lineage11,240,-1.1516162605966642,-7.832202418775585,caution
PT,PT,Lineage11,241,-0.997902166891802,-8.012543873142572,caution
PT,PT,Lineage11,242,-0.8517637203601475,-8.078824057287674,caution
PT,PT,Lineage11,243,-0.7178105640138861,-8.010150499735312,caution
PT,PT,Lineage11,244,-0.6006523408652195,-7.785630729009913,caution
PT,PT,Lineage11,245,-0.5048986939263347,-7.384372273635889,caution
PT,PT,Lineage11,246,-0.43515926620942946,-6.7854826621376665,caution
PT,PT,Lineage11,247,-0.39604370072669837,-5.968069423039688,caution
PT,PT,Lineage11,248,-0.3921616404903332,-4.911240084866332,caution
PT,PT,Lineage11,249,-0.4281227285125295,-3.5941021761420413,caution
FIB,contractile,Lineage1,0,-3.2536685250714497,4.9571893468447685,strong
FIB,contractile,Lineage1,1,-3.235063506314019,4.885999431411173,strong
FIB,contractile,Lineage1,2,-3.2009920263865923,4.820333563979323,strong
FIB,contractile,Lineage1,3,-3.1531736519106994,4.760401186356512,strong
FIB,contractile,Lineage1,4,-3.093327949507864,4.706411740350018,strong
FIB,contractile,Lineage1,5,-3.0231744857996126,4.6585746677671285,strong
FIB,contractile,Lineage1,6,-2.944432827407474,4.61709941041513,strong
FIB,contractile,Lineage1,7,-2.858822540952972,4.582195410101306,strong
FIB,contractile,Lineage1,8,-2.7680631930576345,4.554072108632943,strong
FIB,contractile,Lineage1,9,-2.6738743503429867,4.5329389478173265,strong
FIB,contractile,Lineage1,10,-2.577975579430557,4.519005369461743,strong
FIB,contractile,Lineage1,11,-2.482086446941871,4.512480815373478,strong
FIB,contractile,Lineage1,12,-2.3879265194984547,4.513574727359815,strong
FIB,contractile,Lineage1,13,-2.2972153637218344,4.52249654722804,strong
FIB,contractile,Lineage1,14,-2.2116725462335367,4.539455716785439,strong
FIB,contractile,Lineage1,15,-2.133017633655089,4.564661677839298,strong
FIB,contractile,Lineage1,16,-2.062970192608016,4.5983238721969,strong
FIB,contractile,Lineage1,17,-2.003249789713846,4.6406517416655335,strong
FIB,contractile,Lineage1,18,-1.9555759915941042,4.6918547280524825,strong
FIB,contractile,Lineage1,19,-1.921668354786729,4.752142268390256,strong
FIB,contractile,Lineage1,20,-1.902350956437153,4.821299772757056,strong
FIB,contractile,Lineage1,21,-1.895103907847221,4.897529218196399,strong
FIB,contractile,Lineage1,22,-1.8966269140339553,4.978663044157919,strong
FIB,contractile,Lineage1,23,-1.9036196800143785,5.062533690091256,strong
FIB,contractile,Lineage1,24,-1.9127819108055117,5.146973595446043,strong
FIB,contractile,Lineage1,25,-1.9208133114243762,5.229815199671912,strong
FIB,contractile,Lineage1,26,-1.924413586887994,5.308890942218502,strong
FIB,contractile,Lineage1,27,-1.920303585263374,5.382047045999366,strong
FIB,contractile,Lineage1,28,-1.9065830567517208,5.448028660422846,strong
FIB,contractile,Lineage1,29,-1.883555018995092,5.5070172772079955,strong
FIB,contractile,Lineage1,30,-1.8517199436621306,5.5593231112454475,strong
FIB,contractile,Lineage1,31,-1.8115783024214758,5.605256377425824,strong
FIB,contractile,Lineage1,32,-1.7636305669417691,5.645127290639754,strong
FIB,contractile,Lineage1,33,-1.7083772088916516,5.679246065777864,strong
FIB,contractile,Lineage1,34,-1.6463186999397637,5.707922917730782,strong
FIB,contractile,Lineage1,35,-1.577955511754746,5.731468061389133,strong
FIB,contractile,Lineage1,36,-1.5037881160052404,5.750191711643546,strong
FIB,contractile,Lineage1,37,-1.424316984359888,5.764404083384648,strong
FIB,contractile,Lineage1,38,-1.3400425884873284,5.774415391503066,strong
FIB,contractile,Lineage1,39,-1.2514654000562033,5.780535850889425,strong
FIB,contractile,Lineage1,40,-1.159085890735153,5.783075676434354,strong
FIB,contractile,Lineage1,41,-1.0634045321928187,5.782345083028479,strong
FIB,contractile,Lineage1,42,-0.9649217960978419,5.778654285562426,strong
FIB,contractile,Lineage1,43,-0.8641381541188634,5.772313498926826,strong
FIB,contractile,Lineage1,44,-0.7615540779245231,5.763632938012301,strong
FIB,contractile,Lineage1,45,-0.6576700391834626,5.75292281770948,strong
FIB,contractile,Lineage1,46,-0.552986509564322,5.7404933529089925,strong
FIB,contractile,Lineage1,47,-0.4480039607357436,5.726654758501462,strong
FIB,contractile,Lineage1,48,-0.34322286436636756,5.711717249377516,strong
FIB,contractile,Lineage1,49,-0.2391436921248348,5.695991040427785,strong
FIB,contractile,Lineage1,50,-0.13626691567978597,5.67978634654289,strong
FIB,contractile,Lineage1,51,-0.03509300669986161,5.663413382613464,strong
FIB,contractile,Lineage1,52,0.06388340949915568,5.647179822537914,strong
FIB,contractile,Lineage1,53,0.16041394947401824,5.631286316451904,strong
FIB,contractile,Lineage1,54,0.25458153222354307,5.61578952097126,strong
FIB,contractile,Lineage1,55,0.3464924061161523,5.6007359531003305,strong
FIB,contractile,Lineage1,56,0.4362528195202677,5.586172129843459,strong
FIB,contractile,Lineage1,57,0.5239690208043116,5.572144568204993,strong
FIB,contractile,Lineage1,58,0.609747258336705,5.558699785189278,strong
FIB,contractile,Lineage1,59,0.6936937804858704,5.5458842978006615,strong
FIB,contractile,Lineage1,60,0.7759148356202294,5.533744623043485,strong
FIB,contractile,Lineage1,61,0.8565166721082045,5.5223272779221,strong
FIB,contractile,Lineage1,62,0.9356055383182175,5.5116787794408495,strong
FIB,contractile,Lineage1,63,1.0132876826186896,5.501845644604081,strong
FIB,contractile,Lineage1,64,1.0896693533780437,5.492874390416142,strong
FIB,contractile,Lineage1,65,1.1648567989647012,5.4848115338813725,strong
FIB,contractile,Lineage1,66,1.2389562677470838,5.477703592004126,strong
FIB,contractile,Lineage1,67,1.312074008093614,5.471597081788743,strong
FIB,contractile,Lineage1,68,1.3843162683727128,5.466538520239571,strong
FIB,contractile,Lineage1,69,1.4557892969528037,5.462574424360959,strong
FIB,contractile,Lineage1,70,1.526599342202308,5.459751311157251,strong
FIB,contractile,Lineage1,71,1.5968526524896467,5.458115697632793,strong
FIB,contractile,Lineage1,72,1.6666554761832426,5.4577141007919305,strong
FIB,contractile,Lineage1,73,1.736114061651517,5.458593037639009,strong
FIB,contractile,Lineage1,74,1.8053346572628926,5.460799025178378,strong
FIB,contractile,Lineage1,75,1.8744235113857899,5.464378580414378,strong
FIB,contractile,Lineage1,76,1.9434868666219691,5.469378232619564,strong
FIB,contractile,Lineage1,77,2.0126175906454438,5.475872965359946,strong
FIB,contractile,Lineage1,78,2.0818666110497017,5.484026987009473,strong
FIB,contractile,Lineage1,79,2.1512766565386503,5.494021948549237,strong
FIB,contractile,Lineage1,80,2.2208904558161997,5.5060395009603225,strong
FIB,contractile,Lineage1,81,2.2907507375862575,5.520261295223818,strong
FIB,contractile,Lineage1,82,2.3609002305527333,5.5368689823208115,strong
FIB,contractile,Lineage1,83,2.431381663419536,5.556044213232392,strong
FIB,contractile,Lineage1,84,2.5022377648905754,5.577968638939643,strong
FIB,contractile,Lineage1,85,2.573511263669759,5.602823910423655,strong
FIB,contractile,Lineage1,86,2.6452448884609967,5.630791678665514,strong
FIB,contractile,Lineage1,87,2.717481367968197,5.66205359464631,strong
FIB,contractile,Lineage1,88,2.790263430895269,5.6967913093471285,strong
FIB,contractile,Lineage1,89,2.863633805946122,5.7351864737490565,strong
FIB,contractile,Lineage1,90,2.9376352218246646,5.777420738833183,strong
FIB,contractile,Lineage1,91,3.0123104072348075,5.823675755580597,strong
FIB,contractile,Lineage1,92,3.087702090880456,5.874133174972384,strong
FIB,contractile,Lineage1,93,3.1638530014655215,5.92897464798963,strong
FIB,contractile,Lineage1,94,3.2408058676939127,5.988381825613424,strong
FIB,contractile,Lineage1,95,3.3186034182695385,6.052536358824856,strong
FIB,contractile,Lineage1,96,3.397281943595821,6.121600210627396,strong
FIB,contractile,Lineage1,97,3.4767565114986874,6.195364651883458,strong
FIB,contractile,Lineage1,98,3.556834241639338,6.2732908537567615,strong
FIB,contractile,Lineage1,99,3.6373184814604107,6.3548284521689595,strong
FIB,contractile,Lineage1,100,3.718012578404547,6.439427083041716,strong
FIB,contractile,Lineage1,101,3.7987198799143864,6.526536382296689,strong
FIB,contractile,Lineage1,102,3.8792437334325696,6.615605985855537,strong
FIB,contractile,Lineage1,103,3.9593874864017344,6.70608552963992,strong
FIB,contractile,Lineage1,104,4.038954486264524,6.797424649571497,strong
FIB,contractile,Lineage1,105,4.117748080463575,6.889072981571929,strong
FIB,contractile,Lineage1,106,4.195571616441531,6.980480161562875,strong
FIB,contractile,Lineage1,107,4.2722284416410305,7.071095825465993,strong
FIB,contractile,Lineage1,108,4.347521903504713,7.160369609202943,strong
FIB,contractile,Lineage1,109,4.421255349475217,7.247751148695384,strong
FIB,contractile,Lineage1,110,4.493232126995186,7.332690079864976,strong
FIB,contractile,Lineage1,111,4.563255583507258,7.414636038633378,strong
FIB,contractile,Lineage1,112,4.631129066454074,7.49303866092225,strong
FIB,contractile,Lineage1,113,4.696655923278274,7.5673475826532535,strong
FIB,contractile,Lineage1,114,4.759639501422497,7.637012439748043,strong
FIB,contractile,Lineage1,115,4.819883148329384,7.701482868128281,strong
FIB,contractile,Lineage1,116,4.877190211441575,7.760208503715625,strong
FIB,contractile,Lineage1,117,4.931364038201708,7.812638982431735,strong
FIB,contractile,Lineage1,118,4.9822079760524245,7.858223940198271,strong
FIB,contractile,Lineage1,119,5.029525372436367,7.896413012936895,strong
FIB,contractile,Lineage1,120,5.073119574796172,7.926655836569262,strong
FIB,contractile,Lineage1,121,5.112793930574481,7.948402047017035,strong
FIB,contractile,Lineage1,122,5.148351787213936,7.96110128020187,strong
FIB,contractile,Lineage1,123,5.179596492157173,7.964203172045428,strong
FIB,contractile,Lineage1,124,5.206331392846832,7.957157358469366,strong
FIB,contractile,Lineage1,125,5.2283598367255575,7.93941347539535,strong
FIB,contractile,Lineage1,126,5.245485171235987,7.910421158745033,strong
FIB,contractile,Lineage1,127,5.25751074382076,7.869630044440076,strong
FIB,contractile,Lineage1,128,5.264239901922518,7.816489768402142,strong
FIB,contractile,Lineage1,129,5.265582524819158,7.750797004107142,strong
FIB,contractile,Lineage1,130,5.261959569594084,7.674013309440701,strong
FIB,contractile,Lineage1,131,5.2539450710819455,7.5880989075773035,strong
FIB,contractile,Lineage1,132,5.242113092515785,7.495014114201907,strong
FIB,contractile,Lineage1,133,5.227037697128647,7.39671924499947,strong
FIB,contractile,Lineage1,134,5.209292948153581,7.295174615654959,strong
FIB,contractile,Lineage1,135,5.189452908823626,7.192340541853324,strong
FIB,contractile,Lineage1,136,5.168091642371833,7.090177339279535,strong
FIB,contractile,Lineage1,137,5.1457832120312395,6.99064532361854,strong
FIB,contractile,Lineage1,138,5.123101681034896,6.8957048105553085,strong
FIB,contractile,Lineage1,139,5.100621112615845,6.807316115774792,strong
FIB,contractile,Lineage1,140,5.078915570007134,6.727439554961958,strong
FIB,contractile,Lineage1,141,5.058559116441805,6.65803544380176,strong
FIB,contractile,Lineage1,142,5.040125815152905,6.60106409797916,strong
FIB,contractile,Lineage1,143,5.024189729373479,6.558485833179117,strong
FIB,contractile,Lineage1,144,5.011324922336568,6.532260965086591,strong
FIB,contractile,Lineage1,145,5.0021022619809745,6.52433107640646,strong
FIB,contractile,Lineage1,146,4.996867301138864,6.535316800010121,strong
FIB,contractile,Lineage1,147,4.995595529552343,6.563669208172189,strong
FIB,contractile,Lineage1,148,4.998228038755077,6.607637707560446,strong
FIB,contractile,Lineage1,149,5.0047059202807285,6.665471704842669,strong
FIB,contractile,Lineage1,150,5.014970265662969,6.735420606686646,strong
FIB,contractile,Lineage1,151,5.028962166435465,6.815733819760159,strong
FIB,contractile,Lineage1,152,5.04662271413188,6.904660750730985,strong
FIB,contractile,Lineage1,153,5.067893000285883,7.000450806266913,strong
FIB,contractile,Lineage1,154,5.092714116431139,7.101353393035717,strong
FIB,contractile,Lineage1,155,5.121027154101317,7.205617917705188,strong
FIB,contractile,Lineage1,156,5.152773204830082,7.311493786943101,strong
FIB,contractile,Lineage1,157,5.187893360151103,7.417230407417247,strong
FIB,contractile,Lineage1,158,5.22632871159804,7.521077185795396,strong
FIB,contractile,Lineage1,159,5.2680203507045675,7.621283528745343,strong
FIB,contractile,Lineage1,160,5.312909369004348,7.716098842934861,strong
FIB,contractile,Lineage1,161,5.3609368580310495,7.803772535031735,strong
FIB,contractile,Lineage1,162,5.412043909318338,7.882554011703748,strong
FIB,contractile,Lineage1,163,5.4661716143998795,7.9506926796186805,strong
FIB,contractile,Lineage1,164,5.523261064809342,8.006437945444317,strong
FIB,contractile,Lineage1,165,5.5832533520803915,8.04803921584844,strong
FIB,contractile,Lineage1,166,5.646088343428078,8.07375027680598,strong
FIB,contractile,Lineage1,167,5.711465002380371,8.082686610933422,strong
FIB,contractile,Lineage1,168,5.778553687733302,8.075854485200692,strong
FIB,contractile,Lineage1,169,5.846454591385251,8.054511148954855,strong
FIB,contractile,Lineage1,170,5.914267905234611,8.019913851542977,strong
FIB,contractile,Lineage1,171,5.98109382117977,7.973319842312123,strong
FIB,contractile,Lineage1,172,6.046032531119112,7.91598637060936,strong
FIB,contractile,Lineage1,173,6.108184226951026,7.84917068578175,strong
FIB,contractile,Lineage1,174,6.166649100573897,7.7741300371763575,strong
FIB,contractile,Lineage1,175,6.220527343886116,7.692121674140246,strong
FIB,contractile,Lineage1,176,6.268919148786068,7.6044028460204895,strong
FIB,contractile,Lineage1,177,6.310924707172143,7.512230802164141,strong
FIB,contractile,Lineage1,178,6.3456519974621175,7.41687374719428,strong
FIB,contractile,Lineage1,179,6.373539100589791,7.3214712790283105,strong
FIB,contractile,Lineage1,180,6.397847881063096,7.23313592968585,strong
FIB,contractile,Lineage1,181,6.422200935771356,7.159487765118255,strong
FIB,contractile,Lineage1,182,6.450220861603896,7.108146851276894,strong
FIB,contractile,Lineage1,183,6.485320290255575,7.086282369274747,strong
FIB,contractile,Lineage1,184,6.5279670669055045,7.094739787403616,strong
FIB,contractile,Lineage1,185,6.57645880533007,7.129704161367517,strong
FIB,contractile,Lineage1,186,6.62904260268077,7.187252066127711,strong
FIB,contractile,Lineage1,187,6.6839655561091,7.263460076645454,strong
FIB,contractile,Lineage1,188,6.739474762766557,7.354404767882011,strong
FIB,contractile,Lineage1,189,6.793817319804638,7.456162714798635,strong
FIB,contractile,Lineage1,190,6.845240324374841,7.564810492356595,strong
FIB,contractile,Lineage1,191,6.891990873628661,7.676424675517142,strong
FIB,contractile,Lineage1,192,6.9323160647175985,7.7870818392415435,strong
FIB,contractile,Lineage1,193,6.9644629947931485,7.8928585584910556,strong
FIB,contractile,Lineage1,194,6.986678761006806,7.989831408226934,strong
FIB,contractile,Lineage1,195,6.997210460510074,8.074076963410446,strong
FIB,contractile,Lineage1,196,6.994305190454443,8.141671799002848,strong
FIB,contractile,Lineage1,197,6.976210047991413,8.1886924899654,strong
FIB,contractile,Lineage1,198,6.941185108836438,8.21123413520546,strong
FIB,contractile,Lineage1,199,6.889145555216505,8.207754121469915,strong
FIB,contractile,Lineage1,200,6.823267626627677,8.181364252533816,strong
FIB,contractile,Lineage1,201,6.7471088229952185,8.135720494659237,strong
FIB,contractile,Lineage1,202,6.664226644244394,8.074478814108247,strong
FIB,contractile,Lineage1,203,6.57817859030046,8.001295177142913,strong
FIB,contractile,Lineage1,204,6.49252216108868,7.919825550025302,strong
FIB,contractile,Lineage1,205,6.410814856534323,7.833725899017489,strong
FIB,contractile,Lineage1,206,6.336614176562643,7.746652190381537,strong
FIB,contractile,Lineage1,207,6.273477621098906,7.66226039037952,strong
FIB,contractile,Lineage1,208,6.224962690068372,7.584206465273499,strong
FIB,contractile,Lineage1,209,6.194626883396305,7.516146381325551,strong
FIB,contractile,Lineage1,210,6.186027701007967,7.461736104797738,strong
FIB,contractile,Lineage1,211,6.202722642828617,7.4246316019521315,strong
FIB,contractile,Lineage1,212,6.247872026108397,7.4081201911655175,strong
FIB,contractile,Lineage1,213,6.318138166166549,7.409458024753236,strong
FIB,contractile,Lineage1,214,6.404881243958867,7.420980041838303,strong
FIB,contractile,Lineage1,215,6.499306536958721,7.434877406790222,strong
FIB,contractile,Lineage1,216,6.592619322639489,7.443341283978501,strong
FIB,contractile,Lineage1,217,6.676024878474548,7.438562837772641,strong
FIB,contractile,Lineage1,218,6.740728481937276,7.412733232542152,strong
FIB,contractile,Lineage1,219,6.779461067073024,7.359847117755125,strong
FIB,contractile,Lineage1,220,6.793114025484008,7.283545654336964,strong
FIB,contractile,Lineage1,221,6.785295873732104,7.190681928141497,strong
FIB,contractile,Lineage1,222,6.759616977367362,7.088111210719311,strong
FIB,contractile,Lineage1,223,6.719687701939815,6.982688773620975,strong
FIB,contractile,Lineage1,224,6.669118412999516,6.881269888397078,strong
FIB,contractile,Lineage1,225,6.611519476096507,6.790709826598197,strong
FIB,contractile,Lineage1,226,6.55050125678083,6.71786385977491,strong
FIB,contractile,Lineage1,227,6.489674120602534,6.669587259477802,strong
FIB,contractile,Lineage1,228,6.432648433111658,6.652735297257449,strong
FIB,contractile,Lineage1,229,6.38290051978521,6.673768900454719,strong
FIB,contractile,Lineage1,230,6.340549539179587,6.72927225353692,strong
FIB,contractile,Lineage1,231,6.3021976638332,6.805482612322522,strong
FIB,contractile,Lineage1,232,6.264281040718039,6.88814878750092,strong
FIB,contractile,Lineage1,233,6.223235816806102,6.963019589761506,strong
FIB,contractile,Lineage1,234,6.175730730006121,7.0167742561517015,strong
FIB,contractile,Lineage1,235,6.120965913712271,7.046218287085962,strong
FIB,contractile,Lineage1,236,6.059696325628941,7.054376898762119,strong
FIB,contractile,Lineage1,237,5.992699534718453,7.044365758496457,strong
FIB,contractile,Lineage1,238,5.920753109943131,7.019300533605256,strong
FIB,contractile,Lineage1,239,5.844634620265294,6.982296891404799,strong
FIB,contractile,Lineage1,240,5.765121634647268,6.936470499211363,strong
FIB,contractile,Lineage1,241,5.682991722051371,6.884937024341234,strong
FIB,contractile,Lineage1,242,5.5990224514399305,6.830812134110692,strong
FIB,contractile,Lineage1,243,5.5139913917752645,6.77721149583602,strong
FIB,contractile,Lineage1,244,5.428676112019698,6.727250776833493,strong
FIB,contractile,Lineage1,245,5.3438541811355496,6.684045644419399,strong
FIB,contractile,Lineage1,246,5.260303168085145,6.650711765910018,strong
FIB,contractile,Lineage1,247,5.178800641830808,6.63036480862163,strong
FIB,contractile,Lineage1,248,5.100124171334857,6.626120439870517,strong
FIB,contractile,Lineage1,249,5.025051325559616,6.641094326972961,strong
FIB,contractile,Lineage2,0,-3.3523926071751156,4.9563012817724434,caution
FIB,contractile,Lineage2,1,-3.2216555557724535,4.98305041827532,caution
FIB,contractile,Lineage2,2,-3.0967220442692374,5.001348139857225,caution
FIB,contractile,Lineage2,3,-2.9760255953588772,5.011149716215788,caution
FIB,contractile,Lineage2,4,-2.857999731734784,5.0124104170486365,caution
FIB,contractile,Lineage2,5,-2.7410779760903705,5.005085512053408,caution
FIB,contractile,Lineage2,6,-2.623693851119048,4.989130270927728,caution
FIB,contractile,Lineage2,7,-2.504280879514228,4.964499963369229,caution
FIB,contractile,Lineage2,8,-2.381272583969321,4.931149859075541,caution
FIB,contractile,Lineage2,9,-2.253102487177739,4.889035227744296,caution
FIB,contractile,Lineage2,10,-2.1182041118328936,4.838111339073125,caution
FIB,contractile,Lineage2,11,-1.9776101111087594,4.781137620207058,caution
FIB,contractile,Lineage2,12,-1.8486815922110096,4.738489988236498,caution
FIB,contractile,Lineage2,13,-1.755103372337963,4.737366860777696,caution
FIB,contractile,Lineage2,14,-1.7124953775439007,4.7961100715006095,caution
FIB,contractile,Lineage2,15,-1.7101893745857917,4.90419357543963,caution
FIB,contractile,Lineage2,16,-1.732179120624964,5.045229486508217,caution
FIB,contractile,Lineage2,17,-1.7624583728227485,5.202829918619831,caution
FIB,contractile,Lineage2,18,-1.7850208883404728,5.360606985687933,caution
FIB,contractile,Lineage2,19,-1.7840117846634929,5.50231475683888,caution
FIB,contractile,Lineage2,20,-1.751159938118113,5.618819826279442,caution
FIB,contractile,Lineage2,21,-1.6891602474515726,5.7112734123898505,caution
FIB,contractile,Lineage2,22,-1.60156439828503,5.781630282061982,caution
FIB,contractile,Lineage2,23,-1.4919240762396422,5.831845202187706,caution
FIB,contractile,Lineage2,24,-1.36379096693657,5.863872939658903,caution
FIB,contractile,Lineage2,25,-1.220716755996971,5.879668261367447,caution
FIB,contractile,Lineage2,26,-1.066253129042002,5.881185934205212,caution
FIB,contractile,Lineage2,27,-0.9039517716928234,5.870380725064073,caution
FIB,contractile,Lineage2,28,-0.7373643695705929,5.849207400835906,caution
FIB,contractile,Lineage2,29,-0.5700426082964684,5.819620728412584,caution
FIB,contractile,Lineage2,30,-0.4055381734916093,5.783575474685985,caution
FIB,contractile,Lineage2,31,-0.24728320501978351,5.743007579777295,caution
FIB,contractile,Lineage2,32,-0.09657053577895598,5.699516073133904,caution
FIB,contractile,Lineage2,33,0.04715383868418615,5.654409133368618,caution
FIB,contractile,Lineage2,34,0.18450457809776238,5.6089853867439565,caution
FIB,contractile,Lineage2,35,0.3160963421898941,5.564543459522448,caution
FIB,contractile,Lineage2,36,0.4425437906886996,5.522381977966613,caution
FIB,contractile,Lineage2,37,0.5644615833222999,5.4837995683389735,caution
FIB,contractile,Lineage2,38,0.6824643798188151,5.450094856902056,caution
FIB,contractile,Lineage2,39,0.7971668399063654,5.422566469918379,caution
FIB,contractile,Lineage2,40,0.9091836233130715,5.402513033650467,caution
FIB,contractile,Lineage2,41,1.0191293897670526,5.391233174360845,caution
FIB,contractile,Lineage2,42,1.1276187989964288,5.390025518312032,caution
FIB,contractile,Lineage2,43,1.2352665107293208,5.400188691766555,caution
FIB,contractile,Lineage2,44,1.3426871846938484,5.4230213209869325,caution
FIB,contractile,Lineage2,45,1.4504468935427006,5.459436223078775,caution
FIB,contractile,Lineage2,46,1.5587960745057714,5.5078398894369895,caution
FIB,contractile,Lineage2,47,1.6678590737700532,5.565637576487649,caution
FIB,contractile,Lineage2,48,1.7777599068816266,5.630231915178928,caution
FIB,contractile,Lineage2,49,1.8886225893865694,5.699025536458995,caution
FIB,contractile,Lineage2,50,2.000571136830962,5.769421071276026,caution
FIB,contractile,Lineage2,51,2.113729564760884,5.838821150578193,caution
FIB,contractile,Lineage2,52,2.228221888722413,5.904628405313669,caution
FIB,contractile,Lineage2,53,2.344172124261628,5.964245466430624,caution
FIB,contractile,Lineage2,54,2.461704286924609,6.015074964877231,caution
FIB,contractile,Lineage2,55,2.5809423922574344,6.054519531601662,caution
FIB,contractile,Lineage2,56,2.702010455806184,6.079981797552092,caution
FIB,contractile,Lineage2,57,2.8249741336458616,6.089660928274695,caution
FIB,contractile,Lineage2,58,2.949595475137001,6.085899945450935,caution
FIB,contractile,Lineage2,59,3.0755381114357085,6.0723851575237395,caution
FIB,contractile,Lineage2,60,3.2024656227753927,6.052803567967858,caution
FIB,contractile,Lineage2,61,3.3300415893894626,6.030842180258035,caution
FIB,contractile,Lineage2,62,3.45792959151133,6.010187997869022,caution
FIB,contractile,Lineage2,63,3.585793209374401,5.994528024275565,caution
FIB,contractile,Lineage2,64,3.7132960232120875,5.987549262952415,caution
FIB,contractile,Lineage2,65,3.840101613257796,5.992938717374314,caution
FIB,contractile,Lineage2,66,3.96587355974494,6.014383391016016,caution
FIB,contractile,Lineage2,67,4.0902754429069255,6.055570287352265,caution
FIB,contractile,Lineage2,68,4.212970842977164,6.12018640985781,caution
FIB,contractile,Lineage2,69,4.333564403975685,6.211070334793218,caution
FIB,contractile,Lineage2,70,4.4513036791673395,6.325920072080181,caution
FIB,contractile,Lineage2,71,4.565302436592052,6.460507701568299,caution
FIB,contractile,Lineage2,72,4.67467420890662,6.610601914605619,caution
FIB,contractile,Lineage2,73,4.778532528767846,6.771971402540184,caution
FIB,contractile,Lineage2,74,4.8759909288325245,6.940384856720034,caution
FIB,contractile,Lineage2,75,4.9661629417574575,7.111610968493218,caution
FIB,contractile,Lineage2,76,5.048162100199444,7.2814184292077755,caution
FIB,contractile,Lineage2,77,5.12110193681528,7.445575930211751,caution
FIB,contractile,Lineage2,78,5.184095984261766,7.599852162853187,caution
FIB,contractile,Lineage2,79,5.236257775195703,7.7400158184801295,caution
FIB,contractile,Lineage2,80,5.276700842273887,7.861835588440621,caution
FIB,contractile,Lineage2,81,5.304538718153118,7.961080164082705,caution
FIB,contractile,Lineage2,82,5.318884935490194,8.033518236754421,caution
FIB,contractile,Lineage2,83,5.318853026941915,8.074918497803818,caution
FIB,contractile,Lineage2,84,5.303556525165082,8.08104963857894,caution
FIB,contractile,Lineage2,85,5.272108962816488,8.047680350427823,caution
FIB,contractile,Lineage2,86,5.224008123955775,7.971475609492581,caution
FIB,contractile,Lineage2,87,5.162571633371798,7.858010353300121,caution
FIB,contractile,Lineage2,88,5.0933054477431225,7.717963908281648,caution
FIB,contractile,Lineage2,89,5.021741382216593,7.5620759169836695,caution
FIB,contractile,Lineage2,90,4.953411251939053,7.401086021952691,caution
FIB,contractile,Lineage2,91,4.893846872057347,7.245733865735221,caution
FIB,contractile,Lineage2,92,4.848580057718322,7.106759090877767,caution
FIB,contractile,Lineage2,93,4.823142624068822,6.994901339926835,caution
FIB,contractile,Lineage2,94,4.823066386255695,6.920900255428935,caution
FIB,contractile,Lineage2,95,4.853878632862686,6.895487611999661,caution
FIB,contractile,Lineage2,96,4.918114776206947,6.924194798162761,caution
FIB,contractile,Lineage2,97,5.010148827875426,6.998367310023546,caution
FIB,contractile,Lineage2,98,5.1229760259688115,7.10695410257973,caution
FIB,contractile,Lineage2,99,5.249591608587791,7.238904130829021,caution
FIB,contractile,Lineage2,100,5.382990813833055,7.383166349769134,caution
FIB,contractile,Lineage2,101,5.516168879805289,7.528689714397777,caution
FIB,contractile,Lineage2,102,5.642121044605184,7.664423179712665,caution
FIB,contractile,Lineage2,103,5.753842546333424,7.779315700711504,caution
FIB,contractile,Lineage2,104,5.844328623090699,7.862316232392009,caution
FIB,contractile,Lineage2,105,5.906574512977695,7.902373729751889,caution
FIB,contractile,Lineage2,106,5.933575454095105,7.888437147788858,caution
FIB,contractile,Lineage2,107,5.920083856385977,7.810811949701678,caution
FIB,contractile,Lineage2,108,5.888855121233385,7.681421454510932,caution
FIB,contractile,Lineage2,109,5.883832952155672,7.529035592885926,caution
FIB,contractile,Lineage2,110,5.922192474465078,7.372254857183054,caution
FIB,contractile,Lineage2,111,5.994772927253581,7.219436144886878,caution
FIB,contractile,Lineage2,112,6.091348583674754,7.078522124792857,caution
FIB,contractile,Lineage2,113,6.201693716882166,6.957455465696447,caution
FIB,contractile,Lineage2,114,6.315582600029389,6.864178836393115,caution
FIB,contractile,Lineage2,115,6.422789506269995,6.806634905678314,caution
FIB,contractile,Lineage2,116,6.513088708757557,6.79276634234751,caution
FIB,contractile,Lineage2,117,6.576274440358114,6.830476362696196,caution
FIB,contractile,Lineage2,118,6.605922743001505,6.9201930341570215,caution
FIB,contractile,Lineage2,119,6.603836569017966,7.046083058533977,caution
FIB,contractile,Lineage2,120,6.572900070837074,7.19017603034806,caution
FIB,contractile,Lineage2,121,6.5159974008884065,7.334501544120275,caution
FIB,contractile,Lineage2,122,6.436012711601539,7.461089194371621,caution
FIB,contractile,Lineage2,123,6.336180728334416,7.5549747708963055,caution
FIB,contractile,Lineage2,124,6.221542098861348,7.616680015176918,caution
FIB,contractile,Lineage2,125,6.097717323802076,7.6516989604563035,caution
FIB,contractile,Lineage2,126,5.970327173913805,7.665527956431123,caution
FIB,contractile,Lineage2,127,5.844911602349476,7.663599024752312,caution
FIB,contractile,Lineage2,128,5.724396044131421,7.649263120162422,caution
FIB,contractile,Lineage2,129,5.608586556004475,7.623388279105575,caution
FIB,contractile,Lineage2,130,5.497106417407023,7.586697053548429,caution
FIB,contractile,Lineage2,131,5.389578907777446,7.539911995457643,caution
FIB,contractile,Lineage2,132,5.285627306554131,7.48375565679987,caution
FIB,contractile,Lineage2,133,5.184874893175453,7.41895058954177,caution
FIB,contractile,Lineage2,134,5.086944947079809,7.3462193456500025,caution
FIB,contractile,Lineage2,135,4.991460747705569,7.266284477091218,caution
FIB,contractile,Lineage2,136,4.8980455744911255,7.17986853583208,caution
FIB,contractile,Lineage2,137,4.8063227068748535,7.08769407383924,caution
FIB,contractile,Lineage2,138,4.7159154242951455,6.990483643079361,caution
FIB,contractile,Lineage2,139,4.626447006190378,6.888959795519096,caution
FIB,contractile,Lineage2,140,4.537540731998936,6.783845083125101,caution
FIB,contractile,Lineage2,141,4.448819881159209,6.675862057864041,caution
FIB,contractile,Lineage2,142,4.35990773310957,6.565733271702564,caution
FIB,contractile,Lineage2,143,4.2704275672884116,6.454181276607334,caution
FIB,contractile,Lineage2,144,4.18000266313411,6.341928624545001,caution
FIB,contractile,Lineage2,145,4.088256300085056,6.229697867482232,caution
FIB,contractile,Lineage2,146,3.994813823169448,6.118213471725514,caution
FIB,contractile,Lineage2,147,3.8994141869714363,6.0083051942333965,caution
FIB,contractile,Lineage2,148,3.801966747016556,5.900960715530612,caution
FIB,contractile,Lineage2,149,3.7023948711154646,5.79718070239666,caution
FIB,contractile,Lineage2,150,3.600621927078805,5.697965821611026,caution
FIB,contractile,Lineage2,151,3.496571282717231,5.604316739953207,caution
FIB,contractile,Lineage2,152,3.3901663058413916,5.517234124202693,caution
FIB,contractile,Lineage2,153,3.2813303642619336,5.437718641138976,caution
FIB,contractile,Lineage2,154,3.169986825789511,5.366770957541548,caution
FIB,contractile,Lineage2,155,3.0560590582347675,5.305391740189898,caution
FIB,contractile,Lineage2,156,2.9394704294083587,5.254581655863523,caution
FIB,contractile,Lineage2,157,2.8201443071209273,5.21534137134191,caution
FIB,contractile,Lineage2,158,2.698004059183131,5.188671553404555,caution
FIB,contractile,Lineage2,159,2.57297305340561,5.175572868830947,caution
FIB,contractile,Lineage2,160,2.4449746575990186,5.177045984400577,caution
FIB,contractile,Lineage2,161,2.313932239574009,5.194091566892939,caution
FIB,contractile,Lineage2,162,2.1797691671412243,5.227710283087525,caution
FIB,contractile,Lineage2,163,2.0424532937070206,5.278710977412864,caution
FIB,contractile,Lineage2,164,1.9025731620699322,5.345226075187984,caution
FIB,contractile,Lineage2,165,1.761173130210982,5.423422521928129,caution
FIB,contractile,Lineage2,166,1.6193080783738358,5.509421891042623,caution
FIB,contractile,Lineage2,167,1.4780328868021737,5.599345755940786,caution
FIB,contractile,Lineage2,168,1.3384024357396598,5.68931569003194,caution
FIB,contractile,Lineage2,169,1.2014716054299757,5.7754532667254015,caution
FIB,contractile,Lineage2,170,1.0682952761167859,5.853880059430502,caution
FIB,contractile,Lineage2,171,0.9399283280437664,5.920717641556553,caution
FIB,contractile,Lineage2,172,0.8174256414545937,5.9720875865128775,caution
FIB,contractile,Lineage2,173,0.701842096592934,6.004111467708801,caution
FIB,contractile,Lineage2,174,0.5942325737024655,6.0129108585536395,caution
FIB,contractile,Lineage2,175,0.4956519530268554,5.9946073324567175,caution
FIB,contractile,Lineage2,176,0.40715511480978156,5.945322462827356,caution
FIB,contractile,Lineage2,177,0.32979693929491183,5.861177823074873,caution
FIB,contractile,Lineage2,178,0.2645540091406548,5.738662741820662,caution
FIB,contractile,Lineage2,179,0.20909985797462052,5.5897806084661585,caution
FIB,contractile,Lineage2,180,0.15666094263910096,5.447422246688834,caution
FIB,contractile,Lineage2,181,0.10015025409762791,5.3459507951848195,caution
FIB,contractile,Lineage2,182,0.03248606552875947,5.3196683884894425,caution
FIB,contractile,Lineage2,183,-0.05142265801676811,5.37988671364499,caution
FIB,contractile,Lineage2,184,-0.151694049309955,5.4804855426819525,caution
FIB,contractile,Lineage2,185,-0.2676813809266876,5.56654335384438,caution
FIB,contractile,Lineage2,186,-0.3978686376692942,5.598611469138681,caution
FIB,contractile,Lineage2,187,-0.5383082900663984,5.580520825914544,caution
FIB,contractile,Lineage2,188,-0.6846309253008315,5.523611652799061,caution
FIB,contractile,Lineage2,189,-0.8324671305554083,5.439224178419327,caution
FIB,contractile,Lineage2,190,-0.9774474930129604,5.338698631402428,caution
FIB,contractile,Lineage2,191,-1.1152025998563029,5.2333752403754605,caution
FIB,contractile,Lineage2,192,-1.2413630382682668,5.1345942339655135,caution
FIB,contractile,Lineage2,193,-1.3515593954316711,5.05369584079968,caution
FIB,contractile,Lineage2,194,-1.4414222585293366,5.002020289505053,caution
FIB,contractile,Lineage2,195,-1.5065822147440915,4.99090780870872,caution
FIB,contractile,Lineage2,196,-1.542670253698551,5.03169764856161,caution
FIB,contractile,Lineage2,197,-1.5480104923277824,5.129181096201266,caution
FIB,contractile,Lineage2,198,-1.530037881217644,5.265997718907535,caution
FIB,contractile,Lineage2,199,-1.4981120927872944,5.4201073915754305,caution
FIB,contractile,Lineage2,200,-1.4615927994558944,5.569469989099947,caution
FIB,contractile,Lineage2,201,-1.4298396736426011,5.692045386376093,caution
FIB,contractile,Lineage2,202,-1.412201586572973,5.765822517871731,caution
FIB,contractile,Lineage2,203,-1.4149038301809915,5.777194007809543,caution
FIB,contractile,Lineage2,204,-1.4367403046894063,5.73254592529005,caution
FIB,contractile,Lineage2,205,-1.4754236133648688,5.641173464908486,caution
FIB,contractile,Lineage2,206,-1.5286663594740337,5.512371821260078,caution
FIB,contractile,Lineage2,207,-1.5941811462835511,5.355436188940061,caution
FIB,contractile,Lineage2,208,-1.6696805770600776,5.179661762543661,caution
FIB,contractile,Lineage2,209,-1.7528772550702614,4.994343736666116,caution
FIB,contractile,Lineage2,210,-1.8414837835807605,4.808777305902648,caution
FIB,contractile,Lineage2,211,-1.9332127658582217,4.632257664848494,caution
FIB,contractile,Lineage2,212,-2.0257768051693046,4.47408000809888,caution
FIB,contractile,Lineage2,213,-2.1168885047806563,4.343539530249043,caution
FIB,contractile,Lineage2,214,-2.2042604679589335,4.249931425894205,caution
FIB,contractile,Lineage2,215,-2.2856052979707875,4.202550889629604,caution
FIB,contractile,Lineage2,216,-2.3586355980828695,4.210693116050469,caution
FIB,contractile,Lineage2,217,-2.421524377736779,4.281104259796395,caution
FIB,contractile,Lineage2,218,-2.4758997593836454,4.401401233564033,caution
FIB,contractile,Lineage2,219,-2.5249592114264576,4.5505122622061425,caution
FIB,contractile,Lineage2,220,-2.571908060647861,4.707322062636548,caution
FIB,contractile,Lineage2,221,-2.619951633830504,4.850715351769085,caution
FIB,contractile,Lineage2,222,-2.672295257757031,4.959576846517578,caution
FIB,contractile,Lineage2,223,-2.7321442592100915,5.01279126379586,caution
FIB,contractile,Lineage2,224,-2.8020189574448544,4.993153106189779,caution
FIB,contractile,Lineage2,225,-2.8798835815447235,4.909461460701474,caution
FIB,contractile,Lineage2,226,-2.961842941762188,4.781128332894952,caution
FIB,contractile,Lineage2,227,-3.0439963504195835,4.627597108615006,caution
FIB,contractile,Lineage2,228,-3.1224431198392515,4.468311173706404,caution
FIB,contractile,Lineage2,229,-3.1932825623435277,4.322713914013937,caution
FIB,contractile,Lineage2,230,-3.2526139902547517,4.210248715382376,caution
FIB,contractile,Lineage2,231,-3.29653671589526,4.150358963656513,caution
FIB,contractile,Lineage2,232,-3.321579473760326,4.161093102265653,caution
FIB,contractile,Lineage2,233,-3.330736479815252,4.239496992780481,caution
FIB,contractile,Lineage2,234,-3.3319996555673757,4.366381863629755,caution
FIB,contractile,Lineage2,235,-3.3334906743673502,4.522137455109717,caution
FIB,contractile,Lineage2,236,-3.343331209565827,4.687153507516609,caution
FIB,contractile,Lineage2,237,-3.369642934513463,4.841819761146685,caution
FIB,contractile,Lineage2,238,-3.4200411102584156,4.967541017644708,caution
FIB,contractile,Lineage2,239,-3.4898765803772354,5.070299848797552,caution
FIB,contractile,Lineage2,240,-3.5648070617372505,5.173138382221866,caution
FIB,contractile,Lineage2,241,-3.637472768743541,5.27899813930117,caution
FIB,contractile,Lineage2,242,-3.701714899424551,5.387443597838892,caution
FIB,contractile,Lineage2,243,-3.751374651808734,5.498039235638475,caution
FIB,contractile,Lineage2,244,-3.780293223924536,5.61034953050335,caution
FIB,contractile,Lineage2,245,-3.78231181380041,5.72393896023696,caution
FIB,contractile,Lineage2,246,-3.751271619464802,5.838372002642738,caution
FIB,contractile,Lineage2,247,-3.6810138389461633,5.953213135524115,caution
FIB,contractile,Lineage2,248,-3.5653796702729412,6.068026836684538,caution
FIB,contractile,Lineage2,249,-3.3982103114735853,6.182377583927439,caution
FIB,contractile,Lineage3,0,-3.4376470664258756,4.884642992136839,strong
FIB,contractile,Lineage3,1,-3.3202999142672542,4.892136389387839,strong
FIB,contractile,Lineage3,2,-3.2138496122739357,4.877459944527419,strong
FIB,contractile,Lineage3,3,-3.115790001615952,4.845645612405731,strong
FIB,contractile,Lineage3,4,-3.023614923463331,4.801725347872929,strong
FIB,contractile,Lineage3,5,-2.934818218986102,4.750731105779167,strong
FIB,contractile,Lineage3,6,-2.846893729354296,4.6976948409746,strong
FIB,contractile,Lineage3,7,-2.757335295737944,4.6476485083093815,strong
FIB,contractile,Lineage3,8,-2.6636367593070736,4.605624062633665,strong
FIB,contractile,Lineage3,9,-2.5632919612317155,4.576653458797605,strong
FIB,contractile,Lineage3,10,-2.4537947426819,4.565768651651355,strong
FIB,contractile,Lineage3,11,-2.3326389935864533,4.578001567254505,strong
FIB,contractile,Lineage3,12,-2.2008226582551984,4.616315095526311,strong
FIB,contractile,Lineage3,13,-2.072361671879411,4.675985403898426,strong
FIB,contractile,Lineage3,14,-1.9642944486638612,4.750503979077738,strong
FIB,contractile,Lineage3,15,-1.8936594028133147,4.833362307771133,strong
FIB,contractile,Lineage3,16,-1.8774949485325407,4.918051876685501,strong
FIB,contractile,Lineage3,17,-1.9286696513764818,4.998334132023747,strong
FIB,contractile,Lineage3,18,-1.980260904309858,5.074170684820396,strong
FIB,contractile,Lineage3,19,-2.0011123072995,5.146744531807934,strong
FIB,contractile,Lineage3,20,-1.9936809462434517,5.215816502905509,strong
FIB,contractile,Lineage3,21,-1.9604239070397569,5.2811474280322726,strong
FIB,contractile,Lineage3,22,-1.9037982755864598,5.342498137107374,strong
FIB,contractile,Lineage3,23,-1.8262611377816038,5.399629460049969,strong
FIB,contractile,Lineage3,24,-1.730269579523234,5.452302226779201,strong
FIB,contractile,Lineage3,25,-1.6182806867093935,5.500277267214224,strong
FIB,contractile,Lineage3,26,-1.492751545238126,5.543315411274189,strong
FIB,contractile,Lineage3,27,-1.3561392410074764,5.581177488878244,strong
FIB,contractile,Lineage3,28,-1.2109008599154882,5.613624329945541,strong
FIB,contractile,Lineage3,29,-1.0594934878602045,5.640416764395231,strong
FIB,contractile,Lineage3,30,-0.9043742107396707,5.661315622146463,strong
FIB,contractile,Lineage3,31,-0.7480001144519295,5.676081733118388,strong
FIB,contractile,Lineage3,32,-0.5928282848950263,5.684475927230157,strong
FIB,contractile,Lineage3,33,-0.4413158079670037,5.686259034400918,strong
FIB,contractile,Lineage3,34,-0.29591976956590665,5.681191884549825,strong
FIB,contractile,Lineage3,35,-0.15900883936225224,5.669086946083234,strong
FIB,contractile,Lineage3,36,-0.031223227608427884,5.650766174376736,strong
FIB,contractile,Lineage3,37,0.08837109083353172,5.627970938994291,strong
FIB,contractile,Lineage3,38,0.20076562803902262,5.602476184088668,strong
FIB,contractile,Lineage3,39,0.30695189608344087,5.576056853812636,strong
FIB,contractile,Lineage3,40,0.40792140704218366,5.550487892318966,strong
FIB,contractile,Lineage3,41,0.5046656729906455,5.527544243760425,strong
FIB,contractile,Lineage3,42,0.5981762060042234,5.509000852289786,strong
FIB,contractile,Lineage3,43,0.6894445181583134,5.496632662059816,strong
FIB,contractile,Lineage3,44,0.7794621215283121,5.492214617223287,strong
FIB,contractile,Lineage3,45,0.8692205281896154,5.49752166193297,strong
FIB,contractile,Lineage3,46,0.9597112420971721,5.514328697416617,strong
FIB,contractile,Lineage3,47,1.0517346468061153,5.543400354800369,strong
FIB,contractile,Lineage3,48,1.1454051151795157,5.581874985167753,strong
FIB,contractile,Lineage3,49,1.2406831583369324,5.626077620252802,strong
FIB,contractile,Lineage3,50,1.337529287397925,5.672333291789549,strong
FIB,contractile,Lineage3,51,1.435904013482053,5.716967031512027,strong
FIB,contractile,Lineage3,52,1.5357678477088745,5.75630387115427,strong
FIB,contractile,Lineage3,53,1.6370812070631333,5.786672556497319,strong
FIB,contractile,Lineage3,54,1.7397717280805336,5.805695171262327,strong
FIB,contractile,Lineage3,55,1.843686299586496,5.814179663926629,strong
FIB,contractile,Lineage3,56,1.9486595987432365,5.813415788671808,strong
FIB,contractile,Lineage3,57,2.054526302712972,5.804693299679441,strong
FIB,contractile,Lineage3,58,2.161121088657916,5.789301951131108,strong
FIB,contractile,Lineage3,59,2.268278633740286,5.7685314972083885,strong
FIB,contractile,Lineage3,60,2.375833615122297,5.74367169209286,strong
FIB,contractile,Lineage3,61,2.483620709966166,5.716012289966105,strong
FIB,contractile,Lineage3,62,2.591474595434108,5.686843045009701,strong
FIB,contractile,Lineage3,63,2.699229948688339,5.657453711405228,strong
FIB,contractile,Lineage3,64,2.806721446891075,5.629134043334267,strong
FIB,contractile,Lineage3,65,2.9137837672045306,5.603173794978394,strong
FIB,contractile,Lineage3,66,3.0202515867909225,5.580862720519189,strong
FIB,contractile,Lineage3,67,3.1259595828124676,5.563490574138234,strong
FIB,contractile,Lineage3,68,3.230742432431381,5.552347110017108,strong
FIB,contractile,Lineage3,69,3.334434812809878,5.548722082337387,strong
FIB,contractile,Lineage3,70,3.4368714011101766,5.553905245280655,strong
FIB,contractile,Lineage3,71,3.5378868744944896,5.569186353028488,strong
FIB,contractile,Lineage3,72,3.6373159101250336,5.595855159762466,strong
FIB,contractile,Lineage3,73,3.734993185164025,5.6352014196641695,strong
FIB,contractile,Lineage3,74,3.8307533767736808,5.688514886915177,strong
FIB,contractile,Lineage3,75,3.924431536460061,5.757028757441496,strong
FIB,contractile,Lineage3,76,4.0158715165464,5.8406465435919,strong
FIB,contractile,Lineage3,77,4.104926077558455,5.937925849672852,strong
FIB,contractile,Lineage3,78,4.191448375843893,6.04736447669262,strong
FIB,contractile,Lineage3,79,4.275291567750384,6.1674602256594655,strong
FIB,contractile,Lineage3,80,4.356308809625597,6.296710897581655,strong
FIB,contractile,Lineage3,81,4.434353257817196,6.43361429346745,strong
FIB,contractile,Lineage3,82,4.509278068672853,6.576668214325118,strong
FIB,contractile,Lineage3,83,4.5809363985402385,6.724370461162924,strong
FIB,contractile,Lineage3,84,4.649181403767016,6.8752188349891314,strong
FIB,contractile,Lineage3,85,4.713866240700856,7.027711136812004,strong
FIB,contractile,Lineage3,86,4.774844065689427,7.180345167639809,strong
FIB,contractile,Lineage3,87,4.831968035080397,7.331618728480807,strong
FIB,contractile,Lineage3,88,4.885091305221436,7.4800296203432675,strong
FIB,contractile,Lineage3,89,4.934067032460211,7.624075644235452,strong
FIB,contractile,Lineage3,90,4.9787483731443904,7.762254601165625,strong
FIB,contractile,Lineage3,91,5.0189884836216425,7.8930642921420535,strong
FIB,contractile,Lineage3,92,5.054640520239636,8.015002518173,strong
FIB,contractile,Lineage3,93,5.085557639346038,8.126567080266728,strong
FIB,contractile,Lineage3,94,5.111592997288519,8.226255779431504,strong
FIB,contractile,Lineage3,95,5.132599750414747,8.312566416675596,strong
FIB,contractile,Lineage3,96,5.148431055072391,8.383996793007263,strong
FIB,contractile,Lineage3,97,5.158940067609115,8.43904470943477,strong
FIB,contractile,Lineage3,98,5.163979944372591,8.476207966966383,strong
FIB,contractile,Lineage3,99,5.163403841710488,8.493984366610368,strong
FIB,contractile,Lineage3,100,5.157064915970474,8.49087170937499,strong
FIB,contractile,Lineage3,101,5.144816323500216,8.46536779626851,strong
FIB,contractile,Lineage3,102,5.126511220647383,8.415970428299197,strong
FIB,contractile,Lineage3,103,5.10203727612956,8.341261418545983,strong
FIB,contractile,Lineage3,104,5.072521318388499,8.24283901664584,strong
FIB,contractile,Lineage3,105,5.040642975354854,8.126081389428235,strong
FIB,contractile,Lineage3,106,5.009180118007177,7.996605852813318,strong
FIB,contractile,Lineage3,107,4.980910617324018,7.860029722721231,strong
FIB,contractile,Lineage3,108,4.958612344283923,7.721970315072114,strong
FIB,contractile,Lineage3,109,4.945063169865443,7.588044945786115,strong
FIB,contractile,Lineage3,110,4.943040965047124,7.463870930783374,strong
FIB,contractile,Lineage3,111,4.955323600807518,7.355065585984037,strong
FIB,contractile,Lineage3,112,4.984688948125174,7.267246227308248,strong
FIB,contractile,Lineage3,113,5.033914877978639,7.206030170676147,strong
FIB,contractile,Lineage3,114,5.105779261346464,7.177034732007883,strong
FIB,contractile,Lineage3,115,5.200958244689799,7.184660793529088,strong
FIB,contractile,Lineage3,116,5.309133073012168,7.226934388388023,strong
FIB,contractile,Lineage3,117,5.419127403300174,7.298739983834448,strong
FIB,contractile,Lineage3,118,5.526000755808548,7.39253423827765,strong
FIB,contractile,Lineage3,119,5.625678753205477,7.500436877781453,strong
FIB,contractile,Lineage3,120,5.714087018159146,7.61456762840968,strong
FIB,contractile,Lineage3,121,5.787151173337744,7.727046216226157,strong
FIB,contractile,Lineage3,122,5.8407968414094515,7.8299923672946985,strong
FIB,contractile,Lineage3,123,5.87094964504246,7.915525807679138,strong
FIB,contractile,Lineage3,124,5.8735352069049505,7.975766263443293,strong
FIB,contractile,Lineage3,125,5.844479149665113,8.002833460650988,strong
FIB,contractile,Lineage3,126,5.782375819203524,7.991030612063148,strong
FIB,contractile,Lineage3,127,5.697931973486716,7.944571021729532,strong
FIB,contractile,Lineage3,128,5.605288967906135,7.870478100702523,strong
FIB,contractile,Lineage3,129,5.518588383893532,7.775775444975373,strong
FIB,contractile,Lineage3,130,5.451971802880655,7.667486650541335,strong
FIB,contractile,Lineage3,131,5.419334452745849,7.552578830603437,strong
FIB,contractile,Lineage3,132,5.426052354757617,7.436065854528455,strong
FIB,contractile,Lineage3,133,5.467010570839042,7.3205562736040894,strong
FIB,contractile,Lineage3,134,5.536448092969291,7.208510511223807,strong
FIB,contractile,Lineage3,135,5.628603913127542,7.102388990781061,strong
FIB,contractile,Lineage3,136,5.737717023292957,7.0046521356693185,strong
FIB,contractile,Lineage3,137,5.85802641544472,6.91776036928204,strong
FIB,contractile,Lineage3,138,5.983771081561993,6.844174115012685,strong
FIB,contractile,Lineage3,139,6.109190013623953,6.786353796254715,strong
FIB,contractile,Lineage3,140,6.228522203609774,6.746759836401592,strong
FIB,contractile,Lineage3,141,6.336006643498619,6.727852658846777,strong
FIB,contractile,Lineage3,142,6.4258823252696695,6.732092686983733,strong
FIB,contractile,Lineage3,143,6.49238824090209,6.761940344205915,strong
FIB,contractile,Lineage3,144,6.5299373911131715,6.819751325540627,strong
FIB,contractile,Lineage3,145,6.5397341523365355,6.903793889427203,strong
FIB,contractile,Lineage3,146,6.531820665758449,7.0070172242793385,strong
FIB,contractile,Lineage3,147,6.516831279780243,7.122014094490079,strong
FIB,contractile,Lineage3,148,6.505400342803245,7.241377264452483,strong
FIB,contractile,Lineage3,149,6.508162203228782,7.357699498559595,strong
FIB,contractile,Lineage3,150,6.535751209458182,7.463573561204473,strong
FIB,contractile,Lineage3,151,6.598115529428073,7.551771186177538,strong
FIB,contractile,Lineage3,152,6.693516334049091,7.618112306573018,strong
FIB,contractile,Lineage3,153,6.810431799672347,7.660968453396846,strong
FIB,contractile,Lineage3,154,6.9370385016822755,7.67878982113494,strong
FIB,contractile,Lineage3,155,7.061513015463322,7.670026604273214,strong
FIB,contractile,Lineage3,156,7.172031916399921,7.633128997297589,strong
FIB,contractile,Lineage3,157,7.2567717798765194,7.566547194693977,strong
FIB,contractile,Lineage3,158,7.304585080136417,7.470765238852044,strong
FIB,contractile,Lineage3,159,7.312508215019314,7.370812060530729,strong
FIB,contractile,Lineage3,160,7.283772529007181,7.2947483521109024,strong
FIB,contractile,Lineage3,161,7.223365756097801,7.2418659398448595,strong
FIB,contractile,Lineage3,162,7.136494313302622,7.207624387511359,strong
FIB,contractile,Lineage3,163,7.028364617633097,7.187483258889157,strong
FIB,contractile,Lineage3,164,6.904183086100673,7.176902117757013,strong
FIB,contractile,Lineage3,165,6.769156135716806,7.17134052789369,strong
FIB,contractile,Lineage3,166,6.628490183492942,7.166258053077948,strong
FIB,contractile,Lineage3,167,6.487391369795875,7.157114810541355,strong
FIB,contractile,Lineage3,168,6.350642831222988,7.140217175037641,strong
FIB,contractile,Lineage3,169,6.221752115665339,7.114423452570369,strong
FIB,contractile,Lineage3,170,6.10398728284862,7.0790710670045875,strong
FIB,contractile,Lineage3,171,6.000616392498531,7.033497442205343,strong
FIB,contractile,Lineage3,172,5.914907504340773,6.977040002037688,strong
FIB,contractile,Lineage3,173,5.850128678101039,6.909036170366667,strong
FIB,contractile,Lineage3,174,5.809547973505028,6.828823371057332,strong
FIB,contractile,Lineage3,175,5.796300221581887,6.735805542966409,strong
FIB,contractile,Lineage3,176,5.809236758926039,6.631525177710204,strong
FIB,contractile,Lineage3,177,5.842113493932063,6.52006868103964,strong
FIB,contractile,Lineage3,178,5.888389184344258,6.405670812427785,strong
FIB,contractile,Lineage3,179,5.9415225879069355,6.2925663313476985,strong
FIB,contractile,Lineage3,180,5.994972462364399,6.184989997272452,strong
FIB,contractile,Lineage3,181,6.042197565460952,6.087176569675097,strong
FIB,contractile,Lineage3,182,6.0766566549409,6.003360808028703,strong
FIB,contractile,Lineage3,183,6.0918084885485495,5.9377774718063385,strong
FIB,contractile,Lineage3,184,6.081903006237806,5.894088580930663,strong
FIB,contractile,Lineage3,185,6.046945247551912,5.871790018736233,strong
FIB,contractile,Lineage3,186,5.989484051154196,5.868536203536449,strong
FIB,contractile,Lineage3,187,5.9120795102024415,5.881973406477069,strong
FIB,contractile,Lineage3,188,5.817291717854433,5.909747898703859,strong
FIB,contractile,Lineage3,189,5.707680767267955,5.94950595136258,strong
FIB,contractile,Lineage3,190,5.585806751600784,5.9988938355989925,strong
FIB,contractile,Lineage3,191,5.454229764010714,6.0555578225588595,strong
FIB,contractile,Lineage3,192,5.31550989765552,6.1171441833879445,strong
FIB,contractile,Lineage3,193,5.17220724569299,6.181299189232011,strong
FIB,contractile,Lineage3,194,5.026881901280908,6.245669111236814,strong
FIB,contractile,Lineage3,195,4.882093957577053,6.307900220548124,strong
FIB,contractile,Lineage3,196,4.740403507739214,6.3656387883116965,strong
FIB,contractile,Lineage3,197,4.604370644925169,6.416531085673297,strong
FIB,contractile,Lineage3,198,4.4765554622927075,6.458223383778686,strong
FIB,contractile,Lineage3,199,4.359518052999607,6.488361953773629,strong
FIB,contractile,Lineage3,200,4.255818510203657,6.504593066803885,strong
FIB,contractile,Lineage3,201,4.168016927062634,6.504562994015217,strong
FIB,contractile,Lineage3,202,4.09867339673433,6.485918006553388,strong
FIB,contractile,Lineage3,203,4.050348012376521,6.446304375564159,strong
FIB,contractile,Lineage3,204,4.025409760511516,6.383540157381283,strong
FIB,contractile,Lineage3,205,4.02221491019216,6.299050428174004,strong
FIB,contractile,Lineage3,206,4.035308785316132,6.1976859114119796,strong
FIB,contractile,Lineage3,207,4.0590859912826485,6.0844328109762555,strong
FIB,contractile,Lineage3,208,4.087941133490934,5.964277330747864,strong
FIB,contractile,Lineage3,209,4.116268817340204,5.842205674607852,strong
FIB,contractile,Lineage3,210,4.138463648229684,5.723204046437254,strong
FIB,contractile,Lineage3,211,4.14892023155859,5.612258650117115,strong
FIB,contractile,Lineage3,212,4.142033172726145,5.514355689528473,strong
FIB,contractile,Lineage3,213,4.1122003920325945,5.434478491858227,strong
FIB,contractile,Lineage3,214,4.056148949557428,5.375589140609681,strong
FIB,contractile,Lineage3,215,3.9770134129770116,5.335089239673386,strong
FIB,contractile,Lineage3,216,3.879020629521614,5.309432505153722,strong
FIB,contractile,Lineage3,217,3.766397446421491,5.295072653155064,strong
FIB,contractile,Lineage3,218,3.643370710906913,5.288463399781798,strong
FIB,contractile,Lineage3,219,3.5141672702081355,5.286058461138298,strong
FIB,contractile,Lineage3,220,3.383013971555428,5.284311553328945,strong
FIB,contractile,Lineage3,221,3.254137662179047,5.279676392458119,strong
FIB,contractile,Lineage3,222,3.131765189309264,5.268606694630201,strong
FIB,contractile,Lineage3,223,3.0201234001763333,5.247556175949566,strong
FIB,contractile,Lineage3,224,2.923439142010524,5.212978552520597,strong
FIB,contractile,Lineage3,225,2.8459392620420942,5.1613275404476715,strong
FIB,contractile,Lineage3,226,2.791850607501311,5.08905685583517,strong
FIB,contractile,Lineage3,227,2.7635144369718465,4.994187527139592,strong
FIB,contractile,Lineage3,228,2.7534654156194285,4.882891880834594,strong
FIB,contractile,Lineage3,229,2.7510601815682687,4.763983838126897,strong
FIB,contractile,Lineage3,230,2.7456537336772735,4.64627868279016,strong
FIB,contractile,Lineage3,231,2.7266010708053448,4.538591698598046,strong
FIB,contractile,Lineage3,232,2.6832571918113888,4.449738169324213,strong
FIB,contractile,Lineage3,233,2.6049876261757823,4.3885275238600405,strong
FIB,contractile,Lineage3,234,2.494105331253383,4.356570597330791,strong
FIB,contractile,Lineage3,235,2.3910773971685817,4.3342650460768075,strong
FIB,contractile,Lineage3,236,2.341276754314516,4.298978476651923,strong
FIB,contractile,Lineage3,237,2.3555270630101117,4.2422814632726595,strong
FIB,contractile,Lineage3,238,2.4162522432374165,4.167419518374704,strong
FIB,contractile,Lineage3,239,2.505033419993822,4.077984621624096,strong
FIB,contractile,Lineage3,240,2.6034517182767125,3.977568752686883,strong
FIB,contractile,Lineage3,241,2.6930882630834803,3.869763891229102,strong
FIB,contractile,Lineage3,242,2.7555476663175713,3.7581617418509476,strong
FIB,contractile,Lineage3,243,2.7790905370717742,3.6462760577383135,strong
FIB,contractile,Lineage3,244,2.767750557729425,3.5374358664325993,strong
FIB,contractile,Lineage3,245,2.7278463436838973,3.4349434355841266,strong
FIB,contractile,Lineage3,246,2.6656965103285692,3.342101032843228,strong
FIB,contractile,Lineage3,247,2.5876196730568206,3.2622109258602383,strong
FIB,contractile,Lineage3,248,2.4999344472620226,3.1985753822854806,strong
FIB,contractile,Lineage3,249,2.408959448337555,3.154496669769287,strong
FIB,contractile,Lineage4,0,-3.433420958516802,4.905073507356408,caution
FIB,contractile,Lineage4,1,-3.370694537149945,4.877555404480383,caution
FIB,contractile,Lineage4,2,-3.301641353947994,4.846350526902774,caution
FIB,contractile,Lineage4,3,-3.2270726792591398,4.81248909617426,caution
FIB,contractile,Lineage4,4,-3.147799783431562,4.7770013338455035,caution
FIB,contractile,Lineage4,5,-3.0646339368134474,4.740917461467177,caution
FIB,contractile,Lineage4,6,-2.9783864097529817,4.70526770058995,caution
FIB,contractile,Lineage4,7,-2.8898684725983483,4.671082272764492,caution
FIB,contractile,Lineage4,8,-2.799891395697733,4.639391399541471,caution
FIB,contractile,Lineage4,9,-2.7092664493993213,4.611225302471559,caution
FIB,contractile,Lineage4,10,-2.6188049040512964,4.587614203105424,caution
FIB,contractile,Lineage4,11,-2.5293180300018445,4.569588322993736,caution
FIB,contractile,Lineage4,12,-2.44161709759915,4.558177883687165,caution
FIB,contractile,Lineage4,13,-2.3565133771913986,4.55441310673638,caution
FIB,contractile,Lineage4,14,-2.274818139126774,4.55932421369205,caution
FIB,contractile,Lineage4,15,-2.1973426537534615,4.573941426104846,caution
FIB,contractile,Lineage4,16,-2.1248981914196463,4.599294965525437,caution
FIB,contractile,Lineage4,17,-2.0582960224735136,4.636415053504493,caution
FIB,contractile,Lineage4,18,-1.9981811453238376,4.686033876144485,caution
FIB,contractile,Lineage4,19,-1.943896393849777,4.746549544474317,caution
FIB,contractile,Lineage4,20,-1.8941709936455569,4.815260302516669,caution
FIB,contractile,Lineage4,21,-1.8477305722869386,4.889457944997669,caution
FIB,contractile,Lineage4,22,-1.8033170883357912,4.96648385034607,caution
FIB,contractile,Lineage4,23,-1.75994381822382,5.044503165040229,caution
FIB,contractile,Lineage4,24,-1.716847607178925,5.12235982914959,caution
FIB,contractile,Lineage4,25,-1.673271969287975,5.198918030554591,caution
FIB,contractile,Lineage4,26,-1.628460418637839,5.273041957135663,caution
FIB,contractile,Lineage4,27,-1.5816564693153865,5.3435957967732435,caution
FIB,contractile,Lineage4,28,-1.5321036354074864,5.409443737347767,caution
FIB,contractile,Lineage4,29,-1.4790454310010075,5.469449966739666,caution
FIB,contractile,Lineage4,30,-1.4217253701828192,5.5224786728293775,caution
FIB,contractile,Lineage4,31,-1.3593869670397905,5.567394043497337,caution
FIB,contractile,Lineage4,32,-1.2914762830739046,5.60335622426244,caution
FIB,contractile,Lineage4,33,-1.2183973335585905,5.630925100728123,caution
FIB,contractile,Lineage4,34,-1.1408370620918107,5.651073966877957,caution
FIB,contractile,Lineage4,35,-1.0594824539432495,5.664776177585277,caution
FIB,contractile,Lineage4,36,-0.9750204943825937,5.673005087723426,caution
FIB,contractile,Lineage4,37,-0.8881381686795278,5.676734052165737,caution
FIB,contractile,Lineage4,38,-0.7995224621037373,5.676936425785549,caution
FIB,contractile,Lineage4,39,-0.7098603599249073,5.6745855634562,caution
FIB,contractile,Lineage4,40,-0.6198388474127228,5.670654820051029,caution
FIB,contractile,Lineage4,41,-0.5301167251123138,5.66607903505447,caution
FIB,contractile,Lineage4,42,-0.4409725093880719,5.661273376627419,caution
FIB,contractile,Lineage4,43,-0.3524118191220157,5.656280089198889,caution
FIB,contractile,Lineage4,44,-0.26443430987011235,5.651133268109129,caution
FIB,contractile,Lineage4,45,-0.17703963718832982,5.645867008698398,caution
FIB,contractile,Lineage4,46,-0.09022745663263497,5.6405154063069505,caution
FIB,contractile,Lineage4,47,-0.003997423758996923,5.63511255627504,caution
FIB,contractile,Lineage4,48,0.08165080587661752,5.629692553942918,caution
FIB,contractile,Lineage4,49,0.16671757671824056,5.624289494650843,caution
FIB,contractile,Lineage4,50,0.25120323320990456,5.618937473739069,caution
FIB,contractile,Lineage4,51,0.33510811979564237,5.613670586547849,caution
FIB,contractile,Lineage4,52,0.4184325809194854,5.608522928417441,caution
FIB,contractile,Lineage4,53,0.5011769610254662,5.603528594688093,caution
FIB,contractile,Lineage4,54,0.5833416045576175,5.598721680700066,caution
FIB,contractile,Lineage4,55,0.6649268559599713,5.594136281793611,caution
FIB,contractile,Lineage4,56,0.7459330596765604,5.589806493308986,caution
FIB,contractile,Lineage4,57,0.8263605601514171,5.585766410586439,caution
FIB,contractile,Lineage4,58,0.9062097018285729,5.58205012896623,caution
FIB,contractile,Lineage4,59,0.9854808291520608,5.578691743788612,caution
FIB,contractile,Lineage4,60,1.064174286565913,5.5757253503938395,caution
FIB,contractile,Lineage4,61,1.142290418514162,5.573185044122169,caution
FIB,contractile,Lineage4,62,1.2198295694408408,5.571104920313851,caution
FIB,contractile,Lineage4,63,1.2967920837899798,5.569519074309142,caution
FIB,contractile,Lineage4,64,1.3731931543122937,5.568467661235658,caution
FIB,contractile,Lineage4,65,1.4491734114476096,5.568042028975831,caution
FIB,contractile,Lineage4,66,1.5249364975949824,5.568359241413406,caution
FIB,contractile,Lineage4,67,1.6006865306953852,5.569536556506982,caution
FIB,contractile,Lineage4,68,1.6766276286897908,5.571691232215158,caution
FIB,contractile,Lineage4,69,1.7529639095191736,5.574940526496537,caution
FIB,contractile,Lineage4,70,1.8298994911245061,5.579401697309716,caution
FIB,contractile,Lineage4,71,1.9076384914467603,5.585192002613295,caution
FIB,contractile,Lineage4,72,1.9863850284269096,5.592428700365871,caution
FIB,contractile,Lineage4,73,2.0663432200059275,5.601229048526046,caution
FIB,contractile,Lineage4,74,2.1477171841247866,5.611710305052419,caution
FIB,contractile,Lineage4,75,2.2307110387244604,5.623989727903591,caution
FIB,contractile,Lineage4,76,2.3155289017459224,5.638184575038158,caution
FIB,contractile,Lineage4,77,2.402374891130145,5.654412104414722,caution
FIB,contractile,Lineage4,78,2.4914531248181007,5.672789573991881,caution
FIB,contractile,Lineage4,79,2.5829677207507635,5.6934342417282355,caution
FIB,contractile,Lineage4,80,2.6771227968691074,5.716463365582383,caution
FIB,contractile,Lineage4,81,2.774122471114103,5.741994203512926,caution
FIB,contractile,Lineage4,82,2.8741594233054615,5.770138925295004,caution
FIB,contractile,Lineage4,83,2.977135702223583,5.800880415132095,caution
FIB,contractile,Lineage4,84,3.082646539837297,5.834065071506897,caution
FIB,contractile,Lineage4,85,3.190272489858754,5.86953276336276,caution
FIB,contractile,Lineage4,86,3.299594106000101,5.907123359643039,caution
FIB,contractile,Lineage4,87,3.410191941973489,5.946676729291086,caution
FIB,contractile,Lineage4,88,3.521646551491069,5.988032741250258,caution
FIB,contractile,Lineage4,89,3.6335384882649873,6.031031264463902,caution
FIB,contractile,Lineage4,90,3.7454483060073946,6.075512167875375,caution
FIB,contractile,Lineage4,91,3.8569565584304417,6.121315320428026,caution
FIB,contractile,Lineage4,92,3.9676437992462774,6.168280591065216,caution
FIB,contractile,Lineage4,93,4.077090582167048,6.216247848730287,caution
FIB,contractile,Lineage4,94,4.184877460904906,6.265056962366602,caution
FIB,contractile,Lineage4,95,4.290584989172002,6.314547800917508,caution
FIB,contractile,Lineage4,96,4.393793720680482,6.364560233326358,caution
FIB,contractile,Lineage4,97,4.494084209142498,6.414934128536507,caution
FIB,contractile,Lineage4,98,4.591037008270199,6.465509355491308,caution
FIB,contractile,Lineage4,99,4.684232671775732,6.516125783134114,caution
FIB,contractile,Lineage4,100,4.773251753371251,6.566623280408278,caution
FIB,contractile,Lineage4,101,4.8576748067689,6.61684171625715,caution
FIB,contractile,Lineage4,102,4.937082385680835,6.666620959624089,caution
FIB,contractile,Lineage4,103,5.011055043819199,6.7158008794524395,caution
FIB,contractile,Lineage4,104,5.079173334896145,6.764221344685562,caution
FIB,contractile,Lineage4,105,5.141017812623822,6.811722224266808,caution
FIB,contractile,Lineage4,106,5.196169030714378,6.858143387139527,caution
FIB,contractile,Lineage4,107,5.244207542879963,6.903324702247074,caution
FIB,contractile,Lineage4,108,5.284713902832729,6.947106038532804,caution
FIB,contractile,Lineage4,109,5.317268664284822,6.9893272649400675,caution
FIB,contractile,Lineage4,110,5.341452380948393,7.029828250412219,caution
FIB,contractile,Lineage4,111,5.3568456065355905,7.068448863892609,caution
FIB,contractile,Lineage4,112,5.363028894758565,7.105028974324592,caution
FIB,contractile,Lineage4,113,5.359582799329466,7.139408450651524,caution
FIB,contractile,Lineage4,114,5.3460878739604425,7.1714271618167515,caution
FIB,contractile,Lineage4,115,5.3221246723636435,7.200924976763632,caution
FIB,contractile,Lineage4,116,5.28727375546676,7.227741767732676,caution
FIB,contractile,Lineage4,117,5.241367802598835,7.251832613024856,caution
FIB,contractile,Lineage4,118,5.18515698420597,7.2735718405339576,caution
FIB,contractile,Lineage4,119,5.119600116379521,7.293429119242295,caution
FIB,contractile,Lineage4,120,5.0456560152108425,7.311874118132178,caution
FIB,contractile,Lineage4,121,4.964283496791289,7.32937650618592,caution
FIB,contractile,Lineage4,122,4.876441377212217,7.346405952385833,caution
FIB,contractile,Lineage4,123,4.7830884725649785,7.36343212571423,caution
FIB,contractile,Lineage4,124,4.685183598940934,7.380924695153421,caution
FIB,contractile,Lineage4,125,4.583685572431433,7.3993533296857175,caution
FIB,contractile,Lineage4,126,4.479553209127831,7.4191876982934355,caution
FIB,contractile,Lineage4,127,4.373742353806813,7.440857835512392,caution
FIB,contractile,Lineage4,128,4.267189621988237,7.464537276303457,caution
FIB,contractile,Lineage4,129,4.160823974001482,7.490297442835341,caution
FIB,contractile,Lineage4,130,4.055574350499924,7.518209494818028,caution
FIB,contractile,Lineage4,131,3.952369692136935,7.5483445919615,caution
FIB,contractile,Lineage4,132,3.852138939565892,7.580773893975741,caution
FIB,contractile,Lineage4,133,3.7558110334401653,7.6155685605707335,caution
FIB,contractile,Lineage4,134,3.6643149144131355,7.652799751456461,caution
FIB,contractile,Lineage4,135,3.578579523138172,7.692538626342909,caution
FIB,contractile,Lineage4,136,3.4995338002686545,7.734856344940061,caution
FIB,contractile,Lineage4,137,3.428106686457953,7.779824066957898,caution
FIB,contractile,Lineage4,138,3.3652271223594457,7.827512952106406,caution
FIB,contractile,Lineage4,139,3.3118240486265047,7.877994160095567,caution
FIB,contractile,Lineage4,140,3.2688264059125056,7.931338850635366,caution
FIB,contractile,Lineage4,141,3.237163134870825,7.987618183435783,caution
FIB,contractile,Lineage4,142,3.217763176154835,8.046903318206805,caution
FIB,contractile,Lineage4,143,3.2115554704179115,8.109265414658411,caution
FIB,contractile,Lineage4,144,3.21939870078308,8.174778237381561,caution
FIB,contractile,Lineage4,145,3.2408341731637775,8.243564394284096,caution
FIB,contractile,Lineage4,146,3.274233002800279,8.315789879475997,caution
FIB,contractile,Lineage4,147,3.317925614299705,8.391622195720545,caution
FIB,contractile,Lineage4,148,3.3702424322691855,8.471228845781033,caution
FIB,contractile,Lineage4,149,3.4294413859983672,8.554726157612468,caution
FIB,contractile,Lineage4,150,3.4900573260023813,8.639602319186432,caution
FIB,contractile,Lineage4,151,3.541188414713216,8.719507733083955,caution
FIB,contractile,Lineage4,152,3.571502121264247,8.78778877332603,caution
FIB,contractile,Lineage4,153,3.5696853383189855,8.837802851730306,caution
FIB,contractile,Lineage4,154,3.529637090915774,8.865869275137515,caution
FIB,contractile,Lineage4,155,3.4574751833238904,8.875250907993953,caution
FIB,contractile,Lineage4,156,3.361066153751375,8.870204366626604,caution
FIB,contractile,Lineage4,157,3.248276540406258,8.854986267362461,caution
FIB,contractile,Lineage4,158,3.126972881496586,8.833853226528515,caution
FIB,contractile,Lineage4,159,3.005021715230385,8.81106186045175,caution
FIB,contractile,Lineage4,160,2.890289579815697,8.790868785459153,caution
FIB,contractile,Lineage4,161,2.79064301346056,8.777530617877714,caution
FIB,contractile,Lineage4,162,2.7139485543730064,8.775303974034424,caution
FIB,contractile,Lineage4,163,2.6680727407610765,8.788445470256267,caution
FIB,contractile,Lineage4,164,2.6608519772626478,8.82119682370602,caution
FIB,contractile,Lineage4,165,2.6939607168544373,8.874753052160973,caution
FIB,contractile,Lineage4,166,2.755434821854459,8.94356574403325,caution
FIB,contractile,Lineage4,167,2.831481621666484,9.021182392666958,caution
FIB,contractile,Lineage4,168,2.908308445694294,9.101150491406209,caution
FIB,contractile,Lineage4,169,2.9721226233416607,9.177017533595118,caution
FIB,contractile,Lineage4,170,3.009131484012362,9.242331012577795,caution
FIB,contractile,Lineage4,171,3.00555592838366,9.290644671972776,caution
FIB,contractile,Lineage4,172,2.954667515417109,9.318759448756834,caution
FIB,contractile,Lineage4,173,2.8683030998612344,9.332026560283758,caution
FIB,contractile,Lineage4,174,2.7613191535935333,9.337187914008908,caution
FIB,contractile,Lineage4,175,2.6485721484914952,9.340985417387666,caution
FIB,contractile,Lineage4,176,2.5449185564326213,9.35016097787539,caution
FIB,contractile,Lineage4,177,2.4652148492943997,9.371456502927455,caution
FIB,contractile,Lineage4,178,2.4243174989543297,9.41161389999923,caution
FIB,contractile,Lineage4,179,2.4322513125519767,9.474897735640877,caution
FIB,contractile,Lineage4,180,2.475728608284831,9.553619556979454,caution
FIB,contractile,Lineage4,181,2.53443979764178,9.636490566816557,caution
FIB,contractile,Lineage4,182,2.5880738706586364,9.712221239131715,caution
FIB,contractile,Lineage4,183,2.6163611185410662,9.769547028123,caution
FIB,contractile,Lineage4,184,2.606675603014517,9.801826575631052,caution
FIB,contractile,Lineage4,185,2.562929404498635,9.812421226149807,caution
FIB,contractile,Lineage4,186,2.491194423428769,9.805998649785797,caution
FIB,contractile,Lineage4,187,2.3975425602402742,9.787226516645548,caution
FIB,contractile,Lineage4,188,2.2880457153684968,9.760772496835587,caution
FIB,contractile,Lineage4,189,2.168775789248792,9.731304260462442,caution
FIB,contractile,Lineage4,190,2.0458046823165064,9.703489477632647,caution
FIB,contractile,Lineage4,191,1.9252042950069972,9.68199581845273,caution
FIB,contractile,Lineage4,192,1.813046527755608,9.671490953029215,caution
FIB,contractile,Lineage4,193,1.715403280997695,9.676642551468639,caution
FIB,contractile,Lineage4,194,1.638346455168609,9.70211828387752,caution
FIB,contractile,Lineage4,195,1.5879479507036993,9.752585820362397,caution
FIB,contractile,Lineage4,196,1.5652645891617774,9.829214182032494,caution
FIB,contractile,Lineage4,197,1.5379036043482344,9.909746896951763,caution
FIB,contractile,Lineage4,198,1.483767712890475,9.973695771116038,caution
FIB,contractile,Lineage4,199,1.4164343082299875,10.018709726193723,caution
FIB,contractile,Lineage4,200,1.3410898324745897,10.045665166171325,caution
FIB,contractile,Lineage4,201,1.2586242422134832,10.056062214570941,caution
FIB,contractile,Lineage4,202,1.1699206371580897,10.05140199032559,caution
FIB,contractile,Lineage4,203,1.075862117019819,10.033185612368289,caution
FIB,contractile,Lineage4,204,0.9773317815100905,10.00291419963206,caution
FIB,contractile,Lineage4,205,0.8752127303403223,9.962088871049923,caution
FIB,contractile,Lineage4,206,0.7703880632219244,9.912210745554898,caution
FIB,contractile,Lineage4,207,0.6637408798663191,9.854780942080001,caution
FIB,contractile,Lineage4,208,0.5561542799849165,9.791300579558259,caution
FIB,contractile,Lineage4,209,0.44851136328913765,9.723270776922686,caution
FIB,contractile,Lineage4,210,0.3416952294903931,9.652192653106301,caution
FIB,contractile,Lineage4,211,0.23658897830010445,9.579567327042128,caution
FIB,contractile,Lineage4,212,0.1340757094296818,9.506895917663183,caution
FIB,contractile,Lineage4,213,0.035038522590546725,9.435679543902488,caution
FIB,contractile,Lineage4,214,-0.059639482505890344,9.36741932469306,caution
FIB,contractile,Lineage4,215,-0.14907520614821082,9.303616378967922,caution
FIB,contractile,Lineage4,216,-0.2323855486249963,9.245771825660094,caution
FIB,contractile,Lineage4,217,-0.30868741022483565,9.195386783702592,caution
FIB,contractile,Lineage4,218,-0.37709769123630893,9.153962372028442,caution
FIB,contractile,Lineage4,219,-0.43673329194800375,9.122999709570658,caution
FIB,contractile,Lineage4,220,-0.48671111264850103,9.103999915262259,caution
FIB,contractile,Lineage4,221,-0.5261480536263876,9.098464108036268,caution
FIB,contractile,Lineage4,222,-0.5541610151702454,9.107893406825704,caution
FIB,contractile,Lineage4,223,-0.5698668975686604,9.13378893056359,caution
FIB,contractile,Lineage4,224,-0.5723826011102154,9.17765179818294,caution
FIB,contractile,Lineage4,225,-0.5611658418426249,9.240680496358218,caution
FIB,contractile,Lineage4,226,-0.5410210355201989,9.31932583280628,caution
FIB,contractile,Lineage4,227,-0.5209986471011254,9.406268274741524,caution
FIB,contractile,Lineage4,228,-0.5102661547117021,9.49408438585161,caution
FIB,contractile,Lineage4,229,-0.5161153339960824,9.576678777478614,caution
FIB,contractile,Lineage4,230,-0.5364733564138866,9.654586451839696,caution
FIB,contractile,Lineage4,231,-0.566350766129007,9.73040746148691,caution
FIB,contractile,Lineage4,232,-0.6007571643983964,9.806742526575725,caution
FIB,contractile,Lineage4,233,-0.6347021524790046,9.886192367261591,caution
FIB,contractile,Lineage4,234,-0.6632008363263255,9.971346992327858,caution
FIB,contractile,Lineage4,235,-0.682253588916785,10.062879218977095,caution
FIB,contractile,Lineage4,236,-0.6899758689465085,10.157346203937875,caution
FIB,contractile,Lineage4,237,-0.6847568578753126,10.250772477790875,caution
FIB,contractile,Lineage4,238,-0.6649857371630137,10.339182571116758,caution
FIB,contractile,Lineage4,239,-0.629051688269427,10.418601014496206,caution
FIB,contractile,Lineage4,240,-0.575343892654371,10.485052338509885,caution
FIB,contractile,Lineage4,241,-0.502251531777659,10.534561073738468,caution
FIB,contractile,Lineage4,242,-0.4102288056713692,10.564589875347812,caution
FIB,contractile,Lineage4,243,-0.3100825112653537,10.579811175848757,caution
FIB,contractile,Lineage4,244,-0.21585684891363321,10.587152007066143,caution
FIB,contractile,Lineage4,245,-0.14159712085909956,10.593540168204603,caution
FIB,contractile,Lineage4,246,-0.10134862934465301,10.605903458468761,caution
FIB,contractile,Lineage4,247,-0.1091566766131897,10.631169677063244,caution
FIB,contractile,Lineage4,248,-0.17906656490760708,10.676266623192685,caution
FIB,contractile,Lineage4,249,-0.325123596470803,10.748122096061707,caution
FIB,contractile,Lineage5,0,-3.5114900076326725,5.106094298697694,strong
FIB,contractile,Lineage5,1,-3.501516043666534,4.970304086802518,strong
FIB,contractile,Lineage5,2,-3.4930246338062316,4.849194890308484,strong
FIB,contractile,Lineage5,3,-3.4858870326798232,4.7421035040272095,strong
FIB,contractile,Lineage5,4,-3.4799744949153553,4.648366722770301,strong
FIB,contractile,Lineage5,5,-3.4751582751408856,4.567321341349372,strong
FIB,contractile,Lineage5,6,-3.47130962798446,4.4983041545760285,strong
FIB,contractile,Lineage5,7,-3.4682998080741334,4.440651957261881,strong
FIB,contractile,Lineage5,8,-3.466000070037959,4.393701544218542,strong
FIB,contractile,Lineage5,9,-3.4642816685039852,4.356789710257619,strong
FIB,contractile,Lineage5,10,-3.4630158581002672,4.329253250190724,strong
FIB,contractile,Lineage5,11,-3.462073893454857,4.310428958829466,strong
FIB,contractile,Lineage5,12,-3.461327029195804,4.299653630985455,strong
FIB,contractile,Lineage5,13,-3.4606465199511605,4.296264061470301,strong
FIB,contractile,Lineage5,14,-3.4599036203489812,4.299597045095615,strong
FIB,contractile,Lineage5,15,-3.458969585017315,4.308989376673005,strong
FIB,contractile,Lineage5,16,-3.457715668584216,4.323777851014083,strong
FIB,contractile,Lineage5,17,-3.4560131256777344,4.343299262930458,strong
FIB,contractile,Lineage5,18,-3.453733210925923,4.366890407233741,strong
FIB,contractile,Lineage5,19,-3.450747178956834,4.39388807873554,strong
FIB,contractile,Lineage5,20,-3.446926284398518,4.423629072247466,strong
FIB,contractile,Lineage5,21,-3.4421417818790294,4.455450182581131,strong
FIB,contractile,Lineage5,22,-3.436264926026418,4.488688204548141,strong
FIB,contractile,Lineage5,23,-3.429166971468736,4.522679932960109,strong
FIB,contractile,Lineage5,24,-3.4207191728340365,4.556762162628646,strong
FIB,contractile,Lineage5,25,-3.4107927847503703,4.590271688365359,strong
FIB,contractile,Lineage5,26,-3.3992590618457896,4.62254530498186,strong
FIB,contractile,Lineage5,27,-3.385989258748346,4.652919807289757,strong
FIB,contractile,Lineage5,28,-3.370854630086093,4.680731990100662,strong
FIB,contractile,Lineage5,29,-3.353726430487081,4.705318648226184,strong
FIB,contractile,Lineage5,30,-3.3344759189957975,4.726016592604555,strong
FIB,contractile,Lineage5,31,-3.313028380418232,4.742359909335348,strong
FIB,contractile,Lineage5,32,-3.289497763196221,4.754571590109952,strong
FIB,contractile,Lineage5,33,-3.2640391737388845,4.763024915008319,strong
FIB,contractile,Lineage5,34,-3.236807718455346,4.768093164110395,strong
FIB,contractile,Lineage5,35,-3.207958503754726,4.770149617496132,strong
FIB,contractile,Lineage5,36,-3.1776466360461466,4.769567555245477,strong
FIB,contractile,Lineage5,37,-3.1460272217387284,4.766720257438379,strong
FIB,contractile,Lineage5,38,-3.1132553672415955,4.76198100415479,strong
FIB,contractile,Lineage5,39,-3.079486178963868,4.755723075474657,strong
FIB,contractile,Lineage5,40,-3.044874763314666,4.74831975147793,strong
FIB,contractile,Lineage5,41,-3.009576226703114,4.740144312244556,strong
FIB,contractile,Lineage5,42,-2.973745675538333,4.731570037854489,strong
FIB,contractile,Lineage5,43,-2.9375382162294423,4.722970208387671,strong
FIB,contractile,Lineage5,44,-2.901108955185566,4.714718103924057,strong
FIB,contractile,Lineage5,45,-2.864612998815825,4.707187004543594,strong
FIB,contractile,Lineage5,46,-2.8282054535293404,4.700750190326232,strong
FIB,contractile,Lineage5,47,-2.7920414257352344,4.695780941351918,strong
FIB,contractile,Lineage5,48,-2.7562760218426297,4.692652537700605,strong
FIB,contractile,Lineage5,49,-2.7210643482606454,4.691738259452237,strong
FIB,contractile,Lineage5,50,-2.6865615113984047,4.693411386686767,strong
FIB,contractile,Lineage5,51,-2.652922617665029,4.6980451994841435,strong
FIB,contractile,Lineage5,52,-2.6203027734696405,4.706012977924315,strong
FIB,contractile,Lineage5,53,-2.5888570852213597,4.717688002087231,strong
FIB,contractile,Lineage5,54,-2.558731461015445,4.733390862173412,strong
FIB,contractile,Lineage5,55,-2.529992409587194,4.752987332124207,strong
FIB,contractile,Lineage5,56,-2.502665835548821,4.776110596910739,strong
FIB,contractile,Lineage5,57,-2.4767773161524427,4.802391966316535,strong
FIB,contractile,Lineage5,58,-2.4523524286501757,4.83146275012513,strong
FIB,contractile,Lineage5,59,-2.4294167502941377,4.862954258120053,strong
FIB,contractile,Lineage5,60,-2.4079958583364443,4.896497800084833,strong
FIB,contractile,Lineage5,61,-2.3881153300292133,4.931724685803003,strong
FIB,contractile,Lineage5,62,-2.369800742624561,4.968266225058094,strong
FIB,contractile,Lineage5,63,-2.3530776733746044,5.005753727633634,strong
FIB,contractile,Lineage5,64,-2.337971699531461,5.043818503313158,strong
FIB,contractile,Lineage5,65,-2.3245083983472457,5.082091861880193,strong
FIB,contractile,Lineage5,66,-2.3127133470740766,5.1202051131182715,strong
FIB,contractile,Lineage5,67,-2.3026121229640704,5.157789566810923,strong
FIB,contractile,Lineage5,68,-2.294230303269345,5.194476532741681,strong
FIB,contractile,Lineage5,69,-2.287593465242016,5.229897320694073,strong
FIB,contractile,Lineage5,70,-2.2827271861341996,5.263683240451631,strong
FIB,contractile,Lineage5,71,-2.2796570431980134,5.295465601797887,strong
FIB,contractile,Lineage5,72,-2.2784086136855746,5.32487571451637,strong
FIB,contractile,Lineage5,73,-2.2790074748489992,5.351544888390611,strong
FIB,contractile,Lineage5,74,-2.2814792039404055,5.375104433204142,strong
FIB,contractile,Lineage5,75,-2.2858493782119087,5.395185658740494,strong
FIB,contractile,Lineage5,76,-2.292143574915626,5.411419874783194,strong
FIB,contractile,Lineage5,77,-2.3003837873056656,5.423449374111352,strong
FIB,contractile,Lineage5,78,-2.310508169664678,5.431173370141373,strong
FIB,contractile,Lineage5,79,-2.3223702480966395,5.434750415415855,strong
FIB,contractile,Lineage5,80,-2.335819806861731,5.434350529184061,strong
FIB,contractile,Lineage5,81,-2.3507066302201314,5.430143730695254,strong
FIB,contractile,Lineage5,82,-2.3668805024320205,5.422300039198697,strong
FIB,contractile,Lineage5,83,-2.38419120775758,5.410989473943653,strong
FIB,contractile,Lineage5,84,-2.40248853045699,5.396382054179385,strong
FIB,contractile,Lineage5,85,-2.421622254790429,5.378647799155157,strong
FIB,contractile,Lineage5,86,-2.4414421650180786,5.357956728120232,strong
FIB,contractile,Lineage5,87,-2.4617980454001174,5.3344788603238715,strong
FIB,contractile,Lineage5,88,-2.482539680196727,5.30838421501534,strong
FIB,contractile,Lineage5,89,-2.503516853668087,5.279842811443901,strong
FIB,contractile,Lineage5,90,-2.5245793500743785,5.249024668858817,strong
FIB,contractile,Lineage5,91,-2.54557695367578,5.216099806509351,strong
FIB,contractile,Lineage5,92,-2.5663594487324723,5.181238243644764,strong
FIB,contractile,Lineage5,93,-2.586776619504636,5.144609999514324,strong
FIB,contractile,Lineage5,94,-2.6066782502524504,5.10638509336729,strong
FIB,contractile,Lineage5,95,-2.6259141252360965,5.0667335444529265,strong
FIB,contractile,Lineage5,96,-2.644334028715753,5.025825372020496,strong
FIB,contractile,Lineage5,97,-2.6617877449516016,4.983830595319263,strong
FIB,contractile,Lineage5,98,-2.678125058203822,4.940919233598489,strong
FIB,contractile,Lineage5,99,-2.6931957527325934,4.897261306107438,strong
FIB,contractile,Lineage5,100,-2.706849612798097,4.853026832095373,strong
FIB,contractile,Lineage5,101,-2.7189364226605126,4.808385830811556,strong
FIB,contractile,Lineage5,102,-2.729305966580021,4.763508321505252,strong
FIB,contractile,Lineage5,103,-2.737808028816801,4.718564323425722,strong
FIB,contractile,Lineage5,104,-2.744292393631034,4.6737238558222325,strong
FIB,contractile,Lineage5,105,-2.748608845282899,4.6291569379440425,strong
FIB,contractile,Lineage5,106,-2.7506071680325768,4.5850335890404175,strong
FIB,contractile,Lineage5,107,-2.7501371461402475,4.54152382836062,strong
FIB,contractile,Lineage5,108,-2.747048563866091,4.498797675153914,strong
FIB,contractile,Lineage5,109,-2.7411912054702876,4.45702514866956,strong
FIB,contractile,Lineage5,110,-2.732414855213018,4.416376268156825,strong
FIB,contractile,Lineage5,111,-2.720569297354461,4.377021052864968,strong
FIB,contractile,Lineage5,112,-2.7055043161547974,4.339129522043255,strong
FIB,contractile,Lineage5,113,-2.687069695874207,4.302871694940946,strong
FIB,contractile,Lineage5,114,-2.665309966586,4.268499566925288,strong
FIB,contractile,Lineage5,115,-2.64109254794899,4.236611519725628,strong
FIB,contractile,Lineage5,116,-2.6155021702857497,4.207897409616128,strong
FIB,contractile,Lineage5,117,-2.5896235651748656,4.183047093399656,strong
FIB,contractile,Lineage5,118,-2.564541464194921,4.162750427879081,strong
FIB,contractile,Lineage5,119,-2.5413405989245033,4.147697269857271,strong
FIB,contractile,Lineage5,120,-2.521105700942197,4.138577476137093,strong
FIB,contractile,Lineage5,121,-2.5048726577302265,4.136040205223779,strong
FIB,contractile,Lineage5,122,-2.4929252398498924,4.14010793029953,strong
FIB,contractile,Lineage5,123,-2.48495716462669,4.150311475319685,strong
FIB,contractile,Lineage5,124,-2.4806463175958426,4.166168472739267,strong
FIB,contractile,Lineage5,125,-2.479670584292577,4.187196555013298,strong
FIB,contractile,Lineage5,126,-2.481707850252115,4.212913354596801,strong
FIB,contractile,Lineage5,127,-2.4864360010096824,4.2428365039447975,strong
FIB,contractile,Lineage5,128,-2.4935329221005045,4.276483635512313,strong
FIB,contractile,Lineage5,129,-2.5026764990598034,4.313372381754366,strong
FIB,contractile,Lineage5,130,-2.513544617422805,4.35302037512598,strong
FIB,contractile,Lineage5,131,-2.5258151627247343,4.3949452480821805,strong
FIB,contractile,Lineage5,132,-2.539166020500815,4.4386646330779875,strong
FIB,contractile,Lineage5,133,-2.553275076286272,4.483696162568424,strong
FIB,contractile,Lineage5,134,-2.5678202156163294,4.5295574690085125,strong
FIB,contractile,Lineage5,135,-2.5824793240262127,4.575766184853277,strong
FIB,contractile,Lineage5,136,-2.5969302870511446,4.621839942557737,strong
FIB,contractile,Lineage5,137,-2.6108509902263513,4.667296374576919,strong
FIB,contractile,Lineage5,138,-2.6239193190870567,4.711653113365841,strong
FIB,contractile,Lineage5,139,-2.635813159168485,4.754427791379531,strong
FIB,contractile,Lineage5,140,-2.6462103960058605,4.795138041073007,strong
FIB,contractile,Lineage5,141,-2.6547889151344095,4.833301494901296,strong
FIB,contractile,Lineage5,142,-2.661226602089354,4.868435785319415,strong
FIB,contractile,Lineage5,143,-2.6652013424059198,4.9000585447823894,strong
FIB,contractile,Lineage5,144,-2.6663910216193307,4.927687405745243,strong
FIB,contractile,Lineage5,145,-2.6644735252648126,4.950840000662997,strong
FIB,contractile,Lineage5,146,-2.6591267388775885,4.969033961990674,strong
FIB,contractile,Lineage5,147,-2.6500295484385465,4.981788491793673,strong
FIB,contractile,Lineage5,148,-2.6370442289691463,4.988910513251776,strong
FIB,contractile,Lineage5,149,-2.6204289490111154,4.990828071311218,strong
FIB,contractile,Lineage5,150,-2.600493445805127,4.988050117626077,strong
FIB,contractile,Lineage5,151,-2.5775474565918555,4.981085603850438,strong
FIB,contractile,Lineage5,152,-2.5519007186119738,4.97044348163838,strong
FIB,contractile,Lineage5,153,-2.5238629691061547,4.956632702643983,strong
FIB,contractile,Lineage5,154,-2.4937439453150723,4.940162218521329,strong
FIB,contractile,Lineage5,155,-2.4618533844793986,4.921540980924499,strong
FIB,contractile,Lineage5,156,-2.4285010238398086,4.9012779415075745,strong
FIB,contractile,Lineage5,157,-2.393996600636974,4.879882051924634,strong
FIB,contractile,Lineage5,158,-2.3586498521115686,4.857862263829759,strong
FIB,contractile,Lineage5,159,-2.3227705155042653,4.835727528877031,strong
FIB,contractile,Lineage5,160,-2.2866683280557374,4.813986798720532,strong
FIB,contractile,Lineage5,161,-2.25065302700666,4.793149025014342,strong
FIB,contractile,Lineage5,162,-2.215034349597704,4.773723159412541,strong
FIB,contractile,Lineage5,163,-2.1801220330695443,4.75621815356921,strong
FIB,contractile,Lineage5,164,-2.146225814662852,4.741142959138431,strong
FIB,contractile,Lineage5,165,-2.113655431618303,4.729006527774283,strong
FIB,contractile,Lineage5,166,-2.082720621176569,4.720317811130848,strong
FIB,contractile,Lineage5,167,-2.0537311171586,4.715585755374483,strong
FIB,contractile,Lineage5,168,-2.0269090152259417,4.715178671296474,strong
FIB,contractile,Lineage5,169,-2.0021608556588366,4.7189584892517145,strong
FIB,contractile,Lineage5,170,-1.979322181340531,4.7266732081111025,strong
FIB,contractile,Lineage5,171,-1.958228535154272,4.738070826745537,strong
FIB,contractile,Lineage5,172,-1.9387154599833085,4.75289934402592,strong
FIB,contractile,Lineage5,173,-1.9206184987108859,4.770906758823148,strong
FIB,contractile,Lineage5,174,-1.9037731942202525,4.791841070008123,strong
FIB,contractile,Lineage5,175,-1.8880150893946552,4.8154502764517435,strong
FIB,contractile,Lineage5,176,-1.8731797271173412,4.841482377024908,strong
FIB,contractile,Lineage5,177,-1.8591026502715577,4.869685370598519,strong
FIB,contractile,Lineage5,178,-1.8456194017405532,4.899807256043475,strong
FIB,contractile,Lineage5,179,-1.832565524407573,4.931596032230675,strong
FIB,contractile,Lineage5,180,-1.8197765611558647,4.964799698031015,strong
FIB,contractile,Lineage5,181,-1.8070880548686767,4.999166252315403,strong
FIB,contractile,Lineage5,182,-1.7943355484292556,5.034443693954733,strong
FIB,contractile,Lineage5,183,-1.781354584720849,5.070380021819903,strong
FIB,contractile,Lineage5,184,-1.767980706626703,5.106723234781817,strong
FIB,contractile,Lineage5,185,-1.7540494570300662,5.143221331711371,strong
FIB,contractile,Lineage5,186,-1.7393963788141853,5.179622311479468,strong
FIB,contractile,Lineage5,187,-1.7238570148623082,5.215674172957005,strong
FIB,contractile,Lineage5,188,-1.7072669080576803,5.2511249150148815,strong
FIB,contractile,Lineage5,189,-1.6894616012835515,5.285722536523999,strong
FIB,contractile,Lineage5,190,-1.6702766374231663,5.3192150363552555,strong
FIB,contractile,Lineage5,191,-1.6495475593597748,5.351350413379552,strong
FIB,contractile,Lineage5,192,-1.6271099099766217,5.381876666467787,strong
FIB,contractile,Lineage5,193,-1.602799232156955,5.410541794490859,strong
FIB,contractile,Lineage5,194,-1.5764510687840234,5.437093796319671,strong
FIB,contractile,Lineage5,195,-1.5479009627410723,5.461280670825119,strong
FIB,contractile,Lineage5,196,-1.5169844569113504,5.482850416878105,strong
FIB,contractile,Lineage5,197,-1.4835370941781032,5.501551033349527,strong
FIB,contractile,Lineage5,198,-1.4474172156726997,5.517135280807568,strong
FIB,contractile,Lineage5,199,-1.4090106680890935,5.529466095908972,strong
FIB,contractile,Lineage5,200,-1.3692325573232513,5.53851695766842,strong
FIB,contractile,Lineage5,201,-1.3290211382483499,5.544266180052,strong
FIB,contractile,Lineage5,202,-1.2893146657375711,5.546692077025803,strong
FIB,contractile,Lineage5,203,-1.2510513946640927,5.545772962555923,strong
FIB,contractile,Lineage5,204,-1.2151695799010949,5.541487150608446,strong
FIB,contractile,Lineage5,205,-1.1826074763217573,5.533812955149464,strong
FIB,contractile,Lineage5,206,-1.1543033387992583,5.522728690145066,strong
FIB,contractile,Lineage5,207,-1.1311954222067786,5.5082126695613445,strong
FIB,contractile,Lineage5,208,-1.1142219814174963,5.490243207364388,strong
FIB,contractile,Lineage5,209,-1.1043058673597173,5.468802665132975,strong
FIB,contractile,Lineage5,210,-1.1016826357390945,5.444054001356882,strong
FIB,contractile,Lineage5,211,-1.105640177921191,5.416409187245398,strong
FIB,contractile,Lineage5,212,-1.1153972171369217,5.386298368950743,strong
FIB,contractile,Lineage5,213,-1.1301724766172005,5.354151692625147,strong
FIB,contractile,Lineage5,214,-1.1491846795929435,5.320399304420836,strong
FIB,contractile,Lineage5,215,-1.1716525492950638,5.2854713504900355,strong
FIB,contractile,Lineage5,216,-1.1967948089544764,5.24979797698497,strong
FIB,contractile,Lineage5,217,-1.2238301818020971,5.213809330057869,strong
FIB,contractile,Lineage5,218,-1.2519773910688394,5.17793555586096,strong
FIB,contractile,Lineage5,219,-1.2804551599856189,5.142606800546463,strong
FIB,contractile,Lineage5,220,-1.3084822117833486,5.108253210266607,strong
FIB,contractile,Lineage5,221,-1.335277269692946,5.075304931173622,strong
FIB,contractile,Lineage5,222,-1.360059056945323,5.044192109419731,strong
FIB,contractile,Lineage5,223,-1.3820462967713962,5.015344891157159,strong
FIB,contractile,Lineage5,224,-1.400457712402079,4.989193422538136,strong
FIB,contractile,Lineage5,225,-1.4145120270682872,4.966167849714885,strong
FIB,contractile,Lineage5,226,-1.4234279640009344,4.946698318839632,strong
FIB,contractile,Lineage5,227,-1.4264242464309362,4.931214976064607,strong
FIB,contractile,Lineage5,228,-1.422719597589207,4.920147967542033,strong
FIB,contractile,Lineage5,229,-1.4115884718115848,4.913887702331199,strong
FIB,contractile,Lineage5,230,-1.3932480420278384,4.912152417345671,strong
FIB,contractile,Lineage5,231,-1.3687012076290053,4.9141001150400445,strong
FIB,contractile,Lineage5,232,-1.3389748737235048,4.918871681441318,strong
FIB,contractile,Lineage5,233,-1.3050959454197586,4.925608002576486,strong
FIB,contractile,Lineage5,234,-1.268091327826185,4.933449964472544,strong
FIB,contractile,Lineage5,235,-1.2289879260512055,4.94153845315649,strong
FIB,contractile,Lineage5,236,-1.1888126452032424,4.9490143546553185,strong
FIB,contractile,Lineage5,237,-1.1485923903907127,4.955018554996025,strong
FIB,contractile,Lineage5,238,-1.1093540667220392,4.958691940205605,strong
FIB,contractile,Lineage5,239,-1.0721245793056406,4.959175396311055,strong
FIB,contractile,Lineage5,240,-1.037930833249939,4.955609809339373,strong
FIB,contractile,Lineage5,241,-1.0077997336633526,4.947136065317551,strong
FIB,contractile,Lineage5,242,-0.9827581856543041,4.932895050272588,strong
FIB,contractile,Lineage5,243,-0.963833094331212,4.912027650231479,strong
FIB,contractile,Lineage5,244,-0.9520513648024975,4.883674751221219,strong
FIB,contractile,Lineage5,245,-0.9484399021765809,4.846977239268804,strong
FIB,contractile,Lineage5,246,-0.9540256115618827,4.80107600040123,strong
FIB,contractile,Lineage5,247,-0.9698353980668224,4.745111920645494,strong
FIB,contractile,Lineage5,248,-0.9968961667998218,4.67822588602859,strong
FIB,contractile,Lineage5,249,-1.0362348228693008,4.599558782577515,strong
FIB,contractile,Lineage6,0,-3.2673902435640763,5.503355885162897,caution
FIB,contractile,Lineage6,1,-3.3600650585218217,5.338227299861868,caution
FIB,contractile,Lineage6,2,-3.4412412651776005,5.191315702518347,caution
FIB,contractile,Lineage6,3,-3.5114209465827337,5.061746747835993,caution
FIB,contractile,Lineage6,4,-3.5711061857885458,4.948646090518465,caution
FIB,contractile,Lineage6,5,-3.620799065846357,4.851139385269416,caution
FIB,contractile,Lineage6,6,-3.661001669807491,4.7683522867925054,caution
FIB,contractile,Lineage6,7,-3.6922160807232696,4.69941044979139,caution
FIB,contractile,Lineage6,8,-3.7149443816450143,4.643439528969724,caution
FIB,contractile,Lineage6,9,-3.7296886556240465,4.599565179031168,caution
FIB,contractile,Lineage6,10,-3.7369509857116916,4.566913054679376,caution
FIB,contractile,Lineage6,11,-3.7372334549592687,4.544608810618007,caution
FIB,contractile,Lineage6,12,-3.7310381464181024,4.531778101550717,caution
FIB,contractile,Lineage6,13,-3.7188671431395126,4.527546582181162,caution
FIB,contractile,Lineage6,14,-3.7012225281748234,4.5310399072130005,caution
FIB,contractile,Lineage6,15,-3.6786063845753554,4.541383731349888,caution
FIB,contractile,Lineage6,16,-3.651520795392434,4.557703709295484,caution
FIB,contractile,Lineage6,17,-3.620467843677377,4.579125495753441,caution
FIB,contractile,Lineage6,18,-3.585949612481509,4.604774745427419,caution
FIB,contractile,Lineage6,19,-3.548468184856152,4.633777113021074,caution
FIB,contractile,Lineage6,20,-3.5085256438526287,4.665258253238065,caution
FIB,contractile,Lineage6,21,-3.4666240725222606,4.698343820782045,caution
FIB,contractile,Lineage6,22,-3.42326555391637,4.732159470356674,caution
FIB,contractile,Lineage6,23,-3.3789521710862784,4.765830856665606,caution
FIB,contractile,Lineage6,24,-3.3341860070833094,4.798483634412501,caution
FIB,contractile,Lineage6,25,-3.2894691449587854,4.829243458301016,caution
FIB,contractile,Lineage6,26,-3.2453036677640266,4.857235983034805,caution
FIB,contractile,Lineage6,27,-3.202191658550357,4.881586863317525,caution
FIB,contractile,Lineage6,28,-3.160635200369099,4.901421753852836,caution
FIB,contractile,Lineage6,29,-3.121136376271573,4.915866309344392,caution
FIB,contractile,Lineage6,30,-3.084197269309103,4.924046184495852,caution
FIB,contractile,Lineage6,31,-3.05031996253301,4.925087034010871,caution
FIB,contractile,Lineage6,32,-3.0200065389946174,4.918114512593107,caution
FIB,contractile,Lineage6,33,-2.993759081745246,4.902254274946215,caution
FIB,contractile,Lineage6,34,-2.9720277657810446,4.876751754741302,caution
FIB,contractile,Lineage6,35,-2.9546209687197402,4.842333347073205,caution
FIB,contractile,Lineage6,36,-2.940914028111456,4.800724696420806,caution
FIB,contractile,Lineage6,37,-2.9302741615952264,4.753670184134601,caution
FIB,contractile,Lineage6,38,-2.9220685868100857,4.702914191565088,caution
FIB,contractile,Lineage6,39,-2.91566452139507,4.650201100062763,caution
FIB,contractile,Lineage6,40,-2.9104291829892124,4.597275290978123,caution
FIB,contractile,Lineage6,41,-2.905729789231549,4.545881145661665,caution
FIB,contractile,Lineage6,42,-2.900933557761115,4.497763045463886,caution
FIB,contractile,Lineage6,43,-2.8954077062169428,4.45466537173528,caution
FIB,contractile,Lineage6,44,-2.8885194522380697,4.418332505826349,caution
FIB,contractile,Lineage6,45,-2.87963601346353,4.3905088290875876,caution
FIB,contractile,Lineage6,46,-2.8681252072612633,4.372936328123876,caution
FIB,contractile,Lineage6,47,-2.8535504142088675,4.3665760964828815,caution
FIB,contractile,Lineage6,48,-2.8359509976712314,4.370488606145445,caution
FIB,contractile,Lineage6,49,-2.815437355793643,4.383450683886675,caution
FIB,contractile,Lineage6,50,-2.792119886721394,4.404239156481684,caution
FIB,contractile,Lineage6,51,-2.7661089885997736,4.431630850705581,caution
FIB,contractile,Lineage6,52,-2.7375150595740716,4.4644025933334754,caution
FIB,contractile,Lineage6,53,-2.7064484977895775,4.501331211140477,caution
FIB,contractile,Lineage6,54,-2.6730197013915817,4.541193530901697,caution
FIB,contractile,Lineage6,55,-2.6373390685253746,4.582766379392243,caution
FIB,contractile,Lineage6,56,-2.599516997336245,4.624826583387228,caution
FIB,contractile,Lineage6,57,-2.5596638859694836,4.666150969661762,caution
FIB,contractile,Lineage6,58,-2.51789013257038,4.705516364990951,caution
FIB,contractile,Lineage6,59,-2.474306135284224,4.741699596149908,caution
FIB,contractile,Lineage6,60,-2.4290222922563047,4.773477489913741,caution
FIB,contractile,Lineage6,61,-2.3821490148926894,4.799626893375704,caution
FIB,contractile,Lineage6,62,-2.334036487167968,4.819292032823737,caution
FIB,contractile,Lineage6,63,-2.28588671055812,4.8329222881319645,caution
FIB,contractile,Lineage6,64,-2.239090763150925,4.841256742095094,caution
FIB,contractile,Lineage6,65,-2.1950397230341623,4.845034477507837,caution
FIB,contractile,Lineage6,66,-2.1551246682956093,4.844994577164894,caution
FIB,contractile,Lineage6,67,-2.1207366770230447,4.841876123860976,caution
FIB,contractile,Lineage6,68,-2.093252491808858,4.836413174122308,caution
FIB,contractile,Lineage6,69,-2.0733699854783914,4.829101761189442,caution
FIB,contractile,Lineage6,70,-2.0608275639742715,4.8201015128964775,caution
FIB,contractile,Lineage6,71,-2.05529106437303,4.8095466131989,caution
FIB,contractile,Lineage6,72,-2.056426323751199,4.797571246052197,caution
FIB,contractile,Lineage6,73,-2.0638991791853107,4.784309595411855,caution
FIB,contractile,Lineage6,74,-2.0773754677518954,4.7698958452333615,caution
FIB,contractile,Lineage6,75,-2.0965210265274856,4.754464179472203,caution
FIB,contractile,Lineage6,76,-2.121001692588613,4.738148782083865,caution
FIB,contractile,Lineage6,77,-2.1504833030118093,4.721083837023837,caution
FIB,contractile,Lineage6,78,-2.1846316948736053,4.703403528247602,caution
FIB,contractile,Lineage6,79,-2.2231127052505344,4.68524203971065,caution
FIB,contractile,Lineage6,80,-2.265592171219127,4.666733555368464,caution
FIB,contractile,Lineage6,81,-2.3117359298559146,4.648012259176535,caution
FIB,contractile,Lineage6,82,-2.361209818237429,4.629212335090347,caution
FIB,contractile,Lineage6,83,-2.4136796734402033,4.61046796706539,caution
FIB,contractile,Lineage6,84,-2.4688113325407675,4.591913339057146,caution
FIB,contractile,Lineage6,85,-2.5262706326156534,4.573682635021105,caution
FIB,contractile,Lineage6,86,-2.5857234107413936,4.555910038912752,caution
FIB,contractile,Lineage6,87,-2.6468355039945184,4.538729734687577,caution
FIB,contractile,Lineage6,88,-2.709272749451561,4.522275906301062,caution
FIB,contractile,Lineage6,89,-2.7727009841890533,4.506682737708697,caution
FIB,contractile,Lineage6,90,-2.8367860452835245,4.492084412865967,caution
FIB,contractile,Lineage6,91,-2.90119376981151,4.478615115728361,caution
FIB,contractile,Lineage6,92,-2.965589994849538,4.466409030251363,caution
FIB,contractile,Lineage6,93,-3.0296405574741416,4.455600340390462,caution
FIB,contractile,Lineage6,94,-3.093011294761853,4.446323230101144,caution
FIB,contractile,Lineage6,95,-3.1553680437892027,4.438711883338895,caution
FIB,contractile,Lineage6,96,-3.2163766416327233,4.4329004840592034,caution
FIB,contractile,Lineage6,97,-3.2757029253689463,4.429023216217554,caution
FIB,contractile,Lineage6,98,-3.3330127320744034,4.427214263769435,caution
FIB,contractile,Lineage6,99,-3.3879718988256253,4.427607810670332,caution
FIB,contractile,Lineage6,100,-3.4402462626991452,4.430338040875733,caution
FIB,contractile,Lineage6,101,-3.4895016607714937,4.435539138341124,caution
FIB,contractile,Lineage6,102,-3.5354039301192044,4.443345287021992,caution
FIB,contractile,Lineage6,103,-3.577618907818806,4.453890670873823,caution
FIB,contractile,Lineage6,104,-3.615812430946832,4.467309473852105,caution
FIB,contractile,Lineage6,105,-3.6496537588762714,4.483733492345513,caution
FIB,contractile,Lineage6,106,-3.678981672172694,4.50317625619908,caution
FIB,contractile,Lineage6,107,-3.703878955163817,4.525481065912793,caution
FIB,contractile,Lineage6,108,-3.7244473331896195,4.550478007780096,caution
FIB,contractile,Lineage6,109,-3.740788531590078,4.577997168094425,caution
FIB,contractile,Lineage6,110,-3.753004275705169,4.6078686331492245,caution
FIB,contractile,Lineage6,111,-3.761196290874872,4.639922489237934,caution
FIB,contractile,Lineage6,112,-3.765466302439163,4.673988822653994,caution
FIB,contractile,Lineage6,113,-3.7659160357380195,4.7098977196908445,caution
FIB,contractile,Lineage6,114,-3.762647216111419,4.7474792666419265,caution
FIB,contractile,Lineage6,115,-3.7557615688993375,4.78656354980068,caution
FIB,contractile,Lineage6,116,-3.7453608194417547,4.826980655460546,caution
FIB,contractile,Lineage6,117,-3.731546693078646,4.868560669914966,caution
FIB,contractile,Lineage6,118,-3.7144209151499896,4.911133679457379,caution
FIB,contractile,Lineage6,119,-3.6940852109957625,4.954529770381226,caution
FIB,contractile,Lineage6,120,-3.6706413059559417,4.998579028979947,caution
FIB,contractile,Lineage6,121,-3.644190925370506,5.043111541546984,caution
FIB,contractile,Lineage6,122,-3.614835794579431,5.087957394375777,caution
FIB,contractile,Lineage6,123,-3.5826776389226946,5.132946673759767,caution
FIB,contractile,Lineage6,124,-3.547818183740274,5.177909465992392,caution
FIB,contractile,Lineage6,125,-3.510359154372149,5.222675857367096,caution
FIB,contractile,Lineage6,126,-3.470402276158292,5.267075934177318,caution
FIB,contractile,Lineage6,127,-3.4280492744386852,5.310939782716498,caution
FIB,contractile,Lineage6,128,-3.383401874553302,5.354097489278078,caution
FIB,contractile,Lineage6,129,-3.3365618018421217,5.3963791401554975,caution
FIB,contractile,Lineage6,130,-3.2876307816451225,5.437614821642197,caution
FIB,contractile,Lineage6,131,-3.2367105393022797,5.477634620031618,caution
FIB,contractile,Lineage6,132,-3.183902800153573,5.5162686216172,caution
FIB,contractile,Lineage6,133,-3.129309289538977,5.553346912692385,caution
FIB,contractile,Lineage6,134,-3.073031732798471,5.58869957955061,caution
FIB,contractile,Lineage6,135,-3.015181986280468,5.622169456755204,caution
FIB,contractile,Lineage6,136,-2.955997374901881,5.653757261195132,caution
FIB,contractile,Lineage6,137,-2.8957999816858866,5.683570364414745,caution
FIB,contractile,Lineage6,138,-2.834913483800401,5.711718143937112,caution
FIB,contractile,Lineage6,139,-2.7736615584133295,5.738309977285297,caution
FIB,contractile,Lineage6,140,-2.7123678826925848,5.763455241982365,caution
FIB,contractile,Lineage6,141,-2.65135613380608,5.787263315551381,caution
FIB,contractile,Lineage6,142,-2.5909499889217207,5.80984357551541,caution
FIB,contractile,Lineage6,143,-2.5314731252074227,5.831305399397518,caution
FIB,contractile,Lineage6,144,-2.473249219831092,5.851758164720771,caution
FIB,contractile,Lineage6,145,-2.416601949960643,5.871311249008232,caution
FIB,contractile,Lineage6,146,-2.361854992763983,5.890074029782968,caution
FIB,contractile,Lineage6,147,-2.309332025409025,5.908155884568043,caution
FIB,contractile,Lineage6,148,-2.2593567250636784,5.925666190886524,caution
FIB,contractile,Lineage6,149,-2.212252768895855,5.9427143262614734,caution
FIB,contractile,Lineage6,150,-2.168343834073463,5.959409668215959,caution
FIB,contractile,Lineage6,151,-2.1279535977644146,5.975861594273046,caution
FIB,contractile,Lineage6,152,-2.0914057371366215,5.992179481955797,caution
FIB,contractile,Lineage6,153,-2.0590239293579917,6.008472708787282,caution
FIB,contractile,Lineage6,154,-2.031131851596439,6.024850652290562,caution
FIB,contractile,Lineage6,155,-2.00805318101987,6.0414226899887025,caution
FIB,contractile,Lineage6,156,-1.9901115947961987,6.05829819940477,caution
FIB,contractile,Lineage6,157,-1.977630770093334,6.07558655806183,caution
FIB,contractile,Lineage6,158,-1.9709343840791869,6.093397143482946,caution
FIB,contractile,Lineage6,159,-1.9703461139216683,6.111839333191186,caution
FIB,contractile,Lineage6,160,-1.976189636788688,6.131022504709613,caution
FIB,contractile,Lineage6,161,-1.988788629848157,6.151056035561292,caution
FIB,contractile,Lineage6,162,-2.008466770267986,6.17204930326929,caution
FIB,contractile,Lineage6,163,-2.0354382373815185,6.194092283504246,caution
FIB,contractile,Lineage6,164,-2.069039428409832,6.21711941827651,caution
FIB,contractile,Lineage6,165,-2.108184805086247,6.240990387112775,caution
FIB,contractile,Lineage6,166,-2.1517861455099965,6.265564394028312,caution
FIB,contractile,Lineage6,167,-2.198755227780305,6.290700643038375,caution
FIB,contractile,Lineage6,168,-2.2480038299964047,6.3162583381582325,caution
FIB,contractile,Lineage6,169,-2.29844373025752,6.342096683403141,caution
FIB,contractile,Lineage6,170,-2.348986706662884,6.368074882788364,caution
FIB,contractile,Lineage6,171,-2.3985445373117233,6.394052140329167,caution
FIB,contractile,Lineage6,172,-2.4460290003032648,6.419887660040806,caution
FIB,contractile,Lineage6,173,-2.4903518737367403,6.445440645938547,caution
FIB,contractile,Lineage6,174,-2.530424935711376,6.47057030203765,caution
FIB,contractile,Lineage6,175,-2.5651599643264027,6.4951358323533785,caution
FIB,contractile,Lineage6,176,-2.593468737681046,6.518996440900991,caution
FIB,contractile,Lineage6,177,-2.6142630338745385,6.542011331695753,caution
FIB,contractile,Lineage6,178,-2.6264546310061054,6.564039708752925,caution
FIB,contractile,Lineage6,179,-2.6289553071749774,6.58494077608777,caution
FIB,contractile,Lineage6,180,-2.6206986960774215,6.604574783669751,caution
FIB,contractile,Lineage6,181,-2.601641685656771,6.622850951857021,caution
FIB,contractile,Lineage6,182,-2.5731806004372553,6.639747388841864,caution
FIB,contractile,Lineage6,183,-2.53681990773796,6.655247378260219,caution
FIB,contractile,Lineage6,184,-2.494064074877961,6.669334203748021,caution
FIB,contractile,Lineage6,185,-2.446417569176344,6.681991148941209,caution
FIB,contractile,Lineage6,186,-2.395384857952186,6.69320149747572,caution
FIB,contractile,Lineage6,187,-2.3424704085245724,6.702948532987491,caution
FIB,contractile,Lineage6,188,-2.289178688212581,6.7112155391124615,caution
FIB,contractile,Lineage6,189,-2.2370141643352954,6.717985799486568,caution
FIB,contractile,Lineage6,190,-2.1874813042117944,6.723242597745748,caution
FIB,contractile,Lineage6,191,-2.142084575161161,6.726969217525936,caution
FIB,contractile,Lineage6,192,-2.102328444502475,6.729148942463076,caution
FIB,contractile,Lineage6,193,-2.069717379554818,6.7297650561930995,caution
FIB,contractile,Lineage6,194,-2.045495587472373,6.7288137250596325,caution
FIB,contractile,Lineage6,195,-2.029635516294326,6.726354066649449,caution
FIB,contractile,Lineage6,196,-2.021721756023967,6.7224643972680465,caution
FIB,contractile,Lineage6,197,-2.021338802320505,6.717223037890891,caution
FIB,contractile,Lineage6,198,-2.0280711508431506,6.710708309493446,caution
FIB,contractile,Lineage6,199,-2.0415032972511162,6.702998533051183,caution
FIB,contractile,Lineage6,200,-2.06121973720361,6.694172029539564,caution
FIB,contractile,Lineage6,201,-2.086804966359843,6.6843071199340525,caution
FIB,contractile,Lineage6,202,-2.117843480379026,6.67348212521012,caution
FIB,contractile,Lineage6,203,-2.15391977492037,6.661775366343228,caution
FIB,contractile,Lineage6,204,-2.1946183456430846,6.649265164308845,caution
FIB,contractile,Lineage6,205,-2.23952368820638,6.636029840082438,caution
FIB,contractile,Lineage6,206,-2.288220298269468,6.6221477146394685,caution
FIB,contractile,Lineage6,207,-2.3402926714915573,6.607697108955408,caution
FIB,contractile,Lineage6,208,-2.3953253035318602,6.592756344005718,caution
FIB,contractile,Lineage6,209,-2.4529026900495845,6.577403740765867,caution
FIB,contractile,Lineage6,210,-2.512609326703944,6.561717620211319,caution
FIB,contractile,Lineage6,211,-2.574029709154146,6.545776303317542,caution
FIB,contractile,Lineage6,212,-2.636748333059405,6.529658111060002,caution
FIB,contractile,Lineage6,213,-2.700349694078926,6.513441364414162,caution
FIB,contractile,Lineage6,214,-2.764418287871925,6.4972043843554905,caution
FIB,contractile,Lineage6,215,-2.8285386100976093,6.4810254918594525,caution
FIB,contractile,Lineage6,216,-2.8922951564151878,6.464983007901515,caution
FIB,contractile,Lineage6,217,-2.955272422483876,6.4491552534571435,caution
FIB,contractile,Lineage6,218,-3.0170549039628796,6.433620549501804,caution
FIB,contractile,Lineage6,219,-3.077227096511412,6.418457217010962,caution
FIB,contractile,Lineage6,220,-3.1353734957886807,6.403743576960083,caution
FIB,contractile,Lineage6,221,-3.1910785974539,6.389557950324635,caution
FIB,contractile,Lineage6,222,-3.2439268971662774,6.375978658080082,caution
FIB,contractile,Lineage6,223,-3.2934756984859175,6.363132647512824,caution
FIB,contractile,Lineage6,224,-3.3384993434138335,6.352546998060604,caution
FIB,contractile,Lineage6,225,-3.3768901818332893,6.3473260128536255,caution
FIB,contractile,Lineage6,226,-3.4066684809739405,6.350430021294372,caution
FIB,contractile,Lineage6,227,-3.4276501692780044,6.362478106806883,caution
FIB,contractile,Lineage6,228,-3.440705530433696,6.382714647518744,caution
FIB,contractile,Lineage6,229,-3.4467182834191346,6.410366504156026,caution
FIB,contractile,Lineage6,230,-3.44657214721244,6.4446605374447925,caution
FIB,contractile,Lineage6,231,-3.4411508407917344,6.484823608111112,caution
FIB,contractile,Lineage6,232,-3.431338083135135,6.530082576881049,caution
FIB,contractile,Lineage6,233,-3.418017593220764,6.57966430448067,caution
FIB,contractile,Lineage6,234,-3.402073090026739,6.6327956516360445,caution
FIB,contractile,Lineage6,235,-3.384388292531183,6.688703479073237,caution
FIB,contractile,Lineage6,236,-3.3658469197122143,6.746614647518313,caution
FIB,contractile,Lineage6,237,-3.3473326905479515,6.805756017697339,caution
FIB,contractile,Lineage6,238,-3.329729324016517,6.865354450336382,caution
FIB,contractile,Lineage6,239,-3.31392053909603,6.924636806161511,caution
FIB,contractile,Lineage6,240,-3.3007900547646094,6.9828299458987875,caution
FIB,contractile,Lineage6,241,-3.291221590000377,7.039160730274284,caution
FIB,contractile,Lineage6,242,-3.2860988637814517,7.092856020014061,caution
FIB,contractile,Lineage6,243,-3.286305595085954,7.14314267584419,caution
FIB,contractile,Lineage6,244,-3.292725502892002,7.189247558490732,caution
FIB,contractile,Lineage6,245,-3.306242306177719,7.230397528679759,caution
FIB,contractile,Lineage6,246,-3.3277397239212227,7.265819447137335,caution
FIB,contractile,Lineage6,247,-3.3581014751006326,7.294740174589524,caution
FIB,contractile,Lineage6,248,-3.3982112786940712,7.316386571762398,caution
FIB,contractile,Lineage6,249,-3.448952853679657,7.329985499382019,caution
FIB,outer_medullary,Lineage1,0,1.4153188643237316,-3.785768698833901,strong
FIB,outer_medullary,Lineage1,1,1.393488693903627,-3.907642597637683,strong
FIB,outer_medullary,Lineage1,2,1.3658093547660635,-4.026190625782526,strong
FIB,outer_medullary,Lineage1,3,1.3339578920781683,-4.142094363153341,strong
FIB,outer_medullary,Lineage1,4,1.2996113510070686,-4.2560353896350405,strong
FIB,outer_medullary,Lineage1,5,1.2644467767198926,-4.368695285112537,strong
FIB,outer_medullary,Lineage1,6,1.2301412143837684,-4.4807556294707425,strong
FIB,outer_medullary,Lineage1,7,1.1983717091658226,-4.592898002594566,strong
FIB,outer_medullary,Lineage1,8,1.1708153062331834,-4.7058039843689246,strong
FIB,outer_medullary,Lineage1,9,1.1491490507529785,-4.820155154678727,strong
FIB,outer_medullary,Lineage1,10,1.1350499878923355,-4.9366330934088865,strong
FIB,outer_medullary,Lineage1,11,1.130195162818382,-5.0559193804443145,strong
FIB,outer_medullary,Lineage1,12,1.1362616206982454,-5.178695595669924,strong
FIB,outer_medullary,Lineage1,13,1.1549264066990537,-5.305643318970626,strong
FIB,outer_medullary,Lineage1,14,1.1878665659879346,-5.437444130231333,strong
FIB,outer_medullary,Lineage1,15,1.236757794386007,-5.574778676527097,strong
FIB,outer_medullary,Lineage1,16,1.3016313837752964,-5.717190820000924,strong
FIB,outer_medullary,Lineage1,17,1.3776775440740219,-5.860877757843016,strong
FIB,outer_medullary,Lineage1,18,1.4592000557042448,-6.001423893956839,strong
FIB,outer_medullary,Lineage1,19,1.5405026990880264,-6.1344136322458604,strong
FIB,outer_medullary,Lineage1,20,1.6158892546474293,-6.25543137661355,strong
FIB,outer_medullary,Lineage1,21,1.6796635028045137,-6.360061530963373,strong
FIB,outer_medullary,Lineage1,22,1.7261292239813433,-6.443888499198802,strong
FIB,outer_medullary,Lineage1,23,1.749590198599978,-6.502496685223301,strong
FIB,outer_medullary,Lineage1,24,1.7443502070824803,-6.5314704929403415,strong
FIB,outer_medullary,Lineage1,25,1.7064655423316173,-6.5277228005394035,strong
FIB,outer_medullary,Lineage1,26,1.6393862652763507,-6.493771256964928,strong
FIB,outer_medullary,Lineage1,27,1.5485120017040601,-6.433611359000864,strong
FIB,outer_medullary,Lineage1,28,1.4392423877633054,-6.351238611285352,strong
FIB,outer_medullary,Lineage1,29,1.316977059602645,-6.250648518456525,strong
FIB,outer_medullary,Lineage1,30,1.187115653370639,-6.135836585152523,strong
FIB,outer_medullary,Lineage1,31,1.0550578052158455,-6.01079831601148,strong
FIB,outer_medullary,Lineage1,32,0.926203151286825,-5.87952921567154,strong
FIB,outer_medullary,Lineage1,33,0.8059513277321356,-5.746024788770832,strong
FIB,outer_medullary,Lineage1,34,0.6997019707003372,-5.614280539947499,strong
FIB,outer_medullary,Lineage1,35,0.6128547163399879,-5.488291973839674,strong
FIB,outer_medullary,Lineage1,36,0.5508092007996485,-5.372054595085498,strong
FIB,outer_medullary,Lineage1,37,0.5189650602278769,-5.2695639083231045,strong
FIB,outer_medullary,Lineage1,38,0.5227219307732329,-5.184815418190634,strong
FIB,outer_medullary,Lineage1,39,0.5674794485842753,-5.12180462932622,strong
FIB,outer_medullary,Lineage1,40,0.6567366431536935,-5.083477434801074,strong
FIB,outer_medullary,Lineage1,41,0.7777349787695337,-5.0638014741186925,strong
FIB,outer_medullary,Lineage1,42,0.9094641891872317,-5.052187361904517,strong
FIB,outer_medullary,Lineage1,43,1.0308551578705096,-5.03801275533382,strong
FIB,outer_medullary,Lineage1,44,1.1261475766607203,-5.013173356678064,strong
FIB,outer_medullary,Lineage1,45,1.1946744017390032,-4.9767238232044475,strong
FIB,outer_medullary,Lineage1,46,1.2384328593694955,-4.928982514265495,strong
FIB,outer_medullary,Lineage1,47,1.259420175816334,-4.8702677892137345,strong
FIB,outer_medullary,Lineage1,48,1.2596335773436553,-4.80089800740169,strong
FIB,outer_medullary,Lineage1,49,1.241070290215597,-4.72119152818189,strong
FIB,outer_medullary,Lineage1,50,1.205727540696296,-4.631466710906859,strong
FIB,outer_medullary,Lineage1,51,1.1556025550498885,-4.532041914929125,strong
FIB,outer_medullary,Lineage1,52,1.0926925595405124,-4.423235499601211,strong
FIB,outer_medullary,Lineage1,53,1.0189947804323043,-4.305365824275646,strong
FIB,outer_medullary,Lineage1,54,0.9365064439894013,-4.178751248304956,strong
FIB,outer_medullary,Lineage1,55,0.8472247764759405,-4.043710131041665,strong
FIB,outer_medullary,Lineage1,56,0.7531470041560585,-3.9005608318383036,strong
FIB,outer_medullary,Lineage1,57,0.656270353293892,-3.7496217100473936,strong
FIB,outer_medullary,Lineage1,58,0.558592050153579,-3.591211125021463,strong
FIB,outer_medullary,Lineage1,59,0.462109320999256,-3.4256474361130387,strong
FIB,outer_medullary,Lineage1,60,0.3688193920950597,-3.2532490026746452,strong
FIB,outer_medullary,Lineage1,61,0.28071948970512745,-3.0743341840588103,strong
FIB,outer_medullary,Lineage1,62,0.19980684009359548,-2.889221339618058,strong
FIB,outer_medullary,Lineage1,63,0.12769290383001825,-2.698359714000549,strong
FIB,outer_medullary,Lineage1,64,0.06439337972909535,-2.502739973116034,strong
FIB,outer_medullary,Lineage1,65,0.009511404577689769,-2.3034927598181425,strong
FIB,outer_medullary,Lineage1,66,-0.03734988539689784,-2.1017487171503535,strong
FIB,outer_medullary,Lineage1,67,-0.0765873539673667,-1.8986384881561476,strong
FIB,outer_medullary,Lineage1,68,-0.10859786490641599,-1.6952927158790034,strong
FIB,outer_medullary,Lineage1,69,-0.13377828198674505,-1.4928420433624041,strong
FIB,outer_medullary,Lineage1,70,-0.15252546898105332,-1.292417113649825,strong
FIB,outer_medullary,Lineage1,71,-0.1652362896620394,-1.095148569784753,strong
FIB,outer_medullary,Lineage1,72,-0.17230760780240295,-0.9021670548106646,strong
FIB,outer_medullary,Lineage1,73,-0.17413628717484328,-0.7146032117710407,strong
FIB,outer_medullary,Lineage1,74,-0.17111919155205946,-0.5335876837093609,strong
FIB,outer_medullary,Lineage1,75,-0.1636531847067509,-0.36025111366910606,strong
FIB,outer_medullary,Lineage1,76,-0.15213513041161664,-0.19572414469375599,strong
FIB,outer_medullary,Lineage1,77,-0.13696189243935616,-0.041137419826791186,strong
FIB,outer_medullary,Lineage1,78,-0.11853033456266854,0.10237841788830834,strong
FIB,outer_medullary,Lineage1,79,-0.09723732055425299,0.23369272540806246,strong
FIB,outer_medullary,Lineage1,80,-0.07347971418680854,0.35167485968899237,strong
FIB,outer_medullary,Lineage1,81,-0.04765437923303507,0.4551941776876144,strong
FIB,outer_medullary,Lineage1,82,-0.020158179465631487,0.5431200363604501,strong
FIB,outer_medullary,Lineage1,83,0.008612021342703002,0.6143217926640195,strong
FIB,outer_medullary,Lineage1,84,0.03825935941926915,0.6676688035548425,strong
FIB,outer_medullary,Lineage1,85,0.0683869709913677,0.7020304259894384,strong
FIB,outer_medullary,Lineage1,86,0.0985979922862994,0.7162760169243275,strong
FIB,outer_medullary,Lineage1,87,0.12849555953136496,0.7092749333160292,strong
FIB,outer_medullary,Lineage1,88,0.15768280895386524,0.6798965321210635,strong
FIB,outer_medullary,Lineage1,89,0.18576287678110096,0.6270101702959499,strong
FIB,outer_medullary,Lineage1,90,0.21233889924037286,0.5494852047972085,strong
FIB,outer_medullary,Lineage1,91,0.23700738106335895,0.44657946457109354,strong
FIB,outer_medullary,Lineage1,92,0.2592948543982314,0.32164976170221893,strong
FIB,outer_medullary,Lineage1,93,0.27868587308331766,0.18051199118474714,strong
FIB,outer_medullary,Lineage1,94,0.2946644207043426,0.029015453322243118,strong
FIB,outer_medullary,Lineage1,95,0.3067144808470311,-0.12699055158172834,strong
FIB,outer_medullary,Lineage1,96,0.314320037097108,-0.28165672322360225,strong
FIB,outer_medullary,Lineage1,97,0.31696507304029786,-0.4291337612998138,strong
FIB,outer_medullary,Lineage1,98,0.314133572262326,-0.5635723655067988,strong
FIB,outer_medullary,Lineage1,99,0.305309518348917,-0.679123235540992,strong
FIB,outer_medullary,Lineage1,100,0.28997689488579564,-0.7699370710988284,strong
FIB,outer_medullary,Lineage1,101,0.26761968545868686,-0.8301645718767434,strong
FIB,outer_medullary,Lineage1,102,0.23772771928905737,-0.8540031455643241,strong
FIB,outer_medullary,Lineage1,103,0.20023130756490085,-0.8391697535118062,strong
FIB,outer_medullary,Lineage1,104,0.1558008207862407,-0.7892946036009504,strong
FIB,outer_medullary,Lineage1,105,0.10517749468513243,-0.7085741334476812,strong
FIB,outer_medullary,Lineage1,106,0.04910256499363155,-0.6012047806679225,strong
FIB,outer_medullary,Lineage1,107,-0.011682732556206511,-0.4713829828775993,strong
FIB,outer_medullary,Lineage1,108,-0.07643716223232629,-0.32330517769263434,strong
FIB,outer_medullary,Lineage1,109,-0.14441948830267246,-0.16116780272895237,strong
FIB,outer_medullary,Lineage1,110,-0.21488847503518946,0.01083270439752273,strong
FIB,outer_medullary,Lineage1,111,-0.2871028866978218,0.18849990607086659,strong
FIB,outer_medullary,Lineage1,112,-0.3603214875585143,0.36763736467515584,strong
FIB,outer_medullary,Lineage1,113,-0.43380304188521207,0.5440486425944682,strong
FIB,outer_medullary,Lineage1,114,-0.5068063139458581,0.7135373022128747,strong
FIB,outer_medullary,Lineage1,115,-0.5785900680083975,0.8719069059144541,strong
FIB,outer_medullary,Lineage1,116,-0.6484130683407753,1.0149610160832823,strong
FIB,outer_medullary,Lineage1,117,-0.7155340792109356,1.1385031951034348,strong
FIB,outer_medullary,Lineage1,118,-0.7792118648868231,1.2383370053589882,strong
FIB,outer_medullary,Lineage1,119,-0.8387051896363826,1.3102660092340181,strong
FIB,outer_medullary,Lineage1,120,-0.8932728177275585,1.3500937691126005,strong
FIB,outer_medullary,Lineage1,121,-0.9421735134282951,1.3536238473788107,strong
FIB,outer_medullary,Lineage1,122,-0.9846660410065372,1.3166598064167254,strong
FIB,outer_medullary,Lineage1,123,-1.0203942364599874,1.2361208419293759,strong
FIB,outer_medullary,Lineage1,124,-1.0530291615305065,1.1205938646867355,strong
FIB,outer_medullary,Lineage1,125,-1.0886415504779106,0.9856181385107647,strong
FIB,outer_medullary,Lineage1,126,-1.1320930138475451,0.8445004837536451,strong
FIB,outer_medullary,Lineage1,127,-1.1831983774948431,0.7010931421051296,strong
FIB,outer_medullary,Lineage1,128,-1.2404898086672473,0.5568454398441618,strong
FIB,outer_medullary,Lineage1,129,-1.302499474403089,0.41320670285795713,strong
FIB,outer_medullary,Lineage1,130,-1.367759541740699,0.2716262570337305,strong
FIB,outer_medullary,Lineage1,131,-1.4348021777184132,0.13355342825868638,strong
FIB,outer_medullary,Lineage1,132,-1.5021595493745596,0.00043754242004344617,strong
FIB,outer_medullary,Lineage1,133,-1.5683638237474755,-0.12627207459499415,strong
FIB,outer_medullary,Lineage1,134,-1.6319471678754898,-0.24512609689920778,strong
FIB,outer_medullary,Lineage1,135,-1.6914417487969382,-0.35467519860539276,strong
FIB,outer_medullary,Lineage1,136,-1.7453797335501493,-0.4534700538263313,strong
FIB,outer_medullary,Lineage1,137,-1.792293289173459,-0.5400613366748173,strong
FIB,outer_medullary,Lineage1,138,-1.830714582705198,-0.6129997212636349,strong
FIB,outer_medullary,Lineage1,139,-1.8591757811836995,-0.6708358817055761,strong
FIB,outer_medullary,Lineage1,140,-1.8762090516472956,-0.7121204921134274,strong
FIB,outer_medullary,Lineage1,141,-1.880359125763065,-0.7354169804064355,strong
FIB,outer_medullary,Lineage1,142,-1.8710636934537452,-0.740195177470346,strong
FIB,outer_medullary,Lineage1,143,-1.849231043136984,-0.7274176545624312,strong
FIB,outer_medullary,Lineage1,144,-1.815906647576622,-0.6981862327845764,strong
FIB,outer_medullary,Lineage1,145,-1.772135979536501,-0.6536027332386684,strong
FIB,outer_medullary,Lineage1,146,-1.7189645117804582,-0.5947689770265899,strong
FIB,outer_medullary,Lineage1,147,-1.6574377170723382,-0.5227867852502304,strong
FIB,outer_medullary,Lineage1,148,-1.5886010681759781,-0.43875797901147096,strong
FIB,outer_medullary,Lineage1,149,-1.5135000378552215,-0.34378437941220197,strong
FIB,outer_medullary,Lineage1,150,-1.433180098873905,-0.23896780755430375,strong
FIB,outer_medullary,Lineage1,151,-1.3486867239958718,-0.12541008453966435,strong
FIB,outer_medullary,Lineage1,152,-1.2610653859849645,-0.004213031470172745,strong
FIB,outer_medullary,Lineage1,153,-1.1713615576050187,0.12352153055229222,strong
FIB,outer_medullary,Lineage1,154,-1.08062071161988,0.256691780425838,strong
FIB,outer_medullary,Lineage1,155,-0.9898883207933843,0.3941958970485864,strong
FIB,outer_medullary,Lineage1,156,-0.9002098578893765,0.5349320593186443,strong
FIB,outer_medullary,Lineage1,157,-0.8126307956716923,0.6777984461341336,strong
FIB,outer_medullary,Lineage1,158,-0.7281966069041772,0.8216932363931613,strong
FIB,outer_medullary,Lineage1,159,-0.647952764350667,0.9655146089938497,strong
FIB,outer_medullary,Lineage1,160,-0.5729447407750049,1.1081607428343092,strong
FIB,outer_medullary,Lineage1,161,-0.5042180089410333,1.2485298168126506,strong
FIB,outer_medullary,Lineage1,162,-0.4428180416125887,1.385520009826996,strong
FIB,outer_medullary,Lineage1,163,-0.3895714129679621,1.517991634987812,strong
FIB,outer_medullary,Lineage1,164,-0.3420535230601047,1.6442426067555427,strong
FIB,outer_medullary,Lineage1,165,-0.2953493298815401,1.7621400348416885,strong
FIB,outer_medullary,Lineage1,166,-0.2444804360945065,1.8695400695471485,strong
FIB,outer_medullary,Lineage1,167,-0.18446844436124782,1.9642988611728092,strong
FIB,outer_medullary,Lineage1,168,-0.11033495734400162,2.0442725600195684,strong
FIB,outer_medullary,Lineage1,169,-0.017710340921040946,2.1076998266245477,strong
FIB,outer_medullary,Lineage1,170,0.09166061100332766,2.1566612607996354,strong
FIB,outer_medullary,Lineage1,171,0.21250191097461704,2.1954562522630434,strong
FIB,outer_medullary,Lineage1,172,0.3394947913299811,2.2284110712460894,strong
FIB,outer_medullary,Lineage1,173,0.46732048440658436,2.2598519879800913,strong
FIB,outer_medullary,Lineage1,174,0.5906602225415777,2.294105272696365,strong
FIB,outer_medullary,Lineage1,175,0.7041952380721259,2.3354971956262314,strong
FIB,outer_medullary,Lineage1,176,0.8026067633353798,2.3883540270010033,strong
FIB,outer_medullary,Lineage1,177,0.8805897856762325,2.456990772969831,strong
FIB,outer_medullary,Lineage1,178,0.935174279222459,2.543810300953263,strong
FIB,outer_medullary,Lineage1,179,0.9683398919212757,2.6471621522145576,strong
FIB,outer_medullary,Lineage1,180,0.9826974696527399,2.7648789751498857,strong
FIB,outer_medullary,Lineage1,181,0.9808578582969099,2.8947934181554253,strong
FIB,outer_medullary,Lineage1,182,0.9654319037338448,3.034738129627351,strong
FIB,outer_medullary,Lineage1,183,0.9390304518436039,3.1825457579618317,strong
FIB,outer_medullary,Lineage1,184,0.9042643485062446,3.3360489515550507,strong
FIB,outer_medullary,Lineage1,185,0.8637444396018271,3.4930803588031734,strong
FIB,outer_medullary,Lineage1,186,0.8200815710104084,3.651472628102384,strong
FIB,outer_medullary,Lineage1,187,0.7758865886120492,3.8090584078488487,strong
FIB,outer_medullary,Lineage1,188,0.7337703382868056,3.9636703464387497,strong
FIB,outer_medullary,Lineage1,189,0.6963436659147388,4.113141092268254,strong
FIB,outer_medullary,Lineage1,190,0.6662174173759052,4.255303293733545,strong
FIB,outer_medullary,Lineage1,191,0.6460024385503654,4.387989599230788,strong
FIB,outer_medullary,Lineage1,192,0.638309575318177,4.509032657156167,strong
FIB,outer_medullary,Lineage1,193,0.645749673559399,4.6162651159058505,strong
FIB,outer_medullary,Lineage1,194,0.6709335791540899,4.707519623876013,strong
FIB,outer_medullary,Lineage1,195,0.7164721379823091,4.780628829462833,strong
FIB,outer_medullary,Lineage1,196,0.7849761959241132,4.833425381062479,strong
FIB,outer_medullary,Lineage1,197,0.8790509855821549,4.863742923663158,strong
FIB,outer_medullary,Lineage1,198,0.9964452289499991,4.870277336449149,strong
FIB,outer_medullary,Lineage1,199,1.1211771746659263,4.854162233144703,strong
FIB,outer_medullary,Lineage1,200,1.2365014716630098,4.817069945506205,strong
FIB,outer_medullary,Lineage1,201,1.3386875401421807,4.761550051713657,strong
FIB,outer_medullary,Lineage1,202,1.4301884599505037,4.69056893276271,strong
FIB,outer_medullary,Lineage1,203,1.5134948267686086,4.6070954983627415,strong
FIB,outer_medullary,Lineage1,204,1.5910972362771179,4.5140986582231335,strong
FIB,outer_medullary,Lineage1,205,1.6654862841566538,4.414547322053269,strong
FIB,outer_medullary,Lineage1,206,1.739152566087845,4.311410399562525,strong
FIB,outer_medullary,Lineage1,207,1.8145866777513127,4.207656800460284,strong
FIB,outer_medullary,Lineage1,208,1.894279214827685,4.106255434455924,strong
FIB,outer_medullary,Lineage1,209,1.9806636358611598,4.010183023890716,strong
FIB,outer_medullary,Lineage1,210,2.0736096149882517,3.9227668495180708,strong
FIB,outer_medullary,Lineage1,211,2.1694434140046694,3.84781869968105,strong
FIB,outer_medullary,Lineage1,212,2.2642317775498686,3.789185847735398,strong
FIB,outer_medullary,Lineage1,213,2.35463731704062,3.750033683740415,strong
FIB,outer_medullary,Lineage1,214,2.440159697081617,3.7302810009428433,strong
FIB,outer_medullary,Lineage1,215,2.5211420264478854,3.7288813927945736,strong
FIB,outer_medullary,Lineage1,216,2.5979275526742973,3.74478829395693,strong
FIB,outer_medullary,Lineage1,217,2.6708595232957273,3.7769551390912377,strong
FIB,outer_medullary,Lineage1,218,2.740281185847045,3.824335362858821,strong
FIB,outer_medullary,Lineage1,219,2.8065357878631243,3.885882399921006,strong
FIB,outer_medullary,Lineage1,220,2.8699665768788365,3.9605496849391173,strong
FIB,outer_medullary,Lineage1,221,2.930916800429055,4.047290652574481,strong
FIB,outer_medullary,Lineage1,222,2.9897297060486494,4.14505873748842,strong
FIB,outer_medullary,Lineage1,223,3.046748541272496,4.252807374342264,strong
FIB,outer_medullary,Lineage1,224,3.102316553635463,4.369489997797332,strong
FIB,outer_medullary,Lineage1,225,3.156776990672426,4.494060042514957,strong
FIB,outer_medullary,Lineage1,226,3.210473099918256,4.62547094315646,strong
FIB,outer_medullary,Lineage1,227,3.263748128907823,4.762676134383161,strong
FIB,outer_medullary,Lineage1,228,3.3169453251760026,4.9046290508563954,strong
FIB,outer_medullary,Lineage1,229,3.3704079362576644,5.050283127237479,strong
FIB,outer_medullary,Lineage1,230,3.424479209687683,5.198591798187745,strong
FIB,outer_medullary,Lineage1,231,3.4795023930009283,5.348508498368511,strong
FIB,outer_medullary,Lineage1,232,3.535820733732275,5.49898666244111,strong
FIB,outer_medullary,Lineage1,233,3.593777479416593,5.64897972506686,strong
FIB,outer_medullary,Lineage1,234,3.6537158775887573,5.797441120907093,strong
FIB,outer_medullary,Lineage1,235,3.7159791757836373,5.94332428462313,strong
FIB,outer_medullary,Lineage1,236,3.7809106215361057,6.085582650876295,strong
FIB,outer_medullary,Lineage1,237,3.848853462381036,6.223169654327918,strong
FIB,outer_medullary,Lineage1,238,3.9201509458532993,6.3550387296393165,strong
FIB,outer_medullary,Lineage1,239,3.99514631948777,6.480143311471826,strong
FIB,outer_medullary,Lineage1,240,4.074182830819316,6.5974368344867615,strong
FIB,outer_medullary,Lineage1,241,4.157603727382814,6.705872733345457,strong
FIB,outer_medullary,Lineage1,242,4.245752256713133,6.804404442709229,strong
FIB,outer_medullary,Lineage1,243,4.338971666345149,6.891985397239413,strong
FIB,outer_medullary,Lineage1,244,4.437605203813729,6.967569031597324,strong
FIB,outer_medullary,Lineage1,245,4.54199611665375,7.030108780444294,strong
FIB,outer_medullary,Lineage1,246,4.652487652400084,7.078558078441646,strong
FIB,outer_medullary,Lineage1,247,4.769423058587598,7.111870360250704,strong
FIB,outer_medullary,Lineage1,248,4.8931455827511705,7.128999060532796,strong
FIB,outer_medullary,Lineage1,249,5.0239984724256725,7.1288976139492455,strong
FIB,outer_medullary,Lineage2,0,1.5352975532392559,-3.8314188156562956,strong
FIB,outer_medullary,Lineage2,1,1.4261897029824877,-3.7899920664157896,strong
FIB,outer_medullary,Lineage2,2,1.3357699716034774,-3.768677214248112,strong
FIB,outer_medullary,Lineage2,3,1.2625206248212841,-3.766009298499854,strong
FIB,outer_medullary,Lineage2,4,1.204923928354966,-3.7805233585176024,strong
FIB,outer_medullary,Lineage2,5,1.1614621479235816,-3.8107544336479484,strong
FIB,outer_medullary,Lineage2,6,1.1306175492461898,-3.855237563237481,strong
FIB,outer_medullary,Lineage2,7,1.1108723980418485,-3.912507786632788,strong
FIB,outer_medullary,Lineage2,8,1.1007089600296154,-3.981100143180459,strong
FIB,outer_medullary,Lineage2,9,1.0986095009285504,-4.059549672227083,strong
FIB,outer_medullary,Lineage2,10,1.103056286457711,-4.146391413119251,strong
FIB,outer_medullary,Lineage2,11,1.112531582336156,-4.24016040520355,strong
FIB,outer_medullary,Lineage2,12,1.1255176542829437,-4.339391687826572,strong
FIB,outer_medullary,Lineage2,13,1.140496768017132,-4.442620300334902,strong
FIB,outer_medullary,Lineage2,14,1.1559511892577803,-4.548381282075131,strong
FIB,outer_medullary,Lineage2,15,1.1703631837239465,-4.65520967239385,strong
FIB,outer_medullary,Lineage2,16,1.1822150171346892,-4.761640510637646,strong
FIB,outer_medullary,Lineage2,17,1.1899912010778662,-4.866210174711771,strong
FIB,outer_medullary,Lineage2,18,1.192870409130078,-4.9678687695132,strong
FIB,outer_medullary,Lineage2,19,1.191704003076825,-5.066563337645071,strong
FIB,outer_medullary,Lineage2,20,1.1875902121864792,-5.162388057022891,strong
FIB,outer_medullary,Lineage2,21,1.1816272657274125,-5.25543710556216,strong
FIB,outer_medullary,Lineage2,22,1.1749133929679965,-5.34580466117838,strong
FIB,outer_medullary,Lineage2,23,1.168546823176603,-5.433584901787052,strong
FIB,outer_medullary,Lineage2,24,1.1636257856216032,-5.518872005303679,strong
FIB,outer_medullary,Lineage2,25,1.1612485095713698,-5.601760149643765,strong
FIB,outer_medullary,Lineage2,26,1.162513224294274,-5.682343512722809,strong
FIB,outer_medullary,Lineage2,27,1.1685181590586877,-5.760716272456315,strong
FIB,outer_medullary,Lineage2,28,1.1803615431329826,-5.836972606759784,strong
FIB,outer_medullary,Lineage2,29,1.1991416057855304,-5.91120669354872,strong
FIB,outer_medullary,Lineage2,30,1.2259565762847033,-5.983512710738624,strong
FIB,outer_medullary,Lineage2,31,1.2619046838988721,-6.053984836244996,strong
FIB,outer_medullary,Lineage2,32,1.3080841578964097,-6.122717247983342,strong
FIB,outer_medullary,Lineage2,33,1.365593227545687,-6.189804123869163,strong
FIB,outer_medullary,Lineage2,34,1.4353867429127787,-6.255275625503124,strong
FIB,outer_medullary,Lineage2,35,1.5138173636450047,-6.317107116676646,strong
FIB,outer_medullary,Lineage2,36,1.5917676075753528,-6.370831638201505,strong
FIB,outer_medullary,Lineage2,37,1.659801397089838,-6.411839983575288,strong
FIB,outer_medullary,Lineage2,38,1.7084826550244006,-6.4355229465392725,strong
FIB,outer_medullary,Lineage2,39,1.7304767904029015,-6.438409550276358,strong
FIB,outer_medullary,Lineage2,40,1.726704755839344,-6.421500273849034,strong
FIB,outer_medullary,Lineage2,41,1.7001144599115183,-6.386893457903711,strong
FIB,outer_medullary,Lineage2,42,1.653653811197215,-6.336687443086795,strong
FIB,outer_medullary,Lineage2,43,1.5902707182742242,-6.2729805700446954,strong
FIB,outer_medullary,Lineage2,44,1.5129130897203358,-6.197871179423819,strong
FIB,outer_medullary,Lineage2,45,1.4245288341133409,-6.113457611870574,strong
FIB,outer_medullary,Lineage2,46,1.328065860031028,-6.021838208031368,strong
FIB,outer_medullary,Lineage2,47,1.2264720760511887,-5.925111308552607,strong
FIB,outer_medullary,Lineage2,48,1.1226953907516133,-5.825375254080701,strong
FIB,outer_medullary,Lineage2,49,1.0196837127100915,-5.724728385262057,strong
FIB,outer_medullary,Lineage2,50,0.9203849505044138,-5.625269042743083,strong
FIB,outer_medullary,Lineage2,51,0.8277470127123696,-5.5290955671701845,strong
FIB,outer_medullary,Lineage2,52,0.7447178079117505,-5.438306299189773,strong
FIB,outer_medullary,Lineage2,53,0.6742452446803462,-5.354999579448253,strong
FIB,outer_medullary,Lineage2,54,0.6192772315959466,-5.281273748592037,strong
FIB,outer_medullary,Lineage2,55,0.5827616772363422,-5.219227147267527,strong
FIB,outer_medullary,Lineage2,56,0.567646490179323,-5.170958116121133,strong
FIB,outer_medullary,Lineage2,57,0.5768795790026796,-5.138564995799265,strong
FIB,outer_medullary,Lineage2,58,0.613408852284202,-5.124146126948327,strong
FIB,outer_medullary,Lineage2,59,0.6793735108439095,-5.1293221466122,strong
FIB,outer_medullary,Lineage2,60,0.7671778069624202,-5.149963258575034,strong
FIB,outer_medullary,Lineage2,61,0.8627831976790814,-5.178133908029534,strong
FIB,outer_medullary,Lineage2,62,0.9520362327276148,-5.205830664432916,strong
FIB,outer_medullary,Lineage2,63,1.0207834618417408,-5.225050097242404,strong
FIB,outer_medullary,Lineage2,64,1.0557159080914091,-5.228210682079765,strong
FIB,outer_medullary,Lineage2,65,1.0544619540308882,-5.21319529372826,strong
FIB,outer_medullary,Lineage2,66,1.022277548150747,-5.181697604720485,strong
FIB,outer_medullary,Lineage2,67,0.9645740797250741,-5.13548894714556,strong
FIB,outer_medullary,Lineage2,68,0.8867629380279586,-5.076340653092609,strong
FIB,outer_medullary,Lineage2,69,0.7942555123334891,-5.0060240546507515,strong
FIB,outer_medullary,Lineage2,70,0.6924631919157531,-4.92631048390911,strong
FIB,outer_medullary,Lineage2,71,0.5867973660488423,-4.838971272956806,strong
FIB,outer_medullary,Lineage2,72,0.4826496587578351,-4.745772244547304,strong
FIB,outer_medullary,Lineage2,73,0.3835681174549244,-4.647965345673342,strong
FIB,outer_medullary,Lineage2,74,0.2897826565609773,-4.54587763194902,strong
FIB,outer_medullary,Lineage2,75,0.20117619021706795,-4.439739436654528,strong
FIB,outer_medullary,Lineage2,76,0.1176316325642712,-4.329781093070052,strong
FIB,outer_medullary,Lineage2,77,0.039031897743661274,-4.2162329344757765,strong
FIB,outer_medullary,Lineage2,78,-0.03474010010368718,-4.099325294151893,strong
FIB,outer_medullary,Lineage2,79,-0.1038014468367,-3.979288505378584,strong
FIB,outer_medullary,Lineage2,80,-0.16826922831430344,-3.8563529014360367,strong
FIB,outer_medullary,Lineage2,81,-0.22826053039542124,-3.730748815604443,strong
FIB,outer_medullary,Lineage2,82,-0.28389243893897975,-3.6027065811639845,strong
FIB,outer_medullary,Lineage2,83,-0.33528203980390475,-3.472456531394851,strong
FIB,outer_medullary,Lineage2,84,-0.38254641884912177,-3.3402289995772283,strong
FIB,outer_medullary,Lineage2,85,-0.4258026619335561,-3.206254318991303,strong
FIB,outer_medullary,Lineage2,86,-0.46516785491613344,-3.0707628229172634,strong
FIB,outer_medullary,Lineage2,87,-0.5007590836557795,-2.9339848446352947,strong
FIB,outer_medullary,Lineage2,88,-0.5326934340114196,-2.796150717425585,strong
FIB,outer_medullary,Lineage2,89,-0.5610879918419793,-2.657490774568321,strong
FIB,outer_medullary,Lineage2,90,-0.5860598430063843,-2.51823534934369,strong
FIB,outer_medullary,Lineage2,91,-0.6077260733635605,-2.3786147750318762,strong
FIB,outer_medullary,Lineage2,92,-0.6262037687724324,-2.2388593849130705,strong
FIB,outer_medullary,Lineage2,93,-0.6416100150919264,-2.0991995122674583,strong
FIB,outer_medullary,Lineage2,94,-0.6540618981809675,-1.9598654903752266,strong
FIB,outer_medullary,Lineage2,95,-0.6636765038984818,-1.8210876525165614,strong
FIB,outer_medullary,Lineage2,96,-0.6705709181033945,-1.6830963319716508,strong
FIB,outer_medullary,Lineage2,97,-0.6748622266546312,-1.546121862020681,strong
FIB,outer_medullary,Lineage2,98,-0.6766675154111176,-1.410394575943839,strong
FIB,outer_medullary,Lineage2,99,-0.6761038702317789,-1.2761448070213115,strong
FIB,outer_medullary,Lineage2,100,-0.673288376975541,-1.1436028885332863,strong
FIB,outer_medullary,Lineage2,101,-0.6683381215013294,-1.0129991537599499,strong
FIB,outer_medullary,Lineage2,102,-0.6613701896680693,-0.884563935981487,strong
FIB,outer_medullary,Lineage2,103,-0.6525016673346867,-0.7585275684780882,strong
FIB,outer_medullary,Lineage2,104,-0.6418496403601069,-0.6351203845299392,strong
FIB,outer_medullary,Lineage2,105,-0.6295311946032556,-0.5145727174172268,strong
FIB,outer_medullary,Lineage2,106,-0.6156634159230582,-0.39711490042013736,strong
FIB,outer_medullary,Lineage2,107,-0.6003633901784403,-0.28297726681885826,strong
FIB,outer_medullary,Lineage2,108,-0.5837482032283273,-0.17239014989357632,strong
FIB,outer_medullary,Lineage2,109,-0.565934940931645,-0.06558388292447874,strong
FIB,outer_medullary,Lineage2,110,-0.5470406891473187,0.037211200808248385,strong
FIB,outer_medullary,Lineage2,111,-0.5271825337342744,0.1357647680244173,strong
FIB,outer_medullary,Lineage2,112,-0.5064775605514371,0.22984648544384162,strong
FIB,outer_medullary,Lineage2,113,-0.4850428554577323,0.31922601978633497,strong
FIB,outer_medullary,Lineage2,114,-0.46299550431208614,0.4036730377717087,strong
FIB,outer_medullary,Lineage2,115,-0.4404525929734238,0.48295720611977666,strong
FIB,outer_medullary,Lineage2,116,-0.4175312073006709,0.5568481915503521,strong
FIB,outer_medullary,Lineage2,117,-0.394348433152753,0.6251156607832479,strong
FIB,outer_medullary,Lineage2,118,-0.37102135638859557,0.6875292805382774,strong
FIB,outer_medullary,Lineage2,119,-0.3476670628671242,0.7438587175352538,strong
FIB,outer_medullary,Lineage2,120,-0.32440263844726425,0.7938736384939897,strong
FIB,outer_medullary,Lineage2,121,-0.30134516898794156,0.8373437101342988,strong
FIB,outer_medullary,Lineage2,122,-0.27861174034808156,0.8740385991759937,strong
FIB,outer_medullary,Lineage2,123,-0.25631943838660953,0.9037279723388877,strong
FIB,outer_medullary,Lineage2,124,-0.23458534896245153,0.9261814963427936,strong
FIB,outer_medullary,Lineage2,125,-0.21352655793453318,0.9411688379075244,strong
FIB,outer_medullary,Lineage2,126,-0.19326015116177908,0.9484596637528934,strong
FIB,outer_medullary,Lineage2,127,-0.17390321450311597,0.947823640598714,strong
FIB,outer_medullary,Lineage2,128,-0.1555728338174683,0.9390304351647987,strong
FIB,outer_medullary,Lineage2,129,-0.13838609496376217,0.921849714170961,strong
FIB,outer_medullary,Lineage2,130,-0.12246008380092352,0.8960511443370142,strong
FIB,outer_medullary,Lineage2,131,-0.10791188618787712,0.8614043923827697,strong
FIB,outer_medullary,Lineage2,132,-0.09485858798354918,0.8176791250280435,strong
FIB,outer_medullary,Lineage2,133,-0.08341727504686461,0.7646450089926456,strong
FIB,outer_medullary,Lineage2,134,-0.0737050332367496,0.7020717109963917,strong
FIB,outer_medullary,Lineage2,135,-0.06583894841212912,0.6297288977590925,strong
FIB,outer_medullary,Lineage2,136,-0.05993609370449929,0.5473862735521946,strong
FIB,outer_medullary,Lineage2,137,-0.05597548254611536,0.45522088072410494,strong
FIB,outer_medullary,Lineage2,138,-0.05345679101634736,0.3548240219513294,strong
FIB,outer_medullary,Lineage2,139,-0.051775734787977694,0.24809372976949753,strong
FIB,outer_medullary,Lineage2,140,-0.05032802953378903,0.1369280367142468,strong
FIB,outer_medullary,Lineage2,141,-0.048509390926563936,0.023224975321216083,strong
FIB,outer_medullary,Lineage2,142,-0.04571553463908487,-0.0911174218739661,strong
FIB,outer_medullary,Lineage2,143,-0.041342176344134625,-0.20420112233565887,strong
FIB,outer_medullary,Lineage2,144,-0.03478503171449551,-0.3141280935282335,strong
FIB,outer_medullary,Lineage2,145,-0.025439816422950443,-0.41900030291604856,strong
FIB,outer_medullary,Lineage2,146,-0.01270224614228152,-0.516919717963475,strong
FIB,outer_medullary,Lineage2,147,0.004031963454728039,-0.6059883061348723,strong
FIB,outer_medullary,Lineage2,148,0.02536709669529652,-0.6843080348946106,strong
FIB,outer_medullary,Lineage2,149,0.05190743790664025,-0.7499808717070506,strong
FIB,outer_medullary,Lineage2,150,0.08425727141597802,-0.8011087840365608,strong
FIB,outer_medullary,Lineage2,151,0.1230208815505267,-0.8357937393475043,strong
FIB,outer_medullary,Lineage2,152,0.16880255263750235,-0.8521377051042454,strong
FIB,outer_medullary,Lineage2,153,0.22220656900412486,-0.8482426487711504,strong
FIB,outer_medullary,Lineage2,154,0.2832091119350813,-0.8229205960515991,strong
FIB,outer_medullary,Lineage2,155,0.3485975042462278,-0.7785885149522846,strong
FIB,outer_medullary,Lineage2,156,0.41414953874812716,-0.7188046274609412,strong
FIB,outer_medullary,Lineage2,157,0.4756426087906558,-0.6471276071478206,strong
FIB,outer_medullary,Lineage2,158,0.5288598128078046,-0.5671126780071001,strong
FIB,outer_medullary,Lineage2,159,0.5709014303384434,-0.4815186311782194,strong
FIB,outer_medullary,Lineage2,160,0.601861286132842,-0.3912942122801825,strong
FIB,outer_medullary,Lineage2,161,0.6222468730579012,-0.29713804272521693,strong
FIB,outer_medullary,Lineage2,162,0.6325656839805234,-0.19974874392554215,strong
FIB,outer_medullary,Lineage2,163,0.6333252117676097,-0.09982493729338841,strong
FIB,outer_medullary,Lineage2,164,0.6250329492860613,0.0019347557590252767,strong
FIB,outer_medullary,Lineage2,165,0.6081963894027802,0.10483171381946862,strong
FIB,outer_medullary,Lineage2,166,0.5833230249846668,0.2081673154757226,strong
FIB,outer_medullary,Lineage2,167,0.5509203488986238,0.3112429393155566,strong
FIB,outer_medullary,Lineage2,168,0.5114958540115507,0.41335996392675184,strong
FIB,outer_medullary,Lineage2,169,0.4655570331903511,0.5138197678970778,strong
FIB,outer_medullary,Lineage2,170,0.4136113793019239,0.6119237298143156,strong
FIB,outer_medullary,Lineage2,171,0.35616638521317145,0.7069732282662374,strong
FIB,outer_medullary,Lineage2,172,0.29372954379099714,0.7982696418406163,strong
FIB,outer_medullary,Lineage2,173,0.22680834790229876,0.8851143491252326,strong
FIB,outer_medullary,Lineage2,174,0.1559102904139816,0.9668087287078565,strong
FIB,outer_medullary,Lineage2,175,0.08154286419294282,1.042654159176268,strong
FIB,outer_medullary,Lineage2,176,0.004213562106088088,1.1119520191182382,strong
FIB,outer_medullary,Lineage2,177,-0.07557012297968563,1.1740036871215462,strong
FIB,outer_medullary,Lineage2,178,-0.15730069819747244,1.2281105417739644,strong
FIB,outer_medullary,Lineage2,179,-0.2404706706803756,1.27357396166327,strong
FIB,outer_medullary,Lineage2,180,-0.324572547561489,1.3096953253772365,strong
FIB,outer_medullary,Lineage2,181,-0.4090988359739161,1.3357760115036412,strong
FIB,outer_medullary,Lineage2,182,-0.493542043050753,1.3511173986302583,strong
FIB,outer_medullary,Lineage2,183,-0.5773946759250963,1.355020865344863,strong
FIB,outer_medullary,Lineage2,184,-0.660149241730049,1.3467877902352305,strong
FIB,outer_medullary,Lineage2,185,-0.7412982475987052,1.325719551889137,strong
FIB,outer_medullary,Lineage2,186,-0.8203745013489111,1.2913689641639117,strong
FIB,outer_medullary,Lineage2,187,-0.8973644615100163,1.246119159797591,strong
FIB,outer_medullary,Lineage2,188,-0.9725403664291532,1.1941362468293402,strong
FIB,outer_medullary,Lineage2,189,-1.0461789169114286,1.139614174495892,strong
FIB,outer_medullary,Lineage2,190,-1.1185568137619575,1.0867468920339725,strong
FIB,outer_medullary,Lineage2,191,-1.1899507577858464,1.0397283486803142,strong
FIB,outer_medullary,Lineage2,192,-1.2606374497882098,1.0027524936716439,strong
FIB,outer_medullary,Lineage2,193,-1.330893590574157,0.9800132762446927,strong
FIB,outer_medullary,Lineage2,194,-1.4009961409507101,0.975699742182083,strong
FIB,outer_medullary,Lineage2,195,-1.4713208502062423,0.9921378556518033,strong
FIB,outer_medullary,Lineage2,196,-1.5424906001041894,1.0269928353137294,strong
FIB,outer_medullary,Lineage2,197,-1.6151662878149542,1.077212955860066,strong
FIB,outer_medullary,Lineage2,198,-1.6900088105089304,1.1397464919830118,strong
FIB,outer_medullary,Lineage2,199,-1.7675893346962386,1.2116326699781,strong
FIB,outer_medullary,Lineage2,200,-1.8476911990897524,1.2907092637173634,strong
FIB,outer_medullary,Lineage2,201,-1.9296891777149068,1.375228170999607,strong
FIB,outer_medullary,Lineage2,202,-2.012954579996873,1.4634448013658439,strong
FIB,outer_medullary,Lineage2,203,-2.0968587153608325,1.553614564357097,strong
FIB,outer_medullary,Lineage2,204,-2.1807728932319597,1.643992869514383,strong
FIB,outer_medullary,Lineage2,205,-2.2640684230354293,1.732835126378717,strong
FIB,outer_medullary,Lineage2,206,-2.346116614196421,1.8183967444911215,strong
FIB,outer_medullary,Lineage2,207,-2.4262887761401086,1.8989331333926112,strong
FIB,outer_medullary,Lineage2,208,-2.503956218291672,1.9726997026242075,strong
FIB,outer_medullary,Lineage2,209,-2.578490250076284,2.0379518617269254,strong
FIB,outer_medullary,Lineage2,210,-2.6492621809191257,2.0929450202417867,strong
FIB,outer_medullary,Lineage2,211,-2.715643320245368,2.1359345877098055,strong
FIB,outer_medullary,Lineage2,212,-2.777004977480194,2.165175973672004,strong
FIB,outer_medullary,Lineage2,213,-2.832718462048774,2.178924587669397,strong
FIB,outer_medullary,Lineage2,214,-2.882155083376291,2.175435839243006,strong
FIB,outer_medullary,Lineage2,215,-2.924686150887916,2.1529651379338453,strong
FIB,outer_medullary,Lineage2,216,-2.9596829740088277,2.1097678932829367,strong
FIB,outer_medullary,Lineage2,217,-2.9865169857640605,2.0441004272654246,strong
FIB,outer_medullary,Lineage2,218,-3.0049660808931926,1.957219627928746,strong
FIB,outer_medullary,Lineage2,219,-3.0161193684736567,1.8600619794911717,strong
FIB,outer_medullary,Lineage2,220,-3.0213298597857623,1.765512134886548,strong
FIB,outer_medullary,Lineage2,221,-3.02195056610982,1.6864547470487072,strong
FIB,outer_medullary,Lineage2,222,-3.0193338219544144,1.6357637634889186,strong
FIB,outer_medullary,Lineage2,223,-3.0145564035344448,1.621954249861692,strong
FIB,outer_medullary,Lineage2,224,-3.0079975038248237,1.6425066450366241,strong
FIB,outer_medullary,Lineage2,225,-2.9999276034340516,1.6931817359170922,strong
FIB,outer_medullary,Lineage2,226,-2.990617182970632,1.7697403094064719,strong
FIB,outer_medullary,Lineage2,227,-2.9803367230430644,1.867943152408134,strong
FIB,outer_medullary,Lineage2,228,-2.9693567042598517,1.9835510518254604,strong
FIB,outer_medullary,Lineage2,229,-2.9579476072294955,2.1123247945618204,strong
FIB,outer_medullary,Lineage2,230,-2.9463799125604972,2.250025167520597,strong
FIB,outer_medullary,Lineage2,231,-2.9349241008613585,2.392412957605157,strong
FIB,outer_medullary,Lineage2,232,-2.923850652740581,2.5352489517188843,strong
FIB,outer_medullary,Lineage2,233,-2.9134300488066667,2.674293936765147,strong
FIB,outer_medullary,Lineage2,234,-2.9039327696681165,2.805308699647328,strong
FIB,outer_medullary,Lineage2,235,-2.8956292959334324,2.924054027268798,strong
FIB,outer_medullary,Lineage2,236,-2.8887901082111167,3.026290706532931,strong
FIB,outer_medullary,Lineage2,237,-2.8836856871096694,3.1077795243431074,strong
FIB,outer_medullary,Lineage2,238,-2.8805865132375943,3.1642812676026986,strong
FIB,outer_medullary,Lineage2,239,-2.8797630672033914,3.1915567232150823,strong
FIB,outer_medullary,Lineage2,240,-2.881485829615563,3.1853666780836343,strong
FIB,outer_medullary,Lineage2,241,-2.8860252810826106,3.1414719191117277,strong
FIB,outer_medullary,Lineage2,242,-2.893651902213036,3.0556332332027427,strong
FIB,outer_medullary,Lineage2,243,-2.904636173615341,2.9236114072600485,strong
FIB,outer_medullary,Lineage2,244,-2.919248575898026,2.7411672281870283,strong
FIB,outer_medullary,Lineage2,245,-2.937759589669595,2.5040614828870478,strong
FIB,outer_medullary,Lineage2,246,-2.9604396955385477,2.208054958263486,strong
FIB,outer_medullary,Lineage2,247,-2.987559374113386,1.8489084412197299,strong
FIB,outer_medullary,Lineage2,248,-3.0193891060026123,1.4223827186591347,strong
FIB,outer_medullary,Lineage2,249,-3.056199371814728,0.9242385774850845,strong
Glomerular,podocyte_PEC,Lineage1,0,13.764776027686768,9.764217725774962,strong
Glomerular,podocyte_PEC,Lineage1,1,13.629811457613199,9.555769267844795,strong
Glomerular,podocyte_PEC,Lineage1,2,13.504448999052007,9.368552911842679,strong
Glomerular,podocyte_PEC,Lineage1,3,13.388267241330112,9.201902747792195,strong
Glomerular,podocyte_PEC,Lineage1,4,13.280844773774437,9.055152865716916,strong
Glomerular,podocyte_PEC,Lineage1,5,13.181760185711887,8.927637355640412,strong
Glomerular,podocyte_PEC,Lineage1,6,13.09059206646939,8.818690307586271,strong
Glomerular,podocyte_PEC,Lineage1,7,13.006919005373861,8.727645811578054,strong
Glomerular,podocyte_PEC,Lineage1,8,12.930319591752221,8.653837957639347,strong
Glomerular,podocyte_PEC,Lineage1,9,12.860372414931385,8.596600835793723,strong
Glomerular,podocyte_PEC,Lineage1,10,12.79665606423827,8.555268536064752,strong
Glomerular,podocyte_PEC,Lineage1,11,12.738749128999798,8.529175148476016,strong
Glomerular,podocyte_PEC,Lineage1,12,12.686230198542884,8.517654763051086,strong
Glomerular,podocyte_PEC,Lineage1,13,12.638677862194443,8.520041469813538,strong
Glomerular,podocyte_PEC,Lineage1,14,12.595670709281407,8.53566935878695,strong
Glomerular,podocyte_PEC,Lineage1,15,12.556787329130673,8.563872519994895,strong
Glomerular,podocyte_PEC,Lineage1,16,12.521606311069176,8.60398504346095,strong
Glomerular,podocyte_PEC,Lineage1,17,12.489706244423829,8.65534101920869,strong
Glomerular,podocyte_PEC,Lineage1,18,12.460665718521545,8.717274537261687,strong
Glomerular,podocyte_PEC,Lineage1,19,12.43406332268925,8.78911968764352,strong
Glomerular,podocyte_PEC,Lineage1,20,12.409477646253855,8.870210560377764,strong
Glomerular,podocyte_PEC,Lineage1,21,12.386487278542283,8.959881245487992,strong
Glomerular,podocyte_PEC,Lineage1,22,12.36467080888145,9.05746583299778,strong
Glomerular,podocyte_PEC,Lineage1,23,12.343606826598272,9.162298412930706,strong
Glomerular,podocyte_PEC,Lineage1,24,12.322873921019674,9.273713075310345,strong
Glomerular,podocyte_PEC,Lineage1,25,12.302050681472561,9.391043910160267,strong
Glomerular,podocyte_PEC,Lineage1,26,12.280715697283867,9.513625007504054,strong
Glomerular,podocyte_PEC,Lineage1,27,12.2584475577805,9.640790457365277,strong
Glomerular,podocyte_PEC,Lineage1,28,12.23482485228938,9.771874349767515,strong
Glomerular,podocyte_PEC,Lineage1,29,12.209425616461054,9.906203916878216,strong
Glomerular,podocyte_PEC,Lineage1,30,12.181732501897313,10.041924960490102,strong
Glomerular,podocyte_PEC,Lineage1,31,12.151025249700316,10.174670025402328,strong
Glomerular,podocyte_PEC,Lineage1,32,12.116557617980407,10.299749830111114,strong
Glomerular,podocyte_PEC,Lineage1,33,12.077583364847907,10.412475093112665,strong
Glomerular,podocyte_PEC,Lineage1,34,12.033356248413167,10.508156532903199,strong
Glomerular,podocyte_PEC,Lineage1,35,11.983130026786508,10.582104867978922,strong
Glomerular,podocyte_PEC,Lineage1,36,11.926158458078273,10.629630816836048,strong
Glomerular,podocyte_PEC,Lineage1,37,11.861695571203274,10.646046176542672,strong
Glomerular,podocyte_PEC,Lineage1,38,11.789557358351134,10.628900956004276,strong
Glomerular,podocyte_PEC,Lineage1,39,11.711304715738596,10.582694843978546,strong
Glomerular,podocyte_PEC,Lineage1,40,11.62883620887305,10.5132724131992,strong
Glomerular,podocyte_PEC,Lineage1,41,11.544050403261878,10.426478236399953,strong
Glomerular,podocyte_PEC,Lineage1,42,11.458845864412455,10.328156886314517,strong
Glomerular,podocyte_PEC,Lineage1,43,11.375040465122963,10.223946255697784,strong
Glomerular,podocyte_PEC,Lineage1,44,11.293323530377762,10.116593663415243,strong
Glomerular,podocyte_PEC,Lineage1,45,11.21355426912772,10.00672023420739,strong
Glomerular,podocyte_PEC,Lineage1,46,11.135572654386957,9.894897823394464,strong
Glomerular,podocyte_PEC,Lineage1,47,11.059218659169593,9.78169828629671,strong
Glomerular,podocyte_PEC,Lineage1,48,10.984332256489743,9.667693478234355,strong
Glomerular,podocyte_PEC,Lineage1,49,10.910753419361528,9.553455254527647,strong
Glomerular,podocyte_PEC,Lineage1,50,10.838322120799067,9.43955547049682,strong
Glomerular,podocyte_PEC,Lineage1,51,10.766878333816479,9.326565981462117,strong
Glomerular,podocyte_PEC,Lineage1,52,10.696262031427878,9.215058642743774,strong
Glomerular,podocyte_PEC,Lineage1,53,10.626313186647385,9.10560530966203,strong
Glomerular,podocyte_PEC,Lineage1,54,10.55687177248912,8.998777837537123,strong
Glomerular,podocyte_PEC,Lineage1,55,10.487777761967205,8.895148081689294,strong
Glomerular,podocyte_PEC,Lineage1,56,10.41887112809575,8.79528789743878,strong
Glomerular,podocyte_PEC,Lineage1,57,10.349991843888882,8.699769140105822,strong
Glomerular,podocyte_PEC,Lineage1,58,10.280979882360711,8.609163665010653,strong
Glomerular,podocyte_PEC,Lineage1,59,10.211675216525363,8.52404332747352,strong
Glomerular,podocyte_PEC,Lineage1,60,10.141917819396951,8.444979982814656,strong
Glomerular,podocyte_PEC,Lineage1,61,10.071547663989598,8.372545486354303,strong
Glomerular,podocyte_PEC,Lineage1,62,10.000404723317422,8.307311693412696,strong
Glomerular,podocyte_PEC,Lineage1,63,9.92832897039454,8.249850459310078,strong
Glomerular,podocyte_PEC,Lineage1,64,9.855160378235071,8.200733639366689,strong
Glomerular,podocyte_PEC,Lineage1,65,9.780738919853132,8.16053308890276,strong
Glomerular,podocyte_PEC,Lineage1,66,9.704904568262842,8.129820663238537,strong
Glomerular,podocyte_PEC,Lineage1,67,9.627497296478325,8.109168217694256,strong
Glomerular,podocyte_PEC,Lineage1,68,9.548357077513693,8.099147607590156,strong
Glomerular,podocyte_PEC,Lineage1,69,9.467323884383067,8.100330688246478,strong
Glomerular,podocyte_PEC,Lineage1,70,9.384237690100566,8.113289314983458,strong
Glomerular,podocyte_PEC,Lineage1,71,9.298938467680303,8.138595343121333,strong
Glomerular,podocyte_PEC,Lineage1,72,9.21126757859133,8.176811823844243,strong
Glomerular,podocyte_PEC,Lineage1,73,9.1213869247715,8.226469274282803,strong
Glomerular,podocyte_PEC,Lineage1,74,9.030186885951807,8.281478963560522,strong
Glomerular,podocyte_PEC,Lineage1,75,8.938658505987757,8.335113853688565,strong
Glomerular,podocyte_PEC,Lineage1,76,8.847792828734859,8.380646906678093,strong
Glomerular,podocyte_PEC,Lineage1,77,8.758458288222437,8.412297065135432,strong
Glomerular,podocyte_PEC,Lineage1,78,8.67088622466526,8.429198688356188,strong
Glomerular,podocyte_PEC,Lineage1,79,8.585101695791728,8.432077682050357,strong
Glomerular,podocyte_PEC,Lineage1,80,8.5011296539301,8.421660765129436,strong
Glomerular,podocyte_PEC,Lineage1,81,8.418995051408622,8.398674656504912,strong
Glomerular,podocyte_PEC,Lineage1,82,8.33872284055555,8.363846075088281,strong
Glomerular,podocyte_PEC,Lineage1,83,8.260337973699137,8.317901739791033,strong
Glomerular,podocyte_PEC,Lineage1,84,8.183865403167642,8.261568369524664,strong
Glomerular,podocyte_PEC,Lineage1,85,8.109330081289313,8.195572683200664,strong
Glomerular,podocyte_PEC,Lineage1,86,8.036756960392404,8.120641399730525,strong
Glomerular,podocyte_PEC,Lineage1,87,7.96617099280517,8.03750123802574,strong
Glomerular,podocyte_PEC,Lineage1,88,7.897597130855864,7.946878916997805,strong
Glomerular,podocyte_PEC,Lineage1,89,7.831060326872739,7.8495011555582055,strong
Glomerular,podocyte_PEC,Lineage1,90,7.76658553318405,7.74609467261844,strong
Glomerular,podocyte_PEC,Lineage1,91,7.704197702118049,7.637386187089998,strong
Glomerular,podocyte_PEC,Lineage1,92,7.643921786002993,7.524102417884376,strong
Glomerular,podocyte_PEC,Lineage1,93,7.585782737167131,7.406970083913061,strong
Glomerular,podocyte_PEC,Lineage1,94,7.529805507938718,7.286715904087548,strong
Glomerular,podocyte_PEC,Lineage1,95,7.47601505064601,7.164066597319332,strong
Glomerular,podocyte_PEC,Lineage1,96,7.424436317617258,7.039748882519902,strong
Glomerular,podocyte_PEC,Lineage1,97,7.375094261180717,6.9144894786007525,strong
Glomerular,podocyte_PEC,Lineage1,98,7.328013833664639,6.789015104473373,strong
Glomerular,podocyte_PEC,Lineage1,99,7.283219987397279,6.664052479049261,strong
Glomerular,podocyte_PEC,Lineage1,100,7.240737674706891,6.540328321239905,strong
Glomerular,podocyte_PEC,Lineage1,101,7.200591847921727,6.418569349956798,strong
Glomerular,podocyte_PEC,Lineage1,102,7.162807459370041,6.299502284111433,strong
Glomerular,podocyte_PEC,Lineage1,103,7.127409461380085,6.183853842615304,strong
Glomerular,podocyte_PEC,Lineage1,104,7.094422806280119,6.072350744379904,strong
Glomerular,podocyte_PEC,Lineage1,105,7.065003334939822,5.966554754598198,strong
Glomerular,podocyte_PEC,Lineage1,106,7.068212567410348,5.888359485319578,strong
Glomerular,podocyte_PEC,Lineage1,107,7.117270667749245,5.8461039955004095,strong
Glomerular,podocyte_PEC,Lineage1,108,7.203162636417436,5.830936998820721,strong
Glomerular,podocyte_PEC,Lineage1,109,7.31679256538359,5.833944948989239,strong
Glomerular,podocyte_PEC,Lineage1,110,7.4490645466163725,5.84621429971468,strong
Glomerular,podocyte_PEC,Lineage1,111,7.590882672084449,5.858831504705768,strong
Glomerular,podocyte_PEC,Lineage1,112,7.73315103375649,5.862883017671226,strong
Glomerular,podocyte_PEC,Lineage1,113,7.86677372360116,5.849455292319771,strong
Glomerular,podocyte_PEC,Lineage1,114,7.9837458046274525,5.81148120174296,strong
Glomerular,podocyte_PEC,Lineage1,115,8.08118125683527,5.7505571556449215,strong
Glomerular,podocyte_PEC,Lineage1,116,8.157694106829373,5.670818325093718,strong
Glomerular,podocyte_PEC,Lineage1,117,8.211898573683932,5.576400206903237,strong
Glomerular,podocyte_PEC,Lineage1,118,8.24240887647312,5.47143829788736,strong
Glomerular,podocyte_PEC,Lineage1,119,8.247840467376799,5.360067300631838,strong
Glomerular,podocyte_PEC,Lineage1,120,8.227817726927865,5.245772079444055,strong
Glomerular,podocyte_PEC,Lineage1,121,8.184797282437973,5.130213283497508,strong
Glomerular,podocyte_PEC,Lineage1,122,8.121729044812069,5.014733844101936,strong
Glomerular,podocyte_PEC,Lineage1,123,8.041562924955093,4.900676692567075,strong
Glomerular,podocyte_PEC,Lineage1,124,7.947248833771986,4.789384760202665,strong
Glomerular,podocyte_PEC,Lineage1,125,7.8417366821676975,4.682200978318449,strong
Glomerular,podocyte_PEC,Lineage1,126,7.727976381047159,4.580468278224156,strong
Glomerular,podocyte_PEC,Lineage1,127,7.608917841315326,4.485529591229535,strong
Glomerular,podocyte_PEC,Lineage1,128,7.48751097387713,4.398727848644316,strong
Glomerular,podocyte_PEC,Lineage1,129,7.36670568963752,4.321405981778242,strong
Glomerular,podocyte_PEC,Lineage1,130,7.24945189950144,4.2549069219410525,strong
Glomerular,podocyte_PEC,Lineage1,131,7.138699514373827,4.200573600442484,strong
Glomerular,podocyte_PEC,Lineage1,132,7.03739844515963,4.159748948592276,strong
Glomerular,podocyte_PEC,Lineage1,133,6.948498602763785,4.133775897700167,strong
Glomerular,podocyte_PEC,Lineage1,134,6.874949898091242,4.123997379075896,strong
Glomerular,podocyte_PEC,Lineage1,135,6.8197022420469375,4.1317563240292,strong
Glomerular,podocyte_PEC,Lineage1,136,6.785705545535817,4.158395663869818,strong
Glomerular,podocyte_PEC,Lineage1,137,6.77590971906672,4.205258329653774,strong
Glomerular,podocyte_PEC,Lineage1,138,6.791831716517803,4.272769395456539,strong
Glomerular,podocyte_PEC,Lineage1,139,6.8293683062117285,4.357754017230715,strong
Glomerular,podocyte_PEC,Lineage1,140,6.883038578809654,4.456154901989781,strong
Glomerular,podocyte_PEC,Lineage1,141,6.947361624972741,4.563914756747212,strong
Glomerular,podocyte_PEC,Lineage1,142,7.016856535362145,4.676976288516488,strong
Glomerular,podocyte_PEC,Lineage1,143,7.086042400639024,4.791282204311087,strong
Glomerular,podocyte_PEC,Lineage1,144,7.14943831146454,4.902775211144487,strong
Glomerular,podocyte_PEC,Lineage1,145,7.201563358499844,5.0073980160301605,strong
Glomerular,podocyte_PEC,Lineage1,146,7.236936632406104,5.101093325981596,strong
Glomerular,podocyte_PEC,Lineage1,147,7.250077223844473,5.179803848012262,strong
Glomerular,podocyte_PEC,Lineage1,148,7.23550951550511,5.239475755688946,strong
Glomerular,podocyte_PEC,Lineage1,149,7.190127052927234,5.277607147048883,strong
Glomerular,podocyte_PEC,Lineage1,150,7.1169163179653445,5.295687309239999,strong
Glomerular,podocyte_PEC,Lineage1,151,7.019829798243318,5.295838313261566,strong
Glomerular,podocyte_PEC,Lineage1,152,6.902819981385034,5.280182230112853,strong
Glomerular,podocyte_PEC,Lineage1,153,6.769839355014362,5.25084113079313,strong
Glomerular,podocyte_PEC,Lineage1,154,6.624840406755182,5.209937086301669,strong
Glomerular,podocyte_PEC,Lineage1,155,6.471775624231364,5.159592167637738,strong
Glomerular,podocyte_PEC,Lineage1,156,6.31459749506679,5.10192844580061,strong
Glomerular,podocyte_PEC,Lineage1,157,6.157258506885327,5.039067991789552,strong
Glomerular,podocyte_PEC,Lineage1,158,6.00371114731086,4.973132876603839,strong
Glomerular,podocyte_PEC,Lineage1,159,5.857907903967255,4.9062451712427375,strong
Glomerular,podocyte_PEC,Lineage1,160,5.723801264478389,4.840526946705517,strong
Glomerular,podocyte_PEC,Lineage1,161,5.605343716468144,4.778100273991452,strong
Glomerular,podocyte_PEC,Lineage1,162,5.506487747560387,4.72108722409981,strong
Glomerular,podocyte_PEC,Lineage1,163,5.431185845378997,4.6716098680298614,strong
Glomerular,podocyte_PEC,Lineage1,164,5.3833904975478495,4.631790276780877,strong
Glomerular,podocyte_PEC,Lineage1,165,5.367054191690818,4.6037505213521275,strong
Glomerular,podocyte_PEC,Lineage1,166,5.386129415431779,4.589612672742882,strong
Glomerular,podocyte_PEC,Lineage1,167,5.4442219604820945,4.591431304889745,strong
Glomerular,podocyte_PEC,Lineage1,168,5.536060403637382,4.609532716575663,strong
Glomerular,podocyte_PEC,Lineage1,169,5.646963294417861,4.642411199981322,strong
Glomerular,podocyte_PEC,Lineage1,170,5.761795810452381,4.688472781836741,strong
Glomerular,podocyte_PEC,Lineage1,171,5.8654231293697805,4.746123488871936,strong
Glomerular,podocyte_PEC,Lineage1,172,5.942710428798899,4.813769347816921,strong
Glomerular,podocyte_PEC,Lineage1,173,5.97960553658112,4.889774041354578,strong
Glomerular,podocyte_PEC,Lineage1,174,5.974029402605421,4.972032965699513,strong
Glomerular,podocyte_PEC,Lineage1,175,5.931346258087168,5.05815039935195,strong
Glomerular,podocyte_PEC,Lineage1,176,5.857032341248576,5.145726240052812,strong
Glomerular,podocyte_PEC,Lineage1,177,5.756563890311854,5.232360385543035,strong
Glomerular,podocyte_PEC,Lineage1,178,5.635417143499222,5.31565273356354,strong
Glomerular,podocyte_PEC,Lineage1,179,5.49906833903288,5.3932031818552595,strong
Glomerular,podocyte_PEC,Lineage1,180,5.352993715135053,5.462611628159119,strong
Glomerular,podocyte_PEC,Lineage1,181,5.202669510027943,5.521477970216049,strong
Glomerular,podocyte_PEC,Lineage1,182,5.053571961933767,5.567402105766978,strong
Glomerular,podocyte_PEC,Lineage1,183,4.9111773090747395,5.597983932552829,strong
Glomerular,podocyte_PEC,Lineage1,184,4.780961789673067,5.610823348314534,strong
Glomerular,podocyte_PEC,Lineage1,185,4.668401641950968,5.603520250793024,strong
Glomerular,podocyte_PEC,Lineage1,186,4.5789731041306485,5.573674537729222,strong
Glomerular,podocyte_PEC,Lineage1,187,4.5181524144343275,5.518886106864059,strong
Glomerular,podocyte_PEC,Lineage1,188,4.491329005906399,5.436824314608946,strong
Glomerular,podocyte_PEC,Lineage1,189,4.498650999223354,5.329352444486974,strong
Glomerular,podocyte_PEC,Lineage1,190,4.532123447880842,5.204849596638277,strong
Glomerular,podocyte_PEC,Lineage1,191,4.583048697222727,5.0722571553338565,strong
Glomerular,podocyte_PEC,Lineage1,192,4.642729092592878,4.9405165048447,strong
Glomerular,podocyte_PEC,Lineage1,193,4.7024669793351626,4.818569029441806,strong
Glomerular,podocyte_PEC,Lineage1,194,4.7535647027934465,4.715356113396176,strong
Glomerular,podocyte_PEC,Lineage1,195,4.787324608311598,4.639819140978797,strong
Glomerular,podocyte_PEC,Lineage1,196,4.795049041233481,4.600899496460668,strong
Glomerular,podocyte_PEC,Lineage1,197,4.76841049297593,4.606998774323081,strong
Glomerular,podocyte_PEC,Lineage1,198,4.707486731748746,4.65426102284084,strong
Glomerular,podocyte_PEC,Lineage1,199,4.620701191421849,4.726659675926794,strong
Glomerular,podocyte_PEC,Lineage1,200,4.516835529522232,4.80764576434909,strong
Glomerular,podocyte_PEC,Lineage1,201,4.404671403576875,4.88067031887588,strong
Glomerular,podocyte_PEC,Lineage1,202,4.292990471112772,4.929184370275308,strong
Glomerular,podocyte_PEC,Lineage1,203,4.1905743896569065,4.936638949315526,strong
Glomerular,podocyte_PEC,Lineage1,204,4.10453428613246,4.890518046161133,strong
Glomerular,podocyte_PEC,Lineage1,205,4.0253151018010875,4.818540801361648,strong
Glomerular,podocyte_PEC,Lineage1,206,3.9357985270598514,4.767267143337775,strong
Glomerular,podocyte_PEC,Lineage1,207,3.8345210785295114,4.750024483137795,strong
Glomerular,podocyte_PEC,Lineage1,208,3.727456983069528,4.7643355625768535,strong
Glomerular,podocyte_PEC,Lineage1,209,3.6206242519331515,4.807630084370812,strong
Glomerular,podocyte_PEC,Lineage1,210,3.5200408963736205,4.877337751235541,strong
Glomerular,podocyte_PEC,Lineage1,211,3.431724927644188,4.970888265886907,strong
Glomerular,podocyte_PEC,Lineage1,212,3.3616943569980924,5.085711331040775,strong
Glomerular,podocyte_PEC,Lineage1,213,3.3150230297899914,5.218265805006801,strong
Glomerular,podocyte_PEC,Lineage1,214,3.288891246604399,5.356893960019355,strong
Glomerular,podocyte_PEC,Lineage1,215,3.2765484138354264,5.485896102126709,strong
Glomerular,podocyte_PEC,Lineage1,216,3.271215229602455,5.589543017916655,strong
Glomerular,podocyte_PEC,Lineage1,217,3.266112392024872,5.652105493976997,strong
Glomerular,podocyte_PEC,Lineage1,218,3.2545158815842603,5.658276943297616,strong
Glomerular,podocyte_PEC,Lineage1,219,3.2316168861177483,5.607392287691585,strong
Glomerular,podocyte_PEC,Lineage1,220,3.1949670761522926,5.516832029274354,strong
Glomerular,podocyte_PEC,Lineage1,221,3.1422636813214675,5.405089450423907,strong
Glomerular,podocyte_PEC,Lineage1,222,3.0712039312588586,5.290657833518253,strong
Glomerular,podocyte_PEC,Lineage1,223,2.97948505559804,5.192030460935376,strong
Glomerular,podocyte_PEC,Lineage1,224,2.8648042839725965,5.12770061505328,strong
Glomerular,podocyte_PEC,Lineage1,225,2.7256343587290908,5.114745924104437,strong
Glomerular,podocyte_PEC,Lineage1,226,2.572772693495639,5.1477460331166105,strong
Glomerular,podocyte_PEC,Lineage1,227,2.426886922487889,5.203263063409839,strong
Glomerular,podocyte_PEC,Lineage1,228,2.3089217005241154,5.257353451022739,strong
Glomerular,podocyte_PEC,Lineage1,229,2.239821682422606,5.286073631993913,strong
Glomerular,podocyte_PEC,Lineage1,230,2.240531523001642,5.265480042361977,strong
Glomerular,podocyte_PEC,Lineage1,231,2.311092223184591,5.187786990760473,strong
Glomerular,podocyte_PEC,Lineage1,232,2.3541267749418506,5.120581942353601,strong
Glomerular,podocyte_PEC,Lineage1,233,2.3083400734099655,5.106371339421853,strong
Glomerular,podocyte_PEC,Lineage1,234,2.197510506462288,5.125555901135721,strong
Glomerular,podocyte_PEC,Lineage1,235,2.051112290371328,5.154378240194693,strong
Glomerular,podocyte_PEC,Lineage1,236,1.8986196414096022,5.1690809692982596,strong
Glomerular,podocyte_PEC,Lineage1,237,1.7662199684675588,5.149119939045294,strong
Glomerular,podocyte_PEC,Lineage1,238,1.6578913295979187,5.095663233073459,strong
Glomerular,podocyte_PEC,Lineage1,239,1.568417622336956,5.018867300199878,strong
Glomerular,podocyte_PEC,Lineage1,240,1.492553383732727,4.928917292546311,strong
Glomerular,podocyte_PEC,Lineage1,241,1.4250531508332764,4.835998362234508,strong
Glomerular,podocyte_PEC,Lineage1,242,1.360671460686658,4.750295661386227,strong
Glomerular,podocyte_PEC,Lineage1,243,1.2941628503409184,4.681994342123219,strong
Glomerular,podocyte_PEC,Lineage1,244,1.2202818568441107,4.641279556567242,strong
Glomerular,podocyte_PEC,Lineage1,245,1.1337940238507513,4.638304247416499,strong
Glomerular,podocyte_PEC,Lineage1,246,1.0338021426860373,4.670528957796568,strong
Glomerular,podocyte_PEC,Lineage1,247,0.9303277834660133,4.703461823734969,strong
Glomerular,podocyte_PEC,Lineage1,248,0.8350837558178656,4.697661785529933,strong
Glomerular,podocyte_PEC,Lineage1,249,0.7597828693687916,4.6136877834796906,strong
Glomerular,podocyte_PEC,Lineage2,0,13.592474715950141,10.139142585628834,strong
Glomerular,podocyte_PEC,Lineage2,1,13.492962386026509,10.182278852446368,strong
Glomerular,podocyte_PEC,Lineage2,2,13.39196466596233,10.216457257733975,strong
Glomerular,podocyte_PEC,Lineage2,3,13.28989346532167,10.241680520717766,strong
Glomerular,podocyte_PEC,Lineage2,4,13.187160693668575,10.257951360623844,strong
Glomerular,podocyte_PEC,Lineage2,5,13.084178260567105,10.265272496678316,strong
Glomerular,podocyte_PEC,Lineage2,6,12.981358075581305,10.263646648107278,strong
Glomerular,podocyte_PEC,Lineage2,7,12.879112048275234,10.253076534136838,strong
Glomerular,podocyte_PEC,Lineage2,8,12.77785208821294,10.233564873993098,strong
Glomerular,podocyte_PEC,Lineage2,9,12.677990104958479,10.205114386902165,strong
Glomerular,podocyte_PEC,Lineage2,10,12.579938008075906,10.16772779209014,strong
Glomerular,podocyte_PEC,Lineage2,11,12.484107707129274,10.12140780878313,strong
Glomerular,podocyte_PEC,Lineage2,12,12.390911111682632,10.066157156207238,strong
Glomerular,podocyte_PEC,Lineage2,13,12.300760131300034,10.001978553588561,strong
Glomerular,podocyte_PEC,Lineage2,14,12.214066675545535,9.928874720153209,strong
Glomerular,podocyte_PEC,Lineage2,15,12.131242653983188,9.846848375127285,strong
Glomerular,podocyte_PEC,Lineage2,16,12.052699976177044,9.755902237736894,strong
Glomerular,podocyte_PEC,Lineage2,17,11.978850551691162,9.656039027208138,strong
Glomerular,podocyte_PEC,Lineage2,18,11.910094311497357,9.547374069306144,strong
Glomerular,podocyte_PEC,Lineage2,19,11.846715776515797,9.431107619163399,strong
Glomerular,podocyte_PEC,Lineage2,20,11.788934960433766,9.309046341755677,strong
Glomerular,podocyte_PEC,Lineage2,21,11.736971171863216,9.183003530224362,strong
Glomerular,podocyte_PEC,Lineage2,22,11.691043719416102,9.05479247771083,strong
Glomerular,podocyte_PEC,Lineage2,23,11.651371911704384,8.926226477356469,strong
Glomerular,podocyte_PEC,Lineage2,24,11.61817505734001,8.799118822302658,strong
Glomerular,podocyte_PEC,Lineage2,25,11.591672464934941,8.67528280569078,strong
Glomerular,podocyte_PEC,Lineage2,26,11.57208344310113,8.556531720662216,strong
Glomerular,podocyte_PEC,Lineage2,27,11.55962730045053,8.444678860358348,strong
Glomerular,podocyte_PEC,Lineage2,28,11.554523345595097,8.341537517920559,strong
Glomerular,podocyte_PEC,Lineage2,29,11.556990887146785,8.24892098649023,strong
Glomerular,podocyte_PEC,Lineage2,30,11.567249233717547,8.16864255920874,strong
Glomerular,podocyte_PEC,Lineage2,31,11.585517693919343,8.102515529217477,strong
Glomerular,podocyte_PEC,Lineage2,32,11.612015576364126,8.05235318965782,strong
Glomerular,podocyte_PEC,Lineage2,33,11.646961916074842,8.019966598539897,strong
Glomerular,podocyte_PEC,Lineage2,34,11.690461618040734,8.006234409416107,strong
Glomerular,podocyte_PEC,Lineage2,35,11.74232948069575,8.009665201665271,strong
Glomerular,podocyte_PEC,Lineage2,36,11.802334889470512,8.028396545516634,strong
Glomerular,podocyte_PEC,Lineage2,37,11.870247229795645,8.060566011199452,strong
Glomerular,podocyte_PEC,Lineage2,38,11.945835887101762,8.104311168942964,strong
Glomerular,podocyte_PEC,Lineage2,39,12.028870246819489,8.157769588976421,strong
Glomerular,podocyte_PEC,Lineage2,40,12.119119694379442,8.219078841529074,strong
Glomerular,podocyte_PEC,Lineage2,41,12.216353615212242,8.286376496830165,strong
Glomerular,podocyte_PEC,Lineage2,42,12.320341394748509,8.357800125108946,strong
Glomerular,podocyte_PEC,Lineage2,43,12.430852418418864,8.431487296594666,strong
Glomerular,podocyte_PEC,Lineage2,44,12.547656071653927,8.505575581516567,strong
Glomerular,podocyte_PEC,Lineage2,45,12.670521739884313,8.578202550103898,strong
Glomerular,podocyte_PEC,Lineage2,46,12.799218808540648,8.64750577258591,strong
Glomerular,podocyte_PEC,Lineage2,47,12.933516663053547,8.71162281919185,strong
Glomerular,podocyte_PEC,Lineage2,48,13.072992881567268,8.768621512979966,strong
Glomerular,podocyte_PEC,Lineage2,49,13.213178632211635,8.815098274870682,strong
Glomerular,podocyte_PEC,Lineage2,50,13.345751706708045,8.846248316746042,strong
Glomerular,podocyte_PEC,Lineage2,51,13.462236725131337,8.857211152452699,strong
Glomerular,podocyte_PEC,Lineage2,52,13.554158307556328,8.843126295837298,strong
Glomerular,podocyte_PEC,Lineage2,53,13.613041074057834,8.79913326074648,strong
Glomerular,podocyte_PEC,Lineage2,54,13.63126639467104,8.72095205043547,strong
Glomerular,podocyte_PEC,Lineage2,55,13.617356434179792,8.615238834872265,strong
Glomerular,podocyte_PEC,Lineage2,56,13.594211832471963,8.498391894203554,strong
Glomerular,podocyte_PEC,Lineage2,57,13.585236037840271,8.387150185514528,strong
Glomerular,podocyte_PEC,Lineage2,58,13.613725816150945,8.298176313170856,strong
Glomerular,podocyte_PEC,Lineage2,59,13.688612791263148,8.237851735011477,strong
Glomerular,podocyte_PEC,Lineage2,60,13.790109441273238,8.192003587479512,strong
Glomerular,podocyte_PEC,Lineage2,61,13.89501121489856,8.144013435668038,strong
Glomerular,podocyte_PEC,Lineage2,62,13.9838112697422,8.08021755147463,strong
Glomerular,podocyte_PEC,Lineage2,63,14.053331989320988,8.000000306690698,strong
Glomerular,podocyte_PEC,Lineage2,64,14.104901838857915,7.906346721695796,strong
Glomerular,podocyte_PEC,Lineage2,65,14.139849430012273,7.802241933881484,strong
Glomerular,podocyte_PEC,Lineage2,66,14.159503374443341,7.690671080639314,strong
Glomerular,podocyte_PEC,Lineage2,67,14.165192283810416,7.574619299360846,strong
Glomerular,podocyte_PEC,Lineage2,68,14.158244769772782,7.457071727437633,strong
Glomerular,podocyte_PEC,Lineage2,69,14.139989443989723,7.341013502261233,strong
Glomerular,podocyte_PEC,Lineage2,70,14.111546264137617,7.229475835303969,strong
Glomerular,podocyte_PEC,Lineage2,71,14.07247798503114,7.125833792918942,strong
Glomerular,podocyte_PEC,Lineage2,72,14.021643458021266,7.033617874413795,strong
Glomerular,podocyte_PEC,Lineage2,73,13.957898084404308,6.956359340922476,strong
Glomerular,podocyte_PEC,Lineage2,74,13.880319702965496,6.8971752251570155,strong
Glomerular,podocyte_PEC,Lineage2,75,13.790273192290082,6.854923579511096,strong
Glomerular,podocyte_PEC,Lineage2,76,13.690468433038417,6.825957761284852,strong
Glomerular,podocyte_PEC,Lineage2,77,13.583632526629271,6.806599058869404,strong
Glomerular,podocyte_PEC,Lineage2,78,13.47249257448142,6.793168760655882,strong
Glomerular,podocyte_PEC,Lineage2,79,13.359775678013643,6.781988155035417,strong
Glomerular,podocyte_PEC,Lineage2,80,13.248208938644714,6.769378530399131,strong
Glomerular,podocyte_PEC,Lineage2,81,13.14051945779341,6.751661175138156,strong
Glomerular,podocyte_PEC,Lineage2,82,13.0394343368785,6.725157377643616,strong
Glomerular,podocyte_PEC,Lineage2,83,12.947680677318766,6.686188426306639,strong
Glomerular,podocyte_PEC,Lineage2,84,12.867481969192287,6.631742160029833,strong
Glomerular,podocyte_PEC,Lineage2,85,12.798056464015712,6.562783975682329,strong
Glomerular,podocyte_PEC,Lineage2,86,12.737512362374442,6.481748468612724,strong
Glomerular,podocyte_PEC,Lineage2,87,12.68395609314825,6.391072579095546,strong
Glomerular,podocyte_PEC,Lineage2,88,12.635494085216907,6.293193247405323,strong
Glomerular,podocyte_PEC,Lineage2,89,12.590232767460181,6.1905474138165815,strong
Glomerular,podocyte_PEC,Lineage2,90,12.546278568757845,6.085572018603853,strong
Glomerular,podocyte_PEC,Lineage2,91,12.501737917989672,5.98070400204166,strong
Glomerular,podocyte_PEC,Lineage2,92,12.454717244035432,5.878380304404537,strong
Glomerular,podocyte_PEC,Lineage2,93,12.403322975774898,5.781037865967009,strong
Glomerular,podocyte_PEC,Lineage2,94,12.34566154208784,5.691113627003604,strong
Glomerular,podocyte_PEC,Lineage2,95,12.27983937185403,5.61104452778885,strong
Glomerular,podocyte_PEC,Lineage2,96,12.203962893953237,5.543267508597276,strong
Glomerular,podocyte_PEC,Lineage2,97,12.11663506688234,5.489839518892964,strong
Glomerular,podocyte_PEC,Lineage2,98,12.019508821591696,5.450483384525788,strong
Glomerular,podocyte_PEC,Lineage2,99,11.915394410034274,5.424036241286907,strong
Glomerular,podocyte_PEC,Lineage2,100,11.807104299489335,5.409333529593011,strong
Glomerular,podocyte_PEC,Lineage2,101,11.697450957236141,5.4052106898607954,strong
Glomerular,podocyte_PEC,Lineage2,102,11.589246850553954,5.410503162506953,strong
Glomerular,podocyte_PEC,Lineage2,103,11.485038295356572,5.424068256471275,strong
Glomerular,podocyte_PEC,Lineage2,104,11.385110928864945,5.4449490310244775,strong
Glomerular,podocyte_PEC,Lineage2,105,11.288609625352397,5.47228227706561,strong
Glomerular,podocyte_PEC,Lineage2,106,11.194670503420738,5.505205504909931,strong
Glomerular,podocyte_PEC,Lineage2,107,11.102429681671785,5.542856224872693,strong
Glomerular,podocyte_PEC,Lineage2,108,11.01102327870735,5.584371947269151,strong
Glomerular,podocyte_PEC,Lineage2,109,10.919587413129248,5.628890182414558,strong
Glomerular,podocyte_PEC,Lineage2,110,10.8272582035393,5.6755484406241745,strong
Glomerular,podocyte_PEC,Lineage2,111,10.73317176853931,5.7234842322132495,strong
Glomerular,podocyte_PEC,Lineage2,112,10.6364642267311,5.77183506749704,strong
Glomerular,podocyte_PEC,Lineage2,113,10.536271696716481,5.819738456790802,strong
Glomerular,podocyte_PEC,Lineage2,114,10.431730297097268,5.866331910409786,strong
Glomerular,podocyte_PEC,Lineage2,115,10.321976146475278,5.910752938669253,strong
Glomerular,podocyte_PEC,Lineage2,116,10.206349158513909,5.952278273487789,strong
Glomerular,podocyte_PEC,Lineage2,117,10.085292213637583,5.990938133152586,strong
Glomerular,podocyte_PEC,Lineage2,118,9.959619612035139,6.027016469553164,strong
Glomerular,podocyte_PEC,Lineage2,119,9.83014593534926,6.060797426852863,strong
Glomerular,podocyte_PEC,Lineage2,120,9.697685765222625,6.092565149215024,strong
Glomerular,podocyte_PEC,Lineage2,121,9.563053683297925,6.122603780802989,strong
Glomerular,podocyte_PEC,Lineage2,122,9.427064271217839,6.1511974657801,strong
Glomerular,podocyte_PEC,Lineage2,123,9.290532110625046,6.178630348309691,strong
Glomerular,podocyte_PEC,Lineage2,124,9.154271783162233,6.205186572555109,strong
Glomerular,podocyte_PEC,Lineage2,125,9.019097870472091,6.231150282679697,strong
Glomerular,podocyte_PEC,Lineage2,126,8.885824954197293,6.256805622846791,strong
Glomerular,podocyte_PEC,Lineage2,127,8.755267615980529,6.282436737219734,strong
Glomerular,podocyte_PEC,Lineage2,128,8.628240437464472,6.308327769961866,strong
Glomerular,podocyte_PEC,Lineage2,129,8.505558000291813,6.334762865236528,strong
Glomerular,podocyte_PEC,Lineage2,130,8.38803488610524,6.362026167207062,strong
Glomerular,podocyte_PEC,Lineage2,131,8.276485676547429,6.390401820036811,strong
Glomerular,podocyte_PEC,Lineage2,132,8.171724953261062,6.420173967889108,strong
Glomerular,podocyte_PEC,Lineage2,133,8.074567297888828,6.451626754927301,strong
Glomerular,podocyte_PEC,Lineage2,134,7.985827292073411,6.485044325314731,strong
Glomerular,podocyte_PEC,Lineage2,135,7.906319517457487,6.520710823214737,strong
Glomerular,podocyte_PEC,Lineage2,136,7.8368585556837465,6.558910392790659,strong
Glomerular,podocyte_PEC,Lineage2,137,7.778258988394865,6.599927178205838,strong
Glomerular,podocyte_PEC,Lineage2,138,7.731335397233535,6.644045323623617,strong
Glomerular,podocyte_PEC,Lineage2,139,7.696902363842434,6.691548973207336,strong
Glomerular,podocyte_PEC,Lineage2,140,7.675774469864248,6.742722271120337,strong
Glomerular,podocyte_PEC,Lineage2,141,7.668766296941656,6.797849361525957,strong
Glomerular,podocyte_PEC,Lineage2,142,7.67668645419089,6.857209714734105,strong
Glomerular,podocyte_PEC,Lineage2,143,7.699748443131808,6.920617094338402,strong
Glomerular,podocyte_PEC,Lineage2,144,7.737072930158897,6.987030056133437,strong
Glomerular,podocyte_PEC,Lineage2,145,7.7876633832985425,7.055315441293628,strong
Glomerular,podocyte_PEC,Lineage2,146,7.850523270577143,7.1243400909934005,strong
Glomerular,podocyte_PEC,Lineage2,147,7.924656060021079,7.192970846407171,strong
Glomerular,podocyte_PEC,Lineage2,148,8.009065219656746,7.260074548709363,strong
Glomerular,podocyte_PEC,Lineage2,149,8.102754217510528,7.324518039074391,strong
Glomerular,podocyte_PEC,Lineage2,150,8.204726521608817,7.385168158676682,strong
Glomerular,podocyte_PEC,Lineage2,151,8.313985599978007,7.440891748690654,strong
Glomerular,podocyte_PEC,Lineage2,152,8.429534920644477,7.490555650290723,strong
Glomerular,podocyte_PEC,Lineage2,153,8.550377951634626,7.533026704651314,strong
Glomerular,podocyte_PEC,Lineage2,154,8.675518160974834,7.567171752946846,strong
Glomerular,podocyte_PEC,Lineage2,155,8.8039590166915,7.59185763635174,strong
Glomerular,podocyte_PEC,Lineage2,156,8.934703986811007,7.605951196040417,strong
Glomerular,podocyte_PEC,Lineage2,157,9.066756539359746,7.608319273187292,strong
Glomerular,podocyte_PEC,Lineage2,158,9.199120142364107,7.5978287089667935,strong
Glomerular,podocyte_PEC,Lineage2,159,9.330798263850479,7.573346344553335,strong
Glomerular,podocyte_PEC,Lineage2,160,9.460807117465784,7.533777492212482,strong
Glomerular,podocyte_PEC,Lineage2,161,9.588543105632736,7.479175017364038,strong
Glomerular,podocyte_PEC,Lineage2,162,9.713838564080639,7.41090759660601,strong
Glomerular,podocyte_PEC,Lineage2,163,9.836549788531933,7.330416226834745,strong
Glomerular,podocyte_PEC,Lineage2,164,9.956533074709045,7.239141904946586,strong
Glomerular,podocyte_PEC,Lineage2,165,10.073644718334407,7.138525627837877,strong
Glomerular,podocyte_PEC,Lineage2,166,10.187741015130461,7.03000839240496,strong
Glomerular,podocyte_PEC,Lineage2,167,10.298678260819628,6.915031195544182,strong
Glomerular,podocyte_PEC,Lineage2,168,10.406312751124355,6.795035034151884,strong
Glomerular,podocyte_PEC,Lineage2,169,10.510500781767062,6.671460905124412,strong
Glomerular,podocyte_PEC,Lineage2,170,10.61109864847019,6.545749805358105,strong
Glomerular,podocyte_PEC,Lineage2,171,10.707962646956172,6.419342731749313,strong
Glomerular,podocyte_PEC,Lineage2,172,10.80094907294744,6.293680681194381,strong
Glomerular,podocyte_PEC,Lineage2,173,10.889914222166423,6.170204650589643,strong
Glomerular,podocyte_PEC,Lineage2,174,10.974714390335558,6.050355636831453,strong
Glomerular,podocyte_PEC,Lineage2,175,11.055205873177279,5.935574636816148,strong
Glomerular,podocyte_PEC,Lineage2,176,11.13124496641402,5.82730264744008,strong
Glomerular,podocyte_PEC,Lineage2,177,11.20268796576821,5.726980665599583,strong
Glomerular,podocyte_PEC,Lineage2,178,11.269391166962281,5.636049688191007,strong
Glomerular,podocyte_PEC,Lineage2,179,11.331210865718678,5.555950712110694,strong
Glomerular,podocyte_PEC,Lineage2,180,11.388003357759821,5.488124734254989,strong
Glomerular,podocyte_PEC,Lineage2,181,11.43962493880815,5.434012751520233,strong
Glomerular,podocyte_PEC,Lineage2,182,11.485931904586096,5.395055760802773,strong
Glomerular,podocyte_PEC,Lineage2,183,11.52678055081609,5.372694758998952,strong
Glomerular,podocyte_PEC,Lineage2,184,11.56202717322057,5.368370743005113,strong
Glomerular,podocyte_PEC,Lineage2,185,11.591528067521967,5.383524709717601,strong
Glomerular,podocyte_PEC,Lineage2,186,11.615139529442713,5.4195976560327574,strong
Glomerular,podocyte_PEC,Lineage2,187,11.632717854705243,5.478030578846929,strong
Glomerular,podocyte_PEC,Lineage2,188,11.644119339031992,5.560264475056459,strong
Glomerular,podocyte_PEC,Lineage2,189,11.649677964910376,5.666383090331311,strong
Glomerular,podocyte_PEC,Lineage2,190,11.65216281351517,5.78955132535354,strong
Glomerular,podocyte_PEC,Lineage2,191,11.655116929715895,5.920735018049271,strong
Glomerular,podocyte_PEC,Lineage2,192,11.662083679303677,6.050899094510246,strong
Glomerular,podocyte_PEC,Lineage2,193,11.67660642806963,6.171008480828188,strong
Glomerular,podocyte_PEC,Lineage2,194,11.702228541804871,6.272028103094828,strong
Glomerular,podocyte_PEC,Lineage2,195,11.742493386300525,6.344922887401903,strong
Glomerular,podocyte_PEC,Lineage2,196,11.80094413893685,6.380658130910503,strong
Glomerular,podocyte_PEC,Lineage2,197,11.879246148076511,6.373897456967013,strong
Glomerular,podocyte_PEC,Lineage2,198,11.97257253604378,6.332090727352563,strong
Glomerular,podocyte_PEC,Lineage2,199,12.074694376169083,6.265449095988522,strong
Glomerular,podocyte_PEC,Lineage2,200,12.179382741782842,6.1841837167962606,strong
Glomerular,podocyte_PEC,Lineage2,201,12.280408706215484,6.098505743697142,strong
Glomerular,podocyte_PEC,Lineage2,202,12.37154334279744,6.018626330612545,strong
Glomerular,podocyte_PEC,Lineage2,203,12.446557724859131,5.954756631463829,strong
Glomerular,podocyte_PEC,Lineage2,204,12.49922360274772,5.917106818398289,strong
Glomerular,podocyte_PEC,Lineage2,205,12.52531917784238,5.912977413764698,strong
Glomerular,podocyte_PEC,Lineage2,206,12.527043310185668,5.940358038280936,strong
Glomerular,podocyte_PEC,Lineage2,207,12.507876482950389,5.995379770182028,strong
Glomerular,podocyte_PEC,Lineage2,208,12.471299179309362,6.07417368770301,strong
Glomerular,podocyte_PEC,Lineage2,209,12.420791882435402,6.172870869078912,strong
Glomerular,podocyte_PEC,Lineage2,210,12.359835075501318,6.287602392544766,strong
Glomerular,podocyte_PEC,Lineage2,211,12.29190924167993,6.414499336335602,strong
Glomerular,podocyte_PEC,Lineage2,212,12.220494864144042,6.549692778686457,strong
Glomerular,podocyte_PEC,Lineage2,213,12.149072426066473,6.6893137978323525,strong
Glomerular,podocyte_PEC,Lineage2,214,12.081122410620036,6.8294934720083305,strong
Glomerular,podocyte_PEC,Lineage2,215,12.020125300977545,6.966362879449418,strong
Glomerular,podocyte_PEC,Lineage2,216,11.969480127598246,7.096006486098898,strong
Glomerular,podocyte_PEC,Lineage2,217,11.931720431993956,7.214013471474969,strong
Glomerular,podocyte_PEC,Lineage2,218,11.908857744385129,7.315674287876783,strong
Glomerular,podocyte_PEC,Lineage2,219,11.90289639192684,7.396275265563,strong
Glomerular,podocyte_PEC,Lineage2,220,11.915638931146983,7.451462544523608,strong
Glomerular,podocyte_PEC,Lineage2,221,11.946637048753962,7.480896153570425,strong
Glomerular,podocyte_PEC,Lineage2,222,11.994034001614747,7.486747719808429,strong
Glomerular,podocyte_PEC,Lineage2,223,12.05595146208686,7.471227361160924,strong
Glomerular,podocyte_PEC,Lineage2,224,12.130511102527807,7.436545195551219,strong
Glomerular,podocyte_PEC,Lineage2,225,12.215834595295107,7.384911340902619,strong
Glomerular,podocyte_PEC,Lineage2,226,12.310043612746266,7.318535915138428,strong
Glomerular,podocyte_PEC,Lineage2,227,12.41125982723879,7.239629036181951,strong
Glomerular,podocyte_PEC,Lineage2,228,12.517604911130208,7.150400821956496,strong
Glomerular,podocyte_PEC,Lineage2,229,12.627200536778016,7.053061390385368,strong
Glomerular,podocyte_PEC,Lineage2,230,12.738168376539733,6.949820859391869,strong
Glomerular,podocyte_PEC,Lineage2,231,12.84863010277287,6.8428893468993115,strong
Glomerular,podocyte_PEC,Lineage2,232,12.956707387834937,6.734476970830991,strong
Glomerular,podocyte_PEC,Lineage2,233,13.060521904083448,6.626793849110221,strong
Glomerular,podocyte_PEC,Lineage2,234,13.158195323875914,6.522050099660305,strong
Glomerular,podocyte_PEC,Lineage2,235,13.247849319569848,6.422455840404546,strong
Glomerular,podocyte_PEC,Lineage2,236,13.327605563522756,6.330221189266254,strong
Glomerular,podocyte_PEC,Lineage2,237,13.39558572809216,6.247556264168732,strong
Glomerular,podocyte_PEC,Lineage2,238,13.44991148563556,6.1766711830352845,strong
Glomerular,podocyte_PEC,Lineage2,239,13.488704508510477,6.119776063789217,strong
Glomerular,podocyte_PEC,Lineage2,240,13.51008646907442,6.0790810243538385,strong
Glomerular,podocyte_PEC,Lineage2,241,13.5121790396849,6.056796182652451,strong
Glomerular,podocyte_PEC,Lineage2,242,13.493103892699429,6.055131656608359,strong
Glomerular,podocyte_PEC,Lineage2,243,13.450982700475521,6.076297564144872,strong
Glomerular,podocyte_PEC,Lineage2,244,13.383937135370685,6.122504023185291,strong
Glomerular,podocyte_PEC,Lineage2,245,13.290088869742435,6.195961151652928,strong
Glomerular,podocyte_PEC,Lineage2,246,13.167559575948278,6.298879067471083,strong
Glomerular,podocyte_PEC,Lineage2,247,13.014470926345734,6.43346788856306,strong
Glomerular,podocyte_PEC,Lineage2,248,12.828944593292306,6.601937732852171,strong
Glomerular,podocyte_PEC,Lineage2,249,12.609102249145508,6.806498718261719,strong
Glomerular,podocyte_PEC,Lineage3,0,13.678581912556746,9.892657442311416,caution
Glomerular,podocyte_PEC,Lineage3,1,13.698800483394335,9.723191448443243,caution
Glomerular,podocyte_PEC,Lineage3,2,13.694065651293517,9.570959272538847,caution
Glomerular,podocyte_PEC,Lineage3,3,13.66683953742721,9.435674810368857,caution
Glomerular,podocyte_PEC,Lineage3,4,13.619584262968296,9.317051957703871,caution
Glomerular,podocyte_PEC,Lineage3,5,13.55476194908967,9.2148046103145,caution
Glomerular,podocyte_PEC,Lineage3,6,13.474834716964246,9.128646663971365,caution
Glomerular,podocyte_PEC,Lineage3,7,13.38226468776491,9.058292014445072,caution
Glomerular,podocyte_PEC,Lineage3,8,13.279513982664563,9.003454557506238,caution
Glomerular,podocyte_PEC,Lineage3,9,13.169044722836102,8.963848188925471,caution
Glomerular,podocyte_PEC,Lineage3,10,13.053319029452426,8.939186804473387,caution
Glomerular,podocyte_PEC,Lineage3,11,12.934799023686438,8.929184299920593,caution
Glomerular,podocyte_PEC,Lineage3,12,12.815946826711034,8.933554571037707,caution
Glomerular,podocyte_PEC,Lineage3,13,12.699224559699104,8.952011513595338,caution
Glomerular,podocyte_PEC,Lineage3,14,12.587094343823555,8.984269023364098,caution
Glomerular,podocyte_PEC,Lineage3,15,12.482018300257277,9.0300409961146,caution
Glomerular,podocyte_PEC,Lineage3,16,12.38645855017318,9.089041327617458,caution
Glomerular,podocyte_PEC,Lineage3,17,12.302877214744148,9.16098391364328,caution
Glomerular,podocyte_PEC,Lineage3,18,12.233736415143092,9.245582649962683,caution
Glomerular,podocyte_PEC,Lineage3,19,12.181498272542902,9.342551432346278,caution
Glomerular,podocyte_PEC,Lineage3,20,12.148621122198605,9.45160234704324,caution
Glomerular,podocyte_PEC,Lineage3,21,12.135916022502204,9.571660146056688,caution
Glomerular,podocyte_PEC,Lineage3,22,12.139977379970063,9.69963418586036,caution
Glomerular,podocyte_PEC,Lineage3,23,12.156734465443648,9.83211591395539,caution
Glomerular,podocyte_PEC,Lineage3,24,12.182116549764443,9.965696777842906,caution
Glomerular,podocyte_PEC,Lineage3,25,12.212052903773928,10.096968225024058,caution
Glomerular,podocyte_PEC,Lineage3,26,12.242472798313576,10.222521702999973,caution
Glomerular,podocyte_PEC,Lineage3,27,12.269305504224876,10.338948659271797,caution
Glomerular,podocyte_PEC,Lineage3,28,12.288480292349295,10.442840541340658,caution
Glomerular,podocyte_PEC,Lineage3,29,12.295926433528313,10.530788796707691,caution
Glomerular,podocyte_PEC,Lineage3,30,12.287573198603416,10.59938487287404,caution
Glomerular,podocyte_PEC,Lineage3,31,12.259349858416073,10.645220217340837,caution
Glomerular,podocyte_PEC,Lineage3,32,12.207533280414141,10.665166659543905,caution
Glomerular,podocyte_PEC,Lineage3,33,12.13333628590839,10.660077518577573,caution
Glomerular,podocyte_PEC,Lineage3,34,12.041640214290998,10.63376525116364,caution
Glomerular,podocyte_PEC,Lineage3,35,11.937413495834612,10.590112564161867,caution
Glomerular,podocyte_PEC,Lineage3,36,11.825624560811884,10.533002164432036,caution
Glomerular,podocyte_PEC,Lineage3,37,11.711241839495456,10.466316758833916,caution
Glomerular,podocyte_PEC,Lineage3,38,11.599233762157974,10.393939054227276,caution
Glomerular,podocyte_PEC,Lineage3,39,11.49430152131161,10.31959555318334,caution
Glomerular,podocyte_PEC,Lineage3,40,11.397748357871972,10.245026607024668,caution
Glomerular,podocyte_PEC,Lineage3,41,11.308538530714156,10.170605398658266,caution
Glomerular,podocyte_PEC,Lineage3,42,11.225590158462781,10.096678141355612,caution
Glomerular,podocyte_PEC,Lineage3,43,11.14782135974246,10.023591048388193,caution
Glomerular,podocyte_PEC,Lineage3,44,11.07415025317782,9.95169033302749,caution
Glomerular,podocyte_PEC,Lineage3,45,11.003494957393475,9.881322208544983,caution
Glomerular,podocyte_PEC,Lineage3,46,10.934773591014046,9.812832888212158,caution
Glomerular,podocyte_PEC,Lineage3,47,10.866904272664149,9.74656858530049,caution
Glomerular,podocyte_PEC,Lineage3,48,10.798805120968403,9.68287551308147,caution
Glomerular,podocyte_PEC,Lineage3,49,10.729549594723936,9.62199537234489,caution
Glomerular,podocyte_PEC,Lineage3,50,10.658894691987134,9.563709980367092,caution
Glomerular,podocyte_PEC,Lineage3,51,10.58678536492965,9.50767469936318,caution
Glomerular,podocyte_PEC,Lineage3,52,10.51316657121211,9.453544887855266,caution
Glomerular,podocyte_PEC,Lineage3,53,10.43798326849516,9.400975904365477,caution
Glomerular,podocyte_PEC,Lineage3,54,10.361180414439422,9.349623107415928,caution
Glomerular,podocyte_PEC,Lineage3,55,10.282702966705543,9.299141855528742,caution
Glomerular,podocyte_PEC,Lineage3,56,10.202495882954148,9.249187507226033,caution
Glomerular,podocyte_PEC,Lineage3,57,10.120504120845874,9.199415421029927,caution
Glomerular,podocyte_PEC,Lineage3,58,10.036672638041358,9.149480955462542,caution
Glomerular,podocyte_PEC,Lineage3,59,9.950946392201237,9.099039469045994,caution
Glomerular,podocyte_PEC,Lineage3,60,9.86327034098614,9.04774632030241,caution
Glomerular,podocyte_PEC,Lineage3,61,9.77358944205671,8.995256867753907,caution
Glomerular,podocyte_PEC,Lineage3,62,9.681848653073574,8.941226469922603,caution
Glomerular,podocyte_PEC,Lineage3,63,9.587992931697375,8.885310485330617,caution
Glomerular,podocyte_PEC,Lineage3,64,9.491967235588737,8.82716427250007,caution
Glomerular,podocyte_PEC,Lineage3,65,9.393716522408303,8.766443189953085,caution
Glomerular,podocyte_PEC,Lineage3,66,9.293185749816704,8.702802596211777,caution
Glomerular,podocyte_PEC,Lineage3,67,9.19031987547458,8.635897849798269,caution
Glomerular,podocyte_PEC,Lineage3,68,9.08506385704256,8.56538430923468,caution
Glomerular,podocyte_PEC,Lineage3,69,8.977362652181283,8.49091733304313,caution
Glomerular,podocyte_PEC,Lineage3,70,8.867161218551379,8.412152279745738,caution
Glomerular,podocyte_PEC,Lineage3,71,8.754407412586243,8.328748172296493,caution
Glomerular,podocyte_PEC,Lineage3,72,8.639279856779664,8.240655752447964,caution
Glomerular,podocyte_PEC,Lineage3,73,8.522352053082352,8.148324941773877,caution
Glomerular,podocyte_PEC,Lineage3,74,8.404236224062286,8.052254609825537,caution
Glomerular,podocyte_PEC,Lineage3,75,8.285544592287446,7.952943626154249,caution
Glomerular,podocyte_PEC,Lineage3,76,8.166889380325818,7.8508908603113206,caution
Glomerular,podocyte_PEC,Lineage3,77,8.048882810745376,7.746595181848056,caution
Glomerular,podocyte_PEC,Lineage3,78,7.932137106114105,7.640555460315761,caution
Glomerular,podocyte_PEC,Lineage3,79,7.81726448899999,7.533270565265744,caution
Glomerular,podocyte_PEC,Lineage3,80,7.704877181971007,7.425239366249309,caution
Glomerular,podocyte_PEC,Lineage3,81,7.595587407595139,7.316960732817762,caution
Glomerular,podocyte_PEC,Lineage3,82,7.490007388440366,7.208933534522408,caution
Glomerular,podocyte_PEC,Lineage3,83,7.388749347074672,7.1016566409145545,caution
Glomerular,podocyte_PEC,Lineage3,84,7.292425506066035,6.995628921545507,caution
Glomerular,podocyte_PEC,Lineage3,85,7.201648087982438,6.891349245966571,caution
Glomerular,podocyte_PEC,Lineage3,86,7.1170293153918625,6.7893164837290545,caution
Glomerular,podocyte_PEC,Lineage3,87,7.039181410862289,6.69002950438426,caution
Glomerular,podocyte_PEC,Lineage3,88,6.9687165969616975,6.593987177483494,caution
Glomerular,podocyte_PEC,Lineage3,89,6.90624709625807,6.501688372578064,caution
Glomerular,podocyte_PEC,Lineage3,90,6.852385131319389,6.413631959219274,caution
Glomerular,podocyte_PEC,Lineage3,91,6.807742924713635,6.330316806958432,caution
Glomerular,podocyte_PEC,Lineage3,92,6.772932699008789,6.252241785346843,caution
Glomerular,podocyte_PEC,Lineage3,93,6.748566676772832,6.179905763935813,caution
Glomerular,podocyte_PEC,Lineage3,94,6.735257080573746,6.1138076122766485,caution
Glomerular,podocyte_PEC,Lineage3,95,6.733616132979511,6.054446199920653,caution
Glomerular,podocyte_PEC,Lineage3,96,6.7442560565581084,6.002320396419135,caution
Glomerular,podocyte_PEC,Lineage3,97,6.76778907387752,5.957929071323398,caution
Glomerular,podocyte_PEC,Lineage3,98,6.8048274075057265,5.92177109418475,caution
Glomerular,podocyte_PEC,Lineage3,99,6.855983280010709,5.8943453345544965,caution
Glomerular,podocyte_PEC,Lineage3,100,6.921868797690393,5.876150520064576,caution
Glomerular,podocyte_PEC,Lineage3,101,7.002515978762325,5.86697732216164,caution
Glomerular,podocyte_PEC,Lineage3,102,7.0960297216017185,5.864264167572416,caution
Glomerular,podocyte_PEC,Lineage3,103,7.2001152531309565,5.864961643583669,caution
Glomerular,podocyte_PEC,Lineage3,104,7.312477800272424,5.866020337482172,caution
Glomerular,podocyte_PEC,Lineage3,105,7.430822589948509,5.8643908365546915,caution
Glomerular,podocyte_PEC,Lineage3,106,7.552854849081598,5.857023728088,caution
Glomerular,podocyte_PEC,Lineage3,107,7.676239951266497,5.8409827912366366,caution
Glomerular,podocyte_PEC,Lineage3,108,7.797922037785689,5.815380257254375,caution
Glomerular,podocyte_PEC,Lineage3,109,7.9142183048084584,5.78110901393417,caution
Glomerular,podocyte_PEC,Lineage3,110,8.021425068725081,5.7391212520514125,caution
Glomerular,podocyte_PEC,Lineage3,111,8.115838645925827,5.690369162381495,caution
Glomerular,podocyte_PEC,Lineage3,112,8.19375535280097,5.635804935699808,caution
Glomerular,podocyte_PEC,Lineage3,113,8.251471505740778,5.576380762781741,caution
Glomerular,podocyte_PEC,Lineage3,114,8.285969492276765,5.512961076050824,caution
Glomerular,podocyte_PEC,Lineage3,115,8.297901795433303,5.445940850009521,caution
Glomerular,podocyte_PEC,Lineage3,116,8.289143038377146,5.3755587298845215,caution
Glomerular,podocyte_PEC,Lineage3,117,8.261568676838076,5.302053254405736,caution
Glomerular,podocyte_PEC,Lineage3,118,8.217054166545887,5.225662962303082,caution
Glomerular,podocyte_PEC,Lineage3,119,8.157474963230378,5.146626392306474,caution
Glomerular,podocyte_PEC,Lineage3,120,8.084706522621337,5.065182083145822,caution
Glomerular,podocyte_PEC,Lineage3,121,8.000624300448559,4.981568573551043,caution
Glomerular,podocyte_PEC,Lineage3,122,7.907103752441831,4.896024402252051,caution
Glomerular,podocyte_PEC,Lineage3,123,7.806020334330952,4.808788107978759,caution
Glomerular,podocyte_PEC,Lineage3,124,7.6992495018457126,4.720098229461083,caution
Glomerular,podocyte_PEC,Lineage3,125,7.588666710715907,4.630193305428937,caution
Glomerular,podocyte_PEC,Lineage3,126,7.476147416671322,4.539311874612232,caution
Glomerular,podocyte_PEC,Lineage3,127,7.363567075441759,4.447692475740886,caution
Glomerular,podocyte_PEC,Lineage3,128,7.252801142757004,4.35557364754481,caution
Glomerular,podocyte_PEC,Lineage3,129,7.145543025137378,4.263379313110301,caution
Glomerular,podocyte_PEC,Lineage3,130,7.042120885586225,4.172923650342341,caution
Glomerular,podocyte_PEC,Lineage3,131,6.942243151891392,4.086651925928884,caution
Glomerular,podocyte_PEC,Lineage3,132,6.845615156807901,4.007012558291838,caution
Glomerular,podocyte_PEC,Lineage3,133,6.751942233090767,3.936453965853096,caution
Glomerular,podocyte_PEC,Lineage3,134,6.660929713495002,3.8774245670345606,caution
Glomerular,podocyte_PEC,Lineage3,135,6.572282930775629,3.8323727802581304,caution
Glomerular,podocyte_PEC,Lineage3,136,6.485707217687662,3.8037470239457054,caution
Glomerular,podocyte_PEC,Lineage3,137,6.400907906986117,3.7939957165191838,caution
Glomerular,podocyte_PEC,Lineage3,138,6.317590331426009,3.805567276400464,caution
Glomerular,podocyte_PEC,Lineage3,139,6.235623197068852,3.8406434245870713,caution
Glomerular,podocyte_PEC,Lineage3,140,6.156801286587497,3.898261673990103,caution
Glomerular,podocyte_PEC,Lineage3,141,6.0841748878859265,3.9754099982255733,caution
Glomerular,podocyte_PEC,Lineage3,142,6.020815800083563,4.06904125510095,caution
Glomerular,podocyte_PEC,Lineage3,143,5.969795822299832,4.176108302423693,caution
Glomerular,podocyte_PEC,Lineage3,144,5.9341867536541555,4.293563998001272,caution
Glomerular,podocyte_PEC,Lineage3,145,5.917060393265957,4.418361199641143,caution
Glomerular,podocyte_PEC,Lineage3,146,5.921488540254662,4.547452765150777,caution
Glomerular,podocyte_PEC,Lineage3,147,5.9505429937396945,4.6777915523376326,caution
Glomerular,podocyte_PEC,Lineage3,148,6.007295552840477,4.8063304190091785,caution
Glomerular,podocyte_PEC,Lineage3,149,6.094818016676431,4.930022222972872,caution
Glomerular,podocyte_PEC,Lineage3,150,6.212863612850423,5.04482064113513,caution
Glomerular,podocyte_PEC,Lineage3,151,6.347435544533425,5.142539387851358,caution
Glomerular,podocyte_PEC,Lineage3,152,6.480976342507109,5.213920102992944,caution
Glomerular,podocyte_PEC,Lineage3,153,6.595928531995015,5.249704424757792,caution
Glomerular,podocyte_PEC,Lineage3,154,6.674734638220673,5.240633991343805,caution
Glomerular,podocyte_PEC,Lineage3,155,6.699837186407618,5.177450440948882,caution
Glomerular,podocyte_PEC,Lineage3,156,6.672165266851972,5.077702159037055,caution
Glomerular,podocyte_PEC,Lineage3,157,6.665886305793411,5.057938889056664,caution
Glomerular,podocyte_PEC,Lineage3,158,6.69458030280067,5.122809182448923,caution
Glomerular,podocyte_PEC,Lineage3,159,6.751969748490035,5.243156813226706,caution
Glomerular,podocyte_PEC,Lineage3,160,6.831777133477785,5.389825555402886,caution
Glomerular,podocyte_PEC,Lineage3,161,6.927724948380204,5.533659182990327,caution
Glomerular,podocyte_PEC,Lineage3,162,7.0332601038184155,5.647411431089587,caution
Glomerular,podocyte_PEC,Lineage3,163,7.138386786855404,5.727696504164532,caution
Glomerular,podocyte_PEC,Lineage3,164,7.230768997878423,5.787347728411595,caution
Glomerular,podocyte_PEC,Lineage3,165,7.298026017780572,5.839508367232981,caution
Glomerular,podocyte_PEC,Lineage3,166,7.327798162469453,5.897307044958079,caution
Glomerular,podocyte_PEC,Lineage3,167,7.314144228122317,5.969405519484864,caution
Glomerular,podocyte_PEC,Lineage3,168,7.26655164080997,6.053728173809651,caution
Glomerular,podocyte_PEC,Lineage3,169,7.196778723961577,6.146618986416618,caution
Glomerular,podocyte_PEC,Lineage3,170,7.116583801006292,6.24442193578995,caution
Glomerular,podocyte_PEC,Lineage3,171,7.037725195373284,6.343481000413831,caution
Glomerular,podocyte_PEC,Lineage3,172,6.971961230491712,6.4401401587724365,caution
Glomerular,podocyte_PEC,Lineage3,173,6.930884303716948,6.530788010356651,caution
Glomerular,podocyte_PEC,Lineage3,174,6.92001021759775,6.613447278646353,caution
Glomerular,podocyte_PEC,Lineage3,175,6.937170740829441,6.688207085236123,caution
Glomerular,podocyte_PEC,Lineage3,176,6.979704666686783,6.755289123166609,caution
Glomerular,podocyte_PEC,Lineage3,177,7.044950788444545,6.8149150854784715,caution
Glomerular,podocyte_PEC,Lineage3,178,7.130247899377484,6.867306665212356,caution
Glomerular,podocyte_PEC,Lineage3,179,7.23293479276037,6.91268555540892,caution
Glomerular,podocyte_PEC,Lineage3,180,7.350350261867962,6.951273449108815,caution
Glomerular,podocyte_PEC,Lineage3,181,7.479833099975029,6.983292039352695,caution
Glomerular,podocyte_PEC,Lineage3,182,7.61872210035633,7.008963019181209,caution
Glomerular,podocyte_PEC,Lineage3,183,7.764356056286628,7.028508081635014,caution
Glomerular,podocyte_PEC,Lineage3,184,7.914073761040694,7.042148919754761,caution
Glomerular,podocyte_PEC,Lineage3,185,8.065214007893282,7.050107226581104,caution
Glomerular,podocyte_PEC,Lineage3,186,8.215115590119163,7.052604695154693,caution
Glomerular,podocyte_PEC,Lineage3,187,8.361117300993095,7.049863018516184,caution
Glomerular,podocyte_PEC,Lineage3,188,8.500716746004615,7.04212546329648,caution
Glomerular,podocyte_PEC,Lineage3,189,8.633266609880437,7.029887296386082,caution
Glomerular,podocyte_PEC,Lineage3,190,8.759320636227795,7.01380694059013,caution
Glomerular,podocyte_PEC,Lineage3,191,8.879452777367955,6.994545563934068,caution
Glomerular,podocyte_PEC,Lineage3,192,8.994236985622194,6.97276433444334,caution
Glomerular,podocyte_PEC,Lineage3,193,9.104247213311778,6.949124420143391,caution
Glomerular,podocyte_PEC,Lineage3,194,9.210057412757976,6.924286989059664,caution
Glomerular,podocyte_PEC,Lineage3,195,9.31224153628206,6.898913209217601,caution
Glomerular,podocyte_PEC,Lineage3,196,9.411373536205296,6.873664248642648,caution
Glomerular,podocyte_PEC,Lineage3,197,9.508027364848955,6.849201275360243,caution
Glomerular,podocyte_PEC,Lineage3,198,9.602776974534308,6.826185457395838,caution
Glomerular,podocyte_PEC,Lineage3,199,9.696196317582627,6.805277962774871,caution
Glomerular,podocyte_PEC,Lineage3,200,9.78885934631518,6.787139959522789,caution
Glomerular,podocyte_PEC,Lineage3,201,9.881340013053235,6.772432615665032,caution
Glomerular,podocyte_PEC,Lineage3,202,9.974212270118059,6.761817099227045,caution
Glomerular,podocyte_PEC,Lineage3,203,10.068050069830932,6.755954578234274,caution
Glomerular,podocyte_PEC,Lineage3,204,10.163427364513117,6.75550622071216,caution
Glomerular,podocyte_PEC,Lineage3,205,10.260917585430256,6.761132829330864,caution
Glomerular,podocyte_PEC,Lineage3,206,10.360781404279686,6.7732759051059315,caution
Glomerular,podocyte_PEC,Lineage3,207,10.462437977349111,6.79178689285507,caution
Glomerular,podocyte_PEC,Lineage3,208,10.565166372318217,6.8164190096624635,caution
Glomerular,podocyte_PEC,Lineage3,209,10.668245656866668,6.846925472612292,caution
Glomerular,podocyte_PEC,Lineage3,210,10.770954898674145,6.883059498788739,caution
Glomerular,podocyte_PEC,Lineage3,211,10.872573165420327,6.924574305275987,caution
Glomerular,podocyte_PEC,Lineage3,212,10.972379524784888,6.971223109158218,caution
Glomerular,podocyte_PEC,Lineage3,213,11.069653044447497,7.022759127519611,caution
Glomerular,podocyte_PEC,Lineage3,214,11.163672792087844,7.078935577444353,caution
Glomerular,podocyte_PEC,Lineage3,215,11.25378767882562,7.139487723588433,caution
Glomerular,podocyte_PEC,Lineage3,216,11.34007761343847,7.203962936326635,caution
Glomerular,podocyte_PEC,Lineage3,217,11.42305832971546,7.271796562381746,caution
Glomerular,podocyte_PEC,Lineage3,218,11.50325137433349,7.3424224543426275,caution
Glomerular,podocyte_PEC,Lineage3,219,11.581178293969483,7.4152744647981645,caution
Glomerular,podocyte_PEC,Lineage3,220,11.657360635300343,7.489786446337224,caution
Glomerular,podocyte_PEC,Lineage3,221,11.732319945002992,7.565392251548684,caution
Glomerular,podocyte_PEC,Lineage3,222,11.80657776975433,7.641525733021414,caution
Glomerular,podocyte_PEC,Lineage3,223,11.880655656231282,7.717620743344292,caution
Glomerular,podocyte_PEC,Lineage3,224,11.955075151110751,7.793111135106186,caution
Glomerular,podocyte_PEC,Lineage3,225,12.030357801069652,7.8674307608959735,caution
Glomerular,podocyte_PEC,Lineage3,226,12.107025152784901,7.940013473302529,caution
Glomerular,podocyte_PEC,Lineage3,227,12.185598752933409,8.010293124914725,caution
Glomerular,podocyte_PEC,Lineage3,228,12.266600148192085,8.077703568321434,caution
Glomerular,podocyte_PEC,Lineage3,229,12.350550885237839,8.141678656111528,caution
Glomerular,podocyte_PEC,Lineage3,230,12.437853142042803,8.201712202280596,caution
Glomerular,podocyte_PEC,Lineage3,231,12.52837474556333,8.257566436558768,caution
Glomerular,podocyte_PEC,Lineage3,232,12.621834062009336,8.309078665947249,caution
Glomerular,podocyte_PEC,Lineage3,233,12.717949450540866,8.356086200988514,caution
Glomerular,podocyte_PEC,Lineage3,234,12.816439270317986,8.398426352225055,caution
Glomerular,podocyte_PEC,Lineage3,235,12.91702188050074,8.435936430199355,caution
Glomerular,podocyte_PEC,Lineage3,236,13.019415640249187,8.468453745453898,caution
Glomerular,podocyte_PEC,Lineage3,237,13.123338908723378,8.495815608531169,caution
Glomerular,podocyte_PEC,Lineage3,238,13.228510045083365,8.517859329973652,caution
Glomerular,podocyte_PEC,Lineage3,239,13.334647408489209,8.534422220323833,caution
Glomerular,podocyte_PEC,Lineage3,240,13.441469358100955,8.545341590124199,caution
Glomerular,podocyte_PEC,Lineage3,241,13.548694253078661,8.55045474991723,caution
Glomerular,podocyte_PEC,Lineage3,242,13.656040452582381,8.549599010245418,caution
Glomerular,podocyte_PEC,Lineage3,243,13.763226315772176,8.542611681651241,caution
Glomerular,podocyte_PEC,Lineage3,244,13.869970201808085,8.529330074677187,caution
Glomerular,podocyte_PEC,Lineage3,245,13.975990469850169,8.509591499865738,caution
Glomerular,podocyte_PEC,Lineage3,246,14.081005479058485,8.483233267759383,caution
Glomerular,podocyte_PEC,Lineage3,247,14.18473358859308,8.450092688900606,caution
Glomerular,podocyte_PEC,Lineage3,248,14.286893157614015,8.41000707383189,caution
Glomerular,podocyte_PEC,Lineage3,249,14.387202545281339,8.362813733095718,caution
Glomerular,endothelial_mesangial,Lineage1,0,-3.3883179885055883,12.41861223807655,strong
Glomerular,endothelial_mesangial,Lineage1,1,-3.540740312527023,12.445776537235151,strong
Glomerular,endothelial_mesangial,Lineage1,2,-3.678649083886537,12.451698834378417,strong
Glomerular,endothelial_mesangial,Lineage1,3,-3.8026866675162445,12.437745130498357,strong
Glomerular,endothelial_mesangial,Lineage1,4,-3.9134954283482517,12.405281426586962,strong
Glomerular,endothelial_mesangial,Lineage1,5,-4.011717731314669,12.355673723636233,strong
Glomerular,endothelial_mesangial,Lineage1,6,-4.097995941347605,12.290288022638169,strong
Glomerular,endothelial_mesangial,Lineage1,7,-4.172972423379171,12.210490324584768,strong
Glomerular,endothelial_mesangial,Lineage1,8,-4.237289542341475,12.117646630468029,strong
Glomerular,endothelial_mesangial,Lineage1,9,-4.291589663166623,12.013122941279942,strong
Glomerular,endothelial_mesangial,Lineage1,10,-4.336515150786731,11.898285258012523,strong
Glomerular,endothelial_mesangial,Lineage1,11,-4.372708370133905,11.774499581657759,strong
Glomerular,endothelial_mesangial,Lineage1,12,-4.400811686140252,11.643131913207647,strong
Glomerular,endothelial_mesangial,Lineage1,13,-4.4214674637378835,11.50554825365419,strong
Glomerular,endothelial_mesangial,Lineage1,14,-4.43531806785891,11.363114603989388,strong
Glomerular,endothelial_mesangial,Lineage1,15,-4.443005863435439,11.217196965205233,strong
Glomerular,endothelial_mesangial,Lineage1,16,-4.445173215399583,11.069161338293732,strong
Glomerular,endothelial_mesangial,Lineage1,17,-4.442462488683446,10.920373724246872,strong
Glomerular,endothelial_mesangial,Lineage1,18,-4.435516048219142,10.772200124056663,strong
Glomerular,endothelial_mesangial,Lineage1,19,-4.424976258938777,10.626006538715096,strong
Glomerular,endothelial_mesangial,Lineage1,20,-4.411485485774462,10.483158969214173,strong
Glomerular,endothelial_mesangial,Lineage1,21,-4.395686093658307,10.345023416545892,strong
Glomerular,endothelial_mesangial,Lineage1,22,-4.378220447522421,10.212965881702253,strong
Glomerular,endothelial_mesangial,Lineage1,23,-4.359730912298912,10.08835236567525,strong
Glomerular,endothelial_mesangial,Lineage1,24,-4.340859852919889,9.972548869456883,strong
Glomerular,endothelial_mesangial,Lineage1,25,-4.322249634317465,9.866921394039155,strong
Glomerular,endothelial_mesangial,Lineage1,26,-4.304542621423745,9.77283594041406,strong
Glomerular,endothelial_mesangial,Lineage1,27,-4.288381179170842,9.691658509573598,strong
Glomerular,endothelial_mesangial,Lineage1,28,-4.274407672490861,9.624755102509765,strong
Glomerular,endothelial_mesangial,Lineage1,29,-4.263264466315915,9.573491720214562,strong
Glomerular,endothelial_mesangial,Lineage1,30,-4.255593925578112,9.539234363679988,strong
Glomerular,endothelial_mesangial,Lineage1,31,-4.2520384152095625,9.523349033898043,strong
Glomerular,endothelial_mesangial,Lineage1,32,-4.253238809106949,9.52719863211136,strong
Glomerular,endothelial_mesangial,Lineage1,33,-4.259446394972711,9.55133613946568,strong
Glomerular,endothelial_mesangial,Lineage1,34,-4.270004037937967,9.594425995603302,strong
Glomerular,endothelial_mesangial,Lineage1,35,-4.284125372685446,9.654863979883329,strong
Glomerular,endothelial_mesangial,Lineage1,36,-4.301024033897879,9.731045871664849,strong
Glomerular,endothelial_mesangial,Lineage1,37,-4.319913656257999,9.821367450306962,strong
Glomerular,endothelial_mesangial,Lineage1,38,-4.340007874448532,9.924224495168758,strong
Glomerular,endothelial_mesangial,Lineage1,39,-4.360520323152212,10.038012785609336,strong
Glomerular,endothelial_mesangial,Lineage1,40,-4.3806646370517655,10.161128100987785,strong
Glomerular,endothelial_mesangial,Lineage1,41,-4.399654450829927,10.291966220663205,strong
Glomerular,endothelial_mesangial,Lineage1,42,-4.416703399169424,10.428922923994689,strong
Glomerular,endothelial_mesangial,Lineage1,43,-4.431025116752987,10.57039399034133,strong
Glomerular,endothelial_mesangial,Lineage1,44,-4.441833238263347,10.714775199062224,strong
Glomerular,endothelial_mesangial,Lineage1,45,-4.448341398383232,10.86046232951646,strong
Glomerular,endothelial_mesangial,Lineage1,46,-4.449763231795377,11.005851161063147,strong
Glomerular,endothelial_mesangial,Lineage1,47,-4.4453123731825075,11.149337473061362,strong
Glomerular,endothelial_mesangial,Lineage1,48,-4.434202457227357,11.289317044870213,strong
Glomerular,endothelial_mesangial,Lineage1,49,-4.415647118612655,11.42418565584879,strong
Glomerular,endothelial_mesangial,Lineage1,50,-4.388859992021131,11.552339085356182,strong
Glomerular,endothelial_mesangial,Lineage1,51,-4.353054712135515,11.672173112751494,strong
Glomerular,endothelial_mesangial,Lineage1,52,-4.307444913638538,11.782083517393813,strong
Glomerular,endothelial_mesangial,Lineage1,53,-4.25124423121293,11.880466078642232,strong
Glomerular,endothelial_mesangial,Lineage1,54,-4.183666299541423,11.965716575855856,strong
Glomerular,endothelial_mesangial,Lineage1,55,-4.103937956493061,12.036238429440289,strong
Glomerular,endothelial_mesangial,Lineage1,56,-4.0123133610567985,12.091029598746564,strong
Glomerular,endothelial_mesangial,Lineage1,57,-3.9107913318642535,12.130097725574517,strong
Glomerular,endothelial_mesangial,Lineage1,58,-3.8015400970022095,12.153548493628175,strong
Glomerular,endothelial_mesangial,Lineage1,59,-3.6867278845574436,12.16148758661157,strong
Glomerular,endothelial_mesangial,Lineage1,60,-3.568522922616736,12.154020688228726,strong
Glomerular,endothelial_mesangial,Lineage1,61,-3.449093439266865,12.131253482183673,strong
Glomerular,endothelial_mesangial,Lineage1,62,-3.3306076625946077,12.093291652180437,strong
Glomerular,endothelial_mesangial,Lineage1,63,-3.2152338206867475,12.040240881923047,strong
Glomerular,endothelial_mesangial,Lineage1,64,-3.105140141630061,11.972206855115532,strong
Glomerular,endothelial_mesangial,Lineage1,65,-3.0024948535113287,11.889295255461922,strong
Glomerular,endothelial_mesangial,Lineage1,66,-2.9094661844173295,11.791611766666243,strong
Glomerular,endothelial_mesangial,Lineage1,67,-2.8282223624348424,11.679262072432525,strong
Glomerular,endothelial_mesangial,Lineage1,68,-2.7608264707430408,11.552429796135593,strong
Glomerular,endothelial_mesangial,Lineage1,69,-2.7076043262577,11.412586326423396,strong
Glomerular,endothelial_mesangial,Lineage1,70,-2.667455225409918,11.26226047392936,strong
Glomerular,endothelial_mesangial,Lineage1,71,-2.6392362265210108,11.104012358690738,strong
Glomerular,endothelial_mesangial,Lineage1,72,-2.6218043879122908,10.940402100744784,strong
Glomerular,endothelial_mesangial,Lineage1,73,-2.6140167679050714,10.773989820128751,strong
Glomerular,endothelial_mesangial,Lineage1,74,-2.6147304248206664,10.607335636879887,strong
Glomerular,endothelial_mesangial,Lineage1,75,-2.6228024169803885,10.442999671035441,strong
Glomerular,endothelial_mesangial,Lineage1,76,-2.6370898027055514,10.28354204263267,strong
Glomerular,endothelial_mesangial,Lineage1,77,-2.6564496403174687,10.13152287170882,strong
Glomerular,endothelial_mesangial,Lineage1,78,-2.679738988137454,9.989502278301146,strong
Glomerular,endothelial_mesangial,Lineage1,79,-2.7058149044868203,9.860040382446897,strong
Glomerular,endothelial_mesangial,Lineage1,80,-2.733534447686882,9.745697304183325,strong
Glomerular,endothelial_mesangial,Lineage1,81,-2.7617546760589513,9.649033163547683,strong
Glomerular,endothelial_mesangial,Lineage1,82,-2.789332647924341,9.57260808057722,strong
Glomerular,endothelial_mesangial,Lineage1,83,-2.8151254216043666,9.51898217530919,strong
Glomerular,endothelial_mesangial,Lineage1,84,-2.8379900554203403,9.490715567780843,strong
Glomerular,endothelial_mesangial,Lineage1,85,-2.856783607693576,9.490368378029428,strong
Glomerular,endothelial_mesangial,Lineage1,86,-2.870363136745387,9.5205007260922,strong
Glomerular,endothelial_mesangial,Lineage1,87,-2.877616948900846,9.5834701503237,strong
Glomerular,endothelial_mesangial,Lineage1,88,-2.878176475653186,9.676816487820727,strong
Glomerular,endothelial_mesangial,Lineage1,89,-2.872430099589008,9.793172240562235,strong
Glomerular,endothelial_mesangial,Lineage1,90,-2.860800216778293,9.924949400162772,strong
Glomerular,endothelial_mesangial,Lineage1,91,-2.843709223291018,10.06455995823688,strong
Glomerular,endothelial_mesangial,Lineage1,92,-2.8215795151971657,10.204415906399108,strong
Glomerular,endothelial_mesangial,Lineage1,93,-2.7948334885667134,10.336929236263995,strong
Glomerular,endothelial_mesangial,Lineage1,94,-2.7638935394696413,10.45451193944609,strong
Glomerular,endothelial_mesangial,Lineage1,95,-2.7291820639759283,10.54957600755994,strong
Glomerular,endothelial_mesangial,Lineage1,96,-2.6911214581555547,10.614533432220087,strong
Glomerular,endothelial_mesangial,Lineage1,97,-2.650135187438184,10.641859836862553,strong
Glomerular,endothelial_mesangial,Lineage1,98,-2.606722082714244,10.62851543660265,strong
Glomerular,endothelial_mesangial,Lineage1,99,-2.5615047341502146,10.578824692909519,strong
Glomerular,endothelial_mesangial,Lineage1,100,-2.5151172328256943,10.497796424499613,strong
Glomerular,endothelial_mesangial,Lineage1,101,-2.4681936698202818,10.390439450089396,strong
Glomerular,endothelial_mesangial,Lineage1,102,-2.421368136213573,10.261762588395314,strong
Glomerular,endothelial_mesangial,Lineage1,103,-2.37527472308517,10.116774658133837,strong
Glomerular,endothelial_mesangial,Lineage1,104,-2.3305475215146685,9.960484478021414,strong
Glomerular,endothelial_mesangial,Lineage1,105,-2.287819063125731,9.797898365809237,strong
Glomerular,endothelial_mesangial,Lineage1,106,-2.2475139424393027,9.63368916174575,strong
Glomerular,endothelial_mesangial,Lineage1,107,-2.209642121868546,9.471864743078298,strong
Glomerular,endothelial_mesangial,Lineage1,108,-2.1741643843895067,9.316354115916441,strong
Glomerular,endothelial_mesangial,Lineage1,109,-2.141041512978229,9.17108628636975,strong
Glomerular,endothelial_mesangial,Lineage1,110,-2.1102342906107587,9.03999026054779,strong
Glomerular,endothelial_mesangial,Lineage1,111,-2.0817035002631417,8.926995044560135,strong
Glomerular,endothelial_mesangial,Lineage1,112,-2.0554099249114204,8.836029644516342,strong
Glomerular,endothelial_mesangial,Lineage1,113,-2.0313143475316426,8.771023066525986,strong
Glomerular,endothelial_mesangial,Lineage1,114,-2.0093775510998517,8.73590431669863,strong
Glomerular,endothelial_mesangial,Lineage1,115,-1.9895603185920938,8.734602401143844,strong
Glomerular,endothelial_mesangial,Lineage1,116,-1.9717967334360365,8.770237777720691,strong
Glomerular,endothelial_mesangial,Lineage1,117,-1.955803569973862,8.839350085825954,strong
Glomerular,endothelial_mesangial,Lineage1,118,-1.9411917953430475,8.93527478218456,strong
Glomerular,endothelial_mesangial,Lineage1,119,-1.9275716684225355,9.05132587517365,strong
Glomerular,endothelial_mesangial,Lineage1,120,-1.914553448091268,9.18081737317034,strong
Glomerular,endothelial_mesangial,Lineage1,121,-1.901747393228187,9.317063284551761,strong
Glomerular,endothelial_mesangial,Lineage1,122,-1.8887637627122356,9.453377617695045,strong
Glomerular,endothelial_mesangial,Lineage1,123,-1.8752146156428207,9.583089087424389,strong
Glomerular,endothelial_mesangial,Lineage1,124,-1.8610454572188642,9.702250412377921,strong
Glomerular,endothelial_mesangial,Lineage1,125,-1.8469233717702949,9.812809069920233,strong
Glomerular,endothelial_mesangial,Lineage1,126,-1.833609700644763,9.91748254635032,strong
Glomerular,endothelial_mesangial,Lineage1,127,-1.8218657851899203,10.018988327967165,strong
Glomerular,endothelial_mesangial,Lineage1,128,-1.8124529667534175,10.120043901069769,strong
Glomerular,endothelial_mesangial,Lineage1,129,-1.806132586682905,10.223366751957112,strong
Glomerular,endothelial_mesangial,Lineage1,130,-1.803665986326035,10.331674366928187,strong
Glomerular,endothelial_mesangial,Lineage1,131,-1.805814507030457,10.447684232281983,strong
Glomerular,endothelial_mesangial,Lineage1,132,-1.8131713966432672,10.573566867381906,strong
Glomerular,endothelial_mesangial,Lineage1,133,-1.8254260529129664,10.708551713459112,strong
Glomerular,endothelial_mesangial,Lineage1,134,-1.841965398323277,10.850883973995403,strong
Glomerular,endothelial_mesangial,Lineage1,135,-1.8621761392459448,10.998808149256206,strong
Glomerular,endothelial_mesangial,Lineage1,136,-1.8854449820527117,11.150568739506907,strong
Glomerular,endothelial_mesangial,Lineage1,137,-1.9111586331153245,11.304410245012935,strong
Glomerular,endothelial_mesangial,Lineage1,138,-1.9387037988055253,11.458577166039683,strong
Glomerular,endothelial_mesangial,Lineage1,139,-1.9674671854950585,11.611314002852568,strong
Glomerular,endothelial_mesangial,Lineage1,140,-1.9968354995556696,11.760865255716995,strong
Glomerular,endothelial_mesangial,Lineage1,141,-2.026195447359101,11.905475424898372,strong
Glomerular,endothelial_mesangial,Lineage1,142,-2.054933735277098,12.043389010662109,strong
Glomerular,endothelial_mesangial,Lineage1,143,-2.082437069681404,12.17285051327361,strong
Glomerular,endothelial_mesangial,Lineage1,144,-2.108092156943764,12.292104432998292,strong
Glomerular,endothelial_mesangial,Lineage1,145,-2.1312857034359203,12.399395270101552,strong
Glomerular,endothelial_mesangial,Lineage1,146,-2.1514044155296195,12.492967524848808,strong
Glomerular,endothelial_mesangial,Lineage1,147,-2.167834999596604,12.571065697505466,strong
Glomerular,endothelial_mesangial,Lineage1,148,-2.1799641620086194,12.63193428833693,strong
Glomerular,endothelial_mesangial,Lineage1,149,-2.1871786091374084,12.67381779760861,strong
Glomerular,endothelial_mesangial,Lineage1,150,-2.1888650473547155,12.694960725585917,strong
Glomerular,endothelial_mesangial,Lineage1,151,-2.184410183032285,12.693607572534257,strong
Glomerular,endothelial_mesangial,Lineage1,152,-2.1732033204894483,12.668021710670544,strong
Glomerular,endothelial_mesangial,Lineage1,153,-2.15488289900818,12.618276272715331,strong
Glomerular,endothelial_mesangial,Lineage1,154,-2.1295395903510133,12.54772948824227,strong
Glomerular,endothelial_mesangial,Lineage1,155,-2.097311867426675,12.460086822819084,strong
Glomerular,endothelial_mesangial,Lineage1,156,-2.058338203143897,12.359053742013511,strong
Glomerular,endothelial_mesangial,Lineage1,157,-2.012757070411406,12.248335711393286,strong
Glomerular,endothelial_mesangial,Lineage1,158,-1.9607069421379333,12.131638196526138,strong
Glomerular,endothelial_mesangial,Lineage1,159,-1.902326291232206,12.012666662979804,strong
Glomerular,endothelial_mesangial,Lineage1,160,-1.8377535906029545,11.895126576322017,strong
Glomerular,endothelial_mesangial,Lineage1,161,-1.76712731315891,11.782723402120514,strong
Glomerular,endothelial_mesangial,Lineage1,162,-1.6905859318087977,11.679162605943022,strong
Glomerular,endothelial_mesangial,Lineage1,163,-1.6082679194613516,11.588149653357284,strong
Glomerular,endothelial_mesangial,Lineage1,164,-1.5203645288573724,11.512672295619383,strong
Glomerular,endothelial_mesangial,Lineage1,165,-1.4273165275800312,11.452325314241415,strong
Glomerular,endothelial_mesangial,Lineage1,166,-1.3296383448768279,11.40570181966841,strong
Glomerular,endothelial_mesangial,Lineage1,167,-1.2278444207648347,11.37139477589802,strong
Glomerular,endothelial_mesangial,Lineage1,168,-1.1224491952611126,11.347997146927865,strong
Glomerular,endothelial_mesangial,Lineage1,169,-1.0139671083827357,11.3341018967556,strong
Glomerular,endothelial_mesangial,Lineage1,170,-0.902912600146764,11.328301989378858,strong
Glomerular,endothelial_mesangial,Lineage1,171,-0.7898001105702683,11.329190388795281,strong
Glomerular,endothelial_mesangial,Lineage1,172,-0.6751440796703185,11.335360059002502,strong
Glomerular,endothelial_mesangial,Lineage1,173,-0.5594589474639754,11.345403963998168,strong
Glomerular,endothelial_mesangial,Lineage1,174,-0.44325915396831234,11.35791506777991,strong
Glomerular,endothelial_mesangial,Lineage1,175,-0.3270591392003899,11.371486334345372,strong
Glomerular,endothelial_mesangial,Lineage1,176,-0.21137334317728196,11.384710727692193,strong
Glomerular,endothelial_mesangial,Lineage1,177,-0.09671620591604883,11.396181211818009,strong
Glomerular,endothelial_mesangial,Lineage1,178,0.016400408017674013,11.404497373068391,strong
Glomerular,endothelial_mesangial,Lineage1,179,0.12767696359235084,11.408804768110652,strong
Glomerular,endothelial_mesangial,Lineage1,180,0.2371814410333397,11.409193958384655,strong
Glomerular,endothelial_mesangial,Lineage1,181,0.3450183927328741,11.405849544615892,strong
Glomerular,endothelial_mesangial,Lineage1,182,0.4512923710831792,11.398956127529875,strong
Glomerular,endothelial_mesangial,Lineage1,183,0.5561079284764795,11.388698307852113,strong
Glomerular,endothelial_mesangial,Lineage1,184,0.6595696173050092,11.375260686308115,strong
Glomerular,endothelial_mesangial,Lineage1,185,0.7617819899609893,11.35882786362338,strong
Glomerular,endothelial_mesangial,Lineage1,186,0.8628495988366542,11.339584440523426,strong
Glomerular,endothelial_mesangial,Lineage1,187,0.962876996324226,11.317715017733754,strong
Glomerular,endothelial_mesangial,Lineage1,188,1.061968734815938,11.29340419597987,strong
Glomerular,endothelial_mesangial,Lineage1,189,1.160229366704012,11.266836575987288,strong
Glomerular,endothelial_mesangial,Lineage1,190,1.2577634443806813,11.238196758481504,strong
Glomerular,endothelial_mesangial,Lineage1,191,1.3546755202381693,11.207669344188037,strong
Glomerular,endothelial_mesangial,Lineage1,192,1.4510701466687073,11.175438933832385,strong
Glomerular,endothelial_mesangial,Lineage1,193,1.5470518760645227,11.141690128140063,strong
Glomerular,endothelial_mesangial,Lineage1,194,1.6427252608178384,11.10660752783657,strong
Glomerular,endothelial_mesangial,Lineage1,195,1.738194853320889,11.07037573364742,strong
Glomerular,endothelial_mesangial,Lineage1,196,1.8335652059658967,11.033179346298121,strong
Glomerular,endothelial_mesangial,Lineage1,197,1.928940871145094,10.995202966514173,strong
Glomerular,endothelial_mesangial,Lineage1,198,2.024426401250704,10.956631195021089,strong
Glomerular,endothelial_mesangial,Lineage1,199,2.120126348674959,10.917648632544372,strong
Glomerular,endothelial_mesangial,Lineage1,200,2.2161452658100824,10.878439879809532,strong
Glomerular,endothelial_mesangial,Lineage1,201,2.3125877050483075,10.839189537542081,strong
Glomerular,endothelial_mesangial,Lineage1,202,2.409558218781856,10.800082206467517,strong
Glomerular,endothelial_mesangial,Lineage1,203,2.5071613594029607,10.761302487311351,strong
Glomerular,endothelial_mesangial,Lineage1,204,2.6055016793038472,10.72303498079909,strong
Glomerular,endothelial_mesangial,Lineage1,205,2.704683730876741,10.685464287656243,strong
Glomerular,endothelial_mesangial,Lineage1,206,2.8048120665138754,10.648775008608316,strong
Glomerular,endothelial_mesangial,Lineage1,207,2.9059912386074718,10.613151744380817,strong
Glomerular,endothelial_mesangial,Lineage1,208,3.008325799549764,10.57877909569925,strong
Glomerular,endothelial_mesangial,Lineage1,209,3.111920301732974,10.545841663289128,strong
Glomerular,endothelial_mesangial,Lineage1,210,3.2168792975493345,10.514524047875952,strong
Glomerular,endothelial_mesangial,Lineage1,211,3.32330733939107,10.485010850185233,strong
Glomerular,endothelial_mesangial,Lineage1,212,3.431308979650413,10.457486670942478,strong
Glomerular,endothelial_mesangial,Lineage1,213,3.5409887707195833,10.43213611087319,strong
Glomerular,endothelial_mesangial,Lineage1,214,3.6524512649908174,10.409143770702885,strong
Glomerular,endothelial_mesangial,Lineage1,215,3.7658010148563386,10.388694251157059,strong
Glomerular,endothelial_mesangial,Lineage1,216,3.881142572708372,10.37097215296123,strong
Glomerular,endothelial_mesangial,Lineage1,217,3.9985804909391516,10.356162076840896,strong
Glomerular,endothelial_mesangial,Lineage1,218,4.118219321940898,10.34444862352157,strong
Glomerular,endothelial_mesangial,Lineage1,219,4.240163618105848,10.33601639372876,strong
Glomerular,endothelial_mesangial,Lineage1,220,4.36451793182622,10.331049988187967,strong
Glomerular,endothelial_mesangial,Lineage1,221,4.491386815494249,10.329734007624705,strong
Glomerular,endothelial_mesangial,Lineage1,222,4.6208748215021584,10.332253052764479,strong
Glomerular,endothelial_mesangial,Lineage1,223,4.753086502242181,10.338791724332793,strong
Glomerular,endothelial_mesangial,Lineage1,224,4.888126410106535,10.349534623055156,strong
Glomerular,endothelial_mesangial,Lineage1,225,5.02609909748746,10.364666349657078,strong
Glomerular,endothelial_mesangial,Lineage1,226,5.1670356685305405,10.384304626103484,strong
Glomerular,endothelial_mesangial,Lineage1,227,5.310196399315094,10.407865292040075,strong
Glomerular,endothelial_mesangial,Lineage1,228,5.454381030670532,10.434344843858927,strong
Glomerular,endothelial_mesangial,Lineage1,229,5.598383122836541,10.462734150177479,strong
Glomerular,endothelial_mesangial,Lineage1,230,5.740996236052823,10.492024079613172,strong
Glomerular,endothelial_mesangial,Lineage1,231,5.881013930559066,10.521205500783449,strong
Glomerular,endothelial_mesangial,Lineage1,232,6.017229766594966,10.549269282305739,strong
Glomerular,endothelial_mesangial,Lineage1,233,6.148437304400214,10.57520629279749,strong
Glomerular,endothelial_mesangial,Lineage1,234,6.273430104214512,10.598007400876144,strong
Glomerular,endothelial_mesangial,Lineage1,235,6.3910017262775485,10.616663475159132,strong
Glomerular,endothelial_mesangial,Lineage1,236,6.499945730829014,10.6301653842639,strong
Glomerular,endothelial_mesangial,Lineage1,237,6.59905567810861,10.637503996807887,strong
Glomerular,endothelial_mesangial,Lineage1,238,6.687125128356023,10.637670181408527,strong
Glomerular,endothelial_mesangial,Lineage1,239,6.762947641810954,10.629654806683266,strong
Glomerular,endothelial_mesangial,Lineage1,240,6.825316778713092,10.612448741249546,strong
Glomerular,endothelial_mesangial,Lineage1,241,6.873026099302133,10.585042853724795,strong
Glomerular,endothelial_mesangial,Lineage1,242,6.904869163817771,10.546428012726464,strong
Glomerular,endothelial_mesangial,Lineage1,243,6.9196395324996995,10.495595086871987,strong
Glomerular,endothelial_mesangial,Lineage1,244,6.916130765587614,10.431534944778805,strong
Glomerular,endothelial_mesangial,Lineage1,245,6.893136423321209,10.35323845506436,strong
Glomerular,endothelial_mesangial,Lineage1,246,6.849450065940172,10.259696486346083,strong
Glomerular,endothelial_mesangial,Lineage1,247,6.783865253684205,10.149899907241426,strong
Glomerular,endothelial_mesangial,Lineage1,248,6.6951755467929965,10.02283958636782,strong
Glomerular,endothelial_mesangial,Lineage1,249,6.582174505506243,9.877506392342704,strong
Glomerular,endothelial_mesangial,Lineage2,0,-4.187095799778396,12.259971810077648,caution
Glomerular,endothelial_mesangial,Lineage2,1,-4.310492965927862,12.281034253201794,caution
Glomerular,endothelial_mesangial,Lineage2,2,-4.417886749230627,12.276236496993242,caution
Glomerular,endothelial_mesangial,Lineage2,3,-4.510113827268003,12.247757445606629,caution
Glomerular,endothelial_mesangial,Lineage2,4,-4.588010877621299,12.197776003196582,caution
Glomerular,endothelial_mesangial,Lineage2,5,-4.652414577871821,12.128471073917726,caution
Glomerular,endothelial_mesangial,Lineage2,6,-4.704161605600881,12.042021561924699,caution
Glomerular,endothelial_mesangial,Lineage2,7,-4.744088638389784,11.940606371372118,caution
Glomerular,endothelial_mesangial,Lineage2,8,-4.773032353819847,11.826404406414628,caution
Glomerular,endothelial_mesangial,Lineage2,9,-4.79182942947237,11.701594571206849,caution
Glomerular,endothelial_mesangial,Lineage2,10,-4.801316542928668,11.56835576990341,caution
Glomerular,endothelial_mesangial,Lineage2,11,-4.802330371770047,11.428866906658941,caution
Glomerular,endothelial_mesangial,Lineage2,12,-4.795707593577817,11.285306885628078,caution
Glomerular,endothelial_mesangial,Lineage2,13,-4.782284885933288,11.139854610965441,caution
Glomerular,endothelial_mesangial,Lineage2,14,-4.762898926417767,10.994688986825663,caution
Glomerular,endothelial_mesangial,Lineage2,15,-4.738386392612564,10.851988917363371,caution
Glomerular,endothelial_mesangial,Lineage2,16,-4.709583962098989,10.713933306733201,caution
Glomerular,endothelial_mesangial,Lineage2,17,-4.677328312458351,10.58270105908978,caution
Glomerular,endothelial_mesangial,Lineage2,18,-4.642456121271956,10.460471078587734,caution
Glomerular,endothelial_mesangial,Lineage2,19,-4.605804066121117,10.349422269381693,caution
Glomerular,endothelial_mesangial,Lineage2,20,-4.568208824587139,10.251733535626292,caution
Glomerular,endothelial_mesangial,Lineage2,21,-4.530507074251335,10.169583781476152,caution
Glomerular,endothelial_mesangial,Lineage2,22,-4.4935354926950115,10.105151911085906,caution
Glomerular,endothelial_mesangial,Lineage2,23,-4.45813075749948,10.060616828610188,caution
Glomerular,endothelial_mesangial,Lineage2,24,-4.425129546246045,10.038157438203621,caution
Glomerular,endothelial_mesangial,Lineage2,25,-4.395325215506084,10.039791116199442,caution
Glomerular,endothelial_mesangial,Lineage2,26,-4.368871385544667,10.065149901839861,caution
Glomerular,endothelial_mesangial,Lineage2,27,-4.345433504878037,10.112045624746608,caution
Glomerular,endothelial_mesangial,Lineage2,28,-4.324664710345235,10.17824420890815,caution
Glomerular,endothelial_mesangial,Lineage2,29,-4.306218138785315,10.26151157831298,caution
Glomerular,endothelial_mesangial,Lineage2,30,-4.289746927037323,10.359613656949568,caution
Glomerular,endothelial_mesangial,Lineage2,31,-4.274904211940308,10.470316368806404,caution
Glomerular,endothelial_mesangial,Lineage2,32,-4.261343130333319,10.59138563787196,caution
Glomerular,endothelial_mesangial,Lineage2,33,-4.248716819055403,10.720587388134723,caution
Glomerular,endothelial_mesangial,Lineage2,34,-4.236678414945608,10.855687543583166,caution
Glomerular,endothelial_mesangial,Lineage2,35,-4.224881054842986,10.994452028205776,caution
Glomerular,endothelial_mesangial,Lineage2,36,-4.212977875586581,11.13464676599103,caution
Glomerular,endothelial_mesangial,Lineage2,37,-4.200622014015445,11.274037680927409,caution
Glomerular,endothelial_mesangial,Lineage2,38,-4.187466606968625,11.410390697003395,caution
Glomerular,endothelial_mesangial,Lineage2,39,-4.173164791285168,11.541471738207468,caution
Glomerular,endothelial_mesangial,Lineage2,40,-4.157369703804124,11.665046728528107,caution
Glomerular,endothelial_mesangial,Lineage2,41,-4.139734481364541,11.778881591953787,caution
Glomerular,endothelial_mesangial,Lineage2,42,-4.11991226080547,11.880742252473002,caution
Glomerular,endothelial_mesangial,Lineage2,43,-4.097556178965955,11.96839463407422,caution
Glomerular,endothelial_mesangial,Lineage2,44,-4.072319372685047,12.039604660745928,caution
Glomerular,endothelial_mesangial,Lineage2,45,-4.043854978801794,12.092138256476606,caution
Glomerular,endothelial_mesangial,Lineage2,46,-4.011816663391362,12.123764660011915,caution
Glomerular,endothelial_mesangial,Lineage2,47,-3.9760192715700025,12.133262620536286,caution
Glomerular,endothelial_mesangial,Lineage2,48,-3.9366649470025865,12.121836648828861,caution
Glomerular,endothelial_mesangial,Lineage2,49,-3.8940128156873315,12.091048152322038,caution
Glomerular,endothelial_mesangial,Lineage2,50,-3.8483220036224535,12.042458538448221,caution
Glomerular,endothelial_mesangial,Lineage2,51,-3.7998516368061717,11.977629214639808,caution
Glomerular,endothelial_mesangial,Lineage2,52,-3.748860841236701,11.898121588329204,caution
Glomerular,endothelial_mesangial,Lineage2,53,-3.6956087429122593,11.805497066948798,caution
Glomerular,endothelial_mesangial,Lineage2,54,-3.6403544678310635,11.701317057930998,caution
Glomerular,endothelial_mesangial,Lineage2,55,-3.5833571419913306,11.5871429687082,caution
Glomerular,endothelial_mesangial,Lineage2,56,-3.524875891391279,11.464536206712804,caution
Glomerular,endothelial_mesangial,Lineage2,57,-3.465169842029123,11.335058179377206,caution
Glomerular,endothelial_mesangial,Lineage2,58,-3.404498119903082,11.20027029413381,caution
Glomerular,endothelial_mesangial,Lineage2,59,-3.3431198510113727,11.061733958415019,caution
Glomerular,endothelial_mesangial,Lineage2,60,-3.2812941613522124,10.921010579653226,caution
Glomerular,endothelial_mesangial,Lineage2,61,-3.2192801769238173,10.779661565280833,caution
Glomerular,endothelial_mesangial,Lineage2,62,-3.1573370237244056,10.63924832273024,caution
Glomerular,endothelial_mesangial,Lineage2,63,-3.0957238277521935,10.501332259433845,caution
Glomerular,endothelial_mesangial,Lineage2,64,-3.0346997150053983,10.367474782824049,caution
Glomerular,endothelial_mesangial,Lineage2,65,-2.974523811482237,10.23923730033325,caution
Glomerular,endothelial_mesangial,Lineage2,66,-2.9154552431809266,10.11818121939385,caution
Glomerular,endothelial_mesangial,Lineage2,67,-2.857753136099684,10.005867947438244,caution
Glomerular,endothelial_mesangial,Lineage2,68,-2.801676616236728,9.903858891898837,caution
Glomerular,endothelial_mesangial,Lineage2,69,-2.7474848095902726,9.813715460208025,caution
Glomerular,endothelial_mesangial,Lineage2,70,-2.695436842158538,9.736999059798208,caution
Glomerular,endothelial_mesangial,Lineage2,71,-2.645791839939739,9.675271098101788,caution
Glomerular,endothelial_mesangial,Lineage2,72,-2.5988089289320953,9.630092982551163,caution
Glomerular,endothelial_mesangial,Lineage2,73,-2.5547472351338207,9.60302612057873,caution
Glomerular,endothelial_mesangial,Lineage2,74,-2.513865884543135,9.595631919616894,caution
Glomerular,endothelial_mesangial,Lineage2,75,-2.4764240031582534,9.609471787098048,caution
Glomerular,endothelial_mesangial,Lineage2,76,-2.442673966698621,9.646040127328227,caution
Glomerular,endothelial_mesangial,Lineage2,77,-2.4126782020727715,9.704945916676781,caution
Glomerular,endothelial_mesangial,Lineage2,78,-2.386287645872283,9.783698883036422,caution
Glomerular,endothelial_mesangial,Lineage2,79,-2.3633421605171847,9.879698832303996,caution
Glomerular,endothelial_mesangial,Lineage2,80,-2.3436816084275067,9.990345570376354,caution
Glomerular,endothelial_mesangial,Lineage2,81,-2.3271458520232797,10.113038903150338,caution
Glomerular,endothelial_mesangial,Lineage2,82,-2.313574753724535,10.245178636522802,caution
Glomerular,endothelial_mesangial,Lineage2,83,-2.302808175951301,10.384164576390587,caution
Glomerular,endothelial_mesangial,Lineage2,84,-2.2946859811236084,10.527396528650547,caution
Glomerular,endothelial_mesangial,Lineage2,85,-2.2890480316614887,10.672274299199525,caution
Glomerular,endothelial_mesangial,Lineage2,86,-2.285734189984973,10.816197693934376,caution
Glomerular,endothelial_mesangial,Lineage2,87,-2.284584318514088,10.956566518751934,caution
Glomerular,endothelial_mesangial,Lineage2,88,-2.2854382796688677,11.09078057954906,caution
Glomerular,endothelial_mesangial,Lineage2,89,-2.2881359358693407,11.216239682222598,caution
Glomerular,endothelial_mesangial,Lineage2,90,-2.292517149535538,11.330343632669393,caution
Glomerular,endothelial_mesangial,Lineage2,91,-2.29842178308749,11.430492236786296,caution
Glomerular,endothelial_mesangial,Lineage2,92,-2.3056896989452254,11.51408530047015,caution
Glomerular,endothelial_mesangial,Lineage2,93,-2.3141607595287765,11.578522629617808,caution
Glomerular,endothelial_mesangial,Lineage2,94,-2.323674827258173,11.621204030126115,caution
Glomerular,endothelial_mesangial,Lineage2,95,-2.3340717645534452,11.639529307891918,caution
Glomerular,endothelial_mesangial,Lineage2,96,-2.3451913243069287,11.630901230750132,caution
Glomerular,endothelial_mesangial,Lineage2,97,-2.3568191713672597,11.594185259922016,caution
Glomerular,endothelial_mesangial,Lineage2,98,-2.3685996679484944,11.532068078750157,caution
Glomerular,endothelial_mesangial,Lineage2,99,-2.3801543885814835,11.447852613858112,caution
Glomerular,endothelial_mesangial,Lineage2,100,-2.3911049077970805,11.344841791869456,caution
Glomerular,endothelial_mesangial,Lineage2,101,-2.401072800126138,11.226338539407756,caution
Glomerular,endothelial_mesangial,Lineage2,102,-2.409679640099508,11.095645783096575,caution
Glomerular,endothelial_mesangial,Lineage2,103,-2.4165470022480418,10.956066449559478,caution
Glomerular,endothelial_mesangial,Lineage2,104,-2.4212964611025938,10.810903465420042,caution
Glomerular,endothelial_mesangial,Lineage2,105,-2.423549591194015,10.663459757301826,caution
Glomerular,endothelial_mesangial,Lineage2,106,-2.422927967053158,10.5170382518284,caution
Glomerular,endothelial_mesangial,Lineage2,107,-2.419053163210876,10.374941875623326,caution
Glomerular,endothelial_mesangial,Lineage2,108,-2.4115467541980204,10.24047355531018,caution
Glomerular,endothelial_mesangial,Lineage2,109,-2.400030314545445,10.116936217512523,caution
Glomerular,endothelial_mesangial,Lineage2,110,-2.3841254187840004,10.00763278885392,caution
Glomerular,endothelial_mesangial,Lineage2,111,-2.36345364144454,9.915866195957944,caution
Glomerular,endothelial_mesangial,Lineage2,112,-2.3376365570579165,9.844939365448157,caution
Glomerular,endothelial_mesangial,Lineage2,113,-2.3062957401549804,9.798155223948129,caution
Glomerular,endothelial_mesangial,Lineage2,114,-2.269052765266587,9.778816698081426,caution
Glomerular,endothelial_mesangial,Lineage2,115,-2.2255483495969077,9.790139031210193,caution
Glomerular,endothelial_mesangial,Lineage2,116,-2.176146472088732,9.832024556997903,caution
Glomerular,endothelial_mesangial,Lineage2,117,-2.1221387335441317,9.90012662524747,caution
Glomerular,endothelial_mesangial,Lineage2,118,-2.0648775445506375,9.98982004575721,caution
Glomerular,endothelial_mesangial,Lineage2,119,-2.0057153156957788,10.096479628325424,caution
Glomerular,endothelial_mesangial,Lineage2,120,-1.9460044575670843,10.215480182750422,caution
Glomerular,endothelial_mesangial,Lineage2,121,-1.8870973807520843,10.34219651883051,caution
Glomerular,endothelial_mesangial,Lineage2,122,-1.8303464958383069,10.472003446363995,caution
Glomerular,endothelial_mesangial,Lineage2,123,-1.777104213413282,10.600275775149186,caution
Glomerular,endothelial_mesangial,Lineage2,124,-1.7287229440645397,10.722388314984384,caution
Glomerular,endothelial_mesangial,Lineage2,125,-1.6865550983796094,10.833715875667899,caution
Glomerular,endothelial_mesangial,Lineage2,126,-1.6519530869460193,10.92963326699804,caution
Glomerular,endothelial_mesangial,Lineage2,127,-1.6262693203513001,11.00551529877311,caution
Glomerular,endothelial_mesangial,Lineage2,128,-1.61085620918298,11.05673678079142,caution
Glomerular,endothelial_mesangial,Lineage2,129,-1.6070661640285897,11.078672522851276,caution
Glomerular,endothelial_mesangial,Lineage2,130,-1.6159025081605667,11.067506863528154,caution
Glomerular,endothelial_mesangial,Lineage2,131,-1.6358397964331715,11.025288321265537,caution
Glomerular,endothelial_mesangial,Lineage2,132,-1.6642389133558384,10.956648001021641,caution
Glomerular,endothelial_mesangial,Lineage2,133,-1.698455899527619,10.86622824071756,caution
Glomerular,endothelial_mesangial,Lineage2,134,-1.735846795547561,10.758671378274395,caution
Glomerular,endothelial_mesangial,Lineage2,135,-1.7737676420147148,10.638619751613236,caution
Glomerular,endothelial_mesangial,Lineage2,136,-1.8095744795281286,10.510715698655188,caution
Glomerular,endothelial_mesangial,Lineage2,137,-1.840623348686854,10.379601557321344,caution
Glomerular,endothelial_mesangial,Lineage2,138,-1.8642702900899377,10.2499196655328,caution
Glomerular,endothelial_mesangial,Lineage2,139,-1.8782406610390336,10.125755144826028,caution
Glomerular,endothelial_mesangial,Lineage2,140,-1.8824669966251275,10.00786297862204,caution
Glomerular,endothelial_mesangial,Lineage2,141,-1.8776982509044062,9.895766356542875,caution
Glomerular,endothelial_mesangial,Lineage2,142,-1.864684693866451,9.78898648276108,caution
Glomerular,endothelial_mesangial,Lineage2,143,-1.8441765955008482,9.687044561449227,caution
Glomerular,endothelial_mesangial,Lineage2,144,-1.8169242257971803,9.589461796779867,caution
Glomerular,endothelial_mesangial,Lineage2,145,-1.7836778547450323,9.49575939292556,caution
Glomerular,endothelial_mesangial,Lineage2,146,-1.7451877523339863,9.405458554058864,caution
Glomerular,endothelial_mesangial,Lineage2,147,-1.7022041885536288,9.318080484352343,caution
Glomerular,endothelial_mesangial,Lineage2,148,-1.655477433393541,9.23314638797855,caution
Glomerular,endothelial_mesangial,Lineage2,149,-1.6057577568433101,9.150177469110051,caution
Glomerular,endothelial_mesangial,Lineage2,150,-1.5537954288925167,9.068694931919397,caution
Glomerular,endothelial_mesangial,Lineage2,151,-1.5003407195307459,8.988219980579153,caution
Glomerular,endothelial_mesangial,Lineage2,152,-1.4461438987475839,8.908273819261877,caution
Glomerular,endothelial_mesangial,Lineage2,153,-1.391955236532611,8.828377652140126,caution
Glomerular,endothelial_mesangial,Lineage2,154,-1.3385250028754148,8.748052683386462,caution
Glomerular,endothelial_mesangial,Lineage2,155,-1.2866034677655755,8.666820117173438,caution
Glomerular,endothelial_mesangial,Lineage2,156,-1.2369409011926804,8.58420115767362,caution
Glomerular,endothelial_mesangial,Lineage2,157,-1.1902875731463105,8.499717009059564,caution
Glomerular,endothelial_mesangial,Lineage2,158,-1.1473937536160528,8.412888875503834,caution
Glomerular,endothelial_mesangial,Lineage2,159,-1.1090097125914882,8.323237961178977,caution
Glomerular,endothelial_mesangial,Lineage2,160,-1.0758857200622023,8.230285470257563,caution
Glomerular,endothelial_mesangial,Lineage2,161,-1.0487720460177796,8.133552606912147,caution
Glomerular,endothelial_mesangial,Lineage2,162,-1.028418960447803,8.032560575315289,caution
Glomerular,endothelial_mesangial,Lineage2,163,-1.0155767333418566,7.926830579639549,caution
Glomerular,endothelial_mesangial,Lineage2,164,-1.0109828769569245,7.816018530802198,caution
Glomerular,endothelial_mesangial,Lineage2,165,-1.0150763564655712,7.702932647983162,caution
Glomerular,endothelial_mesangial,Lineage2,166,-1.027994717934136,7.593563783818376,caution
Glomerular,endothelial_mesangial,Lineage2,167,-1.04986217527549,7.494043562901464,caution
Glomerular,endothelial_mesangial,Lineage2,168,-1.0808029424025067,7.410503609826039,caution
Glomerular,endothelial_mesangial,Lineage2,169,-1.1209376228665997,7.349051571941311,caution
Glomerular,endothelial_mesangial,Lineage2,170,-1.169991799346782,7.31317167173519,caution
Glomerular,endothelial_mesangial,Lineage2,171,-1.2269453950548588,7.3013960349306055,caution
Glomerular,endothelial_mesangial,Lineage2,172,-1.290695591886201,7.311707283055266,caution
Glomerular,endothelial_mesangial,Lineage2,173,-1.3601395717361844,7.342088037636874,caution
Glomerular,endothelial_mesangial,Lineage2,174,-1.4341745165001776,7.390520920203131,caution
Glomerular,endothelial_mesangial,Lineage2,175,-1.511697608073557,7.454988552281748,caution
Glomerular,endothelial_mesangial,Lineage2,176,-1.5916060283516913,7.533473555400422,caution
Glomerular,endothelial_mesangial,Lineage2,177,-1.6727969592299572,7.623958551086868,caution
Glomerular,endothelial_mesangial,Lineage2,178,-1.7541675826037229,7.724426160868781,caution
Glomerular,endothelial_mesangial,Lineage2,179,-1.8346150803683643,7.832859006273871,caution
Glomerular,endothelial_mesangial,Lineage2,180,-1.9130366344192509,7.947239708829839,caution
Glomerular,endothelial_mesangial,Lineage2,181,-1.988329426651759,8.065550890064396,caution
Glomerular,endothelial_mesangial,Lineage2,182,-2.0593906389612586,8.185775171505242,caution
Glomerular,endothelial_mesangial,Lineage2,183,-2.125117453243121,8.30589517468008,caution
Glomerular,endothelial_mesangial,Lineage2,184,-2.184407051392722,8.423893521116618,caution
Glomerular,endothelial_mesangial,Lineage2,185,-2.236806626131835,8.537711249662571,caution
Glomerular,endothelial_mesangial,Lineage2,186,-2.2844751349278867,8.645122318598371,caution
Glomerular,endothelial_mesangial,Lineage2,187,-2.3302274199931605,8.743858727756454,caution
Glomerular,endothelial_mesangial,Lineage2,188,-2.3768783235421473,8.831652476969115,caution
Glomerular,endothelial_mesangial,Lineage2,189,-2.4272426877893327,8.90623556606865,caution
Glomerular,endothelial_mesangial,Lineage2,190,-2.484135354949206,8.965339994887358,caution
Glomerular,endothelial_mesangial,Lineage2,191,-2.5503686114063475,9.006699268849687,caution
Glomerular,endothelial_mesangial,Lineage2,192,-2.627442420791877,9.028819958457941,caution
Glomerular,endothelial_mesangial,Lineage2,193,-2.7134074825364802,9.03224053200067,caution
Glomerular,endothelial_mesangial,Lineage2,194,-2.805754574388739,9.017829297280082,caution
Glomerular,endothelial_mesangial,Lineage2,195,-2.9019744740972433,8.986454562098382,caution
Glomerular,endothelial_mesangial,Lineage2,196,-2.9995579594105743,8.93898463425778,caution
Glomerular,endothelial_mesangial,Lineage2,197,-3.095995808077323,8.876287821560478,caution
Glomerular,endothelial_mesangial,Lineage2,198,-3.1887787978460693,8.799232431808694,caution
Glomerular,endothelial_mesangial,Lineage2,199,-3.275397706465403,8.708686772804619,caution
Glomerular,endothelial_mesangial,Lineage2,200,-3.3533433116839078,8.605519152350476,caution
Glomerular,endothelial_mesangial,Lineage2,201,-3.4205791745794527,8.49065420644905,caution
Glomerular,endothelial_mesangial,Lineage2,202,-3.477103043743984,8.365258927622982,caution
Glomerular,endothelial_mesangial,Lineage2,203,-3.523459642673318,8.230565475904406,caution
Glomerular,endothelial_mesangial,Lineage2,204,-3.5601937021653103,8.087806012195434,caution
Glomerular,endothelial_mesangial,Lineage2,205,-3.5878499530178156,7.938212697398192,caution
Glomerular,endothelial_mesangial,Lineage2,206,-3.6069731260286892,7.783017692414775,caution
Glomerular,endothelial_mesangial,Lineage2,207,-3.6181079519957877,7.623453158147313,caution
Glomerular,endothelial_mesangial,Lineage2,208,-3.6217991617169663,7.460751255497907,caution
Glomerular,endothelial_mesangial,Lineage2,209,-3.618591485990081,7.296144145368679,caution
Glomerular,endothelial_mesangial,Lineage2,210,-3.6090296556129853,7.130863988661733,caution
Glomerular,endothelial_mesangial,Lineage2,211,-3.593658401383537,6.966142946279195,caution
Glomerular,endothelial_mesangial,Lineage2,212,-3.5730224540995916,6.803213179123168,caution
Glomerular,endothelial_mesangial,Lineage2,213,-3.547666544559004,6.643306848095773,caution
Glomerular,endothelial_mesangial,Lineage2,214,-3.5181354035596293,6.487656114099116,caution
Glomerular,endothelial_mesangial,Lineage2,215,-3.484973761899323,6.337493138035313,caution
Glomerular,endothelial_mesangial,Lineage2,216,-3.4487263503759436,6.194050080806486,caution
Glomerular,endothelial_mesangial,Lineage2,217,-3.4099378997873417,6.0585591033147335,caution
Glomerular,endothelial_mesangial,Lineage2,218,-3.369153140931377,5.9322523664621825,caution
Glomerular,endothelial_mesangial,Lineage2,219,-3.3269168046059026,5.816362031150936,caution
Glomerular,endothelial_mesangial,Lineage2,220,-3.2837736216087765,5.712120258283115,caution
Glomerular,endothelial_mesangial,Lineage2,221,-3.240268322737851,5.620759208760828,caution
Glomerular,endothelial_mesangial,Lineage2,222,-3.196945638790985,5.543511043486192,caution
Glomerular,endothelial_mesangial,Lineage2,223,-3.1543503005660307,5.481607923361318,caution
Glomerular,endothelial_mesangial,Lineage2,224,-3.113027038860847,5.436282009288321,caution
Glomerular,endothelial_mesangial,Lineage2,225,-3.0735205844732874,5.408765462169313,caution
Glomerular,endothelial_mesangial,Lineage2,226,-3.0363756682012077,5.4002904429064085,caution
Glomerular,endothelial_mesangial,Lineage2,227,-3.0021370208424645,5.412089112401722,caution
Glomerular,endothelial_mesangial,Lineage2,228,-2.9713493731949114,5.445393631557364,caution
Glomerular,endothelial_mesangial,Lineage2,229,-2.9445574560564065,5.50143616127545,caution
Glomerular,endothelial_mesangial,Lineage2,230,-2.9223060002248027,5.581448862458093,caution
Glomerular,endothelial_mesangial,Lineage2,231,-2.9051366348498258,5.686361203764443,caution
Glomerular,endothelial_mesangial,Lineage2,232,-2.8935361871378733,5.811754489770333,caution
Glomerular,endothelial_mesangial,Lineage2,233,-2.8879445460296944,5.948629283360875,caution
Glomerular,endothelial_mesangial,Lineage2,234,-2.888800083391212,6.087838094914617,caution
Glomerular,endothelial_mesangial,Lineage2,235,-2.8965411710883524,6.2202334348101,caution
Glomerular,endothelial_mesangial,Lineage2,236,-2.91160618098704,6.336667813425863,caution
Glomerular,endothelial_mesangial,Lineage2,237,-2.934433484953199,6.4279937411404555,caution
Glomerular,endothelial_mesangial,Lineage2,238,-2.9654614548527527,6.485063728332416,caution
Glomerular,endothelial_mesangial,Lineage2,239,-3.0051284625516286,6.49873028538029,caution
Glomerular,endothelial_mesangial,Lineage2,240,-3.053621951003893,6.4614823996963695,caution
Glomerular,endothelial_mesangial,Lineage2,241,-3.108703244519931,6.381631418149971,caution
Glomerular,endothelial_mesangial,Lineage2,242,-3.1667738427244516,6.276357023473237,caution
Glomerular,endothelial_mesangial,Lineage2,243,-3.2242202490383107,6.162936698779382,caution
Glomerular,endothelial_mesangial,Lineage2,244,-3.277428966882361,6.058647927181635,caution
Glomerular,endothelial_mesangial,Lineage2,245,-3.322786499677459,5.980768191793208,caution
Glomerular,endothelial_mesangial,Lineage2,246,-3.3566793508444577,5.9465749757273265,caution
Glomerular,endothelial_mesangial,Lineage2,247,-3.3754940238042104,5.973345762097212,caution
Glomerular,endothelial_mesangial,Lineage2,248,-3.3756170219775736,6.078358034016085,caution
Glomerular,endothelial_mesangial,Lineage2,249,-3.3534348487854,6.278889274597168,caution
Glomerular,endothelial_mesangial,Lineage3,0,-3.957026912512992,12.430512002478077,strong
Glomerular,endothelial_mesangial,Lineage3,1,-4.054467774244783,12.424863165871196,strong
Glomerular,endothelial_mesangial,Lineage3,2,-4.141327884498056,12.408318950160288,strong
Glomerular,endothelial_mesangial,Lineage3,3,-4.217970563861457,12.381776141343149,strong
Glomerular,endothelial_mesangial,Lineage3,4,-4.284759132923618,12.34613152541756,strong
Glomerular,endothelial_mesangial,Lineage3,5,-4.342056912273179,12.302281888381309,strong
Glomerular,endothelial_mesangial,Lineage3,6,-4.3902272224987815,12.251124016232193,strong
Glomerular,endothelial_mesangial,Lineage3,7,-4.429633384189059,12.193554694967991,strong
Glomerular,endothelial_mesangial,Lineage3,8,-4.460638717932654,12.1304707105865,strong
Glomerular,endothelial_mesangial,Lineage3,9,-4.483606544318204,12.062768849085508,strong
Glomerular,endothelial_mesangial,Lineage3,10,-4.498900183934346,11.991345896462796,strong
Glomerular,endothelial_mesangial,Lineage3,11,-4.506882957369719,11.917098638716162,strong
Glomerular,endothelial_mesangial,Lineage3,12,-4.507918185212963,11.840923861843391,strong
Glomerular,endothelial_mesangial,Lineage3,13,-4.5023691880527155,11.763718351842273,strong
Glomerular,endothelial_mesangial,Lineage3,14,-4.4905992864776145,11.686378894710598,strong
Glomerular,endothelial_mesangial,Lineage3,15,-4.472971801076299,11.60980227644615,strong
Glomerular,endothelial_mesangial,Lineage3,16,-4.449850052437408,11.534885283046723,strong
Glomerular,endothelial_mesangial,Lineage3,17,-4.42159736114958,11.462524700510107,strong
Glomerular,endothelial_mesangial,Lineage3,18,-4.388577047801451,11.393617314834081,strong
Glomerular,endothelial_mesangial,Lineage3,19,-4.351152432981662,11.329059912016445,strong
Glomerular,endothelial_mesangial,Lineage3,20,-4.309686837278852,11.269749278054983,strong
Glomerular,endothelial_mesangial,Lineage3,21,-4.264543581281657,11.216582198947487,strong
Glomerular,endothelial_mesangial,Lineage3,22,-4.216085985578716,11.170455460691738,strong
Glomerular,endothelial_mesangial,Lineage3,23,-4.164677370758669,11.132265849285533,strong
Glomerular,endothelial_mesangial,Lineage3,24,-4.110681057410154,11.10291015072666,strong
Glomerular,endothelial_mesangial,Lineage3,25,-4.05446036612181,11.083285151012904,strong
Glomerular,endothelial_mesangial,Lineage3,26,-3.9963786174822746,11.074287636142058,strong
Glomerular,endothelial_mesangial,Lineage3,27,-3.936800540178963,11.076747375952584,strong
Glomerular,endothelial_mesangial,Lineage3,28,-3.876124573108394,11.089889757990528,strong
Glomerular,endothelial_mesangial,Lineage3,29,-3.814783617726137,11.111299980643816,strong
Glomerular,endothelial_mesangial,Lineage3,30,-3.753212134079506,11.138489063674115,strong
Glomerular,endothelial_mesangial,Lineage3,31,-3.691844582215819,11.168968026843107,strong
Glomerular,endothelial_mesangial,Lineage3,32,-3.6311154221823903,11.200247889912465,strong
Glomerular,endothelial_mesangial,Lineage3,33,-3.571459114026535,11.229839672643868,strong
Glomerular,endothelial_mesangial,Lineage3,34,-3.51331011779557,11.255254394798987,strong
Glomerular,endothelial_mesangial,Lineage3,35,-3.457102893536811,11.274003076139502,strong
Glomerular,endothelial_mesangial,Lineage3,36,-3.403271901297575,11.283596736427091,strong
Glomerular,endothelial_mesangial,Lineage3,37,-3.3522516011251753,11.281546395423424,strong
Glomerular,endothelial_mesangial,Lineage3,38,-3.304454493803637,11.265495276210165,strong
Glomerular,endothelial_mesangial,Lineage3,39,-3.2599248356805917,11.23530357683786,strong
Glomerular,endothelial_mesangial,Lineage3,40,-3.218401642254602,11.192669164185153,strong
Glomerular,endothelial_mesangial,Lineage3,41,-3.17961470972628,11.13934540889604,strong
Glomerular,endothelial_mesangial,Lineage3,42,-3.143293834296239,11.077085681614502,strong
Glomerular,endothelial_mesangial,Lineage3,43,-3.109168812165089,11.00764335298453,strong
Glomerular,endothelial_mesangial,Lineage3,44,-3.0769694395334435,10.932771793650112,strong
Glomerular,endothelial_mesangial,Lineage3,45,-3.046425512601914,10.854224374255237,strong
Glomerular,endothelial_mesangial,Lineage3,46,-3.017266827571113,10.773754465443888,strong
Glomerular,endothelial_mesangial,Lineage3,47,-2.9892231806416536,10.693115437860058,strong
Glomerular,endothelial_mesangial,Lineage3,48,-2.9620243680141463,10.614060662147736,strong
Glomerular,endothelial_mesangial,Lineage3,49,-2.935400185889204,10.538343508950902,strong
Glomerular,endothelial_mesangial,Lineage3,50,-2.909080430467439,10.46771734891355,strong
Glomerular,endothelial_mesangial,Lineage3,51,-2.8827948979494638,10.403935552679672,strong
Glomerular,endothelial_mesangial,Lineage3,52,-2.856273384535889,10.348751490893244,strong
Glomerular,endothelial_mesangial,Lineage3,53,-2.8292456864273285,10.303918534198262,strong
Glomerular,endothelial_mesangial,Lineage3,54,-2.801441599824394,10.271190053238712,strong
Glomerular,endothelial_mesangial,Lineage3,55,-2.7725909209276978,10.252319418658582,strong
Glomerular,endothelial_mesangial,Lineage3,56,-2.742423445937851,10.249060001101858,strong
Glomerular,endothelial_mesangial,Lineage3,57,-2.7106691258202322,10.263164363625966,strong
Glomerular,endothelial_mesangial,Lineage3,58,-2.6772920666411126,10.295163211629253,strong
Glomerular,endothelial_mesangial,Lineage3,59,-2.642961723025874,10.341906632253293,strong
Glomerular,endothelial_mesangial,Lineage3,60,-2.6084798291363653,10.399554457487618,strong
Glomerular,endothelial_mesangial,Lineage3,61,-2.574648119134436,10.464266519321743,strong
Glomerular,endothelial_mesangial,Lineage3,62,-2.542268327181935,10.532202649745201,strong
Glomerular,endothelial_mesangial,Lineage3,63,-2.512142187440713,10.59952268074752,strong
Glomerular,endothelial_mesangial,Lineage3,64,-2.485071434072618,10.662386444318216,strong
Glomerular,endothelial_mesangial,Lineage3,65,-2.4618578012394994,10.716953772446821,strong
Glomerular,endothelial_mesangial,Lineage3,66,-2.4433030231032067,10.75938449712286,strong
Glomerular,endothelial_mesangial,Lineage3,67,-2.4301647847424404,10.785977801652031,strong
Glomerular,endothelial_mesangial,Lineage3,68,-2.422380659631837,10.795627330410955,strong
Glomerular,endothelial_mesangial,Lineage3,69,-2.4191628636013474,10.789521430304921,strong
Glomerular,endothelial_mesangial,Lineage3,70,-2.4196986037834516,10.768927564412786,strong
Glomerular,endothelial_mesangial,Lineage3,71,-2.423175087310628,10.735113195813405,strong
Glomerular,endothelial_mesangial,Lineage3,72,-2.4287795213153585,10.689345787585644,strong
Glomerular,endothelial_mesangial,Lineage3,73,-2.4356991129301218,10.632892802808366,strong
Glomerular,endothelial_mesangial,Lineage3,74,-2.4431210692873986,10.567021704560426,strong
Glomerular,endothelial_mesangial,Lineage3,75,-2.4502325975196695,10.492999955920691,strong
Glomerular,endothelial_mesangial,Lineage3,76,-2.4562209047594132,10.412095019968016,strong
Glomerular,endothelial_mesangial,Lineage3,77,-2.460273198139111,10.325574359781262,strong
Glomerular,endothelial_mesangial,Lineage3,78,-2.461576684791242,10.234705438439295,strong
Glomerular,endothelial_mesangial,Lineage3,79,-2.4593185718482866,10.140755719020971,strong
Glomerular,endothelial_mesangial,Lineage3,80,-2.452686066442725,10.04499266460515,strong
Glomerular,endothelial_mesangial,Lineage3,81,-2.440866375707037,9.948683738270695,strong
Glomerular,endothelial_mesangial,Lineage3,82,-2.423046706773703,9.853096403096467,strong
Glomerular,endothelial_mesangial,Lineage3,83,-2.3984153993935005,9.759498106946442,strong
Glomerular,endothelial_mesangial,Lineage3,84,-2.3666194619871828,9.669150136217906,strong
Glomerular,endothelial_mesangial,Lineage3,85,-2.3284659675644477,9.583298193729425,strong
Glomerular,endothelial_mesangial,Lineage3,86,-2.284942593476695,9.503185556174317,strong
Glomerular,endothelial_mesangial,Lineage3,87,-2.2370370170753255,9.430055500245912,strong
Glomerular,endothelial_mesangial,Lineage3,88,-2.18573691571174,9.365151302637535,strong
Glomerular,endothelial_mesangial,Lineage3,89,-2.132029966737338,9.309716240042508,strong
Glomerular,endothelial_mesangial,Lineage3,90,-2.0769038475035195,9.264993589154157,strong
Glomerular,endothelial_mesangial,Lineage3,91,-2.021346235361685,9.232226626665806,strong
Glomerular,endothelial_mesangial,Lineage3,92,-1.9663448076632357,9.212658629270782,strong
Glomerular,endothelial_mesangial,Lineage3,93,-1.9128872417595717,9.207532873662409,strong
Glomerular,endothelial_mesangial,Lineage3,94,-1.861961215002093,9.21809263653401,strong
Glomerular,endothelial_mesangial,Lineage3,95,-1.8145544047422,9.245581194578913,strong
Glomerular,endothelial_mesangial,Lineage3,96,-1.77165388915666,9.291238570669263,strong
Glomerular,endothelial_mesangial,Lineage3,97,-1.7338911654018598,9.354373802969288,strong
Glomerular,endothelial_mesangial,Lineage3,98,-1.7009425836769758,9.429108998782219,strong
Glomerular,endothelial_mesangial,Lineage3,99,-1.672325771533985,9.508704321193303,strong
Glomerular,endothelial_mesangial,Lineage3,100,-1.6475583565248615,9.58641993328777,strong
Glomerular,endothelial_mesangial,Lineage3,101,-1.626157966201581,9.655515998150857,strong
Glomerular,endothelial_mesangial,Lineage3,102,-1.6076422281161193,9.709252678867804,strong
Glomerular,endothelial_mesangial,Lineage3,103,-1.5915287698204523,9.740890138523847,strong
Glomerular,endothelial_mesangial,Lineage3,104,-1.577335218866555,9.743688540204223,strong
Glomerular,endothelial_mesangial,Lineage3,105,-1.5643176672197519,9.713203997516281,strong
Glomerular,endothelial_mesangial,Lineage3,106,-1.550442806558589,9.6563119221391,strong
Glomerular,endothelial_mesangial,Lineage3,107,-1.5332806531254597,9.583370032639317,strong
Glomerular,endothelial_mesangial,Lineage3,108,-1.5104207859789602,9.504679436040849,strong
Glomerular,endothelial_mesangial,Lineage3,109,-1.4806823371486604,9.426943040863769,strong
Glomerular,endothelial_mesangial,Lineage3,110,-1.4448191152717096,9.351202063420422,strong
Glomerular,endothelial_mesangial,Lineage3,111,-1.4037547733036888,9.278000682817835,strong
Glomerular,endothelial_mesangial,Lineage3,112,-1.358412964200179,9.20788307816304,strong
Glomerular,endothelial_mesangial,Lineage3,113,-1.309717340916762,9.14139342856307,strong
Glomerular,endothelial_mesangial,Lineage3,114,-1.2585915564090195,9.07907591312496,strong
Glomerular,endothelial_mesangial,Lineage3,115,-1.2059592636325323,9.021474710955736,strong
Glomerular,endothelial_mesangial,Lineage3,116,-1.1527441155428824,8.969134001162438,strong
Glomerular,endothelial_mesangial,Lineage3,117,-1.09986976509565,8.922597962852086,strong
Glomerular,endothelial_mesangial,Lineage3,118,-1.0482598652464175,8.882410775131723,strong
Glomerular,endothelial_mesangial,Lineage3,119,-0.9988380689507655,8.849116617108374,strong
Glomerular,endothelial_mesangial,Lineage3,120,-0.9525280291642757,8.823259667889074,strong
Glomerular,endothelial_mesangial,Lineage3,121,-0.9102533988425294,8.805384106580854,strong
Glomerular,endothelial_mesangial,Lineage3,122,-0.8729378309411079,8.796034112290748,strong
Glomerular,endothelial_mesangial,Lineage3,123,-0.8415049784155921,8.795753864125786,strong
Glomerular,endothelial_mesangial,Lineage3,124,-0.8168784942215641,8.805087541192998,strong
Glomerular,endothelial_mesangial,Lineage3,125,-0.7998644800634942,8.824479346135796,strong
Glomerular,endothelial_mesangial,Lineage3,126,-0.7903339088566398,8.853578161526613,strong
Glomerular,endothelial_mesangial,Lineage3,127,-0.7877111771698293,8.891653060081053,strong
Glomerular,endothelial_mesangial,Lineage3,128,-0.7914179152080684,8.937970761742903,strong
Glomerular,endothelial_mesangial,Lineage3,129,-0.8008757531763636,8.991797986455943,strong
Glomerular,endothelial_mesangial,Lineage3,130,-0.8155063212797206,9.052401454163958,strong
Glomerular,endothelial_mesangial,Lineage3,131,-0.8347312497231459,9.119047884810726,strong
Glomerular,endothelial_mesangial,Lineage3,132,-0.8579721687116448,9.191003998340028,strong
Glomerular,endothelial_mesangial,Lineage3,133,-0.8846507084502246,9.267536514695653,strong
Glomerular,endothelial_mesangial,Lineage3,134,-0.9141884991438901,9.347912153821373,strong
Glomerular,endothelial_mesangial,Lineage3,135,-0.9460071709976485,9.431397635660975,strong
Glomerular,endothelial_mesangial,Lineage3,136,-0.9795283542165049,9.517259680158242,strong
Glomerular,endothelial_mesangial,Lineage3,137,-1.0141736790054665,9.604765007256958,strong
Glomerular,endothelial_mesangial,Lineage3,138,-1.0493647755695374,9.693180336900893,strong
Glomerular,endothelial_mesangial,Lineage3,139,-1.0845232741137267,9.781772389033845,strong
Glomerular,endothelial_mesangial,Lineage3,140,-1.1190708048430387,9.869807883599588,strong
Glomerular,endothelial_mesangial,Lineage3,141,-1.1524289979624787,9.956553540541902,strong
Glomerular,endothelial_mesangial,Lineage3,142,-1.1840194836770541,10.041276079804572,strong
Glomerular,endothelial_mesangial,Lineage3,143,-1.21326389219177,10.12324222133138,strong
Glomerular,endothelial_mesangial,Lineage3,144,-1.239583853711634,10.201718685066107,strong
Glomerular,endothelial_mesangial,Lineage3,145,-1.2624009984416502,10.27597219095253,strong
Glomerular,endothelial_mesangial,Lineage3,146,-1.2811369565868267,10.34526945893444,strong
Glomerular,endothelial_mesangial,Lineage3,147,-1.2952133583521679,10.408877208955614,strong
Glomerular,endothelial_mesangial,Lineage3,148,-1.304051833942681,10.466062160959835,strong
Glomerular,endothelial_mesangial,Lineage3,149,-1.3070740135633714,10.516091034890882,strong
Glomerular,endothelial_mesangial,Lineage3,150,-1.3037015274192454,10.558230550692542,strong
Glomerular,endothelial_mesangial,Lineage3,151,-1.2933560057153093,10.591747428308594,strong
Glomerular,endothelial_mesangial,Lineage3,152,-1.2754590786565694,10.61590838768282,strong
Glomerular,endothelial_mesangial,Lineage3,153,-1.2494323764480306,10.629980148759001,strong
Glomerular,endothelial_mesangial,Lineage3,154,-1.2146975292947013,10.633229431480922,strong
Glomerular,endothelial_mesangial,Lineage3,155,-1.170698637642348,10.624940298014797,strong
Glomerular,endothelial_mesangial,Lineage3,156,-1.1183172431003003,10.605506207825242,strong
Glomerular,endothelial_mesangial,Lineage3,157,-1.0607157996517094,10.577080997141884,strong
Glomerular,endothelial_mesangial,Lineage3,158,-1.0012572634109436,10.541973665393428,strong
Glomerular,endothelial_mesangial,Lineage3,159,-0.942466968175494,10.502020374953725,strong
Glomerular,endothelial_mesangial,Lineage3,160,-0.8847429825994915,10.457856448910203,strong
Glomerular,endothelial_mesangial,Lineage3,161,-0.8281506968904961,10.409929413662292,strong
Glomerular,endothelial_mesangial,Lineage3,162,-0.7727555012560642,10.35868679560943,strong
Glomerular,endothelial_mesangial,Lineage3,163,-0.7186227859037585,10.304576121151054,strong
Glomerular,endothelial_mesangial,Lineage3,164,-0.6658179410411352,10.248044916686608,strong
Glomerular,endothelial_mesangial,Lineage3,165,-0.6144063568757566,10.189540708615521,strong
Glomerular,endothelial_mesangial,Lineage3,166,-0.5644534236151794,10.12951102333723,strong
Glomerular,endothelial_mesangial,Lineage3,167,-0.5160245314669659,10.06840338725118,strong
Glomerular,endothelial_mesangial,Lineage3,168,-0.4691850706386726,10.006665326756806,strong
Glomerular,endothelial_mesangial,Lineage3,169,-0.4240004313378616,9.944744368253543,strong
Glomerular,endothelial_mesangial,Lineage3,170,-0.3805360037720896,9.883088038140828,strong
Glomerular,endothelial_mesangial,Lineage3,171,-0.3388571781489177,9.8221438628181,strong
Glomerular,endothelial_mesangial,Lineage3,172,-0.29902934467590603,9.762359368684796,strong
Glomerular,endothelial_mesangial,Lineage3,173,-0.261117893560612,9.70418208214036,strong
Glomerular,endothelial_mesangial,Lineage3,174,-0.225188215010597,9.64805952958422,strong
Glomerular,endothelial_mesangial,Lineage3,175,-0.19130569923341842,9.594439237415813,strong
Glomerular,endothelial_mesangial,Lineage3,176,-0.15953573643663777,9.543768732034584,strong
Glomerular,endothelial_mesangial,Lineage3,177,-0.1299437168278124,9.496495539839966,strong
Glomerular,endothelial_mesangial,Lineage3,178,-0.10259503061450356,9.453067187231396,strong
Glomerular,endothelial_mesangial,Lineage3,179,-0.07755506800426909,9.413931200608314,strong
Glomerular,endothelial_mesangial,Lineage3,180,-0.05488921920466974,9.379535106370154,strong
Glomerular,endothelial_mesangial,Lineage3,181,-0.03466287442326379,9.350326430916356,strong
Glomerular,endothelial_mesangial,Lineage3,182,-0.016941423867611247,9.326752700646356,strong
Glomerular,endothelial_mesangial,Lineage3,183,-0.001790257745271787,9.309261441959597,strong
Glomerular,endothelial_mesangial,Lineage3,184,0.010725233736195825,9.298300181255508,strong
Glomerular,endothelial_mesangial,Lineage3,185,0.02054890273329768,9.294283625397647,strong
Glomerular,endothelial_mesangial,Lineage3,186,0.027741560598027223,9.297211160398097,strong
Glomerular,endothelial_mesangial,Lineage3,187,0.0324442556261038,9.306797251740493,strong
Glomerular,endothelial_mesangial,Lineage3,188,0.034799605500337456,9.322750792031682,strong
Glomerular,endothelial_mesangial,Lineage3,189,0.03495022790353821,9.344780673878535,strong
Glomerular,endothelial_mesangial,Lineage3,190,0.03303874051851608,9.372595789887907,strong
Glomerular,endothelial_mesangial,Lineage3,191,0.029207761028081085,9.40590503266666,strong
Glomerular,endothelial_mesangial,Lineage3,192,0.023599907115043128,9.444417294821653,strong
Glomerular,endothelial_mesangial,Lineage3,193,0.016357796462212398,9.48784146895975,strong
Glomerular,endothelial_mesangial,Lineage3,194,0.007624046752398935,9.53588644768781,strong
Glomerular,endothelial_mesangial,Lineage3,195,-0.002458724331587502,9.588261123612691,strong
Glomerular,endothelial_mesangial,Lineage3,196,-0.013747899106936542,9.644674389341256,strong
Glomerular,endothelial_mesangial,Lineage3,197,-0.02610085989083868,9.704835137480364,strong
Glomerular,endothelial_mesangial,Lineage3,198,-0.039374989000483224,9.768452260636877,strong
Glomerular,endothelial_mesangial,Lineage3,199,-0.05342766875306086,9.835234651417656,strong
Glomerular,endothelial_mesangial,Lineage3,200,-0.0681162814657609,9.904891202429555,strong
Glomerular,endothelial_mesangial,Lineage3,201,-0.08329820945577406,9.977130806279446,strong
Glomerular,endothelial_mesangial,Lineage3,202,-0.09883083504028951,10.051662355574177,strong
Glomerular,endothelial_mesangial,Lineage3,203,-0.11457154053649816,10.12819474292062,strong
Glomerular,endothelial_mesangial,Lineage3,204,-0.13037770826158945,10.20643686092563,strong
Glomerular,endothelial_mesangial,Lineage3,205,-0.146106720532753,10.286097602196062,strong
Glomerular,endothelial_mesangial,Lineage3,206,-0.16161595966717962,10.366885859338787,strong
Glomerular,endothelial_mesangial,Lineage3,207,-0.1767628079820585,10.448510524960657,strong
Glomerular,endothelial_mesangial,Lineage3,208,-0.19140464779458052,10.530680491668537,strong
Glomerular,endothelial_mesangial,Lineage3,209,-0.20539886142193467,10.613104652069286,strong
Glomerular,endothelial_mesangial,Lineage3,210,-0.2186028311813118,10.695491898769768,strong
Glomerular,endothelial_mesangial,Lineage3,211,-0.23087393938990114,10.777551124376835,strong
Glomerular,endothelial_mesangial,Lineage3,212,-0.2420695683648935,10.858991221497357,strong
Glomerular,endothelial_mesangial,Lineage3,213,-0.25204710042347805,10.939521082738187,strong
Glomerular,endothelial_mesangial,Lineage3,214,-0.2606639178828453,11.01884960070619,strong
Glomerular,endothelial_mesangial,Lineage3,215,-0.26777740306018527,11.096685668008227,strong
Glomerular,endothelial_mesangial,Lineage3,216,-0.2732449382726876,11.172738177251153,strong
Glomerular,endothelial_mesangial,Lineage3,217,-0.27692390583754256,11.246716021041836,strong
Glomerular,endothelial_mesangial,Lineage3,218,-0.2786716880719397,11.318328091987128,strong
Glomerular,endothelial_mesangial,Lineage3,219,-0.2783456672930698,11.387283282693899,strong
Glomerular,endothelial_mesangial,Lineage3,220,-0.27580322581812217,11.453290485769001,strong
Glomerular,endothelial_mesangial,Lineage3,221,-0.27090174596428673,11.516058593819299,strong
Glomerular,endothelial_mesangial,Lineage3,222,-0.2634986100487539,11.57529649945165,strong
Glomerular,endothelial_mesangial,Lineage3,223,-0.25345120038871355,11.63071309527292,strong
Glomerular,endothelial_mesangial,Lineage3,224,-0.24061689930135574,11.682017273889967,strong
Glomerular,endothelial_mesangial,Lineage3,225,-0.22485308910387,11.728917927909645,strong
Glomerular,endothelial_mesangial,Lineage3,226,-0.20601715211344668,11.771123949938827,strong
Glomerular,endothelial_mesangial,Lineage3,227,-0.1839664706472762,11.808344232584364,strong
Glomerular,endothelial_mesangial,Lineage3,228,-0.15855842702254744,11.84028766845312,strong
Glomerular,endothelial_mesangial,Lineage3,229,-0.12965040355645166,11.866663150151952,strong
Glomerular,endothelial_mesangial,Lineage3,230,-0.0970997825661775,11.887179570287726,strong
Glomerular,endothelial_mesangial,Lineage3,231,-0.06076394636891658,11.901545821467295,strong
Glomerular,endothelial_mesangial,Lineage3,232,-0.020500277281857,11.90947079629753,strong
Glomerular,endothelial_mesangial,Lineage3,233,0.023833842377809212,11.910663387385283,strong
Glomerular,endothelial_mesangial,Lineage3,234,0.07238103029289418,11.904832487337416,strong
Glomerular,endothelial_mesangial,Lineage3,235,0.12528390414620735,11.891686988760794,strong
Glomerular,endothelial_mesangial,Lineage3,236,0.1826850816205565,11.87093578426227,strong
Glomerular,endothelial_mesangial,Lineage3,237,0.24472718039875527,11.84228776644871,strong
Glomerular,endothelial_mesangial,Lineage3,238,0.3115528181636098,11.80545182792697,strong
Glomerular,endothelial_mesangial,Lineage3,239,0.3833046125979343,11.760136861303916,strong
Glomerular,endothelial_mesangial,Lineage3,240,0.4601251813845343,11.706051759186408,strong
Glomerular,endothelial_mesangial,Lineage3,241,0.5421571422062245,11.642905414181302,strong
Glomerular,endothelial_mesangial,Lineage3,242,0.6295431127458099,11.570406718895459,strong
Glomerular,endothelial_mesangial,Lineage3,243,0.7224257106861058,11.488264565935742,strong
Glomerular,endothelial_mesangial,Lineage3,244,0.8209475537099169,11.396187847909014,strong
Glomerular,endothelial_mesangial,Lineage3,245,0.9252512595000586,11.293885457422126,strong
Glomerular,endothelial_mesangial,Lineage3,246,1.0354794457393384,11.181066287081947,strong
Glomerular,endothelial_mesangial,Lineage3,247,1.151774730110563,11.057439229495337,strong
Glomerular,endothelial_mesangial,Lineage3,248,1.274279730296549,10.922713177269154,strong
Glomerular,endothelial_mesangial,Lineage3,249,1.4031370639801026,10.776597023010254,strong
Glomerular,endothelial_mesangial,Lineage4,0,-4.1777437439569285,12.75151006048089,strong
Glomerular,endothelial_mesangial,Lineage4,1,-4.05954345650531,12.678349276158773,strong
Glomerular,endothelial_mesangial,Lineage4,2,-3.95528883600744,12.608276366393948,strong
Glomerular,endothelial_mesangial,Lineage4,3,-3.8644215125214587,12.541182593719329,strong
Glomerular,endothelial_mesangial,Lineage4,4,-3.786383116105519,12.47695922066784,strong
Glomerular,endothelial_mesangial,Lineage4,5,-3.7206152768177616,12.415497509772393,strong
Glomerular,endothelial_mesangial,Lineage4,6,-3.666559624716332,12.356688723565899,strong
Glomerular,endothelial_mesangial,Lineage4,7,-3.623657789859378,12.300424124581282,strong
Glomerular,endothelial_mesangial,Lineage4,8,-3.5913514023050426,12.246594975351442,strong
Glomerular,endothelial_mesangial,Lineage4,9,-3.569082092111474,12.195092538409314,strong
Glomerular,endothelial_mesangial,Lineage4,10,-3.5562914893368167,12.145808076287807,strong
Glomerular,endothelial_mesangial,Lineage4,11,-3.5524212240392155,12.098632851519831,strong
Glomerular,endothelial_mesangial,Lineage4,12,-3.5569129262768167,12.053458126638306,strong
Glomerular,endothelial_mesangial,Lineage4,13,-3.569208226107766,12.010175164176152,strong
Glomerular,endothelial_mesangial,Lineage4,14,-3.588748753590208,11.968675226666274,strong
Glomerular,endothelial_mesangial,Lineage4,15,-3.614976138782289,11.928849576641596,strong
Glomerular,endothelial_mesangial,Lineage4,16,-3.6473320117421557,11.890589476635034,strong
Glomerular,endothelial_mesangial,Lineage4,17,-3.6852580025279527,11.853786189179504,strong
Glomerular,endothelial_mesangial,Lineage4,18,-3.7281957411978244,11.818330976807914,strong
Glomerular,endothelial_mesangial,Lineage4,19,-3.775586857809917,11.784115102053187,strong
Glomerular,endothelial_mesangial,Lineage4,20,-3.8268729824223775,11.751029827448239,strong
Glomerular,endothelial_mesangial,Lineage4,21,-3.8814957450933494,11.718966415525982,strong
Glomerular,endothelial_mesangial,Lineage4,22,-3.9388967758809796,11.687816128819332,strong
Glomerular,endothelial_mesangial,Lineage4,23,-3.998517704843414,11.657470229861207,strong
Glomerular,endothelial_mesangial,Lineage4,24,-4.059800162038797,11.62781998118452,strong
Glomerular,endothelial_mesangial,Lineage4,25,-4.122185777525274,11.598756645322192,strong
Glomerular,endothelial_mesangial,Lineage4,26,-4.185116181360991,11.570171484807132,strong
Glomerular,endothelial_mesangial,Lineage4,27,-4.248033003604095,11.541955762172261,strong
Glomerular,endothelial_mesangial,Lineage4,28,-4.310377874312729,11.514000739950491,strong
Glomerular,endothelial_mesangial,Lineage4,29,-4.371592423545041,11.486197680674744,strong
Glomerular,endothelial_mesangial,Lineage4,30,-4.431118281359176,11.458437846877926,strong
Glomerular,endothelial_mesangial,Lineage4,31,-4.4883970778132785,11.430612501092961,strong
Glomerular,endothelial_mesangial,Lineage4,32,-4.542870442965493,11.402612905852761,strong
Glomerular,endothelial_mesangial,Lineage4,33,-4.593980006873968,11.374330323690241,strong
Glomerular,endothelial_mesangial,Lineage4,34,-4.641167399596848,11.34565601713832,strong
Glomerular,endothelial_mesangial,Lineage4,35,-4.683874251192279,11.316481248729911,strong
Glomerular,endothelial_mesangial,Lineage4,36,-4.721542191718404,11.286697280997931,strong
Glomerular,endothelial_mesangial,Lineage4,37,-4.75361285123337,11.256195376475295,strong
Glomerular,endothelial_mesangial,Lineage4,38,-4.779527859795326,11.224866797694924,strong
Glomerular,endothelial_mesangial,Lineage4,39,-4.798728847462412,11.192602807189722,strong
Glomerular,endothelial_mesangial,Lineage4,40,-4.810657444292778,11.159294667492615,strong
Glomerular,endothelial_mesangial,Lineage4,41,-4.814755280344566,11.124833641136515,strong
Glomerular,endothelial_mesangial,Lineage4,42,-4.810585667279741,11.089115323326647,strong
Glomerular,endothelial_mesangial,Lineage4,43,-4.798677485626129,11.052069689925233,strong
Glomerular,endothelial_mesangial,Lineage4,44,-4.780019748884358,11.013643100580758,strong
Glomerular,endothelial_mesangial,Lineage4,45,-4.755604296300137,10.973782015556983,strong
Glomerular,endothelial_mesangial,Lineage4,46,-4.726422967119178,10.932432895117662,strong
Glomerular,endothelial_mesangial,Lineage4,47,-4.6934676005871845,10.889542199526543,strong
Glomerular,endothelial_mesangial,Lineage4,48,-4.65773003594987,10.84505638904739,strong
Glomerular,endothelial_mesangial,Lineage4,49,-4.62020211245294,10.798921923943952,strong
Glomerular,endothelial_mesangial,Lineage4,50,-4.581875669342107,10.75108526447999,strong
Glomerular,endothelial_mesangial,Lineage4,51,-4.5437425458630765,10.701492870919251,strong
Glomerular,endothelial_mesangial,Lineage4,52,-4.50679458126156,10.650091203525498,strong
Glomerular,endothelial_mesangial,Lineage4,53,-4.472023614783264,10.59682672256248,strong
Glomerular,endothelial_mesangial,Lineage4,54,-4.440421485673901,10.541645888293958,strong
Glomerular,endothelial_mesangial,Lineage4,55,-4.412980033179176,10.484495160983682,strong
Glomerular,endothelial_mesangial,Lineage4,56,-4.3906910965448,10.425321000895408,strong
Glomerular,endothelial_mesangial,Lineage4,57,-4.374546515016483,10.364069868292894,strong
Glomerular,endothelial_mesangial,Lineage4,58,-4.3655381278399314,10.300688223439893,strong
Glomerular,endothelial_mesangial,Lineage4,59,-4.364576025243167,10.23515579691348,strong
Glomerular,endothelial_mesangial,Lineage4,60,-4.371509299717219,10.167884125422928,strong
Glomerular,endothelial_mesangial,Lineage4,61,-4.385446030988783,10.099586323941555,strong
Glomerular,endothelial_mesangial,Lineage4,62,-4.405479142831909,10.030981675630482,strong
Glomerular,endothelial_mesangial,Lineage4,63,-4.430701559020645,9.962789463650823,strong
Glomerular,endothelial_mesangial,Lineage4,64,-4.460206203329042,9.895728971163694,strong
Glomerular,endothelial_mesangial,Lineage4,65,-4.493085999531148,9.830519481330212,strong
Glomerular,endothelial_mesangial,Lineage4,66,-4.528433871401014,9.767880277311493,strong
Glomerular,endothelial_mesangial,Lineage4,67,-4.565342742712688,9.708530642268654,strong
Glomerular,endothelial_mesangial,Lineage4,68,-4.602905537240219,9.65318985936281,strong
Glomerular,endothelial_mesangial,Lineage4,69,-4.640215178757655,9.602577211755076,strong
Glomerular,endothelial_mesangial,Lineage4,70,-4.67636459103905,9.557411982606574,strong
Glomerular,endothelial_mesangial,Lineage4,71,-4.710446697858449,9.518413455078413,strong
Glomerular,endothelial_mesangial,Lineage4,72,-4.741554422989902,9.486300912331714,strong
Glomerular,endothelial_mesangial,Lineage4,73,-4.768780690207459,9.461793637527594,strong
Glomerular,endothelial_mesangial,Lineage4,74,-4.791218423285168,9.445610913827162,strong
Glomerular,endothelial_mesangial,Lineage4,75,-4.807960545997079,9.438472024391546,strong
Glomerular,endothelial_mesangial,Lineage4,76,-4.818132341294352,9.441059065684195,strong
Glomerular,endothelial_mesangial,Lineage4,77,-4.821531022957132,9.453281960992031,strong
Glomerular,endothelial_mesangial,Lineage4,78,-4.81858785121458,9.47432199660614,strong
Glomerular,endothelial_mesangial,Lineage4,79,-4.809758860596741,9.503331988549867,strong
Glomerular,endothelial_mesangial,Lineage4,80,-4.795500085633663,9.539464752846559,strong
Glomerular,endothelial_mesangial,Lineage4,81,-4.776267560855391,9.58187310551956,strong
Glomerular,endothelial_mesangial,Lineage4,82,-4.752517320791973,9.629709862592208,strong
Glomerular,endothelial_mesangial,Lineage4,83,-4.7247053999734545,9.682127840087851,strong
Glomerular,endothelial_mesangial,Lineage4,84,-4.693287832929885,9.738279854029837,strong
Glomerular,endothelial_mesangial,Lineage4,85,-4.658720654191307,9.797318720441506,strong
Glomerular,endothelial_mesangial,Lineage4,86,-4.621459898287769,9.8583972553462,strong
Glomerular,endothelial_mesangial,Lineage4,87,-4.581961599749319,9.920668274767264,strong
Glomerular,endothelial_mesangial,Lineage4,88,-4.540681793106002,9.983284594728046,strong
Glomerular,endothelial_mesangial,Lineage4,89,-4.498076512887865,10.045399031251884,strong
Glomerular,endothelial_mesangial,Lineage4,90,-4.4546017936249545,10.106164400362129,strong
Glomerular,endothelial_mesangial,Lineage4,91,-4.410713669847316,10.16473351808212,strong
Glomerular,endothelial_mesangial,Lineage4,92,-4.366868176084998,10.220259200435201,strong
Glomerular,endothelial_mesangial,Lineage4,93,-4.323521346868046,10.271894263444715,strong
Glomerular,endothelial_mesangial,Lineage4,94,-4.281129216726508,10.31879152313401,strong
Glomerular,endothelial_mesangial,Lineage4,95,-4.24014782019043,10.36010379552643,strong
Glomerular,endothelial_mesangial,Lineage4,96,-4.200967705403458,10.39511881736659,strong
Glomerular,endothelial_mesangial,Lineage4,97,-4.1636545434708445,10.423793665192603,strong
Glomerular,endothelial_mesangial,Lineage4,98,-4.128173447303222,10.446292594238683,strong
Glomerular,endothelial_mesangial,Lineage4,99,-4.09448949982847,10.462779921512134,strong
Glomerular,endothelial_mesangial,Lineage4,100,-4.062567783974461,10.473419964020255,strong
Glomerular,endothelial_mesangial,Lineage4,101,-4.03237338266907,10.47837703877035,strong
Glomerular,endothelial_mesangial,Lineage4,102,-4.0038713788401745,10.47781546276972,strong
Glomerular,endothelial_mesangial,Lineage4,103,-3.977026855415649,10.471899553025668,strong
Glomerular,endothelial_mesangial,Lineage4,104,-3.951804895323369,10.460793626545492,strong
Glomerular,endothelial_mesangial,Lineage4,105,-3.928170581491208,10.444662000336493,strong
Glomerular,endothelial_mesangial,Lineage4,106,-3.9060889968470427,10.423668991405973,strong
Glomerular,endothelial_mesangial,Lineage4,107,-3.885525224318749,10.397978916761236,strong
Glomerular,endothelial_mesangial,Lineage4,108,-3.8664443468342005,10.367756093409579,strong
Glomerular,endothelial_mesangial,Lineage4,109,-3.848811447321275,10.333164838358309,strong
Glomerular,endothelial_mesangial,Lineage4,110,-3.8325916087078453,10.29436946861472,strong
Glomerular,endothelial_mesangial,Lineage4,111,-3.8177499139217876,10.251534301186117,strong
Glomerular,endothelial_mesangial,Lineage4,112,-3.804251445890978,10.204823653079803,strong
Glomerular,endothelial_mesangial,Lineage4,113,-3.7920612875432904,10.154401841303077,strong
Glomerular,endothelial_mesangial,Lineage4,114,-3.7811445218066013,10.100433182863242,strong
Glomerular,endothelial_mesangial,Lineage4,115,-3.7714662316087857,10.043081994767595,strong
Glomerular,endothelial_mesangial,Lineage4,116,-3.7629914998777174,9.98251259402344,strong
Glomerular,endothelial_mesangial,Lineage4,117,-3.7556854095412744,9.918889297638081,strong
Glomerular,endothelial_mesangial,Lineage4,118,-3.749513043527331,9.852376422618818,strong
Glomerular,endothelial_mesangial,Lineage4,119,-3.744439484763761,9.783138285972948,strong
Glomerular,endothelial_mesangial,Lineage4,120,-3.7404298161784415,9.711339204707775,strong
Glomerular,endothelial_mesangial,Lineage4,121,-3.7374491206992464,9.6371434958306,strong
Glomerular,endothelial_mesangial,Lineage4,122,-3.7354624812540536,9.56071547634873,strong
Glomerular,endothelial_mesangial,Lineage4,123,-3.734434980770735,9.482219463269455,strong
Glomerular,endothelial_mesangial,Lineage4,124,-3.7343317021771676,9.401819773600083,strong
Glomerular,endothelial_mesangial,Lineage4,125,-3.7351177284012267,9.319680724347915,strong
Glomerular,endothelial_mesangial,Lineage4,126,-3.7367581423707876,9.235966632520253,strong
Glomerular,endothelial_mesangial,Lineage4,127,-3.7392180270137256,9.150841815124398,strong
Glomerular,endothelial_mesangial,Lineage4,128,-3.7424624652579164,9.06447058916765,strong
Glomerular,endothelial_mesangial,Lineage4,129,-3.746456540031234,8.977017271657306,strong
Glomerular,endothelial_mesangial,Lineage4,130,-3.7511653342615556,8.888646179600679,strong
Glomerular,endothelial_mesangial,Lineage4,131,-3.756553930876754,8.799521630005058,strong
Glomerular,endothelial_mesangial,Lineage4,132,-3.7625874128047063,8.70980793987775,strong
Glomerular,endothelial_mesangial,Lineage4,133,-3.7692308629732882,8.619669426226057,strong
Glomerular,endothelial_mesangial,Lineage4,134,-3.7764493643103734,8.529270406057279,strong
Glomerular,endothelial_mesangial,Lineage4,135,-3.7842079997438383,8.438775196378714,strong
Glomerular,endothelial_mesangial,Lineage4,136,-3.792471852201558,8.348348114197671,strong
Glomerular,endothelial_mesangial,Lineage4,137,-3.8012060046114082,8.258153476521443,strong
Glomerular,endothelial_mesangial,Lineage4,138,-3.8103755399012624,8.168355600357337,strong
Glomerular,endothelial_mesangial,Lineage4,139,-3.819945540998998,8.07911880271265,strong
Glomerular,endothelial_mesangial,Lineage4,140,-3.8298810908324907,7.990607400594688,strong
Glomerular,endothelial_mesangial,Lineage4,141,-3.840147272329614,7.902985711010748,strong
Glomerular,endothelial_mesangial,Lineage4,142,-3.8507091684182435,7.816418050968134,strong
Glomerular,endothelial_mesangial,Lineage4,143,-3.8615318620262546,7.731068737474145,strong
Glomerular,endothelial_mesangial,Lineage4,144,-3.8725804360815235,7.647102087536083,strong
Glomerular,endothelial_mesangial,Lineage4,145,-3.8838199735119243,7.564682418161252,strong
Glomerular,endothelial_mesangial,Lineage4,146,-3.8952155572453337,7.483974046356949,strong
Glomerular,endothelial_mesangial,Lineage4,147,-3.906732270209625,7.405141289130478,strong
Glomerular,endothelial_mesangial,Lineage4,148,-3.918335195332676,7.328348463489139,strong
Glomerular,endothelial_mesangial,Lineage4,149,-3.9299894155423605,7.2537598864402355,strong
Glomerular,endothelial_mesangial,Lineage4,150,-3.941660013766554,7.181539874991065,strong
Glomerular,endothelial_mesangial,Lineage4,151,-3.9533120729331315,7.11185274614893,strong
Glomerular,endothelial_mesangial,Lineage4,152,-3.964910675969969,7.044862816921135,strong
Glomerular,endothelial_mesangial,Lineage4,153,-3.976420905804941,6.980734404314979,strong
Glomerular,endothelial_mesangial,Lineage4,154,-3.9878078453659236,6.9196318253377616,strong
Glomerular,endothelial_mesangial,Lineage4,155,-3.999036577580792,6.861719396996784,strong
Glomerular,endothelial_mesangial,Lineage4,156,-4.01007218537742,6.807161436299351,strong
Glomerular,endothelial_mesangial,Lineage4,157,-4.020879751683686,6.756122260252761,strong
Glomerular,endothelial_mesangial,Lineage4,158,-4.0314243594274615,6.708766185864318,strong
Glomerular,endothelial_mesangial,Lineage4,159,-4.0416710915366245,6.665257530141319,strong
Glomerular,endothelial_mesangial,Lineage4,160,-4.051585030939051,6.625760610091067,strong
Glomerular,endothelial_mesangial,Lineage4,161,-4.061131260562612,6.590439742720865,strong
Glomerular,endothelial_mesangial,Lineage4,162,-4.070274863335189,6.559459245038014,strong
Glomerular,endothelial_mesangial,Lineage4,163,-4.078980922184652,6.532983434049815,strong
Glomerular,endothelial_mesangial,Lineage4,164,-4.087214520038879,6.511176626763567,strong
Glomerular,endothelial_mesangial,Lineage4,165,-4.094941525909696,6.494199783054658,strong
Glomerular,endothelial_mesangial,Lineage4,166,-4.102156653067342,6.482090677507372,strong
Glomerular,endothelial_mesangial,Lineage4,167,-4.108891121604455,6.474731174871866,strong
Glomerular,endothelial_mesangial,Lineage4,168,-4.115178496923305,6.471993123774957,strong
Glomerular,endothelial_mesangial,Lineage4,169,-4.121052344426164,6.473748372843458,strong
Glomerular,endothelial_mesangial,Lineage4,170,-4.126546229515302,6.479868770704189,strong
Glomerular,endothelial_mesangial,Lineage4,171,-4.131693717592988,6.490226165983962,strong
Glomerular,endothelial_mesangial,Lineage4,172,-4.136528374061493,6.504692407309594,strong
Glomerular,endothelial_mesangial,Lineage4,173,-4.141083764323092,6.5231393433079035,strong
Glomerular,endothelial_mesangial,Lineage4,174,-4.14539345378005,6.545438822605702,strong
Glomerular,endothelial_mesangial,Lineage4,175,-4.149491007834641,6.571462693829806,strong
Glomerular,endothelial_mesangial,Lineage4,176,-4.153409991889136,6.601082805607035,strong
Glomerular,endothelial_mesangial,Lineage4,177,-4.157183971345804,6.634171006564202,strong
Glomerular,endothelial_mesangial,Lineage4,178,-4.160846511606915,6.670599145328121,strong
Glomerular,endothelial_mesangial,Lineage4,179,-4.164431178074744,6.710239070525614,strong
Glomerular,endothelial_mesangial,Lineage4,180,-4.167971536151558,6.752962630783491,strong
Glomerular,endothelial_mesangial,Lineage4,181,-4.171501151239628,6.79864167472857,strong
Glomerular,endothelial_mesangial,Lineage4,182,-4.175053588741227,6.847148050987667,strong
Glomerular,endothelial_mesangial,Lineage4,183,-4.178662414058622,6.898353608187596,strong
Glomerular,endothelial_mesangial,Lineage4,184,-4.182361192594088,6.952130194955175,strong
Glomerular,endothelial_mesangial,Lineage4,185,-4.186183489749893,7.008349659917219,strong
Glomerular,endothelial_mesangial,Lineage4,186,-4.190162870928306,7.066883851700543,strong
Glomerular,endothelial_mesangial,Lineage4,187,-4.194332901531603,7.127604618931964,strong
Glomerular,endothelial_mesangial,Lineage4,188,-4.198727146962051,7.190383810238299,strong
Glomerular,endothelial_mesangial,Lineage4,189,-4.203379172621922,7.2550932742463585,strong
Glomerular,endothelial_mesangial,Lineage4,190,-4.208322543913486,7.321604859582966,strong
Glomerular,endothelial_mesangial,Lineage4,191,-4.213590826239014,7.3897904148749305,strong
Glomerular,endothelial_mesangial,Lineage4,192,-4.219217585000776,7.459521788749074,strong
Glomerular,endothelial_mesangial,Lineage4,193,-4.225236385601045,7.53067082983221,strong
Glomerular,endothelial_mesangial,Lineage4,194,-4.23168079344209,7.603109386751149,strong
Glomerular,endothelial_mesangial,Lineage4,195,-4.23858437392618,7.676709308132711,strong
Glomerular,endothelial_mesangial,Lineage4,196,-4.245980692455589,7.751342442603713,strong
Glomerular,endothelial_mesangial,Lineage4,197,-4.253903314432587,7.826880638790973,strong
Glomerular,endothelial_mesangial,Lineage4,198,-4.262385805259445,7.903195745321302,strong
Glomerular,endothelial_mesangial,Lineage4,199,-4.271461730338431,7.980159610821517,strong
Glomerular,endothelial_mesangial,Lineage4,200,-4.281164655071818,8.057644083918433,strong
Glomerular,endothelial_mesangial,Lineage4,201,-4.291528144861877,8.13552101323887,strong
Glomerular,endothelial_mesangial,Lineage4,202,-4.302585765110877,8.213662247409639,strong
Glomerular,endothelial_mesangial,Lineage4,203,-4.314371081221091,8.291939635057558,strong
Glomerular,endothelial_mesangial,Lineage4,204,-4.326917658594788,8.370225024809443,strong
Glomerular,endothelial_mesangial,Lineage4,205,-4.34025906263424,8.448390265292106,strong
Glomerular,endothelial_mesangial,Lineage4,206,-4.354428858741716,8.526307205132373,strong
Glomerular,endothelial_mesangial,Lineage4,207,-4.369460612319489,8.603847692957046,strong
Glomerular,endothelial_mesangial,Lineage4,208,-4.385387888769827,8.680883577392953,strong
Glomerular,endothelial_mesangial,Lineage4,209,-4.402244253495002,8.757286707066902,strong
Glomerular,endothelial_mesangial,Lineage4,210,-4.420063271897287,8.832928930605714,strong
Glomerular,endothelial_mesangial,Lineage4,211,-4.43887850937895,8.907682096636199,strong
Glomerular,endothelial_mesangial,Lineage4,212,-4.458723531342262,8.981418053785179,strong
Glomerular,endothelial_mesangial,Lineage4,213,-4.479631903189493,9.054008650679464,strong
Glomerular,endothelial_mesangial,Lineage4,214,-4.501637190322917,9.125325735945877,strong
Glomerular,endothelial_mesangial,Lineage4,215,-4.524772958144802,9.195241158211227,strong
Glomerular,endothelial_mesangial,Lineage4,216,-4.549072772057419,9.263626766102332,strong
Glomerular,endothelial_mesangial,Lineage4,217,-4.574570197463039,9.33035440824601,strong
Glomerular,endothelial_mesangial,Lineage4,218,-4.601298799763933,9.395295933269074,strong
Glomerular,endothelial_mesangial,Lineage4,219,-4.629292144362371,9.458323189798339,strong
Glomerular,endothelial_mesangial,Lineage4,220,-4.658583796660624,9.519308026460621,strong
Glomerular,endothelial_mesangial,Lineage4,221,-4.689207322060965,9.578122291882744,strong
Glomerular,endothelial_mesangial,Lineage4,222,-4.721196285965661,9.634637834691512,strong
Glomerular,endothelial_mesangial,Lineage4,223,-4.7545842537769865,9.68872650351375,strong
Glomerular,endothelial_mesangial,Lineage4,224,-4.7894047908972075,9.740260146976267,strong
Glomerular,endothelial_mesangial,Lineage4,225,-4.825691462728599,9.789110613705885,strong
Glomerular,endothelial_mesangial,Lineage4,226,-4.86347783467343,9.835149752329414,strong
Glomerular,endothelial_mesangial,Lineage4,227,-4.9027974721339715,9.878249411473673,strong
Glomerular,endothelial_mesangial,Lineage4,228,-4.9436839405124955,9.918281439765478,strong
Glomerular,endothelial_mesangial,Lineage4,229,-4.986170805211269,9.955117685831643,strong
Glomerular,endothelial_mesangial,Lineage4,230,-5.030291631632567,9.988629998298988,strong
Glomerular,endothelial_mesangial,Lineage4,231,-5.076079985178657,10.018690225794321,strong
Glomerular,endothelial_mesangial,Lineage4,232,-5.123569431251811,10.045170216944465,strong
Glomerular,endothelial_mesangial,Lineage4,233,-5.172793535254301,10.067941820376234,strong
Glomerular,endothelial_mesangial,Lineage4,234,-5.223785862588395,10.08687688471644,strong
Glomerular,endothelial_mesangial,Lineage4,235,-5.276579978656367,10.101847258591906,strong
Glomerular,endothelial_mesangial,Lineage4,236,-5.331209448860485,10.112724790629443,strong
Glomerular,endothelial_mesangial,Lineage4,237,-5.387707838603021,10.119381329455864,strong
Glomerular,endothelial_mesangial,Lineage4,238,-5.446108713286245,10.121688723697993,strong
Glomerular,endothelial_mesangial,Lineage4,239,-5.506445638312429,10.119518821982638,strong
Glomerular,endothelial_mesangial,Lineage4,240,-5.568752179083843,10.112743472936621,strong
Glomerular,endothelial_mesangial,Lineage4,241,-5.6330619010027565,10.10123452518675,strong
Glomerular,endothelial_mesangial,Lineage4,242,-5.699408369471441,10.08486382735985,strong
Glomerular,endothelial_mesangial,Lineage4,243,-5.767825149892171,10.063503228082734,strong
Glomerular,endothelial_mesangial,Lineage4,244,-5.83834580766721,10.037024575982214,strong
Glomerular,endothelial_mesangial,Lineage4,245,-5.911003908198835,10.005299719685107,strong
Glomerular,endothelial_mesangial,Lineage4,246,-5.985833016889315,9.968200507818231,strong
Glomerular,endothelial_mesangial,Lineage4,247,-6.062866699140916,9.925598789008399,strong
Glomerular,endothelial_mesangial,Lineage4,248,-6.1421385203559185,9.877366411882432,strong
Glomerular,endothelial_mesangial,Lineage4,249,-6.2236820459365845,9.823375225067139,strong
