compartment,trajectory,lineage,gene,pseudotime_bin,pseudotime_midpoint,weighted_mean_log1p_cp10k,n_metacells,sum_lineage_weight
PT,PT,Lineage1,C1QA,1,0.05,0.0156487560458316,1249,968.05520541352
PT,PT,Lineage1,C1QA,2,0.15,0.0214598108295269,552,347.17207211972107
PT,PT,Lineage1,C1QA,3,0.25,0.0146020264247846,415,362.2316899549579
PT,PT,Lineage1,C1QA,4,0.35,0.018538093873422,298,291.86671911763847
PT,PT,Lineage1,C1QA,5,0.45,0.0313406582235963,214,214.0
PT,PT,Lineage1,C1QA,6,0.55,0.0379946533819758,144,144.0
PT,PT,Lineage1,C1QA,7,0.6500000000000001,0.0395895208698911,66,66.0
PT,PT,Lineage1,C1QA,8,0.75,0.0092026797955134,14,14.0
PT,PT,Lineage1,C1QA,9,0.8500000000000001,0.0013385323752108,36,36.0
PT,PT,Lineage1,C1QA,10,0.95,0.0006232317337577,38,38.0
PT,PT,Lineage2,C1QA,1,0.05,0.0178008243899382,531,439.2674302593681
PT,PT,Lineage2,C1QA,2,0.15,0.0147208905712365,904,658.5647247615038
PT,PT,Lineage2,C1QA,3,0.25,0.0230388532147941,254,179.45508407137004
PT,PT,Lineage2,C1QA,4,0.35,0.0201839463327659,157,131.7975586839539
PT,PT,Lineage2,C1QA,5,0.45,0.0353775854501429,175,167.56585004340508
PT,PT,Lineage2,C1QA,6,0.55,0.0367349658049161,134,130.41830236371263
PT,PT,Lineage2,C1QA,7,0.6500000000000001,0.0377418455268243,95,85.90914029140448
PT,PT,Lineage2,C1QA,8,0.75,0.0742689405733146,129,129.0
PT,PT,Lineage2,C1QA,9,0.8500000000000001,0.086643410896136,128,128.0
PT,PT,Lineage2,C1QA,10,0.95,0.1068684238828229,20,20.0
PT,PT,Lineage3,C1QA,1,0.05,0.0182037765945264,517,427.2278725752045
PT,PT,Lineage3,C1QA,2,0.15,0.0145106038238584,900,662.5893266960761
PT,PT,Lineage3,C1QA,3,0.25,0.023296476973057,269,179.76417810309016
PT,PT,Lineage3,C1QA,4,0.35,0.0200931693964811,162,130.73432867837596
PT,PT,Lineage3,C1QA,5,0.45,0.0392879258461302,180,169.86642041577562
PT,PT,Lineage3,C1QA,6,0.55,0.0346222457929141,155,141.63271721826248
PT,PT,Lineage3,C1QA,7,0.6500000000000001,0.0724033212080976,179,107.79195360971444
PT,PT,Lineage3,C1QA,8,0.75,0.1540327839064641,133,133.0
PT,PT,Lineage3,C1QA,9,0.8500000000000001,0.0611995447316949,61,61.0
PT,PT,Lineage3,C1QA,10,0.95,0.0548820989674513,57,57.0
PT,PT,Lineage4,C1QA,1,0.05,0.018127721014855,287,238.8565439072539
PT,PT,Lineage4,C1QA,2,0.15,0.0144278160009475,485,449.9064774059803
PT,PT,Lineage4,C1QA,3,0.25,0.0232195009530987,262,204.20559290380197
PT,PT,Lineage4,C1QA,4,0.35,0.0211511713014678,154,113.71812210437758
PT,PT,Lineage4,C1QA,5,0.45,0.0115469085866998,289,285.37619856026345
PT,PT,Lineage4,C1QA,6,0.55,0.0182584155021525,203,203.0
PT,PT,Lineage4,C1QA,7,0.6500000000000001,0.0172890636666706,228,204.58420859296663
PT,PT,Lineage4,C1QA,8,0.75,0.0085188531008779,286,272.71045654338775
PT,PT,Lineage4,C1QA,9,0.8500000000000001,0.0241158016897376,186,183.304830402454
PT,PT,Lineage4,C1QA,10,0.95,0.0354091420179972,120,115.95473945814668
PT,PT,Lineage5,C1QA,1,0.05,0.0242092706295837,290,257.0789487554607
PT,PT,Lineage5,C1QA,2,0.15,0.0120757517867152,519,433.32955356148386
PT,PT,Lineage5,C1QA,3,0.25,0.0166364043746008,540,424.84936042523736
PT,PT,Lineage5,C1QA,4,0.35,0.0201501022067049,332,201.0105077595712
PT,PT,Lineage5,C1QA,5,0.45,0.0166650221910695,197,131.2016206783867
PT,PT,Lineage5,C1QA,6,0.55,0.0136564250680977,77,56.1445837270891
PT,PT,Lineage5,C1QA,7,0.6500000000000001,0.0209541247994924,50,48.34756384820716
PT,PT,Lineage5,C1QA,8,0.75,0.0050317222470926,34,33.771334858429455
PT,PT,Lineage5,C1QA,9,0.8500000000000001,0.0349517729697292,23,22.225325994507436
PT,PT,Lineage5,C1QA,10,0.95,0.0376165681872774,23,23.0
PT,PT,Lineage6,C1QA,1,0.05,0.0287649454560747,154,143.89721539858016
PT,PT,Lineage6,C1QA,2,0.15,0.0137487912103026,299,236.03424365924823
PT,PT,Lineage6,C1QA,3,0.25,0.0120220180908655,260,222.2888809081952
PT,PT,Lineage6,C1QA,4,0.35,0.0124340626701909,240,216.9700322803281
PT,PT,Lineage6,C1QA,5,0.45,0.0166715478384589,200,173.57791074948216
PT,PT,Lineage6,C1QA,6,0.55,0.0212926662889292,284,252.22905095730775
PT,PT,Lineage6,C1QA,7,0.6500000000000001,0.0220784813769538,165,165.0
PT,PT,Lineage6,C1QA,8,0.75,0.0229833217069902,193,193.0
PT,PT,Lineage6,C1QA,9,0.8500000000000001,0.011437197180095,100,94.52758047493109
PT,PT,Lineage6,C1QA,10,0.95,0.0254776997653477,77,60.49712959235555
PT,PT,Lineage7,C1QA,1,0.05,0.025240483041133,229,210.71396790972477
PT,PT,Lineage7,C1QA,2,0.15,0.0101406143075843,265,235.78987949020433
PT,PT,Lineage7,C1QA,3,0.25,0.0117663973842414,203,202.32967544339283
PT,PT,Lineage7,C1QA,4,0.35,0.0212171776943618,564,357.2568283786706
PT,PT,Lineage7,C1QA,5,0.45,0.0151085230966257,129,123.313224974485
PT,PT,Lineage7,C1QA,6,0.55,0.0137480493846613,222,215.15909274101543
PT,PT,Lineage7,C1QA,7,0.6500000000000001,0.0163807839471634,352,328.2548314038918
PT,PT,Lineage7,C1QA,8,0.75,0.009207029829929,253,248.86947849066132
PT,PT,Lineage7,C1QA,9,0.8500000000000001,0.0073408378998523,104,103.91720943731887
PT,PT,Lineage7,C1QA,10,0.95,0.0043338757304498,25,25.0
PT,PT,Lineage8,C1QA,1,0.05,0.0236586290073065,283,243.861858869527
PT,PT,Lineage8,C1QA,2,0.15,0.0111043311731876,366,298.864557479168
PT,PT,Lineage8,C1QA,3,0.25,0.0122365174691094,308,280.7497752615346
PT,PT,Lineage8,C1QA,4,0.35,0.0185302830697756,208,197.34252500689797
PT,PT,Lineage8,C1QA,5,0.45,0.0182529159975053,130,129.6577084108946
PT,PT,Lineage8,C1QA,6,0.55,0.0129247652299134,65,64.70883078503329
PT,PT,Lineage8,C1QA,7,0.6500000000000001,0.0204994407072712,71,69.36211032228495
PT,PT,Lineage8,C1QA,8,0.75,0.0096877448245827,38,38.0
PT,PT,Lineage8,C1QA,9,0.8500000000000001,0.0169736463692432,27,27.0
PT,PT,Lineage8,C1QA,10,0.95,0.0208764278872482,34,34.0
PT,PT,Lineage9,C1QA,1,0.05,0.0292465066439394,149,139.01540152713133
PT,PT,Lineage9,C1QA,2,0.15,0.0142749783048539,339,247.97135830069257
PT,PT,Lineage9,C1QA,3,0.25,0.0164937823104303,123,117.41949502491028
PT,PT,Lineage9,C1QA,4,0.35,0.0266374451730062,131,119.48642283382205
PT,PT,Lineage9,C1QA,5,0.45,0.0228644115246818,72,70.8406739824326
PT,PT,Lineage9,C1QA,6,0.55,0.0168308425659962,60,60.0
PT,PT,Lineage9,C1QA,7,0.6500000000000001,0.0201566761259745,56,56.0
PT,PT,Lineage9,C1QA,8,0.75,0.0116031477767221,60,59.77233515030349
PT,PT,Lineage9,C1QA,9,0.8500000000000001,0.0239297466794444,35,34.40865010410188
PT,PT,Lineage9,C1QA,10,0.95,0.0344421508840419,9,9.0
PT,PT,Lineage10,C1QA,1,0.05,0.0286069879912567,127,121.94203640035742
PT,PT,Lineage10,C1QA,2,0.15,0.0164796521679969,235,186.3499317993566
PT,PT,Lineage10,C1QA,3,0.25,0.0110142336664383,212,194.55863183093717
PT,PT,Lineage10,C1QA,4,0.35,0.0144132844674135,161,157.77531572035284
PT,PT,Lineage10,C1QA,5,0.45,0.0130756500522419,86,84.9432771760723
PT,PT,Lineage10,C1QA,6,0.55,0.0229189663729625,51,49.914921520569905
PT,PT,Lineage10,C1QA,7,0.6500000000000001,0.0258395092612142,38,37.20480609719146
PT,PT,Lineage10,C1QA,8,0.75,0.0159478140055812,44,43.73168956219897
PT,PT,Lineage10,C1QA,9,0.8500000000000001,0.0258282891384215,22,22.0
PT,PT,Lineage10,C1QA,10,0.95,0.0088156243695909,27,27.0
PT,PT,Lineage11,C1QA,1,0.05,0.0319796690541378,81,80.35157546507226
PT,PT,Lineage11,C1QA,2,0.15,0.0218694356331206,97,95.71596014277668
PT,PT,Lineage11,C1QA,3,0.25,0.0129403483465328,113,97.8670671200438
PT,PT,Lineage11,C1QA,4,0.35,0.0114152328199614,127,120.81313601222926
PT,PT,Lineage11,C1QA,5,0.45,0.0174294838222075,142,142.0
PT,PT,Lineage11,C1QA,6,0.55,0.0107648306688425,124,124.0
PT,PT,Lineage11,C1QA,7,0.6500000000000001,0.0174325740840933,74,74.0
PT,PT,Lineage11,C1QA,8,0.75,0.0131481062138458,69,68.65074148827756
PT,PT,Lineage11,C1QA,9,0.8500000000000001,0.0077003687918995,22,21.708857808650315
PT,PT,Lineage11,C1QA,10,0.95,0.0024561399705314,7,6.797247006847127
PT,PT,Lineage1,C1QB,1,0.05,0.009033271053822,1249,968.05520541352
PT,PT,Lineage1,C1QB,2,0.15,0.0141199481118667,552,347.17207211972107
PT,PT,Lineage1,C1QB,3,0.25,0.007660795634424,415,362.2316899549579
PT,PT,Lineage1,C1QB,4,0.35,0.0106897318371643,298,291.86671911763847
PT,PT,Lineage1,C1QB,5,0.45,0.0208131597439813,214,214.0
PT,PT,Lineage1,C1QB,6,0.55,0.0305061646537972,144,144.0
PT,PT,Lineage1,C1QB,7,0.6500000000000001,0.0227110953037484,66,66.0
PT,PT,Lineage1,C1QB,8,0.75,0.0047992038328753,14,14.0
PT,PT,Lineage1,C1QB,9,0.8500000000000001,0.0,36,36.0
PT,PT,Lineage1,C1QB,10,0.95,0.0,38,38.0
PT,PT,Lineage2,C1QB,1,0.05,0.0106696062516559,531,439.2674302593681
PT,PT,Lineage2,C1QB,2,0.15,0.0086941047796149,904,658.5647247615038
PT,PT,Lineage2,C1QB,3,0.25,0.014690262360844,254,179.45508407137004
PT,PT,Lineage2,C1QB,4,0.35,0.0139504394560145,157,131.7975586839539
PT,PT,Lineage2,C1QB,5,0.45,0.0191577011750408,175,167.56585004340508
PT,PT,Lineage2,C1QB,6,0.55,0.0223772909732613,134,130.41830236371263
PT,PT,Lineage2,C1QB,7,0.6500000000000001,0.0403219077236,95,85.90914029140448
PT,PT,Lineage2,C1QB,8,0.75,0.0430405237455596,129,129.0
PT,PT,Lineage2,C1QB,9,0.8500000000000001,0.0364212794557792,128,128.0
PT,PT,Lineage2,C1QB,10,0.95,0.0155033840161605,20,20.0
PT,PT,Lineage3,C1QB,1,0.05,0.0110104802609378,517,427.2278725752045
PT,PT,Lineage3,C1QB,2,0.15,0.0085529096664332,900,662.5893266960761
PT,PT,Lineage3,C1QB,3,0.25,0.0140039141706128,269,179.76417810309016
PT,PT,Lineage3,C1QB,4,0.35,0.015176612439725,162,130.73432867837596
PT,PT,Lineage3,C1QB,5,0.45,0.0167975802852293,180,169.86642041577562
PT,PT,Lineage3,C1QB,6,0.55,0.0264144855022689,155,141.63271721826248
PT,PT,Lineage3,C1QB,7,0.6500000000000001,0.0580782667685629,179,107.79195360971444
PT,PT,Lineage3,C1QB,8,0.75,0.1132990227611197,133,133.0
PT,PT,Lineage3,C1QB,9,0.8500000000000001,0.0721494938609405,61,61.0
PT,PT,Lineage3,C1QB,10,0.95,0.05549977551172,57,57.0
PT,PT,Lineage4,C1QB,1,0.05,0.0112288999869975,287,238.8565439072539
PT,PT,Lineage4,C1QB,2,0.15,0.0077779877414944,485,449.9064774059803
PT,PT,Lineage4,C1QB,3,0.25,0.0141636696551185,262,204.20559290380197
PT,PT,Lineage4,C1QB,4,0.35,0.0139082931273308,154,113.71812210437758
PT,PT,Lineage4,C1QB,5,0.45,0.0092682795041877,289,285.37619856026345
PT,PT,Lineage4,C1QB,6,0.55,0.0134143753583863,203,203.0
PT,PT,Lineage4,C1QB,7,0.6500000000000001,0.0128479608807082,228,204.58420859296663
PT,PT,Lineage4,C1QB,8,0.75,0.0051687490902801,286,272.71045654338775
PT,PT,Lineage4,C1QB,9,0.8500000000000001,0.0140286576264208,186,183.304830402454
PT,PT,Lineage4,C1QB,10,0.95,0.0280571710024697,120,115.95473945814668
PT,PT,Lineage5,C1QB,1,0.05,0.0151626993769998,290,257.0789487554607
PT,PT,Lineage5,C1QB,2,0.15,0.0060340963406216,519,433.32955356148386
PT,PT,Lineage5,C1QB,3,0.25,0.0093053422879722,540,424.84936042523736
PT,PT,Lineage5,C1QB,4,0.35,0.0148935455930741,332,201.0105077595712
PT,PT,Lineage5,C1QB,5,0.45,0.0127414528952352,197,131.2016206783867
PT,PT,Lineage5,C1QB,6,0.55,0.0168215452535962,77,56.1445837270891
PT,PT,Lineage5,C1QB,7,0.6500000000000001,0.0083988696984011,50,48.34756384820716
PT,PT,Lineage5,C1QB,8,0.75,0.0130397404034638,34,33.771334858429455
PT,PT,Lineage5,C1QB,9,0.8500000000000001,0.0257304355889656,23,22.225325994507436
PT,PT,Lineage5,C1QB,10,0.95,0.0218475463388563,23,23.0
PT,PT,Lineage6,C1QB,1,0.05,0.0168579793468648,154,143.89721539858016
PT,PT,Lineage6,C1QB,2,0.15,0.0081472483603137,299,236.03424365924823
PT,PT,Lineage6,C1QB,3,0.25,0.0064305258659438,260,222.2888809081952
PT,PT,Lineage6,C1QB,4,0.35,0.007494419496411,240,216.9700322803281
PT,PT,Lineage6,C1QB,5,0.45,0.0117304131174923,200,173.57791074948216
PT,PT,Lineage6,C1QB,6,0.55,0.0132708743192489,284,252.22905095730775
PT,PT,Lineage6,C1QB,7,0.6500000000000001,0.0143704954372685,165,165.0
PT,PT,Lineage6,C1QB,8,0.75,0.0172180321092835,193,193.0
PT,PT,Lineage6,C1QB,9,0.8500000000000001,0.0132683514780544,100,94.52758047493109
PT,PT,Lineage6,C1QB,10,0.95,0.0288413515646755,77,60.49712959235555
PT,PT,Lineage7,C1QB,1,0.05,0.0152170817310515,229,210.71396790972477
PT,PT,Lineage7,C1QB,2,0.15,0.0059995649163294,265,235.78987949020433
PT,PT,Lineage7,C1QB,3,0.25,0.0079701763852119,203,202.32967544339283
PT,PT,Lineage7,C1QB,4,0.35,0.013163682783052,564,357.2568283786706
PT,PT,Lineage7,C1QB,5,0.45,0.0098352776958756,129,123.313224974485
PT,PT,Lineage7,C1QB,6,0.55,0.0056231876976114,222,215.15909274101543
PT,PT,Lineage7,C1QB,7,0.6500000000000001,0.0089228431595935,352,328.2548314038918
PT,PT,Lineage7,C1QB,8,0.75,0.0058423075920534,253,248.86947849066132
PT,PT,Lineage7,C1QB,9,0.8500000000000001,0.003964995695062,104,103.91720943731887
PT,PT,Lineage7,C1QB,10,0.95,0.00324614410545,25,25.0
PT,PT,Lineage8,C1QB,1,0.05,0.0145072390016645,283,243.861858869527
PT,PT,Lineage8,C1QB,2,0.15,0.0059740701341201,366,298.864557479168
PT,PT,Lineage8,C1QB,3,0.25,0.0066628690666118,308,280.7497752615346
PT,PT,Lineage8,C1QB,4,0.35,0.012160618105058,208,197.34252500689797
PT,PT,Lineage8,C1QB,5,0.45,0.009525158533826,130,129.6577084108946
PT,PT,Lineage8,C1QB,6,0.55,0.0103570481575874,65,64.70883078503329
PT,PT,Lineage8,C1QB,7,0.6500000000000001,0.0161693804107877,71,69.36211032228495
PT,PT,Lineage8,C1QB,8,0.75,0.0107594409466953,38,38.0
PT,PT,Lineage8,C1QB,9,0.8500000000000001,0.0150891769065371,27,27.0
PT,PT,Lineage8,C1QB,10,0.95,0.0167260320131755,34,34.0
PT,PT,Lineage9,C1QB,1,0.05,0.0200307809905174,149,139.01540152713133
PT,PT,Lineage9,C1QB,2,0.15,0.0077636652840464,339,247.97135830069257
PT,PT,Lineage9,C1QB,3,0.25,0.0129614139105647,123,117.41949502491028
PT,PT,Lineage9,C1QB,4,0.35,0.0224611506039493,131,119.48642283382205
PT,PT,Lineage9,C1QB,5,0.45,0.0175685593555628,72,70.8406739824326
PT,PT,Lineage9,C1QB,6,0.55,0.0165815630002893,60,60.0
PT,PT,Lineage9,C1QB,7,0.6500000000000001,0.01541515015702,56,56.0
PT,PT,Lineage9,C1QB,8,0.75,0.0224372312376928,60,59.77233515030349
PT,PT,Lineage9,C1QB,9,0.8500000000000001,0.0225470091218737,35,34.40865010410188
PT,PT,Lineage9,C1QB,10,0.95,0.034123981586039,9,9.0
PT,PT,Lineage10,C1QB,1,0.05,0.0170041871181143,127,121.94203640035742
PT,PT,Lineage10,C1QB,2,0.15,0.0100591839704758,235,186.3499317993566
PT,PT,Lineage10,C1QB,3,0.25,0.0052788366508755,212,194.55863183093717
PT,PT,Lineage10,C1QB,4,0.35,0.0060948692835931,161,157.77531572035284
PT,PT,Lineage10,C1QB,5,0.45,0.0105633916049746,86,84.9432771760723
PT,PT,Lineage10,C1QB,6,0.55,0.0152233007336848,51,49.914921520569905
PT,PT,Lineage10,C1QB,7,0.6500000000000001,0.0110634484241017,38,37.20480609719146
PT,PT,Lineage10,C1QB,8,0.75,0.0157235093685292,44,43.73168956219897
PT,PT,Lineage10,C1QB,9,0.8500000000000001,0.0034560727083364,22,22.0
PT,PT,Lineage10,C1QB,10,0.95,0.0041185407566025,27,27.0
PT,PT,Lineage11,C1QB,1,0.05,0.0209101104691365,81,80.35157546507226
PT,PT,Lineage11,C1QB,2,0.15,0.0125948219174069,97,95.71596014277668
PT,PT,Lineage11,C1QB,3,0.25,0.0083351986220893,113,97.8670671200438
PT,PT,Lineage11,C1QB,4,0.35,0.0061359807396492,127,120.81313601222926
PT,PT,Lineage11,C1QB,5,0.45,0.0070890912548362,142,142.0
PT,PT,Lineage11,C1QB,6,0.55,0.0062348973921318,124,124.0
PT,PT,Lineage11,C1QB,7,0.6500000000000001,0.0069512024207416,74,74.0
PT,PT,Lineage11,C1QB,8,0.75,0.007230985959025,69,68.65074148827756
PT,PT,Lineage11,C1QB,9,0.8500000000000001,0.0025920143189466,22,21.708857808650315
PT,PT,Lineage11,C1QB,10,0.95,0.0020585114621583,7,6.797247006847127
PT,PT,Lineage1,C1QC,1,0.05,0.0049553701093746,1249,968.05520541352
PT,PT,Lineage1,C1QC,2,0.15,0.0080158322597555,552,347.17207211972107
PT,PT,Lineage1,C1QC,3,0.25,0.0042126273539798,415,362.2316899549579
PT,PT,Lineage1,C1QC,4,0.35,0.0057090939685916,298,291.86671911763847
PT,PT,Lineage1,C1QC,5,0.45,0.0078055138094101,214,214.0
PT,PT,Lineage1,C1QC,6,0.55,0.0129734274977946,144,144.0
PT,PT,Lineage1,C1QC,7,0.6500000000000001,0.012316591882311,66,66.0
PT,PT,Lineage1,C1QC,8,0.75,0.0080321194497689,14,14.0
PT,PT,Lineage1,C1QC,9,0.8500000000000001,0.0,36,36.0
PT,PT,Lineage1,C1QC,10,0.95,0.0,38,38.0
PT,PT,Lineage2,C1QC,1,0.05,0.0053698533721679,531,439.2674302593681
PT,PT,Lineage2,C1QC,2,0.15,0.0047909820040369,904,658.5647247615038
PT,PT,Lineage2,C1QC,3,0.25,0.0089542271700522,254,179.45508407137004
PT,PT,Lineage2,C1QC,4,0.35,0.0056302544463755,157,131.7975586839539
PT,PT,Lineage2,C1QC,5,0.45,0.0128364133137688,175,167.56585004340508
PT,PT,Lineage2,C1QC,6,0.55,0.0048129668487011,134,130.41830236371263
PT,PT,Lineage2,C1QC,7,0.6500000000000001,0.0153230507043305,95,85.90914029140448
PT,PT,Lineage2,C1QC,8,0.75,0.0161671135841047,129,129.0
PT,PT,Lineage2,C1QC,9,0.8500000000000001,0.0303434153902337,128,128.0
PT,PT,Lineage2,C1QC,10,0.95,0.0,20,20.0
PT,PT,Lineage3,C1QC,1,0.05,0.005401139235995,517,427.2278725752045
PT,PT,Lineage3,C1QC,2,0.15,0.0048111939457384,900,662.5893266960761
PT,PT,Lineage3,C1QC,3,0.25,0.0088044261555836,269,179.76417810309016
PT,PT,Lineage3,C1QC,4,0.35,0.0055720590183877,162,130.73432867837596
PT,PT,Lineage3,C1QC,5,0.45,0.0145333503635333,180,169.86642041577562
PT,PT,Lineage3,C1QC,6,0.55,0.002972800761686,155,141.63271721826248
PT,PT,Lineage3,C1QC,7,0.6500000000000001,0.0212781368716766,179,107.79195360971444
PT,PT,Lineage3,C1QC,8,0.75,0.0606476419910433,133,133.0
PT,PT,Lineage3,C1QC,9,0.8500000000000001,0.0301111764992137,61,61.0
PT,PT,Lineage3,C1QC,10,0.95,0.0178645682410162,57,57.0
PT,PT,Lineage4,C1QC,1,0.05,0.0051195174426268,287,238.8565439072539
PT,PT,Lineage4,C1QC,2,0.15,0.0054958154736495,485,449.9064774059803
PT,PT,Lineage4,C1QC,3,0.25,0.0067534294300993,262,204.20559290380197
PT,PT,Lineage4,C1QC,4,0.35,0.0129196424887598,154,113.71812210437758
PT,PT,Lineage4,C1QC,5,0.45,0.0047850628489903,289,285.37619856026345
PT,PT,Lineage4,C1QC,6,0.55,0.006214031154552,203,203.0
PT,PT,Lineage4,C1QC,7,0.6500000000000001,0.0053163198729384,228,204.58420859296663
PT,PT,Lineage4,C1QC,8,0.75,0.0035544299343456,286,272.71045654338775
PT,PT,Lineage4,C1QC,9,0.8500000000000001,0.0039505111962521,186,183.304830402454
PT,PT,Lineage4,C1QC,10,0.95,0.0087011447478217,120,115.95473945814668
PT,PT,Lineage5,C1QC,1,0.05,0.0053105196977828,290,257.0789487554607
PT,PT,Lineage5,C1QC,2,0.15,0.0042626581558641,519,433.32955356148386
PT,PT,Lineage5,C1QC,3,0.25,0.0061378159252643,540,424.84936042523736
PT,PT,Lineage5,C1QC,4,0.35,0.0070130409372607,332,201.0105077595712
PT,PT,Lineage5,C1QC,5,0.45,0.0084649682261508,197,131.2016206783867
PT,PT,Lineage5,C1QC,6,0.55,0.0066799387222048,77,56.1445837270891
PT,PT,Lineage5,C1QC,7,0.6500000000000001,0.0095080070586152,50,48.34756384820716
PT,PT,Lineage5,C1QC,8,0.75,0.0042802197540008,34,33.771334858429455
PT,PT,Lineage5,C1QC,9,0.8500000000000001,0.0033527752154352,23,22.225325994507436
PT,PT,Lineage5,C1QC,10,0.95,0.0103162241436412,23,23.0
PT,PT,Lineage6,C1QC,1,0.05,0.0062936779649592,154,143.89721539858016
PT,PT,Lineage6,C1QC,2,0.15,0.0044102286866081,299,236.03424365924823
PT,PT,Lineage6,C1QC,3,0.25,0.0033288743979405,260,222.2888809081952
PT,PT,Lineage6,C1QC,4,0.35,0.005515857812229,240,216.9700322803281
PT,PT,Lineage6,C1QC,5,0.45,0.008416211932397,200,173.57791074948216
PT,PT,Lineage6,C1QC,6,0.55,0.0073756158362379,284,252.22905095730775
PT,PT,Lineage6,C1QC,7,0.6500000000000001,0.0068382964358902,165,165.0
PT,PT,Lineage6,C1QC,8,0.75,0.0065525030831411,193,193.0
PT,PT,Lineage6,C1QC,9,0.8500000000000001,0.0083466096678932,100,94.52758047493109
PT,PT,Lineage6,C1QC,10,0.95,0.0070163672945638,77,60.49712959235555
PT,PT,Lineage7,C1QC,1,0.05,0.0059178278746833,229,210.71396790972477
PT,PT,Lineage7,C1QC,2,0.15,0.003799468537169,265,235.78987949020433
PT,PT,Lineage7,C1QC,3,0.25,0.0052636155223388,203,202.32967544339283
PT,PT,Lineage7,C1QC,4,0.35,0.007992868114788,564,357.2568283786706
PT,PT,Lineage7,C1QC,5,0.45,0.0053799521310345,129,123.313224974485
PT,PT,Lineage7,C1QC,6,0.55,0.0043603660616107,222,215.15909274101543
PT,PT,Lineage7,C1QC,7,0.6500000000000001,0.0046257277445709,352,328.2548314038918
PT,PT,Lineage7,C1QC,8,0.75,0.004448808310364,253,248.86947849066132
PT,PT,Lineage7,C1QC,9,0.8500000000000001,0.0028533508373227,104,103.91720943731887
PT,PT,Lineage7,C1QC,10,0.95,0.0,25,25.0
PT,PT,Lineage8,C1QC,1,0.05,0.0058844123310404,283,243.861858869527
PT,PT,Lineage8,C1QC,2,0.15,0.0038432002206446,366,298.864557479168
PT,PT,Lineage8,C1QC,3,0.25,0.006282865818073,308,280.7497752615346
PT,PT,Lineage8,C1QC,4,0.35,0.0076603919480968,208,197.34252500689797
PT,PT,Lineage8,C1QC,5,0.45,0.006606336721098,130,129.6577084108946
PT,PT,Lineage8,C1QC,6,0.55,0.0102872134510572,65,64.70883078503329
PT,PT,Lineage8,C1QC,7,0.6500000000000001,0.0102228812826878,71,69.36211032228495
PT,PT,Lineage8,C1QC,8,0.75,0.0066402373610092,38,38.0
PT,PT,Lineage8,C1QC,9,0.8500000000000001,0.0052001805466251,27,27.0
PT,PT,Lineage8,C1QC,10,0.95,0.0061582896660447,34,34.0
PT,PT,Lineage9,C1QC,1,0.05,0.0067819973432544,149,139.01540152713133
PT,PT,Lineage9,C1QC,2,0.15,0.0047497331064753,339,247.97135830069257
PT,PT,Lineage9,C1QC,3,0.25,0.0037692330117864,123,117.41949502491028
PT,PT,Lineage9,C1QC,4,0.35,0.0066123235407301,131,119.48642283382205
PT,PT,Lineage9,C1QC,5,0.45,0.0076207923834127,72,70.8406739824326
PT,PT,Lineage9,C1QC,6,0.55,0.004403546212805,60,60.0
PT,PT,Lineage9,C1QC,7,0.6500000000000001,0.0063344871355703,56,56.0
PT,PT,Lineage9,C1QC,8,0.75,0.0048452456660248,60,59.77233515030349
PT,PT,Lineage9,C1QC,9,0.8500000000000001,0.0170455625149631,35,34.40865010410188
PT,PT,Lineage9,C1QC,10,0.95,0.0320110802248686,9,9.0
PT,PT,Lineage10,C1QC,1,0.05,0.0061282620538494,127,121.94203640035742
PT,PT,Lineage10,C1QC,2,0.15,0.0045326149282395,235,186.3499317993566
PT,PT,Lineage10,C1QC,3,0.25,0.0048929139694914,212,194.55863183093717
PT,PT,Lineage10,C1QC,4,0.35,0.0027733604035717,161,157.77531572035284
PT,PT,Lineage10,C1QC,5,0.45,0.0071906170369317,86,84.9432771760723
PT,PT,Lineage10,C1QC,6,0.55,0.0048273207937346,51,49.914921520569905
PT,PT,Lineage10,C1QC,7,0.6500000000000001,0.0107020824262383,38,37.20480609719146
PT,PT,Lineage10,C1QC,8,0.75,0.0061095802693381,44,43.73168956219897
PT,PT,Lineage10,C1QC,9,0.8500000000000001,0.0074304964223098,22,22.0
PT,PT,Lineage10,C1QC,10,0.95,0.0023036493075181,27,27.0
PT,PT,Lineage11,C1QC,1,0.05,0.0084541173643537,81,80.35157546507226
PT,PT,Lineage11,C1QC,2,0.15,0.0039754857588415,97,95.71596014277668
PT,PT,Lineage11,C1QC,3,0.25,0.0038909226293503,113,97.8670671200438
PT,PT,Lineage11,C1QC,4,0.35,0.0028114120629019,127,120.81313601222926
PT,PT,Lineage11,C1QC,5,0.45,0.003474526235018,142,142.0
PT,PT,Lineage11,C1QC,6,0.55,0.0063377646610299,124,124.0
PT,PT,Lineage11,C1QC,7,0.6500000000000001,0.0019671181777133,74,74.0
PT,PT,Lineage11,C1QC,8,0.75,0.0027861770053439,69,68.65074148827756
PT,PT,Lineage11,C1QC,9,0.8500000000000001,0.0027455071420445,22,21.708857808650315
PT,PT,Lineage11,C1QC,10,0.95,0.0029328564323337,7,6.797247006847127
PT,PT,Lineage1,C1R,1,0.05,0.0245762478661997,1249,968.05520541352
PT,PT,Lineage1,C1R,2,0.15,0.0649990425586266,552,347.17207211972107
PT,PT,Lineage1,C1R,3,0.25,0.0476811577861726,415,362.2316899549579
PT,PT,Lineage1,C1R,4,0.35,0.0679550142178041,298,291.86671911763847
PT,PT,Lineage1,C1R,5,0.45,0.1055106684616318,214,214.0
PT,PT,Lineage1,C1R,6,0.55,0.1544317247737689,144,144.0
PT,PT,Lineage1,C1R,7,0.6500000000000001,0.2149084707649961,66,66.0
PT,PT,Lineage1,C1R,8,0.75,0.1106130793540185,14,14.0
PT,PT,Lineage1,C1R,9,0.8500000000000001,0.0342277063414904,36,36.0
PT,PT,Lineage1,C1R,10,0.95,0.0165157785734397,38,38.0
PT,PT,Lineage2,C1R,1,0.05,0.0262497820032684,531,439.2674302593681
PT,PT,Lineage2,C1R,2,0.15,0.0247266642173452,904,658.5647247615038
PT,PT,Lineage2,C1R,3,0.25,0.0695439236866595,254,179.45508407137004
PT,PT,Lineage2,C1R,4,0.35,0.0662256629908843,157,131.7975586839539
PT,PT,Lineage2,C1R,5,0.45,0.0713196890509974,175,167.56585004340508
PT,PT,Lineage2,C1R,6,0.55,0.1054523597145027,134,130.41830236371263
PT,PT,Lineage2,C1R,7,0.6500000000000001,0.0562733437155258,95,85.90914029140448
PT,PT,Lineage2,C1R,8,0.75,0.080291469184233,129,129.0
PT,PT,Lineage2,C1R,9,0.8500000000000001,0.0509905522191378,128,128.0
PT,PT,Lineage2,C1R,10,0.95,0.0132167417167012,20,20.0
PT,PT,Lineage3,C1R,1,0.05,0.0266796813272634,517,427.2278725752045
PT,PT,Lineage3,C1R,2,0.15,0.0242678714201821,900,662.5893266960761
PT,PT,Lineage3,C1R,3,0.25,0.0667460153805351,269,179.76417810309016
PT,PT,Lineage3,C1R,4,0.35,0.0677228556809171,162,130.73432867837596
PT,PT,Lineage3,C1R,5,0.45,0.0656162757214097,180,169.86642041577562
PT,PT,Lineage3,C1R,6,0.55,0.1305906015098053,155,141.63271721826248
PT,PT,Lineage3,C1R,7,0.6500000000000001,0.1129699174710773,179,107.79195360971444
PT,PT,Lineage3,C1R,8,0.75,0.1690432942244276,133,133.0
PT,PT,Lineage3,C1R,9,0.8500000000000001,0.1752006796141094,61,61.0
PT,PT,Lineage3,C1R,10,0.95,0.3696913353100825,57,57.0
PT,PT,Lineage4,C1R,1,0.05,0.0252666572450882,287,238.8565439072539
PT,PT,Lineage4,C1R,2,0.15,0.0250587597475911,485,449.9064774059803
PT,PT,Lineage4,C1R,3,0.25,0.0495309760142325,262,204.20559290380197
PT,PT,Lineage4,C1R,4,0.35,0.0732620958202869,154,113.71812210437758
PT,PT,Lineage4,C1R,5,0.45,0.1142492609925999,289,285.37619856026345
PT,PT,Lineage4,C1R,6,0.55,0.058991619461476,203,203.0
PT,PT,Lineage4,C1R,7,0.6500000000000001,0.0318213864309761,228,204.58420859296663
PT,PT,Lineage4,C1R,8,0.75,0.0116030248592025,286,272.71045654338775
PT,PT,Lineage4,C1R,9,0.8500000000000001,0.0337434541220855,186,183.304830402454
PT,PT,Lineage4,C1R,10,0.95,0.0409012706938369,120,115.95473945814668
PT,PT,Lineage5,C1R,1,0.05,0.030235548792554,290,257.0789487554607
PT,PT,Lineage5,C1R,2,0.15,0.0222431338042751,519,433.32955356148386
PT,PT,Lineage5,C1R,3,0.25,0.0269234180327903,540,424.84936042523736
PT,PT,Lineage5,C1R,4,0.35,0.0510046486708663,332,201.0105077595712
PT,PT,Lineage5,C1R,5,0.45,0.0654955731332161,197,131.2016206783867
PT,PT,Lineage5,C1R,6,0.55,0.1089040874340974,77,56.1445837270891
PT,PT,Lineage5,C1R,7,0.6500000000000001,0.0684147777179542,50,48.34756384820716
PT,PT,Lineage5,C1R,8,0.75,0.0291526452666253,34,33.771334858429455
PT,PT,Lineage5,C1R,9,0.8500000000000001,0.0887881418105619,23,22.225325994507436
PT,PT,Lineage5,C1R,10,0.95,0.098435887256995,23,23.0
PT,PT,Lineage6,C1R,1,0.05,0.0349343670815839,154,143.89721539858016
PT,PT,Lineage6,C1R,2,0.15,0.0185521722688561,299,236.03424365924823
PT,PT,Lineage6,C1R,3,0.25,0.0224388042623206,260,222.2888809081952
PT,PT,Lineage6,C1R,4,0.35,0.0258174600222592,240,216.9700322803281
PT,PT,Lineage6,C1R,5,0.45,0.0330875317614278,200,173.57791074948216
PT,PT,Lineage6,C1R,6,0.55,0.0443805763846925,284,252.22905095730775
PT,PT,Lineage6,C1R,7,0.6500000000000001,0.0387967159573266,165,165.0
PT,PT,Lineage6,C1R,8,0.75,0.0419424690914628,193,193.0
PT,PT,Lineage6,C1R,9,0.8500000000000001,0.0249848673575912,100,94.52758047493109
PT,PT,Lineage6,C1R,10,0.95,0.0465391150144704,77,60.49712959235555
PT,PT,Lineage7,C1R,1,0.05,0.0322869922917447,229,210.71396790972477
PT,PT,Lineage7,C1R,2,0.15,0.0205852507605227,265,235.78987949020433
PT,PT,Lineage7,C1R,3,0.25,0.0204142966477619,203,202.32967544339283
PT,PT,Lineage7,C1R,4,0.35,0.0433887465828145,564,357.2568283786706
PT,PT,Lineage7,C1R,5,0.45,0.0307608608710905,129,123.313224974485
PT,PT,Lineage7,C1R,6,0.55,0.0280590060517934,222,215.15909274101543
PT,PT,Lineage7,C1R,7,0.6500000000000001,0.0271345735067027,352,328.2548314038918
PT,PT,Lineage7,C1R,8,0.75,0.0199401260193923,253,248.86947849066132
PT,PT,Lineage7,C1R,9,0.8500000000000001,0.0120419062295932,104,103.91720943731887
PT,PT,Lineage7,C1R,10,0.95,0.0152084789900984,25,25.0
PT,PT,Lineage8,C1R,1,0.05,0.0301091736078651,283,243.861858869527
PT,PT,Lineage8,C1R,2,0.15,0.0207497286475822,366,298.864557479168
PT,PT,Lineage8,C1R,3,0.25,0.0245526611698636,308,280.7497752615346
PT,PT,Lineage8,C1R,4,0.35,0.0381237964506893,208,197.34252500689797
PT,PT,Lineage8,C1R,5,0.45,0.0552904609592648,130,129.6577084108946
PT,PT,Lineage8,C1R,6,0.55,0.0855413974828286,65,64.70883078503329
PT,PT,Lineage8,C1R,7,0.6500000000000001,0.0914864353705817,71,69.36211032228495
PT,PT,Lineage8,C1R,8,0.75,0.1154479966980917,38,38.0
PT,PT,Lineage8,C1R,9,0.8500000000000001,0.1206013024524232,27,27.0
PT,PT,Lineage8,C1R,10,0.95,0.1151926883095557,34,34.0
PT,PT,Lineage9,C1R,1,0.05,0.0353795767355297,149,139.01540152713133
PT,PT,Lineage9,C1R,2,0.15,0.0205152775157613,339,247.97135830069257
PT,PT,Lineage9,C1R,3,0.25,0.022150906617198,123,117.41949502491028
PT,PT,Lineage9,C1R,4,0.35,0.0313095809760136,131,119.48642283382205
PT,PT,Lineage9,C1R,5,0.45,0.0411431017427137,72,70.8406739824326
PT,PT,Lineage9,C1R,6,0.55,0.0300020158373367,60,60.0
PT,PT,Lineage9,C1R,7,0.6500000000000001,0.0291801515326189,56,56.0
PT,PT,Lineage9,C1R,8,0.75,0.0359016429303697,60,59.77233515030349
PT,PT,Lineage9,C1R,9,0.8500000000000001,0.0476226311224637,35,34.40865010410188
PT,PT,Lineage9,C1R,10,0.95,0.0443680780609773,9,9.0
PT,PT,Lineage10,C1R,1,0.05,0.0317186737099462,127,121.94203640035742
PT,PT,Lineage10,C1R,2,0.15,0.0237039327163165,235,186.3499317993566
PT,PT,Lineage10,C1R,3,0.25,0.0212497331263845,212,194.55863183093717
PT,PT,Lineage10,C1R,4,0.35,0.0423265426551164,161,157.77531572035284
PT,PT,Lineage10,C1R,5,0.45,0.0354164574824562,86,84.9432771760723
PT,PT,Lineage10,C1R,6,0.55,0.047852864478834,51,49.914921520569905
PT,PT,Lineage10,C1R,7,0.6500000000000001,0.0653915952656916,38,37.20480609719146
PT,PT,Lineage10,C1R,8,0.75,0.1067116294378554,44,43.73168956219897
PT,PT,Lineage10,C1R,9,0.8500000000000001,0.1225483801210605,22,22.0
PT,PT,Lineage10,C1R,10,0.95,0.0633587154484439,27,27.0
PT,PT,Lineage11,C1R,1,0.05,0.0381933021794922,81,80.35157546507226
PT,PT,Lineage11,C1R,2,0.15,0.026652897742978,97,95.71596014277668
PT,PT,Lineage11,C1R,3,0.25,0.0178839351510783,113,97.8670671200438
PT,PT,Lineage11,C1R,4,0.35,0.0274209295997619,127,120.81313601222926
PT,PT,Lineage11,C1R,5,0.45,0.0306668499908775,142,142.0
PT,PT,Lineage11,C1R,6,0.55,0.0209760534840466,124,124.0
PT,PT,Lineage11,C1R,7,0.6500000000000001,0.0178597157613664,74,74.0
PT,PT,Lineage11,C1R,8,0.75,0.019743818900917,69,68.65074148827756
PT,PT,Lineage11,C1R,9,0.8500000000000001,0.0081901817259799,22,21.708857808650315
PT,PT,Lineage11,C1R,10,0.95,0.0044970959514369,7,6.797247006847127
PT,PT,Lineage1,C1S,1,0.05,0.1331282186164269,1249,968.05520541352
PT,PT,Lineage1,C1S,2,0.15,0.1459411635183015,552,347.17207211972107
PT,PT,Lineage1,C1S,3,0.25,0.1782164517696426,415,362.2316899549579
PT,PT,Lineage1,C1S,4,0.35,0.2143684013972424,298,291.86671911763847
PT,PT,Lineage1,C1S,5,0.45,0.2448737596062297,214,214.0
PT,PT,Lineage1,C1S,6,0.55,0.2750726833962614,144,144.0
PT,PT,Lineage1,C1S,7,0.6500000000000001,0.3042089832328474,66,66.0
PT,PT,Lineage1,C1S,8,0.75,0.1732339848436694,14,14.0
PT,PT,Lineage1,C1S,9,0.8500000000000001,0.100360603827941,36,36.0
PT,PT,Lineage1,C1S,10,0.95,0.0981441333749447,38,38.0
PT,PT,Lineage2,C1S,1,0.05,0.1413735952148623,531,439.2674302593681
PT,PT,Lineage2,C1S,2,0.15,0.1289752153491877,904,658.5647247615038
PT,PT,Lineage2,C1S,3,0.25,0.1445701648438359,254,179.45508407137004
PT,PT,Lineage2,C1S,4,0.35,0.1549594607244647,157,131.7975586839539
PT,PT,Lineage2,C1S,5,0.45,0.1848529650740244,175,167.56585004340508
PT,PT,Lineage2,C1S,6,0.55,0.1388835146759854,134,130.41830236371263
PT,PT,Lineage2,C1S,7,0.6500000000000001,0.1004444061463064,95,85.90914029140448
PT,PT,Lineage2,C1S,8,0.75,0.0633736706039882,129,129.0
PT,PT,Lineage2,C1S,9,0.8500000000000001,0.050259687884165,128,128.0
PT,PT,Lineage2,C1S,10,0.95,0.0368009360162937,20,20.0
PT,PT,Lineage3,C1S,1,0.05,0.1420193604179306,517,427.2278725752045
PT,PT,Lineage3,C1S,2,0.15,0.1281413368466458,900,662.5893266960761
PT,PT,Lineage3,C1S,3,0.25,0.1455992606781582,269,179.76417810309016
PT,PT,Lineage3,C1S,4,0.35,0.1597531411699748,162,130.73432867837596
PT,PT,Lineage3,C1S,5,0.45,0.1759775782498288,180,169.86642041577562
PT,PT,Lineage3,C1S,6,0.55,0.154499410726946,155,141.63271721826248
PT,PT,Lineage3,C1S,7,0.6500000000000001,0.1303782338983757,179,107.79195360971444
PT,PT,Lineage3,C1S,8,0.75,0.14100273678755,133,133.0
PT,PT,Lineage3,C1S,9,0.8500000000000001,0.2292054240639712,61,61.0
PT,PT,Lineage3,C1S,10,0.95,0.4341731750869301,57,57.0
PT,PT,Lineage4,C1S,1,0.05,0.1397153735635557,287,238.8565439072539
PT,PT,Lineage4,C1S,2,0.15,0.127739839209222,485,449.9064774059803
PT,PT,Lineage4,C1S,3,0.25,0.1469729955955435,262,204.20559290380197
PT,PT,Lineage4,C1S,4,0.35,0.1526511059136716,154,113.71812210437758
PT,PT,Lineage4,C1S,5,0.45,0.1645852467706651,289,285.37619856026345
PT,PT,Lineage4,C1S,6,0.55,0.1305383519236177,203,203.0
PT,PT,Lineage4,C1S,7,0.6500000000000001,0.1314423603024243,228,204.58420859296663
PT,PT,Lineage4,C1S,8,0.75,0.1204707334988839,286,272.71045654338775
PT,PT,Lineage4,C1S,9,0.8500000000000001,0.1540680253208442,186,183.304830402454
PT,PT,Lineage4,C1S,10,0.95,0.1548445035447413,120,115.95473945814668
PT,PT,Lineage5,C1S,1,0.05,0.1544232169889448,290,257.0789487554607
PT,PT,Lineage5,C1S,2,0.15,0.1236691666986397,519,433.32955356148386
PT,PT,Lineage5,C1S,3,0.25,0.1323381685007907,540,424.84936042523736
PT,PT,Lineage5,C1S,4,0.35,0.1384388940951412,332,201.0105077595712
PT,PT,Lineage5,C1S,5,0.45,0.1506497369121889,197,131.2016206783867
PT,PT,Lineage5,C1S,6,0.55,0.2109972600922296,77,56.1445837270891
PT,PT,Lineage5,C1S,7,0.6500000000000001,0.2116850177500218,50,48.34756384820716
PT,PT,Lineage5,C1S,8,0.75,0.1504567822564287,34,33.771334858429455
PT,PT,Lineage5,C1S,9,0.8500000000000001,0.2345224973401126,23,22.225325994507436
PT,PT,Lineage5,C1S,10,0.95,0.2334486038293781,23,23.0
PT,PT,Lineage6,C1S,1,0.05,0.1644055671468739,154,143.89721539858016
PT,PT,Lineage6,C1S,2,0.15,0.1303768712576603,299,236.03424365924823
PT,PT,Lineage6,C1S,3,0.25,0.1251031354747355,260,222.2888809081952
PT,PT,Lineage6,C1S,4,0.35,0.1171972784491929,240,216.9700322803281
PT,PT,Lineage6,C1S,5,0.45,0.124657687571301,200,173.57791074948216
PT,PT,Lineage6,C1S,6,0.55,0.1384379340917201,284,252.22905095730775
PT,PT,Lineage6,C1S,7,0.6500000000000001,0.1247795611714687,165,165.0
PT,PT,Lineage6,C1S,8,0.75,0.1294436856701035,193,193.0
PT,PT,Lineage6,C1S,9,0.8500000000000001,0.1296244033810348,100,94.52758047493109
PT,PT,Lineage6,C1S,10,0.95,0.1362493963162107,77,60.49712959235555
PT,PT,Lineage7,C1S,1,0.05,0.1574085824519301,229,210.71396790972477
PT,PT,Lineage7,C1S,2,0.15,0.1220334376136256,265,235.78987949020433
PT,PT,Lineage7,C1S,3,0.25,0.1211801547498786,203,202.32967544339283
PT,PT,Lineage7,C1S,4,0.35,0.1371487950051288,564,357.2568283786706
PT,PT,Lineage7,C1S,5,0.45,0.1158853216277904,129,123.313224974485
PT,PT,Lineage7,C1S,6,0.55,0.1393292914851687,222,215.15909274101543
PT,PT,Lineage7,C1S,7,0.6500000000000001,0.1277279311062675,352,328.2548314038918
PT,PT,Lineage7,C1S,8,0.75,0.1288228776794061,253,248.86947849066132
PT,PT,Lineage7,C1S,9,0.8500000000000001,0.1180054477657378,104,103.91720943731887
PT,PT,Lineage7,C1S,10,0.95,0.1280024797363753,25,25.0
PT,PT,Lineage8,C1S,1,0.05,0.150650938214823,283,243.861858869527
PT,PT,Lineage8,C1S,2,0.15,0.1252177756398931,366,298.864557479168
PT,PT,Lineage8,C1S,3,0.25,0.1251122358974013,308,280.7497752615346
PT,PT,Lineage8,C1S,4,0.35,0.1294432026047415,208,197.34252500689797
PT,PT,Lineage8,C1S,5,0.45,0.1702176370606066,130,129.6577084108946
PT,PT,Lineage8,C1S,6,0.55,0.1392183082085881,65,64.70883078503329
PT,PT,Lineage8,C1S,7,0.6500000000000001,0.1615706460055753,71,69.36211032228495
PT,PT,Lineage8,C1S,8,0.75,0.1596935980342999,38,38.0
PT,PT,Lineage8,C1S,9,0.8500000000000001,0.2141112634657073,27,27.0
PT,PT,Lineage8,C1S,10,0.95,0.1814328211658233,34,34.0
PT,PT,Lineage9,C1S,1,0.05,0.1668098829965032,149,139.01540152713133
PT,PT,Lineage9,C1S,2,0.15,0.1245403302730328,339,247.97135830069257
PT,PT,Lineage9,C1S,3,0.25,0.1363921558365707,123,117.41949502491028
PT,PT,Lineage9,C1S,4,0.35,0.1545776186631097,131,119.48642283382205
PT,PT,Lineage9,C1S,5,0.45,0.1392063314799983,72,70.8406739824326
PT,PT,Lineage9,C1S,6,0.55,0.1150022237837731,60,60.0
PT,PT,Lineage9,C1S,7,0.6500000000000001,0.1383258085733007,56,56.0
PT,PT,Lineage9,C1S,8,0.75,0.1275259911250957,60,59.77233515030349
PT,PT,Lineage9,C1S,9,0.8500000000000001,0.1320606540810641,35,34.40865010410188
PT,PT,Lineage9,C1S,10,0.95,0.072176944303529,9,9.0
PT,PT,Lineage10,C1S,1,0.05,0.1656089121135086,127,121.94203640035742
PT,PT,Lineage10,C1S,2,0.15,0.1347127762967645,235,186.3499317993566
PT,PT,Lineage10,C1S,3,0.25,0.1239523688433658,212,194.55863183093717
PT,PT,Lineage10,C1S,4,0.35,0.1443323483087708,161,157.77531572035284
PT,PT,Lineage10,C1S,5,0.45,0.1350369921858446,86,84.9432771760723
PT,PT,Lineage10,C1S,6,0.55,0.1323687664669998,51,49.914921520569905
PT,PT,Lineage10,C1S,7,0.6500000000000001,0.1505968255141693,38,37.20480609719146
PT,PT,Lineage10,C1S,8,0.75,0.1774815684590109,44,43.73168956219897
PT,PT,Lineage10,C1S,9,0.8500000000000001,0.1388848004579184,22,22.0
PT,PT,Lineage10,C1S,10,0.95,0.1571051841834938,27,27.0
PT,PT,Lineage11,C1S,1,0.05,0.169218067397526,81,80.35157546507226
PT,PT,Lineage11,C1S,2,0.15,0.1583264215289317,97,95.71596014277668
PT,PT,Lineage11,C1S,3,0.25,0.1294099070656454,113,97.8670671200438
PT,PT,Lineage11,C1S,4,0.35,0.1269293688542969,127,120.81313601222926
PT,PT,Lineage11,C1S,5,0.45,0.1324097128496996,142,142.0
PT,PT,Lineage11,C1S,6,0.55,0.1196753223314774,124,124.0
PT,PT,Lineage11,C1S,7,0.6500000000000001,0.12765604315459,74,74.0
PT,PT,Lineage11,C1S,8,0.75,0.142823110473452,69,68.65074148827756
PT,PT,Lineage11,C1S,9,0.8500000000000001,0.1233209921653686,22,21.708857808650315
PT,PT,Lineage11,C1S,10,0.95,0.0936301845785527,7,6.797247006847127
PT,PT,Lineage1,C2,1,0.05,0.1251955082348487,1249,968.05520541352
PT,PT,Lineage1,C2,2,0.15,0.1750762291282994,552,347.17207211972107
PT,PT,Lineage1,C2,3,0.25,0.1508848064518361,415,362.2316899549579
PT,PT,Lineage1,C2,4,0.35,0.1408092126988751,298,291.86671911763847
PT,PT,Lineage1,C2,5,0.45,0.1347807514437431,214,214.0
PT,PT,Lineage1,C2,6,0.55,0.1423723730559358,144,144.0
PT,PT,Lineage1,C2,7,0.6500000000000001,0.1082691982627339,66,66.0
PT,PT,Lineage1,C2,8,0.75,0.1272994579729423,14,14.0
PT,PT,Lineage1,C2,9,0.8500000000000001,0.1941863820773833,36,36.0
PT,PT,Lineage1,C2,10,0.95,0.2062012311459257,38,38.0
PT,PT,Lineage2,C2,1,0.05,0.1284404575406801,531,439.2674302593681
PT,PT,Lineage2,C2,2,0.15,0.1264267474674118,904,658.5647247615038
PT,PT,Lineage2,C2,3,0.25,0.1884942840994934,254,179.45508407137004
PT,PT,Lineage2,C2,4,0.35,0.1665950101739954,157,131.7975586839539
PT,PT,Lineage2,C2,5,0.45,0.137163023767451,175,167.56585004340508
PT,PT,Lineage2,C2,6,0.55,0.1087556674870684,134,130.41830236371263
PT,PT,Lineage2,C2,7,0.6500000000000001,0.1297062107265444,95,85.90914029140448
PT,PT,Lineage2,C2,8,0.75,0.0751610735658358,129,129.0
PT,PT,Lineage2,C2,9,0.8500000000000001,0.0577025417048775,128,128.0
PT,PT,Lineage2,C2,10,0.95,0.0366580917362475,20,20.0
PT,PT,Lineage3,C2,1,0.05,0.128039491920803,517,427.2278725752045
PT,PT,Lineage3,C2,2,0.15,0.1265191348759394,900,662.5893266960761
PT,PT,Lineage3,C2,3,0.25,0.1854569504948046,269,179.76417810309016
PT,PT,Lineage3,C2,4,0.35,0.1683969703566434,162,130.73432867837596
PT,PT,Lineage3,C2,5,0.45,0.1382349411548491,180,169.86642041577562
PT,PT,Lineage3,C2,6,0.55,0.1444955443073427,155,141.63271721826248
PT,PT,Lineage3,C2,7,0.6500000000000001,0.1664352173895618,179,107.79195360971444
PT,PT,Lineage3,C2,8,0.75,0.1760980165665436,133,133.0
PT,PT,Lineage3,C2,9,0.8500000000000001,0.5612453127597021,61,61.0
PT,PT,Lineage3,C2,10,0.95,0.6568128968980234,57,57.0
PT,PT,Lineage4,C2,1,0.05,0.1303063263388292,287,238.8565439072539
PT,PT,Lineage4,C2,2,0.15,0.1282185630071373,485,449.9064774059803
PT,PT,Lineage4,C2,3,0.25,0.1683570650321403,262,204.20559290380197
PT,PT,Lineage4,C2,4,0.35,0.1868344392098739,154,113.71812210437758
PT,PT,Lineage4,C2,5,0.45,0.2427077845217514,289,285.37619856026345
PT,PT,Lineage4,C2,6,0.55,0.2072926416340551,203,203.0
PT,PT,Lineage4,C2,7,0.6500000000000001,0.1144301890414224,228,204.58420859296663
PT,PT,Lineage4,C2,8,0.75,0.1145210840737589,286,272.71045654338775
PT,PT,Lineage4,C2,9,0.8500000000000001,0.1082698663273744,186,183.304830402454
PT,PT,Lineage4,C2,10,0.95,0.1196218222364025,120,115.95473945814668
PT,PT,Lineage5,C2,1,0.05,0.1171484986791959,290,257.0789487554607
PT,PT,Lineage5,C2,2,0.15,0.13357500946615,519,433.32955356148386
PT,PT,Lineage5,C2,3,0.25,0.1305068508247895,540,424.84936042523736
PT,PT,Lineage5,C2,4,0.35,0.1393798808019553,332,201.0105077595712
PT,PT,Lineage5,C2,5,0.45,0.2081724983724188,197,131.2016206783867
PT,PT,Lineage5,C2,6,0.55,0.193133655563541,77,56.1445837270891
PT,PT,Lineage5,C2,7,0.6500000000000001,0.1594031728810436,50,48.34756384820716
PT,PT,Lineage5,C2,8,0.75,0.1418562764824247,34,33.771334858429455
PT,PT,Lineage5,C2,9,0.8500000000000001,0.0927980320739693,23,22.225325994507436
PT,PT,Lineage5,C2,10,0.95,0.1427046666260759,23,23.0
PT,PT,Lineage6,C2,1,0.05,0.1076909248553561,154,143.89721539858016
PT,PT,Lineage6,C2,2,0.15,0.136393932694225,299,236.03424365924823
PT,PT,Lineage6,C2,3,0.25,0.1335193368596428,260,222.2888809081952
PT,PT,Lineage6,C2,4,0.35,0.1155591790134684,240,216.9700322803281
PT,PT,Lineage6,C2,5,0.45,0.1423644022266153,200,173.57791074948216
PT,PT,Lineage6,C2,6,0.55,0.1413042127663517,284,252.22905095730775
PT,PT,Lineage6,C2,7,0.6500000000000001,0.1194972191657904,165,165.0
PT,PT,Lineage6,C2,8,0.75,0.1434691513546392,193,193.0
PT,PT,Lineage6,C2,9,0.8500000000000001,0.1433690292422867,100,94.52758047493109
PT,PT,Lineage6,C2,10,0.95,0.1551853798600026,77,60.49712959235555
PT,PT,Lineage7,C2,1,0.05,0.1113492912355587,229,210.71396790972477
PT,PT,Lineage7,C2,2,0.15,0.1426685434689247,265,235.78987949020433
PT,PT,Lineage7,C2,3,0.25,0.1188335382603524,203,202.32967544339283
PT,PT,Lineage7,C2,4,0.35,0.1388368849827306,564,357.2568283786706
PT,PT,Lineage7,C2,5,0.45,0.1268592331159233,129,123.313224974485
PT,PT,Lineage7,C2,6,0.55,0.134705339448122,222,215.15909274101543
PT,PT,Lineage7,C2,7,0.6500000000000001,0.1242815558471912,352,328.2548314038918
PT,PT,Lineage7,C2,8,0.75,0.1178125332568593,253,248.86947849066132
PT,PT,Lineage7,C2,9,0.8500000000000001,0.1118629472443619,104,103.91720943731887
PT,PT,Lineage7,C2,10,0.95,0.1002399933993091,25,25.0
PT,PT,Lineage8,C2,1,0.05,0.1137285962698506,283,243.861858869527
PT,PT,Lineage8,C2,2,0.15,0.1408592114800546,366,298.864557479168
PT,PT,Lineage8,C2,3,0.25,0.1260703838157985,308,280.7497752615346
PT,PT,Lineage8,C2,4,0.35,0.1274579284668885,208,197.34252500689797
PT,PT,Lineage8,C2,5,0.45,0.1632206473532994,130,129.6577084108946
PT,PT,Lineage8,C2,6,0.55,0.1625033810115433,65,64.70883078503329
PT,PT,Lineage8,C2,7,0.6500000000000001,0.1944516605810979,71,69.36211032228495
PT,PT,Lineage8,C2,8,0.75,0.177512809601093,38,38.0
PT,PT,Lineage8,C2,9,0.8500000000000001,0.185203798568189,27,27.0
PT,PT,Lineage8,C2,10,0.95,0.1937071733232142,34,34.0
PT,PT,Lineage9,C2,1,0.05,0.1109612917015909,149,139.01540152713133
PT,PT,Lineage9,C2,2,0.15,0.1343009162509791,339,247.97135830069257
PT,PT,Lineage9,C2,3,0.25,0.1305731487319248,123,117.41949502491028
PT,PT,Lineage9,C2,4,0.35,0.1175940933899434,131,119.48642283382205
PT,PT,Lineage9,C2,5,0.45,0.127185885532936,72,70.8406739824326
PT,PT,Lineage9,C2,6,0.55,0.1206559612126384,60,60.0
PT,PT,Lineage9,C2,7,0.6500000000000001,0.1335508702252396,56,56.0
PT,PT,Lineage9,C2,8,0.75,0.1652064532869736,60,59.77233515030349
PT,PT,Lineage9,C2,9,0.8500000000000001,0.1377685457195149,35,34.40865010410188
PT,PT,Lineage9,C2,10,0.95,0.1462702396239058,9,9.0
PT,PT,Lineage10,C2,1,0.05,0.1117776234027186,127,121.94203640035742
PT,PT,Lineage10,C2,2,0.15,0.1266948473638799,235,186.3499317993566
PT,PT,Lineage10,C2,3,0.25,0.1420789851338619,212,194.55863183093717
PT,PT,Lineage10,C2,4,0.35,0.1359207186129327,161,157.77531572035284
PT,PT,Lineage10,C2,5,0.45,0.1367034106453343,86,84.9432771760723
PT,PT,Lineage10,C2,6,0.55,0.1967896107370622,51,49.914921520569905
PT,PT,Lineage10,C2,7,0.6500000000000001,0.1932028652942642,38,37.20480609719146
PT,PT,Lineage10,C2,8,0.75,0.1981200872297164,44,43.73168956219897
PT,PT,Lineage10,C2,9,0.8500000000000001,0.1464629358409539,22,22.0
PT,PT,Lineage10,C2,10,0.95,0.1608986569191187,27,27.0
PT,PT,Lineage11,C2,1,0.05,0.111766842515879,81,80.35157546507226
PT,PT,Lineage11,C2,2,0.15,0.1052478016391585,97,95.71596014277668
PT,PT,Lineage11,C2,3,0.25,0.142287081582646,113,97.8670671200438
PT,PT,Lineage11,C2,4,0.35,0.137816134012752,127,120.81313601222926
PT,PT,Lineage11,C2,5,0.45,0.1384615250350918,142,142.0
PT,PT,Lineage11,C2,6,0.55,0.1308498661423414,124,124.0
PT,PT,Lineage11,C2,7,0.6500000000000001,0.1249884912901443,74,74.0
PT,PT,Lineage11,C2,8,0.75,0.1003085179594661,69,68.65074148827756
PT,PT,Lineage11,C2,9,0.8500000000000001,0.0938112211736926,22,21.708857808650315
PT,PT,Lineage11,C2,10,0.95,0.0944629564460778,7,6.797247006847127
PT,PT,Lineage1,C4A,1,0.05,0.0085809103546735,1249,968.05520541352
PT,PT,Lineage1,C4A,2,0.15,0.019213009804869,552,347.17207211972107
PT,PT,Lineage1,C4A,3,0.25,0.010417911648113,415,362.2316899549579
PT,PT,Lineage1,C4A,4,0.35,0.0068360982281639,298,291.86671911763847
PT,PT,Lineage1,C4A,5,0.45,0.0069745809333135,214,214.0
PT,PT,Lineage1,C4A,6,0.55,0.0143630620201822,144,144.0
PT,PT,Lineage1,C4A,7,0.6500000000000001,0.0156234834547355,66,66.0
PT,PT,Lineage1,C4A,8,0.75,0.002287967054629,14,14.0
PT,PT,Lineage1,C4A,9,0.8500000000000001,0.0045337294719803,36,36.0
PT,PT,Lineage1,C4A,10,0.95,0.0044553890241262,38,38.0
PT,PT,Lineage2,C4A,1,0.05,0.0087835330253543,531,439.2674302593681
PT,PT,Lineage2,C4A,2,0.15,0.0098266445649105,904,658.5647247615038
PT,PT,Lineage2,C4A,3,0.25,0.0200312527770544,254,179.45508407137004
PT,PT,Lineage2,C4A,4,0.35,0.0122463572598846,157,131.7975586839539
PT,PT,Lineage2,C4A,5,0.45,0.0066919217518556,175,167.56585004340508
PT,PT,Lineage2,C4A,6,0.55,0.009989080177233,134,130.41830236371263
PT,PT,Lineage2,C4A,7,0.6500000000000001,0.0015596932505796,95,85.90914029140448
PT,PT,Lineage2,C4A,8,0.75,0.0020090407776888,129,129.0
PT,PT,Lineage2,C4A,9,0.8500000000000001,0.0192004752310141,128,128.0
PT,PT,Lineage2,C4A,10,0.95,0.0,20,20.0
PT,PT,Lineage3,C4A,1,0.05,0.0088346059339897,517,427.2278725752045
PT,PT,Lineage3,C4A,2,0.15,0.0095367355108649,900,662.5893266960761
PT,PT,Lineage3,C4A,3,0.25,0.0204049229089312,269,179.76417810309016
PT,PT,Lineage3,C4A,4,0.35,0.0125975594595328,162,130.73432867837596
PT,PT,Lineage3,C4A,5,0.45,0.0073133657691306,180,169.86642041577562
PT,PT,Lineage3,C4A,6,0.55,0.0087776693613108,155,141.63271721826248
PT,PT,Lineage3,C4A,7,0.6500000000000001,0.0153781966464091,179,107.79195360971444
PT,PT,Lineage3,C4A,8,0.75,0.008497438191367,133,133.0
PT,PT,Lineage3,C4A,9,0.8500000000000001,0.017228064063767,61,61.0
PT,PT,Lineage3,C4A,10,0.95,0.0403051382138413,57,57.0
PT,PT,Lineage4,C4A,1,0.05,0.0093951742792637,287,238.8565439072539
PT,PT,Lineage4,C4A,2,0.15,0.009289394853452,485,449.9064774059803
PT,PT,Lineage4,C4A,3,0.25,0.0169519537611975,262,204.20559290380197
PT,PT,Lineage4,C4A,4,0.35,0.0226969530338618,154,113.71812210437758
PT,PT,Lineage4,C4A,5,0.45,0.0222513882778692,289,285.37619856026345
PT,PT,Lineage4,C4A,6,0.55,0.0209240358831155,203,203.0
PT,PT,Lineage4,C4A,7,0.6500000000000001,0.006837136009141,228,204.58420859296663
PT,PT,Lineage4,C4A,8,0.75,0.0079878171495106,286,272.71045654338775
PT,PT,Lineage4,C4A,9,0.8500000000000001,0.0050800532226352,186,183.304830402454
PT,PT,Lineage4,C4A,10,0.95,0.0059096769157857,120,115.95473945814668
PT,PT,Lineage5,C4A,1,0.05,0.0047535548116852,290,257.0789487554607
PT,PT,Lineage5,C4A,2,0.15,0.0120367481458453,519,433.32955356148386
PT,PT,Lineage5,C4A,3,0.25,0.0097403852688385,540,424.84936042523736
PT,PT,Lineage5,C4A,4,0.35,0.0134443998363812,332,201.0105077595712
PT,PT,Lineage5,C4A,5,0.45,0.0245809053497394,197,131.2016206783867
PT,PT,Lineage5,C4A,6,0.55,0.0238192170730302,77,56.1445837270891
PT,PT,Lineage5,C4A,7,0.6500000000000001,0.0119447980124482,50,48.34756384820716
PT,PT,Lineage5,C4A,8,0.75,0.0112027892347626,34,33.771334858429455
PT,PT,Lineage5,C4A,9,0.8500000000000001,0.0005543009130494,23,22.225325994507436
PT,PT,Lineage5,C4A,10,0.95,0.0118130791133243,23,23.0
PT,PT,Lineage6,C4A,1,0.05,0.0031786880931061,154,143.89721539858016
PT,PT,Lineage6,C4A,2,0.15,0.0123315367396448,299,236.03424365924823
PT,PT,Lineage6,C4A,3,0.25,0.0099907557629944,260,222.2888809081952
PT,PT,Lineage6,C4A,4,0.35,0.0102700362924681,240,216.9700322803281
PT,PT,Lineage6,C4A,5,0.45,0.0083662933174594,200,173.57791074948216
PT,PT,Lineage6,C4A,6,0.55,0.0123052579380596,284,252.22905095730775
PT,PT,Lineage6,C4A,7,0.6500000000000001,0.02028676791894,165,165.0
PT,PT,Lineage6,C4A,8,0.75,0.0104090143143187,193,193.0
PT,PT,Lineage6,C4A,9,0.8500000000000001,0.0190621701123227,100,94.52758047493109
PT,PT,Lineage6,C4A,10,0.95,0.008472070287052,77,60.49712959235555
PT,PT,Lineage7,C4A,1,0.05,0.0070997665027156,229,210.71396790972477
PT,PT,Lineage7,C4A,2,0.15,0.0116944198007821,265,235.78987949020433
PT,PT,Lineage7,C4A,3,0.25,0.0099318635271685,203,202.32967544339283
PT,PT,Lineage7,C4A,4,0.35,0.0118862758934443,564,357.2568283786706
PT,PT,Lineage7,C4A,5,0.45,0.0094640607944286,129,123.313224974485
PT,PT,Lineage7,C4A,6,0.55,0.0092423757589801,222,215.15909274101543
PT,PT,Lineage7,C4A,7,0.6500000000000001,0.009085034941604,352,328.2548314038918
PT,PT,Lineage7,C4A,8,0.75,0.0071172430387483,253,248.86947849066132
PT,PT,Lineage7,C4A,9,0.8500000000000001,0.0056868516109914,104,103.91720943731887
PT,PT,Lineage7,C4A,10,0.95,0.0022578234271826,25,25.0
PT,PT,Lineage8,C4A,1,0.05,0.0072193830683434,283,243.861858869527
PT,PT,Lineage8,C4A,2,0.15,0.0108255938411607,366,298.864557479168
PT,PT,Lineage8,C4A,3,0.25,0.0095679663460188,308,280.7497752615346
PT,PT,Lineage8,C4A,4,0.35,0.0119144312542594,208,197.34252500689797
PT,PT,Lineage8,C4A,5,0.45,0.0150673261361978,130,129.6577084108946
PT,PT,Lineage8,C4A,6,0.55,0.0204627324002566,65,64.70883078503329
PT,PT,Lineage8,C4A,7,0.6500000000000001,0.0249866757923706,71,69.36211032228495
PT,PT,Lineage8,C4A,8,0.75,0.0271411923769756,38,38.0
PT,PT,Lineage8,C4A,9,0.8500000000000001,0.0171001579305449,27,27.0
PT,PT,Lineage8,C4A,10,0.95,0.0301698896851602,34,34.0
PT,PT,Lineage9,C4A,1,0.05,0.0029019395802449,149,139.01540152713133
PT,PT,Lineage9,C4A,2,0.15,0.0126713002277368,339,247.97135830069257
PT,PT,Lineage9,C4A,3,0.25,0.0053659116465005,123,117.41949502491028
PT,PT,Lineage9,C4A,4,0.35,0.0096462444430972,131,119.48642283382205
PT,PT,Lineage9,C4A,5,0.45,0.0056595141001638,72,70.8406739824326
PT,PT,Lineage9,C4A,6,0.55,0.0063880070312655,60,60.0
PT,PT,Lineage9,C4A,7,0.6500000000000001,0.006092884632182,56,56.0
PT,PT,Lineage9,C4A,8,0.75,0.013818633582602,60,59.77233515030349
PT,PT,Lineage9,C4A,9,0.8500000000000001,0.0195564496979497,35,34.40865010410188
PT,PT,Lineage9,C4A,10,0.95,0.0061917738094565,9,9.0
PT,PT,Lineage10,C4A,1,0.05,0.0034514743715432,127,121.94203640035742
PT,PT,Lineage10,C4A,2,0.15,0.0105113462857702,235,186.3499317993566
PT,PT,Lineage10,C4A,3,0.25,0.0109901386292482,212,194.55863183093717
PT,PT,Lineage10,C4A,4,0.35,0.0096631949262001,161,157.77531572035284
PT,PT,Lineage10,C4A,5,0.45,0.0119688960367126,86,84.9432771760723
PT,PT,Lineage10,C4A,6,0.55,0.0196052744283806,51,49.914921520569905
PT,PT,Lineage10,C4A,7,0.6500000000000001,0.0355155926725497,38,37.20480609719146
PT,PT,Lineage10,C4A,8,0.75,0.0201230057566528,44,43.73168956219897
PT,PT,Lineage10,C4A,9,0.8500000000000001,0.0330139314987077,22,22.0
PT,PT,Lineage10,C4A,10,0.95,0.0156647984408195,27,27.0
PT,PT,Lineage11,C4A,1,0.05,0.0030323372353698,81,80.35157546507226
PT,PT,Lineage11,C4A,2,0.15,0.0082558223951015,97,95.71596014277668
PT,PT,Lineage11,C4A,3,0.25,0.0121613104472065,113,97.8670671200438
PT,PT,Lineage11,C4A,4,0.35,0.0098343870120012,127,120.81313601222926
PT,PT,Lineage11,C4A,5,0.45,0.0099692747553862,142,142.0
PT,PT,Lineage11,C4A,6,0.55,0.0070903778353826,124,124.0
PT,PT,Lineage11,C4A,7,0.6500000000000001,0.0115142800639094,74,74.0
PT,PT,Lineage11,C4A,8,0.75,0.0050347266901612,69,68.65074148827756
PT,PT,Lineage11,C4A,9,0.8500000000000001,0.0014593240704088,22,21.708857808650315
PT,PT,Lineage11,C4A,10,0.95,0.0,7,6.797247006847127
PT,PT,Lineage1,C4B,1,0.05,0.0060102751034727,1249,968.05520541352
PT,PT,Lineage1,C4B,2,0.15,0.0129526081395329,552,347.17207211972107
PT,PT,Lineage1,C4B,3,0.25,0.0055680826296402,415,362.2316899549579
PT,PT,Lineage1,C4B,4,0.35,0.0063448494382742,298,291.86671911763847
PT,PT,Lineage1,C4B,5,0.45,0.005654846574834,214,214.0
PT,PT,Lineage1,C4B,6,0.55,0.0150563137412394,144,144.0
PT,PT,Lineage1,C4B,7,0.6500000000000001,0.0085627322022319,66,66.0
PT,PT,Lineage1,C4B,8,0.75,0.0064206552616449,14,14.0
PT,PT,Lineage1,C4B,9,0.8500000000000001,0.0019259119613405,36,36.0
PT,PT,Lineage1,C4B,10,0.95,0.0019936255476986,38,38.0
PT,PT,Lineage2,C4B,1,0.05,0.0059590717974781,531,439.2674302593681
PT,PT,Lineage2,C4B,2,0.15,0.0060658105243375,904,658.5647247615038
PT,PT,Lineage2,C4B,3,0.25,0.0169898514448178,254,179.45508407137004
PT,PT,Lineage2,C4B,4,0.35,0.0056284044730277,157,131.7975586839539
PT,PT,Lineage2,C4B,5,0.45,0.0038726849257563,175,167.56585004340508
PT,PT,Lineage2,C4B,6,0.55,0.0071156542319351,134,130.41830236371263
PT,PT,Lineage2,C4B,7,0.6500000000000001,0.0049901698645459,95,85.90914029140448
PT,PT,Lineage2,C4B,8,0.75,0.0010542450442262,129,129.0
PT,PT,Lineage2,C4B,9,0.8500000000000001,0.0049912971345898,128,128.0
PT,PT,Lineage2,C4B,10,0.95,0.0,20,20.0
PT,PT,Lineage3,C4B,1,0.05,0.0058932369266086,517,427.2278725752045
PT,PT,Lineage3,C4B,2,0.15,0.0061349407149153,900,662.5893266960761
PT,PT,Lineage3,C4B,3,0.25,0.0165185847385596,269,179.76417810309016
PT,PT,Lineage3,C4B,4,0.35,0.0056822500909205,162,130.73432867837596
PT,PT,Lineage3,C4B,5,0.45,0.0044698591550277,180,169.86642041577562
PT,PT,Lineage3,C4B,6,0.55,0.0076496991303196,155,141.63271721826248
PT,PT,Lineage3,C4B,7,0.6500000000000001,0.0068289980899527,179,107.79195360971444
PT,PT,Lineage3,C4B,8,0.75,0.0027629984420483,133,133.0
PT,PT,Lineage3,C4B,9,0.8500000000000001,0.0308115136764818,61,61.0
PT,PT,Lineage3,C4B,10,0.95,0.0196493933798407,57,57.0
PT,PT,Lineage4,C4B,1,0.05,0.0073771298445123,287,238.8565439072539
PT,PT,Lineage4,C4B,2,0.15,0.0066100182976661,485,449.9064774059803
PT,PT,Lineage4,C4B,3,0.25,0.0106018915305433,262,204.20559290380197
PT,PT,Lineage4,C4B,4,0.35,0.0186376955283096,154,113.71812210437758
PT,PT,Lineage4,C4B,5,0.45,0.0162022279319782,289,285.37619856026345
PT,PT,Lineage4,C4B,6,0.55,0.0162460360661205,203,203.0
PT,PT,Lineage4,C4B,7,0.6500000000000001,0.0067081096713313,228,204.58420859296663
PT,PT,Lineage4,C4B,8,0.75,0.0039923636688643,286,272.71045654338775
PT,PT,Lineage4,C4B,9,0.8500000000000001,0.0030550980588344,186,183.304830402454
PT,PT,Lineage4,C4B,10,0.95,0.0036662643893721,120,115.95473945814668
PT,PT,Lineage5,C4B,1,0.05,0.0037101091649044,290,257.0789487554607
PT,PT,Lineage5,C4B,2,0.15,0.0080869005353528,519,433.32955356148386
PT,PT,Lineage5,C4B,3,0.25,0.0056142832178559,540,424.84936042523736
PT,PT,Lineage5,C4B,4,0.35,0.0109901061871775,332,201.0105077595712
PT,PT,Lineage5,C4B,5,0.45,0.0206159487219096,197,131.2016206783867
PT,PT,Lineage5,C4B,6,0.55,0.0096560898979307,77,56.1445837270891
PT,PT,Lineage5,C4B,7,0.6500000000000001,0.0035730002059399,50,48.34756384820716
PT,PT,Lineage5,C4B,8,0.75,0.0049894294234931,34,33.771334858429455
PT,PT,Lineage5,C4B,9,0.8500000000000001,0.0046318942679835,23,22.225325994507436
PT,PT,Lineage5,C4B,10,0.95,0.0087547283688614,23,23.0
PT,PT,Lineage6,C4B,1,0.05,0.0038119693684787,154,143.89721539858016
PT,PT,Lineage6,C4B,2,0.15,0.0068049308095814,299,236.03424365924823
PT,PT,Lineage6,C4B,3,0.25,0.0083294349852487,260,222.2888809081952
PT,PT,Lineage6,C4B,4,0.35,0.0081225137269174,240,216.9700322803281
PT,PT,Lineage6,C4B,5,0.45,0.0106647250138957,200,173.57791074948216
PT,PT,Lineage6,C4B,6,0.55,0.0078387266591089,284,252.22905095730775
PT,PT,Lineage6,C4B,7,0.6500000000000001,0.0066258534466592,165,165.0
PT,PT,Lineage6,C4B,8,0.75,0.0116971109703174,193,193.0
PT,PT,Lineage6,C4B,9,0.8500000000000001,0.009456424436585,100,94.52758047493109
PT,PT,Lineage6,C4B,10,0.95,0.0045972923761832,77,60.49712959235555
PT,PT,Lineage7,C4B,1,0.05,0.0041761523535239,229,210.71396790972477
PT,PT,Lineage7,C4B,2,0.15,0.0086282282655178,265,235.78987949020433
PT,PT,Lineage7,C4B,3,0.25,0.0078675521284284,203,202.32967544339283
PT,PT,Lineage7,C4B,4,0.35,0.0088671048496578,564,357.2568283786706
PT,PT,Lineage7,C4B,5,0.45,0.0104965726087793,129,123.313224974485
PT,PT,Lineage7,C4B,6,0.55,0.0086540661503339,222,215.15909274101543
PT,PT,Lineage7,C4B,7,0.6500000000000001,0.0072693613648808,352,328.2548314038918
PT,PT,Lineage7,C4B,8,0.75,0.0035728243794613,253,248.86947849066132
PT,PT,Lineage7,C4B,9,0.8500000000000001,0.0023370619150035,104,103.91720943731887
PT,PT,Lineage7,C4B,10,0.95,0.0022392437706342,25,25.0
PT,PT,Lineage8,C4B,1,0.05,0.0043533959735584,283,243.861858869527
PT,PT,Lineage8,C4B,2,0.15,0.0078688517496641,366,298.864557479168
PT,PT,Lineage8,C4B,3,0.25,0.0093676722081324,308,280.7497752615346
PT,PT,Lineage8,C4B,4,0.35,0.0087980439024392,208,197.34252500689797
PT,PT,Lineage8,C4B,5,0.45,0.0120267204789349,130,129.6577084108946
PT,PT,Lineage8,C4B,6,0.55,0.0177965061248459,65,64.70883078503329
PT,PT,Lineage8,C4B,7,0.6500000000000001,0.0125688323613911,71,69.36211032228495
PT,PT,Lineage8,C4B,8,0.75,0.0236150609654615,38,38.0
PT,PT,Lineage8,C4B,9,0.8500000000000001,0.0049463073882974,27,27.0
PT,PT,Lineage8,C4B,10,0.95,0.0089909284892694,34,34.0
PT,PT,Lineage9,C4B,1,0.05,0.0034833003302623,149,139.01540152713133
PT,PT,Lineage9,C4B,2,0.15,0.0075299964707329,339,247.97135830069257
PT,PT,Lineage9,C4B,3,0.25,0.0045580240091759,123,117.41949502491028
PT,PT,Lineage9,C4B,4,0.35,0.0055024094874604,131,119.48642283382205
PT,PT,Lineage9,C4B,5,0.45,0.004070796962732,72,70.8406739824326
PT,PT,Lineage9,C4B,6,0.55,0.004624404607137,60,60.0
PT,PT,Lineage9,C4B,7,0.6500000000000001,0.0041173187486153,56,56.0
PT,PT,Lineage9,C4B,8,0.75,0.0072568838463731,60,59.77233515030349
PT,PT,Lineage9,C4B,9,0.8500000000000001,0.0053010163915302,35,34.40865010410188
PT,PT,Lineage9,C4B,10,0.95,0.0,9,9.0
PT,PT,Lineage10,C4B,1,0.05,0.0040076598846778,127,121.94203640035742
PT,PT,Lineage10,C4B,2,0.15,0.005300117431105,235,186.3499317993566
PT,PT,Lineage10,C4B,3,0.25,0.0087483642456615,212,194.55863183093717
PT,PT,Lineage10,C4B,4,0.35,0.0086881702275458,161,157.77531572035284
PT,PT,Lineage10,C4B,5,0.45,0.0088280572765732,86,84.9432771760723
PT,PT,Lineage10,C4B,6,0.55,0.0241672701803153,51,49.914921520569905
PT,PT,Lineage10,C4B,7,0.6500000000000001,0.0165458871759975,38,37.20480609719146
PT,PT,Lineage10,C4B,8,0.75,0.0098755291189074,44,43.73168956219897
PT,PT,Lineage10,C4B,9,0.8500000000000001,0.0161176556568871,22,22.0
PT,PT,Lineage10,C4B,10,0.95,0.0034066236683516,27,27.0
PT,PT,Lineage11,C4B,1,0.05,0.0046890755670596,81,80.35157546507226
PT,PT,Lineage11,C4B,2,0.15,0.0039223082070087,97,95.71596014277668
PT,PT,Lineage11,C4B,3,0.25,0.0069233899207838,113,97.8670671200438
PT,PT,Lineage11,C4B,4,0.35,0.0097924439101591,127,120.81313601222926
PT,PT,Lineage11,C4B,5,0.45,0.0077189199828308,142,142.0
PT,PT,Lineage11,C4B,6,0.55,0.0058646545481056,124,124.0
PT,PT,Lineage11,C4B,7,0.6500000000000001,0.0054765144643356,74,74.0
PT,PT,Lineage11,C4B,8,0.75,0.0026157219119649,69,68.65074148827756
PT,PT,Lineage11,C4B,9,0.8500000000000001,0.0019583421157466,22,21.708857808650315
PT,PT,Lineage11,C4B,10,0.95,0.0,7,6.797247006847127
PT,PT,Lineage1,C4BPA,1,0.05,0.0018915692725362,1249,968.05520541352
PT,PT,Lineage1,C4BPA,2,0.15,0.0020149256866066,552,347.17207211972107
PT,PT,Lineage1,C4BPA,3,0.25,0.0029799342029197,415,362.2316899549579
PT,PT,Lineage1,C4BPA,4,0.35,0.0060662018389529,298,291.86671911763847
PT,PT,Lineage1,C4BPA,5,0.45,0.0046729987972525,214,214.0
PT,PT,Lineage1,C4BPA,6,0.55,0.0074261470406444,144,144.0
PT,PT,Lineage1,C4BPA,7,0.6500000000000001,0.0179637570568919,66,66.0
PT,PT,Lineage1,C4BPA,8,0.75,0.0160750839281234,14,14.0
PT,PT,Lineage1,C4BPA,9,0.8500000000000001,0.0038010318438642,36,36.0
PT,PT,Lineage1,C4BPA,10,0.95,0.0004217289868262,38,38.0
PT,PT,Lineage2,C4BPA,1,0.05,0.0017843352321615,531,439.2674302593681
PT,PT,Lineage2,C4BPA,2,0.15,0.0017679674371415,904,658.5647247615038
PT,PT,Lineage2,C4BPA,3,0.25,0.0026767915054404,254,179.45508407137004
PT,PT,Lineage2,C4BPA,4,0.35,0.0036254160707873,157,131.7975586839539
PT,PT,Lineage2,C4BPA,5,0.45,0.0060013331055328,175,167.56585004340508
PT,PT,Lineage2,C4BPA,6,0.55,0.0015710553247497,134,130.41830236371263
PT,PT,Lineage2,C4BPA,7,0.6500000000000001,0.0,95,85.90914029140448
PT,PT,Lineage2,C4BPA,8,0.75,0.0023658433810187,129,129.0
PT,PT,Lineage2,C4BPA,9,0.8500000000000001,0.0016001207702124,128,128.0
PT,PT,Lineage2,C4BPA,10,0.95,0.0,20,20.0
PT,PT,Lineage3,C4BPA,1,0.05,0.0018350922540159,517,427.2278725752045
PT,PT,Lineage3,C4BPA,2,0.15,0.0017514246749244,900,662.5893266960761
PT,PT,Lineage3,C4BPA,3,0.25,0.0026635849721974,269,179.76417810309016
PT,PT,Lineage3,C4BPA,4,0.35,0.0034762148414785,162,130.73432867837596
PT,PT,Lineage3,C4BPA,5,0.45,0.0058620374692688,180,169.86642041577562
PT,PT,Lineage3,C4BPA,6,0.55,0.0007687608816023,155,141.63271721826248
PT,PT,Lineage3,C4BPA,7,0.6500000000000001,0.0013451508401095,179,107.79195360971444
PT,PT,Lineage3,C4BPA,8,0.75,0.0,133,133.0
PT,PT,Lineage3,C4BPA,9,0.8500000000000001,0.0017463195073506,61,61.0
PT,PT,Lineage3,C4BPA,10,0.95,0.0046368774354422,57,57.0
PT,PT,Lineage4,C4BPA,1,0.05,0.001479237425642,287,238.8565439072539
PT,PT,Lineage4,C4BPA,2,0.15,0.0019073498487998,485,449.9064774059803
PT,PT,Lineage4,C4BPA,3,0.25,0.0014452778013937,262,204.20559290380197
PT,PT,Lineage4,C4BPA,4,0.35,0.0021786349127677,154,113.71812210437758
PT,PT,Lineage4,C4BPA,5,0.45,0.0016013952313312,289,285.37619856026345
PT,PT,Lineage4,C4BPA,6,0.55,0.000381731161604,203,203.0
PT,PT,Lineage4,C4BPA,7,0.6500000000000001,0.0016254810033882,228,204.58420859296663
PT,PT,Lineage4,C4BPA,8,0.75,0.0019820380095719,286,272.71045654338775
PT,PT,Lineage4,C4BPA,9,0.8500000000000001,0.0027252267889966,186,183.304830402454
PT,PT,Lineage4,C4BPA,10,0.95,0.0017986828875665,120,115.95473945814668
PT,PT,Lineage5,C4BPA,1,0.05,0.0018934307647631,290,257.0789487554607
PT,PT,Lineage5,C4BPA,2,0.15,0.001878660278243,519,433.32955356148386
PT,PT,Lineage5,C4BPA,3,0.25,0.0017907734711778,540,424.84936042523736
PT,PT,Lineage5,C4BPA,4,0.35,0.0019401365018889,332,201.0105077595712
PT,PT,Lineage5,C4BPA,5,0.45,0.0015208964399622,197,131.2016206783867
PT,PT,Lineage5,C4BPA,6,0.55,0.0015706225971991,77,56.1445837270891
PT,PT,Lineage5,C4BPA,7,0.6500000000000001,0.0049575448125759,50,48.34756384820716
PT,PT,Lineage5,C4BPA,8,0.75,0.0023652693320152,34,33.771334858429455
PT,PT,Lineage5,C4BPA,9,0.8500000000000001,0.0,23,22.225325994507436
PT,PT,Lineage5,C4BPA,10,0.95,0.0065076471862741,23,23.0
PT,PT,Lineage6,C4BPA,1,0.05,0.0024876818015516,154,143.89721539858016
PT,PT,Lineage6,C4BPA,2,0.15,0.0013145713553611,299,236.03424365924823
PT,PT,Lineage6,C4BPA,3,0.25,0.0020976860912825,260,222.2888809081952
PT,PT,Lineage6,C4BPA,4,0.35,0.0038414633618569,240,216.9700322803281
PT,PT,Lineage6,C4BPA,5,0.45,0.0008744104672635,200,173.57791074948216
PT,PT,Lineage6,C4BPA,6,0.55,0.0033914214065109,284,252.22905095730775
PT,PT,Lineage6,C4BPA,7,0.6500000000000001,0.0014115309664229,165,165.0
PT,PT,Lineage6,C4BPA,8,0.75,0.0016559462249667,193,193.0
PT,PT,Lineage6,C4BPA,9,0.8500000000000001,0.0041331393336586,100,94.52758047493109
PT,PT,Lineage6,C4BPA,10,0.95,0.0016214506692065,77,60.49712959235555
PT,PT,Lineage7,C4BPA,1,0.05,0.0019125358632988,229,210.71396790972477
PT,PT,Lineage7,C4BPA,2,0.15,0.0014793200591595,265,235.78987949020433
PT,PT,Lineage7,C4BPA,3,0.25,0.0039572076982918,203,202.32967544339283
PT,PT,Lineage7,C4BPA,4,0.35,0.002383572247029,564,357.2568283786706
PT,PT,Lineage7,C4BPA,5,0.45,0.0025061681249674,129,123.313224974485
PT,PT,Lineage7,C4BPA,6,0.55,0.0033147000557227,222,215.15909274101543
PT,PT,Lineage7,C4BPA,7,0.6500000000000001,0.0022329747532649,352,328.2548314038918
PT,PT,Lineage7,C4BPA,8,0.75,0.0019073314329394,253,248.86947849066132
PT,PT,Lineage7,C4BPA,9,0.8500000000000001,0.0012474150698851,104,103.91720943731887
PT,PT,Lineage7,C4BPA,10,0.95,0.002788867971146,25,25.0
PT,PT,Lineage8,C4BPA,1,0.05,0.0019912917069328,283,243.861858869527
PT,PT,Lineage8,C4BPA,2,0.15,0.0018422808872221,366,298.864557479168
PT,PT,Lineage8,C4BPA,3,0.25,0.0033864492838952,308,280.7497752615346
PT,PT,Lineage8,C4BPA,4,0.35,0.0016806941033,208,197.34252500689797
PT,PT,Lineage8,C4BPA,5,0.45,0.0016707666673796,130,129.6577084108946
PT,PT,Lineage8,C4BPA,6,0.55,0.0051151161240382,65,64.70883078503329
PT,PT,Lineage8,C4BPA,7,0.6500000000000001,0.0033081049794022,71,69.36211032228495
PT,PT,Lineage8,C4BPA,8,0.75,0.0002900496076902,38,38.0
PT,PT,Lineage8,C4BPA,9,0.8500000000000001,0.0031343197080494,27,27.0
PT,PT,Lineage8,C4BPA,10,0.95,0.0007984031374478,34,34.0
PT,PT,Lineage9,C4BPA,1,0.05,0.0014584966792967,149,139.01540152713133
PT,PT,Lineage9,C4BPA,2,0.15,0.0019101291236938,339,247.97135830069257
PT,PT,Lineage9,C4BPA,3,0.25,0.0014446335972346,123,117.41949502491028
PT,PT,Lineage9,C4BPA,4,0.35,0.0013556734039147,131,119.48642283382205
PT,PT,Lineage9,C4BPA,5,0.45,0.0006493773363884,72,70.8406739824326
PT,PT,Lineage9,C4BPA,6,0.55,0.0015632278306876,60,60.0
PT,PT,Lineage9,C4BPA,7,0.6500000000000001,0.0032790764251175,56,56.0
PT,PT,Lineage9,C4BPA,8,0.75,0.0030692523073187,60,59.77233515030349
PT,PT,Lineage9,C4BPA,9,0.8500000000000001,0.0061601069851514,35,34.40865010410188
PT,PT,Lineage9,C4BPA,10,0.95,0.0,9,9.0
PT,PT,Lineage10,C4BPA,1,0.05,0.0017946678951709,127,121.94203640035742
PT,PT,Lineage10,C4BPA,2,0.15,0.0020482474650105,235,186.3499317993566
PT,PT,Lineage10,C4BPA,3,0.25,0.0021413030699653,212,194.55863183093717
PT,PT,Lineage10,C4BPA,4,0.35,0.0027323134984939,161,157.77531572035284
PT,PT,Lineage10,C4BPA,5,0.45,0.0021047280534957,86,84.9432771760723
PT,PT,Lineage10,C4BPA,6,0.55,0.001980919058017,51,49.914921520569905
PT,PT,Lineage10,C4BPA,7,0.6500000000000001,0.0079860915304802,38,37.20480609719146
PT,PT,Lineage10,C4BPA,8,0.75,0.0022799248581265,44,43.73168956219897
PT,PT,Lineage10,C4BPA,9,0.8500000000000001,0.00183503952977,22,22.0
PT,PT,Lineage10,C4BPA,10,0.95,0.0057560777673421,27,27.0
PT,PT,Lineage11,C4BPA,1,0.05,0.0015320905933033,81,80.35157546507226
PT,PT,Lineage11,C4BPA,2,0.15,0.002601105775492,97,95.71596014277668
PT,PT,Lineage11,C4BPA,3,0.25,0.0013823203403805,113,97.8670671200438
PT,PT,Lineage11,C4BPA,4,0.35,0.0016851358117926,127,120.81313601222926
PT,PT,Lineage11,C4BPA,5,0.45,0.0020999366684212,142,142.0
PT,PT,Lineage11,C4BPA,6,0.55,0.0014874972825732,124,124.0
PT,PT,Lineage11,C4BPA,7,0.6500000000000001,0.001160269145787,74,74.0
PT,PT,Lineage11,C4BPA,8,0.75,0.0034527243194815,69,68.65074148827756
PT,PT,Lineage11,C4BPA,9,0.8500000000000001,0.0017258563867426,22,21.708857808650315
PT,PT,Lineage11,C4BPA,10,0.95,0.0026902003550366,7,6.797247006847127
PT,PT,Lineage1,C4BPB,1,0.05,0.0011670680848584,1249,968.05520541352
PT,PT,Lineage1,C4BPB,2,0.15,0.0014253850027176,552,347.17207211972107
PT,PT,Lineage1,C4BPB,3,0.25,0.0015203702344335,415,362.2316899549579
PT,PT,Lineage1,C4BPB,4,0.35,0.0018350490689241,298,291.86671911763847
PT,PT,Lineage1,C4BPB,5,0.45,0.0011268583156674,214,214.0
PT,PT,Lineage1,C4BPB,6,0.55,0.0017462561110816,144,144.0
PT,PT,Lineage1,C4BPB,7,0.6500000000000001,0.0010738282779908,66,66.0
PT,PT,Lineage1,C4BPB,8,0.75,0.0,14,14.0
PT,PT,Lineage1,C4BPB,9,0.8500000000000001,0.0036444960610267,36,36.0
PT,PT,Lineage1,C4BPB,10,0.95,0.0050907146297044,38,38.0
PT,PT,Lineage2,C4BPB,1,0.05,0.0010127068775859,531,439.2674302593681
PT,PT,Lineage2,C4BPB,2,0.15,0.0012144773972146,904,658.5647247615038
PT,PT,Lineage2,C4BPB,3,0.25,0.0011375537003027,254,179.45508407137004
PT,PT,Lineage2,C4BPB,4,0.35,0.0061546595991127,157,131.7975586839539
PT,PT,Lineage2,C4BPB,5,0.45,0.0032879825760015,175,167.56585004340508
PT,PT,Lineage2,C4BPB,6,0.55,0.0238113476579911,134,130.41830236371263
PT,PT,Lineage2,C4BPB,7,0.6500000000000001,0.0195399996143056,95,85.90914029140448
PT,PT,Lineage2,C4BPB,8,0.75,0.0136326164928669,129,129.0
PT,PT,Lineage2,C4BPB,9,0.8500000000000001,0.0,128,128.0
PT,PT,Lineage2,C4BPB,10,0.95,0.0,20,20.0
PT,PT,Lineage3,C4BPB,1,0.05,0.0010415726602884,517,427.2278725752045
PT,PT,Lineage3,C4BPB,2,0.15,0.0011985262240844,900,662.5893266960761
PT,PT,Lineage3,C4BPB,3,0.25,0.0011751964612226,269,179.76417810309016
PT,PT,Lineage3,C4BPB,4,0.35,0.0060269608395622,162,130.73432867837596
PT,PT,Lineage3,C4BPB,5,0.45,0.0207064354326344,180,169.86642041577562
PT,PT,Lineage3,C4BPB,6,0.55,0.001008342162056,155,141.63271721826248
PT,PT,Lineage3,C4BPB,7,0.6500000000000001,0.0127637910023052,179,107.79195360971444
PT,PT,Lineage3,C4BPB,8,0.75,0.0097211706569784,133,133.0
PT,PT,Lineage3,C4BPB,9,0.8500000000000001,0.0,61,61.0
PT,PT,Lineage3,C4BPB,10,0.95,0.0,57,57.0
PT,PT,Lineage4,C4BPB,1,0.05,0.0012448896339958,287,238.8565439072539
PT,PT,Lineage4,C4BPB,2,0.15,0.0010291389549443,485,449.9064774059803
PT,PT,Lineage4,C4BPB,3,0.25,0.0017822078518289,262,204.20559290380197
PT,PT,Lineage4,C4BPB,4,0.35,0.0010211302085865,154,113.71812210437758
PT,PT,Lineage4,C4BPB,5,0.45,0.002159997185708,289,285.37619856026345
PT,PT,Lineage4,C4BPB,6,0.55,0.0002945410306151,203,203.0
PT,PT,Lineage4,C4BPB,7,0.6500000000000001,0.0008917071946524,228,204.58420859296663
PT,PT,Lineage4,C4BPB,8,0.75,0.0007870493123328,286,272.71045654338775
PT,PT,Lineage4,C4BPB,9,0.8500000000000001,0.0007670917528375,186,183.304830402454
PT,PT,Lineage4,C4BPB,10,0.95,0.0003304301952892,120,115.95473945814668
PT,PT,Lineage5,C4BPB,1,0.05,0.0010717955544408,290,257.0789487554607
PT,PT,Lineage5,C4BPB,2,0.15,0.0010905927971365,519,433.32955356148386
PT,PT,Lineage5,C4BPB,3,0.25,0.001197501048868,540,424.84936042523736
PT,PT,Lineage5,C4BPB,4,0.35,0.001056739357686,332,201.0105077595712
PT,PT,Lineage5,C4BPB,5,0.45,0.0015566765977575,197,131.2016206783867
PT,PT,Lineage5,C4BPB,6,0.55,0.0014868321423198,77,56.1445837270891
PT,PT,Lineage5,C4BPB,7,0.6500000000000001,0.0,50,48.34756384820716
PT,PT,Lineage5,C4BPB,8,0.75,0.0,34,33.771334858429455
PT,PT,Lineage5,C4BPB,9,0.8500000000000001,0.0,23,22.225325994507436
PT,PT,Lineage5,C4BPB,10,0.95,0.0,23,23.0
PT,PT,Lineage6,C4BPB,1,0.05,0.0008230717120865,154,143.89721539858016
PT,PT,Lineage6,C4BPB,2,0.15,0.0009611530481269,299,236.03424365924823
PT,PT,Lineage6,C4BPB,3,0.25,0.0014936142790069,260,222.2888809081952
PT,PT,Lineage6,C4BPB,4,0.35,0.0014774622455648,240,216.9700322803281
PT,PT,Lineage6,C4BPB,5,0.45,0.0018534074289304,200,173.57791074948216
PT,PT,Lineage6,C4BPB,6,0.55,0.0033947875711311,284,252.22905095730775
PT,PT,Lineage6,C4BPB,7,0.6500000000000001,0.0013236291376061,165,165.0
PT,PT,Lineage6,C4BPB,8,0.75,0.0011986968095999,193,193.0
PT,PT,Lineage6,C4BPB,9,0.8500000000000001,0.0005198762935278,100,94.52758047493109
PT,PT,Lineage6,C4BPB,10,0.95,0.0004141653604144,77,60.49712959235555
PT,PT,Lineage7,C4BPB,1,0.05,0.0007343171086964,229,210.71396790972477
PT,PT,Lineage7,C4BPB,2,0.15,0.0016158627438811,265,235.78987949020433
PT,PT,Lineage7,C4BPB,3,0.25,0.0014438613324384,203,202.32967544339283
PT,PT,Lineage7,C4BPB,4,0.35,0.0023514181727618,564,357.2568283786706
PT,PT,Lineage7,C4BPB,5,0.45,0.0025899290751365,129,123.313224974485
PT,PT,Lineage7,C4BPB,6,0.55,0.000967310393611,222,215.15909274101543
PT,PT,Lineage7,C4BPB,7,0.6500000000000001,0.0010634525488083,352,328.2548314038918
PT,PT,Lineage7,C4BPB,8,0.75,0.0013166442972717,253,248.86947849066132
PT,PT,Lineage7,C4BPB,9,0.8500000000000001,0.0013482763924899,104,103.91720943731887
PT,PT,Lineage7,C4BPB,10,0.95,0.0,25,25.0
PT,PT,Lineage8,C4BPB,1,0.05,0.0007298239207518,283,243.861858869527
PT,PT,Lineage8,C4BPB,2,0.15,0.0014457435345517,366,298.864557479168
PT,PT,Lineage8,C4BPB,3,0.25,0.0015325056898962,308,280.7497752615346
PT,PT,Lineage8,C4BPB,4,0.35,0.001331295798213,208,197.34252500689797
PT,PT,Lineage8,C4BPB,5,0.45,0.0039485037801603,130,129.6577084108946
PT,PT,Lineage8,C4BPB,6,0.55,0.0031130829617227,65,64.70883078503329
PT,PT,Lineage8,C4BPB,7,0.6500000000000001,0.0087420254777981,71,69.36211032228495
PT,PT,Lineage8,C4BPB,8,0.75,0.0,38,38.0
PT,PT,Lineage8,C4BPB,9,0.8500000000000001,0.0021332695645379,27,27.0
PT,PT,Lineage8,C4BPB,10,0.95,0.0015628570145042,34,34.0
PT,PT,Lineage9,C4BPB,1,0.05,0.0006220301521826,149,139.01540152713133
PT,PT,Lineage9,C4BPB,2,0.15,0.0011481416990489,339,247.97135830069257
PT,PT,Lineage9,C4BPB,3,0.25,0.0011141081768548,123,117.41949502491028
PT,PT,Lineage9,C4BPB,4,0.35,0.0002085945453758,131,119.48642283382205
PT,PT,Lineage9,C4BPB,5,0.45,0.0010228850605722,72,70.8406739824326
PT,PT,Lineage9,C4BPB,6,0.55,0.0,60,60.0
PT,PT,Lineage9,C4BPB,7,0.6500000000000001,0.0009872974318194,56,56.0
PT,PT,Lineage9,C4BPB,8,0.75,0.0005648816217653,60,59.77233515030349
PT,PT,Lineage9,C4BPB,9,0.8500000000000001,0.0004678208085748,35,34.40865010410188
PT,PT,Lineage9,C4BPB,10,0.95,0.0,9,9.0
PT,PT,Lineage10,C4BPB,1,0.05,0.0009678817015557,127,121.94203640035742
PT,PT,Lineage10,C4BPB,2,0.15,0.0008892056189016,235,186.3499317993566
PT,PT,Lineage10,C4BPB,3,0.25,0.0014642819748025,212,194.55863183093717
PT,PT,Lineage10,C4BPB,4,0.35,0.000711553109126,161,157.77531572035284
PT,PT,Lineage10,C4BPB,5,0.45,0.0008946349394945,86,84.9432771760723
PT,PT,Lineage10,C4BPB,6,0.55,0.0002994036120903,51,49.914921520569905
PT,PT,Lineage10,C4BPB,7,0.6500000000000001,0.0022617956008059,38,37.20480609719146
PT,PT,Lineage10,C4BPB,8,0.75,0.0016933502584933,44,43.73168956219897
PT,PT,Lineage10,C4BPB,9,0.8500000000000001,0.0017262398463082,22,22.0
PT,PT,Lineage10,C4BPB,10,0.95,0.0010724296077856,27,27.0
PT,PT,Lineage11,C4BPB,1,0.05,0.0010761677150343,81,80.35157546507226
PT,PT,Lineage11,C4BPB,2,0.15,0.0001760573756184,97,95.71596014277668
PT,PT,Lineage11,C4BPB,3,0.25,0.0011574933034311,113,97.8670671200438
PT,PT,Lineage11,C4BPB,4,0.35,0.0018909883884314,127,120.81313601222926
PT,PT,Lineage11,C4BPB,5,0.45,0.0007689997365619,142,142.0
PT,PT,Lineage11,C4BPB,6,0.55,0.001158344277169,124,124.0
PT,PT,Lineage11,C4BPB,7,0.6500000000000001,0.0008951518584466,74,74.0
PT,PT,Lineage11,C4BPB,8,0.75,0.0009475690051407,69,68.65074148827756
PT,PT,Lineage11,C4BPB,9,0.8500000000000001,0.0,22,21.708857808650315
PT,PT,Lineage11,C4BPB,10,0.95,0.0,7,6.797247006847127
PT,PT,Lineage1,MBL2,1,0.05,0.0001347711105925,1249,968.05520541352
PT,PT,Lineage1,MBL2,2,0.15,0.0001028095016702,552,347.17207211972107
PT,PT,Lineage1,MBL2,3,0.25,1.7863038617478998e-05,415,362.2316899549579
PT,PT,Lineage1,MBL2,4,0.35,0.0001679527279086,298,291.86671911763847
PT,PT,Lineage1,MBL2,5,0.45,0.0001845812423752,214,214.0
PT,PT,Lineage1,MBL2,6,0.55,0.0005102653288727,144,144.0
PT,PT,Lineage1,MBL2,7,0.6500000000000001,0.0,66,66.0
PT,PT,Lineage1,MBL2,8,0.75,0.0,14,14.0
PT,PT,Lineage1,MBL2,9,0.8500000000000001,0.0005992685761046,36,36.0
PT,PT,Lineage1,MBL2,10,0.95,0.0,38,38.0
PT,PT,Lineage2,MBL2,1,0.05,0.0001942623004132,531,439.2674302593681
PT,PT,Lineage2,MBL2,2,0.15,0.000142320019556,904,658.5647247615038
PT,PT,Lineage2,MBL2,3,0.25,3.2081920819339595e-05,254,179.45508407137004
PT,PT,Lineage2,MBL2,4,0.35,3.8997089337657206e-05,157,131.7975586839539
PT,PT,Lineage2,MBL2,5,0.45,0.0,175,167.56585004340508
PT,PT,Lineage2,MBL2,6,0.55,0.0,134,130.41830236371263
PT,PT,Lineage2,MBL2,7,0.6500000000000001,0.0,95,85.90914029140448
PT,PT,Lineage2,MBL2,8,0.75,0.0,129,129.0
PT,PT,Lineage2,MBL2,9,0.8500000000000001,0.0,128,128.0
PT,PT,Lineage2,MBL2,10,0.95,0.0,20,20.0
PT,PT,Lineage3,MBL2,1,0.05,0.0001995689171804,517,427.2278725752045
PT,PT,Lineage3,MBL2,2,0.15,0.0001414770465972,900,662.5893266960761
PT,PT,Lineage3,MBL2,3,0.25,3.178096025021264e-05,269,179.76417810309016
PT,PT,Lineage3,MBL2,4,0.35,3.2433352577151075e-05,162,130.73432867837596
PT,PT,Lineage3,MBL2,5,0.45,0.0,180,169.86642041577562
PT,PT,Lineage3,MBL2,6,0.55,0.0,155,141.63271721826248
PT,PT,Lineage3,MBL2,7,0.6500000000000001,0.0,179,107.79195360971444
PT,PT,Lineage3,MBL2,8,0.75,0.0,133,133.0
PT,PT,Lineage3,MBL2,9,0.8500000000000001,0.0,61,61.0
PT,PT,Lineage3,MBL2,10,0.95,0.0,57,57.0
PT,PT,Lineage4,MBL2,1,0.05,0.000188436929151,287,238.8565439072539
PT,PT,Lineage4,MBL2,2,0.15,0.0001024874233443,485,449.9064774059803
PT,PT,Lineage4,MBL2,3,0.25,0.0002220851005624,262,204.20559290380197
PT,PT,Lineage4,MBL2,4,0.35,0.0,154,113.71812210437758
PT,PT,Lineage4,MBL2,5,0.45,0.0,289,285.37619856026345
PT,PT,Lineage4,MBL2,6,0.55,0.0,203,203.0
PT,PT,Lineage4,MBL2,7,0.6500000000000001,7.544745971353106e-05,228,204.58420859296663
PT,PT,Lineage4,MBL2,8,0.75,0.0001644901847091,286,272.71045654338775
PT,PT,Lineage4,MBL2,9,0.8500000000000001,0.0,186,183.304830402454
PT,PT,Lineage4,MBL2,10,0.95,0.000400103328827,120,115.95473945814668
PT,PT,Lineage5,MBL2,1,0.05,0.0002142334810152,290,257.0789487554607
PT,PT,Lineage5,MBL2,2,0.15,7.045857320378963e-05,519,433.32955356148386
PT,PT,Lineage5,MBL2,3,0.25,0.0002394358388938,540,424.84936042523736
PT,PT,Lineage5,MBL2,4,0.35,7.678881570860331e-05,332,201.0105077595712
PT,PT,Lineage5,MBL2,5,0.45,0.0,197,131.2016206783867
PT,PT,Lineage5,MBL2,6,0.55,0.0,77,56.1445837270891
PT,PT,Lineage5,MBL2,7,0.6500000000000001,0.0,50,48.34756384820716
PT,PT,Lineage5,MBL2,8,0.75,0.0,34,33.771334858429455
PT,PT,Lineage5,MBL2,9,0.8500000000000001,0.0,23,22.225325994507436
PT,PT,Lineage5,MBL2,10,0.95,0.0,23,23.0
PT,PT,Lineage6,MBL2,1,0.05,0.0001198047997013,154,143.89721539858016
PT,PT,Lineage6,MBL2,2,0.15,0.0001603206793606,299,236.03424365924823
PT,PT,Lineage6,MBL2,3,0.25,0.0002753343504529,260,222.2888809081952
PT,PT,Lineage6,MBL2,4,0.35,0.0003405637114729,240,216.9700322803281
PT,PT,Lineage6,MBL2,5,0.45,0.0002997603251579,200,173.57791074948216
PT,PT,Lineage6,MBL2,6,0.55,0.0003338676843589,284,252.22905095730775
PT,PT,Lineage6,MBL2,7,0.6500000000000001,0.0003670657898489,165,165.0
PT,PT,Lineage6,MBL2,8,0.75,0.0013051609993906,193,193.0
PT,PT,Lineage6,MBL2,9,0.8500000000000001,0.0,100,94.52758047493109
PT,PT,Lineage6,MBL2,10,0.95,0.0002202890961596,77,60.49712959235555
PT,PT,Lineage7,MBL2,1,0.05,8.181506541507436e-05,229,210.71396790972477
PT,PT,Lineage7,MBL2,2,0.15,0.0002801478968651,265,235.78987949020433
PT,PT,Lineage7,MBL2,3,0.25,0.0001835246032413,203,202.32967544339283
PT,PT,Lineage7,MBL2,4,0.35,0.0004918032410432,564,357.2568283786706
PT,PT,Lineage7,MBL2,5,0.45,0.0005992229907788,129,123.313224974485
PT,PT,Lineage7,MBL2,6,0.55,0.0,222,215.15909274101543
PT,PT,Lineage7,MBL2,7,0.6500000000000001,0.0,352,328.2548314038918
PT,PT,Lineage7,MBL2,8,0.75,0.0002428428237956,253,248.86947849066132
PT,PT,Lineage7,MBL2,9,0.8500000000000001,0.0,104,103.91720943731887
PT,PT,Lineage7,MBL2,10,0.95,0.0,25,25.0
PT,PT,Lineage8,MBL2,1,0.05,7.069402795632618e-05,283,243.861858869527
PT,PT,Lineage8,MBL2,2,0.15,0.0002071740578988,366,298.864557479168
PT,PT,Lineage8,MBL2,3,0.25,0.0003954574595048,308,280.7497752615346
PT,PT,Lineage8,MBL2,4,0.35,0.0006775881418602,208,197.34252500689797
PT,PT,Lineage8,MBL2,5,0.45,0.0,130,129.6577084108946
PT,PT,Lineage8,MBL2,6,0.55,0.0007741503444898,65,64.70883078503329
PT,PT,Lineage8,MBL2,7,0.6500000000000001,0.0,71,69.36211032228495
PT,PT,Lineage8,MBL2,8,0.75,0.0,38,38.0
PT,PT,Lineage8,MBL2,9,0.8500000000000001,0.0,27,27.0
PT,PT,Lineage8,MBL2,10,0.95,0.0,34,34.0
PT,PT,Lineage9,MBL2,1,0.05,0.0001240119934843,149,139.01540152713133
PT,PT,Lineage9,MBL2,2,0.15,9.029585937870916e-05,339,247.97135830069257
PT,PT,Lineage9,MBL2,3,0.25,0.0004571070622681,123,117.41949502491028
PT,PT,Lineage9,MBL2,4,0.35,0.0008728938757474,131,119.48642283382205
PT,PT,Lineage9,MBL2,5,0.45,0.0,72,70.8406739824326
PT,PT,Lineage9,MBL2,6,0.55,0.0,60,60.0
PT,PT,Lineage9,MBL2,7,0.6500000000000001,0.0005354465417711,56,56.0
PT,PT,Lineage9,MBL2,8,0.75,0.0,60,59.77233515030349
PT,PT,Lineage9,MBL2,9,0.8500000000000001,0.0,35,34.40865010410188
PT,PT,Lineage9,MBL2,10,0.95,0.0,9,9.0
PT,PT,Lineage10,MBL2,1,0.05,0.0001413751777262,127,121.94203640035742
PT,PT,Lineage10,MBL2,2,0.15,0.000202354585635,235,186.3499317993566
PT,PT,Lineage10,MBL2,3,0.25,0.0001150413769235,212,194.55863183093717
PT,PT,Lineage10,MBL2,4,0.35,0.0,161,157.77531572035284
PT,PT,Lineage10,MBL2,5,0.45,0.0,86,84.9432771760723
PT,PT,Lineage10,MBL2,6,0.55,0.0,51,49.914921520569905
PT,PT,Lineage10,MBL2,7,0.6500000000000001,0.0,38,37.20480609719146
PT,PT,Lineage10,MBL2,8,0.75,0.0,44,43.73168956219897
PT,PT,Lineage10,MBL2,9,0.8500000000000001,0.0,22,22.0
PT,PT,Lineage10,MBL2,10,0.95,0.0,27,27.0
PT,PT,Lineage11,MBL2,1,0.05,0.0002145518238892,81,80.35157546507226
PT,PT,Lineage11,MBL2,2,0.15,0.0,97,95.71596014277668
PT,PT,Lineage11,MBL2,3,0.25,0.0004189108147649,113,97.8670671200438
PT,PT,Lineage11,MBL2,4,0.35,0.0,127,120.81313601222926
PT,PT,Lineage11,MBL2,5,0.45,0.0,142,142.0
PT,PT,Lineage11,MBL2,6,0.55,0.0002462240489594,124,124.0
PT,PT,Lineage11,MBL2,7,0.6500000000000001,0.0,74,74.0
PT,PT,Lineage11,MBL2,8,0.75,0.0,69,68.65074148827756
PT,PT,Lineage11,MBL2,9,0.8500000000000001,0.0,22,21.708857808650315
PT,PT,Lineage11,MBL2,10,0.95,0.0,7,6.797247006847127
PT,PT,Lineage1,FCN1,1,0.05,0.0036237766034769,1249,968.05520541352
PT,PT,Lineage1,FCN1,2,0.15,0.0072175190112506,552,347.17207211972107
PT,PT,Lineage1,FCN1,3,0.25,0.0047724558793191,415,362.2316899549579
PT,PT,Lineage1,FCN1,4,0.35,0.0048186148435153,298,291.86671911763847
PT,PT,Lineage1,FCN1,5,0.45,0.0046056028636215,214,214.0
PT,PT,Lineage1,FCN1,6,0.55,0.0033302022430605,144,144.0
PT,PT,Lineage1,FCN1,7,0.6500000000000001,0.0052387809056151,66,66.0
PT,PT,Lineage1,FCN1,8,0.75,0.0018661879098721,14,14.0
PT,PT,Lineage1,FCN1,9,0.8500000000000001,0.0012271956380609,36,36.0
PT,PT,Lineage1,FCN1,10,0.95,0.002130790575428,38,38.0
PT,PT,Lineage2,FCN1,1,0.05,0.0036859485540147,531,439.2674302593681
PT,PT,Lineage2,FCN1,2,0.15,0.0042424299542614,904,658.5647247615038
PT,PT,Lineage2,FCN1,3,0.25,0.0027795268531238,254,179.45508407137004
PT,PT,Lineage2,FCN1,4,0.35,0.0058004931607439,157,131.7975586839539
PT,PT,Lineage2,FCN1,5,0.45,0.0067570693233349,175,167.56585004340508
PT,PT,Lineage2,FCN1,6,0.55,0.0116444210072639,134,130.41830236371263
PT,PT,Lineage2,FCN1,7,0.6500000000000001,0.0151579100100393,95,85.90914029140448
PT,PT,Lineage2,FCN1,8,0.75,0.0009598753548456,129,129.0
PT,PT,Lineage2,FCN1,9,0.8500000000000001,0.0043882908068489,128,128.0
PT,PT,Lineage2,FCN1,10,0.95,0.0,20,20.0
PT,PT,Lineage3,FCN1,1,0.05,0.0035787518418836,517,427.2278725752045
PT,PT,Lineage3,FCN1,2,0.15,0.0043428919334449,900,662.5893266960761
PT,PT,Lineage3,FCN1,3,0.25,0.0027350868342206,269,179.76417810309016
PT,PT,Lineage3,FCN1,4,0.35,0.0059854382676933,162,130.73432867837596
PT,PT,Lineage3,FCN1,5,0.45,0.0064229284751718,180,169.86642041577562
PT,PT,Lineage3,FCN1,6,0.55,0.0113858441791953,155,141.63271721826248
PT,PT,Lineage3,FCN1,7,0.6500000000000001,0.0097381937019052,179,107.79195360971444
PT,PT,Lineage3,FCN1,8,0.75,0.0175699349083268,133,133.0
PT,PT,Lineage3,FCN1,9,0.8500000000000001,0.0,61,61.0
PT,PT,Lineage3,FCN1,10,0.95,0.0,57,57.0
PT,PT,Lineage4,FCN1,1,0.05,0.0044614789804399,287,238.8565439072539
PT,PT,Lineage4,FCN1,2,0.15,0.0042638908316899,485,449.9064774059803
PT,PT,Lineage4,FCN1,3,0.25,0.003971807782848,262,204.20559290380197
PT,PT,Lineage4,FCN1,4,0.35,0.0072664825658522,154,113.71812210437758
PT,PT,Lineage4,FCN1,5,0.45,0.0038651464666184,289,285.37619856026345
PT,PT,Lineage4,FCN1,6,0.55,0.0021665676154581,203,203.0
PT,PT,Lineage4,FCN1,7,0.6500000000000001,0.0032960211729366,228,204.58420859296663
PT,PT,Lineage4,FCN1,8,0.75,0.0015918564089277,286,272.71045654338775
PT,PT,Lineage4,FCN1,9,0.8500000000000001,0.0021575080995424,186,183.304830402454
PT,PT,Lineage4,FCN1,10,0.95,0.001806325211225,120,115.95473945814668
PT,PT,Lineage5,FCN1,1,0.05,0.0022630529220562,290,257.0789487554607
PT,PT,Lineage5,FCN1,2,0.15,0.0048409569508432,519,433.32955356148386
PT,PT,Lineage5,FCN1,3,0.25,0.0040622992050002,540,424.84936042523736
PT,PT,Lineage5,FCN1,4,0.35,0.0025177255359828,332,201.0105077595712
PT,PT,Lineage5,FCN1,5,0.45,0.0073635728379845,197,131.2016206783867
PT,PT,Lineage5,FCN1,6,0.55,0.0029433131768016,77,56.1445837270891
PT,PT,Lineage5,FCN1,7,0.6500000000000001,0.0065015685162985,50,48.34756384820716
PT,PT,Lineage5,FCN1,8,0.75,0.0056176771421892,34,33.771334858429455
PT,PT,Lineage5,FCN1,9,0.8500000000000001,0.002985408798672,23,22.225325994507436
PT,PT,Lineage5,FCN1,10,0.95,0.0074378998649373,23,23.0
PT,PT,Lineage6,FCN1,1,0.05,0.0021220549055804,154,143.89721539858016
PT,PT,Lineage6,FCN1,2,0.15,0.0044416154371865,299,236.03424365924823
PT,PT,Lineage6,FCN1,3,0.25,0.0040914765996739,260,222.2888809081952
PT,PT,Lineage6,FCN1,4,0.35,0.0024766807911251,240,216.9700322803281
PT,PT,Lineage6,FCN1,5,0.45,0.0074203286327563,200,173.57791074948216
PT,PT,Lineage6,FCN1,6,0.55,0.0049577336133852,284,252.22905095730775
PT,PT,Lineage6,FCN1,7,0.6500000000000001,0.0060308082892259,165,165.0
PT,PT,Lineage6,FCN1,8,0.75,0.0047474857230523,193,193.0
PT,PT,Lineage6,FCN1,9,0.8500000000000001,0.0026053189437816,100,94.52758047493109
PT,PT,Lineage6,FCN1,10,0.95,0.0040034242922035,77,60.49712959235555
PT,PT,Lineage7,FCN1,1,0.05,0.0020238146367228,229,210.71396790972477
PT,PT,Lineage7,FCN1,2,0.15,0.0050577644299106,265,235.78987949020433
PT,PT,Lineage7,FCN1,3,0.25,0.0038154246957263,203,202.32967544339283
PT,PT,Lineage7,FCN1,4,0.35,0.0060913080776639,564,357.2568283786706
PT,PT,Lineage7,FCN1,5,0.45,0.0069373887825505,129,123.313224974485
PT,PT,Lineage7,FCN1,6,0.55,0.0051450553706552,222,215.15909274101543
PT,PT,Lineage7,FCN1,7,0.6500000000000001,0.0038017608241495,352,328.2548314038918
PT,PT,Lineage7,FCN1,8,0.75,0.0023756815096647,253,248.86947849066132
PT,PT,Lineage7,FCN1,9,0.8500000000000001,0.0020582577127737,104,103.91720943731887
PT,PT,Lineage7,FCN1,10,0.95,0.0015349365837378,25,25.0
PT,PT,Lineage8,FCN1,1,0.05,0.0018927045680568,283,243.861858869527
PT,PT,Lineage8,FCN1,2,0.15,0.0053825112248812,366,298.864557479168
PT,PT,Lineage8,FCN1,3,0.25,0.0033385875884145,308,280.7497752615346
PT,PT,Lineage8,FCN1,4,0.35,0.0085061207992842,208,197.34252500689797
PT,PT,Lineage8,FCN1,5,0.45,0.0064431983989173,130,129.6577084108946
PT,PT,Lineage8,FCN1,6,0.55,0.0056872146448484,65,64.70883078503329
PT,PT,Lineage8,FCN1,7,0.6500000000000001,0.0101756754359222,71,69.36211032228495
PT,PT,Lineage8,FCN1,8,0.75,0.0124417751460075,38,38.0
PT,PT,Lineage8,FCN1,9,0.8500000000000001,0.0004811722197046,27,27.0
PT,PT,Lineage8,FCN1,10,0.95,0.0027602620689026,34,34.0
PT,PT,Lineage9,FCN1,1,0.05,0.0017625975811545,149,139.01540152713133
PT,PT,Lineage9,FCN1,2,0.15,0.0044219237617043,339,247.97135830069257
PT,PT,Lineage9,FCN1,3,0.25,0.0040398341469909,123,117.41949502491028
PT,PT,Lineage9,FCN1,4,0.35,0.0038898600315148,131,119.48642283382205
PT,PT,Lineage9,FCN1,5,0.45,0.0029004600897598,72,70.8406739824326
PT,PT,Lineage9,FCN1,6,0.55,0.0038215760183679,60,60.0
PT,PT,Lineage9,FCN1,7,0.6500000000000001,0.0052567524674868,56,56.0
PT,PT,Lineage9,FCN1,8,0.75,0.0032784021518948,60,59.77233515030349
PT,PT,Lineage9,FCN1,9,0.8500000000000001,0.0046588629757399,35,34.40865010410188
PT,PT,Lineage9,FCN1,10,0.95,0.0,9,9.0
PT,PT,Lineage10,FCN1,1,0.05,0.0019846480103488,127,121.94203640035742
PT,PT,Lineage10,FCN1,2,0.15,0.0033793971396607,235,186.3499317993566
PT,PT,Lineage10,FCN1,3,0.25,0.0054864544548419,212,194.55863183093717
PT,PT,Lineage10,FCN1,4,0.35,0.0059775572628636,161,157.77531572035284
PT,PT,Lineage10,FCN1,5,0.45,0.0036902901563383,86,84.9432771760723
PT,PT,Lineage10,FCN1,6,0.55,0.0235199394102282,51,49.914921520569905
PT,PT,Lineage10,FCN1,7,0.6500000000000001,0.0107448459610733,38,37.20480609719146
PT,PT,Lineage10,FCN1,8,0.75,0.0069982755006297,44,43.73168956219897
PT,PT,Lineage10,FCN1,9,0.8500000000000001,0.0053811706744525,22,22.0
PT,PT,Lineage10,FCN1,10,0.95,0.0022683234598239,27,27.0
PT,PT,Lineage11,FCN1,1,0.05,0.0020601375343318,81,80.35157546507226
PT,PT,Lineage11,FCN1,2,0.15,0.0016806082840631,97,95.71596014277668
PT,PT,Lineage11,FCN1,3,0.25,0.0047606993316139,113,97.8670671200438
PT,PT,Lineage11,FCN1,4,0.35,0.0046604625419139,127,120.81313601222926
PT,PT,Lineage11,FCN1,5,0.45,0.0039429045931258,142,142.0
PT,PT,Lineage11,FCN1,6,0.55,0.0044636152311477,124,124.0
PT,PT,Lineage11,FCN1,7,0.6500000000000001,0.0026190957213694,74,74.0
PT,PT,Lineage11,FCN1,8,0.75,0.0013164802272007,69,68.65074148827756
PT,PT,Lineage11,FCN1,9,0.8500000000000001,0.0,22,21.708857808650315
PT,PT,Lineage11,FCN1,10,0.95,0.0,7,6.797247006847127
PT,PT,Lineage1,FCN2,1,0.05,0.0004788925787124,1249,968.05520541352
PT,PT,Lineage1,FCN2,2,0.15,0.0004038483014472,552,347.17207211972107
PT,PT,Lineage1,FCN2,3,0.25,3.154982971777975e-05,415,362.2316899549579
PT,PT,Lineage1,FCN2,4,0.35,0.0001927377539471,298,291.86671911763847
PT,PT,Lineage1,FCN2,5,0.45,0.0005598719016339,214,214.0
PT,PT,Lineage1,FCN2,6,0.55,0.0002213076419888,144,144.0
PT,PT,Lineage1,FCN2,7,0.6500000000000001,0.0017963051277299,66,66.0
PT,PT,Lineage1,FCN2,8,0.75,0.0008371664910479,14,14.0
PT,PT,Lineage1,FCN2,9,0.8500000000000001,0.0,36,36.0
PT,PT,Lineage1,FCN2,10,0.95,0.0,38,38.0
PT,PT,Lineage2,FCN2,1,0.05,0.0003721895538059,531,439.2674302593681
PT,PT,Lineage2,FCN2,2,0.15,0.0004681450126412,904,658.5647247615038
PT,PT,Lineage2,FCN2,3,0.25,0.0003202198082632,254,179.45508407137004
PT,PT,Lineage2,FCN2,4,0.35,0.0005374880451775,157,131.7975586839539
PT,PT,Lineage2,FCN2,5,0.45,0.0008597302592493,175,167.56585004340508
PT,PT,Lineage2,FCN2,6,0.55,0.0011447541204877,134,130.41830236371263
PT,PT,Lineage2,FCN2,7,0.6500000000000001,0.0029875133104063,95,85.90914029140448
PT,PT,Lineage2,FCN2,8,0.75,0.0,129,129.0
PT,PT,Lineage2,FCN2,9,0.8500000000000001,0.0,128,128.0
PT,PT,Lineage2,FCN2,10,0.95,0.0,20,20.0
PT,PT,Lineage3,FCN2,1,0.05,0.0003823816174196,517,427.2278725752045
PT,PT,Lineage3,FCN2,2,0.15,0.0004654365826471,900,662.5893266960761
PT,PT,Lineage3,FCN2,3,0.25,0.0003097888422731,269,179.76417810309016
PT,PT,Lineage3,FCN2,4,0.35,0.0005349784122405,162,130.73432867837596
PT,PT,Lineage3,FCN2,5,0.45,0.0008156360614611,180,169.86642041577562
PT,PT,Lineage3,FCN2,6,0.55,0.0010541130040441,155,141.63271721826248
PT,PT,Lineage3,FCN2,7,0.6500000000000001,0.0014467378652197,179,107.79195360971444
PT,PT,Lineage3,FCN2,8,0.75,0.0,133,133.0
PT,PT,Lineage3,FCN2,9,0.8500000000000001,0.0,61,61.0
PT,PT,Lineage3,FCN2,10,0.95,0.0,57,57.0
PT,PT,Lineage4,FCN2,1,0.05,0.0003700185628748,287,238.8565439072539
PT,PT,Lineage4,FCN2,2,0.15,0.0007010297179296,485,449.9064774059803
PT,PT,Lineage4,FCN2,3,0.25,0.0002702940636721,262,204.20559290380197
PT,PT,Lineage4,FCN2,4,0.35,0.0009053883478407,154,113.71812210437758
PT,PT,Lineage4,FCN2,5,0.45,0.0003860328254986,289,285.37619856026345
PT,PT,Lineage4,FCN2,6,0.55,0.0010001825293246,203,203.0
PT,PT,Lineage4,FCN2,7,0.6500000000000001,0.0001908836032577,228,204.58420859296663
PT,PT,Lineage4,FCN2,8,0.75,0.0,286,272.71045654338775
PT,PT,Lineage4,FCN2,9,0.8500000000000001,0.0004145298533546,186,183.304830402454
PT,PT,Lineage4,FCN2,10,0.95,0.0005288355461671,120,115.95473945814668
PT,PT,Lineage5,FCN2,1,0.05,0.0003529145947462,290,257.0789487554607
PT,PT,Lineage5,FCN2,2,0.15,0.0002792487976683,519,433.32955356148386
PT,PT,Lineage5,FCN2,3,0.25,0.0005947836028789,540,424.84936042523736
PT,PT,Lineage5,FCN2,4,0.35,0.0001958515820225,332,201.0105077595712
PT,PT,Lineage5,FCN2,5,0.45,0.000952393504834,197,131.2016206783867
PT,PT,Lineage5,FCN2,6,0.55,0.0009373961737958,77,56.1445837270891
PT,PT,Lineage5,FCN2,7,0.6500000000000001,0.0,50,48.34756384820716
PT,PT,Lineage5,FCN2,8,0.75,0.0,34,33.771334858429455
PT,PT,Lineage5,FCN2,9,0.8500000000000001,0.0019785514631727,23,22.225325994507436
PT,PT,Lineage5,FCN2,10,0.95,0.0,23,23.0
PT,PT,Lineage6,FCN2,1,0.05,0.000557560579793,154,143.89721539858016
PT,PT,Lineage6,FCN2,2,0.15,9.314975728496062e-05,299,236.03424365924823
PT,PT,Lineage6,FCN2,3,0.25,0.0007649750270228,260,222.2888809081952
PT,PT,Lineage6,FCN2,4,0.35,0.0002568614878169,240,216.9700322803281
PT,PT,Lineage6,FCN2,5,0.45,0.0,200,173.57791074948216
PT,PT,Lineage6,FCN2,6,0.55,0.0013203417031997,284,252.22905095730775
PT,PT,Lineage6,FCN2,7,0.6500000000000001,0.0013680187293005,165,165.0
PT,PT,Lineage6,FCN2,8,0.75,0.0001479821722809,193,193.0
PT,PT,Lineage6,FCN2,9,0.8500000000000001,0.0020954152577562,100,94.52758047493109
PT,PT,Lineage6,FCN2,10,0.95,0.0008716865529462,77,60.49712959235555
PT,PT,Lineage7,FCN2,1,0.05,0.0003807598311784,229,210.71396790972477
PT,PT,Lineage7,FCN2,2,0.15,0.0002592552937645,265,235.78987949020433
PT,PT,Lineage7,FCN2,3,0.25,0.0004333054286438,203,202.32967544339283
PT,PT,Lineage7,FCN2,4,0.35,0.0008237440286613,564,357.2568283786706
PT,PT,Lineage7,FCN2,5,0.45,0.0,129,123.313224974485
PT,PT,Lineage7,FCN2,6,0.55,0.0003366848295067,222,215.15909274101543
PT,PT,Lineage7,FCN2,7,0.6500000000000001,0.0003465274096975,352,328.2548314038918
PT,PT,Lineage7,FCN2,8,0.75,0.0002127634297236,253,248.86947849066132
PT,PT,Lineage7,FCN2,9,0.8500000000000001,0.0001067481604814,104,103.91720943731887
PT,PT,Lineage7,FCN2,10,0.95,0.000518532213441,25,25.0
PT,PT,Lineage8,FCN2,1,0.05,0.0003290035400376,283,243.861858869527
PT,PT,Lineage8,FCN2,2,0.15,0.0003522402051116,366,298.864557479168
PT,PT,Lineage8,FCN2,3,0.25,0.0003080798082285,308,280.7497752615346
PT,PT,Lineage8,FCN2,4,0.35,0.0002895280693015,208,197.34252500689797
PT,PT,Lineage8,FCN2,5,0.45,0.0,130,129.6577084108946
PT,PT,Lineage8,FCN2,6,0.55,0.0028002767971352,65,64.70883078503329
PT,PT,Lineage8,FCN2,7,0.6500000000000001,0.0002185499573743,71,69.36211032228495
PT,PT,Lineage8,FCN2,8,0.75,0.0013263939983319,38,38.0
PT,PT,Lineage8,FCN2,9,0.8500000000000001,0.0011248510841814,27,27.0
PT,PT,Lineage8,FCN2,10,0.95,0.0,34,34.0
PT,PT,Lineage9,FCN2,1,0.05,0.0005771404748457,149,139.01540152713133
PT,PT,Lineage9,FCN2,2,0.15,9.96559614940349e-05,339,247.97135830069257
PT,PT,Lineage9,FCN2,3,0.25,0.0004770697050075,123,117.41949502491028
PT,PT,Lineage9,FCN2,4,0.35,0.0003065045341278,131,119.48642283382205
PT,PT,Lineage9,FCN2,5,0.45,0.0006184272717594,72,70.8406739824326
PT,PT,Lineage9,FCN2,6,0.55,0.0001979209346392,60,60.0
PT,PT,Lineage9,FCN2,7,0.6500000000000001,0.0,56,56.0
PT,PT,Lineage9,FCN2,8,0.75,0.0008822565527162,60,59.77233515030349
PT,PT,Lineage9,FCN2,9,0.8500000000000001,0.0,35,34.40865010410188
PT,PT,Lineage9,FCN2,10,0.95,0.0,9,9.0
PT,PT,Lineage10,FCN2,1,0.05,0.0006579471461738,127,121.94203640035742
PT,PT,Lineage10,FCN2,2,0.15,5.39265111877346e-05,235,186.3499317993566
PT,PT,Lineage10,FCN2,3,0.25,0.0003500679816648,212,194.55863183093717
PT,PT,Lineage10,FCN2,4,0.35,0.0003795745648238,161,157.77531572035284
PT,PT,Lineage10,FCN2,5,0.45,0.0,86,84.9432771760723
PT,PT,Lineage10,FCN2,6,0.55,0.0004303269233182,51,49.914921520569905
PT,PT,Lineage10,FCN2,7,0.6500000000000001,0.0004074496777305,38,37.20480609719146
PT,PT,Lineage10,FCN2,8,0.75,0.0,44,43.73168956219897
PT,PT,Lineage10,FCN2,9,0.8500000000000001,0.0029863586820786,22,22.0
PT,PT,Lineage10,FCN2,10,0.95,0.0,27,27.0
PT,PT,Lineage11,FCN2,1,0.05,0.0007188921044084,81,80.35157546507226
PT,PT,Lineage11,FCN2,2,0.15,0.0002347288961643,97,95.71596014277668
PT,PT,Lineage11,FCN2,3,0.25,0.0001076160445909,113,97.8670671200438
PT,PT,Lineage11,FCN2,4,0.35,0.0004196667954011,127,120.81313601222926
PT,PT,Lineage11,FCN2,5,0.45,0.0005443308643126,142,142.0
PT,PT,Lineage11,FCN2,6,0.55,0.0002496605797829,124,124.0
PT,PT,Lineage11,FCN2,7,0.6500000000000001,0.0,74,74.0
PT,PT,Lineage11,FCN2,8,0.75,0.0,69,68.65074148827756
PT,PT,Lineage11,FCN2,9,0.8500000000000001,0.0,22,21.708857808650315
PT,PT,Lineage11,FCN2,10,0.95,0.0,7,6.797247006847127
PT,PT,Lineage1,FCN3,1,0.05,0.0046132186437195,1249,968.05520541352
PT,PT,Lineage1,FCN3,2,0.15,0.0052208994371793,552,347.17207211972107
PT,PT,Lineage1,FCN3,3,0.25,0.0051548364790637,415,362.2316899549579
PT,PT,Lineage1,FCN3,4,0.35,0.0044166521058995,298,291.86671911763847
PT,PT,Lineage1,FCN3,5,0.45,0.0060245090234194,214,214.0
PT,PT,Lineage1,FCN3,6,0.55,0.0060633615197888,144,144.0
PT,PT,Lineage1,FCN3,7,0.6500000000000001,0.006314884516437,66,66.0
PT,PT,Lineage1,FCN3,8,0.75,0.0,14,14.0
PT,PT,Lineage1,FCN3,9,0.8500000000000001,0.0037735064440388,36,36.0
PT,PT,Lineage1,FCN3,10,0.95,0.0054562859269948,38,38.0
PT,PT,Lineage2,FCN3,1,0.05,0.0055032259302268,531,439.2674302593681
PT,PT,Lineage2,FCN3,2,0.15,0.0036691395605668,904,658.5647247615038
PT,PT,Lineage2,FCN3,3,0.25,0.0075313773078676,254,179.45508407137004
PT,PT,Lineage2,FCN3,4,0.35,0.0067480778017025,157,131.7975586839539
PT,PT,Lineage2,FCN3,5,0.45,0.0058265663788326,175,167.56585004340508
PT,PT,Lineage2,FCN3,6,0.55,0.0115736301079371,134,130.41830236371263
PT,PT,Lineage2,FCN3,7,0.6500000000000001,0.0227915740392312,95,85.90914029140448
PT,PT,Lineage2,FCN3,8,0.75,0.0405945746949817,129,129.0
PT,PT,Lineage2,FCN3,9,0.8500000000000001,0.0200778868474683,128,128.0
PT,PT,Lineage2,FCN3,10,0.95,0.0,20,20.0
PT,PT,Lineage3,FCN3,1,0.05,0.0054872407000839,517,427.2278725752045
PT,PT,Lineage3,FCN3,2,0.15,0.0037259940095843,900,662.5893266960761
PT,PT,Lineage3,FCN3,3,0.25,0.0056651777421017,269,179.76417810309016
PT,PT,Lineage3,FCN3,4,0.35,0.0089017608420831,162,130.73432867837596
PT,PT,Lineage3,FCN3,5,0.45,0.0058252007169168,180,169.86642041577562
PT,PT,Lineage3,FCN3,6,0.55,0.0121708342422918,155,141.63271721826248
PT,PT,Lineage3,FCN3,7,0.6500000000000001,0.0376036525179815,179,107.79195360971444
PT,PT,Lineage3,FCN3,8,0.75,0.036179032739965,133,133.0
PT,PT,Lineage3,FCN3,9,0.8500000000000001,0.02813960079065,61,61.0
PT,PT,Lineage3,FCN3,10,0.95,0.0143547562228044,57,57.0
PT,PT,Lineage4,FCN3,1,0.05,0.0062938491346891,287,238.8565439072539
PT,PT,Lineage4,FCN3,2,0.15,0.0043836747361993,485,449.9064774059803
PT,PT,Lineage4,FCN3,3,0.25,0.006209330171497,262,204.20559290380197
PT,PT,Lineage4,FCN3,4,0.35,0.004796053985755,154,113.71812210437758
PT,PT,Lineage4,FCN3,5,0.45,0.0034457168571541,289,285.37619856026345
PT,PT,Lineage4,FCN3,6,0.55,0.0094217330181876,203,203.0
PT,PT,Lineage4,FCN3,7,0.6500000000000001,0.0034683743595604,228,204.58420859296663
PT,PT,Lineage4,FCN3,8,0.75,0.0027439315505321,286,272.71045654338775
PT,PT,Lineage4,FCN3,9,0.8500000000000001,0.00422112229302,186,183.304830402454
PT,PT,Lineage4,FCN3,10,0.95,0.0153429318310728,120,115.95473945814668
PT,PT,Lineage5,FCN3,1,0.05,0.0049955816629548,290,257.0789487554607
PT,PT,Lineage5,FCN3,2,0.15,0.0050838371918865,519,433.32955356148386
PT,PT,Lineage5,FCN3,3,0.25,0.003703782081248,540,424.84936042523736
PT,PT,Lineage5,FCN3,4,0.35,0.0056213778842938,332,201.0105077595712
PT,PT,Lineage5,FCN3,5,0.45,0.0066471572471141,197,131.2016206783867
PT,PT,Lineage5,FCN3,6,0.55,0.0044608701958596,77,56.1445837270891
PT,PT,Lineage5,FCN3,7,0.6500000000000001,0.0029271796473962,50,48.34756384820716
PT,PT,Lineage5,FCN3,8,0.75,0.0102230129935741,34,33.771334858429455
PT,PT,Lineage5,FCN3,9,0.8500000000000001,0.0033775302114818,23,22.225325994507436
PT,PT,Lineage5,FCN3,10,0.95,0.0012701627092482,23,23.0
PT,PT,Lineage6,FCN3,1,0.05,0.0072760832303122,154,143.89721539858016
PT,PT,Lineage6,FCN3,2,0.15,0.003270983510044,299,236.03424365924823
PT,PT,Lineage6,FCN3,3,0.25,0.0063383009759718,260,222.2888809081952
PT,PT,Lineage6,FCN3,4,0.35,0.0034921823807826,240,216.9700322803281
PT,PT,Lineage6,FCN3,5,0.45,0.0051780631653172,200,173.57791074948216
PT,PT,Lineage6,FCN3,6,0.55,0.0061826968536124,284,252.22905095730775
PT,PT,Lineage6,FCN3,7,0.6500000000000001,0.0050430975391389,165,165.0
PT,PT,Lineage6,FCN3,8,0.75,0.0063811450681375,193,193.0
PT,PT,Lineage6,FCN3,9,0.8500000000000001,0.0089405288139174,100,94.52758047493109
PT,PT,Lineage6,FCN3,10,0.95,0.0113226966088707,77,60.49712959235555
PT,PT,Lineage7,FCN3,1,0.05,0.0063062746896533,229,210.71396790972477
PT,PT,Lineage7,FCN3,2,0.15,0.0044307498255121,265,235.78987949020433
PT,PT,Lineage7,FCN3,3,0.25,0.0028623953827904,203,202.32967544339283
PT,PT,Lineage7,FCN3,4,0.35,0.0056029863392309,564,357.2568283786706
PT,PT,Lineage7,FCN3,5,0.45,0.0043097888984435,129,123.313224974485
PT,PT,Lineage7,FCN3,6,0.55,0.0091386153927467,222,215.15909274101543
PT,PT,Lineage7,FCN3,7,0.6500000000000001,0.0042808216746418,352,328.2548314038918
PT,PT,Lineage7,FCN3,8,0.75,0.0044110155027393,253,248.86947849066132
PT,PT,Lineage7,FCN3,9,0.8500000000000001,0.0014234421776883,104,103.91720943731887
PT,PT,Lineage7,FCN3,10,0.95,0.0029155563253622,25,25.0
PT,PT,Lineage8,FCN3,1,0.05,0.0059342524019655,283,243.861858869527
PT,PT,Lineage8,FCN3,2,0.15,0.0058883829215813,366,298.864557479168
PT,PT,Lineage8,FCN3,3,0.25,0.0029651663342469,308,280.7497752615346
PT,PT,Lineage8,FCN3,4,0.35,0.0072888485979759,208,197.34252500689797
PT,PT,Lineage8,FCN3,5,0.45,0.0059645077147799,130,129.6577084108946
PT,PT,Lineage8,FCN3,6,0.55,0.0084859948404881,65,64.70883078503329
PT,PT,Lineage8,FCN3,7,0.6500000000000001,0.0071149554215914,71,69.36211032228495
PT,PT,Lineage8,FCN3,8,0.75,0.0066765068123288,38,38.0
PT,PT,Lineage8,FCN3,9,0.8500000000000001,0.0028475154296693,27,27.0
PT,PT,Lineage8,FCN3,10,0.95,0.0039113952147677,34,34.0
PT,PT,Lineage9,FCN3,1,0.05,0.0087545656323704,149,139.01540152713133
PT,PT,Lineage9,FCN3,2,0.15,0.0035148851585869,339,247.97135830069257
PT,PT,Lineage9,FCN3,3,0.25,0.0027681313792084,123,117.41949502491028
PT,PT,Lineage9,FCN3,4,0.35,0.0107746190376284,131,119.48642283382205
PT,PT,Lineage9,FCN3,5,0.45,0.0113008311246781,72,70.8406739824326
PT,PT,Lineage9,FCN3,6,0.55,0.0198344572269394,60,60.0
PT,PT,Lineage9,FCN3,7,0.6500000000000001,0.0083978789621246,56,56.0
PT,PT,Lineage9,FCN3,8,0.75,0.0040479948694997,60,59.77233515030349
PT,PT,Lineage9,FCN3,9,0.8500000000000001,0.0183000949102033,35,34.40865010410188
PT,PT,Lineage9,FCN3,10,0.95,0.0,9,9.0
PT,PT,Lineage10,FCN3,1,0.05,0.008315162023354,127,121.94203640035742
PT,PT,Lineage10,FCN3,2,0.15,0.0027110532248347,235,186.3499317993566
PT,PT,Lineage10,FCN3,3,0.25,0.0067819784142726,212,194.55863183093717
PT,PT,Lineage10,FCN3,4,0.35,0.0099250409978517,161,157.77531572035284
PT,PT,Lineage10,FCN3,5,0.45,0.0060662458670558,86,84.9432771760723
PT,PT,Lineage10,FCN3,6,0.55,0.0054370967388505,51,49.914921520569905
PT,PT,Lineage10,FCN3,7,0.6500000000000001,0.0127009221018766,38,37.20480609719146
PT,PT,Lineage10,FCN3,8,0.75,0.0045926741833598,44,43.73168956219897
PT,PT,Lineage10,FCN3,9,0.8500000000000001,0.0049229291109267,22,22.0
PT,PT,Lineage10,FCN3,10,0.95,0.0048881234313119,27,27.0
PT,PT,Lineage11,FCN3,1,0.05,0.0110390831408241,81,80.35157546507226
PT,PT,Lineage11,FCN3,2,0.15,0.003927068382916,97,95.71596014277668
PT,PT,Lineage11,FCN3,3,0.25,0.0014359212742504,113,97.8670671200438
PT,PT,Lineage11,FCN3,4,0.35,0.0068177686960945,127,120.81313601222926
PT,PT,Lineage11,FCN3,5,0.45,0.0062644672249633,142,142.0
PT,PT,Lineage11,FCN3,6,0.55,0.004697489446497,124,124.0
PT,PT,Lineage11,FCN3,7,0.6500000000000001,0.0009929151403939,74,74.0
PT,PT,Lineage11,FCN3,8,0.75,0.0042253552553692,69,68.65074148827756
PT,PT,Lineage11,FCN3,9,0.8500000000000001,0.0006795467857053,22,21.708857808650315
PT,PT,Lineage11,FCN3,10,0.95,0.0,7,6.797247006847127
PT,PT,Lineage1,MASP1,1,0.05,0.1348527071323614,1249,968.05520541352
PT,PT,Lineage1,MASP1,2,0.15,0.1951371860331172,552,347.17207211972107
PT,PT,Lineage1,MASP1,3,0.25,0.2858573941827367,415,362.2316899549579
PT,PT,Lineage1,MASP1,4,0.35,0.2729028011352862,298,291.86671911763847
PT,PT,Lineage1,MASP1,5,0.45,0.2265971001807857,214,214.0
PT,PT,Lineage1,MASP1,6,0.55,0.1782473574660696,144,144.0
PT,PT,Lineage1,MASP1,7,0.6500000000000001,0.1637497653161381,66,66.0
PT,PT,Lineage1,MASP1,8,0.75,0.1130358231125392,14,14.0
PT,PT,Lineage1,MASP1,9,0.8500000000000001,0.1853199516769093,36,36.0
PT,PT,Lineage1,MASP1,10,0.95,0.1245555887377906,38,38.0
PT,PT,Lineage2,MASP1,1,0.05,0.1141672911830671,531,439.2674302593681
PT,PT,Lineage2,MASP1,2,0.15,0.1560344817839145,904,658.5647247615038
PT,PT,Lineage2,MASP1,3,0.25,0.1843431444929845,254,179.45508407137004
PT,PT,Lineage2,MASP1,4,0.35,0.294173249438896,157,131.7975586839539
PT,PT,Lineage2,MASP1,5,0.45,0.2636696366035209,175,167.56585004340508
PT,PT,Lineage2,MASP1,6,0.55,0.1783967828574946,134,130.41830236371263
PT,PT,Lineage2,MASP1,7,0.6500000000000001,0.10877280717745,95,85.90914029140448
PT,PT,Lineage2,MASP1,8,0.75,0.0675515279873997,129,129.0
PT,PT,Lineage2,MASP1,9,0.8500000000000001,0.0896657257849979,128,128.0
PT,PT,Lineage2,MASP1,10,0.95,0.0547049637673267,20,20.0
PT,PT,Lineage3,MASP1,1,0.05,0.1141670176571681,517,427.2278725752045
PT,PT,Lineage3,MASP1,2,0.15,0.1551161362710027,900,662.5893266960761
PT,PT,Lineage3,MASP1,3,0.25,0.1861109649292356,269,179.76417810309016
PT,PT,Lineage3,MASP1,4,0.35,0.2859446139496376,162,130.73432867837596
PT,PT,Lineage3,MASP1,5,0.45,0.2927600836910936,180,169.86642041577562
PT,PT,Lineage3,MASP1,6,0.55,0.1345683993696802,155,141.63271721826248
PT,PT,Lineage3,MASP1,7,0.6500000000000001,0.113834330639753,179,107.79195360971444
PT,PT,Lineage3,MASP1,8,0.75,0.0531222750737973,133,133.0
PT,PT,Lineage3,MASP1,9,0.8500000000000001,0.092402501659708,61,61.0
PT,PT,Lineage3,MASP1,10,0.95,0.2120924424700633,57,57.0
PT,PT,Lineage4,MASP1,1,0.05,0.1196251975375383,287,238.8565439072539
PT,PT,Lineage4,MASP1,2,0.15,0.1516035267316696,485,449.9064774059803
PT,PT,Lineage4,MASP1,3,0.25,0.1775816444315825,262,204.20559290380197
PT,PT,Lineage4,MASP1,4,0.35,0.1837707733460228,154,113.71812210437758
PT,PT,Lineage4,MASP1,5,0.45,0.1646275457201374,289,285.37619856026345
PT,PT,Lineage4,MASP1,6,0.55,0.1664965381216971,203,203.0
PT,PT,Lineage4,MASP1,7,0.6500000000000001,0.1745586364340642,228,204.58420859296663
PT,PT,Lineage4,MASP1,8,0.75,0.1329733483416769,286,272.71045654338775
PT,PT,Lineage4,MASP1,9,0.8500000000000001,0.0991997030480531,186,183.304830402454
PT,PT,Lineage4,MASP1,10,0.95,0.1053200344539923,120,115.95473945814668
PT,PT,Lineage5,MASP1,1,0.05,0.1127840029839792,290,257.0789487554607
PT,PT,Lineage5,MASP1,2,0.15,0.1285931991150734,519,433.32955356148386
PT,PT,Lineage5,MASP1,3,0.25,0.1669173861815516,540,424.84936042523736
PT,PT,Lineage5,MASP1,4,0.35,0.1808866065553056,332,201.0105077595712
PT,PT,Lineage5,MASP1,5,0.45,0.1674843795991192,197,131.2016206783867
PT,PT,Lineage5,MASP1,6,0.55,0.200620285074842,77,56.1445837270891
PT,PT,Lineage5,MASP1,7,0.6500000000000001,0.3064424316247035,50,48.34756384820716
PT,PT,Lineage5,MASP1,8,0.75,0.2906838151122242,34,33.771334858429455
PT,PT,Lineage5,MASP1,9,0.8500000000000001,0.3495532298778903,23,22.225325994507436
PT,PT,Lineage5,MASP1,10,0.95,0.2681181152038928,23,23.0
PT,PT,Lineage6,MASP1,1,0.05,0.1049751749782631,154,143.89721539858016
PT,PT,Lineage6,MASP1,2,0.15,0.1164372252992863,299,236.03424365924823
PT,PT,Lineage6,MASP1,3,0.25,0.1285296035916728,260,222.2888809081952
PT,PT,Lineage6,MASP1,4,0.35,0.1386181057051831,240,216.9700322803281
PT,PT,Lineage6,MASP1,5,0.45,0.1751547006958034,200,173.57791074948216
PT,PT,Lineage6,MASP1,6,0.55,0.1885863644111942,284,252.22905095730775
PT,PT,Lineage6,MASP1,7,0.6500000000000001,0.1678719102449169,165,165.0
PT,PT,Lineage6,MASP1,8,0.75,0.1509647977214494,193,193.0
PT,PT,Lineage6,MASP1,9,0.8500000000000001,0.1215010627430392,100,94.52758047493109
PT,PT,Lineage6,MASP1,10,0.95,0.1646556857607397,77,60.49712959235555
PT,PT,Lineage7,MASP1,1,0.05,0.11499590680332,229,210.71396790972477
PT,PT,Lineage7,MASP1,2,0.15,0.1088576997851443,265,235.78987949020433
PT,PT,Lineage7,MASP1,3,0.25,0.1369381481059329,203,202.32967544339283
PT,PT,Lineage7,MASP1,4,0.35,0.1842238674155743,564,357.2568283786706
PT,PT,Lineage7,MASP1,5,0.45,0.1675598332547724,129,123.313224974485
PT,PT,Lineage7,MASP1,6,0.55,0.1292880382908736,222,215.15909274101543
PT,PT,Lineage7,MASP1,7,0.6500000000000001,0.1548458165418053,352,328.2548314038918
PT,PT,Lineage7,MASP1,8,0.75,0.1613586662065204,253,248.86947849066132
PT,PT,Lineage7,MASP1,9,0.8500000000000001,0.1677598774326219,104,103.91720943731887
PT,PT,Lineage7,MASP1,10,0.95,0.1460080179284587,25,25.0
PT,PT,Lineage8,MASP1,1,0.05,0.1166399837280165,283,243.861858869527
PT,PT,Lineage8,MASP1,2,0.15,0.1152788203154106,366,298.864557479168
PT,PT,Lineage8,MASP1,3,0.25,0.1422740260472041,308,280.7497752615346
PT,PT,Lineage8,MASP1,4,0.35,0.1875951649082918,208,197.34252500689797
PT,PT,Lineage8,MASP1,5,0.45,0.2520064381016826,130,129.6577084108946
PT,PT,Lineage8,MASP1,6,0.55,0.2098996218817242,65,64.70883078503329
PT,PT,Lineage8,MASP1,7,0.6500000000000001,0.2041329875118384,71,69.36211032228495
PT,PT,Lineage8,MASP1,8,0.75,0.2289952971048854,38,38.0
PT,PT,Lineage8,MASP1,9,0.8500000000000001,0.1672547135139557,27,27.0
PT,PT,Lineage8,MASP1,10,0.95,0.1958781505573844,34,34.0
PT,PT,Lineage9,MASP1,1,0.05,0.1095815709400971,149,139.01540152713133
PT,PT,Lineage9,MASP1,2,0.15,0.1176476940463482,339,247.97135830069257
PT,PT,Lineage9,MASP1,3,0.25,0.1065738160724484,123,117.41949502491028
PT,PT,Lineage9,MASP1,4,0.35,0.1077566086605499,131,119.48642283382205
PT,PT,Lineage9,MASP1,5,0.45,0.1122494314853003,72,70.8406739824326
PT,PT,Lineage9,MASP1,6,0.55,0.1532652125937209,60,60.0
PT,PT,Lineage9,MASP1,7,0.6500000000000001,0.145990957839646,56,56.0
PT,PT,Lineage9,MASP1,8,0.75,0.1436363925157777,60,59.77233515030349
PT,PT,Lineage9,MASP1,9,0.8500000000000001,0.1533238366637253,35,34.40865010410188
PT,PT,Lineage9,MASP1,10,0.95,0.1497572207663556,9,9.0
PT,PT,Lineage10,MASP1,1,0.05,0.1081109079219212,127,121.94203640035742
PT,PT,Lineage10,MASP1,2,0.15,0.1157226643965469,235,186.3499317993566
PT,PT,Lineage10,MASP1,3,0.25,0.122819636266984,212,194.55863183093717
PT,PT,Lineage10,MASP1,4,0.35,0.1304148900515508,161,157.77531572035284
PT,PT,Lineage10,MASP1,5,0.45,0.1422290908840652,86,84.9432771760723
PT,PT,Lineage10,MASP1,6,0.55,0.1647655670242132,51,49.914921520569905
PT,PT,Lineage10,MASP1,7,0.6500000000000001,0.1853934719649032,38,37.20480609719146
PT,PT,Lineage10,MASP1,8,0.75,0.1885040444374539,44,43.73168956219897
PT,PT,Lineage10,MASP1,9,0.8500000000000001,0.2891761574839706,22,22.0
PT,PT,Lineage10,MASP1,10,0.95,0.3136486036283706,27,27.0
PT,PT,Lineage11,MASP1,1,0.05,0.1139198842406674,81,80.35157546507226
PT,PT,Lineage11,MASP1,2,0.15,0.1211962824820983,97,95.71596014277668
PT,PT,Lineage11,MASP1,3,0.25,0.0982343192939805,113,97.8670671200438
PT,PT,Lineage11,MASP1,4,0.35,0.1249643321660615,127,120.81313601222926
PT,PT,Lineage11,MASP1,5,0.45,0.1346464137458019,142,142.0
PT,PT,Lineage11,MASP1,6,0.55,0.1371174750872495,124,124.0
PT,PT,Lineage11,MASP1,7,0.6500000000000001,0.1002355857301886,74,74.0
PT,PT,Lineage11,MASP1,8,0.75,0.0936720036212078,69,68.65074148827756
PT,PT,Lineage11,MASP1,9,0.8500000000000001,0.0740719768199027,22,21.708857808650315
PT,PT,Lineage11,MASP1,10,0.95,0.0764384585931804,7,6.797247006847127
PT,PT,Lineage1,MASP2,1,0.05,0.0058277781623169,1249,968.05520541352
PT,PT,Lineage1,MASP2,2,0.15,0.0042127142538856,552,347.17207211972107
PT,PT,Lineage1,MASP2,3,0.25,0.0065828485522575,415,362.2316899549579
PT,PT,Lineage1,MASP2,4,0.35,0.0078160444055528,298,291.86671911763847
PT,PT,Lineage1,MASP2,5,0.45,0.0042053259726116,214,214.0
PT,PT,Lineage1,MASP2,6,0.55,0.0078451425082354,144,144.0
PT,PT,Lineage1,MASP2,7,0.6500000000000001,0.0086960304646003,66,66.0
PT,PT,Lineage1,MASP2,8,0.75,0.0082603715403173,14,14.0
PT,PT,Lineage1,MASP2,9,0.8500000000000001,0.0031492388727822,36,36.0
PT,PT,Lineage1,MASP2,10,0.95,0.0008558488450223,38,38.0
PT,PT,Lineage2,MASP2,1,0.05,0.0060269790109903,531,439.2674302593681
PT,PT,Lineage2,MASP2,2,0.15,0.0057257419454245,904,658.5647247615038
PT,PT,Lineage2,MASP2,3,0.25,0.0036647461580203,254,179.45508407137004
PT,PT,Lineage2,MASP2,4,0.35,0.0051547010039687,157,131.7975586839539
PT,PT,Lineage2,MASP2,5,0.45,0.0219957893064178,175,167.56585004340508
PT,PT,Lineage2,MASP2,6,0.55,0.0263955630797799,134,130.41830236371263
PT,PT,Lineage2,MASP2,7,0.6500000000000001,0.0025025702801597,95,85.90914029140448
PT,PT,Lineage2,MASP2,8,0.75,0.0078579399501461,129,129.0
PT,PT,Lineage2,MASP2,9,0.8500000000000001,0.001976879302256,128,128.0
PT,PT,Lineage2,MASP2,10,0.95,0.0,20,20.0
PT,PT,Lineage3,MASP2,1,0.05,0.0061247926773479,517,427.2278725752045
PT,PT,Lineage3,MASP2,2,0.15,0.0057254645629547,900,662.5893266960761
PT,PT,Lineage3,MASP2,3,0.25,0.0035569948993997,269,179.76417810309016
PT,PT,Lineage3,MASP2,4,0.35,0.0047761145315978,162,130.73432867837596
PT,PT,Lineage3,MASP2,5,0.45,0.0218741557571374,180,169.86642041577562
PT,PT,Lineage3,MASP2,6,0.55,0.0236066387993027,155,141.63271721826248
PT,PT,Lineage3,MASP2,7,0.6500000000000001,0.0078413581164384,179,107.79195360971444
PT,PT,Lineage3,MASP2,8,0.75,0.0,133,133.0
PT,PT,Lineage3,MASP2,9,0.8500000000000001,0.0,61,61.0
PT,PT,Lineage3,MASP2,10,0.95,0.0020632548441189,57,57.0
PT,PT,Lineage4,MASP2,1,0.05,0.0063512726576332,287,238.8565439072539
PT,PT,Lineage4,MASP2,2,0.15,0.0058672169402094,485,449.9064774059803
PT,PT,Lineage4,MASP2,3,0.25,0.0049474588763966,262,204.20559290380197
PT,PT,Lineage4,MASP2,4,0.35,0.0041973719898185,154,113.71812210437758
PT,PT,Lineage4,MASP2,5,0.45,0.0046255968338036,289,285.37619856026345
PT,PT,Lineage4,MASP2,6,0.55,0.0036931541904837,203,203.0
PT,PT,Lineage4,MASP2,7,0.6500000000000001,0.0047972580720688,228,204.58420859296663
PT,PT,Lineage4,MASP2,8,0.75,0.0055596119689862,286,272.71045654338775
PT,PT,Lineage4,MASP2,9,0.8500000000000001,0.0072165038815666,186,183.304830402454
PT,PT,Lineage4,MASP2,10,0.95,0.0082144052066767,120,115.95473945814668
PT,PT,Lineage5,MASP2,1,0.05,0.0072336459118654,290,257.0789487554607
PT,PT,Lineage5,MASP2,2,0.15,0.0040291495845563,519,433.32955356148386
PT,PT,Lineage5,MASP2,3,0.25,0.006795985377562,540,424.84936042523736
PT,PT,Lineage5,MASP2,4,0.35,0.0047646735845747,332,201.0105077595712
PT,PT,Lineage5,MASP2,5,0.45,0.0037402722311171,197,131.2016206783867
PT,PT,Lineage5,MASP2,6,0.55,0.0022197097397876,77,56.1445837270891
PT,PT,Lineage5,MASP2,7,0.6500000000000001,0.0052741229510318,50,48.34756384820716
PT,PT,Lineage5,MASP2,8,0.75,0.0046080741552486,34,33.771334858429455
PT,PT,Lineage5,MASP2,9,0.8500000000000001,0.0042613299638035,23,22.225325994507436
PT,PT,Lineage5,MASP2,10,0.95,0.0040238853077376,23,23.0
PT,PT,Lineage6,MASP2,1,0.05,0.0105778651807477,154,143.89721539858016
PT,PT,Lineage6,MASP2,2,0.15,0.0037871315698657,299,236.03424365924823
PT,PT,Lineage6,MASP2,3,0.25,0.0043646953692109,260,222.2888809081952
PT,PT,Lineage6,MASP2,4,0.35,0.0037690085733439,240,216.9700322803281
PT,PT,Lineage6,MASP2,5,0.45,0.0040560852782909,200,173.57791074948216
PT,PT,Lineage6,MASP2,6,0.55,0.0045969108528172,284,252.22905095730775
PT,PT,Lineage6,MASP2,7,0.6500000000000001,0.0041517644672254,165,165.0
PT,PT,Lineage6,MASP2,8,0.75,0.0043218888444212,193,193.0
PT,PT,Lineage6,MASP2,9,0.8500000000000001,0.0076223642348362,100,94.52758047493109
PT,PT,Lineage6,MASP2,10,0.95,0.0078790576503771,77,60.49712959235555
PT,PT,Lineage7,MASP2,1,0.05,0.0082734866087689,229,210.71396790972477
PT,PT,Lineage7,MASP2,2,0.15,0.0036013038996913,265,235.78987949020433
PT,PT,Lineage7,MASP2,3,0.25,0.0044313814861806,203,202.32967544339283
PT,PT,Lineage7,MASP2,4,0.35,0.0038860735318012,564,357.2568283786706
PT,PT,Lineage7,MASP2,5,0.45,0.0053762566254598,129,123.313224974485
PT,PT,Lineage7,MASP2,6,0.55,0.0048812416335315,222,215.15909274101543
PT,PT,Lineage7,MASP2,7,0.6500000000000001,0.0055368550870274,352,328.2548314038918
PT,PT,Lineage7,MASP2,8,0.75,0.0067703237989917,253,248.86947849066132
PT,PT,Lineage7,MASP2,9,0.8500000000000001,0.005067853555897,104,103.91720943731887
PT,PT,Lineage7,MASP2,10,0.95,0.003280949834945,25,25.0
PT,PT,Lineage8,MASP2,1,0.05,0.0077971401729687,283,243.861858869527
PT,PT,Lineage8,MASP2,2,0.15,0.0040088211390657,366,298.864557479168
PT,PT,Lineage8,MASP2,3,0.25,0.003918271633525,308,280.7497752615346
PT,PT,Lineage8,MASP2,4,0.35,0.0050213395807468,208,197.34252500689797
PT,PT,Lineage8,MASP2,5,0.45,0.0064281426985677,130,129.6577084108946
PT,PT,Lineage8,MASP2,6,0.55,0.0025212275479106,65,64.70883078503329
PT,PT,Lineage8,MASP2,7,0.6500000000000001,0.0013120613309667,71,69.36211032228495
PT,PT,Lineage8,MASP2,8,0.75,0.0037543584543447,38,38.0
PT,PT,Lineage8,MASP2,9,0.8500000000000001,0.0029408856080046,27,27.0
PT,PT,Lineage8,MASP2,10,0.95,0.0049239357428355,34,34.0
PT,PT,Lineage9,MASP2,1,0.05,0.0108781043076195,149,139.01540152713133
PT,PT,Lineage9,MASP2,2,0.15,0.0046337654266351,339,247.97135830069257
PT,PT,Lineage9,MASP2,3,0.25,0.0032046616531916,123,117.41949502491028
PT,PT,Lineage9,MASP2,4,0.35,0.0067915433116337,131,119.48642283382205
PT,PT,Lineage9,MASP2,5,0.45,0.0059295869012468,72,70.8406739824326
PT,PT,Lineage9,MASP2,6,0.55,0.0082395091624471,60,60.0
PT,PT,Lineage9,MASP2,7,0.6500000000000001,0.0053485267152402,56,56.0
PT,PT,Lineage9,MASP2,8,0.75,0.0058747752346686,60,59.77233515030349
PT,PT,Lineage9,MASP2,9,0.8500000000000001,0.0163639097362935,35,34.40865010410188
PT,PT,Lineage9,MASP2,10,0.95,0.0,9,9.0
PT,PT,Lineage10,MASP2,1,0.05,0.0109794337633921,127,121.94203640035742
PT,PT,Lineage10,MASP2,2,0.15,0.0037094263036803,235,186.3499317993566
PT,PT,Lineage10,MASP2,3,0.25,0.0047180366979189,212,194.55863183093717
PT,PT,Lineage10,MASP2,4,0.35,0.0043709489216759,161,157.77531572035284
PT,PT,Lineage10,MASP2,5,0.45,0.0061504448266173,86,84.9432771760723
PT,PT,Lineage10,MASP2,6,0.55,0.0029051092276044,51,49.914921520569905
PT,PT,Lineage10,MASP2,7,0.6500000000000001,0.002147863305104,38,37.20480609719146
PT,PT,Lineage10,MASP2,8,0.75,0.00210351907231,44,43.73168956219897
PT,PT,Lineage10,MASP2,9,0.8500000000000001,0.0044105331715129,22,22.0
PT,PT,Lineage10,MASP2,10,0.95,0.0073820285314357,27,27.0
PT,PT,Lineage11,MASP2,1,0.05,0.0134904347253976,81,80.35157546507226
PT,PT,Lineage11,MASP2,2,0.15,0.0054535056671663,97,95.71596014277668
PT,PT,Lineage11,MASP2,3,0.25,0.0025853066400743,113,97.8670671200438
PT,PT,Lineage11,MASP2,4,0.35,0.0049965493732481,127,120.81313601222926
PT,PT,Lineage11,MASP2,5,0.45,0.003747847379612,142,142.0
PT,PT,Lineage11,MASP2,6,0.55,0.004368124060131,124,124.0
PT,PT,Lineage11,MASP2,7,0.6500000000000001,0.002665773069832,74,74.0
PT,PT,Lineage11,MASP2,8,0.75,0.0061845572061736,69,68.65074148827756
PT,PT,Lineage11,MASP2,9,0.8500000000000001,0.0041074479750833,22,21.708857808650315
PT,PT,Lineage11,MASP2,10,0.95,0.0,7,6.797247006847127
PT,PT,Lineage1,C3,1,0.05,0.0384601020728207,1249,968.05520541352
PT,PT,Lineage1,C3,2,0.15,0.1494507890238858,552,347.17207211972107
PT,PT,Lineage1,C3,3,0.25,0.205558828031616,415,362.2316899549579
PT,PT,Lineage1,C3,4,0.35,0.4213677054522983,298,291.86671911763847
PT,PT,Lineage1,C3,5,0.45,0.4949723240655846,214,214.0
PT,PT,Lineage1,C3,6,0.55,0.6678778809857966,144,144.0
PT,PT,Lineage1,C3,7,0.6500000000000001,0.8612494142595246,66,66.0
PT,PT,Lineage1,C3,8,0.75,0.6400146825859397,14,14.0
PT,PT,Lineage1,C3,9,0.8500000000000001,0.1943723309086689,36,36.0
PT,PT,Lineage1,C3,10,0.95,0.1672197636407029,38,38.0
PT,PT,Lineage2,C3,1,0.05,0.028235123699693,531,439.2674302593681
PT,PT,Lineage2,C3,2,0.15,0.0464581931552869,904,658.5647247615038
PT,PT,Lineage2,C3,3,0.25,0.1749469439725566,254,179.45508407137004
PT,PT,Lineage2,C3,4,0.35,0.1901080941480893,157,131.7975586839539
PT,PT,Lineage2,C3,5,0.45,0.1378087542665501,175,167.56585004340508
PT,PT,Lineage2,C3,6,0.55,0.2079606415887258,134,130.41830236371263
PT,PT,Lineage2,C3,7,0.6500000000000001,0.155671343188764,95,85.90914029140448
PT,PT,Lineage2,C3,8,0.75,0.1078896409836351,129,129.0
PT,PT,Lineage2,C3,9,0.8500000000000001,0.0992192082982548,128,128.0
PT,PT,Lineage2,C3,10,0.95,0.0658661026744795,20,20.0
PT,PT,Lineage3,C3,1,0.05,0.0288883245714703,517,427.2278725752045
PT,PT,Lineage3,C3,2,0.15,0.0459661993454734,900,662.5893266960761
PT,PT,Lineage3,C3,3,0.25,0.1716179968185274,269,179.76417810309016
PT,PT,Lineage3,C3,4,0.35,0.1787094062656719,162,130.73432867837596
PT,PT,Lineage3,C3,5,0.45,0.1338092388357905,180,169.86642041577562
PT,PT,Lineage3,C3,6,0.55,0.2442260939006816,155,141.63271721826248
PT,PT,Lineage3,C3,7,0.6500000000000001,0.2043472491149514,179,107.79195360971444
PT,PT,Lineage3,C3,8,0.75,0.3780134765311925,133,133.0
PT,PT,Lineage3,C3,9,0.8500000000000001,0.8768165395076151,61,61.0
PT,PT,Lineage3,C3,10,0.95,1.018584328546137,57,57.0
PT,PT,Lineage4,C3,1,0.05,0.0274526196986855,287,238.8565439072539
PT,PT,Lineage4,C3,2,0.15,0.0530332168296819,485,449.9064774059803
PT,PT,Lineage4,C3,3,0.25,0.1027025868855445,262,204.20559290380197
PT,PT,Lineage4,C3,4,0.35,0.202682705131399,154,113.71812210437758
PT,PT,Lineage4,C3,5,0.45,0.5174534345239011,289,285.37619856026345
PT,PT,Lineage4,C3,6,0.55,0.198471361410511,203,203.0
PT,PT,Lineage4,C3,7,0.6500000000000001,0.0431797012305088,228,204.58420859296663
PT,PT,Lineage4,C3,8,0.75,0.0222099494206199,286,272.71045654338775
PT,PT,Lineage4,C3,9,0.8500000000000001,0.0239846124748111,186,183.304830402454
PT,PT,Lineage4,C3,10,0.95,0.0173587773743308,120,115.95473945814668
PT,PT,Lineage5,C3,1,0.05,0.0256870195942343,290,257.0789487554607
PT,PT,Lineage5,C3,2,0.15,0.0397792373139196,519,433.32955356148386
PT,PT,Lineage5,C3,3,0.25,0.0493962978568175,540,424.84936042523736
PT,PT,Lineage5,C3,4,0.35,0.1067253681408006,332,201.0105077595712
PT,PT,Lineage5,C3,5,0.45,0.2319473697761507,197,131.2016206783867
PT,PT,Lineage5,C3,6,0.55,0.3782786179212725,77,56.1445837270891
PT,PT,Lineage5,C3,7,0.6500000000000001,0.3014004486646625,50,48.34756384820716
PT,PT,Lineage5,C3,8,0.75,0.2979616734421317,34,33.771334858429455
PT,PT,Lineage5,C3,9,0.8500000000000001,0.4507226494283616,23,22.225325994507436
PT,PT,Lineage5,C3,10,0.95,0.5918091964779546,23,23.0
PT,PT,Lineage6,C3,1,0.05,0.0227688119386033,154,143.89721539858016
PT,PT,Lineage6,C3,2,0.15,0.0334427782048102,299,236.03424365924823
PT,PT,Lineage6,C3,3,0.25,0.0332010890511979,260,222.2888809081952
PT,PT,Lineage6,C3,4,0.35,0.0343842219930056,240,216.9700322803281
PT,PT,Lineage6,C3,5,0.45,0.0416535213933489,200,173.57791074948216
PT,PT,Lineage6,C3,6,0.55,0.0574014051840328,284,252.22905095730775
PT,PT,Lineage6,C3,7,0.6500000000000001,0.0454066328955376,165,165.0
PT,PT,Lineage6,C3,8,0.75,0.0365267499769151,193,193.0
PT,PT,Lineage6,C3,9,0.8500000000000001,0.0243431058791236,100,94.52758047493109
PT,PT,Lineage6,C3,10,0.95,0.0245943274051457,77,60.49712959235555
PT,PT,Lineage7,C3,1,0.05,0.0255030428048391,229,210.71396790972477
PT,PT,Lineage7,C3,2,0.15,0.030534763214644,265,235.78987949020433
PT,PT,Lineage7,C3,3,0.25,0.0285675740421104,203,202.32967544339283
PT,PT,Lineage7,C3,4,0.35,0.0534888352117798,564,357.2568283786706
PT,PT,Lineage7,C3,5,0.45,0.0554210318623186,129,123.313224974485
PT,PT,Lineage7,C3,6,0.55,0.0602415701907626,222,215.15909274101543
PT,PT,Lineage7,C3,7,0.6500000000000001,0.0614125995081086,352,328.2548314038918
PT,PT,Lineage7,C3,8,0.75,0.0256899562407984,253,248.86947849066132
PT,PT,Lineage7,C3,9,0.8500000000000001,0.023029293674874,104,103.91720943731887
PT,PT,Lineage7,C3,10,0.95,0.016426286893561,25,25.0
PT,PT,Lineage8,C3,1,0.05,0.0263199691620141,283,243.861858869527
PT,PT,Lineage8,C3,2,0.15,0.0329777631039674,366,298.864557479168
PT,PT,Lineage8,C3,3,0.25,0.0369020257941465,308,280.7497752615346
PT,PT,Lineage8,C3,4,0.35,0.0613590600385611,208,197.34252500689797
PT,PT,Lineage8,C3,5,0.45,0.0713653832409163,130,129.6577084108946
PT,PT,Lineage8,C3,6,0.55,0.1221629938898799,65,64.70883078503329
PT,PT,Lineage8,C3,7,0.6500000000000001,0.1885945039530099,71,69.36211032228495
PT,PT,Lineage8,C3,8,0.75,0.2554618363332602,38,38.0
PT,PT,Lineage8,C3,9,0.8500000000000001,0.3734340127341232,27,27.0
PT,PT,Lineage8,C3,10,0.95,0.4080999942768395,34,34.0
PT,PT,Lineage9,C3,1,0.05,0.0207413868155437,149,139.01540152713133
PT,PT,Lineage9,C3,2,0.15,0.0336596812874416,339,247.97135830069257
PT,PT,Lineage9,C3,3,0.25,0.0276645803282158,123,117.41949502491028
PT,PT,Lineage9,C3,4,0.35,0.021875775240319,131,119.48642283382205
PT,PT,Lineage9,C3,5,0.45,0.0182426651340533,72,70.8406739824326
PT,PT,Lineage9,C3,6,0.55,0.015501290718526,60,60.0
PT,PT,Lineage9,C3,7,0.6500000000000001,0.0206421552989895,56,56.0
PT,PT,Lineage9,C3,8,0.75,0.029367345524357,60,59.77233515030349
PT,PT,Lineage9,C3,9,0.8500000000000001,0.0286034107340339,35,34.40865010410188
PT,PT,Lineage9,C3,10,0.95,0.0207065868594188,9,9.0
PT,PT,Lineage10,C3,1,0.05,0.02148468608997,127,121.94203640035742
PT,PT,Lineage10,C3,2,0.15,0.0309262898993657,235,186.3499317993566
PT,PT,Lineage10,C3,3,0.25,0.0336846786415728,212,194.55863183093717
PT,PT,Lineage10,C3,4,0.35,0.0620471851427787,161,157.77531572035284
PT,PT,Lineage10,C3,5,0.45,0.0597748502610452,86,84.9432771760723
PT,PT,Lineage10,C3,6,0.55,0.1351309974233182,51,49.914921520569905
PT,PT,Lineage10,C3,7,0.6500000000000001,0.1266018080043316,38,37.20480609719146
PT,PT,Lineage10,C3,8,0.75,0.1950437004836543,44,43.73168956219897
PT,PT,Lineage10,C3,9,0.8500000000000001,0.2658179311480753,22,22.0
PT,PT,Lineage10,C3,10,0.95,0.2681356748792196,27,27.0
PT,PT,Lineage11,C3,1,0.05,0.0208233864946285,81,80.35157546507226
PT,PT,Lineage11,C3,2,0.15,0.0250289309183297,97,95.71596014277668
PT,PT,Lineage11,C3,3,0.25,0.024715692186327,113,97.8670671200438
PT,PT,Lineage11,C3,4,0.35,0.0317310504185062,127,120.81313601222926
PT,PT,Lineage11,C3,5,0.45,0.0486917010172529,142,142.0
PT,PT,Lineage11,C3,6,0.55,0.0390966742253766,124,124.0
PT,PT,Lineage11,C3,7,0.6500000000000001,0.0314117759110277,74,74.0
PT,PT,Lineage11,C3,8,0.75,0.0181420464512958,69,68.65074148827756
PT,PT,Lineage11,C3,9,0.8500000000000001,0.0126450915843458,22,21.708857808650315
PT,PT,Lineage11,C3,10,0.95,0.0045961190462793,7,6.797247006847127
PT,PT,Lineage1,CFB,1,0.05,0.0603195391228962,1249,968.05520541352
PT,PT,Lineage1,CFB,2,0.15,0.1371662836330071,552,347.17207211972107
PT,PT,Lineage1,CFB,3,0.25,0.1214902122336964,415,362.2316899549579
PT,PT,Lineage1,CFB,4,0.35,0.1296086684949357,298,291.86671911763847
PT,PT,Lineage1,CFB,5,0.45,0.1983215392985252,214,214.0
PT,PT,Lineage1,CFB,6,0.55,0.3091377304511178,144,144.0
PT,PT,Lineage1,CFB,7,0.6500000000000001,0.3171616089466766,66,66.0
PT,PT,Lineage1,CFB,8,0.75,0.2534080857302014,14,14.0
PT,PT,Lineage1,CFB,9,0.8500000000000001,0.1813952964789856,36,36.0
PT,PT,Lineage1,CFB,10,0.95,0.1182333484274191,38,38.0
PT,PT,Lineage2,CFB,1,0.05,0.0572580697183027,531,439.2674302593681
PT,PT,Lineage2,CFB,2,0.15,0.0667494564248157,904,658.5647247615038
PT,PT,Lineage2,CFB,3,0.25,0.160631596663314,254,179.45508407137004
PT,PT,Lineage2,CFB,4,0.35,0.1443644807384529,157,131.7975586839539
PT,PT,Lineage2,CFB,5,0.45,0.127728631776171,175,167.56585004340508
PT,PT,Lineage2,CFB,6,0.55,0.134278312588721,134,130.41830236371263
PT,PT,Lineage2,CFB,7,0.6500000000000001,0.286491150637181,95,85.90914029140448
PT,PT,Lineage2,CFB,8,0.75,0.2004873633462756,129,129.0
PT,PT,Lineage2,CFB,9,0.8500000000000001,0.2410794378209368,128,128.0
PT,PT,Lineage2,CFB,10,0.95,0.1048137879163898,20,20.0
PT,PT,Lineage3,CFB,1,0.05,0.0557131111071637,517,427.2278725752045
PT,PT,Lineage3,CFB,2,0.15,0.0675479821676705,900,662.5893266960761
PT,PT,Lineage3,CFB,3,0.25,0.1566874223112726,269,179.76417810309016
PT,PT,Lineage3,CFB,4,0.35,0.1526123184566089,162,130.73432867837596
PT,PT,Lineage3,CFB,5,0.45,0.1324794395355207,180,169.86642041577562
PT,PT,Lineage3,CFB,6,0.55,0.1686967246608676,155,141.63271721826248
PT,PT,Lineage3,CFB,7,0.6500000000000001,0.4194355179677178,179,107.79195360971444
PT,PT,Lineage3,CFB,8,0.75,0.5443387439016543,133,133.0
PT,PT,Lineage3,CFB,9,0.8500000000000001,0.93143176692094,61,61.0
PT,PT,Lineage3,CFB,10,0.95,1.037844953468642,57,57.0
PT,PT,Lineage4,CFB,1,0.05,0.060281459040368,287,238.8565439072539
PT,PT,Lineage4,CFB,2,0.15,0.0657525296735597,485,449.9064774059803
PT,PT,Lineage4,CFB,3,0.25,0.1246023027279801,262,204.20559290380197
PT,PT,Lineage4,CFB,4,0.35,0.1414690041121078,154,113.71812210437758
PT,PT,Lineage4,CFB,5,0.45,0.2020336822343859,289,285.37619856026345
PT,PT,Lineage4,CFB,6,0.55,0.1451890553795403,203,203.0
PT,PT,Lineage4,CFB,7,0.6500000000000001,0.041246770045178,228,204.58420859296663
PT,PT,Lineage4,CFB,8,0.75,0.0451882119552325,286,272.71045654338775
PT,PT,Lineage4,CFB,9,0.8500000000000001,0.0466986378240879,186,183.304830402454
PT,PT,Lineage4,CFB,10,0.95,0.0735708257096295,120,115.95473945814668
PT,PT,Lineage5,CFB,1,0.05,0.0453690138037729,290,257.0789487554607
PT,PT,Lineage5,CFB,2,0.15,0.0693731052371942,519,433.32955356148386
PT,PT,Lineage5,CFB,3,0.25,0.0685663031595933,540,424.84936042523736
PT,PT,Lineage5,CFB,4,0.35,0.0974040354484847,332,201.0105077595712
PT,PT,Lineage5,CFB,5,0.45,0.1541259714497768,197,131.2016206783867
PT,PT,Lineage5,CFB,6,0.55,0.1854658003022501,77,56.1445837270891
PT,PT,Lineage5,CFB,7,0.6500000000000001,0.1147859324223061,50,48.34756384820716
PT,PT,Lineage5,CFB,8,0.75,0.1521172828767899,34,33.771334858429455
PT,PT,Lineage5,CFB,9,0.8500000000000001,0.1196143088814017,23,22.225325994507436
PT,PT,Lineage5,CFB,10,0.95,0.2121072521429498,23,23.0
PT,PT,Lineage6,CFB,1,0.05,0.0490675163861924,154,143.89721539858016
PT,PT,Lineage6,CFB,2,0.15,0.0603731023983249,299,236.03424365924823
PT,PT,Lineage6,CFB,3,0.25,0.0615368111302209,260,222.2888809081952
PT,PT,Lineage6,CFB,4,0.35,0.0599788235880651,240,216.9700322803281
PT,PT,Lineage6,CFB,5,0.45,0.0735654091564554,200,173.57791074948216
PT,PT,Lineage6,CFB,6,0.55,0.0953058144036415,284,252.22905095730775
PT,PT,Lineage6,CFB,7,0.6500000000000001,0.1022955746854367,165,165.0
PT,PT,Lineage6,CFB,8,0.75,0.0820100110143902,193,193.0
PT,PT,Lineage6,CFB,9,0.8500000000000001,0.0749086159662154,100,94.52758047493109
PT,PT,Lineage6,CFB,10,0.95,0.0968076275121878,77,60.49712959235555
PT,PT,Lineage7,CFB,1,0.05,0.050683044454468,229,210.71396790972477
PT,PT,Lineage7,CFB,2,0.15,0.0624104717597504,265,235.78987949020433
PT,PT,Lineage7,CFB,3,0.25,0.0535781325792264,203,202.32967544339283
PT,PT,Lineage7,CFB,4,0.35,0.0898367030820835,564,357.2568283786706
PT,PT,Lineage7,CFB,5,0.45,0.0901341327717406,129,123.313224974485
PT,PT,Lineage7,CFB,6,0.55,0.0725896961428147,222,215.15909274101543
PT,PT,Lineage7,CFB,7,0.6500000000000001,0.0679638442636573,352,328.2548314038918
PT,PT,Lineage7,CFB,8,0.75,0.0462666060125394,253,248.86947849066132
PT,PT,Lineage7,CFB,9,0.8500000000000001,0.0227168538814741,104,103.91720943731887
PT,PT,Lineage7,CFB,10,0.95,0.0139721961678191,25,25.0
PT,PT,Lineage8,CFB,1,0.05,0.0521084993608391,283,243.861858869527
PT,PT,Lineage8,CFB,2,0.15,0.0626995610527971,366,298.864557479168
PT,PT,Lineage8,CFB,3,0.25,0.0619344138600926,308,280.7497752615346
PT,PT,Lineage8,CFB,4,0.35,0.0846110578937701,208,197.34252500689797
PT,PT,Lineage8,CFB,5,0.45,0.0878683237497718,130,129.6577084108946
PT,PT,Lineage8,CFB,6,0.55,0.1852735376524648,65,64.70883078503329
PT,PT,Lineage8,CFB,7,0.6500000000000001,0.1794489421893853,71,69.36211032228495
PT,PT,Lineage8,CFB,8,0.75,0.1437687649212316,38,38.0
PT,PT,Lineage8,CFB,9,0.8500000000000001,0.1884930869606932,27,27.0
PT,PT,Lineage8,CFB,10,0.95,0.1962514806481048,34,34.0
PT,PT,Lineage9,CFB,1,0.05,0.050521759921417,149,139.01540152713133
PT,PT,Lineage9,CFB,2,0.15,0.0633035490462485,339,247.97135830069257
PT,PT,Lineage9,CFB,3,0.25,0.055582920487282,123,117.41949502491028
PT,PT,Lineage9,CFB,4,0.35,0.0605859603086184,131,119.48642283382205
PT,PT,Lineage9,CFB,5,0.45,0.0733497428530745,72,70.8406739824326
PT,PT,Lineage9,CFB,6,0.55,0.0538882157114948,60,60.0
PT,PT,Lineage9,CFB,7,0.6500000000000001,0.0651926187405288,56,56.0
PT,PT,Lineage9,CFB,8,0.75,0.0789847220039622,60,59.77233515030349
PT,PT,Lineage9,CFB,9,0.8500000000000001,0.0762898075636033,35,34.40865010410188
PT,PT,Lineage9,CFB,10,0.95,0.1096255679136899,9,9.0
PT,PT,Lineage10,CFB,1,0.05,0.0512318546002105,127,121.94203640035742
PT,PT,Lineage10,CFB,2,0.15,0.053535255553331,235,186.3499317993566
PT,PT,Lineage10,CFB,3,0.25,0.065103086599971,212,194.55863183093717
PT,PT,Lineage10,CFB,4,0.35,0.0696275279942739,161,157.77531572035284
PT,PT,Lineage10,CFB,5,0.45,0.0832938069950026,86,84.9432771760723
PT,PT,Lineage10,CFB,6,0.55,0.1754841457677556,51,49.914921520569905
PT,PT,Lineage10,CFB,7,0.6500000000000001,0.1552021106795537,38,37.20480609719146
PT,PT,Lineage10,CFB,8,0.75,0.1617529576755473,44,43.73168956219897
PT,PT,Lineage10,CFB,9,0.8500000000000001,0.1372196672338786,22,22.0
PT,PT,Lineage10,CFB,10,0.95,0.0957783357949586,27,27.0
PT,PT,Lineage11,CFB,1,0.05,0.0624278829437219,81,80.35157546507226
PT,PT,Lineage11,CFB,2,0.15,0.0337660374843401,97,95.71596014277668
PT,PT,Lineage11,CFB,3,0.25,0.0570286558534971,113,97.8670671200438
PT,PT,Lineage11,CFB,4,0.35,0.0649554852610391,127,120.81313601222926
PT,PT,Lineage11,CFB,5,0.45,0.0580348164425512,142,142.0
PT,PT,Lineage11,CFB,6,0.55,0.0691375706607987,124,124.0
PT,PT,Lineage11,CFB,7,0.6500000000000001,0.0642283179397102,74,74.0
PT,PT,Lineage11,CFB,8,0.75,0.0352707310891955,69,68.65074148827756
PT,PT,Lineage11,CFB,9,0.8500000000000001,0.0191963185436568,22,21.708857808650315
PT,PT,Lineage11,CFB,10,0.95,0.0289408520301077,7,6.797247006847127
PT,PT,Lineage1,CFD,1,0.05,0.0075644677970931,1249,968.05520541352
PT,PT,Lineage1,CFD,2,0.15,0.01003177665212,552,347.17207211972107
PT,PT,Lineage1,CFD,3,0.25,0.0134339787078257,415,362.2316899549579
PT,PT,Lineage1,CFD,4,0.35,0.017456325312418,298,291.86671911763847
PT,PT,Lineage1,CFD,5,0.45,0.018213665688467,214,214.0
PT,PT,Lineage1,CFD,6,0.55,0.0268527986723019,144,144.0
PT,PT,Lineage1,CFD,7,0.6500000000000001,0.0205869655848753,66,66.0
PT,PT,Lineage1,CFD,8,0.75,0.0076573521232403,14,14.0
PT,PT,Lineage1,CFD,9,0.8500000000000001,0.0022083767553801,36,36.0
PT,PT,Lineage1,CFD,10,0.95,0.0,38,38.0
PT,PT,Lineage2,CFD,1,0.05,0.008304097024855,531,439.2674302593681
PT,PT,Lineage2,CFD,2,0.15,0.0072391026607353,904,658.5647247615038
PT,PT,Lineage2,CFD,3,0.25,0.0107811729638641,254,179.45508407137004
PT,PT,Lineage2,CFD,4,0.35,0.0106634232291676,157,131.7975586839539
PT,PT,Lineage2,CFD,5,0.45,0.0217569801726119,175,167.56585004340508
PT,PT,Lineage2,CFD,6,0.55,0.0191416168009553,134,130.41830236371263
PT,PT,Lineage2,CFD,7,0.6500000000000001,0.0116220036570221,95,85.90914029140448
PT,PT,Lineage2,CFD,8,0.75,0.0484489279639644,129,129.0
PT,PT,Lineage2,CFD,9,0.8500000000000001,0.0229356215756661,128,128.0
PT,PT,Lineage2,CFD,10,0.95,0.0321999349828919,20,20.0
PT,PT,Lineage3,CFD,1,0.05,0.0083267932788689,517,427.2278725752045
PT,PT,Lineage3,CFD,2,0.15,0.0072703469512958,900,662.5893266960761
PT,PT,Lineage3,CFD,3,0.25,0.0110596159565708,269,179.76417810309016
PT,PT,Lineage3,CFD,4,0.35,0.0102404859173369,162,130.73432867837596
PT,PT,Lineage3,CFD,5,0.45,0.0221266040967285,180,169.86642041577562
PT,PT,Lineage3,CFD,6,0.55,0.0166328820498332,155,141.63271721826248
PT,PT,Lineage3,CFD,7,0.6500000000000001,0.0462067218390419,179,107.79195360971444
PT,PT,Lineage3,CFD,8,0.75,0.0657334335101507,133,133.0
PT,PT,Lineage3,CFD,9,0.8500000000000001,0.0368161448587488,61,61.0
PT,PT,Lineage3,CFD,10,0.95,0.0332003482208235,57,57.0
PT,PT,Lineage4,CFD,1,0.05,0.0091638166553241,287,238.8565439072539
PT,PT,Lineage4,CFD,2,0.15,0.0075699880279318,485,449.9064774059803
PT,PT,Lineage4,CFD,3,0.25,0.0103991903393896,262,204.20559290380197
PT,PT,Lineage4,CFD,4,0.35,0.0215609011619678,154,113.71812210437758
PT,PT,Lineage4,CFD,5,0.45,0.009334790731686,289,285.37619856026345
PT,PT,Lineage4,CFD,6,0.55,0.0074050285001139,203,203.0
PT,PT,Lineage4,CFD,7,0.6500000000000001,0.0081297358456562,228,204.58420859296663
PT,PT,Lineage4,CFD,8,0.75,0.004342120963704,286,272.71045654338775
PT,PT,Lineage4,CFD,9,0.8500000000000001,0.0071657537488598,186,183.304830402454
PT,PT,Lineage4,CFD,10,0.95,0.0086501436135997,120,115.95473945814668
PT,PT,Lineage5,CFD,1,0.05,0.0096097460878942,290,257.0789487554607
PT,PT,Lineage5,CFD,2,0.15,0.0065276519667978,519,433.32955356148386
PT,PT,Lineage5,CFD,3,0.25,0.008203031892397,540,424.84936042523736
PT,PT,Lineage5,CFD,4,0.35,0.0110023577609503,332,201.0105077595712
PT,PT,Lineage5,CFD,5,0.45,0.0168351723740365,197,131.2016206783867
PT,PT,Lineage5,CFD,6,0.55,0.0114282417577653,77,56.1445837270891
PT,PT,Lineage5,CFD,7,0.6500000000000001,0.012841119609653,50,48.34756384820716
PT,PT,Lineage5,CFD,8,0.75,0.0154268414948457,34,33.771334858429455
PT,PT,Lineage5,CFD,9,0.8500000000000001,0.0196804060730227,23,22.225325994507436
PT,PT,Lineage5,CFD,10,0.95,0.0222912049928448,23,23.0
PT,PT,Lineage6,CFD,1,0.05,0.0073318978701742,154,143.89721539858016
PT,PT,Lineage6,CFD,2,0.15,0.0078215060741904,299,236.03424365924823
PT,PT,Lineage6,CFD,3,0.25,0.0068180182178836,260,222.2888809081952
PT,PT,Lineage6,CFD,4,0.35,0.008890849775156,240,216.9700322803281
PT,PT,Lineage6,CFD,5,0.45,0.0071379506924578,200,173.57791074948216
PT,PT,Lineage6,CFD,6,0.55,0.0085188200289329,284,252.22905095730775
PT,PT,Lineage6,CFD,7,0.6500000000000001,0.0144309711900607,165,165.0
PT,PT,Lineage6,CFD,8,0.75,0.010273613061259,193,193.0
PT,PT,Lineage6,CFD,9,0.8500000000000001,0.0024807928325793,100,94.52758047493109
PT,PT,Lineage6,CFD,10,0.95,0.0088914493875127,77,60.49712959235555
PT,PT,Lineage7,CFD,1,0.05,0.008335717261385,229,210.71396790972477
PT,PT,Lineage7,CFD,2,0.15,0.0083174120906273,265,235.78987949020433
PT,PT,Lineage7,CFD,3,0.25,0.0079115746294591,203,202.32967544339283
PT,PT,Lineage7,CFD,4,0.35,0.0099297284679619,564,357.2568283786706
PT,PT,Lineage7,CFD,5,0.45,0.0088155401361066,129,123.313224974485
PT,PT,Lineage7,CFD,6,0.55,0.0080796376165566,222,215.15909274101543
PT,PT,Lineage7,CFD,7,0.6500000000000001,0.0076862012189633,352,328.2548314038918
PT,PT,Lineage7,CFD,8,0.75,0.0062144955111656,253,248.86947849066132
PT,PT,Lineage7,CFD,9,0.8500000000000001,0.0021303072966043,104,103.91720943731887
PT,PT,Lineage7,CFD,10,0.95,0.0011099245618107,25,25.0
PT,PT,Lineage8,CFD,1,0.05,0.0080582318294025,283,243.861858869527
PT,PT,Lineage8,CFD,2,0.15,0.0076835307180681,366,298.864557479168
PT,PT,Lineage8,CFD,3,0.25,0.0077109702360569,308,280.7497752615346
PT,PT,Lineage8,CFD,4,0.35,0.0108498559476766,208,197.34252500689797
PT,PT,Lineage8,CFD,5,0.45,0.0108523912809268,130,129.6577084108946
PT,PT,Lineage8,CFD,6,0.55,0.0121572014839915,65,64.70883078503329
PT,PT,Lineage8,CFD,7,0.6500000000000001,0.0131345530202008,71,69.36211032228495
PT,PT,Lineage8,CFD,8,0.75,0.0053508634062848,38,38.0
PT,PT,Lineage8,CFD,9,0.8500000000000001,0.0145159879986639,27,27.0
PT,PT,Lineage8,CFD,10,0.95,0.0193208169842239,34,34.0
PT,PT,Lineage9,CFD,1,0.05,0.0073485254469736,149,139.01540152713133
PT,PT,Lineage9,CFD,2,0.15,0.0064851010452342,339,247.97135830069257
PT,PT,Lineage9,CFD,3,0.25,0.0114759897620743,123,117.41949502491028
PT,PT,Lineage9,CFD,4,0.35,0.0065761262176342,131,119.48642283382205
PT,PT,Lineage9,CFD,5,0.45,0.005961117836418,72,70.8406739824326
PT,PT,Lineage9,CFD,6,0.55,0.0163023622890007,60,60.0
PT,PT,Lineage9,CFD,7,0.6500000000000001,0.0053287849723992,56,56.0
PT,PT,Lineage9,CFD,8,0.75,0.0072574692868186,60,59.77233515030349
PT,PT,Lineage9,CFD,9,0.8500000000000001,0.00537250866798,35,34.40865010410188
PT,PT,Lineage9,CFD,10,0.95,0.0,9,9.0
PT,PT,Lineage10,CFD,1,0.05,0.0082962904566689,127,121.94203640035742
PT,PT,Lineage10,CFD,2,0.15,0.0069518627393488,235,186.3499317993566
PT,PT,Lineage10,CFD,3,0.25,0.0084894957421148,212,194.55863183093717
PT,PT,Lineage10,CFD,4,0.35,0.0092343244196852,161,157.77531572035284
PT,PT,Lineage10,CFD,5,0.45,0.0129683396347426,86,84.9432771760723
PT,PT,Lineage10,CFD,6,0.55,0.0035834702262745,51,49.914921520569905
PT,PT,Lineage10,CFD,7,0.6500000000000001,0.0050060883361378,38,37.20480609719146
PT,PT,Lineage10,CFD,8,0.75,0.0161506037909183,44,43.73168956219897
PT,PT,Lineage10,CFD,9,0.8500000000000001,0.0065927055992459,22,22.0
PT,PT,Lineage10,CFD,10,0.95,0.0140021594958127,27,27.0
PT,PT,Lineage11,CFD,1,0.05,0.007385303330031,81,80.35157546507226
PT,PT,Lineage11,CFD,2,0.15,0.0091474803761154,97,95.71596014277668
PT,PT,Lineage11,CFD,3,0.25,0.0096328652491293,113,97.8670671200438
PT,PT,Lineage11,CFD,4,0.35,0.0078449747116909,127,120.81313601222926
PT,PT,Lineage11,CFD,5,0.45,0.0101548488211295,142,142.0
PT,PT,Lineage11,CFD,6,0.55,0.003320326844603,124,124.0
PT,PT,Lineage11,CFD,7,0.6500000000000001,0.0062550980547622,74,74.0
PT,PT,Lineage11,CFD,8,0.75,0.0073711714088864,69,68.65074148827756
PT,PT,Lineage11,CFD,9,0.8500000000000001,0.0048281998718951,22,21.708857808650315
PT,PT,Lineage11,CFD,10,0.95,0.0020585114621583,7,6.797247006847127
PT,PT,Lineage1,CFP,1,0.05,0.0047715959831954,1249,968.05520541352
PT,PT,Lineage1,CFP,2,0.15,0.0049600203850024,552,347.17207211972107
PT,PT,Lineage1,CFP,3,0.25,0.0040766937509529,415,362.2316899549579
PT,PT,Lineage1,CFP,4,0.35,0.002409353347591,298,291.86671911763847
PT,PT,Lineage1,CFP,5,0.45,0.0047864847118395,214,214.0
PT,PT,Lineage1,CFP,6,0.55,0.003964206796671,144,144.0
PT,PT,Lineage1,CFP,7,0.6500000000000001,0.0037928229052817,66,66.0
PT,PT,Lineage1,CFP,8,0.75,0.0,14,14.0
PT,PT,Lineage1,CFP,9,0.8500000000000001,0.0018482356506335,36,36.0
PT,PT,Lineage1,CFP,10,0.95,0.0019983999869321,38,38.0
PT,PT,Lineage2,CFP,1,0.05,0.0044877541873333,531,439.2674302593681
PT,PT,Lineage2,CFP,2,0.15,0.0048395629376291,904,658.5647247615038
PT,PT,Lineage2,CFP,3,0.25,0.0023825864209107,254,179.45508407137004
PT,PT,Lineage2,CFP,4,0.35,0.009417870256466,157,131.7975586839539
PT,PT,Lineage2,CFP,5,0.45,0.0042553369945562,175,167.56585004340508
PT,PT,Lineage2,CFP,6,0.55,0.0039628245369105,134,130.41830236371263
PT,PT,Lineage2,CFP,7,0.6500000000000001,0.0015596932505796,95,85.90914029140448
PT,PT,Lineage2,CFP,8,0.75,0.0015231726385836,129,129.0
PT,PT,Lineage2,CFP,9,0.8500000000000001,0.0,128,128.0
PT,PT,Lineage2,CFP,10,0.95,0.0,20,20.0
PT,PT,Lineage3,CFP,1,0.05,0.0046137774481331,517,427.2278725752045
PT,PT,Lineage3,CFP,2,0.15,0.0047666454994483,900,662.5893266960761
PT,PT,Lineage3,CFP,3,0.25,0.0022398342597424,269,179.76417810309016
PT,PT,Lineage3,CFP,4,0.35,0.0085977013102266,162,130.73432867837596
PT,PT,Lineage3,CFP,5,0.45,0.0043562342707247,180,169.86642041577562
PT,PT,Lineage3,CFP,6,0.55,0.0049806017548938,155,141.63271721826248
PT,PT,Lineage3,CFP,7,0.6500000000000001,0.0121120799142643,179,107.79195360971444
PT,PT,Lineage3,CFP,8,0.75,0.0,133,133.0
PT,PT,Lineage3,CFP,9,0.8500000000000001,0.0,61,61.0
PT,PT,Lineage3,CFP,10,0.95,0.0065074623991836,57,57.0
PT,PT,Lineage4,CFP,1,0.05,0.0039552878687852,287,238.8565439072539
PT,PT,Lineage4,CFP,2,0.15,0.0049290007360714,485,449.9064774059803
PT,PT,Lineage4,CFP,3,0.25,0.0042248533019467,262,204.20559290380197
PT,PT,Lineage4,CFP,4,0.35,0.001732233664591,154,113.71812210437758
PT,PT,Lineage4,CFP,5,0.45,0.0022985763025358,289,285.37619856026345
PT,PT,Lineage4,CFP,6,0.55,0.0009731329392052,203,203.0
PT,PT,Lineage4,CFP,7,0.6500000000000001,0.0024760797273756,228,204.58420859296663
PT,PT,Lineage4,CFP,8,0.75,0.0050272882262373,286,272.71045654338775
PT,PT,Lineage4,CFP,9,0.8500000000000001,0.0044380111097009,186,183.304830402454
PT,PT,Lineage4,CFP,10,0.95,0.0056982792777446,120,115.95473945814668
PT,PT,Lineage5,CFP,1,0.05,0.0046411305796492,290,257.0789487554607
PT,PT,Lineage5,CFP,2,0.15,0.0040431406449156,519,433.32955356148386
PT,PT,Lineage5,CFP,3,0.25,0.0055487649785743,540,424.84936042523736
PT,PT,Lineage5,CFP,4,0.35,0.0024816359456437,332,201.0105077595712
PT,PT,Lineage5,CFP,5,0.45,0.0008194205334589,197,131.2016206783867
PT,PT,Lineage5,CFP,6,0.55,0.0035360395268949,77,56.1445837270891
PT,PT,Lineage5,CFP,7,0.6500000000000001,0.0038649167830058,50,48.34756384820716
PT,PT,Lineage5,CFP,8,0.75,0.0023543942445962,34,33.771334858429455
PT,PT,Lineage5,CFP,9,0.8500000000000001,0.0021643526411906,23,22.225325994507436
PT,PT,Lineage5,CFP,10,0.95,0.0010661125125524,23,23.0
PT,PT,Lineage6,CFP,1,0.05,0.0035645319743567,154,143.89721539858016
PT,PT,Lineage6,CFP,2,0.15,0.0052930443514612,299,236.03424365924823
PT,PT,Lineage6,CFP,3,0.25,0.0033575451544945,260,222.2888809081952
PT,PT,Lineage6,CFP,4,0.35,0.0062302102030277,240,216.9700322803281
PT,PT,Lineage6,CFP,5,0.45,0.0023999566708474,200,173.57791074948216
PT,PT,Lineage6,CFP,6,0.55,0.0045796941977126,284,252.22905095730775
PT,PT,Lineage6,CFP,7,0.6500000000000001,0.0047441640762798,165,165.0
PT,PT,Lineage6,CFP,8,0.75,0.0079064012441223,193,193.0
PT,PT,Lineage6,CFP,9,0.8500000000000001,0.0050850761986668,100,94.52758047493109
PT,PT,Lineage6,CFP,10,0.95,0.000869480262958,77,60.49712959235555
PT,PT,Lineage7,CFP,1,0.05,0.0046697534261095,229,210.71396790972477
PT,PT,Lineage7,CFP,2,0.15,0.0046555670492564,265,235.78987949020433
PT,PT,Lineage7,CFP,3,0.25,0.0058817386982195,203,202.32967544339283
PT,PT,Lineage7,CFP,4,0.35,0.0040760833481593,564,357.2568283786706
PT,PT,Lineage7,CFP,5,0.45,0.0027801254054485,129,123.313224974485
PT,PT,Lineage7,CFP,6,0.55,0.0042017905769949,222,215.15909274101543
PT,PT,Lineage7,CFP,7,0.6500000000000001,0.0057212258873921,352,328.2548314038918
PT,PT,Lineage7,CFP,8,0.75,0.004981611057793,253,248.86947849066132
PT,PT,Lineage7,CFP,9,0.8500000000000001,0.0026789955014187,104,103.91720943731887
PT,PT,Lineage7,CFP,10,0.95,0.0015530556903675,25,25.0
PT,PT,Lineage8,CFP,1,0.05,0.0050275832585729,283,243.861858869527
PT,PT,Lineage8,CFP,2,0.15,0.0035488686189166,366,298.864557479168
PT,PT,Lineage8,CFP,3,0.25,0.0049965151013139,308,280.7497752615346
PT,PT,Lineage8,CFP,4,0.35,0.0021461502002598,208,197.34252500689797
PT,PT,Lineage8,CFP,5,0.45,0.0044964820610955,130,129.6577084108946
PT,PT,Lineage8,CFP,6,0.55,0.0034375384409608,65,64.70883078503329
PT,PT,Lineage8,CFP,7,0.6500000000000001,0.0006906157919091,71,69.36211032228495
PT,PT,Lineage8,CFP,8,0.75,0.0016147597621224,38,38.0
PT,PT,Lineage8,CFP,9,0.8500000000000001,0.0,27,27.0
PT,PT,Lineage8,CFP,10,0.95,0.0012557623293085,34,34.0
PT,PT,Lineage9,CFP,1,0.05,0.0045380372314317,149,139.01540152713133
PT,PT,Lineage9,CFP,2,0.15,0.0042648820332184,339,247.97135830069257
PT,PT,Lineage9,CFP,3,0.25,0.0061023071839519,123,117.41949502491028
PT,PT,Lineage9,CFP,4,0.35,0.0045751628041601,131,119.48642283382205
PT,PT,Lineage9,CFP,5,0.45,0.0062001054414737,72,70.8406739824326
PT,PT,Lineage9,CFP,6,0.55,0.0044503519226001,60,60.0
PT,PT,Lineage9,CFP,7,0.6500000000000001,0.0106133920579893,56,56.0
PT,PT,Lineage9,CFP,8,0.75,0.00040304487231,60,59.77233515030349
PT,PT,Lineage9,CFP,9,0.8500000000000001,0.0021502844513173,35,34.40865010410188
PT,PT,Lineage9,CFP,10,0.95,0.0256664519068139,9,9.0
PT,PT,Lineage10,CFP,1,0.05,0.0036556302053836,127,121.94203640035742
PT,PT,Lineage10,CFP,2,0.15,0.0057050541593648,235,186.3499317993566
PT,PT,Lineage10,CFP,3,0.25,0.002965926749652,212,194.55863183093717
PT,PT,Lineage10,CFP,4,0.35,0.0049352509436553,161,157.77531572035284
PT,PT,Lineage10,CFP,5,0.45,0.0035388817570821,86,84.9432771760723
PT,PT,Lineage10,CFP,6,0.55,0.0018843226123327,51,49.914921520569905
PT,PT,Lineage10,CFP,7,0.6500000000000001,0.0010109941415751,38,37.20480609719146
PT,PT,Lineage10,CFP,8,0.75,0.0013079895491237,44,43.73168956219897
PT,PT,Lineage10,CFP,9,0.8500000000000001,0.0403143369615629,22,22.0
PT,PT,Lineage10,CFP,10,0.95,0.0104848942744238,27,27.0
PT,PT,Lineage11,CFP,1,0.05,0.003677424744586,81,80.35157546507226
PT,PT,Lineage11,CFP,2,0.15,0.0047775821710078,97,95.71596014277668
PT,PT,Lineage11,CFP,3,0.25,0.00539434495603,113,97.8670671200438
PT,PT,Lineage11,CFP,4,0.35,0.0037554252179782,127,120.81313601222926
PT,PT,Lineage11,CFP,5,0.45,0.0015857404843788,142,142.0
PT,PT,Lineage11,CFP,6,0.55,0.0052108096813819,124,124.0
PT,PT,Lineage11,CFP,7,0.6500000000000001,0.0025957641506278,74,74.0
PT,PT,Lineage11,CFP,8,0.75,0.0068716407729288,69,68.65074148827756
PT,PT,Lineage11,CFP,9,0.8500000000000001,0.0031690567111918,22,21.708857808650315
PT,PT,Lineage11,CFP,10,0.95,0.0047487118171949,7,6.797247006847127
PT,PT,Lineage1,C5,1,0.05,0.1985943941398245,1249,968.05520541352
PT,PT,Lineage1,C5,2,0.15,0.2016911280407183,552,347.17207211972107
PT,PT,Lineage1,C5,3,0.25,0.1284416304236856,415,362.2316899549579
PT,PT,Lineage1,C5,4,0.35,0.1232493347735213,298,291.86671911763847
PT,PT,Lineage1,C5,5,0.45,0.1159816876154684,214,214.0
PT,PT,Lineage1,C5,6,0.55,0.1072851287261621,144,144.0
PT,PT,Lineage1,C5,7,0.6500000000000001,0.0915931326596848,66,66.0
PT,PT,Lineage1,C5,8,0.75,0.0508232779958275,14,14.0
PT,PT,Lineage1,C5,9,0.8500000000000001,0.0224913910638689,36,36.0
PT,PT,Lineage1,C5,10,0.95,0.0284047833349973,38,38.0
PT,PT,Lineage2,C5,1,0.05,0.1733780495652271,531,439.2674302593681
PT,PT,Lineage2,C5,2,0.15,0.2273014394422411,904,658.5647247615038
PT,PT,Lineage2,C5,3,0.25,0.2083199190509472,254,179.45508407137004
PT,PT,Lineage2,C5,4,0.35,0.1030276391604484,157,131.7975586839539
PT,PT,Lineage2,C5,5,0.45,0.1185646422219292,175,167.56585004340508
PT,PT,Lineage2,C5,6,0.55,0.0824533112456863,134,130.41830236371263
PT,PT,Lineage2,C5,7,0.6500000000000001,0.1064507752043048,95,85.90914029140448
PT,PT,Lineage2,C5,8,0.75,0.0626962389462848,129,129.0
PT,PT,Lineage2,C5,9,0.8500000000000001,0.0924410928563074,128,128.0
PT,PT,Lineage2,C5,10,0.95,0.0477684312515068,20,20.0
PT,PT,Lineage3,C5,1,0.05,0.1720954610224405,517,427.2278725752045
PT,PT,Lineage3,C5,2,0.15,0.2264108352179979,900,662.5893266960761
PT,PT,Lineage3,C5,3,0.25,0.2122017189002261,269,179.76417810309016
PT,PT,Lineage3,C5,4,0.35,0.1055704140118739,162,130.73432867837596
PT,PT,Lineage3,C5,5,0.45,0.1233801418979069,180,169.86642041577562
PT,PT,Lineage3,C5,6,0.55,0.0805162372106496,155,141.63271721826248
PT,PT,Lineage3,C5,7,0.6500000000000001,0.1120148307849436,179,107.79195360971444
PT,PT,Lineage3,C5,8,0.75,0.0643588701090833,133,133.0
PT,PT,Lineage3,C5,9,0.8500000000000001,0.1348316973010228,61,61.0
PT,PT,Lineage3,C5,10,0.95,0.1783808634710749,57,57.0
PT,PT,Lineage4,C5,1,0.05,0.1742137218398674,287,238.8565439072539
PT,PT,Lineage4,C5,2,0.15,0.2190797679037906,485,449.9064774059803
PT,PT,Lineage4,C5,3,0.25,0.2492382526660488,262,204.20559290380197
PT,PT,Lineage4,C5,4,0.35,0.2069649037934463,154,113.71812210437758
PT,PT,Lineage4,C5,5,0.45,0.2099415600108278,289,285.37619856026345
PT,PT,Lineage4,C5,6,0.55,0.2565630850262,203,203.0
PT,PT,Lineage4,C5,7,0.6500000000000001,0.2870001776750732,228,204.58420859296663
PT,PT,Lineage4,C5,8,0.75,0.1976897670654833,286,272.71045654338775
PT,PT,Lineage4,C5,9,0.8500000000000001,0.1551975398453716,186,183.304830402454
PT,PT,Lineage4,C5,10,0.95,0.1403444721253543,120,115.95473945814668
PT,PT,Lineage5,C5,1,0.05,0.1508525641886435,290,257.0789487554607
PT,PT,Lineage5,C5,2,0.15,0.2119667086758604,519,433.32955356148386
PT,PT,Lineage5,C5,3,0.25,0.2310288815681168,540,424.84936042523736
PT,PT,Lineage5,C5,4,0.35,0.2687396681974102,332,201.0105077595712
PT,PT,Lineage5,C5,5,0.45,0.2137976453083821,197,131.2016206783867
PT,PT,Lineage5,C5,6,0.55,0.1519147471675437,77,56.1445837270891
PT,PT,Lineage5,C5,7,0.6500000000000001,0.1419465502517415,50,48.34756384820716
PT,PT,Lineage5,C5,8,0.75,0.1401780168835039,34,33.771334858429455
PT,PT,Lineage5,C5,9,0.8500000000000001,0.0849123797124668,23,22.225325994507436
PT,PT,Lineage5,C5,10,0.95,0.1424806973610168,23,23.0
PT,PT,Lineage6,C5,1,0.05,0.155297111807327,154,143.89721539858016
PT,PT,Lineage6,C5,2,0.15,0.1774233362195627,299,236.03424365924823
PT,PT,Lineage6,C5,3,0.25,0.1912463595186822,260,222.2888809081952
PT,PT,Lineage6,C5,4,0.35,0.1509993779959012,240,216.9700322803281
PT,PT,Lineage6,C5,5,0.45,0.1194429691272468,200,173.57791074948216
PT,PT,Lineage6,C5,6,0.55,0.0772150606143422,284,252.22905095730775
PT,PT,Lineage6,C5,7,0.6500000000000001,0.0606841086180979,165,165.0
PT,PT,Lineage6,C5,8,0.75,0.0621796957974368,193,193.0
PT,PT,Lineage6,C5,9,0.8500000000000001,0.0510792665481405,100,94.52758047493109
PT,PT,Lineage6,C5,10,0.95,0.0562370543764803,77,60.49712959235555
PT,PT,Lineage7,C5,1,0.05,0.1555666857986855,229,210.71396790972477
PT,PT,Lineage7,C5,2,0.15,0.1800343683547982,265,235.78987949020433
PT,PT,Lineage7,C5,3,0.25,0.1644594916559084,203,202.32967544339283
PT,PT,Lineage7,C5,4,0.35,0.086217369336146,564,357.2568283786706
PT,PT,Lineage7,C5,5,0.45,0.1306661532696615,129,123.313224974485
PT,PT,Lineage7,C5,6,0.55,0.2042886018874008,222,215.15909274101543
PT,PT,Lineage7,C5,7,0.6500000000000001,0.2278205790784323,352,328.2548314038918
PT,PT,Lineage7,C5,8,0.75,0.2207650064709758,253,248.86947849066132
PT,PT,Lineage7,C5,9,0.8500000000000001,0.2455038663495573,104,103.91720943731887
PT,PT,Lineage7,C5,10,0.95,0.2907824499363697,25,25.0
PT,PT,Lineage8,C5,1,0.05,0.1578690677143481,283,243.861858869527
PT,PT,Lineage8,C5,2,0.15,0.1938613566382674,366,298.864557479168
PT,PT,Lineage8,C5,3,0.25,0.1538212352210909,308,280.7497752615346
PT,PT,Lineage8,C5,4,0.35,0.1086847284173781,208,197.34252500689797
PT,PT,Lineage8,C5,5,0.45,0.0979005198509406,130,129.6577084108946
PT,PT,Lineage8,C5,6,0.55,0.1085005460023568,65,64.70883078503329
PT,PT,Lineage8,C5,7,0.6500000000000001,0.1325233515263107,71,69.36211032228495
PT,PT,Lineage8,C5,8,0.75,0.1356499133442165,38,38.0
PT,PT,Lineage8,C5,9,0.8500000000000001,0.175347806263846,27,27.0
PT,PT,Lineage8,C5,10,0.95,0.1584614358774666,34,34.0
PT,PT,Lineage9,C5,1,0.05,0.1512922835588921,149,139.01540152713133
PT,PT,Lineage9,C5,2,0.15,0.1892331158877368,339,247.97135830069257
PT,PT,Lineage9,C5,3,0.25,0.1463616254952507,123,117.41949502491028
PT,PT,Lineage9,C5,4,0.35,0.1337274627102847,131,119.48642283382205
PT,PT,Lineage9,C5,5,0.45,0.1294961154328645,72,70.8406739824326
PT,PT,Lineage9,C5,6,0.55,0.083283445572201,60,60.0
PT,PT,Lineage9,C5,7,0.6500000000000001,0.1050021950374996,56,56.0
PT,PT,Lineage9,C5,8,0.75,0.0578478268509847,60,59.77233515030349
PT,PT,Lineage9,C5,9,0.8500000000000001,0.0384647329587142,35,34.40865010410188
PT,PT,Lineage9,C5,10,0.95,0.0570842473787294,9,9.0
PT,PT,Lineage10,C5,1,0.05,0.1519137656850789,127,121.94203640035742
PT,PT,Lineage10,C5,2,0.15,0.166701167188149,235,186.3499317993566
PT,PT,Lineage10,C5,3,0.25,0.2087692126687744,212,194.55863183093717
PT,PT,Lineage10,C5,4,0.35,0.2280357713546749,161,157.77531572035284
PT,PT,Lineage10,C5,5,0.45,0.2062166798472934,86,84.9432771760723
PT,PT,Lineage10,C5,6,0.55,0.1689747487327044,51,49.914921520569905
PT,PT,Lineage10,C5,7,0.6500000000000001,0.1575533210299754,38,37.20480609719146
PT,PT,Lineage10,C5,8,0.75,0.1363321233094239,44,43.73168956219897
PT,PT,Lineage10,C5,9,0.8500000000000001,0.1279992516149864,22,22.0
PT,PT,Lineage10,C5,10,0.95,0.1249702270837245,27,27.0
PT,PT,Lineage11,C5,1,0.05,0.1537155009598874,81,80.35157546507226
PT,PT,Lineage11,C5,2,0.15,0.146040264189669,97,95.71596014277668
PT,PT,Lineage11,C5,3,0.25,0.1587204713471126,113,97.8670671200438
PT,PT,Lineage11,C5,4,0.35,0.205677070036804,127,120.81313601222926
PT,PT,Lineage11,C5,5,0.45,0.2277312228442068,142,142.0
PT,PT,Lineage11,C5,6,0.55,0.2001937448332242,124,124.0
PT,PT,Lineage11,C5,7,0.6500000000000001,0.1781566105588372,74,74.0
PT,PT,Lineage11,C5,8,0.75,0.1734161826483083,69,68.65074148827756
PT,PT,Lineage11,C5,9,0.8500000000000001,0.1649759513625298,22,21.708857808650315
PT,PT,Lineage11,C5,10,0.95,0.1364520806455844,7,6.797247006847127
PT,PT,Lineage1,C6,1,0.05,0.0905960073837582,1249,968.05520541352
PT,PT,Lineage1,C6,2,0.15,0.0725079070349591,552,347.17207211972107
PT,PT,Lineage1,C6,3,0.25,0.1130984161516391,415,362.2316899549579
PT,PT,Lineage1,C6,4,0.35,0.1005332715091134,298,291.86671911763847
PT,PT,Lineage1,C6,5,0.45,0.1031317324099213,214,214.0
PT,PT,Lineage1,C6,6,0.55,0.0955214334804267,144,144.0
PT,PT,Lineage1,C6,7,0.6500000000000001,0.0769873639845767,66,66.0
PT,PT,Lineage1,C6,8,0.75,0.0246848279671402,14,14.0
PT,PT,Lineage1,C6,9,0.8500000000000001,0.0417382420829319,36,36.0
PT,PT,Lineage1,C6,10,0.95,0.0120675896215834,38,38.0
PT,PT,Lineage2,C6,1,0.05,0.1177594758086517,531,439.2674302593681
PT,PT,Lineage2,C6,2,0.15,0.0643410057983677,904,658.5647247615038
PT,PT,Lineage2,C6,3,0.25,0.0592261492890357,254,179.45508407137004
PT,PT,Lineage2,C6,4,0.35,0.1171187465587412,157,131.7975586839539
PT,PT,Lineage2,C6,5,0.45,0.1147412886233293,175,167.56585004340508
PT,PT,Lineage2,C6,6,0.55,0.1247304591284298,134,130.41830236371263
PT,PT,Lineage2,C6,7,0.6500000000000001,0.0393668025956784,95,85.90914029140448
PT,PT,Lineage2,C6,8,0.75,0.0390454506858839,129,129.0
PT,PT,Lineage2,C6,9,0.8500000000000001,0.0428448976536642,128,128.0
PT,PT,Lineage2,C6,10,0.95,0.0108329234731665,20,20.0
PT,PT,Lineage3,C6,1,0.05,0.1189231139546747,517,427.2278725752045
PT,PT,Lineage3,C6,2,0.15,0.0653083611709821,900,662.5893266960761
PT,PT,Lineage3,C6,3,0.25,0.0580281712459643,269,179.76417810309016
PT,PT,Lineage3,C6,4,0.35,0.1121680700803538,162,130.73432867837596
PT,PT,Lineage3,C6,5,0.45,0.1256990706606219,180,169.86642041577562
PT,PT,Lineage3,C6,6,0.55,0.1019684995210897,155,141.63271721826248
PT,PT,Lineage3,C6,7,0.6500000000000001,0.0407086941972228,179,107.79195360971444
PT,PT,Lineage3,C6,8,0.75,0.01544413138478,133,133.0
PT,PT,Lineage3,C6,9,0.8500000000000001,0.0981840598359762,61,61.0
PT,PT,Lineage3,C6,10,0.95,0.1391371181882447,57,57.0
PT,PT,Lineage4,C6,1,0.05,0.1198693780961314,287,238.8565439072539
PT,PT,Lineage4,C6,2,0.15,0.0713062336166705,485,449.9064774059803
PT,PT,Lineage4,C6,3,0.25,0.0493492059013214,262,204.20559290380197
PT,PT,Lineage4,C6,4,0.35,0.059863025453914,154,113.71812210437758
PT,PT,Lineage4,C6,5,0.45,0.1442078890558101,289,285.37619856026345
PT,PT,Lineage4,C6,6,0.55,0.0351137311526042,203,203.0
PT,PT,Lineage4,C6,7,0.6500000000000001,0.030289737588958,228,204.58420859296663
PT,PT,Lineage4,C6,8,0.75,0.0901118410687085,286,272.71045654338775
PT,PT,Lineage4,C6,9,0.8500000000000001,0.1234061461515893,186,183.304830402454
PT,PT,Lineage4,C6,10,0.95,0.1231380447983179,120,115.95473945814668
PT,PT,Lineage5,C6,1,0.05,0.1124728882989228,290,257.0789487554607
PT,PT,Lineage5,C6,2,0.15,0.097887698963531,519,433.32955356148386
PT,PT,Lineage5,C6,3,0.25,0.0585946619431904,540,424.84936042523736
PT,PT,Lineage5,C6,4,0.35,0.0297522779315889,332,201.0105077595712
PT,PT,Lineage5,C6,5,0.45,0.0638247710524263,197,131.2016206783867
PT,PT,Lineage5,C6,6,0.55,0.24603923181328,77,56.1445837270891
PT,PT,Lineage5,C6,7,0.6500000000000001,0.1098156045055583,50,48.34756384820716
PT,PT,Lineage5,C6,8,0.75,0.1506439120444155,34,33.771334858429455
PT,PT,Lineage5,C6,9,0.8500000000000001,0.178539426693199,23,22.225325994507436
PT,PT,Lineage5,C6,10,0.95,0.18315341747617,23,23.0
PT,PT,Lineage6,C6,1,0.05,0.1084898581377397,154,143.89721539858016
PT,PT,Lineage6,C6,2,0.15,0.1168431344930836,299,236.03424365924823
PT,PT,Lineage6,C6,3,0.25,0.133228224110347,260,222.2888809081952
PT,PT,Lineage6,C6,4,0.35,0.1774675709823686,240,216.9700322803281
PT,PT,Lineage6,C6,5,0.45,0.1701011100216597,200,173.57791074948216
PT,PT,Lineage6,C6,6,0.55,0.1775768047273005,284,252.22905095730775
PT,PT,Lineage6,C6,7,0.6500000000000001,0.2321125092615201,165,165.0
PT,PT,Lineage6,C6,8,0.75,0.2704728918498599,193,193.0
PT,PT,Lineage6,C6,9,0.8500000000000001,0.3262590990457543,100,94.52758047493109
PT,PT,Lineage6,C6,10,0.95,0.3323264172840011,77,60.49712959235555
PT,PT,Lineage7,C6,1,0.05,0.10905896062589,229,210.71396790972477
PT,PT,Lineage7,C6,2,0.15,0.1385476443404677,265,235.78987949020433
PT,PT,Lineage7,C6,3,0.25,0.175583578634146,203,202.32967544339283
PT,PT,Lineage7,C6,4,0.35,0.1736103225559135,564,357.2568283786706
PT,PT,Lineage7,C6,5,0.45,0.1287139550533213,129,123.313224974485
PT,PT,Lineage7,C6,6,0.55,0.1183408814072229,222,215.15909274101543
PT,PT,Lineage7,C6,7,0.6500000000000001,0.0609845424489703,352,328.2548314038918
PT,PT,Lineage7,C6,8,0.75,0.0695078202702922,253,248.86947849066132
PT,PT,Lineage7,C6,9,0.8500000000000001,0.0573340417505416,104,103.91720943731887
PT,PT,Lineage7,C6,10,0.95,0.0465104807840913,25,25.0
PT,PT,Lineage8,C6,1,0.05,0.1104440189060265,283,243.861858869527
PT,PT,Lineage8,C6,2,0.15,0.1234080534709115,366,298.864557479168
PT,PT,Lineage8,C6,3,0.25,0.1663740963635764,308,280.7497752615346
PT,PT,Lineage8,C6,4,0.35,0.1200200617227664,208,197.34252500689797
PT,PT,Lineage8,C6,5,0.45,0.0945456520025245,130,129.6577084108946
PT,PT,Lineage8,C6,6,0.55,0.0990455363115584,65,64.70883078503329
PT,PT,Lineage8,C6,7,0.6500000000000001,0.1287539321646612,71,69.36211032228495
PT,PT,Lineage8,C6,8,0.75,0.16235033179522,38,38.0
PT,PT,Lineage8,C6,9,0.8500000000000001,0.3485751736364772,27,27.0
PT,PT,Lineage8,C6,10,0.95,0.1806670840006616,34,34.0
PT,PT,Lineage9,C6,1,0.05,0.111924356543054,149,139.01540152713133
PT,PT,Lineage9,C6,2,0.15,0.1183862179228005,339,247.97135830069257
PT,PT,Lineage9,C6,3,0.25,0.1095223052144035,123,117.41949502491028
PT,PT,Lineage9,C6,4,0.35,0.1443194960874499,131,119.48642283382205
PT,PT,Lineage9,C6,5,0.45,0.1893230779364843,72,70.8406739824326
PT,PT,Lineage9,C6,6,0.55,0.2486896983098419,60,60.0
PT,PT,Lineage9,C6,7,0.6500000000000001,0.3217937191207846,56,56.0
PT,PT,Lineage9,C6,8,0.75,0.3474313403289211,60,59.77233515030349
PT,PT,Lineage9,C6,9,0.8500000000000001,0.3679574815596269,35,34.40865010410188
PT,PT,Lineage9,C6,10,0.95,0.1845113594652589,9,9.0
PT,PT,Lineage10,C6,1,0.05,0.1102169324570836,127,121.94203640035742
PT,PT,Lineage10,C6,2,0.15,0.1200241086054175,235,186.3499317993566
PT,PT,Lineage10,C6,3,0.25,0.1153479662515694,212,194.55863183093717
PT,PT,Lineage10,C6,4,0.35,0.1050087623752677,161,157.77531572035284
PT,PT,Lineage10,C6,5,0.45,0.0685386267772767,86,84.9432771760723
PT,PT,Lineage10,C6,6,0.55,0.1000262841865841,51,49.914921520569905
PT,PT,Lineage10,C6,7,0.6500000000000001,0.0682377924985512,38,37.20480609719146
PT,PT,Lineage10,C6,8,0.75,0.1387912352667144,44,43.73168956219897
PT,PT,Lineage10,C6,9,0.8500000000000001,0.1544768747085129,22,22.0
PT,PT,Lineage10,C6,10,0.95,0.1143790207766726,27,27.0
PT,PT,Lineage11,C6,1,0.05,0.0905159219251943,81,80.35157546507226
PT,PT,Lineage11,C6,2,0.15,0.1274199278207149,97,95.71596014277668
PT,PT,Lineage11,C6,3,0.25,0.1337347775018443,113,97.8670671200438
PT,PT,Lineage11,C6,4,0.35,0.1266018638152005,127,120.81313601222926
PT,PT,Lineage11,C6,5,0.45,0.0914054147503715,142,142.0
PT,PT,Lineage11,C6,6,0.55,0.0808386028107911,124,124.0
PT,PT,Lineage11,C6,7,0.6500000000000001,0.115671872081812,74,74.0
PT,PT,Lineage11,C6,8,0.75,0.133438138796023,69,68.65074148827756
PT,PT,Lineage11,C6,9,0.8500000000000001,0.1343776624128908,22,21.708857808650315
PT,PT,Lineage11,C6,10,0.95,0.1393059839290377,7,6.797247006847127
PT,PT,Lineage1,C7,1,0.05,0.1343284094411096,1249,968.05520541352
PT,PT,Lineage1,C7,2,0.15,0.142880699807069,552,347.17207211972107
PT,PT,Lineage1,C7,3,0.25,0.1249620219880917,415,362.2316899549579
PT,PT,Lineage1,C7,4,0.35,0.1063782733087164,298,291.86671911763847
PT,PT,Lineage1,C7,5,0.45,0.1704730205564009,214,214.0
PT,PT,Lineage1,C7,6,0.55,0.2355490548411441,144,144.0
PT,PT,Lineage1,C7,7,0.6500000000000001,0.1689481852192842,66,66.0
PT,PT,Lineage1,C7,8,0.75,0.0714062874980024,14,14.0
PT,PT,Lineage1,C7,9,0.8500000000000001,0.0023587916395683,36,36.0
PT,PT,Lineage1,C7,10,0.95,0.0,38,38.0
PT,PT,Lineage2,C7,1,0.05,0.1460136293480957,531,439.2674302593681
PT,PT,Lineage2,C7,2,0.15,0.1241168106205675,904,658.5647247615038
PT,PT,Lineage2,C7,3,0.25,0.1511299425506342,254,179.45508407137004
PT,PT,Lineage2,C7,4,0.35,0.1506164166008953,157,131.7975586839539
PT,PT,Lineage2,C7,5,0.45,0.2634961312151255,175,167.56585004340508
PT,PT,Lineage2,C7,6,0.55,0.327276018219526,134,130.41830236371263
PT,PT,Lineage2,C7,7,0.6500000000000001,0.4159545378910456,95,85.90914029140448
PT,PT,Lineage2,C7,8,0.75,0.4458416182161764,129,129.0
PT,PT,Lineage2,C7,9,0.8500000000000001,0.4034097037002855,128,128.0
PT,PT,Lineage2,C7,10,0.95,0.2306234270228152,20,20.0
PT,PT,Lineage3,C7,1,0.05,0.148496450024586,517,427.2278725752045
PT,PT,Lineage3,C7,2,0.15,0.1221090229118407,900,662.5893266960761
PT,PT,Lineage3,C7,3,0.25,0.1512346175104538,269,179.76417810309016
PT,PT,Lineage3,C7,4,0.35,0.1534089391937114,162,130.73432867837596
PT,PT,Lineage3,C7,5,0.45,0.2607579529171962,180,169.86642041577562
PT,PT,Lineage3,C7,6,0.55,0.3416888118586235,155,141.63271721826248
PT,PT,Lineage3,C7,7,0.6500000000000001,0.3939047974457452,179,107.79195360971444
PT,PT,Lineage3,C7,8,0.75,0.4114438954028949,133,133.0
PT,PT,Lineage3,C7,9,0.8500000000000001,0.2030818747747566,61,61.0
PT,PT,Lineage3,C7,10,0.95,0.2160707765507193,57,57.0
PT,PT,Lineage4,C7,1,0.05,0.13822856734831,287,238.8565439072539
PT,PT,Lineage4,C7,2,0.15,0.1307839146484881,485,449.9064774059803
PT,PT,Lineage4,C7,3,0.25,0.155783254656794,262,204.20559290380197
PT,PT,Lineage4,C7,4,0.35,0.1095307394486387,154,113.71812210437758
PT,PT,Lineage4,C7,5,0.45,0.0888662910856918,289,285.37619856026345
PT,PT,Lineage4,C7,6,0.55,0.0963638156691939,203,203.0
PT,PT,Lineage4,C7,7,0.6500000000000001,0.1564962704162312,228,204.58420859296663
PT,PT,Lineage4,C7,8,0.75,0.0809201421816183,286,272.71045654338775
PT,PT,Lineage4,C7,9,0.8500000000000001,0.1822526164495318,186,183.304830402454
PT,PT,Lineage4,C7,10,0.95,0.2627820045894112,120,115.95473945814668
PT,PT,Lineage5,C7,1,0.05,0.1793509569558674,290,257.0789487554607
PT,PT,Lineage5,C7,2,0.15,0.1075076217060814,519,433.32955356148386
PT,PT,Lineage5,C7,3,0.25,0.1334537680377794,540,424.84936042523736
PT,PT,Lineage5,C7,4,0.35,0.1693963295232442,332,201.0105077595712
PT,PT,Lineage5,C7,5,0.45,0.0830203329658316,197,131.2016206783867
PT,PT,Lineage5,C7,6,0.55,0.1246067527815893,77,56.1445837270891
PT,PT,Lineage5,C7,7,0.6500000000000001,0.1063049751805574,50,48.34756384820716
PT,PT,Lineage5,C7,8,0.75,0.0467456694934792,34,33.771334858429455
PT,PT,Lineage5,C7,9,0.8500000000000001,0.1322129667732926,23,22.225325994507436
PT,PT,Lineage5,C7,10,0.95,0.1463048879967053,23,23.0
PT,PT,Lineage6,C7,1,0.05,0.2085087187863482,154,143.89721539858016
PT,PT,Lineage6,C7,2,0.15,0.1058176993238972,299,236.03424365924823
PT,PT,Lineage6,C7,3,0.25,0.1205767970441686,260,222.2888809081952
PT,PT,Lineage6,C7,4,0.35,0.1133316108958863,240,216.9700322803281
PT,PT,Lineage6,C7,5,0.45,0.1484431043907998,200,173.57791074948216
PT,PT,Lineage6,C7,6,0.55,0.1816484056794724,284,252.22905095730775
PT,PT,Lineage6,C7,7,0.6500000000000001,0.2061152490863276,165,165.0
PT,PT,Lineage6,C7,8,0.75,0.1949296354454715,193,193.0
PT,PT,Lineage6,C7,9,0.8500000000000001,0.1401972548215779,100,94.52758047493109
PT,PT,Lineage6,C7,10,0.95,0.2477605958813144,77,60.49712959235555
PT,PT,Lineage7,C7,1,0.05,0.1877615067471936,229,210.71396790972477
PT,PT,Lineage7,C7,2,0.15,0.0962902302913686,265,235.78987949020433
PT,PT,Lineage7,C7,3,0.25,0.1101646380600034,203,202.32967544339283
PT,PT,Lineage7,C7,4,0.35,0.1832252076444813,564,357.2568283786706
PT,PT,Lineage7,C7,5,0.45,0.1205820051059016,129,123.313224974485
PT,PT,Lineage7,C7,6,0.55,0.1537666106367968,222,215.15909274101543
PT,PT,Lineage7,C7,7,0.6500000000000001,0.1397856103486237,352,328.2548314038918
PT,PT,Lineage7,C7,8,0.75,0.1153844109255017,253,248.86947849066132
PT,PT,Lineage7,C7,9,0.8500000000000001,0.0807069071686081,104,103.91720943731887
PT,PT,Lineage7,C7,10,0.95,0.0467691997347597,25,25.0
PT,PT,Lineage8,C7,1,0.05,0.1745054034930227,283,243.861858869527
PT,PT,Lineage8,C7,2,0.15,0.1117847406137745,366,298.864557479168
PT,PT,Lineage8,C7,3,0.25,0.1119369481802204,308,280.7497752615346
PT,PT,Lineage8,C7,4,0.35,0.1703616092740982,208,197.34252500689797
PT,PT,Lineage8,C7,5,0.45,0.1646586318402327,130,129.6577084108946
PT,PT,Lineage8,C7,6,0.55,0.1680036170942992,65,64.70883078503329
PT,PT,Lineage8,C7,7,0.6500000000000001,0.1548797006525813,71,69.36211032228495
PT,PT,Lineage8,C7,8,0.75,0.1252663005407809,38,38.0
PT,PT,Lineage8,C7,9,0.8500000000000001,0.1560432676760262,27,27.0
PT,PT,Lineage8,C7,10,0.95,0.1070031666584532,34,34.0
PT,PT,Lineage9,C7,1,0.05,0.2207718415390419,149,139.01540152713133
PT,PT,Lineage9,C7,2,0.15,0.1009477338963588,339,247.97135830069257
PT,PT,Lineage9,C7,3,0.25,0.1314733386055094,123,117.41949502491028
PT,PT,Lineage9,C7,4,0.35,0.2102392753542234,131,119.48642283382205
PT,PT,Lineage9,C7,5,0.45,0.205644142722029,72,70.8406739824326
PT,PT,Lineage9,C7,6,0.55,0.2052902652233349,60,60.0
PT,PT,Lineage9,C7,7,0.6500000000000001,0.2209750510527985,56,56.0
PT,PT,Lineage9,C7,8,0.75,0.2142308489237992,60,59.77233515030349
PT,PT,Lineage9,C7,9,0.8500000000000001,0.228087926118961,35,34.40865010410188
PT,PT,Lineage9,C7,10,0.95,0.3164344810065728,9,9.0
PT,PT,Lineage10,C7,1,0.05,0.2113592851957864,127,121.94203640035742
PT,PT,Lineage10,C7,2,0.15,0.1221994772162842,235,186.3499317993566
PT,PT,Lineage10,C7,3,0.25,0.1071819557082549,212,194.55863183093717
PT,PT,Lineage10,C7,4,0.35,0.1842046788666167,161,157.77531572035284
PT,PT,Lineage10,C7,5,0.45,0.147519427121717,86,84.9432771760723
PT,PT,Lineage10,C7,6,0.55,0.1348021495755886,51,49.914921520569905
PT,PT,Lineage10,C7,7,0.6500000000000001,0.1827787347115244,38,37.20480609719146
PT,PT,Lineage10,C7,8,0.75,0.1526249789062153,44,43.73168956219897
PT,PT,Lineage10,C7,9,0.8500000000000001,0.162005534709181,22,22.0
PT,PT,Lineage10,C7,10,0.95,0.1199981255919994,27,27.0
PT,PT,Lineage11,C7,1,0.05,0.2357430255450874,81,80.35157546507226
PT,PT,Lineage11,C7,2,0.15,0.1644599573783963,97,95.71596014277668
PT,PT,Lineage11,C7,3,0.25,0.1003388230001216,113,97.8670671200438
PT,PT,Lineage11,C7,4,0.35,0.1132778884053586,127,120.81313601222926
PT,PT,Lineage11,C7,5,0.45,0.1575195439908082,142,142.0
PT,PT,Lineage11,C7,6,0.55,0.0899144261489024,124,124.0
PT,PT,Lineage11,C7,7,0.6500000000000001,0.0874043696114661,74,74.0
PT,PT,Lineage11,C7,8,0.75,0.1121700207886866,69,68.65074148827756
PT,PT,Lineage11,C7,9,0.8500000000000001,0.0591069943145886,22,21.708857808650315
PT,PT,Lineage11,C7,10,0.95,0.0211585515442045,7,6.797247006847127
PT,PT,Lineage1,C8A,1,0.05,0.0031797974307388,1249,968.05520541352
PT,PT,Lineage1,C8A,2,0.15,0.003405920659302,552,347.17207211972107
PT,PT,Lineage1,C8A,3,0.25,0.00464538884687,415,362.2316899549579
PT,PT,Lineage1,C8A,4,0.35,0.0021961022111846,298,291.86671911763847
PT,PT,Lineage1,C8A,5,0.45,0.0048097250868021,214,214.0
PT,PT,Lineage1,C8A,6,0.55,0.0015606498069665,144,144.0
PT,PT,Lineage1,C8A,7,0.6500000000000001,0.0018751385346258,66,66.0
PT,PT,Lineage1,C8A,8,0.75,0.0008085912542363,14,14.0
PT,PT,Lineage1,C8A,9,0.8500000000000001,0.0125568340174235,36,36.0
PT,PT,Lineage1,C8A,10,0.95,0.0196265600677064,38,38.0
PT,PT,Lineage2,C8A,1,0.05,0.0018834934097661,531,439.2674302593681
PT,PT,Lineage2,C8A,2,0.15,0.0038349582506782,904,658.5647247615038
PT,PT,Lineage2,C8A,3,0.25,0.0035990402777281,254,179.45508407137004
PT,PT,Lineage2,C8A,4,0.35,0.0032258541514713,157,131.7975586839539
PT,PT,Lineage2,C8A,5,0.45,0.0006704552155137,175,167.56585004340508
PT,PT,Lineage2,C8A,6,0.55,0.002969543166939,134,130.41830236371263
PT,PT,Lineage2,C8A,7,0.6500000000000001,0.0,95,85.90914029140448
PT,PT,Lineage2,C8A,8,0.75,0.0,129,129.0
PT,PT,Lineage2,C8A,9,0.8500000000000001,0.0045112423476114,128,128.0
PT,PT,Lineage2,C8A,10,0.95,0.0,20,20.0
PT,PT,Lineage3,C8A,1,0.05,0.0018168586019187,517,427.2278725752045
PT,PT,Lineage3,C8A,2,0.15,0.0038706204590611,900,662.5893266960761
PT,PT,Lineage3,C8A,3,0.25,0.0037860109300852,269,179.76417810309016
PT,PT,Lineage3,C8A,4,0.35,0.0028606571472211,162,130.73432867837596
PT,PT,Lineage3,C8A,5,0.45,0.0010711335548603,180,169.86642041577562
PT,PT,Lineage3,C8A,6,0.55,0.0021160188533589,155,141.63271721826248
PT,PT,Lineage3,C8A,7,0.6500000000000001,0.0,179,107.79195360971444
PT,PT,Lineage3,C8A,8,0.75,0.0043962351666857,133,133.0
PT,PT,Lineage3,C8A,9,0.8500000000000001,0.0140673569916626,61,61.0
PT,PT,Lineage3,C8A,10,0.95,0.0157066313954199,57,57.0
PT,PT,Lineage4,C8A,1,0.05,0.0023413324400841,287,238.8565439072539
PT,PT,Lineage4,C8A,2,0.15,0.004715925533511,485,449.9064774059803
PT,PT,Lineage4,C8A,3,0.25,0.0022994998668549,262,204.20559290380197
PT,PT,Lineage4,C8A,4,0.35,0.0028707011805688,154,113.71812210437758
PT,PT,Lineage4,C8A,5,0.45,0.0060019439610828,289,285.37619856026345
PT,PT,Lineage4,C8A,6,0.55,0.0019865257504748,203,203.0
PT,PT,Lineage4,C8A,7,0.6500000000000001,0.0021480293574465,228,204.58420859296663
PT,PT,Lineage4,C8A,8,0.75,0.0020231870211828,286,272.71045654338775
PT,PT,Lineage4,C8A,9,0.8500000000000001,0.0014101149584031,186,183.304830402454
PT,PT,Lineage4,C8A,10,0.95,0.0016150753867542,120,115.95473945814668
PT,PT,Lineage5,C8A,1,0.05,0.0015967864286184,290,257.0789487554607
PT,PT,Lineage5,C8A,2,0.15,0.0042799773693713,519,433.32955356148386
PT,PT,Lineage5,C8A,3,0.25,0.0025868701116076,540,424.84936042523736
PT,PT,Lineage5,C8A,4,0.35,0.0028587454812675,332,201.0105077595712
PT,PT,Lineage5,C8A,5,0.45,0.0021213116845702,197,131.2016206783867
PT,PT,Lineage5,C8A,6,0.55,0.0042547959320435,77,56.1445837270891
PT,PT,Lineage5,C8A,7,0.6500000000000001,0.0005064776756935,50,48.34756384820716
PT,PT,Lineage5,C8A,8,0.75,0.0024481111868359,34,33.771334858429455
PT,PT,Lineage5,C8A,9,0.8500000000000001,0.0,23,22.225325994507436
PT,PT,Lineage5,C8A,10,0.95,0.0041326949984929,23,23.0
PT,PT,Lineage6,C8A,1,0.05,0.0011886014768857,154,143.89721539858016
PT,PT,Lineage6,C8A,2,0.15,0.0020050584005782,299,236.03424365924823
PT,PT,Lineage6,C8A,3,0.25,0.0034992173891087,260,222.2888809081952
PT,PT,Lineage6,C8A,4,0.35,0.0048080405670596,240,216.9700322803281
PT,PT,Lineage6,C8A,5,0.45,0.006099217085613,200,173.57791074948216
PT,PT,Lineage6,C8A,6,0.55,0.0116164222715432,284,252.22905095730775
PT,PT,Lineage6,C8A,7,0.6500000000000001,0.0102013908470053,165,165.0
PT,PT,Lineage6,C8A,8,0.75,0.0105990921151928,193,193.0
PT,PT,Lineage6,C8A,9,0.8500000000000001,0.0055333135775509,100,94.52758047493109
PT,PT,Lineage6,C8A,10,0.95,0.0047090125525986,77,60.49712959235555
PT,PT,Lineage7,C8A,1,0.05,0.0012077364315328,229,210.71396790972477
PT,PT,Lineage7,C8A,2,0.15,0.003406450934864,265,235.78987949020433
PT,PT,Lineage7,C8A,3,0.25,0.0049516845247576,203,202.32967544339283
PT,PT,Lineage7,C8A,4,0.35,0.0103294305646829,564,357.2568283786706
PT,PT,Lineage7,C8A,5,0.45,0.0019998407175169,129,123.313224974485
PT,PT,Lineage7,C8A,6,0.55,0.0017372402842846,222,215.15909274101543
PT,PT,Lineage7,C8A,7,0.6500000000000001,0.0053186224865836,352,328.2548314038918
PT,PT,Lineage7,C8A,8,0.75,0.0026604047235663,253,248.86947849066132
PT,PT,Lineage7,C8A,9,0.8500000000000001,0.0020806083089162,104,103.91720943731887
PT,PT,Lineage7,C8A,10,0.95,0.0029334997081285,25,25.0
PT,PT,Lineage8,C8A,1,0.05,0.0011905848964448,283,243.861858869527
PT,PT,Lineage8,C8A,2,0.15,0.0032539650322942,366,298.864557479168
PT,PT,Lineage8,C8A,3,0.25,0.0040246727134475,308,280.7497752615346
PT,PT,Lineage8,C8A,4,0.35,0.011219429912397,208,197.34252500689797
PT,PT,Lineage8,C8A,5,0.45,0.0048668535091276,130,129.6577084108946
PT,PT,Lineage8,C8A,6,0.55,0.0062338275925474,65,64.70883078503329
PT,PT,Lineage8,C8A,7,0.6500000000000001,0.0049117820373492,71,69.36211032228495
PT,PT,Lineage8,C8A,8,0.75,0.0061529511494496,38,38.0
PT,PT,Lineage8,C8A,9,0.8500000000000001,0.004082794686414,27,27.0
PT,PT,Lineage8,C8A,10,0.95,0.0096321991087405,34,34.0
PT,PT,Lineage9,C8A,1,0.05,0.0011909023069324,149,139.01540152713133
PT,PT,Lineage9,C8A,2,0.15,0.0027373983587473,339,247.97135830069257
PT,PT,Lineage9,C8A,3,0.25,0.0036628576541952,123,117.41949502491028
PT,PT,Lineage9,C8A,4,0.35,0.0017030517056668,131,119.48642283382205
PT,PT,Lineage9,C8A,5,0.45,0.0026641708081352,72,70.8406739824326
PT,PT,Lineage9,C8A,6,0.55,0.0026760699446891,60,60.0
PT,PT,Lineage9,C8A,7,0.6500000000000001,0.0049466392697058,56,56.0
PT,PT,Lineage9,C8A,8,0.75,0.003280634078783,60,59.77233515030349
PT,PT,Lineage9,C8A,9,0.8500000000000001,0.0027907487072423,35,34.40865010410188
PT,PT,Lineage9,C8A,10,0.95,0.0,9,9.0
PT,PT,Lineage10,C8A,1,0.05,0.0013576541562838,127,121.94203640035742
PT,PT,Lineage10,C8A,2,0.15,0.0013664291968368,235,186.3499317993566
PT,PT,Lineage10,C8A,3,0.25,0.0033468950625201,212,194.55863183093717
PT,PT,Lineage10,C8A,4,0.35,0.0021793986312182,161,157.77531572035284
PT,PT,Lineage10,C8A,5,0.45,0.003080566902466,86,84.9432771760723
PT,PT,Lineage10,C8A,6,0.55,0.0011873820305544,51,49.914921520569905
PT,PT,Lineage10,C8A,7,0.6500000000000001,0.0025745292601081,38,37.20480609719146
PT,PT,Lineage10,C8A,8,0.75,0.0078133623089103,44,43.73168956219897
PT,PT,Lineage10,C8A,9,0.8500000000000001,0.004894315630001,22,22.0
PT,PT,Lineage10,C8A,10,0.95,0.0033710129515888,27,27.0
PT,PT,Lineage11,C8A,1,0.05,0.0012533229769243,81,80.35157546507226
PT,PT,Lineage11,C8A,2,0.15,0.0008834389645929,97,95.71596014277668
PT,PT,Lineage11,C8A,3,0.25,0.0018699492021413,113,97.8670671200438
PT,PT,Lineage11,C8A,4,0.35,0.0046384665799462,127,120.81313601222926
PT,PT,Lineage11,C8A,5,0.45,0.0033152846814342,142,142.0
PT,PT,Lineage11,C8A,6,0.55,0.0044919738353463,124,124.0
PT,PT,Lineage11,C8A,7,0.6500000000000001,0.0024575301814345,74,74.0
PT,PT,Lineage11,C8A,8,0.75,0.0021666421290125,69,68.65074148827756
PT,PT,Lineage11,C8A,9,0.8500000000000001,0.0017059704900101,22,21.708857808650315
PT,PT,Lineage11,C8A,10,0.95,0.0029328564323337,7,6.797247006847127
PT,PT,Lineage1,C8B,1,0.05,0.0013817078362994,1249,968.05520541352
PT,PT,Lineage1,C8B,2,0.15,0.0008564077499575,552,347.17207211972107
PT,PT,Lineage1,C8B,3,0.25,0.0008564031318133,415,362.2316899549579
PT,PT,Lineage1,C8B,4,0.35,0.0006603990728908,298,291.86671911763847
PT,PT,Lineage1,C8B,5,0.45,0.0017146885533061,214,214.0
PT,PT,Lineage1,C8B,6,0.55,0.0003766196291981,144,144.0
PT,PT,Lineage1,C8B,7,0.6500000000000001,0.0006470266738772,66,66.0
PT,PT,Lineage1,C8B,8,0.75,0.0008371664910479,14,14.0
PT,PT,Lineage1,C8B,9,0.8500000000000001,0.0006178311221525,36,36.0
PT,PT,Lineage1,C8B,10,0.95,0.0015858385422876,38,38.0
PT,PT,Lineage2,C8B,1,0.05,0.0014100502340197,531,439.2674302593681
PT,PT,Lineage2,C8B,2,0.15,0.0011106484498215,904,658.5647247615038
PT,PT,Lineage2,C8B,3,0.25,0.0009828480467982,254,179.45508407137004
PT,PT,Lineage2,C8B,4,0.35,0.0021735459011501,157,131.7975586839539
PT,PT,Lineage2,C8B,5,0.45,0.004575798495283,175,167.56585004340508
PT,PT,Lineage2,C8B,6,0.55,0.0,134,130.41830236371263
PT,PT,Lineage2,C8B,7,0.6500000000000001,0.0021247075573803,95,85.90914029140448
PT,PT,Lineage2,C8B,8,0.75,0.0012904337795826,129,129.0
PT,PT,Lineage2,C8B,9,0.8500000000000001,0.0057431441857811,128,128.0
PT,PT,Lineage2,C8B,10,0.95,0.0,20,20.0
PT,PT,Lineage3,C8B,1,0.05,0.0014499065940962,517,427.2278725752045
PT,PT,Lineage3,C8B,2,0.15,0.001103757309646,900,662.5893266960761
PT,PT,Lineage3,C8B,3,0.25,0.000963696727136,269,179.76417810309016
PT,PT,Lineage3,C8B,4,0.35,0.002097777708508,162,130.73432867837596
PT,PT,Lineage3,C8B,5,0.45,0.0039846030372574,180,169.86642041577562
PT,PT,Lineage3,C8B,6,0.55,0.0,155,141.63271721826248
PT,PT,Lineage3,C8B,7,0.6500000000000001,0.0008300177592878,179,107.79195360971444
PT,PT,Lineage3,C8B,8,0.75,0.0,133,133.0
PT,PT,Lineage3,C8B,9,0.8500000000000001,0.0,61,61.0
PT,PT,Lineage3,C8B,10,0.95,0.0,57,57.0
PT,PT,Lineage4,C8B,1,0.05,0.0010551629275454,287,238.8565439072539
PT,PT,Lineage4,C8B,2,0.15,0.0020993488233164,485,449.9064774059803
PT,PT,Lineage4,C8B,3,0.25,0.0007005721408926,262,204.20559290380197
PT,PT,Lineage4,C8B,4,0.35,0.0008344807770799,154,113.71812210437758
PT,PT,Lineage4,C8B,5,0.45,0.0001413545136244,289,285.37619856026345
PT,PT,Lineage4,C8B,6,0.55,0.0005488252577716,203,203.0
PT,PT,Lineage4,C8B,7,0.6500000000000001,0.0002389749938208,228,204.58420859296663
PT,PT,Lineage4,C8B,8,0.75,0.0006350754002262,286,272.71045654338775
PT,PT,Lineage4,C8B,9,0.8500000000000001,0.0005151188171949,186,183.304830402454
PT,PT,Lineage4,C8B,10,0.95,0.0004113169307439,120,115.95473945814668
PT,PT,Lineage5,C8B,1,0.05,0.0005297895804132,290,257.0789487554607
PT,PT,Lineage5,C8B,2,0.15,0.0020686831887593,519,433.32955356148386
PT,PT,Lineage5,C8B,3,0.25,0.0008228677123326,540,424.84936042523736
PT,PT,Lineage5,C8B,4,0.35,0.0007703011553385,332,201.0105077595712
PT,PT,Lineage5,C8B,5,0.45,0.0007962526954324,197,131.2016206783867
PT,PT,Lineage5,C8B,6,0.55,0.0007865427113154,77,56.1445837270891
PT,PT,Lineage5,C8B,7,0.6500000000000001,0.0017624245811984,50,48.34756384820716
PT,PT,Lineage5,C8B,8,0.75,0.0,34,33.771334858429455
PT,PT,Lineage5,C8B,9,0.8500000000000001,0.0,23,22.225325994507436
PT,PT,Lineage5,C8B,10,0.95,0.0032335213337386,23,23.0
PT,PT,Lineage6,C8B,1,0.05,0.0006526908621959,154,143.89721539858016
PT,PT,Lineage6,C8B,2,0.15,0.0011129044998252,299,236.03424365924823
PT,PT,Lineage6,C8B,3,0.25,0.0021882541500496,260,222.2888809081952
PT,PT,Lineage6,C8B,4,0.35,0.0025747308840988,240,216.9700322803281
PT,PT,Lineage6,C8B,5,0.45,0.0056297066280738,200,173.57791074948216
PT,PT,Lineage6,C8B,6,0.55,0.0089076916835651,284,252.22905095730775
PT,PT,Lineage6,C8B,7,0.6500000000000001,0.0123377409897977,165,165.0
PT,PT,Lineage6,C8B,8,0.75,0.0070516757740145,193,193.0
PT,PT,Lineage6,C8B,9,0.8500000000000001,0.0104676918473627,100,94.52758047493109
PT,PT,Lineage6,C8B,10,0.95,0.0059016547417521,77,60.49712959235555
PT,PT,Lineage7,C8B,1,0.05,0.0005230835693257,229,210.71396790972477
PT,PT,Lineage7,C8B,2,0.15,0.001214899570591,265,235.78987949020433
PT,PT,Lineage7,C8B,3,0.25,0.0025441545381045,203,202.32967544339283
PT,PT,Lineage7,C8B,4,0.35,0.0089054520535336,564,357.2568283786706
PT,PT,Lineage7,C8B,5,0.45,0.0016935048643593,129,123.313224974485
PT,PT,Lineage7,C8B,6,0.55,0.0041039857272383,222,215.15909274101543
PT,PT,Lineage7,C8B,7,0.6500000000000001,0.001661439016544,352,328.2548314038918
PT,PT,Lineage7,C8B,8,0.75,0.0007918406646015,253,248.86947849066132
PT,PT,Lineage7,C8B,9,0.8500000000000001,0.0004371742279635,104,103.91720943731887
PT,PT,Lineage7,C8B,10,0.95,0.0,25,25.0
PT,PT,Lineage8,C8B,1,0.05,0.0007085869380374,283,243.861858869527
PT,PT,Lineage8,C8B,2,0.15,0.0020449592998026,366,298.864557479168
PT,PT,Lineage8,C8B,3,0.25,0.0025289893784052,308,280.7497752615346
PT,PT,Lineage8,C8B,4,0.35,0.0045842958854411,208,197.34252500689797
PT,PT,Lineage8,C8B,5,0.45,0.0018155112252897,130,129.6577084108946
PT,PT,Lineage8,C8B,6,0.55,0.0047558471941703,65,64.70883078503329
PT,PT,Lineage8,C8B,7,0.6500000000000001,0.0021925232722071,71,69.36211032228495
PT,PT,Lineage8,C8B,8,0.75,0.003080433156051,38,38.0
PT,PT,Lineage8,C8B,9,0.8500000000000001,0.0006506831253516,27,27.0
PT,PT,Lineage8,C8B,10,0.95,0.0,34,34.0
PT,PT,Lineage9,C8B,1,0.05,0.0006746752133283,149,139.01540152713133
PT,PT,Lineage9,C8B,2,0.15,0.0012008807299979,339,247.97135830069257
PT,PT,Lineage9,C8B,3,0.25,0.0008543063609641,123,117.41949502491028
PT,PT,Lineage9,C8B,4,0.35,0.0005028406008119,131,119.48642283382205
PT,PT,Lineage9,C8B,5,0.45,0.0019047542712687,72,70.8406739824326
PT,PT,Lineage9,C8B,6,0.55,0.0014876751542577,60,60.0
PT,PT,Lineage9,C8B,7,0.6500000000000001,0.0013560514261131,56,56.0
PT,PT,Lineage9,C8B,8,0.75,0.0098173838833529,60,59.77233515030349
PT,PT,Lineage9,C8B,9,0.8500000000000001,0.0073677668431803,35,34.40865010410188
PT,PT,Lineage9,C8B,10,0.95,0.0,9,9.0
PT,PT,Lineage10,C8B,1,0.05,0.0006382440497752,127,121.94203640035742
PT,PT,Lineage10,C8B,2,0.15,0.000817475769911,235,186.3499317993566
PT,PT,Lineage10,C8B,3,0.25,0.0028539827106724,212,194.55863183093717
PT,PT,Lineage10,C8B,4,0.35,0.0034563717878419,161,157.77531572035284
PT,PT,Lineage10,C8B,5,0.45,0.0,86,84.9432771760723
PT,PT,Lineage10,C8B,6,0.55,0.0016646969802109,51,49.914921520569905
PT,PT,Lineage10,C8B,7,0.6500000000000001,0.0002440461037839,38,37.20480609719146
PT,PT,Lineage10,C8B,8,0.75,0.0032699023191768,44,43.73168956219897
PT,PT,Lineage10,C8B,9,0.8500000000000001,0.0008177425149289,22,22.0
PT,PT,Lineage10,C8B,10,0.95,0.0,27,27.0
PT,PT,Lineage11,C8B,1,0.05,0.000699119073713,81,80.35157546507226
PT,PT,Lineage11,C8B,2,0.15,0.0003962190300046,97,95.71596014277668
PT,PT,Lineage11,C8B,3,0.25,0.0015114285840361,113,97.8670671200438
PT,PT,Lineage11,C8B,4,0.35,0.0009232543571583,127,120.81313601222926
PT,PT,Lineage11,C8B,5,0.45,0.0049705502874581,142,142.0
PT,PT,Lineage11,C8B,6,0.55,0.0010878161723868,124,124.0
PT,PT,Lineage11,C8B,7,0.6500000000000001,0.0010813275768863,74,74.0
PT,PT,Lineage11,C8B,8,0.75,0.0010690260918638,69,68.65074148827756
PT,PT,Lineage11,C8B,9,0.8500000000000001,0.0,22,21.708857808650315
PT,PT,Lineage11,C8B,10,0.95,0.0,7,6.797247006847127
PT,PT,Lineage1,C8G,1,0.05,0.0030037269762163,1249,968.05520541352
PT,PT,Lineage1,C8G,2,0.15,0.012686471836856,552,347.17207211972107
PT,PT,Lineage1,C8G,3,0.25,0.0035799154261792,415,362.2316899549579
PT,PT,Lineage1,C8G,4,0.35,0.0019682059867662,298,291.86671911763847
PT,PT,Lineage1,C8G,5,0.45,0.0024167669297293,214,214.0
PT,PT,Lineage1,C8G,6,0.55,0.0027250338869994,144,144.0
PT,PT,Lineage1,C8G,7,0.6500000000000001,0.0017849055852134,66,66.0
PT,PT,Lineage1,C8G,8,0.75,0.0132346178387629,14,14.0
PT,PT,Lineage1,C8G,9,0.8500000000000001,0.0013074819053437,36,36.0
PT,PT,Lineage1,C8G,10,0.95,0.0013553455970167,38,38.0
PT,PT,Lineage2,C8G,1,0.05,0.0027352963535239,531,439.2674302593681
PT,PT,Lineage2,C8G,2,0.15,0.0036310498219503,904,658.5647247615038
PT,PT,Lineage2,C8G,3,0.25,0.0207236674059395,254,179.45508407137004
PT,PT,Lineage2,C8G,4,0.35,0.0041932226766128,157,131.7975586839539
PT,PT,Lineage2,C8G,5,0.45,0.0082573646397299,175,167.56585004340508
PT,PT,Lineage2,C8G,6,0.55,0.0029702051171275,134,130.41830236371263
PT,PT,Lineage2,C8G,7,0.6500000000000001,0.0026635964394601,95,85.90914029140448
PT,PT,Lineage2,C8G,8,0.75,0.0221682050021969,129,129.0
PT,PT,Lineage2,C8G,9,0.8500000000000001,0.0161710648037128,128,128.0
PT,PT,Lineage2,C8G,10,0.95,0.0220658745306903,20,20.0
PT,PT,Lineage3,C8G,1,0.05,0.0028122799841493,517,427.2278725752045
PT,PT,Lineage3,C8G,2,0.15,0.0034452837505765,900,662.5893266960761
PT,PT,Lineage3,C8G,3,0.25,0.0211048911476645,269,179.76417810309016
PT,PT,Lineage3,C8G,4,0.35,0.0043988439962253,162,130.73432867837596
PT,PT,Lineage3,C8G,5,0.45,0.0083065428220476,180,169.86642041577562
PT,PT,Lineage3,C8G,6,0.55,0.0042659870704333,155,141.63271721826248
PT,PT,Lineage3,C8G,7,0.6500000000000001,0.0220696847647106,179,107.79195360971444
PT,PT,Lineage3,C8G,8,0.75,0.0286487439540403,133,133.0
PT,PT,Lineage3,C8G,9,0.8500000000000001,0.0428670710770863,61,61.0
PT,PT,Lineage3,C8G,10,0.95,0.0329031240676055,57,57.0
PT,PT,Lineage4,C8G,1,0.05,0.0027830595707522,287,238.8565439072539
PT,PT,Lineage4,C8G,2,0.15,0.0028292814068882,485,449.9064774059803
PT,PT,Lineage4,C8G,3,0.25,0.0139960207711495,262,204.20559290380197
PT,PT,Lineage4,C8G,4,0.35,0.0120861546898669,154,113.71812210437758
PT,PT,Lineage4,C8G,5,0.45,0.0076020373860151,289,285.37619856026345
PT,PT,Lineage4,C8G,6,0.55,0.0083236171191984,203,203.0
PT,PT,Lineage4,C8G,7,0.6500000000000001,0.0015353999843954,228,204.58420859296663
PT,PT,Lineage4,C8G,8,0.75,0.0025153449246528,286,272.71045654338775
PT,PT,Lineage4,C8G,9,0.8500000000000001,0.0036227938091301,186,183.304830402454
PT,PT,Lineage4,C8G,10,0.95,0.0023445574466675,120,115.95473945814668
PT,PT,Lineage5,C8G,1,0.05,0.0033895181471186,290,257.0789487554607
PT,PT,Lineage5,C8G,2,0.15,0.0029375314606125,519,433.32955356148386
PT,PT,Lineage5,C8G,3,0.25,0.0055082064750222,540,424.84936042523736
PT,PT,Lineage5,C8G,4,0.35,0.0086676495300575,332,201.0105077595712
PT,PT,Lineage5,C8G,5,0.45,0.0107989437454432,197,131.2016206783867
PT,PT,Lineage5,C8G,6,0.55,0.0031358380735242,77,56.1445837270891
PT,PT,Lineage5,C8G,7,0.6500000000000001,0.0033950427281659,50,48.34756384820716
PT,PT,Lineage5,C8G,8,0.75,0.0074535671456495,34,33.771334858429455
PT,PT,Lineage5,C8G,9,0.8500000000000001,0.0062352890890823,23,22.225325994507436
PT,PT,Lineage5,C8G,10,0.95,0.0,23,23.0
PT,PT,Lineage6,C8G,1,0.05,0.0024501476621077,154,143.89721539858016
PT,PT,Lineage6,C8G,2,0.15,0.0029024632754388,299,236.03424365924823
PT,PT,Lineage6,C8G,3,0.25,0.0027551035440787,260,222.2888809081952
PT,PT,Lineage6,C8G,4,0.35,0.0062720664815979,240,216.9700322803281
PT,PT,Lineage6,C8G,5,0.45,0.0071102763232805,200,173.57791074948216
PT,PT,Lineage6,C8G,6,0.55,0.0066497735925295,284,252.22905095730775
PT,PT,Lineage6,C8G,7,0.6500000000000001,0.0058245682877071,165,165.0
PT,PT,Lineage6,C8G,8,0.75,0.0052612154931149,193,193.0
PT,PT,Lineage6,C8G,9,0.8500000000000001,0.002939753817413,100,94.52758047493109
PT,PT,Lineage6,C8G,10,0.95,0.0081517125308888,77,60.49712959235555
PT,PT,Lineage7,C8G,1,0.05,0.0033135146434562,229,210.71396790972477
PT,PT,Lineage7,C8G,2,0.15,0.0031242662346548,265,235.78987949020433
PT,PT,Lineage7,C8G,3,0.25,0.0029500336947252,203,202.32967544339283
PT,PT,Lineage7,C8G,4,0.35,0.0065675794618663,564,357.2568283786706
PT,PT,Lineage7,C8G,5,0.45,0.0096428218091052,129,123.313224974485
PT,PT,Lineage7,C8G,6,0.55,0.0042952851990234,222,215.15909274101543
PT,PT,Lineage7,C8G,7,0.6500000000000001,0.0035498453295146,352,328.2548314038918
PT,PT,Lineage7,C8G,8,0.75,0.0025010967196841,253,248.86947849066132
PT,PT,Lineage7,C8G,9,0.8500000000000001,0.0015381458715822,104,103.91720943731887
PT,PT,Lineage7,C8G,10,0.95,0.0012101146375981,25,25.0
PT,PT,Lineage8,C8G,1,0.05,0.0037156916729938,283,243.861858869527
PT,PT,Lineage8,C8G,2,0.15,0.0024400259442107,366,298.864557479168
PT,PT,Lineage8,C8G,3,0.25,0.0047585467788481,308,280.7497752615346
PT,PT,Lineage8,C8G,4,0.35,0.0093647979222872,208,197.34252500689797
PT,PT,Lineage8,C8G,5,0.45,0.0063393836285634,130,129.6577084108946
PT,PT,Lineage8,C8G,6,0.55,0.008989286055727,65,64.70883078503329
PT,PT,Lineage8,C8G,7,0.6500000000000001,0.0115667692340667,71,69.36211032228495
PT,PT,Lineage8,C8G,8,0.75,0.0077400451729708,38,38.0
PT,PT,Lineage8,C8G,9,0.8500000000000001,0.0033171205767168,27,27.0
PT,PT,Lineage8,C8G,10,0.95,0.0082379575683119,34,34.0
PT,PT,Lineage9,C8G,1,0.05,0.0024002618143372,149,139.01540152713133
PT,PT,Lineage9,C8G,2,0.15,0.0029733770013282,339,247.97135830069257
PT,PT,Lineage9,C8G,3,0.25,0.0030111212728642,123,117.41949502491028
PT,PT,Lineage9,C8G,4,0.35,0.0044172041219115,131,119.48642283382205
PT,PT,Lineage9,C8G,5,0.45,0.006316085965765,72,70.8406739824326
PT,PT,Lineage9,C8G,6,0.55,0.0040144813969229,60,60.0
PT,PT,Lineage9,C8G,7,0.6500000000000001,0.0055864150658607,56,56.0
PT,PT,Lineage9,C8G,8,0.75,0.0058559424843238,60,59.77233515030349
PT,PT,Lineage9,C8G,9,0.8500000000000001,0.0038193050771358,35,34.40865010410188
PT,PT,Lineage9,C8G,10,0.95,0.0,9,9.0
PT,PT,Lineage10,C8G,1,0.05,0.0028439928969531,127,121.94203640035742
PT,PT,Lineage10,C8G,2,0.15,0.0036572683344953,235,186.3499317993566
PT,PT,Lineage10,C8G,3,0.25,0.0014179462242412,212,194.55863183093717
PT,PT,Lineage10,C8G,4,0.35,0.0042842555413655,161,157.77531572035284
PT,PT,Lineage10,C8G,5,0.45,0.007193842057729,86,84.9432771760723
PT,PT,Lineage10,C8G,6,0.55,0.0122674246799765,51,49.914921520569905
PT,PT,Lineage10,C8G,7,0.6500000000000001,0.013449519776065,38,37.20480609719146
PT,PT,Lineage10,C8G,8,0.75,0.0083466586814248,44,43.73168956219897
PT,PT,Lineage10,C8G,9,0.8500000000000001,0.0073532972151772,22,22.0
PT,PT,Lineage10,C8G,10,0.95,0.0015803381674104,27,27.0
PT,PT,Lineage11,C8G,1,0.05,0.0024949525202485,81,80.35157546507226
PT,PT,Lineage11,C8G,2,0.15,0.0025517431606287,97,95.71596014277668
PT,PT,Lineage11,C8G,3,0.25,0.0034043595932946,113,97.8670671200438
PT,PT,Lineage11,C8G,4,0.35,0.0038119520337579,127,120.81313601222926
PT,PT,Lineage11,C8G,5,0.45,0.0024971477078361,142,142.0
PT,PT,Lineage11,C8G,6,0.55,0.0027940192133267,124,124.0
PT,PT,Lineage11,C8G,7,0.6500000000000001,0.0048379767578417,74,74.0
PT,PT,Lineage11,C8G,8,0.75,0.001683658497505,69,68.65074148827756
PT,PT,Lineage11,C8G,9,0.8500000000000001,0.0006795467857053,22,21.708857808650315
PT,PT,Lineage11,C8G,10,0.95,0.0,7,6.797247006847127
PT,PT,Lineage1,C9,1,0.05,0.1866858198762481,1249,968.05520541352
PT,PT,Lineage1,C9,2,0.15,0.2255340009614591,552,347.17207211972107
PT,PT,Lineage1,C9,3,0.25,0.1201334602069068,415,362.2316899549579
PT,PT,Lineage1,C9,4,0.35,0.1178071228015486,298,291.86671911763847
PT,PT,Lineage1,C9,5,0.45,0.1015319012677187,214,214.0
PT,PT,Lineage1,C9,6,0.55,0.0878883491641955,144,144.0
PT,PT,Lineage1,C9,7,0.6500000000000001,0.0984037145604515,66,66.0
PT,PT,Lineage1,C9,8,0.75,0.057180668374664,14,14.0
PT,PT,Lineage1,C9,9,0.8500000000000001,0.0374948975636174,36,36.0
PT,PT,Lineage1,C9,10,0.95,0.0266006627376788,38,38.0
PT,PT,Lineage2,C9,1,0.05,0.1773502724876695,531,439.2674302593681
PT,PT,Lineage2,C9,2,0.15,0.1965433986063257,904,658.5647247615038
PT,PT,Lineage2,C9,3,0.25,0.2293214359660939,254,179.45508407137004
PT,PT,Lineage2,C9,4,0.35,0.1866637476505039,157,131.7975586839539
PT,PT,Lineage2,C9,5,0.45,0.1209923013216694,175,167.56585004340508
PT,PT,Lineage2,C9,6,0.55,0.0826008235037856,134,130.41830236371263
PT,PT,Lineage2,C9,7,0.6500000000000001,0.0532753186105005,95,85.90914029140448
PT,PT,Lineage2,C9,8,0.75,0.0573615984753417,129,129.0
PT,PT,Lineage2,C9,9,0.8500000000000001,0.0313771093249527,128,128.0
PT,PT,Lineage2,C9,10,0.95,0.0325555757952455,20,20.0
PT,PT,Lineage3,C9,1,0.05,0.1767708438063751,517,427.2278725752045
PT,PT,Lineage3,C9,2,0.15,0.1971862619153931,900,662.5893266960761
PT,PT,Lineage3,C9,3,0.25,0.2240383081637618,269,179.76417810309016
PT,PT,Lineage3,C9,4,0.35,0.189680380621644,162,130.73432867837596
PT,PT,Lineage3,C9,5,0.45,0.1251309272418051,180,169.86642041577562
PT,PT,Lineage3,C9,6,0.55,0.0728714614209225,155,141.63271721826248
PT,PT,Lineage3,C9,7,0.6500000000000001,0.056371164466479,179,107.79195360971444
PT,PT,Lineage3,C9,8,0.75,0.0710155826656593,133,133.0
PT,PT,Lineage3,C9,9,0.8500000000000001,0.0295743485075017,61,61.0
PT,PT,Lineage3,C9,10,0.95,0.0405789383400999,57,57.0
PT,PT,Lineage4,C9,1,0.05,0.1740705688128541,287,238.8565439072539
PT,PT,Lineage4,C9,2,0.15,0.2001414422708397,485,449.9064774059803
PT,PT,Lineage4,C9,3,0.25,0.198290796277527,262,204.20559290380197
PT,PT,Lineage4,C9,4,0.35,0.2673136205201416,154,113.71812210437758
PT,PT,Lineage4,C9,5,0.45,0.3349103290475809,289,285.37619856026345
PT,PT,Lineage4,C9,6,0.55,0.2775549555620658,203,203.0
PT,PT,Lineage4,C9,7,0.6500000000000001,0.2295348553986385,228,204.58420859296663
PT,PT,Lineage4,C9,8,0.75,0.180519318131706,286,272.71045654338775
PT,PT,Lineage4,C9,9,0.8500000000000001,0.1719769664167799,186,183.304830402454
PT,PT,Lineage4,C9,10,0.95,0.1806330347150364,120,115.95473945814668
PT,PT,Lineage5,C9,1,0.05,0.1714987403680187,290,257.0789487554607
PT,PT,Lineage5,C9,2,0.15,0.1851903214392768,519,433.32955356148386
PT,PT,Lineage5,C9,3,0.25,0.1998833458005149,540,424.84936042523736
PT,PT,Lineage5,C9,4,0.35,0.2334408181190907,332,201.0105077595712
PT,PT,Lineage5,C9,5,0.45,0.275012012363041,197,131.2016206783867
PT,PT,Lineage5,C9,6,0.55,0.306115804698346,77,56.1445837270891
PT,PT,Lineage5,C9,7,0.6500000000000001,0.1798482947308125,50,48.34756384820716
PT,PT,Lineage5,C9,8,0.75,0.0975488957663098,34,33.771334858429455
PT,PT,Lineage5,C9,9,0.8500000000000001,0.0547884349815715,23,22.225325994507436
PT,PT,Lineage5,C9,10,0.95,0.1598654763561015,23,23.0
PT,PT,Lineage6,C9,1,0.05,0.1661043803365309,154,143.89721539858016
PT,PT,Lineage6,C9,2,0.15,0.1774677877348967,299,236.03424365924823
PT,PT,Lineage6,C9,3,0.25,0.199448750588336,260,222.2888809081952
PT,PT,Lineage6,C9,4,0.35,0.200394720783886,240,216.9700322803281
PT,PT,Lineage6,C9,5,0.45,0.2058249692755781,200,173.57791074948216
PT,PT,Lineage6,C9,6,0.55,0.2220477641719139,284,252.22905095730775
PT,PT,Lineage6,C9,7,0.6500000000000001,0.2122253449229467,165,165.0
PT,PT,Lineage6,C9,8,0.75,0.2080206358136981,193,193.0
PT,PT,Lineage6,C9,9,0.8500000000000001,0.2054094215889849,100,94.52758047493109
PT,PT,Lineage6,C9,10,0.95,0.2288636559498726,77,60.49712959235555
PT,PT,Lineage7,C9,1,0.05,0.1665143080848745,229,210.71396790972477
PT,PT,Lineage7,C9,2,0.15,0.1857454278195506,265,235.78987949020433
PT,PT,Lineage7,C9,3,0.25,0.2026174477933359,203,202.32967544339283
PT,PT,Lineage7,C9,4,0.35,0.2117488976864358,564,357.2568283786706
PT,PT,Lineage7,C9,5,0.45,0.2082067302686185,129,123.313224974485
PT,PT,Lineage7,C9,6,0.55,0.1760448905131912,222,215.15909274101543
PT,PT,Lineage7,C9,7,0.6500000000000001,0.1923958844476897,352,328.2548314038918
PT,PT,Lineage7,C9,8,0.75,0.1997170339505635,253,248.86947849066132
PT,PT,Lineage7,C9,9,0.8500000000000001,0.2259214854370199,104,103.91720943731887
PT,PT,Lineage7,C9,10,0.95,0.2762480116870255,25,25.0
PT,PT,Lineage8,C9,1,0.05,0.1711780320111004,283,243.861858869527
PT,PT,Lineage8,C9,2,0.15,0.1867436209594288,366,298.864557479168
PT,PT,Lineage8,C9,3,0.25,0.2018082075371534,308,280.7497752615346
PT,PT,Lineage8,C9,4,0.35,0.2111346726585775,208,197.34252500689797
PT,PT,Lineage8,C9,5,0.45,0.2221075418923989,130,129.6577084108946
PT,PT,Lineage8,C9,6,0.55,0.2461795794163211,65,64.70883078503329
PT,PT,Lineage8,C9,7,0.6500000000000001,0.2384940202918398,71,69.36211032228495
PT,PT,Lineage8,C9,8,0.75,0.3077371034861362,38,38.0
PT,PT,Lineage8,C9,9,0.8500000000000001,0.362225524268923,27,27.0
PT,PT,Lineage8,C9,10,0.95,0.3095819512246049,34,34.0
PT,PT,Lineage9,C9,1,0.05,0.165767214928638,149,139.01540152713133
PT,PT,Lineage9,C9,2,0.15,0.1749172984941491,339,247.97135830069257
PT,PT,Lineage9,C9,3,0.25,0.1802535829765484,123,117.41949502491028
PT,PT,Lineage9,C9,4,0.35,0.1890853779338828,131,119.48642283382205
PT,PT,Lineage9,C9,5,0.45,0.1789855829094135,72,70.8406739824326
PT,PT,Lineage9,C9,6,0.55,0.1897985713962001,60,60.0
PT,PT,Lineage9,C9,7,0.6500000000000001,0.2099184776826122,56,56.0
PT,PT,Lineage9,C9,8,0.75,0.2032523070382238,60,59.77233515030349
PT,PT,Lineage9,C9,9,0.8500000000000001,0.2042281681863819,35,34.40865010410188
PT,PT,Lineage9,C9,10,0.95,0.2063959496598396,9,9.0
PT,PT,Lineage10,C9,1,0.05,0.1701163079938052,127,121.94203640035742
PT,PT,Lineage10,C9,2,0.15,0.1740752387065103,235,186.3499317993566
PT,PT,Lineage10,C9,3,0.25,0.1906198944504843,212,194.55863183093717
PT,PT,Lineage10,C9,4,0.35,0.1751303211188255,161,157.77531572035284
PT,PT,Lineage10,C9,5,0.45,0.1588961390733511,86,84.9432771760723
PT,PT,Lineage10,C9,6,0.55,0.2079732453891793,51,49.914921520569905
PT,PT,Lineage10,C9,7,0.6500000000000001,0.2021166836521769,38,37.20480609719146
PT,PT,Lineage10,C9,8,0.75,0.2833336206347038,44,43.73168956219897
PT,PT,Lineage10,C9,9,0.8500000000000001,0.2106399442940612,22,22.0
PT,PT,Lineage10,C9,10,0.95,0.1636855704612406,27,27.0
PT,PT,Lineage11,C9,1,0.05,0.171829015675125,81,80.35157546507226
PT,PT,Lineage11,C9,2,0.15,0.1639453374125342,97,95.71596014277668
PT,PT,Lineage11,C9,3,0.25,0.1676307456244153,113,97.8670671200438
PT,PT,Lineage11,C9,4,0.35,0.1968532968006242,127,120.81313601222926
PT,PT,Lineage11,C9,5,0.45,0.188858700585504,142,142.0
PT,PT,Lineage11,C9,6,0.55,0.1951589566209164,124,124.0
PT,PT,Lineage11,C9,7,0.6500000000000001,0.1660417288807857,74,74.0
PT,PT,Lineage11,C9,8,0.75,0.1867612886704436,69,68.65074148827756
PT,PT,Lineage11,C9,9,0.8500000000000001,0.1751597292281684,22,21.708857808650315
PT,PT,Lineage11,C9,10,0.95,0.1273270857823958,7,6.797247006847127
PT,PT,Lineage1,C3AR1,1,0.05,0.0037323068184451,1249,968.05520541352
PT,PT,Lineage1,C3AR1,2,0.15,0.00283221269662,552,347.17207211972107
PT,PT,Lineage1,C3AR1,3,0.25,0.0075104494229447,415,362.2316899549579
PT,PT,Lineage1,C3AR1,4,0.35,0.0039230350768537,298,291.86671911763847
PT,PT,Lineage1,C3AR1,5,0.45,0.0061046306117754,214,214.0
PT,PT,Lineage1,C3AR1,6,0.55,0.0064660596637965,144,144.0
PT,PT,Lineage1,C3AR1,7,0.6500000000000001,0.0030567305156728,66,66.0
PT,PT,Lineage1,C3AR1,8,0.75,0.0008085912542363,14,14.0
PT,PT,Lineage1,C3AR1,9,0.8500000000000001,0.0010797137633739,36,36.0
PT,PT,Lineage1,C3AR1,10,0.95,0.0008382632994452,38,38.0
PT,PT,Lineage2,C3AR1,1,0.05,0.0036858145689496,531,439.2674302593681
PT,PT,Lineage2,C3AR1,2,0.15,0.0036525281844619,904,658.5647247615038
PT,PT,Lineage2,C3AR1,3,0.25,0.0023468623006042,254,179.45508407137004
PT,PT,Lineage2,C3AR1,4,0.35,0.0068311401282681,157,131.7975586839539
PT,PT,Lineage2,C3AR1,5,0.45,0.0142869466509403,175,167.56585004340508
PT,PT,Lineage2,C3AR1,6,0.55,0.0062353151441408,134,130.41830236371263
PT,PT,Lineage2,C3AR1,7,0.6500000000000001,0.0260658826267419,95,85.90914029140448
PT,PT,Lineage2,C3AR1,8,0.75,0.0135341269255225,129,129.0
PT,PT,Lineage2,C3AR1,9,0.8500000000000001,0.00673351696391,128,128.0
PT,PT,Lineage2,C3AR1,10,0.95,0.0209388699192923,20,20.0
PT,PT,Lineage3,C3AR1,1,0.05,0.0037897628662146,517,427.2278725752045
PT,PT,Lineage3,C3AR1,2,0.15,0.0036294569663274,900,662.5893266960761
PT,PT,Lineage3,C3AR1,3,0.25,0.0022979805130558,269,179.76417810309016
PT,PT,Lineage3,C3AR1,4,0.35,0.0061216214947928,162,130.73432867837596
PT,PT,Lineage3,C3AR1,5,0.45,0.0129398875226639,180,169.86642041577562
PT,PT,Lineage3,C3AR1,6,0.55,0.0053062373634232,155,141.63271721826248
PT,PT,Lineage3,C3AR1,7,0.6500000000000001,0.0197365244676525,179,107.79195360971444
PT,PT,Lineage3,C3AR1,8,0.75,0.0171898591455623,133,133.0
PT,PT,Lineage3,C3AR1,9,0.8500000000000001,0.001635355904104,61,61.0
PT,PT,Lineage3,C3AR1,10,0.95,0.0051182618685429,57,57.0
PT,PT,Lineage4,C3AR1,1,0.05,0.0038524851194496,287,238.8565439072539
PT,PT,Lineage4,C3AR1,2,0.15,0.0040212343053746,485,449.9064774059803
PT,PT,Lineage4,C3AR1,3,0.25,0.0025738285116939,262,204.20559290380197
PT,PT,Lineage4,C3AR1,4,0.35,0.0026137629300554,154,113.71812210437758
PT,PT,Lineage4,C3AR1,5,0.45,0.0024271504443929,289,285.37619856026345
PT,PT,Lineage4,C3AR1,6,0.55,0.0016179952101242,203,203.0
PT,PT,Lineage4,C3AR1,7,0.6500000000000001,0.0033647695395983,228,204.58420859296663
PT,PT,Lineage4,C3AR1,8,0.75,0.0020459906476599,286,272.71045654338775
PT,PT,Lineage4,C3AR1,9,0.8500000000000001,0.0037081260150829,186,183.304830402454
PT,PT,Lineage4,C3AR1,10,0.95,0.0052395087931695,120,115.95473945814668
PT,PT,Lineage5,C3AR1,1,0.05,0.0044686775061771,290,257.0789487554607
PT,PT,Lineage5,C3AR1,2,0.15,0.0036394558944803,519,433.32955356148386
PT,PT,Lineage5,C3AR1,3,0.25,0.0031857588455341,540,424.84936042523736
PT,PT,Lineage5,C3AR1,4,0.35,0.0021753582591668,332,201.0105077595712
PT,PT,Lineage5,C3AR1,5,0.45,0.0026178407527082,197,131.2016206783867
PT,PT,Lineage5,C3AR1,6,0.55,0.0018029317606168,77,56.1445837270891
PT,PT,Lineage5,C3AR1,7,0.6500000000000001,0.0028084116030863,50,48.34756384820716
PT,PT,Lineage5,C3AR1,8,0.75,0.00138843715013,34,33.771334858429455
PT,PT,Lineage5,C3AR1,9,0.8500000000000001,0.0092119080865017,23,22.225325994507436
PT,PT,Lineage5,C3AR1,10,0.95,0.002791969569349,23,23.0
PT,PT,Lineage6,C3AR1,1,0.05,0.0057584690233668,154,143.89721539858016
PT,PT,Lineage6,C3AR1,2,0.15,0.002499954893842,299,236.03424365924823
PT,PT,Lineage6,C3AR1,3,0.25,0.0027981176690464,260,222.2888809081952
PT,PT,Lineage6,C3AR1,4,0.35,0.0034016842585384,240,216.9700322803281
PT,PT,Lineage6,C3AR1,5,0.45,0.0036074615550352,200,173.57791074948216
PT,PT,Lineage6,C3AR1,6,0.55,0.0048999286730523,284,252.22905095730775
PT,PT,Lineage6,C3AR1,7,0.6500000000000001,0.0058990034626991,165,165.0
PT,PT,Lineage6,C3AR1,8,0.75,0.0072093295354116,193,193.0
PT,PT,Lineage6,C3AR1,9,0.8500000000000001,0.0052579102792658,100,94.52758047493109
PT,PT,Lineage6,C3AR1,10,0.95,0.0068452351856319,77,60.49712959235555
PT,PT,Lineage7,C3AR1,1,0.05,0.0053521360985715,229,210.71396790972477
PT,PT,Lineage7,C3AR1,2,0.15,0.0024057904428178,265,235.78987949020433
PT,PT,Lineage7,C3AR1,3,0.25,0.0024793139458842,203,202.32967544339283
PT,PT,Lineage7,C3AR1,4,0.35,0.0047459111793458,564,357.2568283786706
PT,PT,Lineage7,C3AR1,5,0.45,0.0035445570935,129,123.313224974485
PT,PT,Lineage7,C3AR1,6,0.55,0.0037353437227031,222,215.15909274101543
PT,PT,Lineage7,C3AR1,7,0.6500000000000001,0.0050100183227645,352,328.2548314038918
PT,PT,Lineage7,C3AR1,8,0.75,0.0021134047700227,253,248.86947849066132
PT,PT,Lineage7,C3AR1,9,0.8500000000000001,0.0016676588818396,104,103.91720943731887
PT,PT,Lineage7,C3AR1,10,0.95,0.0,25,25.0
PT,PT,Lineage8,C3AR1,1,0.05,0.0050391863656931,283,243.861858869527
PT,PT,Lineage8,C3AR1,2,0.15,0.0022757593782417,366,298.864557479168
PT,PT,Lineage8,C3AR1,3,0.25,0.002696473161428,308,280.7497752615346
PT,PT,Lineage8,C3AR1,4,0.35,0.0031634165243319,208,197.34252500689797
PT,PT,Lineage8,C3AR1,5,0.45,0.0042655946526033,130,129.6577084108946
PT,PT,Lineage8,C3AR1,6,0.55,0.0044854041672487,65,64.70883078503329
PT,PT,Lineage8,C3AR1,7,0.6500000000000001,0.0027679816870194,71,69.36211032228495
PT,PT,Lineage8,C3AR1,8,0.75,0.0033528455835881,38,38.0
PT,PT,Lineage8,C3AR1,9,0.8500000000000001,0.001607999541767,27,27.0
PT,PT,Lineage8,C3AR1,10,0.95,0.0021649023706366,34,34.0
PT,PT,Lineage9,C3AR1,1,0.05,0.0055031576439379,149,139.01540152713133
PT,PT,Lineage9,C3AR1,2,0.15,0.0032145147773968,339,247.97135830069257
PT,PT,Lineage9,C3AR1,3,0.25,0.0032550654453754,123,117.41949502491028
PT,PT,Lineage9,C3AR1,4,0.35,0.0043651699903796,131,119.48642283382205
PT,PT,Lineage9,C3AR1,5,0.45,0.0005626762151714,72,70.8406739824326
PT,PT,Lineage9,C3AR1,6,0.55,0.0067525413825658,60,60.0
PT,PT,Lineage9,C3AR1,7,0.6500000000000001,0.0013622418577268,56,56.0
PT,PT,Lineage9,C3AR1,8,0.75,0.0035206802175414,60,59.77233515030349
PT,PT,Lineage9,C3AR1,9,0.8500000000000001,0.0098817868501504,35,34.40865010410188
PT,PT,Lineage9,C3AR1,10,0.95,0.0301133656108618,9,9.0
PT,PT,Lineage10,C3AR1,1,0.05,0.0054761764077472,127,121.94203640035742
PT,PT,Lineage10,C3AR1,2,0.15,0.0040555333809817,235,186.3499317993566
PT,PT,Lineage10,C3AR1,3,0.25,0.0023723640681435,212,194.55863183093717
PT,PT,Lineage10,C3AR1,4,0.35,0.0050499937771362,161,157.77531572035284
PT,PT,Lineage10,C3AR1,5,0.45,0.0012870088567035,86,84.9432771760723
PT,PT,Lineage10,C3AR1,6,0.55,0.0010636857717901,51,49.914921520569905
PT,PT,Lineage10,C3AR1,7,0.6500000000000001,0.0020646380551847,38,37.20480609719146
PT,PT,Lineage10,C3AR1,8,0.75,0.0046764008706599,44,43.73168956219897
PT,PT,Lineage10,C3AR1,9,0.8500000000000001,0.0051406165265649,22,22.0
PT,PT,Lineage10,C3AR1,10,0.95,0.0028627886510709,27,27.0
PT,PT,Lineage11,C3AR1,1,0.05,0.0061123506827483,81,80.35157546507226
PT,PT,Lineage11,C3AR1,2,0.15,0.0047592943665337,97,95.71596014277668
PT,PT,Lineage11,C3AR1,3,0.25,0.0039329018402507,113,97.8670671200438
PT,PT,Lineage11,C3AR1,4,0.35,0.0016993080044336,127,120.81313601222926
PT,PT,Lineage11,C3AR1,5,0.45,0.0040693336506609,142,142.0
PT,PT,Lineage11,C3AR1,6,0.55,0.003867886446085,124,124.0
PT,PT,Lineage11,C3AR1,7,0.6500000000000001,0.0030606082264736,74,74.0
PT,PT,Lineage11,C3AR1,8,0.75,0.002888389548996,69,68.65074148827756
PT,PT,Lineage11,C3AR1,9,0.8500000000000001,0.0015580275478856,22,21.708857808650315
PT,PT,Lineage11,C3AR1,10,0.95,0.0,7,6.797247006847127
PT,PT,Lineage1,C5AR1,1,0.05,0.1172954547475322,1249,968.05520541352
PT,PT,Lineage1,C5AR1,2,0.15,0.2711109813618809,552,347.17207211972107
PT,PT,Lineage1,C5AR1,3,0.25,0.3180254970324953,415,362.2316899549579
PT,PT,Lineage1,C5AR1,4,0.35,0.2548487480499984,298,291.86671911763847
PT,PT,Lineage1,C5AR1,5,0.45,0.2307373716702694,214,214.0
PT,PT,Lineage1,C5AR1,6,0.55,0.1615604000364828,144,144.0
PT,PT,Lineage1,C5AR1,7,0.6500000000000001,0.1762768182734102,66,66.0
PT,PT,Lineage1,C5AR1,8,0.75,0.3042267482176591,14,14.0
PT,PT,Lineage1,C5AR1,9,0.8500000000000001,0.4991858118327891,36,36.0
PT,PT,Lineage1,C5AR1,10,0.95,0.570354078101349,38,38.0
PT,PT,Lineage2,C5AR1,1,0.05,0.11433471108966,531,439.2674302593681
PT,PT,Lineage2,C5AR1,2,0.15,0.1247251451923538,904,658.5647247615038
PT,PT,Lineage2,C5AR1,3,0.25,0.2746666936678719,254,179.45508407137004
PT,PT,Lineage2,C5AR1,4,0.35,0.3847029112202311,157,131.7975586839539
PT,PT,Lineage2,C5AR1,5,0.45,0.2583717279391328,175,167.56585004340508
PT,PT,Lineage2,C5AR1,6,0.55,0.1358184064354191,134,130.41830236371263
PT,PT,Lineage2,C5AR1,7,0.6500000000000001,0.126810729540312,95,85.90914029140448
PT,PT,Lineage2,C5AR1,8,0.75,0.0519313950634193,129,129.0
PT,PT,Lineage2,C5AR1,9,0.8500000000000001,0.0544876839251166,128,128.0
PT,PT,Lineage2,C5AR1,10,0.95,0.0538577109607957,20,20.0
PT,PT,Lineage3,C5AR1,1,0.05,0.1122721290181111,517,427.2278725752045
PT,PT,Lineage3,C5AR1,2,0.15,0.1263078286914838,900,662.5893266960761
PT,PT,Lineage3,C5AR1,3,0.25,0.2629198554202763,269,179.76417810309016
PT,PT,Lineage3,C5AR1,4,0.35,0.3744495612945664,162,130.73432867837596
PT,PT,Lineage3,C5AR1,5,0.45,0.2601775274926047,180,169.86642041577562
PT,PT,Lineage3,C5AR1,6,0.55,0.1250016167298345,155,141.63271721826248
PT,PT,Lineage3,C5AR1,7,0.6500000000000001,0.0783438157415805,179,107.79195360971444
PT,PT,Lineage3,C5AR1,8,0.75,0.0436599736545375,133,133.0
PT,PT,Lineage3,C5AR1,9,0.8500000000000001,0.0538548505162949,61,61.0
PT,PT,Lineage3,C5AR1,10,0.95,0.0554761170970922,57,57.0
PT,PT,Lineage4,C5AR1,1,0.05,0.1128049873125741,287,238.8565439072539
PT,PT,Lineage4,C5AR1,2,0.15,0.1249383412188623,485,449.9064774059803
PT,PT,Lineage4,C5AR1,3,0.25,0.1894933581196835,262,204.20559290380197
PT,PT,Lineage4,C5AR1,4,0.35,0.342841512726597,154,113.71812210437758
PT,PT,Lineage4,C5AR1,5,0.45,0.4558135637448017,289,285.37619856026345
PT,PT,Lineage4,C5AR1,6,0.55,0.2500074643885662,203,203.0
PT,PT,Lineage4,C5AR1,7,0.6500000000000001,0.0890604685158608,228,204.58420859296663
PT,PT,Lineage4,C5AR1,8,0.75,0.1066300824344231,286,272.71045654338775
PT,PT,Lineage4,C5AR1,9,0.8500000000000001,0.0965339181383733,186,183.304830402454
PT,PT,Lineage4,C5AR1,10,0.95,0.073289883449126,120,115.95473945814668
PT,PT,Lineage5,C5AR1,1,0.05,0.0978900915549455,290,257.0789487554607
PT,PT,Lineage5,C5AR1,2,0.15,0.131393934894943,519,433.32955356148386
PT,PT,Lineage5,C5AR1,3,0.25,0.1262029633610605,540,424.84936042523736
PT,PT,Lineage5,C5AR1,4,0.35,0.1628815530256095,332,201.0105077595712
PT,PT,Lineage5,C5AR1,5,0.45,0.361051752655776,197,131.2016206783867
PT,PT,Lineage5,C5AR1,6,0.55,0.4047602591627944,77,56.1445837270891
PT,PT,Lineage5,C5AR1,7,0.6500000000000001,0.3067278392476526,50,48.34756384820716
PT,PT,Lineage5,C5AR1,8,0.75,0.2775407885699799,34,33.771334858429455
PT,PT,Lineage5,C5AR1,9,0.8500000000000001,0.2612687602941203,23,22.225325994507436
PT,PT,Lineage5,C5AR1,10,0.95,0.2071690072621474,23,23.0
PT,PT,Lineage6,C5AR1,1,0.05,0.0927115002619153,154,143.89721539858016
PT,PT,Lineage6,C5AR1,2,0.15,0.1233474372348569,299,236.03424365924823
PT,PT,Lineage6,C5AR1,3,0.25,0.1265841396946869,260,222.2888809081952
PT,PT,Lineage6,C5AR1,4,0.35,0.1540170855496524,240,216.9700322803281
PT,PT,Lineage6,C5AR1,5,0.45,0.1814994513422122,200,173.57791074948216
PT,PT,Lineage6,C5AR1,6,0.55,0.1737584727671473,284,252.22905095730775
PT,PT,Lineage6,C5AR1,7,0.6500000000000001,0.102955570429172,165,165.0
PT,PT,Lineage6,C5AR1,8,0.75,0.0828746383748912,193,193.0
PT,PT,Lineage6,C5AR1,9,0.8500000000000001,0.0847178137124827,100,94.52758047493109
PT,PT,Lineage6,C5AR1,10,0.95,0.073792424686619,77,60.49712959235555
PT,PT,Lineage7,C5AR1,1,0.05,0.0953418145944293,229,210.71396790972477
PT,PT,Lineage7,C5AR1,2,0.15,0.1279079182527226,265,235.78987949020433
PT,PT,Lineage7,C5AR1,3,0.25,0.1406485420315696,203,202.32967544339283
PT,PT,Lineage7,C5AR1,4,0.35,0.1707370024579463,564,357.2568283786706
PT,PT,Lineage7,C5AR1,5,0.45,0.1918459695655537,129,123.313224974485
PT,PT,Lineage7,C5AR1,6,0.55,0.1712147942596045,222,215.15909274101543
PT,PT,Lineage7,C5AR1,7,0.6500000000000001,0.1259770481939004,352,328.2548314038918
PT,PT,Lineage7,C5AR1,8,0.75,0.1115847406543122,253,248.86947849066132
PT,PT,Lineage7,C5AR1,9,0.8500000000000001,0.0940741329418248,104,103.91720943731887
PT,PT,Lineage7,C5AR1,10,0.95,0.0613928470221446,25,25.0
PT,PT,Lineage8,C5AR1,1,0.05,0.0990226712331746,283,243.861858869527
PT,PT,Lineage8,C5AR1,2,0.15,0.1276624222585838,366,298.864557479168
PT,PT,Lineage8,C5AR1,3,0.25,0.1603758898227542,308,280.7497752615346
PT,PT,Lineage8,C5AR1,4,0.35,0.1789869455995169,208,197.34252500689797
PT,PT,Lineage8,C5AR1,5,0.45,0.2185826120679797,130,129.6577084108946
PT,PT,Lineage8,C5AR1,6,0.55,0.3055324585809888,65,64.70883078503329
PT,PT,Lineage8,C5AR1,7,0.6500000000000001,0.3603661520407395,71,69.36211032228495
PT,PT,Lineage8,C5AR1,8,0.75,0.4135942745120377,38,38.0
PT,PT,Lineage8,C5AR1,9,0.8500000000000001,0.4345564831790469,27,27.0
PT,PT,Lineage8,C5AR1,10,0.95,0.4142351019724269,34,34.0
PT,PT,Lineage9,C5AR1,1,0.05,0.0920456725072512,149,139.01540152713133
PT,PT,Lineage9,C5AR1,2,0.15,0.1249033767877414,339,247.97135830069257
PT,PT,Lineage9,C5AR1,3,0.25,0.1049017118172093,123,117.41949502491028
PT,PT,Lineage9,C5AR1,4,0.35,0.077147586033411,131,119.48642283382205
PT,PT,Lineage9,C5AR1,5,0.45,0.084268234719675,72,70.8406739824326
PT,PT,Lineage9,C5AR1,6,0.55,0.083636210761553,60,60.0
PT,PT,Lineage9,C5AR1,7,0.6500000000000001,0.0831872591054456,56,56.0
PT,PT,Lineage9,C5AR1,8,0.75,0.0811442494496001,60,59.77233515030349
PT,PT,Lineage9,C5AR1,9,0.8500000000000001,0.0756437185529623,35,34.40865010410188
PT,PT,Lineage9,C5AR1,10,0.95,0.0,9,9.0
PT,PT,Lineage10,C5AR1,1,0.05,0.0934903116616234,127,121.94203640035742
PT,PT,Lineage10,C5AR1,2,0.15,0.1084379283173762,235,186.3499317993566
PT,PT,Lineage10,C5AR1,3,0.25,0.136213922908146,212,194.55863183093717
PT,PT,Lineage10,C5AR1,4,0.35,0.163698156680739,161,157.77531572035284
PT,PT,Lineage10,C5AR1,5,0.45,0.2209161423752309,86,84.9432771760723
PT,PT,Lineage10,C5AR1,6,0.55,0.3162654327809517,51,49.914921520569905
PT,PT,Lineage10,C5AR1,7,0.6500000000000001,0.2973568641936175,38,37.20480609719146
PT,PT,Lineage10,C5AR1,8,0.75,0.3809535578271807,44,43.73168956219897
PT,PT,Lineage10,C5AR1,9,0.8500000000000001,0.5459766931395893,22,22.0
PT,PT,Lineage10,C5AR1,10,0.95,0.3856236417489606,27,27.0
PT,PT,Lineage11,C5AR1,1,0.05,0.0902551056864959,81,80.35157546507226
PT,PT,Lineage11,C5AR1,2,0.15,0.0968970100271998,97,95.71596014277668
PT,PT,Lineage11,C5AR1,3,0.25,0.1237419479646773,113,97.8670671200438
PT,PT,Lineage11,C5AR1,4,0.35,0.1231759903392487,127,120.81313601222926
PT,PT,Lineage11,C5AR1,5,0.45,0.135714136550845,142,142.0
PT,PT,Lineage11,C5AR1,6,0.55,0.1415298220151858,124,124.0
PT,PT,Lineage11,C5AR1,7,0.6500000000000001,0.1025962563599705,74,74.0
PT,PT,Lineage11,C5AR1,8,0.75,0.0823155645057576,69,68.65074148827756
PT,PT,Lineage11,C5AR1,9,0.8500000000000001,0.0796477054865607,22,21.708857808650315
PT,PT,Lineage11,C5AR1,10,0.95,0.1220058109267533,7,6.797247006847127
PT,PT,Lineage1,C5AR2,1,0.05,0.0043553776958121,1249,968.05520541352
PT,PT,Lineage1,C5AR2,2,0.15,0.006227357455181,552,347.17207211972107
PT,PT,Lineage1,C5AR2,3,0.25,0.006445067835576,415,362.2316899549579
PT,PT,Lineage1,C5AR2,4,0.35,0.0059319072652313,298,291.86671911763847
PT,PT,Lineage1,C5AR2,5,0.45,0.0032831947630831,214,214.0
PT,PT,Lineage1,C5AR2,6,0.55,0.0023491527008675,144,144.0
PT,PT,Lineage1,C5AR2,7,0.6500000000000001,0.0067830216610636,66,66.0
PT,PT,Lineage1,C5AR2,8,0.75,0.004560793814375,14,14.0
PT,PT,Lineage1,C5AR2,9,0.8500000000000001,0.0096928931059785,36,36.0
PT,PT,Lineage1,C5AR2,10,0.95,0.0057398905981955,38,38.0
PT,PT,Lineage2,C5AR2,1,0.05,0.0038244014816321,531,439.2674302593681
PT,PT,Lineage2,C5AR2,2,0.15,0.0051305003137474,904,658.5647247615038
PT,PT,Lineage2,C5AR2,3,0.25,0.0064282112575732,254,179.45508407137004
PT,PT,Lineage2,C5AR2,4,0.35,0.0086243672008815,157,131.7975586839539
PT,PT,Lineage2,C5AR2,5,0.45,0.0099307213600972,175,167.56585004340508
PT,PT,Lineage2,C5AR2,6,0.55,0.0169329867451334,134,130.41830236371263
PT,PT,Lineage2,C5AR2,7,0.6500000000000001,0.0169489589643554,95,85.90914029140448
PT,PT,Lineage2,C5AR2,8,0.75,0.0255538431180293,129,129.0
PT,PT,Lineage2,C5AR2,9,0.8500000000000001,0.0161196982336496,128,128.0
PT,PT,Lineage2,C5AR2,10,0.95,0.0,20,20.0
PT,PT,Lineage3,C5AR2,1,0.05,0.0037402453103831,517,427.2278725752045
PT,PT,Lineage3,C5AR2,2,0.15,0.0052166302769614,900,662.5893266960761
PT,PT,Lineage3,C5AR2,3,0.25,0.0058445798360642,269,179.76417810309016
PT,PT,Lineage3,C5AR2,4,0.35,0.008849588777352,162,130.73432867837596
PT,PT,Lineage3,C5AR2,5,0.45,0.0110482847847051,180,169.86642041577562
PT,PT,Lineage3,C5AR2,6,0.55,0.0134602625577469,155,141.63271721826248
PT,PT,Lineage3,C5AR2,7,0.6500000000000001,0.0257692558812109,179,107.79195360971444
PT,PT,Lineage3,C5AR2,8,0.75,0.0090220860330497,133,133.0
PT,PT,Lineage3,C5AR2,9,0.8500000000000001,0.0134663889882094,61,61.0
PT,PT,Lineage3,C5AR2,10,0.95,0.003577888483363,57,57.0
PT,PT,Lineage4,C5AR2,1,0.05,0.0043431986764564,287,238.8565439072539
PT,PT,Lineage4,C5AR2,2,0.15,0.0054632899797432,485,449.9064774059803
PT,PT,Lineage4,C5AR2,3,0.25,0.0058991887891328,262,204.20559290380197
PT,PT,Lineage4,C5AR2,4,0.35,0.0024812454008476,154,113.71812210437758
PT,PT,Lineage4,C5AR2,5,0.45,0.003738267303665,289,285.37619856026345
PT,PT,Lineage4,C5AR2,6,0.55,0.0026110042002043,203,203.0
PT,PT,Lineage4,C5AR2,7,0.6500000000000001,0.0043347144616788,228,204.58420859296663
PT,PT,Lineage4,C5AR2,8,0.75,0.003570097401255,286,272.71045654338775
PT,PT,Lineage4,C5AR2,9,0.8500000000000001,0.0014275420045487,186,183.304830402454
PT,PT,Lineage4,C5AR2,10,0.95,0.0026449854274519,120,115.95473945814668
PT,PT,Lineage5,C5AR2,1,0.05,0.0031022357404537,290,257.0789487554607
PT,PT,Lineage5,C5AR2,2,0.15,0.0047934146230108,519,433.32955356148386
PT,PT,Lineage5,C5AR2,3,0.25,0.0050943578042052,540,424.84936042523736
PT,PT,Lineage5,C5AR2,4,0.35,0.0051856748311935,332,201.0105077595712
PT,PT,Lineage5,C5AR2,5,0.45,0.0032946992701524,197,131.2016206783867
PT,PT,Lineage5,C5AR2,6,0.55,0.0040673657637968,77,56.1445837270891
PT,PT,Lineage5,C5AR2,7,0.6500000000000001,0.0086148439697144,50,48.34756384820716
PT,PT,Lineage5,C5AR2,8,0.75,0.002097179379181,34,33.771334858429455
PT,PT,Lineage5,C5AR2,9,0.8500000000000001,0.0069061974290146,23,22.225325994507436
PT,PT,Lineage5,C5AR2,10,0.95,0.0097543328361013,23,23.0
PT,PT,Lineage6,C5AR2,1,0.05,0.0019112871065464,154,143.89721539858016
PT,PT,Lineage6,C5AR2,2,0.15,0.004072047379196,299,236.03424365924823
PT,PT,Lineage6,C5AR2,3,0.25,0.0060371226729159,260,222.2888809081952
PT,PT,Lineage6,C5AR2,4,0.35,0.0052488449262175,240,216.9700322803281
PT,PT,Lineage6,C5AR2,5,0.45,0.0041203708438917,200,173.57791074948216
PT,PT,Lineage6,C5AR2,6,0.55,0.010179503726156,284,252.22905095730775
PT,PT,Lineage6,C5AR2,7,0.6500000000000001,0.0081743705539617,165,165.0
PT,PT,Lineage6,C5AR2,8,0.75,0.004361009167343,193,193.0
PT,PT,Lineage6,C5AR2,9,0.8500000000000001,0.0063114809691602,100,94.52758047493109
PT,PT,Lineage6,C5AR2,10,0.95,0.006339778074351,77,60.49712959235555
PT,PT,Lineage7,C5AR2,1,0.05,0.0016629052400772,229,210.71396790972477
PT,PT,Lineage7,C5AR2,2,0.15,0.0063273419329316,265,235.78987949020433
PT,PT,Lineage7,C5AR2,3,0.25,0.0052637008661198,203,202.32967544339283
PT,PT,Lineage7,C5AR2,4,0.35,0.0086765606278674,564,357.2568283786706
PT,PT,Lineage7,C5AR2,5,0.45,0.0055874370091002,129,123.313224974485
PT,PT,Lineage7,C5AR2,6,0.55,0.0064857135090195,222,215.15909274101543
PT,PT,Lineage7,C5AR2,7,0.6500000000000001,0.0055857125376854,352,328.2548314038918
PT,PT,Lineage7,C5AR2,8,0.75,0.004850956739621,253,248.86947849066132
PT,PT,Lineage7,C5AR2,9,0.8500000000000001,0.0023426562504157,104,103.91720943731887
PT,PT,Lineage7,C5AR2,10,0.95,0.0090941738845982,25,25.0
PT,PT,Lineage8,C5AR2,1,0.05,0.0017987471602653,283,243.861858869527
PT,PT,Lineage8,C5AR2,2,0.15,0.0063868008757445,366,298.864557479168
PT,PT,Lineage8,C5AR2,3,0.25,0.0049267060087023,308,280.7497752615346
PT,PT,Lineage8,C5AR2,4,0.35,0.0076635292059259,208,197.34252500689797
PT,PT,Lineage8,C5AR2,5,0.45,0.0044659239829258,130,129.6577084108946
PT,PT,Lineage8,C5AR2,6,0.55,0.0074746304966764,65,64.70883078503329
PT,PT,Lineage8,C5AR2,7,0.6500000000000001,0.0088080924952524,71,69.36211032228495
PT,PT,Lineage8,C5AR2,8,0.75,0.0012238193276844,38,38.0
PT,PT,Lineage8,C5AR2,9,0.8500000000000001,0.0044450001781782,27,27.0
PT,PT,Lineage8,C5AR2,10,0.95,0.0046879394604653,34,34.0
PT,PT,Lineage9,C5AR2,1,0.05,0.0018347240689557,149,139.01540152713133
PT,PT,Lineage9,C5AR2,2,0.15,0.0033644284808351,339,247.97135830069257
PT,PT,Lineage9,C5AR2,3,0.25,0.0054713743726257,123,117.41949502491028
PT,PT,Lineage9,C5AR2,4,0.35,0.0044551442602859,131,119.48642283382205
PT,PT,Lineage9,C5AR2,5,0.45,0.0034570081569205,72,70.8406739824326
PT,PT,Lineage9,C5AR2,6,0.55,0.0065995948271696,60,60.0
PT,PT,Lineage9,C5AR2,7,0.6500000000000001,0.0034149192644393,56,56.0
PT,PT,Lineage9,C5AR2,8,0.75,0.0038292044441809,60,59.77233515030349
PT,PT,Lineage9,C5AR2,9,0.8500000000000001,0.0067032327933458,35,34.40865010410188
PT,PT,Lineage9,C5AR2,10,0.95,0.0106612026812628,9,9.0
PT,PT,Lineage10,C5AR2,1,0.05,0.0020596751521991,127,121.94203640035742
PT,PT,Lineage10,C5AR2,2,0.15,0.0021777048962146,235,186.3499317993566
PT,PT,Lineage10,C5AR2,3,0.25,0.0076972461476861,212,194.55863183093717
PT,PT,Lineage10,C5AR2,4,0.35,0.0045689741678374,161,157.77531572035284
PT,PT,Lineage10,C5AR2,5,0.45,0.0072844568089988,86,84.9432771760723
PT,PT,Lineage10,C5AR2,6,0.55,0.0051057234468325,51,49.914921520569905
PT,PT,Lineage10,C5AR2,7,0.6500000000000001,0.0078999361957106,38,37.20480609719146
PT,PT,Lineage10,C5AR2,8,0.75,0.0081189150048663,44,43.73168956219897
PT,PT,Lineage10,C5AR2,9,0.8500000000000001,0.0021137298728849,22,22.0
PT,PT,Lineage10,C5AR2,10,0.95,0.0047746429205408,27,27.0
PT,PT,Lineage11,C5AR2,1,0.05,0.0026310823953922,81,80.35157546507226
PT,PT,Lineage11,C5AR2,2,0.15,0.000631487492251,97,95.71596014277668
PT,PT,Lineage11,C5AR2,3,0.25,0.0052680394701837,113,97.8670671200438
PT,PT,Lineage11,C5AR2,4,0.35,0.0051203341407023,127,120.81313601222926
PT,PT,Lineage11,C5AR2,5,0.45,0.0069113771285135,142,142.0
PT,PT,Lineage11,C5AR2,6,0.55,0.0033597508911953,124,124.0
PT,PT,Lineage11,C5AR2,7,0.6500000000000001,0.0030182267737441,74,74.0
PT,PT,Lineage11,C5AR2,8,0.75,0.0014885299443872,69,68.65074148827756
PT,PT,Lineage11,C5AR2,9,0.8500000000000001,0.0,22,21.708857808650315
PT,PT,Lineage11,C5AR2,10,0.95,0.0,7,6.797247006847127
PT,PT,Lineage1,CR1,1,0.05,0.0123851311513775,1249,968.05520541352
PT,PT,Lineage1,CR1,2,0.15,0.0108404083027227,552,347.17207211972107
PT,PT,Lineage1,CR1,3,0.25,0.0129261272353123,415,362.2316899549579
PT,PT,Lineage1,CR1,4,0.35,0.0064670419434727,298,291.86671911763847
PT,PT,Lineage1,CR1,5,0.45,0.0058990625822219,214,214.0
PT,PT,Lineage1,CR1,6,0.55,0.0031184907237064,144,144.0
PT,PT,Lineage1,CR1,7,0.6500000000000001,0.0053800245974378,66,66.0
PT,PT,Lineage1,CR1,8,0.75,0.0008085912542363,14,14.0
PT,PT,Lineage1,CR1,9,0.8500000000000001,0.0,36,36.0
PT,PT,Lineage1,CR1,10,0.95,0.0007234004349728,38,38.0
PT,PT,Lineage2,CR1,1,0.05,0.0133000171995793,531,439.2674302593681
PT,PT,Lineage2,CR1,2,0.15,0.0118549318218355,904,658.5647247615038
PT,PT,Lineage2,CR1,3,0.25,0.0083565185506567,254,179.45508407137004
PT,PT,Lineage2,CR1,4,0.35,0.0155899896716995,157,131.7975586839539
PT,PT,Lineage2,CR1,5,0.45,0.0199852711460534,175,167.56585004340508
PT,PT,Lineage2,CR1,6,0.55,0.0197474038519369,134,130.41830236371263
PT,PT,Lineage2,CR1,7,0.6500000000000001,0.0254915129583742,95,85.90914029140448
PT,PT,Lineage2,CR1,8,0.75,0.0241404169027893,129,129.0
PT,PT,Lineage2,CR1,9,0.8500000000000001,0.0243320825668469,128,128.0
PT,PT,Lineage2,CR1,10,0.95,0.0160644018170711,20,20.0
PT,PT,Lineage3,CR1,1,0.05,0.0136279641607367,517,427.2278725752045
PT,PT,Lineage3,CR1,2,0.15,0.0117546467389539,900,662.5893266960761
PT,PT,Lineage3,CR1,3,0.25,0.0080589919141478,269,179.76417810309016
PT,PT,Lineage3,CR1,4,0.35,0.0152946391505295,162,130.73432867837596
PT,PT,Lineage3,CR1,5,0.45,0.0185865568254697,180,169.86642041577562
PT,PT,Lineage3,CR1,6,0.55,0.0246825195620127,155,141.63271721826248
PT,PT,Lineage3,CR1,7,0.6500000000000001,0.0412620169098475,179,107.79195360971444
PT,PT,Lineage3,CR1,8,0.75,0.0201814219254254,133,133.0
PT,PT,Lineage3,CR1,9,0.8500000000000001,0.0084118987078204,61,61.0
PT,PT,Lineage3,CR1,10,0.95,0.0013824802629945,57,57.0
PT,PT,Lineage4,CR1,1,0.05,0.0132339149510567,287,238.8565439072539
PT,PT,Lineage4,CR1,2,0.15,0.0124253722479531,485,449.9064774059803
PT,PT,Lineage4,CR1,3,0.25,0.0123710193591579,262,204.20559290380197
PT,PT,Lineage4,CR1,4,0.35,0.005220746209785,154,113.71812210437758
PT,PT,Lineage4,CR1,5,0.45,0.0036371336820723,289,285.37619856026345
PT,PT,Lineage4,CR1,6,0.55,0.0041690272791755,203,203.0
PT,PT,Lineage4,CR1,7,0.6500000000000001,0.0084525740547503,228,204.58420859296663
PT,PT,Lineage4,CR1,8,0.75,0.0070358819985066,286,272.71045654338775
PT,PT,Lineage4,CR1,9,0.8500000000000001,0.0159002054237957,186,183.304830402454
PT,PT,Lineage4,CR1,10,0.95,0.0254679189945132,120,115.95473945814668
PT,PT,Lineage5,CR1,1,0.05,0.0172643199214795,290,257.0789487554607
PT,PT,Lineage5,CR1,2,0.15,0.00973298143149,519,433.32955356148386
PT,PT,Lineage5,CR1,3,0.25,0.0120348823433671,540,424.84936042523736
PT,PT,Lineage5,CR1,4,0.35,0.0085471579086268,332,201.0105077595712
PT,PT,Lineage5,CR1,5,0.45,0.0033641935330066,197,131.2016206783867
PT,PT,Lineage5,CR1,6,0.55,0.0203522327034703,77,56.1445837270891
PT,PT,Lineage5,CR1,7,0.6500000000000001,0.0018440278351668,50,48.34756384820716
PT,PT,Lineage5,CR1,8,0.75,0.0,34,33.771334858429455
PT,PT,Lineage5,CR1,9,0.8500000000000001,0.0035175562751425,23,22.225325994507436
PT,PT,Lineage5,CR1,10,0.95,0.0122505251886157,23,23.0
PT,PT,Lineage6,CR1,1,0.05,0.022636338861901,154,143.89721539858016
PT,PT,Lineage6,CR1,2,0.15,0.0074294398766364,299,236.03424365924823
PT,PT,Lineage6,CR1,3,0.25,0.0082262729586016,260,222.2888809081952
PT,PT,Lineage6,CR1,4,0.35,0.0079737862187414,240,216.9700322803281
PT,PT,Lineage6,CR1,5,0.45,0.0115788126262331,200,173.57791074948216
PT,PT,Lineage6,CR1,6,0.55,0.0096131100471132,284,252.22905095730775
PT,PT,Lineage6,CR1,7,0.6500000000000001,0.012576174333876,165,165.0
PT,PT,Lineage6,CR1,8,0.75,0.020309583768003,193,193.0
PT,PT,Lineage6,CR1,9,0.8500000000000001,0.0151922442449933,100,94.52758047493109
PT,PT,Lineage6,CR1,10,0.95,0.0141028665537241,77,60.49712959235555
PT,PT,Lineage7,CR1,1,0.05,0.0176542524612265,229,210.71396790972477
PT,PT,Lineage7,CR1,2,0.15,0.0087091288945685,265,235.78987949020433
PT,PT,Lineage7,CR1,3,0.25,0.0061521393218556,203,202.32967544339283
PT,PT,Lineage7,CR1,4,0.35,0.0121524669815643,564,357.2568283786706
PT,PT,Lineage7,CR1,5,0.45,0.0083693484003612,129,123.313224974485
PT,PT,Lineage7,CR1,6,0.55,0.0115865596101838,222,215.15909274101543
PT,PT,Lineage7,CR1,7,0.6500000000000001,0.0127422930476698,352,328.2548314038918
PT,PT,Lineage7,CR1,8,0.75,0.0113185110527149,253,248.86947849066132
PT,PT,Lineage7,CR1,9,0.8500000000000001,0.0034574153440822,104,103.91720943731887
PT,PT,Lineage7,CR1,10,0.95,0.0023481600395107,25,25.0
PT,PT,Lineage8,CR1,1,0.05,0.0167148525039905,283,243.861858869527
PT,PT,Lineage8,CR1,2,0.15,0.0085398572430324,366,298.864557479168
PT,PT,Lineage8,CR1,3,0.25,0.0072772904450658,308,280.7497752615346
PT,PT,Lineage8,CR1,4,0.35,0.0108792703695211,208,197.34252500689797
PT,PT,Lineage8,CR1,5,0.45,0.0057260187203537,130,129.6577084108946
PT,PT,Lineage8,CR1,6,0.55,0.0190948040737291,65,64.70883078503329
PT,PT,Lineage8,CR1,7,0.6500000000000001,0.0114998275195015,71,69.36211032228495
PT,PT,Lineage8,CR1,8,0.75,0.0139600396262224,38,38.0
PT,PT,Lineage8,CR1,9,0.8500000000000001,0.0144006125339609,27,27.0
PT,PT,Lineage8,CR1,10,0.95,0.0080289121914857,34,34.0
PT,PT,Lineage9,CR1,1,0.05,0.0240214952622312,149,139.01540152713133
PT,PT,Lineage9,CR1,2,0.15,0.0072146853728712,339,247.97135830069257
PT,PT,Lineage9,CR1,3,0.25,0.0140852895031565,123,117.41949502491028
PT,PT,Lineage9,CR1,4,0.35,0.0214932502761326,131,119.48642283382205
PT,PT,Lineage9,CR1,5,0.45,0.0107708978315782,72,70.8406739824326
PT,PT,Lineage9,CR1,6,0.55,0.0157332931406319,60,60.0
PT,PT,Lineage9,CR1,7,0.6500000000000001,0.0178747771013259,56,56.0
PT,PT,Lineage9,CR1,8,0.75,0.0136880827231933,60,59.77233515030349
PT,PT,Lineage9,CR1,9,0.8500000000000001,0.0076493403093558,35,34.40865010410188
PT,PT,Lineage9,CR1,10,0.95,0.0,9,9.0
PT,PT,Lineage10,CR1,1,0.05,0.023452819661003,127,121.94203640035742
PT,PT,Lineage10,CR1,2,0.15,0.0106193208339709,235,186.3499317993566
PT,PT,Lineage10,CR1,3,0.25,0.0072149118273455,212,194.55863183093717
PT,PT,Lineage10,CR1,4,0.35,0.0114019406891233,161,157.77531572035284
PT,PT,Lineage10,CR1,5,0.45,0.0117062966907544,86,84.9432771760723
PT,PT,Lineage10,CR1,6,0.55,0.0039884127653012,51,49.914921520569905
PT,PT,Lineage10,CR1,7,0.6500000000000001,0.0127008810867528,38,37.20480609719146
PT,PT,Lineage10,CR1,8,0.75,0.002065002691582,44,43.73168956219897
PT,PT,Lineage10,CR1,9,0.8500000000000001,0.0146534844524636,22,22.0
PT,PT,Lineage10,CR1,10,0.95,0.0185037180112327,27,27.0
PT,PT,Lineage11,CR1,1,0.05,0.0282788157969189,81,80.35157546507226
PT,PT,Lineage11,CR1,2,0.15,0.0117798994234892,97,95.71596014277668
PT,PT,Lineage11,CR1,3,0.25,0.0115786222741323,113,97.8670671200438
PT,PT,Lineage11,CR1,4,0.35,0.0086874310997165,127,120.81313601222926
PT,PT,Lineage11,CR1,5,0.45,0.0127508672799092,142,142.0
PT,PT,Lineage11,CR1,6,0.55,0.0104748446123863,124,124.0
PT,PT,Lineage11,CR1,7,0.6500000000000001,0.0075740804060905,74,74.0
PT,PT,Lineage11,CR1,8,0.75,0.010102521153811,69,68.65074148827756
PT,PT,Lineage11,CR1,9,0.8500000000000001,0.0032025055313215,22,21.708857808650315
PT,PT,Lineage11,CR1,10,0.95,0.0078286895014349,7,6.797247006847127
PT,PT,Lineage1,CR2,1,0.05,0.0937151694669035,1249,968.05520541352
PT,PT,Lineage1,CR2,2,0.15,0.0562417265194626,552,347.17207211972107
PT,PT,Lineage1,CR2,3,0.25,0.0335371994646692,415,362.2316899549579
PT,PT,Lineage1,CR2,4,0.35,0.0304640770508618,298,291.86671911763847
PT,PT,Lineage1,CR2,5,0.45,0.0212765805397564,214,214.0
PT,PT,Lineage1,CR2,6,0.55,0.0168917471445395,144,144.0
PT,PT,Lineage1,CR2,7,0.6500000000000001,0.0067601177596962,66,66.0
PT,PT,Lineage1,CR2,8,0.75,0.0032816473692711,14,14.0
PT,PT,Lineage1,CR2,9,0.8500000000000001,0.0039573392412912,36,36.0
PT,PT,Lineage1,CR2,10,0.95,0.0036396130694613,38,38.0
PT,PT,Lineage2,CR2,1,0.05,0.0889718515031462,531,439.2674302593681
PT,PT,Lineage2,CR2,2,0.15,0.0985590392497349,904,658.5647247615038
PT,PT,Lineage2,CR2,3,0.25,0.0481822846412949,254,179.45508407137004
PT,PT,Lineage2,CR2,4,0.35,0.0319856862991682,157,131.7975586839539
PT,PT,Lineage2,CR2,5,0.45,0.0426673867881792,175,167.56585004340508
PT,PT,Lineage2,CR2,6,0.55,0.0551103892401503,134,130.41830236371263
PT,PT,Lineage2,CR2,7,0.6500000000000001,0.1389443927900658,95,85.90914029140448
PT,PT,Lineage2,CR2,8,0.75,0.1464307229562462,129,129.0
PT,PT,Lineage2,CR2,9,0.8500000000000001,0.1349823150272683,128,128.0
PT,PT,Lineage2,CR2,10,0.95,0.1832927685817529,20,20.0
PT,PT,Lineage3,CR2,1,0.05,0.0891971657814125,517,427.2278725752045
PT,PT,Lineage3,CR2,2,0.15,0.0985287223933966,900,662.5893266960761
PT,PT,Lineage3,CR2,3,0.25,0.0506994011699546,269,179.76417810309016
PT,PT,Lineage3,CR2,4,0.35,0.0302139555765931,162,130.73432867837596
PT,PT,Lineage3,CR2,5,0.45,0.0408654875926928,180,169.86642041577562
PT,PT,Lineage3,CR2,6,0.55,0.0596646058456384,155,141.63271721826248
PT,PT,Lineage3,CR2,7,0.6500000000000001,0.1422374476255646,179,107.79195360971444
PT,PT,Lineage3,CR2,8,0.75,0.0814176102320506,133,133.0
PT,PT,Lineage3,CR2,9,0.8500000000000001,0.1285813062135198,61,61.0
PT,PT,Lineage3,CR2,10,0.95,0.1759678662124667,57,57.0
PT,PT,Lineage4,CR2,1,0.05,0.0822159362396244,287,238.8565439072539
PT,PT,Lineage4,CR2,2,0.15,0.0941414288488668,485,449.9064774059803
PT,PT,Lineage4,CR2,3,0.25,0.0824180173872168,262,204.20559290380197
PT,PT,Lineage4,CR2,4,0.35,0.0355008440958498,154,113.71812210437758
PT,PT,Lineage4,CR2,5,0.45,0.0360219942276694,289,285.37619856026345
PT,PT,Lineage4,CR2,6,0.55,0.0715619618315159,203,203.0
PT,PT,Lineage4,CR2,7,0.6500000000000001,0.097849238042684,228,204.58420859296663
PT,PT,Lineage4,CR2,8,0.75,0.0936555097420113,286,272.71045654338775
PT,PT,Lineage4,CR2,9,0.8500000000000001,0.0842320830399637,186,183.304830402454
PT,PT,Lineage4,CR2,10,0.95,0.0669848310620845,120,115.95473945814668
PT,PT,Lineage5,CR2,1,0.05,0.0923788676895724,290,257.0789487554607
PT,PT,Lineage5,CR2,2,0.15,0.0890578890578986,519,433.32955356148386
PT,PT,Lineage5,CR2,3,0.25,0.0985091711714531,540,424.84936042523736
PT,PT,Lineage5,CR2,4,0.35,0.0811594619551269,332,201.0105077595712
PT,PT,Lineage5,CR2,5,0.45,0.0323139563710019,197,131.2016206783867
PT,PT,Lineage5,CR2,6,0.55,0.0269905959609061,77,56.1445837270891
PT,PT,Lineage5,CR2,7,0.6500000000000001,0.0336571966482759,50,48.34756384820716
PT,PT,Lineage5,CR2,8,0.75,0.0271536620834684,34,33.771334858429455
PT,PT,Lineage5,CR2,9,0.8500000000000001,0.0068857692647423,23,22.225325994507436
PT,PT,Lineage5,CR2,10,0.95,0.0214708153498651,23,23.0
PT,PT,Lineage6,CR2,1,0.05,0.0715148464130877,154,143.89721539858016
PT,PT,Lineage6,CR2,2,0.15,0.1039027861887205,299,236.03424365924823
PT,PT,Lineage6,CR2,3,0.25,0.0741466551811735,260,222.2888809081952
PT,PT,Lineage6,CR2,4,0.35,0.0623504836673902,240,216.9700322803281
PT,PT,Lineage6,CR2,5,0.45,0.0231093662539214,200,173.57791074948216
PT,PT,Lineage6,CR2,6,0.55,0.0150326157054168,284,252.22905095730775
PT,PT,Lineage6,CR2,7,0.6500000000000001,0.0211341104821551,165,165.0
PT,PT,Lineage6,CR2,8,0.75,0.0295583874996165,193,193.0
PT,PT,Lineage6,CR2,9,0.8500000000000001,0.0182797781311015,100,94.52758047493109
PT,PT,Lineage6,CR2,10,0.95,0.0408361386239732,77,60.49712959235555
PT,PT,Lineage7,CR2,1,0.05,0.0887037421613292,229,210.71396790972477
PT,PT,Lineage7,CR2,2,0.15,0.0881634125361735,265,235.78987949020433
PT,PT,Lineage7,CR2,3,0.25,0.062638173190314,203,202.32967544339283
PT,PT,Lineage7,CR2,4,0.35,0.0183075287095907,564,357.2568283786706
PT,PT,Lineage7,CR2,5,0.45,0.0460652328581024,129,123.313224974485
PT,PT,Lineage7,CR2,6,0.55,0.0661222036480164,222,215.15909274101543
PT,PT,Lineage7,CR2,7,0.6500000000000001,0.0847095079308185,352,328.2548314038918
PT,PT,Lineage7,CR2,8,0.75,0.1126528595061545,253,248.86947849066132
PT,PT,Lineage7,CR2,9,0.8500000000000001,0.1152690036135325,104,103.91720943731887
PT,PT,Lineage7,CR2,10,0.95,0.1657381122167946,25,25.0
PT,PT,Lineage8,CR2,1,0.05,0.0883347758576852,283,243.861858869527
PT,PT,Lineage8,CR2,2,0.15,0.0877261764721222,366,298.864557479168
PT,PT,Lineage8,CR2,3,0.25,0.0619520814112172,308,280.7497752615346
PT,PT,Lineage8,CR2,4,0.35,0.01530102910252,208,197.34252500689797
PT,PT,Lineage8,CR2,5,0.45,0.0169447229920864,130,129.6577084108946
PT,PT,Lineage8,CR2,6,0.55,0.0370204160984693,65,64.70883078503329
PT,PT,Lineage8,CR2,7,0.6500000000000001,0.0215882416279305,71,69.36211032228495
PT,PT,Lineage8,CR2,8,0.75,0.016775510264125,38,38.0
PT,PT,Lineage8,CR2,9,0.8500000000000001,0.0269212046418284,27,27.0
PT,PT,Lineage8,CR2,10,0.95,0.0233162708131966,34,34.0
PT,PT,Lineage9,CR2,1,0.05,0.0656870471703635,149,139.01540152713133
PT,PT,Lineage9,CR2,2,0.15,0.0960658440952012,339,247.97135830069257
PT,PT,Lineage9,CR2,3,0.25,0.0961495760197857,123,117.41949502491028
PT,PT,Lineage9,CR2,4,0.35,0.0772124541935783,131,119.48642283382205
PT,PT,Lineage9,CR2,5,0.45,0.0791372854489234,72,70.8406739824326
PT,PT,Lineage9,CR2,6,0.55,0.0759843671995802,60,60.0
PT,PT,Lineage9,CR2,7,0.6500000000000001,0.0441229371147981,56,56.0
PT,PT,Lineage9,CR2,8,0.75,0.0438573429809174,60,59.77233515030349
PT,PT,Lineage9,CR2,9,0.8500000000000001,0.0164915614622396,35,34.40865010410188
PT,PT,Lineage9,CR2,10,0.95,0.0182709310384012,9,9.0
PT,PT,Lineage10,CR2,1,0.05,0.0638595783623332,127,121.94203640035742
PT,PT,Lineage10,CR2,2,0.15,0.1087485762719602,235,186.3499317993566
PT,PT,Lineage10,CR2,3,0.25,0.0870629242633567,212,194.55863183093717
PT,PT,Lineage10,CR2,4,0.35,0.076261549463374,161,157.77531572035284
PT,PT,Lineage10,CR2,5,0.45,0.0490877375634474,86,84.9432771760723
PT,PT,Lineage10,CR2,6,0.55,0.0559000875966571,51,49.914921520569905
PT,PT,Lineage10,CR2,7,0.6500000000000001,0.0191656160120276,38,37.20480609719146
PT,PT,Lineage10,CR2,8,0.75,0.015123898494762,44,43.73168956219897
PT,PT,Lineage10,CR2,9,0.8500000000000001,0.0230467046182856,22,22.0
PT,PT,Lineage10,CR2,10,0.95,0.0199576154855763,27,27.0
PT,PT,Lineage11,CR2,1,0.05,0.0410068466119382,81,80.35157546507226
PT,PT,Lineage11,CR2,2,0.15,0.126525363180419,97,95.71596014277668
PT,PT,Lineage11,CR2,3,0.25,0.091963552979321,113,97.8670671200438
PT,PT,Lineage11,CR2,4,0.35,0.0893416838943052,127,120.81313601222926
PT,PT,Lineage11,CR2,5,0.45,0.0857419451339477,142,142.0
PT,PT,Lineage11,CR2,6,0.55,0.1024959039534177,124,124.0
PT,PT,Lineage11,CR2,7,0.6500000000000001,0.0785504710221599,74,74.0
PT,PT,Lineage11,CR2,8,0.75,0.0788576778171113,69,68.65074148827756
PT,PT,Lineage11,CR2,9,0.8500000000000001,0.0962853187885746,22,21.708857808650315
PT,PT,Lineage11,CR2,10,0.95,0.0811087535179585,7,6.797247006847127
PT,PT,Lineage1,ITGAM,1,0.05,0.0055191423868097,1249,968.05520541352
PT,PT,Lineage1,ITGAM,2,0.15,0.0096205190658893,552,347.17207211972107
PT,PT,Lineage1,ITGAM,3,0.25,0.0423584631034269,415,362.2316899549579
PT,PT,Lineage1,ITGAM,4,0.35,0.0257646334846203,298,291.86671911763847
PT,PT,Lineage1,ITGAM,5,0.45,0.031960441059506,214,214.0
PT,PT,Lineage1,ITGAM,6,0.55,0.0194865584817128,144,144.0
PT,PT,Lineage1,ITGAM,7,0.6500000000000001,0.0223039944098566,66,66.0
PT,PT,Lineage1,ITGAM,8,0.75,0.0175783208680851,14,14.0
PT,PT,Lineage1,ITGAM,9,0.8500000000000001,0.0068631374746252,36,36.0
PT,PT,Lineage1,ITGAM,10,0.95,0.0026288005792805,38,38.0
PT,PT,Lineage2,ITGAM,1,0.05,0.005171746197126,531,439.2674302593681
PT,PT,Lineage2,ITGAM,2,0.15,0.0057009312423671,904,658.5647247615038
PT,PT,Lineage2,ITGAM,3,0.25,0.0098831398594295,254,179.45508407137004
PT,PT,Lineage2,ITGAM,4,0.35,0.0256415937414351,157,131.7975586839539
PT,PT,Lineage2,ITGAM,5,0.45,0.0441099716660184,175,167.56585004340508
PT,PT,Lineage2,ITGAM,6,0.55,0.0132619928078805,134,130.41830236371263
PT,PT,Lineage2,ITGAM,7,0.6500000000000001,0.0128819744690162,95,85.90914029140448
PT,PT,Lineage2,ITGAM,8,0.75,0.0192679032190274,129,129.0
PT,PT,Lineage2,ITGAM,9,0.8500000000000001,0.021559231426253,128,128.0
PT,PT,Lineage2,ITGAM,10,0.95,0.0,20,20.0
PT,PT,Lineage3,ITGAM,1,0.05,0.004855664587465,517,427.2278725752045
PT,PT,Lineage3,ITGAM,2,0.15,0.0059632592018502,900,662.5893266960761
PT,PT,Lineage3,ITGAM,3,0.25,0.0092256748751146,269,179.76417810309016
PT,PT,Lineage3,ITGAM,4,0.35,0.0248224595437805,162,130.73432867837596
PT,PT,Lineage3,ITGAM,5,0.45,0.0436691774306383,180,169.86642041577562
PT,PT,Lineage3,ITGAM,6,0.55,0.0122100901956992,155,141.63271721826248
PT,PT,Lineage3,ITGAM,7,0.6500000000000001,0.0473787138175011,179,107.79195360971444
PT,PT,Lineage3,ITGAM,8,0.75,0.0153680113055948,133,133.0
PT,PT,Lineage3,ITGAM,9,0.8500000000000001,0.0093531944011084,61,61.0
PT,PT,Lineage3,ITGAM,10,0.95,0.0145155295384615,57,57.0
PT,PT,Lineage4,ITGAM,1,0.05,0.0048792014930798,287,238.8565439072539
PT,PT,Lineage4,ITGAM,2,0.15,0.0067000448271313,485,449.9064774059803
PT,PT,Lineage4,ITGAM,3,0.25,0.0078210021346351,262,204.20559290380197
PT,PT,Lineage4,ITGAM,4,0.35,0.0065781468115552,154,113.71812210437758
PT,PT,Lineage4,ITGAM,5,0.45,0.0037959215427006,289,285.37619856026345
PT,PT,Lineage4,ITGAM,6,0.55,0.0023418786005114,203,203.0
PT,PT,Lineage4,ITGAM,7,0.6500000000000001,0.0034322991816733,228,204.58420859296663
PT,PT,Lineage4,ITGAM,8,0.75,0.00363632200026,286,272.71045654338775
PT,PT,Lineage4,ITGAM,9,0.8500000000000001,0.004497233718909,186,183.304830402454
PT,PT,Lineage4,ITGAM,10,0.95,0.0055941585626173,120,115.95473945814668
PT,PT,Lineage5,ITGAM,1,0.05,0.0045955643490087,290,257.0789487554607
PT,PT,Lineage5,ITGAM,2,0.15,0.0064167770949738,519,433.32955356148386
PT,PT,Lineage5,ITGAM,3,0.25,0.0053618029024077,540,424.84936042523736
PT,PT,Lineage5,ITGAM,4,0.35,0.0063749634069912,332,201.0105077595712
PT,PT,Lineage5,ITGAM,5,0.45,0.0036267409048752,197,131.2016206783867
PT,PT,Lineage5,ITGAM,6,0.55,0.0104958361087911,77,56.1445837270891
PT,PT,Lineage5,ITGAM,7,0.6500000000000001,0.0154796848991507,50,48.34756384820716
PT,PT,Lineage5,ITGAM,8,0.75,0.0218115372560448,34,33.771334858429455
PT,PT,Lineage5,ITGAM,9,0.8500000000000001,0.0450213214011309,23,22.225325994507436
PT,PT,Lineage5,ITGAM,10,0.95,0.0057316617808317,23,23.0
PT,PT,Lineage6,ITGAM,1,0.05,0.0034406989839727,154,143.89721539858016
PT,PT,Lineage6,ITGAM,2,0.15,0.0056234087148106,299,236.03424365924823
PT,PT,Lineage6,ITGAM,3,0.25,0.0052478063835444,260,222.2888809081952
PT,PT,Lineage6,ITGAM,4,0.35,0.0098867428277109,240,216.9700322803281
PT,PT,Lineage6,ITGAM,5,0.45,0.006410014930302,200,173.57791074948216
PT,PT,Lineage6,ITGAM,6,0.55,0.0112419352958507,284,252.22905095730775
PT,PT,Lineage6,ITGAM,7,0.6500000000000001,0.0046509734911731,165,165.0
PT,PT,Lineage6,ITGAM,8,0.75,0.0047913499446041,193,193.0
PT,PT,Lineage6,ITGAM,9,0.8500000000000001,0.0035128244430403,100,94.52758047493109
PT,PT,Lineage6,ITGAM,10,0.95,0.002910211481265,77,60.49712959235555
PT,PT,Lineage7,ITGAM,1,0.05,0.0045421855408375,229,210.71396790972477
PT,PT,Lineage7,ITGAM,2,0.15,0.004665818630327,265,235.78987949020433
PT,PT,Lineage7,ITGAM,3,0.25,0.0063835370289054,203,202.32967544339283
PT,PT,Lineage7,ITGAM,4,0.35,0.0094135926150847,564,357.2568283786706
PT,PT,Lineage7,ITGAM,5,0.45,0.0141704797720346,129,123.313224974485
PT,PT,Lineage7,ITGAM,6,0.55,0.0070701616037168,222,215.15909274101543
PT,PT,Lineage7,ITGAM,7,0.6500000000000001,0.0068484353516492,352,328.2548314038918
PT,PT,Lineage7,ITGAM,8,0.75,0.0038763383986461,253,248.86947849066132
PT,PT,Lineage7,ITGAM,9,0.8500000000000001,0.0017900206632036,104,103.91720943731887
PT,PT,Lineage7,ITGAM,10,0.95,0.0007104212767258,25,25.0
PT,PT,Lineage8,ITGAM,1,0.05,0.0045401688594819,283,243.861858869527
PT,PT,Lineage8,ITGAM,2,0.15,0.0051632160115465,366,298.864557479168
PT,PT,Lineage8,ITGAM,3,0.25,0.0075775768971862,308,280.7497752615346
PT,PT,Lineage8,ITGAM,4,0.35,0.0103374850033327,208,197.34252500689797
PT,PT,Lineage8,ITGAM,5,0.45,0.01303361862576,130,129.6577084108946
PT,PT,Lineage8,ITGAM,6,0.55,0.0311212176068303,65,64.70883078503329
PT,PT,Lineage8,ITGAM,7,0.6500000000000001,0.0127045602109167,71,69.36211032228495
PT,PT,Lineage8,ITGAM,8,0.75,0.0026446585292978,38,38.0
PT,PT,Lineage8,ITGAM,9,0.8500000000000001,0.005676016636453,27,27.0
PT,PT,Lineage8,ITGAM,10,0.95,0.0049186043775588,34,34.0
PT,PT,Lineage9,ITGAM,1,0.05,0.0038434171088055,149,139.01540152713133
PT,PT,Lineage9,ITGAM,2,0.15,0.0059240714433392,339,247.97135830069257
PT,PT,Lineage9,ITGAM,3,0.25,0.0053622260712411,123,117.41949502491028
PT,PT,Lineage9,ITGAM,4,0.35,0.0044691887866022,131,119.48642283382205
PT,PT,Lineage9,ITGAM,5,0.45,0.0084435058069247,72,70.8406739824326
PT,PT,Lineage9,ITGAM,6,0.55,0.0063358705585242,60,60.0
PT,PT,Lineage9,ITGAM,7,0.6500000000000001,0.0091931068463618,56,56.0
PT,PT,Lineage9,ITGAM,8,0.75,0.0042185918181563,60,59.77233515030349
PT,PT,Lineage9,ITGAM,9,0.8500000000000001,0.0031063243754714,35,34.40865010410188
PT,PT,Lineage9,ITGAM,10,0.95,0.0,9,9.0
PT,PT,Lineage10,ITGAM,1,0.05,0.0037646624147254,127,121.94203640035742
PT,PT,Lineage10,ITGAM,2,0.15,0.0055548450515787,235,186.3499317993566
PT,PT,Lineage10,ITGAM,3,0.25,0.005998288079761,212,194.55863183093717
PT,PT,Lineage10,ITGAM,4,0.35,0.0051525227258862,161,157.77531572035284
PT,PT,Lineage10,ITGAM,5,0.45,0.0071965920296035,86,84.9432771760723
PT,PT,Lineage10,ITGAM,6,0.55,0.0185989211329395,51,49.914921520569905
PT,PT,Lineage10,ITGAM,7,0.6500000000000001,0.014710476384257,38,37.20480609719146
PT,PT,Lineage10,ITGAM,8,0.75,0.014192121896047,44,43.73168956219897
PT,PT,Lineage10,ITGAM,9,0.8500000000000001,0.0015120755546578,22,22.0
PT,PT,Lineage10,ITGAM,10,0.95,0.0115958726999894,27,27.0
PT,PT,Lineage11,ITGAM,1,0.05,0.003987473107582,81,80.35157546507226
PT,PT,Lineage11,ITGAM,2,0.15,0.0041432341508749,97,95.71596014277668
PT,PT,Lineage11,ITGAM,3,0.25,0.0064429484928224,113,97.8670671200438
PT,PT,Lineage11,ITGAM,4,0.35,0.004743087955321,127,120.81313601222926
PT,PT,Lineage11,ITGAM,5,0.45,0.0087698152111549,142,142.0
PT,PT,Lineage11,ITGAM,6,0.55,0.0061117454050497,124,124.0
PT,PT,Lineage11,ITGAM,7,0.6500000000000001,0.0061197791845992,74,74.0
PT,PT,Lineage11,ITGAM,8,0.75,0.0033927480892404,69,68.65074148827756
PT,PT,Lineage11,ITGAM,9,0.8500000000000001,0.0050070174574415,22,21.708857808650315
PT,PT,Lineage11,ITGAM,10,0.95,0.0,7,6.797247006847127
PT,PT,Lineage1,ITGAX,1,0.05,0.0038610435108202,1249,968.05520541352
PT,PT,Lineage1,ITGAX,2,0.15,0.0052999948817612,552,347.17207211972107
PT,PT,Lineage1,ITGAX,3,0.25,0.0074989032432461,415,362.2316899549579
PT,PT,Lineage1,ITGAX,4,0.35,0.0085715466131625,298,291.86671911763847
PT,PT,Lineage1,ITGAX,5,0.45,0.0062330732338232,214,214.0
PT,PT,Lineage1,ITGAX,6,0.55,0.0030010313177014,144,144.0
PT,PT,Lineage1,ITGAX,7,0.6500000000000001,0.0025317658576051,66,66.0
PT,PT,Lineage1,ITGAX,8,0.75,0.0044810060067834,14,14.0
PT,PT,Lineage1,ITGAX,9,0.8500000000000001,0.0066971203491976,36,36.0
PT,PT,Lineage1,ITGAX,10,0.95,0.0023397517839007,38,38.0
PT,PT,Lineage2,ITGAX,1,0.05,0.0036428858105425,531,439.2674302593681
PT,PT,Lineage2,ITGAX,2,0.15,0.003793371924811,904,658.5647247615038
PT,PT,Lineage2,ITGAX,3,0.25,0.0052672458069069,254,179.45508407137004
PT,PT,Lineage2,ITGAX,4,0.35,0.0179948007689335,157,131.7975586839539
PT,PT,Lineage2,ITGAX,5,0.45,0.0106643617443933,175,167.56585004340508
PT,PT,Lineage2,ITGAX,6,0.55,0.0167564275797205,134,130.41830236371263
PT,PT,Lineage2,ITGAX,7,0.6500000000000001,0.0036990764758007,95,85.90914029140448
PT,PT,Lineage2,ITGAX,8,0.75,0.0320347667595653,129,129.0
PT,PT,Lineage2,ITGAX,9,0.8500000000000001,0.0092142995866757,128,128.0
PT,PT,Lineage2,ITGAX,10,0.95,0.0217061156190528,20,20.0
PT,PT,Lineage3,ITGAX,1,0.05,0.0029928236948649,517,427.2278725752045
PT,PT,Lineage3,ITGAX,2,0.15,0.0042544221783384,900,662.5893266960761
PT,PT,Lineage3,ITGAX,3,0.25,0.0045761813267448,269,179.76417810309016
PT,PT,Lineage3,ITGAX,4,0.35,0.017237492646339,162,130.73432867837596
PT,PT,Lineage3,ITGAX,5,0.45,0.0110030925599917,180,169.86642041577562
PT,PT,Lineage3,ITGAX,6,0.55,0.0162537238200913,155,141.63271721826248
PT,PT,Lineage3,ITGAX,7,0.6500000000000001,0.0127092451868801,179,107.79195360971444
PT,PT,Lineage3,ITGAX,8,0.75,0.0169426754657727,133,133.0
PT,PT,Lineage3,ITGAX,9,0.8500000000000001,0.0113213219298856,61,61.0
PT,PT,Lineage3,ITGAX,10,0.95,0.0123461278928154,57,57.0
PT,PT,Lineage4,ITGAX,1,0.05,0.0038356028543468,287,238.8565439072539
PT,PT,Lineage4,ITGAX,2,0.15,0.0049517344319394,485,449.9064774059803
PT,PT,Lineage4,ITGAX,3,0.25,0.0054715390354667,262,204.20559290380197
PT,PT,Lineage4,ITGAX,4,0.35,0.0014689540951214,154,113.71812210437758
PT,PT,Lineage4,ITGAX,5,0.45,0.0028646584541989,289,285.37619856026345
PT,PT,Lineage4,ITGAX,6,0.55,0.0015260699812967,203,203.0
PT,PT,Lineage4,ITGAX,7,0.6500000000000001,0.0024780831150301,228,204.58420859296663
PT,PT,Lineage4,ITGAX,8,0.75,0.0017999200851135,286,272.71045654338775
PT,PT,Lineage4,ITGAX,9,0.8500000000000001,0.001917955818925,186,183.304830402454
PT,PT,Lineage4,ITGAX,10,0.95,0.0031250049025782,120,115.95473945814668
PT,PT,Lineage5,ITGAX,1,0.05,0.0027184521985463,290,257.0789487554607
PT,PT,Lineage5,ITGAX,2,0.15,0.0052969346953029,519,433.32955356148386
PT,PT,Lineage5,ITGAX,3,0.25,0.0028893718272398,540,424.84936042523736
PT,PT,Lineage5,ITGAX,4,0.35,0.0042114293501041,332,201.0105077595712
PT,PT,Lineage5,ITGAX,5,0.45,0.0011245393714018,197,131.2016206783867
PT,PT,Lineage5,ITGAX,6,0.55,0.0032473198188725,77,56.1445837270891
PT,PT,Lineage5,ITGAX,7,0.6500000000000001,0.0046864842146618,50,48.34756384820716
PT,PT,Lineage5,ITGAX,8,0.75,0.000665358003151,34,33.771334858429455
PT,PT,Lineage5,ITGAX,9,0.8500000000000001,0.0040447934439095,23,22.225325994507436
PT,PT,Lineage5,ITGAX,10,0.95,0.0074133387533394,23,23.0
PT,PT,Lineage6,ITGAX,1,0.05,0.0017302843752861,154,143.89721539858016
PT,PT,Lineage6,ITGAX,2,0.15,0.0041898572010046,299,236.03424365924823
PT,PT,Lineage6,ITGAX,3,0.25,0.0042554520783895,260,222.2888809081952
PT,PT,Lineage6,ITGAX,4,0.35,0.0045923082812015,240,216.9700322803281
PT,PT,Lineage6,ITGAX,5,0.45,0.004154011639913,200,173.57791074948216
PT,PT,Lineage6,ITGAX,6,0.55,0.0077652730784443,284,252.22905095730775
PT,PT,Lineage6,ITGAX,7,0.6500000000000001,0.0032539299895956,165,165.0
PT,PT,Lineage6,ITGAX,8,0.75,0.0041398019242113,193,193.0
PT,PT,Lineage6,ITGAX,9,0.8500000000000001,0.0003597506389172,100,94.52758047493109
PT,PT,Lineage6,ITGAX,10,0.95,0.0068999237279196,77,60.49712959235555
PT,PT,Lineage7,ITGAX,1,0.05,0.0023085130437232,229,210.71396790972477
PT,PT,Lineage7,ITGAX,2,0.15,0.0033202015803318,265,235.78987949020433
PT,PT,Lineage7,ITGAX,3,0.25,0.0046011930728777,203,202.32967544339283
PT,PT,Lineage7,ITGAX,4,0.35,0.005890793329784,564,357.2568283786706
PT,PT,Lineage7,ITGAX,5,0.45,0.0047486577593589,129,123.313224974485
PT,PT,Lineage7,ITGAX,6,0.55,0.0063007902267743,222,215.15909274101543
PT,PT,Lineage7,ITGAX,7,0.6500000000000001,0.0052284843495663,352,328.2548314038918
PT,PT,Lineage7,ITGAX,8,0.75,0.0020737303863643,253,248.86947849066132
PT,PT,Lineage7,ITGAX,9,0.8500000000000001,0.00297846602986,104,103.91720943731887
PT,PT,Lineage7,ITGAX,10,0.95,0.0008832038039984,25,25.0
PT,PT,Lineage8,ITGAX,1,0.05,0.0020387147811526,283,243.861858869527
PT,PT,Lineage8,ITGAX,2,0.15,0.0047166448956558,366,298.864557479168
PT,PT,Lineage8,ITGAX,3,0.25,0.0039799278962325,308,280.7497752615346
PT,PT,Lineage8,ITGAX,4,0.35,0.0076915266854118,208,197.34252500689797
PT,PT,Lineage8,ITGAX,5,0.45,0.0078175082922825,130,129.6577084108946
PT,PT,Lineage8,ITGAX,6,0.55,0.0074195923013653,65,64.70883078503329
PT,PT,Lineage8,ITGAX,7,0.6500000000000001,0.0122708313345437,71,69.36211032228495
PT,PT,Lineage8,ITGAX,8,0.75,0.0022257185600216,38,38.0
PT,PT,Lineage8,ITGAX,9,0.8500000000000001,0.0,27,27.0
PT,PT,Lineage8,ITGAX,10,0.95,0.0038239904940286,34,34.0
PT,PT,Lineage9,ITGAX,1,0.05,0.0009162752138048,149,139.01540152713133
PT,PT,Lineage9,ITGAX,2,0.15,0.0039518606707082,339,247.97135830069257
PT,PT,Lineage9,ITGAX,3,0.25,0.0044098335322967,123,117.41949502491028
PT,PT,Lineage9,ITGAX,4,0.35,0.0020659871207306,131,119.48642283382205
PT,PT,Lineage9,ITGAX,5,0.45,0.002235168297138,72,70.8406739824326
PT,PT,Lineage9,ITGAX,6,0.55,0.0014170858861327,60,60.0
PT,PT,Lineage9,ITGAX,7,0.6500000000000001,0.0016396570206988,56,56.0
PT,PT,Lineage9,ITGAX,8,0.75,0.0058825109602051,60,59.77233515030349
PT,PT,Lineage9,ITGAX,9,0.8500000000000001,0.002429879573967,35,34.40865010410188
PT,PT,Lineage9,ITGAX,10,0.95,0.0062142889772149,9,9.0
PT,PT,Lineage10,ITGAX,1,0.05,0.0007300675501892,127,121.94203640035742
PT,PT,Lineage10,ITGAX,2,0.15,0.0028828987586377,235,186.3499317993566
PT,PT,Lineage10,ITGAX,3,0.25,0.0070740733364937,212,194.55863183093717
PT,PT,Lineage10,ITGAX,4,0.35,0.0052612554818808,161,157.77531572035284
PT,PT,Lineage10,ITGAX,5,0.45,0.0043675500387283,86,84.9432771760723
PT,PT,Lineage10,ITGAX,6,0.55,0.0056473548443627,51,49.914921520569905
PT,PT,Lineage10,ITGAX,7,0.6500000000000001,0.0089654976787869,38,37.20480609719146
PT,PT,Lineage10,ITGAX,8,0.75,0.009057379861256,44,43.73168956219897
PT,PT,Lineage10,ITGAX,9,0.8500000000000001,0.0055706628136183,22,22.0
PT,PT,Lineage10,ITGAX,10,0.95,0.0061184142923621,27,27.0
PT,PT,Lineage11,ITGAX,1,0.05,0.0010315449472503,81,80.35157546507226
PT,PT,Lineage11,ITGAX,2,0.15,0.0036100754612728,97,95.71596014277668
PT,PT,Lineage11,ITGAX,3,0.25,0.0024984492180282,113,97.8670671200438
PT,PT,Lineage11,ITGAX,4,0.35,0.0067048446212305,127,120.81313601222926
PT,PT,Lineage11,ITGAX,5,0.45,0.0065907885677722,142,142.0
PT,PT,Lineage11,ITGAX,6,0.55,0.0031164482948573,124,124.0
PT,PT,Lineage11,ITGAX,7,0.6500000000000001,0.0003177508929843,74,74.0
PT,PT,Lineage11,ITGAX,8,0.75,0.0019086472677395,69,68.65074148827756
PT,PT,Lineage11,ITGAX,9,0.8500000000000001,0.0008740558116341,22,21.708857808650315
PT,PT,Lineage11,ITGAX,10,0.95,0.0044809051859678,7,6.797247006847127
PT,PT,Lineage1,VSIG4,1,0.05,0.0019613392824426,1249,968.05520541352
PT,PT,Lineage1,VSIG4,2,0.15,0.0018831687726574,552,347.17207211972107
PT,PT,Lineage1,VSIG4,3,0.25,0.003250841164725,415,362.2316899549579
PT,PT,Lineage1,VSIG4,4,0.35,0.0032204580808526,298,291.86671911763847
PT,PT,Lineage1,VSIG4,5,0.45,0.0068772924752728,214,214.0
PT,PT,Lineage1,VSIG4,6,0.55,0.0058569630145925,144,144.0
PT,PT,Lineage1,VSIG4,7,0.6500000000000001,0.0073992883968269,66,66.0
PT,PT,Lineage1,VSIG4,8,0.75,0.0,14,14.0
PT,PT,Lineage1,VSIG4,9,0.8500000000000001,0.0,36,36.0
PT,PT,Lineage1,VSIG4,10,0.95,0.0,38,38.0
PT,PT,Lineage2,VSIG4,1,0.05,0.0020041648552311,531,439.2674302593681
PT,PT,Lineage2,VSIG4,2,0.15,0.0017442077925045,904,658.5647247615038
PT,PT,Lineage2,VSIG4,3,0.25,0.002799539230488,254,179.45508407137004
PT,PT,Lineage2,VSIG4,4,0.35,0.0018436177048091,157,131.7975586839539
PT,PT,Lineage2,VSIG4,5,0.45,0.0065634674088867,175,167.56585004340508
PT,PT,Lineage2,VSIG4,6,0.55,0.0033336003539302,134,130.41830236371263
PT,PT,Lineage2,VSIG4,7,0.6500000000000001,0.0,95,85.90914029140448
PT,PT,Lineage2,VSIG4,8,0.75,0.0103669070794749,129,129.0
PT,PT,Lineage2,VSIG4,9,0.8500000000000001,0.013943967237587,128,128.0
PT,PT,Lineage2,VSIG4,10,0.95,0.0,20,20.0
PT,PT,Lineage3,VSIG4,1,0.05,0.0020607827430428,517,427.2278725752045
PT,PT,Lineage3,VSIG4,2,0.15,0.0017279438491438,900,662.5893266960761
PT,PT,Lineage3,VSIG4,3,0.25,0.0028198586058235,269,179.76417810309016
PT,PT,Lineage3,VSIG4,4,0.35,0.0017869449850716,162,130.73432867837596
PT,PT,Lineage3,VSIG4,5,0.45,0.0060251440084053,180,169.86642041577562
PT,PT,Lineage3,VSIG4,6,0.55,0.0049709615550143,155,141.63271721826248
PT,PT,Lineage3,VSIG4,7,0.6500000000000001,0.0085506550693966,179,107.79195360971444
PT,PT,Lineage3,VSIG4,8,0.75,0.0263108478277566,133,133.0
PT,PT,Lineage3,VSIG4,9,0.8500000000000001,0.0131693280435917,61,61.0
PT,PT,Lineage3,VSIG4,10,0.95,0.0042066181816824,57,57.0
PT,PT,Lineage4,VSIG4,1,0.05,0.0020981438821598,287,238.8565439072539
PT,PT,Lineage4,VSIG4,2,0.15,0.0018259339754289,485,449.9064774059803
PT,PT,Lineage4,VSIG4,3,0.25,0.0014859381215099,262,204.20559290380197
PT,PT,Lineage4,VSIG4,4,0.35,0.0026926293450409,154,113.71812210437758
PT,PT,Lineage4,VSIG4,5,0.45,0.0023717399784944,289,285.37619856026345
PT,PT,Lineage4,VSIG4,6,0.55,0.0018357969354762,203,203.0
PT,PT,Lineage4,VSIG4,7,0.6500000000000001,0.0028103604183364,228,204.58420859296663
PT,PT,Lineage4,VSIG4,8,0.75,0.0015417161349179,286,272.71045654338775
PT,PT,Lineage4,VSIG4,9,0.8500000000000001,0.0027352874928426,186,183.304830402454
PT,PT,Lineage4,VSIG4,10,0.95,0.0037177742761031,120,115.95473945814668
PT,PT,Lineage5,VSIG4,1,0.05,0.002886830446997,290,257.0789487554607
PT,PT,Lineage5,VSIG4,2,0.15,0.0019471372062264,519,433.32955356148386
PT,PT,Lineage5,VSIG4,3,0.25,0.0011856668878146,540,424.84936042523736
PT,PT,Lineage5,VSIG4,4,0.35,0.003004853812541,332,201.0105077595712
PT,PT,Lineage5,VSIG4,5,0.45,0.0026463998879536,197,131.2016206783867
PT,PT,Lineage5,VSIG4,6,0.55,0.0035713569667291,77,56.1445837270891
PT,PT,Lineage5,VSIG4,7,0.6500000000000001,0.0023186697208072,50,48.34756384820716
PT,PT,Lineage5,VSIG4,8,0.75,0.0031585603334726,34,33.771334858429455
PT,PT,Lineage5,VSIG4,9,0.8500000000000001,0.0129864544771297,23,22.225325994507436
PT,PT,Lineage5,VSIG4,10,0.95,0.0115366654152397,23,23.0
PT,PT,Lineage6,VSIG4,1,0.05,0.0028991026939854,154,143.89721539858016
PT,PT,Lineage6,VSIG4,2,0.15,0.00237999451005,299,236.03424365924823
PT,PT,Lineage6,VSIG4,3,0.25,0.0013674112440574,260,222.2888809081952
PT,PT,Lineage6,VSIG4,4,0.35,0.001146249153095,240,216.9700322803281
PT,PT,Lineage6,VSIG4,5,0.45,0.0034837194841101,200,173.57791074948216
PT,PT,Lineage6,VSIG4,6,0.55,0.0029371477607435,284,252.22905095730775
PT,PT,Lineage6,VSIG4,7,0.6500000000000001,0.0065062249710361,165,165.0
PT,PT,Lineage6,VSIG4,8,0.75,0.0040132343783419,193,193.0
PT,PT,Lineage6,VSIG4,9,0.8500000000000001,0.0,100,94.52758047493109
PT,PT,Lineage6,VSIG4,10,0.95,0.0009068905299605,77,60.49712959235555
PT,PT,Lineage7,VSIG4,1,0.05,0.002492464211955,229,210.71396790972477
PT,PT,Lineage7,VSIG4,2,0.15,0.0019412152640858,265,235.78987949020433
PT,PT,Lineage7,VSIG4,3,0.25,0.000841270423834,203,202.32967544339283
PT,PT,Lineage7,VSIG4,4,0.35,0.0033555580026729,564,357.2568283786706
PT,PT,Lineage7,VSIG4,5,0.45,0.0035899760355878,129,123.313224974485
PT,PT,Lineage7,VSIG4,6,0.55,0.0029495843260665,222,215.15909274101543
PT,PT,Lineage7,VSIG4,7,0.6500000000000001,0.0022789756928543,352,328.2548314038918
PT,PT,Lineage7,VSIG4,8,0.75,0.0013614769783453,253,248.86947849066132
PT,PT,Lineage7,VSIG4,9,0.8500000000000001,0.0010646909639343,104,103.91720943731887
PT,PT,Lineage7,VSIG4,10,0.95,0.0012201163710702,25,25.0
PT,PT,Lineage8,VSIG4,1,0.05,0.0023881680438296,283,243.861858869527
PT,PT,Lineage8,VSIG4,2,0.15,0.002343805263897,366,298.864557479168
PT,PT,Lineage8,VSIG4,3,0.25,0.0010638444679575,308,280.7497752615346
PT,PT,Lineage8,VSIG4,4,0.35,0.0026739090921718,208,197.34252500689797
PT,PT,Lineage8,VSIG4,5,0.45,0.0043573721579717,130,129.6577084108946
PT,PT,Lineage8,VSIG4,6,0.55,0.0041686582947576,65,64.70883078503329
PT,PT,Lineage8,VSIG4,7,0.6500000000000001,0.0031790504179299,71,69.36211032228495
PT,PT,Lineage8,VSIG4,8,0.75,0.0021261711177279,38,38.0
PT,PT,Lineage8,VSIG4,9,0.8500000000000001,0.0007136892384012,27,27.0
PT,PT,Lineage8,VSIG4,10,0.95,0.0038806395285158,34,34.0
PT,PT,Lineage9,VSIG4,1,0.05,0.0029294032356837,149,139.01540152713133
PT,PT,Lineage9,VSIG4,2,0.15,0.0021820525979854,339,247.97135830069257
PT,PT,Lineage9,VSIG4,3,0.25,0.0029025702031318,123,117.41949502491028
PT,PT,Lineage9,VSIG4,4,0.35,0.001481849753659,131,119.48642283382205
PT,PT,Lineage9,VSIG4,5,0.45,0.0041734233166564,72,70.8406739824326
PT,PT,Lineage9,VSIG4,6,0.55,0.0,60,60.0
PT,PT,Lineage9,VSIG4,7,0.6500000000000001,0.0012273564633823,56,56.0
PT,PT,Lineage9,VSIG4,8,0.75,0.0005593044980487,60,59.77233515030349
PT,PT,Lineage9,VSIG4,9,0.8500000000000001,0.0,35,34.40865010410188
PT,PT,Lineage9,VSIG4,10,0.95,0.0,9,9.0
PT,PT,Lineage10,VSIG4,1,0.05,0.0030171497459847,127,121.94203640035742
PT,PT,Lineage10,VSIG4,2,0.15,0.0021495794833027,235,186.3499317993566
PT,PT,Lineage10,VSIG4,3,0.25,0.0026103021954879,212,194.55863183093717
PT,PT,Lineage10,VSIG4,4,0.35,0.0027532615056776,161,157.77531572035284
PT,PT,Lineage10,VSIG4,5,0.45,0.0014297562058754,86,84.9432771760723
PT,PT,Lineage10,VSIG4,6,0.55,0.0015680351773898,51,49.914921520569905
PT,PT,Lineage10,VSIG4,7,0.6500000000000001,0.0081825757036966,38,37.20480609719146
PT,PT,Lineage10,VSIG4,8,0.75,0.0014864889378447,44,43.73168956219897
PT,PT,Lineage10,VSIG4,9,0.8500000000000001,0.0,22,22.0
PT,PT,Lineage10,VSIG4,10,0.95,0.0010724296077856,27,27.0
PT,PT,Lineage11,VSIG4,1,0.05,0.0025072705410495,81,80.35157546507226
PT,PT,Lineage11,VSIG4,2,0.15,0.002860101519728,97,95.71596014277668
PT,PT,Lineage11,VSIG4,3,0.25,0.002747921370506,113,97.8670671200438
PT,PT,Lineage11,VSIG4,4,0.35,0.0017977916806923,127,120.81313601222926
PT,PT,Lineage11,VSIG4,5,0.45,0.003351073782727,142,142.0
PT,PT,Lineage11,VSIG4,6,0.55,0.0013440605565872,124,124.0
PT,PT,Lineage11,VSIG4,7,0.6500000000000001,0.0015768119645334,74,74.0
PT,PT,Lineage11,VSIG4,8,0.75,0.0018284881231143,69,68.65074148827756
PT,PT,Lineage11,VSIG4,9,0.8500000000000001,0.0006527253540455,22,21.708857808650315
PT,PT,Lineage11,VSIG4,10,0.95,0.0,7,6.797247006847127
PT,PT,Lineage1,CFH,1,0.05,0.0257262257288877,1249,968.05520541352
PT,PT,Lineage1,CFH,2,0.15,0.0334404147991694,552,347.17207211972107
PT,PT,Lineage1,CFH,3,0.25,0.0993482113518766,415,362.2316899549579
PT,PT,Lineage1,CFH,4,0.35,0.1448166590876928,298,291.86671911763847
PT,PT,Lineage1,CFH,5,0.45,0.1687631600850296,214,214.0
PT,PT,Lineage1,CFH,6,0.55,0.1588354226176508,144,144.0
PT,PT,Lineage1,CFH,7,0.6500000000000001,0.1929378069344668,66,66.0
PT,PT,Lineage1,CFH,8,0.75,0.0414639898211161,14,14.0
PT,PT,Lineage1,CFH,9,0.8500000000000001,0.0012946455950068,36,36.0
PT,PT,Lineage1,CFH,10,0.95,0.0,38,38.0
PT,PT,Lineage2,CFH,1,0.05,0.0242916510098834,531,439.2674302593681
PT,PT,Lineage2,CFH,2,0.15,0.0266181819455579,904,658.5647247615038
PT,PT,Lineage2,CFH,3,0.25,0.0334127568706386,254,179.45508407137004
PT,PT,Lineage2,CFH,4,0.35,0.0620067949219359,157,131.7975586839539
PT,PT,Lineage2,CFH,5,0.45,0.1235981661098511,175,167.56585004340508
PT,PT,Lineage2,CFH,6,0.55,0.0919055640662329,134,130.41830236371263
PT,PT,Lineage2,CFH,7,0.6500000000000001,0.0957480204369736,95,85.90914029140448
PT,PT,Lineage2,CFH,8,0.75,0.1109763716188266,129,129.0
PT,PT,Lineage2,CFH,9,0.8500000000000001,0.0801247170414274,128,128.0
PT,PT,Lineage2,CFH,10,0.95,0.085904241468818,20,20.0
PT,PT,Lineage3,CFH,1,0.05,0.024684726232461,517,427.2278725752045
PT,PT,Lineage3,CFH,2,0.15,0.0261097457792299,900,662.5893266960761
PT,PT,Lineage3,CFH,3,0.25,0.0330367393983321,269,179.76417810309016
PT,PT,Lineage3,CFH,4,0.35,0.062709814258474,162,130.73432867837596
PT,PT,Lineage3,CFH,5,0.45,0.1209444206787077,180,169.86642041577562
PT,PT,Lineage3,CFH,6,0.55,0.0968592612840258,155,141.63271721826248
PT,PT,Lineage3,CFH,7,0.6500000000000001,0.0996550492855992,179,107.79195360971444
PT,PT,Lineage3,CFH,8,0.75,0.1318818902572051,133,133.0
PT,PT,Lineage3,CFH,9,0.8500000000000001,0.0664916073414805,61,61.0
PT,PT,Lineage3,CFH,10,0.95,0.0920412537467641,57,57.0
PT,PT,Lineage4,CFH,1,0.05,0.0229197747392677,287,238.8565439072539
PT,PT,Lineage4,CFH,2,0.15,0.0292964010252702,485,449.9064774059803
PT,PT,Lineage4,CFH,3,0.25,0.0340719811171613,262,204.20559290380197
PT,PT,Lineage4,CFH,4,0.35,0.0211542775298405,154,113.71812210437758
PT,PT,Lineage4,CFH,5,0.45,0.0207438399405854,289,285.37619856026345
PT,PT,Lineage4,CFH,6,0.55,0.0159908174531985,203,203.0
PT,PT,Lineage4,CFH,7,0.6500000000000001,0.0236358103265819,228,204.58420859296663
PT,PT,Lineage4,CFH,8,0.75,0.0158134585757833,286,272.71045654338775
PT,PT,Lineage4,CFH,9,0.8500000000000001,0.0278719755506587,186,183.304830402454
PT,PT,Lineage4,CFH,10,0.95,0.0287908788265077,120,115.95473945814668
PT,PT,Lineage5,CFH,1,0.05,0.0252628495727797,290,257.0789487554607
PT,PT,Lineage5,CFH,2,0.15,0.0237350855639987,519,433.32955356148386
PT,PT,Lineage5,CFH,3,0.25,0.0285240044576951,540,424.84936042523736
PT,PT,Lineage5,CFH,4,0.35,0.0336489704503387,332,201.0105077595712
PT,PT,Lineage5,CFH,5,0.45,0.0129372274054122,197,131.2016206783867
PT,PT,Lineage5,CFH,6,0.55,0.048528042327885,77,56.1445837270891
PT,PT,Lineage5,CFH,7,0.6500000000000001,0.0850456522908801,50,48.34756384820716
PT,PT,Lineage5,CFH,8,0.75,0.0849118898907215,34,33.771334858429455
PT,PT,Lineage5,CFH,9,0.8500000000000001,0.2054500795509008,23,22.225325994507436
PT,PT,Lineage5,CFH,10,0.95,0.1606438555715571,23,23.0
PT,PT,Lineage6,CFH,1,0.05,0.0280564233390166,154,143.89721539858016
PT,PT,Lineage6,CFH,2,0.15,0.0203573977899871,299,236.03424365924823
PT,PT,Lineage6,CFH,3,0.25,0.0244375874322504,260,222.2888809081952
PT,PT,Lineage6,CFH,4,0.35,0.0240415340379564,240,216.9700322803281
PT,PT,Lineage6,CFH,5,0.45,0.0256029938248108,200,173.57791074948216
PT,PT,Lineage6,CFH,6,0.55,0.0311478936856429,284,252.22905095730775
PT,PT,Lineage6,CFH,7,0.6500000000000001,0.0244686289407552,165,165.0
PT,PT,Lineage6,CFH,8,0.75,0.0229484030327125,193,193.0
PT,PT,Lineage6,CFH,9,0.8500000000000001,0.0194142691996215,100,94.52758047493109
PT,PT,Lineage6,CFH,10,0.95,0.039624256796081,77,60.49712959235555
PT,PT,Lineage7,CFH,1,0.05,0.0282476340800401,229,210.71396790972477
PT,PT,Lineage7,CFH,2,0.15,0.0188360396437254,265,235.78987949020433
PT,PT,Lineage7,CFH,3,0.25,0.0241765870230998,203,202.32967544339283
PT,PT,Lineage7,CFH,4,0.35,0.0286405484980299,564,357.2568283786706
PT,PT,Lineage7,CFH,5,0.45,0.0273268803911564,129,123.313224974485
PT,PT,Lineage7,CFH,6,0.55,0.0282691500604314,222,215.15909274101543
PT,PT,Lineage7,CFH,7,0.6500000000000001,0.0300506573375747,352,328.2548314038918
PT,PT,Lineage7,CFH,8,0.75,0.0268202485923457,253,248.86947849066132
PT,PT,Lineage7,CFH,9,0.8500000000000001,0.0139324203408521,104,103.91720943731887
PT,PT,Lineage7,CFH,10,0.95,0.0067932072352855,25,25.0
PT,PT,Lineage8,CFH,1,0.05,0.0271306061351273,283,243.861858869527
PT,PT,Lineage8,CFH,2,0.15,0.0210517441591977,366,298.864557479168
PT,PT,Lineage8,CFH,3,0.25,0.0241590115847175,308,280.7497752615346
PT,PT,Lineage8,CFH,4,0.35,0.0290639060254665,208,197.34252500689797
PT,PT,Lineage8,CFH,5,0.45,0.0345327772934263,130,129.6577084108946
PT,PT,Lineage8,CFH,6,0.55,0.0435365951425184,65,64.70883078503329
PT,PT,Lineage8,CFH,7,0.6500000000000001,0.0591308941308263,71,69.36211032228495
PT,PT,Lineage8,CFH,8,0.75,0.0280848944437811,38,38.0
PT,PT,Lineage8,CFH,9,0.8500000000000001,0.0795910020391756,27,27.0
PT,PT,Lineage8,CFH,10,0.95,0.0247762601992827,34,34.0
PT,PT,Lineage9,CFH,1,0.05,0.0270936547908548,149,139.01540152713133
PT,PT,Lineage9,CFH,2,0.15,0.0222636312250872,339,247.97135830069257
PT,PT,Lineage9,CFH,3,0.25,0.0185676180538082,123,117.41949502491028
PT,PT,Lineage9,CFH,4,0.35,0.0325941531363958,131,119.48642283382205
PT,PT,Lineage9,CFH,5,0.45,0.0221885023605614,72,70.8406739824326
PT,PT,Lineage9,CFH,6,0.55,0.0223448430394431,60,60.0
PT,PT,Lineage9,CFH,7,0.6500000000000001,0.0219836092094596,56,56.0
PT,PT,Lineage9,CFH,8,0.75,0.0267554869742589,60,59.77233515030349
PT,PT,Lineage9,CFH,9,0.8500000000000001,0.032454283578676,35,34.40865010410188
PT,PT,Lineage9,CFH,10,0.95,0.0515788153761958,9,9.0
PT,PT,Lineage10,CFH,1,0.05,0.0270506272597978,127,121.94203640035742
PT,PT,Lineage10,CFH,2,0.15,0.0224347223645594,235,186.3499317993566
PT,PT,Lineage10,CFH,3,0.25,0.0161223974249588,212,194.55863183093717
PT,PT,Lineage10,CFH,4,0.35,0.0387640835699907,161,157.77531572035284
PT,PT,Lineage10,CFH,5,0.45,0.0290459197288075,86,84.9432771760723
PT,PT,Lineage10,CFH,6,0.55,0.0321754701980203,51,49.914921520569905
PT,PT,Lineage10,CFH,7,0.6500000000000001,0.0558821347013338,38,37.20480609719146
PT,PT,Lineage10,CFH,8,0.75,0.0581819319919591,44,43.73168956219897
PT,PT,Lineage10,CFH,9,0.8500000000000001,0.0347923080293501,22,22.0
PT,PT,Lineage10,CFH,10,0.95,0.0899036438039564,27,27.0
PT,PT,Lineage11,CFH,1,0.05,0.0300253303318956,81,80.35157546507226
PT,PT,Lineage11,CFH,2,0.15,0.0260544404890127,97,95.71596014277668
PT,PT,Lineage11,CFH,3,0.25,0.0161742002496085,113,97.8670671200438
PT,PT,Lineage11,CFH,4,0.35,0.0240031539518057,127,120.81313601222926
PT,PT,Lineage11,CFH,5,0.45,0.0298547820488303,142,142.0
PT,PT,Lineage11,CFH,6,0.55,0.0204288419599785,124,124.0
PT,PT,Lineage11,CFH,7,0.6500000000000001,0.0170860203467727,74,74.0
PT,PT,Lineage11,CFH,8,0.75,0.0207753910651572,69,68.65074148827756
PT,PT,Lineage11,CFH,9,0.8500000000000001,0.0069679465671185,22,21.708857808650315
PT,PT,Lineage11,CFH,10,0.95,0.0029328564323337,7,6.797247006847127
PT,PT,Lineage1,CFI,1,0.05,0.9800675809905596,1249,968.05520541352
PT,PT,Lineage1,CFI,2,0.15,1.2482026148874543,552,347.17207211972107
PT,PT,Lineage1,CFI,3,0.25,1.0718523982432904,415,362.2316899549579
PT,PT,Lineage1,CFI,4,0.35,1.028705024581083,298,291.86671911763847
PT,PT,Lineage1,CFI,5,0.45,1.001630733804575,214,214.0
PT,PT,Lineage1,CFI,6,0.55,1.0003921458373974,144,144.0
PT,PT,Lineage1,CFI,7,0.6500000000000001,0.9577743123895842,66,66.0
PT,PT,Lineage1,CFI,8,0.75,0.6557765185267497,14,14.0
PT,PT,Lineage1,CFI,9,0.8500000000000001,0.3763391830916839,36,36.0
PT,PT,Lineage1,CFI,10,0.95,0.3497663333349354,38,38.0
PT,PT,Lineage2,CFI,1,0.05,0.943102427911611,531,439.2674302593681
PT,PT,Lineage2,CFI,2,0.15,1.0201656582286385,904,658.5647247615038
PT,PT,Lineage2,CFI,3,0.25,1.321015173346607,254,179.45508407137004
PT,PT,Lineage2,CFI,4,0.35,1.206647080252134,157,131.7975586839539
PT,PT,Lineage2,CFI,5,0.45,1.0432408365925303,175,167.56585004340508
PT,PT,Lineage2,CFI,6,0.55,0.7453119544478631,134,130.41830236371263
PT,PT,Lineage2,CFI,7,0.6500000000000001,0.9211539522529704,95,85.90914029140448
PT,PT,Lineage2,CFI,8,0.75,1.00969542782681,129,129.0
PT,PT,Lineage2,CFI,9,0.8500000000000001,1.0268358512952334,128,128.0
PT,PT,Lineage2,CFI,10,0.95,0.6369132931550896,20,20.0
PT,PT,Lineage3,CFI,1,0.05,0.939980333569794,517,427.2278725752045
PT,PT,Lineage3,CFI,2,0.15,1.0204057477914623,900,662.5893266960761
PT,PT,Lineage3,CFI,3,0.25,1.3114215485450338,269,179.76417810309016
PT,PT,Lineage3,CFI,4,0.35,1.2107066635029171,162,130.73432867837596
PT,PT,Lineage3,CFI,5,0.45,1.0691683078603522,180,169.86642041577562
PT,PT,Lineage3,CFI,6,0.55,0.7455626918195147,155,141.63271721826248
PT,PT,Lineage3,CFI,7,0.6500000000000001,1.049543920989305,179,107.79195360971444
PT,PT,Lineage3,CFI,8,0.75,1.150515193991339,133,133.0
PT,PT,Lineage3,CFI,9,0.8500000000000001,1.5102373434430556,61,61.0
PT,PT,Lineage3,CFI,10,0.95,1.7257855915851834,57,57.0
PT,PT,Lineage4,CFI,1,0.05,0.9424327437031872,287,238.8565439072539
PT,PT,Lineage4,CFI,2,0.15,1.0274599691712456,485,449.9064774059803
PT,PT,Lineage4,CFI,3,0.25,1.1810153588084722,262,204.20559290380197
PT,PT,Lineage4,CFI,4,0.35,1.436474616982217,154,113.71812210437758
PT,PT,Lineage4,CFI,5,0.45,1.486844801245483,289,285.37619856026345
PT,PT,Lineage4,CFI,6,0.55,1.4409326472680075,203,203.0
PT,PT,Lineage4,CFI,7,0.6500000000000001,1.0258304109720044,228,204.58420859296663
PT,PT,Lineage4,CFI,8,0.75,0.9097699800780348,286,272.71045654338775
PT,PT,Lineage4,CFI,9,0.8500000000000001,0.908078429369288,186,183.304830402454
PT,PT,Lineage4,CFI,10,0.95,0.9107267432835384,120,115.95473945814668
PT,PT,Lineage5,CFI,1,0.05,0.9060951819732712,290,257.0789487554607
PT,PT,Lineage5,CFI,2,0.15,0.9989352679905324,519,433.32955356148386
PT,PT,Lineage5,CFI,3,0.25,1.0402409089364548,540,424.84936042523736
PT,PT,Lineage5,CFI,4,0.35,1.1861979517890775,332,201.0105077595712
PT,PT,Lineage5,CFI,5,0.45,1.4615291561279358,197,131.2016206783867
PT,PT,Lineage5,CFI,6,0.55,1.4023717693126512,77,56.1445837270891
PT,PT,Lineage5,CFI,7,0.6500000000000001,1.2642499560913878,50,48.34756384820716
PT,PT,Lineage5,CFI,8,0.75,1.0633550837953547,34,33.771334858429455
PT,PT,Lineage5,CFI,9,0.8500000000000001,0.8363837688525683,23,22.225325994507436
PT,PT,Lineage5,CFI,10,0.95,1.0119232225113428,23,23.0
PT,PT,Lineage6,CFI,1,0.05,0.8945008955967824,154,143.89721539858016
PT,PT,Lineage6,CFI,2,0.15,0.9517486007564168,299,236.03424365924823
PT,PT,Lineage6,CFI,3,0.25,1.025091730890596,260,222.2888809081952
PT,PT,Lineage6,CFI,4,0.35,1.0748431767354043,240,216.9700322803281
PT,PT,Lineage6,CFI,5,0.45,1.1019125742354217,200,173.57791074948216
PT,PT,Lineage6,CFI,6,0.55,1.1379960701765703,284,252.22905095730775
PT,PT,Lineage6,CFI,7,0.6500000000000001,1.1561477374576432,165,165.0
PT,PT,Lineage6,CFI,8,0.75,1.1490589480509366,193,193.0
PT,PT,Lineage6,CFI,9,0.8500000000000001,1.1533517165621343,100,94.52758047493109
PT,PT,Lineage6,CFI,10,0.95,1.0920003947746473,77,60.49712959235555
PT,PT,Lineage7,CFI,1,0.05,0.9087135714937392,229,210.71396790972477
PT,PT,Lineage7,CFI,2,0.15,0.9687083492798458,265,235.78987949020433
PT,PT,Lineage7,CFI,3,0.25,1.0626164073247455,203,202.32967544339283
PT,PT,Lineage7,CFI,4,0.35,1.1368764059372858,564,357.2568283786706
PT,PT,Lineage7,CFI,5,0.45,1.0962143148874992,129,123.313224974485
PT,PT,Lineage7,CFI,6,0.55,1.0098732263880756,222,215.15909274101543
PT,PT,Lineage7,CFI,7,0.6500000000000001,1.045423060745515,352,328.2548314038918
PT,PT,Lineage7,CFI,8,0.75,0.9646208061918244,253,248.86947849066132
PT,PT,Lineage7,CFI,9,0.8500000000000001,0.912537058420134,104,103.91720943731887
PT,PT,Lineage7,CFI,10,0.95,0.8349024234121739,25,25.0
PT,PT,Lineage8,CFI,1,0.05,0.9165348154825248,283,243.861858869527
PT,PT,Lineage8,CFI,2,0.15,0.9904257712538213,366,298.864557479168
PT,PT,Lineage8,CFI,3,0.25,1.057510024165262,308,280.7497752615346
PT,PT,Lineage8,CFI,4,0.35,1.1332637402355863,208,197.34252500689797
PT,PT,Lineage8,CFI,5,0.45,1.1448575715372666,130,129.6577084108946
PT,PT,Lineage8,CFI,6,0.55,1.2864696361850134,65,64.70883078503329
PT,PT,Lineage8,CFI,7,0.6500000000000001,1.2965482204253826,71,69.36211032228495
PT,PT,Lineage8,CFI,8,0.75,1.415921845064929,38,38.0
PT,PT,Lineage8,CFI,9,0.8500000000000001,1.4797572905987917,27,27.0
PT,PT,Lineage8,CFI,10,0.95,1.482917025595634,34,34.0
PT,PT,Lineage9,CFI,1,0.05,0.8869232487705873,149,139.01540152713133
PT,PT,Lineage9,CFI,2,0.15,0.9683986260884488,339,247.97135830069257
PT,PT,Lineage9,CFI,3,0.25,0.9254354361954532,123,117.41949502491028
PT,PT,Lineage9,CFI,4,0.35,0.9241798014874524,131,119.48642283382205
PT,PT,Lineage9,CFI,5,0.45,0.9543573057888308,72,70.8406739824326
PT,PT,Lineage9,CFI,6,0.55,1.0165928903115882,60,60.0
PT,PT,Lineage9,CFI,7,0.6500000000000001,1.0618911883793698,56,56.0
PT,PT,Lineage9,CFI,8,0.75,1.0750325255837678,60,59.77233515030349
PT,PT,Lineage9,CFI,9,0.8500000000000001,1.1592107856245193,35,34.40865010410188
PT,PT,Lineage9,CFI,10,0.95,1.1177158535884344,9,9.0
PT,PT,Lineage10,CFI,1,0.05,0.8845936788318924,127,121.94203640035742
PT,PT,Lineage10,CFI,2,0.15,0.932226600770368,235,186.3499317993566
PT,PT,Lineage10,CFI,3,0.25,1.0142439137664558,212,194.55863183093717
PT,PT,Lineage10,CFI,4,0.35,0.9986408873223592,161,157.77531572035284
PT,PT,Lineage10,CFI,5,0.45,1.0882489607495134,86,84.9432771760723
PT,PT,Lineage10,CFI,6,0.55,1.2091448163208618,51,49.914921520569905
PT,PT,Lineage10,CFI,7,0.6500000000000001,1.1620503741678243,38,37.20480609719146
PT,PT,Lineage10,CFI,8,0.75,1.335925099750867,44,43.73168956219897
PT,PT,Lineage10,CFI,9,0.8500000000000001,1.3794523514459158,22,22.0
PT,PT,Lineage10,CFI,10,0.95,1.163129392609733,27,27.0
PT,PT,Lineage11,CFI,1,0.05,0.8754474122552633,81,80.35157546507226
PT,PT,Lineage11,CFI,2,0.15,0.918132078754748,97,95.71596014277668
PT,PT,Lineage11,CFI,3,0.25,0.9218932043503558,113,97.8670671200438
PT,PT,Lineage11,CFI,4,0.35,1.0114860346465158,127,120.81313601222926
PT,PT,Lineage11,CFI,5,0.45,1.0445136957857153,142,142.0
PT,PT,Lineage11,CFI,6,0.55,0.9563231480277952,124,124.0
PT,PT,Lineage11,CFI,7,0.6500000000000001,0.971375574145987,74,74.0
PT,PT,Lineage11,CFI,8,0.75,0.8585937576568986,69,68.65074148827756
PT,PT,Lineage11,CFI,9,0.8500000000000001,0.7391721296113034,22,21.708857808650315
PT,PT,Lineage11,CFI,10,0.95,0.7391826778328368,7,6.797247006847127
PT,PT,Lineage1,CD46,1,0.05,0.6871262025699509,1249,968.05520541352
PT,PT,Lineage1,CD46,2,0.15,0.6921731532813179,552,347.17207211972107
PT,PT,Lineage1,CD46,3,0.25,0.8237546249877694,415,362.2316899549579
PT,PT,Lineage1,CD46,4,0.35,0.8311114075614938,298,291.86671911763847
PT,PT,Lineage1,CD46,5,0.45,0.914419836734995,214,214.0
PT,PT,Lineage1,CD46,6,0.55,1.0514695002133092,144,144.0
PT,PT,Lineage1,CD46,7,0.6500000000000001,0.9894193994869402,66,66.0
PT,PT,Lineage1,CD46,8,0.75,0.9950437664523432,14,14.0
PT,PT,Lineage1,CD46,9,0.8500000000000001,0.9089647890120884,36,36.0
PT,PT,Lineage1,CD46,10,0.95,0.8713489845641259,38,38.0
PT,PT,Lineage2,CD46,1,0.05,0.6935365119665501,531,439.2674302593681
PT,PT,Lineage2,CD46,2,0.15,0.6848394050664227,904,658.5647247615038
PT,PT,Lineage2,CD46,3,0.25,0.6975658975004129,254,179.45508407137004
PT,PT,Lineage2,CD46,4,0.35,0.7218810738802939,157,131.7975586839539
PT,PT,Lineage2,CD46,5,0.45,0.871924316998132,175,167.56585004340508
PT,PT,Lineage2,CD46,6,0.55,0.6333055268102152,134,130.41830236371263
PT,PT,Lineage2,CD46,7,0.6500000000000001,0.90704721136306,95,85.90914029140448
PT,PT,Lineage2,CD46,8,0.75,0.929471485592975,129,129.0
PT,PT,Lineage2,CD46,9,0.8500000000000001,0.7817324633111615,128,128.0
PT,PT,Lineage2,CD46,10,0.95,0.5925403508683329,20,20.0
PT,PT,Lineage3,CD46,1,0.05,0.6949822928082198,517,427.2278725752045
PT,PT,Lineage3,CD46,2,0.15,0.6831727997451559,900,662.5893266960761
PT,PT,Lineage3,CD46,3,0.25,0.7026155685605838,269,179.76417810309016
PT,PT,Lineage3,CD46,4,0.35,0.7162368818092856,162,130.73432867837596
PT,PT,Lineage3,CD46,5,0.45,0.872253129864027,180,169.86642041577562
PT,PT,Lineage3,CD46,6,0.55,0.6794543592448349,155,141.63271721826248
PT,PT,Lineage3,CD46,7,0.6500000000000001,0.9318849833796328,179,107.79195360971444
PT,PT,Lineage3,CD46,8,0.75,0.9245739367108337,133,133.0
PT,PT,Lineage3,CD46,9,0.8500000000000001,1.06564382993106,61,61.0
PT,PT,Lineage3,CD46,10,0.95,1.2762815816473174,57,57.0
PT,PT,Lineage4,CD46,1,0.05,0.6872964636342555,287,238.8565439072539
PT,PT,Lineage4,CD46,2,0.15,0.6863796718022513,485,449.9064774059803
PT,PT,Lineage4,CD46,3,0.25,0.6924909778514167,262,204.20559290380197
PT,PT,Lineage4,CD46,4,0.35,0.7120473073319453,154,113.71812210437758
PT,PT,Lineage4,CD46,5,0.45,0.6680118784742509,289,285.37619856026345
PT,PT,Lineage4,CD46,6,0.55,0.6926521197759166,203,203.0
PT,PT,Lineage4,CD46,7,0.6500000000000001,0.6942455107288932,228,204.58420859296663
PT,PT,Lineage4,CD46,8,0.75,0.6724743480069372,286,272.71045654338775
PT,PT,Lineage4,CD46,9,0.8500000000000001,0.7251055614135751,186,183.304830402454
PT,PT,Lineage4,CD46,10,0.95,0.7547946214414067,120,115.95473945814668
PT,PT,Lineage5,CD46,1,0.05,0.7073956721990332,290,257.0789487554607
PT,PT,Lineage5,CD46,2,0.15,0.6743158525206787,519,433.32955356148386
PT,PT,Lineage5,CD46,3,0.25,0.6870823402371626,540,424.84936042523736
PT,PT,Lineage5,CD46,4,0.35,0.703862395415785,332,201.0105077595712
PT,PT,Lineage5,CD46,5,0.45,0.6917062462145939,197,131.2016206783867
PT,PT,Lineage5,CD46,6,0.55,0.7156074366891235,77,56.1445837270891
PT,PT,Lineage5,CD46,7,0.6500000000000001,0.7271308757376832,50,48.34756384820716
PT,PT,Lineage5,CD46,8,0.75,0.7218744936488356,34,33.771334858429455
PT,PT,Lineage5,CD46,9,0.8500000000000001,0.7213831410729578,23,22.225325994507436
PT,PT,Lineage5,CD46,10,0.95,0.8445405943424772,23,23.0
PT,PT,Lineage6,CD46,1,0.05,0.7347149844738046,154,143.89721539858016
PT,PT,Lineage6,CD46,2,0.15,0.6610810597676664,299,236.03424365924823
PT,PT,Lineage6,CD46,3,0.25,0.6911790534176593,260,222.2888809081952
PT,PT,Lineage6,CD46,4,0.35,0.693242542881105,240,216.9700322803281
PT,PT,Lineage6,CD46,5,0.45,0.7075550419804197,200,173.57791074948216
PT,PT,Lineage6,CD46,6,0.55,0.7015828763281688,284,252.22905095730775
PT,PT,Lineage6,CD46,7,0.6500000000000001,0.7423144866411474,165,165.0
PT,PT,Lineage6,CD46,8,0.75,0.7335590906043508,193,193.0
PT,PT,Lineage6,CD46,9,0.8500000000000001,0.7047328191303172,100,94.52758047493109
PT,PT,Lineage6,CD46,10,0.95,0.7232385877806766,77,60.49712959235555
PT,PT,Lineage7,CD46,1,0.05,0.7217041380961212,229,210.71396790972477
PT,PT,Lineage7,CD46,2,0.15,0.6600855112248334,265,235.78987949020433
PT,PT,Lineage7,CD46,3,0.25,0.693654387574548,203,202.32967544339283
PT,PT,Lineage7,CD46,4,0.35,0.7127865697457729,564,357.2568283786706
PT,PT,Lineage7,CD46,5,0.45,0.6842823756168654,129,123.313224974485
PT,PT,Lineage7,CD46,6,0.55,0.6804146645809419,222,215.15909274101543
PT,PT,Lineage7,CD46,7,0.6500000000000001,0.6887910362601479,352,328.2548314038918
PT,PT,Lineage7,CD46,8,0.75,0.6755913876827251,253,248.86947849066132
PT,PT,Lineage7,CD46,9,0.8500000000000001,0.6850923222680232,104,103.91720943731887
PT,PT,Lineage7,CD46,10,0.95,0.615837152343145,25,25.0
PT,PT,Lineage8,CD46,1,0.05,0.7151815873715572,283,243.861858869527
PT,PT,Lineage8,CD46,2,0.15,0.6738977102319763,366,298.864557479168
PT,PT,Lineage8,CD46,3,0.25,0.6869708727354303,308,280.7497752615346
PT,PT,Lineage8,CD46,4,0.35,0.6921517293013363,208,197.34252500689797
PT,PT,Lineage8,CD46,5,0.45,0.6767408306687331,130,129.6577084108946
PT,PT,Lineage8,CD46,6,0.55,0.6890402216783458,65,64.70883078503329
PT,PT,Lineage8,CD46,7,0.6500000000000001,0.6812432174286848,71,69.36211032228495
PT,PT,Lineage8,CD46,8,0.75,0.7079779515157094,38,38.0
PT,PT,Lineage8,CD46,9,0.8500000000000001,0.7160075154625899,27,27.0
PT,PT,Lineage8,CD46,10,0.95,0.7233938989126727,34,34.0
PT,PT,Lineage9,CD46,1,0.05,0.7429617586463412,149,139.01540152713133
PT,PT,Lineage9,CD46,2,0.15,0.6669861461816287,339,247.97135830069257
PT,PT,Lineage9,CD46,3,0.25,0.6746950926916926,123,117.41949502491028
PT,PT,Lineage9,CD46,4,0.35,0.7230714450641971,131,119.48642283382205
PT,PT,Lineage9,CD46,5,0.45,0.7206736415645134,72,70.8406739824326
PT,PT,Lineage9,CD46,6,0.55,0.6995788439167673,60,60.0
PT,PT,Lineage9,CD46,7,0.6500000000000001,0.7207716423634659,56,56.0
PT,PT,Lineage9,CD46,8,0.75,0.7377952613159675,60,59.77233515030349
PT,PT,Lineage9,CD46,9,0.8500000000000001,0.722434777057558,35,34.40865010410188
PT,PT,Lineage9,CD46,10,0.95,0.6574986930643679,9,9.0
PT,PT,Lineage10,CD46,1,0.05,0.7387103379174577,127,121.94203640035742
PT,PT,Lineage10,CD46,2,0.15,0.6769092533847634,235,186.3499317993566
PT,PT,Lineage10,CD46,3,0.25,0.6720647924515132,212,194.55863183093717
PT,PT,Lineage10,CD46,4,0.35,0.6846232487257595,161,157.77531572035284
PT,PT,Lineage10,CD46,5,0.45,0.6488347971126321,86,84.9432771760723
PT,PT,Lineage10,CD46,6,0.55,0.660542029136365,51,49.914921520569905
PT,PT,Lineage10,CD46,7,0.6500000000000001,0.6333764879247762,38,37.20480609719146
PT,PT,Lineage10,CD46,8,0.75,0.6949668090047555,44,43.73168956219897
PT,PT,Lineage10,CD46,9,0.8500000000000001,0.6792375181227536,22,22.0
PT,PT,Lineage10,CD46,10,0.95,0.7077789258105947,27,27.0
PT,PT,Lineage11,CD46,1,0.05,0.7500311732068261,81,80.35157546507226
PT,PT,Lineage11,CD46,2,0.15,0.7103933142746858,97,95.71596014277668
PT,PT,Lineage11,CD46,3,0.25,0.6457549091777022,113,97.8670671200438
PT,PT,Lineage11,CD46,4,0.35,0.6850554304569729,127,120.81313601222926
PT,PT,Lineage11,CD46,5,0.45,0.6985256475678959,142,142.0
PT,PT,Lineage11,CD46,6,0.55,0.6493398233640454,124,124.0
PT,PT,Lineage11,CD46,7,0.6500000000000001,0.691034045761978,74,74.0
PT,PT,Lineage11,CD46,8,0.75,0.735358595876193,69,68.65074148827756
PT,PT,Lineage11,CD46,9,0.8500000000000001,0.7334994800193494,22,21.708857808650315
PT,PT,Lineage11,CD46,10,0.95,0.692145181023821,7,6.797247006847127
PT,PT,Lineage1,CD55,1,0.05,0.107495508338517,1249,968.05520541352
PT,PT,Lineage1,CD55,2,0.15,0.061929418499331,552,347.17207211972107
PT,PT,Lineage1,CD55,3,0.25,0.1051224697012341,415,362.2316899549579
PT,PT,Lineage1,CD55,4,0.35,0.1302406135674418,298,291.86671911763847
PT,PT,Lineage1,CD55,5,0.45,0.1428167386153381,214,214.0
PT,PT,Lineage1,CD55,6,0.55,0.1814037601038045,144,144.0
PT,PT,Lineage1,CD55,7,0.6500000000000001,0.232145053102355,66,66.0
PT,PT,Lineage1,CD55,8,0.75,0.1998585370954515,14,14.0
PT,PT,Lineage1,CD55,9,0.8500000000000001,0.0327849471624019,36,36.0
PT,PT,Lineage1,CD55,10,0.95,0.0259888298268076,38,38.0
PT,PT,Lineage2,CD55,1,0.05,0.1147561627095553,531,439.2674302593681
PT,PT,Lineage2,CD55,2,0.15,0.0979474224135311,904,658.5647247615038
PT,PT,Lineage2,CD55,3,0.25,0.0583512019610105,254,179.45508407137004
PT,PT,Lineage2,CD55,4,0.35,0.0696097875961781,157,131.7975586839539
PT,PT,Lineage2,CD55,5,0.45,0.1214154250582126,175,167.56585004340508
PT,PT,Lineage2,CD55,6,0.55,0.0954648077634228,134,130.41830236371263
PT,PT,Lineage2,CD55,7,0.6500000000000001,0.1453561477025346,95,85.90914029140448
PT,PT,Lineage2,CD55,8,0.75,0.1535896492901926,129,129.0
PT,PT,Lineage2,CD55,9,0.8500000000000001,0.0621138644270777,128,128.0
PT,PT,Lineage2,CD55,10,0.95,0.0518351065654559,20,20.0
PT,PT,Lineage3,CD55,1,0.05,0.1159153652740165,517,427.2278725752045
PT,PT,Lineage3,CD55,2,0.15,0.0981970006506458,900,662.5893266960761
PT,PT,Lineage3,CD55,3,0.25,0.0579785252293382,269,179.76417810309016
PT,PT,Lineage3,CD55,4,0.35,0.0698715635127925,162,130.73432867837596
PT,PT,Lineage3,CD55,5,0.45,0.1191554736398928,180,169.86642041577562
PT,PT,Lineage3,CD55,6,0.55,0.10148593023861,155,141.63271721826248
PT,PT,Lineage3,CD55,7,0.6500000000000001,0.1336143023198357,179,107.79195360971444
PT,PT,Lineage3,CD55,8,0.75,0.1208562359563022,133,133.0
PT,PT,Lineage3,CD55,9,0.8500000000000001,0.1037715757025676,61,61.0
PT,PT,Lineage3,CD55,10,0.95,0.1027888451685299,57,57.0
PT,PT,Lineage4,CD55,1,0.05,0.1024264588015926,287,238.8565439072539
PT,PT,Lineage4,CD55,2,0.15,0.0915900080977867,485,449.9064774059803
PT,PT,Lineage4,CD55,3,0.25,0.0752169693893372,262,204.20559290380197
PT,PT,Lineage4,CD55,4,0.35,0.0504116669561953,154,113.71812210437758
PT,PT,Lineage4,CD55,5,0.45,0.070339116702479,289,285.37619856026345
PT,PT,Lineage4,CD55,6,0.55,0.0579359612561737,203,203.0
PT,PT,Lineage4,CD55,7,0.6500000000000001,0.1068845572074927,228,204.58420859296663
PT,PT,Lineage4,CD55,8,0.75,0.1313436024440367,286,272.71045654338775
PT,PT,Lineage4,CD55,9,0.8500000000000001,0.1445361553493201,186,183.304830402454
PT,PT,Lineage4,CD55,10,0.95,0.1358672589205539,120,115.95473945814668
PT,PT,Lineage5,CD55,1,0.05,0.1355872498173745,290,257.0789487554607
PT,PT,Lineage5,CD55,2,0.15,0.089235437814687,519,433.32955356148386
PT,PT,Lineage5,CD55,3,0.25,0.1016663306636112,540,424.84936042523736
PT,PT,Lineage5,CD55,4,0.35,0.0794607069473986,332,201.0105077595712
PT,PT,Lineage5,CD55,5,0.45,0.039658925670901,197,131.2016206783867
PT,PT,Lineage5,CD55,6,0.55,0.0663794050858054,77,56.1445837270891
PT,PT,Lineage5,CD55,7,0.6500000000000001,0.0856597594959503,50,48.34756384820716
PT,PT,Lineage5,CD55,8,0.75,0.1000006859547576,34,33.771334858429455
PT,PT,Lineage5,CD55,9,0.8500000000000001,0.1271427561275293,23,22.225325994507436
PT,PT,Lineage5,CD55,10,0.95,0.1351943834640573,23,23.0
PT,PT,Lineage6,CD55,1,0.05,0.1491754185298174,154,143.89721539858016
PT,PT,Lineage6,CD55,2,0.15,0.1062826887815038,299,236.03424365924823
PT,PT,Lineage6,CD55,3,0.25,0.0634988233850939,260,222.2888809081952
PT,PT,Lineage6,CD55,4,0.35,0.0347631748078075,240,216.9700322803281
PT,PT,Lineage6,CD55,5,0.45,0.0299051339327842,200,173.57791074948216
PT,PT,Lineage6,CD55,6,0.55,0.032045379537949,284,252.22905095730775
PT,PT,Lineage6,CD55,7,0.6500000000000001,0.0381071474287362,165,165.0
PT,PT,Lineage6,CD55,8,0.75,0.0439445433978268,193,193.0
PT,PT,Lineage6,CD55,9,0.8500000000000001,0.0113284399935712,100,94.52758047493109
PT,PT,Lineage6,CD55,10,0.95,0.0288511401166125,77,60.49712959235555
PT,PT,Lineage7,CD55,1,0.05,0.1420886988590782,229,210.71396790972477
PT,PT,Lineage7,CD55,2,0.15,0.0835671398722609,265,235.78987949020433
PT,PT,Lineage7,CD55,3,0.25,0.0413265401629341,203,202.32967544339283
PT,PT,Lineage7,CD55,4,0.35,0.0362998360807046,564,357.2568283786706
PT,PT,Lineage7,CD55,5,0.45,0.0316543944087684,129,123.313224974485
PT,PT,Lineage7,CD55,6,0.55,0.0470312669443722,222,215.15909274101543
PT,PT,Lineage7,CD55,7,0.6500000000000001,0.0864785411241553,352,328.2548314038918
PT,PT,Lineage7,CD55,8,0.75,0.1180261176437631,253,248.86947849066132
PT,PT,Lineage7,CD55,9,0.8500000000000001,0.1473171979037256,104,103.91720943731887
PT,PT,Lineage7,CD55,10,0.95,0.1125125559111052,25,25.0
PT,PT,Lineage8,CD55,1,0.05,0.1375797890379308,283,243.861858869527
PT,PT,Lineage8,CD55,2,0.15,0.0801905028889694,366,298.864557479168
PT,PT,Lineage8,CD55,3,0.25,0.0409494278470276,308,280.7497752615346
PT,PT,Lineage8,CD55,4,0.35,0.0266773951022672,208,197.34252500689797
PT,PT,Lineage8,CD55,5,0.45,0.0341039444938969,130,129.6577084108946
PT,PT,Lineage8,CD55,6,0.55,0.0587141714987532,65,64.70883078503329
PT,PT,Lineage8,CD55,7,0.6500000000000001,0.0678881493844266,71,69.36211032228495
PT,PT,Lineage8,CD55,8,0.75,0.0482978762783174,38,38.0
PT,PT,Lineage8,CD55,9,0.8500000000000001,0.0486956705261632,27,27.0
PT,PT,Lineage8,CD55,10,0.95,0.0834377445066839,34,34.0
PT,PT,Lineage9,CD55,1,0.05,0.1504848660810356,149,139.01540152713133
PT,PT,Lineage9,CD55,2,0.15,0.1037454795089812,339,247.97135830069257
PT,PT,Lineage9,CD55,3,0.25,0.107847314176085,123,117.41949502491028
PT,PT,Lineage9,CD55,4,0.35,0.112433839440645,131,119.48642283382205
PT,PT,Lineage9,CD55,5,0.45,0.0811237565424164,72,70.8406739824326
PT,PT,Lineage9,CD55,6,0.55,0.0525569294065089,60,60.0
PT,PT,Lineage9,CD55,7,0.6500000000000001,0.0286290092887102,56,56.0
PT,PT,Lineage9,CD55,8,0.75,0.0226644492094975,60,59.77233515030349
PT,PT,Lineage9,CD55,9,0.8500000000000001,0.0240504341591945,35,34.40865010410188
PT,PT,Lineage9,CD55,10,0.95,0.0199273378340796,9,9.0
PT,PT,Lineage10,CD55,1,0.05,0.1467096581078392,127,121.94203640035742
PT,PT,Lineage10,CD55,2,0.15,0.1207333694006242,235,186.3499317993566
PT,PT,Lineage10,CD55,3,0.25,0.0745928276869822,212,194.55863183093717
PT,PT,Lineage10,CD55,4,0.35,0.0524460010097897,161,157.77531572035284
PT,PT,Lineage10,CD55,5,0.45,0.0421128672851878,86,84.9432771760723
PT,PT,Lineage10,CD55,6,0.55,0.0633704779508046,51,49.914921520569905
PT,PT,Lineage10,CD55,7,0.6500000000000001,0.0591711014949083,38,37.20480609719146
PT,PT,Lineage10,CD55,8,0.75,0.0573658126836679,44,43.73168956219897
PT,PT,Lineage10,CD55,9,0.8500000000000001,0.049659820972641,22,22.0
PT,PT,Lineage10,CD55,10,0.95,0.0696584761680185,27,27.0
PT,PT,Lineage11,CD55,1,0.05,0.1349337795888383,81,80.35157546507226
PT,PT,Lineage11,CD55,2,0.15,0.1591517339349468,97,95.71596014277668
PT,PT,Lineage11,CD55,3,0.25,0.0948070287149925,113,97.8670671200438
PT,PT,Lineage11,CD55,4,0.35,0.0692091419397004,127,120.81313601222926
PT,PT,Lineage11,CD55,5,0.45,0.0818300858066128,142,142.0
PT,PT,Lineage11,CD55,6,0.55,0.1019024907880876,124,124.0
PT,PT,Lineage11,CD55,7,0.6500000000000001,0.1155167764295227,74,74.0
PT,PT,Lineage11,CD55,8,0.75,0.1515086611027849,69,68.65074148827756
PT,PT,Lineage11,CD55,9,0.8500000000000001,0.1590597984556001,22,21.708857808650315
PT,PT,Lineage11,CD55,10,0.95,0.1619420189601018,7,6.797247006847127
PT,PT,Lineage1,CD59,1,0.05,0.4088277724848297,1249,968.05520541352
PT,PT,Lineage1,CD59,2,0.15,0.4881201886372183,552,347.17207211972107
PT,PT,Lineage1,CD59,3,0.25,0.5303084145352562,415,362.2316899549579
PT,PT,Lineage1,CD59,4,0.35,0.57685933139326,298,291.86671911763847
PT,PT,Lineage1,CD59,5,0.45,0.8772002671013216,214,214.0
PT,PT,Lineage1,CD59,6,0.55,1.070772306029682,144,144.0
PT,PT,Lineage1,CD59,7,0.6500000000000001,1.1365707440740398,66,66.0
PT,PT,Lineage1,CD59,8,0.75,0.8635978156431562,14,14.0
PT,PT,Lineage1,CD59,9,0.8500000000000001,0.6309603479566247,36,36.0
PT,PT,Lineage1,CD59,10,0.95,0.5505981858485793,38,38.0
PT,PT,Lineage2,CD59,1,0.05,0.4402346774938193,531,439.2674302593681
PT,PT,Lineage2,CD59,2,0.15,0.3894709669669273,904,658.5647247615038
PT,PT,Lineage2,CD59,3,0.25,0.4941560586174471,254,179.45508407137004
PT,PT,Lineage2,CD59,4,0.35,0.5254673884914411,157,131.7975586839539
PT,PT,Lineage2,CD59,5,0.45,0.7752010995103612,175,167.56585004340508
PT,PT,Lineage2,CD59,6,0.55,0.6450850602286199,134,130.41830236371263
PT,PT,Lineage2,CD59,7,0.6500000000000001,1.2536750129664278,95,85.90914029140448
PT,PT,Lineage2,CD59,8,0.75,1.3404396288546911,129,129.0
PT,PT,Lineage2,CD59,9,0.8500000000000001,1.3499537590417294,128,128.0
PT,PT,Lineage2,CD59,10,0.95,1.0569926050278855,20,20.0
PT,PT,Lineage3,CD59,1,0.05,0.4432216443741809,517,427.2278725752045
PT,PT,Lineage3,CD59,2,0.15,0.3881556526622481,900,662.5893266960761
PT,PT,Lineage3,CD59,3,0.25,0.4942518557203094,269,179.76417810309016
PT,PT,Lineage3,CD59,4,0.35,0.532932585417295,162,130.73432867837596
PT,PT,Lineage3,CD59,5,0.45,0.7571472194610671,180,169.86642041577562
PT,PT,Lineage3,CD59,6,0.55,0.7948011899386127,155,141.63271721826248
PT,PT,Lineage3,CD59,7,0.6500000000000001,1.381095247628998,179,107.79195360971444
PT,PT,Lineage3,CD59,8,0.75,1.4729273803620306,133,133.0
PT,PT,Lineage3,CD59,9,0.8500000000000001,1.5824090756326457,61,61.0
PT,PT,Lineage3,CD59,10,0.95,1.779128337535924,57,57.0
PT,PT,Lineage4,CD59,1,0.05,0.4248440698041983,287,238.8565439072539
PT,PT,Lineage4,CD59,2,0.15,0.4107749257799783,485,449.9064774059803
PT,PT,Lineage4,CD59,3,0.25,0.4463921461951911,262,204.20559290380197
PT,PT,Lineage4,CD59,4,0.35,0.4723784104252591,154,113.71812210437758
PT,PT,Lineage4,CD59,5,0.45,0.4257615029506873,289,285.37619856026345
PT,PT,Lineage4,CD59,6,0.55,0.3954905188157013,203,203.0
PT,PT,Lineage4,CD59,7,0.6500000000000001,0.3498884320905753,228,204.58420859296663
PT,PT,Lineage4,CD59,8,0.75,0.3389154183650167,286,272.71045654338775
PT,PT,Lineage4,CD59,9,0.8500000000000001,0.4593854398346343,186,183.304830402454
PT,PT,Lineage4,CD59,10,0.95,0.5780803695918555,120,115.95473945814668
PT,PT,Lineage5,CD59,1,0.05,0.4741047132412014,290,257.0789487554607
PT,PT,Lineage5,CD59,2,0.15,0.3880392605529636,519,433.32955356148386
PT,PT,Lineage5,CD59,3,0.25,0.3995122581044945,540,424.84936042523736
PT,PT,Lineage5,CD59,4,0.35,0.4042529641798159,332,201.0105077595712
PT,PT,Lineage5,CD59,5,0.45,0.4335003139003236,197,131.2016206783867
PT,PT,Lineage5,CD59,6,0.55,0.5670623177749509,77,56.1445837270891
PT,PT,Lineage5,CD59,7,0.6500000000000001,0.4343492093589441,50,48.34756384820716
PT,PT,Lineage5,CD59,8,0.75,0.3333839690033276,34,33.771334858429455
PT,PT,Lineage5,CD59,9,0.8500000000000001,0.5299640261218226,23,22.225325994507436
PT,PT,Lineage5,CD59,10,0.95,0.7000359093746782,23,23.0
PT,PT,Lineage6,CD59,1,0.05,0.4798856926725368,154,143.89721539858016
PT,PT,Lineage6,CD59,2,0.15,0.4127140921306674,299,236.03424365924823
PT,PT,Lineage6,CD59,3,0.25,0.4202040241969929,260,222.2888809081952
PT,PT,Lineage6,CD59,4,0.35,0.4849242589646998,240,216.9700322803281
PT,PT,Lineage6,CD59,5,0.45,0.5382043115519602,200,173.57791074948216
PT,PT,Lineage6,CD59,6,0.55,0.657177524947043,284,252.22905095730775
PT,PT,Lineage6,CD59,7,0.6500000000000001,0.7199320120066403,165,165.0
PT,PT,Lineage6,CD59,8,0.75,0.7043269290797687,193,193.0
PT,PT,Lineage6,CD59,9,0.8500000000000001,0.7085613596473455,100,94.52758047493109
PT,PT,Lineage6,CD59,10,0.95,0.7477695801587239,77,60.49712959235555
PT,PT,Lineage7,CD59,1,0.05,0.4651426083193119,229,210.71396790972477
PT,PT,Lineage7,CD59,2,0.15,0.4144295819557599,265,235.78987949020433
PT,PT,Lineage7,CD59,3,0.25,0.4652170349327042,203,202.32967544339283
PT,PT,Lineage7,CD59,4,0.35,0.6402872109248969,564,357.2568283786706
PT,PT,Lineage7,CD59,5,0.45,0.5189196831418327,129,123.313224974485
PT,PT,Lineage7,CD59,6,0.55,0.427476718844731,222,215.15909274101543
PT,PT,Lineage7,CD59,7,0.6500000000000001,0.4110370225990684,352,328.2548314038918
PT,PT,Lineage7,CD59,8,0.75,0.3569441891864173,253,248.86947849066132
PT,PT,Lineage7,CD59,9,0.8500000000000001,0.3026033570920917,104,103.91720943731887
PT,PT,Lineage7,CD59,10,0.95,0.2591293719794214,25,25.0
PT,PT,Lineage8,CD59,1,0.05,0.454123016916204,283,243.861858869527
PT,PT,Lineage8,CD59,2,0.15,0.4174134238836796,366,298.864557479168
PT,PT,Lineage8,CD59,3,0.25,0.4694763646146894,308,280.7497752615346
PT,PT,Lineage8,CD59,4,0.35,0.5706517310423385,208,197.34252500689797
PT,PT,Lineage8,CD59,5,0.45,0.6096800755527142,130,129.6577084108946
PT,PT,Lineage8,CD59,6,0.55,0.6365572801127168,65,64.70883078503329
PT,PT,Lineage8,CD59,7,0.6500000000000001,0.5230126499964867,71,69.36211032228495
PT,PT,Lineage8,CD59,8,0.75,0.5588323085828395,38,38.0
PT,PT,Lineage8,CD59,9,0.8500000000000001,0.6294202302434755,27,27.0
PT,PT,Lineage8,CD59,10,0.95,0.4968070085748688,34,34.0
PT,PT,Lineage9,CD59,1,0.05,0.4875496822869586,149,139.01540152713133
PT,PT,Lineage9,CD59,2,0.15,0.3902832287384203,339,247.97135830069257
PT,PT,Lineage9,CD59,3,0.25,0.4670382743576039,123,117.41949502491028
PT,PT,Lineage9,CD59,4,0.35,0.5464710144920104,131,119.48642283382205
PT,PT,Lineage9,CD59,5,0.45,0.607077862383128,72,70.8406739824326
PT,PT,Lineage9,CD59,6,0.55,0.6216632035250751,60,60.0
PT,PT,Lineage9,CD59,7,0.6500000000000001,0.6218995192551011,56,56.0
PT,PT,Lineage9,CD59,8,0.75,0.6749802795727807,60,59.77233515030349
PT,PT,Lineage9,CD59,9,0.8500000000000001,0.8145938028995587,35,34.40865010410188
PT,PT,Lineage9,CD59,10,0.95,0.8848528969339529,9,9.0
PT,PT,Lineage10,CD59,1,0.05,0.4833936600297953,127,121.94203640035742
PT,PT,Lineage10,CD59,2,0.15,0.4317023333160573,235,186.3499317993566
PT,PT,Lineage10,CD59,3,0.25,0.3968720802141171,212,194.55863183093717
PT,PT,Lineage10,CD59,4,0.35,0.4263162542807465,161,157.77531572035284
PT,PT,Lineage10,CD59,5,0.45,0.4777043796827788,86,84.9432771760723
PT,PT,Lineage10,CD59,6,0.55,0.6257044802135437,51,49.914921520569905
PT,PT,Lineage10,CD59,7,0.6500000000000001,0.5151724161103325,38,37.20480609719146
PT,PT,Lineage10,CD59,8,0.75,0.535376224361766,44,43.73168956219897
PT,PT,Lineage10,CD59,9,0.8500000000000001,0.4874028786434138,22,22.0
PT,PT,Lineage10,CD59,10,0.95,0.424286048802998,27,27.0
PT,PT,Lineage11,CD59,1,0.05,0.4901450177972223,81,80.35157546507226
PT,PT,Lineage11,CD59,2,0.15,0.4663058326412364,97,95.71596014277668
PT,PT,Lineage11,CD59,3,0.25,0.421714154313581,113,97.8670671200438
PT,PT,Lineage11,CD59,4,0.35,0.4069670022645211,127,120.81313601222926
PT,PT,Lineage11,CD59,5,0.45,0.4447152964331746,142,142.0
PT,PT,Lineage11,CD59,6,0.55,0.3638689374835018,124,124.0
PT,PT,Lineage11,CD59,7,0.6500000000000001,0.3551340227532699,74,74.0
PT,PT,Lineage11,CD59,8,0.75,0.4288492428113123,69,68.65074148827756
PT,PT,Lineage11,CD59,9,0.8500000000000001,0.3876681325929959,22,21.708857808650315
PT,PT,Lineage11,CD59,10,0.95,0.2791215898983312,7,6.797247006847127
PT,PT,Lineage1,SERPING1,1,0.05,0.1024710041484437,1249,968.05520541352
PT,PT,Lineage1,SERPING1,2,0.15,0.1120618357000941,552,347.17207211972107
PT,PT,Lineage1,SERPING1,3,0.25,0.1610210868405649,415,362.2316899549579
PT,PT,Lineage1,SERPING1,4,0.35,0.2099213037726045,298,291.86671911763847
PT,PT,Lineage1,SERPING1,5,0.45,0.3499803719295164,214,214.0
PT,PT,Lineage1,SERPING1,6,0.55,0.5846315494962795,144,144.0
PT,PT,Lineage1,SERPING1,7,0.6500000000000001,0.577405384891031,66,66.0
PT,PT,Lineage1,SERPING1,8,0.75,0.3181107245996073,14,14.0
PT,PT,Lineage1,SERPING1,9,0.8500000000000001,0.0010623975127881,36,36.0
PT,PT,Lineage1,SERPING1,10,0.95,0.0,38,38.0
PT,PT,Lineage2,SERPING1,1,0.05,0.1155867405460954,531,439.2674302593681
PT,PT,Lineage2,SERPING1,2,0.15,0.0913343316782853,904,658.5647247615038
PT,PT,Lineage2,SERPING1,3,0.25,0.1221507328582244,254,179.45508407137004
PT,PT,Lineage2,SERPING1,4,0.35,0.1129849265578237,157,131.7975586839539
PT,PT,Lineage2,SERPING1,5,0.45,0.2100937430790996,175,167.56585004340508
PT,PT,Lineage2,SERPING1,6,0.55,0.1596637572478757,134,130.41830236371263
PT,PT,Lineage2,SERPING1,7,0.6500000000000001,0.2169668990598887,95,85.90914029140448
PT,PT,Lineage2,SERPING1,8,0.75,0.3032522723601888,129,129.0
PT,PT,Lineage2,SERPING1,9,0.8500000000000001,0.2019265113986856,128,128.0
PT,PT,Lineage2,SERPING1,10,0.95,0.1014619664291536,20,20.0
PT,PT,Lineage3,SERPING1,1,0.05,0.1178107383060585,517,427.2278725752045
PT,PT,Lineage3,SERPING1,2,0.15,0.0896254942165478,900,662.5893266960761
PT,PT,Lineage3,SERPING1,3,0.25,0.1224950548874477,269,179.76417810309016
PT,PT,Lineage3,SERPING1,4,0.35,0.1143077456415488,162,130.73432867837596
PT,PT,Lineage3,SERPING1,5,0.45,0.2075458197625261,180,169.86642041577562
PT,PT,Lineage3,SERPING1,6,0.55,0.167483928336691,155,141.63271721826248
PT,PT,Lineage3,SERPING1,7,0.6500000000000001,0.30603698490229,179,107.79195360971444
PT,PT,Lineage3,SERPING1,8,0.75,0.4644092232053822,133,133.0
PT,PT,Lineage3,SERPING1,9,0.8500000000000001,0.5600186213740194,61,61.0
PT,PT,Lineage3,SERPING1,10,0.95,0.6354122403078842,57,57.0
PT,PT,Lineage4,SERPING1,1,0.05,0.11308791529833,287,238.8565439072539
PT,PT,Lineage4,SERPING1,2,0.15,0.091978696896239,485,449.9064774059803
PT,PT,Lineage4,SERPING1,3,0.25,0.1101825298156144,262,204.20559290380197
PT,PT,Lineage4,SERPING1,4,0.35,0.1209798189018504,154,113.71812210437758
PT,PT,Lineage4,SERPING1,5,0.45,0.188841086061938,289,285.37619856026345
PT,PT,Lineage4,SERPING1,6,0.55,0.146542254575103,203,203.0
PT,PT,Lineage4,SERPING1,7,0.6500000000000001,0.0921056118022905,228,204.58420859296663
PT,PT,Lineage4,SERPING1,8,0.75,0.0769111771215223,286,272.71045654338775
PT,PT,Lineage4,SERPING1,9,0.8500000000000001,0.1408286128722281,186,183.304830402454
PT,PT,Lineage4,SERPING1,10,0.95,0.1653355913314789,120,115.95473945814668
PT,PT,Lineage5,SERPING1,1,0.05,0.1390552282223295,290,257.0789487554607
PT,PT,Lineage5,SERPING1,2,0.15,0.0895336526571978,519,433.32955356148386
PT,PT,Lineage5,SERPING1,3,0.25,0.0894580422658679,540,424.84936042523736
PT,PT,Lineage5,SERPING1,4,0.35,0.1116218702173832,332,201.0105077595712
PT,PT,Lineage5,SERPING1,5,0.45,0.1172034810824273,197,131.2016206783867
PT,PT,Lineage5,SERPING1,6,0.55,0.1447725284961721,77,56.1445837270891
PT,PT,Lineage5,SERPING1,7,0.6500000000000001,0.156462535031563,50,48.34756384820716
PT,PT,Lineage5,SERPING1,8,0.75,0.1111462839749682,34,33.771334858429455
PT,PT,Lineage5,SERPING1,9,0.8500000000000001,0.1695758452358345,23,22.225325994507436
PT,PT,Lineage5,SERPING1,10,0.95,0.2590750348829777,23,23.0
PT,PT,Lineage6,SERPING1,1,0.05,0.1545304626396527,154,143.89721539858016
PT,PT,Lineage6,SERPING1,2,0.15,0.1004974858923044,299,236.03424365924823
PT,PT,Lineage6,SERPING1,3,0.25,0.0823285737565875,260,222.2888809081952
PT,PT,Lineage6,SERPING1,4,0.35,0.0706903988396321,240,216.9700322803281
PT,PT,Lineage6,SERPING1,5,0.45,0.0762549226003779,200,173.57791074948216
PT,PT,Lineage6,SERPING1,6,0.55,0.101640606990433,284,252.22905095730775
PT,PT,Lineage6,SERPING1,7,0.6500000000000001,0.1220058185195788,165,165.0
PT,PT,Lineage6,SERPING1,8,0.75,0.1032412105835019,193,193.0
PT,PT,Lineage6,SERPING1,9,0.8500000000000001,0.0816154263837635,100,94.52758047493109
PT,PT,Lineage6,SERPING1,10,0.95,0.1033231562778104,77,60.49712959235555
PT,PT,Lineage7,SERPING1,1,0.05,0.142547076181086,229,210.71396790972477
PT,PT,Lineage7,SERPING1,2,0.15,0.0902168736736217,265,235.78987949020433
PT,PT,Lineage7,SERPING1,3,0.25,0.0714390930647037,203,202.32967544339283
PT,PT,Lineage7,SERPING1,4,0.35,0.1037674800982144,564,357.2568283786706
PT,PT,Lineage7,SERPING1,5,0.45,0.0631088406902953,129,123.313224974485
PT,PT,Lineage7,SERPING1,6,0.55,0.0755021627057558,222,215.15909274101543
PT,PT,Lineage7,SERPING1,7,0.6500000000000001,0.0936953005039671,352,328.2548314038918
PT,PT,Lineage7,SERPING1,8,0.75,0.0831757193556592,253,248.86947849066132
PT,PT,Lineage7,SERPING1,9,0.8500000000000001,0.0655207789414027,104,103.91720943731887
PT,PT,Lineage7,SERPING1,10,0.95,0.0702672853128235,25,25.0
PT,PT,Lineage8,SERPING1,1,0.05,0.1381642589546721,283,243.861858869527
PT,PT,Lineage8,SERPING1,2,0.15,0.0889063116528272,366,298.864557479168
PT,PT,Lineage8,SERPING1,3,0.25,0.0722414098910334,308,280.7497752615346
PT,PT,Lineage8,SERPING1,4,0.35,0.0799022178687281,208,197.34252500689797
PT,PT,Lineage8,SERPING1,5,0.45,0.0990468704111452,130,129.6577084108946
PT,PT,Lineage8,SERPING1,6,0.55,0.1035783868134226,65,64.70883078503329
PT,PT,Lineage8,SERPING1,7,0.6500000000000001,0.1331775598826659,71,69.36211032228495
PT,PT,Lineage8,SERPING1,8,0.75,0.1247877319297166,38,38.0
PT,PT,Lineage8,SERPING1,9,0.8500000000000001,0.1594665259781164,27,27.0
PT,PT,Lineage8,SERPING1,10,0.95,0.1390771484683042,34,34.0
PT,PT,Lineage9,SERPING1,1,0.05,0.1570298883192333,149,139.01540152713133
PT,PT,Lineage9,SERPING1,2,0.15,0.0941130589461909,339,247.97135830069257
PT,PT,Lineage9,SERPING1,3,0.25,0.1172845881386579,123,117.41949502491028
PT,PT,Lineage9,SERPING1,4,0.35,0.1330006564202105,131,119.48642283382205
PT,PT,Lineage9,SERPING1,5,0.45,0.1377591688760381,72,70.8406739824326
PT,PT,Lineage9,SERPING1,6,0.55,0.1076530852190996,60,60.0
PT,PT,Lineage9,SERPING1,7,0.6500000000000001,0.0942363513951284,56,56.0
PT,PT,Lineage9,SERPING1,8,0.75,0.1062921255704708,60,59.77233515030349
PT,PT,Lineage9,SERPING1,9,0.8500000000000001,0.1051408218534031,35,34.40865010410188
PT,PT,Lineage9,SERPING1,10,0.95,0.1601819281091651,9,9.0
PT,PT,Lineage10,SERPING1,1,0.05,0.1573182498619562,127,121.94203640035742
PT,PT,Lineage10,SERPING1,2,0.15,0.1125438279218611,235,186.3499317993566
PT,PT,Lineage10,SERPING1,3,0.25,0.0818856494093992,212,194.55863183093717
PT,PT,Lineage10,SERPING1,4,0.35,0.0823038682645943,161,157.77531572035284
PT,PT,Lineage10,SERPING1,5,0.45,0.0918901572766544,86,84.9432771760723
PT,PT,Lineage10,SERPING1,6,0.55,0.0829081651798193,51,49.914921520569905
PT,PT,Lineage10,SERPING1,7,0.6500000000000001,0.1136907769008649,38,37.20480609719146
PT,PT,Lineage10,SERPING1,8,0.75,0.1404421087280491,44,43.73168956219897
PT,PT,Lineage10,SERPING1,9,0.8500000000000001,0.1384356306379097,22,22.0
PT,PT,Lineage10,SERPING1,10,0.95,0.1627303347958474,27,27.0
PT,PT,Lineage11,SERPING1,1,0.05,0.1751283799704403,81,80.35157546507226
PT,PT,Lineage11,SERPING1,2,0.15,0.1272339837071277,97,95.71596014277668
PT,PT,Lineage11,SERPING1,3,0.25,0.0991315741428173,113,97.8670671200438
PT,PT,Lineage11,SERPING1,4,0.35,0.0875301236988068,127,120.81313601222926
PT,PT,Lineage11,SERPING1,5,0.45,0.0936044454767942,142,142.0
PT,PT,Lineage11,SERPING1,6,0.55,0.0878899288839596,124,124.0
PT,PT,Lineage11,SERPING1,7,0.6500000000000001,0.1050467234339319,74,74.0
PT,PT,Lineage11,SERPING1,8,0.75,0.114905276982336,69,68.65074148827756
PT,PT,Lineage11,SERPING1,9,0.8500000000000001,0.0602603719051266,22,21.708857808650315
PT,PT,Lineage11,SERPING1,10,0.95,0.0591612001770687,7,6.797247006847127
PT,PT,Lineage1,CFHR1,1,0.05,0.0013564091741518,1249,968.05520541352
PT,PT,Lineage1,CFHR1,2,0.15,0.0022739919977492,552,347.17207211972107
PT,PT,Lineage1,CFHR1,3,0.25,0.0009851828634557,415,362.2316899549579
PT,PT,Lineage1,CFHR1,4,0.35,0.0021277606027083,298,291.86671911763847
PT,PT,Lineage1,CFHR1,5,0.45,0.0036168937728925,214,214.0
PT,PT,Lineage1,CFHR1,6,0.55,0.0051940204231018,144,144.0
PT,PT,Lineage1,CFHR1,7,0.6500000000000001,0.0029803648786582,66,66.0
PT,PT,Lineage1,CFHR1,8,0.75,0.0,14,14.0
PT,PT,Lineage1,CFHR1,9,0.8500000000000001,0.0007163051627836,36,36.0
PT,PT,Lineage1,CFHR1,10,0.95,0.0,38,38.0
PT,PT,Lineage2,CFHR1,1,0.05,0.000827287161618,531,439.2674302593681
PT,PT,Lineage2,CFHR1,2,0.15,0.0020289062786084,904,658.5647247615038
PT,PT,Lineage2,CFHR1,3,0.25,0.0025559470700737,254,179.45508407137004
PT,PT,Lineage2,CFHR1,4,0.35,0.0008893625607669,157,131.7975586839539
PT,PT,Lineage2,CFHR1,5,0.45,0.0027304924396968,175,167.56585004340508
PT,PT,Lineage2,CFHR1,6,0.55,0.0047769281285598,134,130.41830236371263
PT,PT,Lineage2,CFHR1,7,0.6500000000000001,0.0027107312041943,95,85.90914029140448
PT,PT,Lineage2,CFHR1,8,0.75,0.0016617408684513,129,129.0
PT,PT,Lineage2,CFHR1,9,0.8500000000000001,0.0170278055991656,128,128.0
PT,PT,Lineage2,CFHR1,10,0.95,0.0,20,20.0
PT,PT,Lineage3,CFHR1,1,0.05,0.000851126866123,517,427.2278725752045
PT,PT,Lineage3,CFHR1,2,0.15,0.0018368581057284,900,662.5893266960761
PT,PT,Lineage3,CFHR1,3,0.25,0.0031863292674289,269,179.76417810309016
PT,PT,Lineage3,CFHR1,4,0.35,0.0008582887431753,162,130.73432867837596
PT,PT,Lineage3,CFHR1,5,0.45,0.0008783329803659,180,169.86642041577562
PT,PT,Lineage3,CFHR1,6,0.55,0.0057844123769064,155,141.63271721826248
PT,PT,Lineage3,CFHR1,7,0.6500000000000001,0.008821520243912,179,107.79195360971444
PT,PT,Lineage3,CFHR1,8,0.75,0.0055165529112417,133,133.0
PT,PT,Lineage3,CFHR1,9,0.8500000000000001,0.0,61,61.0
PT,PT,Lineage3,CFHR1,10,0.95,0.0042497393428281,57,57.0
PT,PT,Lineage4,CFHR1,1,0.05,0.0010456304677403,287,238.8565439072539
PT,PT,Lineage4,CFHR1,2,0.15,0.0020506782601705,485,449.9064774059803
PT,PT,Lineage4,CFHR1,3,0.25,0.0031059672575693,262,204.20559290380197
PT,PT,Lineage4,CFHR1,4,0.35,0.0015027234773539,154,113.71812210437758
PT,PT,Lineage4,CFHR1,5,0.45,0.001506198846304,289,285.37619856026345
PT,PT,Lineage4,CFHR1,6,0.55,0.0012963630487514,203,203.0
PT,PT,Lineage4,CFHR1,7,0.6500000000000001,0.0026211583347033,228,204.58420859296663
PT,PT,Lineage4,CFHR1,8,0.75,0.0011488043552456,286,272.71045654338775
PT,PT,Lineage4,CFHR1,9,0.8500000000000001,8.127305578181122e-05,186,183.304830402454
PT,PT,Lineage4,CFHR1,10,0.95,0.0005644689382676,120,115.95473945814668
PT,PT,Lineage5,CFHR1,1,0.05,0.0007515455566252,290,257.0789487554607
PT,PT,Lineage5,CFHR1,2,0.15,0.0013230335030399,519,433.32955356148386
PT,PT,Lineage5,CFHR1,3,0.25,0.0022848267681965,540,424.84936042523736
PT,PT,Lineage5,CFHR1,4,0.35,0.0036067530331969,332,201.0105077595712
PT,PT,Lineage5,CFHR1,5,0.45,0.0002583841207819,197,131.2016206783867
PT,PT,Lineage5,CFHR1,6,0.55,0.0002835594759121,77,56.1445837270891
PT,PT,Lineage5,CFHR1,7,0.6500000000000001,0.0024679148896299,50,48.34756384820716
PT,PT,Lineage5,CFHR1,8,0.75,0.0058601400542433,34,33.771334858429455
PT,PT,Lineage5,CFHR1,9,0.8500000000000001,0.0,23,22.225325994507436
PT,PT,Lineage5,CFHR1,10,0.95,0.0,23,23.0
PT,PT,Lineage6,CFHR1,1,0.05,0.0003489780617978,154,143.89721539858016
PT,PT,Lineage6,CFHR1,2,0.15,0.0006108589896077,299,236.03424365924823
PT,PT,Lineage6,CFHR1,3,0.25,0.0019305449059153,260,222.2888809081952
PT,PT,Lineage6,CFHR1,4,0.35,0.0014085705796929,240,216.9700322803281
PT,PT,Lineage6,CFHR1,5,0.45,0.0043763781790379,200,173.57791074948216
PT,PT,Lineage6,CFHR1,6,0.55,0.0025486059088671,284,252.22905095730775
PT,PT,Lineage6,CFHR1,7,0.6500000000000001,0.0007279012792494,165,165.0
PT,PT,Lineage6,CFHR1,8,0.75,0.0011819360271118,193,193.0
PT,PT,Lineage6,CFHR1,9,0.8500000000000001,0.0005660495312072,100,94.52758047493109
PT,PT,Lineage6,CFHR1,10,0.95,0.0003379985386425,77,60.49712959235555
PT,PT,Lineage7,CFHR1,1,0.05,0.0002383135355335,229,210.71396790972477
PT,PT,Lineage7,CFHR1,2,0.15,0.0015493985202768,265,235.78987949020433
PT,PT,Lineage7,CFHR1,3,0.25,0.0012691120744501,203,202.32967544339283
PT,PT,Lineage7,CFHR1,4,0.35,0.0029371204077741,564,357.2568283786706
PT,PT,Lineage7,CFHR1,5,0.45,0.0034362189019249,129,123.313224974485
PT,PT,Lineage7,CFHR1,6,0.55,0.0012220137167408,222,215.15909274101543
PT,PT,Lineage7,CFHR1,7,0.6500000000000001,0.0022968756595887,352,328.2548314038918
PT,PT,Lineage7,CFHR1,8,0.75,0.0013534388890203,253,248.86947849066132
PT,PT,Lineage7,CFHR1,9,0.8500000000000001,0.0006473886761275,104,103.91720943731887
PT,PT,Lineage7,CFHR1,10,0.95,0.0033987577872917,25,25.0
PT,PT,Lineage8,CFHR1,1,0.05,0.0003199947295998,283,243.861858869527
PT,PT,Lineage8,CFHR1,2,0.15,0.0014754567281933,366,298.864557479168
PT,PT,Lineage8,CFHR1,3,0.25,0.0013398919634155,308,280.7497752615346
PT,PT,Lineage8,CFHR1,4,0.35,0.0041605573910206,208,197.34252500689797
PT,PT,Lineage8,CFHR1,5,0.45,0.0020158399119661,130,129.6577084108946
PT,PT,Lineage8,CFHR1,6,0.55,0.0029373478460599,65,64.70883078503329
PT,PT,Lineage8,CFHR1,7,0.6500000000000001,0.0011640459669153,71,69.36211032228495
PT,PT,Lineage8,CFHR1,8,0.75,0.0,38,38.0
PT,PT,Lineage8,CFHR1,9,0.8500000000000001,0.0005896418050726,27,27.0
PT,PT,Lineage8,CFHR1,10,0.95,0.0041881231480656,34,34.0
PT,PT,Lineage9,CFHR1,1,0.05,0.0002582148474571,149,139.01540152713133
PT,PT,Lineage9,CFHR1,2,0.15,0.0009404444437987,339,247.97135830069257
PT,PT,Lineage9,CFHR1,3,0.25,0.0020272768145218,123,117.41949502491028
PT,PT,Lineage9,CFHR1,4,0.35,0.0005987708949572,131,119.48642283382205
PT,PT,Lineage9,CFHR1,5,0.45,0.0,72,70.8406739824326
PT,PT,Lineage9,CFHR1,6,0.55,0.0,60,60.0
PT,PT,Lineage9,CFHR1,7,0.6500000000000001,0.0014333684724851,56,56.0
PT,PT,Lineage9,CFHR1,8,0.75,0.0,60,59.77233515030349
PT,PT,Lineage9,CFHR1,9,0.8500000000000001,0.0,35,34.40865010410188
PT,PT,Lineage9,CFHR1,10,0.95,0.0,9,9.0
PT,PT,Lineage10,CFHR1,1,0.05,0.0004117397916409,127,121.94203640035742
PT,PT,Lineage10,CFHR1,2,0.15,0.0008996087834806,235,186.3499317993566
PT,PT,Lineage10,CFHR1,3,0.25,0.0012067007622491,212,194.55863183093717
PT,PT,Lineage10,CFHR1,4,0.35,0.0022226120888982,161,157.77531572035284
PT,PT,Lineage10,CFHR1,5,0.45,0.0032443724574107,86,84.9432771760723
PT,PT,Lineage10,CFHR1,6,0.55,0.0,51,49.914921520569905
PT,PT,Lineage10,CFHR1,7,0.6500000000000001,0.0004858962685855,38,37.20480609719146
PT,PT,Lineage10,CFHR1,8,0.75,0.0014328970352768,44,43.73168956219897
PT,PT,Lineage10,CFHR1,9,0.8500000000000001,0.0,22,22.0
PT,PT,Lineage10,CFHR1,10,0.95,0.0,27,27.0
PT,PT,Lineage11,CFHR1,1,0.05,0.0006252886868318,81,80.35157546507226
PT,PT,Lineage11,CFHR1,2,0.15,0.0,97,95.71596014277668
PT,PT,Lineage11,CFHR1,3,0.25,0.0021731341651086,113,97.8670671200438
PT,PT,Lineage11,CFHR1,4,0.35,0.0005970153207236,127,120.81313601222926
PT,PT,Lineage11,CFHR1,5,0.45,0.0027040614784358,142,142.0
PT,PT,Lineage11,CFHR1,6,0.55,0.0008559217671046,124,124.0
PT,PT,Lineage11,CFHR1,7,0.6500000000000001,0.000190316898772,74,74.0
PT,PT,Lineage11,CFHR1,8,0.75,0.0,69,68.65074148827756
PT,PT,Lineage11,CFHR1,9,0.8500000000000001,0.0,22,21.708857808650315
PT,PT,Lineage11,CFHR1,10,0.95,0.0,7,6.797247006847127
PT,PT,Lineage1,CFHR2,1,0.05,0.0004844407888622,1249,968.05520541352
PT,PT,Lineage1,CFHR2,2,0.15,0.0009124123097755,552,347.17207211972107
PT,PT,Lineage1,CFHR2,3,0.25,0.0005366397783643,415,362.2316899549579
PT,PT,Lineage1,CFHR2,4,0.35,0.0002513571905367,298,291.86671911763847
PT,PT,Lineage1,CFHR2,5,0.45,0.0001991972105383,214,214.0
PT,PT,Lineage1,CFHR2,6,0.55,0.0,144,144.0
PT,PT,Lineage1,CFHR2,7,0.6500000000000001,0.0004720818273137,66,66.0
PT,PT,Lineage1,CFHR2,8,0.75,0.0,14,14.0
PT,PT,Lineage1,CFHR2,9,0.8500000000000001,0.0005780417749746,36,36.0
PT,PT,Lineage1,CFHR2,10,0.95,0.0,38,38.0
PT,PT,Lineage2,CFHR2,1,0.05,0.0004969258707556,531,439.2674302593681
PT,PT,Lineage2,CFHR2,2,0.15,0.0007082620802872,904,658.5647247615038
PT,PT,Lineage2,CFHR2,3,0.25,0.0,254,179.45508407137004
PT,PT,Lineage2,CFHR2,4,0.35,0.0012881669542578,157,131.7975586839539
PT,PT,Lineage2,CFHR2,5,0.45,0.0,175,167.56585004340508
PT,PT,Lineage2,CFHR2,6,0.55,0.0,134,130.41830236371263
PT,PT,Lineage2,CFHR2,7,0.6500000000000001,0.0,95,85.90914029140448
PT,PT,Lineage2,CFHR2,8,0.75,0.0,129,129.0
PT,PT,Lineage2,CFHR2,9,0.8500000000000001,0.0,128,128.0
PT,PT,Lineage2,CFHR2,10,0.95,0.0,20,20.0
PT,PT,Lineage3,CFHR2,1,0.05,0.0005121514482405,517,427.2278725752045
PT,PT,Lineage3,CFHR2,2,0.15,0.0007037585399512,900,662.5893266960761
PT,PT,Lineage3,CFHR2,3,0.25,0.0,269,179.76417810309016
PT,PT,Lineage3,CFHR2,4,0.35,0.0012795423888509,162,130.73432867837596
PT,PT,Lineage3,CFHR2,5,0.45,0.0,180,169.86642041577562
PT,PT,Lineage3,CFHR2,6,0.55,0.0,155,141.63271721826248
PT,PT,Lineage3,CFHR2,7,0.6500000000000001,0.0,179,107.79195360971444
PT,PT,Lineage3,CFHR2,8,0.75,0.0,133,133.0
PT,PT,Lineage3,CFHR2,9,0.8500000000000001,0.0,61,61.0
PT,PT,Lineage3,CFHR2,10,0.95,0.0,57,57.0
PT,PT,Lineage4,CFHR2,1,0.05,0.0009352512742236,287,238.8565439072539
PT,PT,Lineage4,CFHR2,2,0.15,0.0003585071080637,485,449.9064774059803
PT,PT,Lineage4,CFHR2,3,0.25,0.0008040499795867,262,204.20559290380197
PT,PT,Lineage4,CFHR2,4,0.35,7.487574416218499e-05,154,113.71812210437758
PT,PT,Lineage4,CFHR2,5,0.45,0.0001325834282831,289,285.37619856026345
PT,PT,Lineage4,CFHR2,6,0.55,8.424935776996735e-05,203,203.0
PT,PT,Lineage4,CFHR2,7,0.6500000000000001,0.0001956673157086,228,204.58420859296663
PT,PT,Lineage4,CFHR2,8,0.75,0.0006408493099077,286,272.71045654338775
PT,PT,Lineage4,CFHR2,9,0.8500000000000001,0.0002555219854332,186,183.304830402454
PT,PT,Lineage4,CFHR2,10,0.95,0.0007308085059682,120,115.95473945814668
PT,PT,Lineage5,CFHR2,1,0.05,0.0006079265294508,290,257.0789487554607
PT,PT,Lineage5,CFHR2,2,0.15,0.000525238806421,519,433.32955356148386
PT,PT,Lineage5,CFHR2,3,0.25,0.0005855217268242,540,424.84936042523736
PT,PT,Lineage5,CFHR2,4,0.35,0.0001443985010841,332,201.0105077595712
PT,PT,Lineage5,CFHR2,5,0.45,0.0,197,131.2016206783867
PT,PT,Lineage5,CFHR2,6,0.55,0.0001752556591175,77,56.1445837270891
PT,PT,Lineage5,CFHR2,7,0.6500000000000001,0.0,50,48.34756384820716
PT,PT,Lineage5,CFHR2,8,0.75,0.0023652693320152,34,33.771334858429455
PT,PT,Lineage5,CFHR2,9,0.8500000000000001,0.0,23,22.225325994507436
PT,PT,Lineage5,CFHR2,10,0.95,0.0,23,23.0
PT,PT,Lineage6,CFHR2,1,0.05,0.00035429399569,154,143.89721539858016
PT,PT,Lineage6,CFHR2,2,0.15,0.0007529042088593,299,236.03424365924823
PT,PT,Lineage6,CFHR2,3,0.25,0.0005490376666106,260,222.2888809081952
PT,PT,Lineage6,CFHR2,4,0.35,0.0002858918086967,240,216.9700322803281
PT,PT,Lineage6,CFHR2,5,0.45,0.0003678987437602,200,173.57791074948216
PT,PT,Lineage6,CFHR2,6,0.55,0.0001202282288359,284,252.22905095730775
PT,PT,Lineage6,CFHR2,7,0.6500000000000001,0.0020133564983612,165,165.0
PT,PT,Lineage6,CFHR2,8,0.75,0.0,193,193.0
PT,PT,Lineage6,CFHR2,9,0.8500000000000001,0.0003327921566432,100,94.52758047493109
PT,PT,Lineage6,CFHR2,10,0.95,0.0003542868587829,77,60.49712959235555
PT,PT,Lineage7,CFHR2,1,0.05,0.0002419484570386,229,210.71396790972477
PT,PT,Lineage7,CFHR2,2,0.15,0.0010197046274297,265,235.78987949020433
PT,PT,Lineage7,CFHR2,3,0.25,0.0003842368011947,203,202.32967544339283
PT,PT,Lineage7,CFHR2,4,0.35,0.0005706934027772,564,357.2568283786706
PT,PT,Lineage7,CFHR2,5,0.45,0.0001285065718094,129,123.313224974485
PT,PT,Lineage7,CFHR2,6,0.55,0.0,222,215.15909274101543
PT,PT,Lineage7,CFHR2,7,0.6500000000000001,0.0004418854347362,352,328.2548314038918
PT,PT,Lineage7,CFHR2,8,0.75,0.0005787452544288,253,248.86947849066132
PT,PT,Lineage7,CFHR2,9,0.8500000000000001,0.0004353196587444,104,103.91720943731887
PT,PT,Lineage7,CFHR2,10,0.95,0.0,25,25.0
PT,PT,Lineage8,CFHR2,1,0.05,0.0002090606528162,283,243.861858869527
PT,PT,Lineage8,CFHR2,2,0.15,0.0009537719078566,366,298.864557479168
PT,PT,Lineage8,CFHR2,3,0.25,0.0002717036333679,308,280.7497752615346
PT,PT,Lineage8,CFHR2,4,0.35,0.0005605790902649,208,197.34252500689797
PT,PT,Lineage8,CFHR2,5,0.45,0.0004590999281222,130,129.6577084108946
PT,PT,Lineage8,CFHR2,6,0.55,0.003193210824996,65,64.70883078503329
PT,PT,Lineage8,CFHR2,7,0.6500000000000001,0.0,71,69.36211032228495
PT,PT,Lineage8,CFHR2,8,0.75,0.0011363829296873,38,38.0
PT,PT,Lineage8,CFHR2,9,0.8500000000000001,0.0,27,27.0
PT,PT,Lineage8,CFHR2,10,0.95,0.0,34,34.0
PT,PT,Lineage9,CFHR2,1,0.05,0.0005766267113915,149,139.01540152713133
PT,PT,Lineage9,CFHR2,2,0.15,0.0002894884705528,339,247.97135830069257
PT,PT,Lineage9,CFHR2,3,0.25,0.0016883930551365,123,117.41949502491028
PT,PT,Lineage9,CFHR2,4,0.35,0.0006861585362509,131,119.48642283382205
PT,PT,Lineage9,CFHR2,5,0.45,0.0002793986552727,72,70.8406739824326
PT,PT,Lineage9,CFHR2,6,0.55,0.0004357193511798,60,60.0
PT,PT,Lineage9,CFHR2,7,0.6500000000000001,0.0007222030877619,56,56.0
PT,PT,Lineage9,CFHR2,8,0.75,0.0,60,59.77233515030349
PT,PT,Lineage9,CFHR2,9,0.8500000000000001,0.0009142479368807,35,34.40865010410188
PT,PT,Lineage9,CFHR2,10,0.95,0.0,9,9.0
PT,PT,Lineage10,CFHR2,1,0.05,0.0004180832214812,127,121.94203640035742
PT,PT,Lineage10,CFHR2,2,0.15,0.0005898737628697,235,186.3499317993566
PT,PT,Lineage10,CFHR2,3,0.25,0.0007496765080421,212,194.55863183093717
PT,PT,Lineage10,CFHR2,4,0.35,0.0,161,157.77531572035284
PT,PT,Lineage10,CFHR2,5,0.45,0.0005244069213824,86,84.9432771760723
PT,PT,Lineage10,CFHR2,6,0.55,0.0,51,49.914921520569905
PT,PT,Lineage10,CFHR2,7,0.6500000000000001,0.0,38,37.20480609719146
PT,PT,Lineage10,CFHR2,8,0.75,0.0,44,43.73168956219897
PT,PT,Lineage10,CFHR2,9,0.8500000000000001,0.0019628432421871,22,22.0
PT,PT,Lineage10,CFHR2,10,0.95,0.0025826178235653,27,27.0
PT,PT,Lineage11,CFHR2,1,0.05,0.0006344856229284,81,80.35157546507226
PT,PT,Lineage11,CFHR2,2,0.15,0.0,97,95.71596014277668
PT,PT,Lineage11,CFHR2,3,0.25,0.0014677505620784,113,97.8670671200438
PT,PT,Lineage11,CFHR2,4,0.35,0.0009130456015355,127,120.81313601222926
PT,PT,Lineage11,CFHR2,5,0.45,0.0001338670727749,142,142.0
PT,PT,Lineage11,CFHR2,6,0.55,0.0011881786548433,124,124.0
PT,PT,Lineage11,CFHR2,7,0.6500000000000001,0.0,74,74.0
PT,PT,Lineage11,CFHR2,8,0.75,0.0002029890955222,69,68.65074148827756
PT,PT,Lineage11,CFHR2,9,0.8500000000000001,0.0,22,21.708857808650315
PT,PT,Lineage11,CFHR2,10,0.95,0.0,7,6.797247006847127
PT,PT,Lineage1,CFHR3,1,0.05,0.0006159375758971,1249,968.05520541352
PT,PT,Lineage1,CFHR3,2,0.15,0.0007195078331941,552,347.17207211972107
PT,PT,Lineage1,CFHR3,3,0.25,0.0014944564979413,415,362.2316899549579
PT,PT,Lineage1,CFHR3,4,0.35,0.0024690907188032,298,291.86671911763847
PT,PT,Lineage1,CFHR3,5,0.45,0.0004878593423708,214,214.0
PT,PT,Lineage1,CFHR3,6,0.55,0.0003733204061968,144,144.0
PT,PT,Lineage1,CFHR3,7,0.6500000000000001,0.0012318880521235,66,66.0
PT,PT,Lineage1,CFHR3,8,0.75,0.0,14,14.0
PT,PT,Lineage1,CFHR3,9,0.8500000000000001,0.0,36,36.0
PT,PT,Lineage1,CFHR3,10,0.95,0.0003368191114186,38,38.0
PT,PT,Lineage2,CFHR3,1,0.05,0.0002220681434804,531,439.2674302593681
PT,PT,Lineage2,CFHR3,2,0.15,0.0008363297783765,904,658.5647247615038
PT,PT,Lineage2,CFHR3,3,0.25,0.001265171094316,254,179.45508407137004
PT,PT,Lineage2,CFHR3,4,0.35,0.0018221934967935,157,131.7975586839539
PT,PT,Lineage2,CFHR3,5,0.45,0.0018457168526314,175,167.56585004340508
PT,PT,Lineage2,CFHR3,6,0.55,0.0012372707394636,134,130.41830236371263
PT,PT,Lineage2,CFHR3,7,0.6500000000000001,0.000523114014838,95,85.90914029140448
PT,PT,Lineage2,CFHR3,8,0.75,0.0023095931018289,129,129.0
PT,PT,Lineage2,CFHR3,9,0.8500000000000001,0.0,128,128.0
PT,PT,Lineage2,CFHR3,10,0.95,0.0,20,20.0
PT,PT,Lineage3,CFHR3,1,0.05,0.0002276015975417,517,427.2278725752045
PT,PT,Lineage3,CFHR3,2,0.15,0.0008310938332934,900,662.5893266960761
PT,PT,Lineage3,CFHR3,3,0.25,0.0012608931731012,269,179.76417810309016
PT,PT,Lineage3,CFHR3,4,0.35,0.0015368976403746,162,130.73432867837596
PT,PT,Lineage3,CFHR3,5,0.45,0.0016828873039607,180,169.86642041577562
PT,PT,Lineage3,CFHR3,6,0.55,0.00135741179273,155,141.63271721826248
PT,PT,Lineage3,CFHR3,7,0.6500000000000001,0.0,179,107.79195360971444
PT,PT,Lineage3,CFHR3,8,0.75,0.0,133,133.0
PT,PT,Lineage3,CFHR3,9,0.8500000000000001,0.0055832684413443,61,61.0
PT,PT,Lineage3,CFHR3,10,0.95,0.0,57,57.0
PT,PT,Lineage4,CFHR3,1,0.05,0.0002714319401297,287,238.8565439072539
PT,PT,Lineage4,CFHR3,2,0.15,0.0009577535873969,485,449.9064774059803
PT,PT,Lineage4,CFHR3,3,0.25,0.0013262731352707,262,204.20559290380197
PT,PT,Lineage4,CFHR3,4,0.35,0.0006507488366564,154,113.71812210437758
PT,PT,Lineage4,CFHR3,5,0.45,0.0003379714890649,289,285.37619856026345
PT,PT,Lineage4,CFHR3,6,0.55,0.0004991231378075,203,203.0
PT,PT,Lineage4,CFHR3,7,0.6500000000000001,0.0006622786946454,228,204.58420859296663
PT,PT,Lineage4,CFHR3,8,0.75,0.0004982184550802,286,272.71045654338775
PT,PT,Lineage4,CFHR3,9,0.8500000000000001,0.0002983047345734,186,183.304830402454
PT,PT,Lineage4,CFHR3,10,0.95,0.0010640881588655,120,115.95473945814668
PT,PT,Lineage5,CFHR3,1,0.05,0.0003844616452101,290,257.0789487554607
PT,PT,Lineage5,CFHR3,2,0.15,0.0004701350634471,519,433.32955356148386
PT,PT,Lineage5,CFHR3,3,0.25,0.0009473185656542,540,424.84936042523736
PT,PT,Lineage5,CFHR3,4,0.35,0.0010683765353352,332,201.0105077595712
PT,PT,Lineage5,CFHR3,5,0.45,0.0004885518606268,197,131.2016206783867
PT,PT,Lineage5,CFHR3,6,0.55,0.0008664785674657,77,56.1445837270891
PT,PT,Lineage5,CFHR3,7,0.6500000000000001,0.0011894189953594,50,48.34756384820716
PT,PT,Lineage5,CFHR3,8,0.75,0.0023652693320152,34,33.771334858429455
PT,PT,Lineage5,CFHR3,9,0.8500000000000001,0.0,23,22.225325994507436
PT,PT,Lineage5,CFHR3,10,0.95,0.001089669485787,23,23.0
PT,PT,Lineage6,CFHR3,1,0.05,0.0002376035408578,154,143.89721539858016
PT,PT,Lineage6,CFHR3,2,0.15,0.0,299,236.03424365924823
PT,PT,Lineage6,CFHR3,3,0.25,0.0006124864074738,260,222.2888809081952
PT,PT,Lineage6,CFHR3,4,0.35,0.0003419812364698,240,216.9700322803281
PT,PT,Lineage6,CFHR3,5,0.45,0.001775373318481,200,173.57791074948216
PT,PT,Lineage6,CFHR3,6,0.55,0.0004766358856336,284,252.22905095730775
PT,PT,Lineage6,CFHR3,7,0.6500000000000001,0.0004497427660807,165,165.0
PT,PT,Lineage6,CFHR3,8,0.75,0.0020989886304434,193,193.0
PT,PT,Lineage6,CFHR3,9,0.8500000000000001,0.0,100,94.52758047493109
PT,PT,Lineage6,CFHR3,10,0.95,0.0014081444438242,77,60.49712959235555
PT,PT,Lineage7,CFHR3,1,0.05,0.0001622601872929,229,210.71396790972477
PT,PT,Lineage7,CFHR3,2,0.15,0.0005807066327472,265,235.78987949020433
PT,PT,Lineage7,CFHR3,3,0.25,0.000276776152518,203,202.32967544339283
PT,PT,Lineage7,CFHR3,4,0.35,0.0011720382448187,564,357.2568283786706
PT,PT,Lineage7,CFHR3,5,0.45,0.0009192627024651,129,123.313224974485
PT,PT,Lineage7,CFHR3,6,0.55,0.0017806492236011,222,215.15909274101543
PT,PT,Lineage7,CFHR3,7,0.6500000000000001,0.0010685688829058,352,328.2548314038918
PT,PT,Lineage7,CFHR3,8,0.75,0.0006478120329269,253,248.86947849066132
PT,PT,Lineage7,CFHR3,9,0.8500000000000001,0.0,104,103.91720943731887
PT,PT,Lineage7,CFHR3,10,0.95,0.0013351884259247,25,25.0
PT,PT,Lineage8,CFHR3,1,0.05,0.0001402043273875,283,243.861858869527
PT,PT,Lineage8,CFHR3,2,0.15,0.0004551695935792,366,298.864557479168
PT,PT,Lineage8,CFHR3,3,0.25,0.0002686513598539,308,280.7497752615346
PT,PT,Lineage8,CFHR3,4,0.35,0.0013852190906943,208,197.34252500689797
PT,PT,Lineage8,CFHR3,5,0.45,0.0007253980843815,130,129.6577084108946
PT,PT,Lineage8,CFHR3,6,0.55,0.0003571914091563,65,64.70883078503329
PT,PT,Lineage8,CFHR3,7,0.6500000000000001,0.0020702496874974,71,69.36211032228495
PT,PT,Lineage8,CFHR3,8,0.75,0.0,38,38.0
PT,PT,Lineage8,CFHR3,9,0.8500000000000001,0.0018017806844003,27,27.0
PT,PT,Lineage8,CFHR3,10,0.95,0.0006171040180374,34,34.0
PT,PT,Lineage9,CFHR3,1,0.05,0.0006072085207866,149,139.01540152713133
PT,PT,Lineage9,CFHR3,2,0.15,0.0002519322413531,339,247.97135830069257
PT,PT,Lineage9,CFHR3,3,0.25,0.0009413894014787,123,117.41949502491028
PT,PT,Lineage9,CFHR3,4,0.35,0.0009002297377783,131,119.48642283382205
PT,PT,Lineage9,CFHR3,5,0.45,0.0015656014944529,72,70.8406739824326
PT,PT,Lineage9,CFHR3,6,0.55,0.0,60,60.0
PT,PT,Lineage9,CFHR3,7,0.6500000000000001,0.0020404245439919,56,56.0
PT,PT,Lineage9,CFHR3,8,0.75,0.0005987494432299,60,59.77233515030349
PT,PT,Lineage9,CFHR3,9,0.8500000000000001,0.0,35,34.40865010410188
PT,PT,Lineage9,CFHR3,10,0.95,0.0,9,9.0
PT,PT,Lineage10,CFHR3,1,0.05,0.0002803831140397,127,121.94203640035742
PT,PT,Lineage10,CFHR3,2,0.15,0.0,235,186.3499317993566
PT,PT,Lineage10,CFHR3,3,0.25,0.0004215581362515,212,194.55863183093717
PT,PT,Lineage10,CFHR3,4,0.35,0.002428281443715,161,157.77531572035284
PT,PT,Lineage10,CFHR3,5,0.45,0.0,86,84.9432771760723
PT,PT,Lineage10,CFHR3,6,0.55,0.0038037816201566,51,49.914921520569905
PT,PT,Lineage10,CFHR3,7,0.6500000000000001,0.0002440461037839,38,37.20480609719146
PT,PT,Lineage10,CFHR3,8,0.75,0.0,44,43.73168956219897
PT,PT,Lineage10,CFHR3,9,0.8500000000000001,0.0,22,22.0
PT,PT,Lineage10,CFHR3,10,0.95,0.0056011470268119,27,27.0
PT,PT,Lineage11,CFHR3,1,0.05,0.0,81,80.35157546507226
PT,PT,Lineage11,CFHR3,2,0.15,0.0003572078036649,97,95.71596014277668
PT,PT,Lineage11,CFHR3,3,0.25,0.0,113,97.8670671200438
PT,PT,Lineage11,CFHR3,4,0.35,0.0009149457732166,127,120.81313601222926
PT,PT,Lineage11,CFHR3,5,0.45,0.0011413341213301,142,142.0
PT,PT,Lineage11,CFHR3,6,0.55,0.0,124,124.0
PT,PT,Lineage11,CFHR3,7,0.6500000000000001,0.0002768947416344,74,74.0
PT,PT,Lineage11,CFHR3,8,0.75,0.000293330083817,69,68.65074148827756
PT,PT,Lineage11,CFHR3,9,0.8500000000000001,0.0007935996546089,22,21.708857808650315
PT,PT,Lineage11,CFHR3,10,0.95,0.0,7,6.797247006847127
PT,PT,Lineage1,CFHR4,1,0.05,0.0010414589188683,1249,968.05520541352
PT,PT,Lineage1,CFHR4,2,0.15,0.0014474650189661,552,347.17207211972107
PT,PT,Lineage1,CFHR4,3,0.25,0.0025377083819572,415,362.2316899549579
PT,PT,Lineage1,CFHR4,4,0.35,0.0007020264451665,298,291.86671911763847
PT,PT,Lineage1,CFHR4,5,0.45,0.0017290774331043,214,214.0
PT,PT,Lineage1,CFHR4,6,0.55,0.0010697803169352,144,144.0
PT,PT,Lineage1,CFHR4,7,0.6500000000000001,0.0003384131680005,66,66.0
PT,PT,Lineage1,CFHR4,8,0.75,0.0,14,14.0
PT,PT,Lineage1,CFHR4,9,0.8500000000000001,0.0,36,36.0
PT,PT,Lineage1,CFHR4,10,0.95,0.0,38,38.0
PT,PT,Lineage2,CFHR4,1,0.05,0.0011254755318476,531,439.2674302593681
PT,PT,Lineage2,CFHR4,2,0.15,0.0008888855670071,904,658.5647247615038
PT,PT,Lineage2,CFHR4,3,0.25,0.0024913683474915,254,179.45508407137004
PT,PT,Lineage2,CFHR4,4,0.35,3.8997089337657206e-05,157,131.7975586839539
PT,PT,Lineage2,CFHR4,5,0.45,0.00103139564275,175,167.56585004340508
PT,PT,Lineage2,CFHR4,6,0.55,0.0002753814839968,134,130.41830236371263
PT,PT,Lineage2,CFHR4,7,0.6500000000000001,0.002920503175198,95,85.90914029140448
PT,PT,Lineage2,CFHR4,8,0.75,0.0044997344175529,129,129.0
PT,PT,Lineage2,CFHR4,9,0.8500000000000001,0.0,128,128.0
PT,PT,Lineage2,CFHR4,10,0.95,0.0209388699192923,20,20.0
PT,PT,Lineage3,CFHR4,1,0.05,0.0011582296954505,517,427.2278725752045
PT,PT,Lineage3,CFHR4,2,0.15,0.0008689474463421,900,662.5893266960761
PT,PT,Lineage3,CFHR4,3,0.25,0.0019369870227426,269,179.76417810309016
PT,PT,Lineage3,CFHR4,4,0.35,0.0008007137300352,162,130.73432867837596
PT,PT,Lineage3,CFHR4,5,0.45,0.00054546333886,180,169.86642041577562
PT,PT,Lineage3,CFHR4,6,0.55,0.0008800352820423,155,141.63271721826248
PT,PT,Lineage3,CFHR4,7,0.6500000000000001,0.002993385995667,179,107.79195360971444
PT,PT,Lineage3,CFHR4,8,0.75,0.0,133,133.0
PT,PT,Lineage3,CFHR4,9,0.8500000000000001,0.0,61,61.0
PT,PT,Lineage3,CFHR4,10,0.95,0.0096517669507746,57,57.0
PT,PT,Lineage4,CFHR4,1,0.05,0.0007622877385928,287,238.8565439072539
PT,PT,Lineage4,CFHR4,2,0.15,0.0013361521953552,485,449.9064774059803
PT,PT,Lineage4,CFHR4,3,0.25,0.0011142833930053,262,204.20559290380197
PT,PT,Lineage4,CFHR4,4,0.35,0.0007425455131066,154,113.71812210437758
PT,PT,Lineage4,CFHR4,5,0.45,0.0004381429505789,289,285.37619856026345
PT,PT,Lineage4,CFHR4,6,0.55,0.0,203,203.0
PT,PT,Lineage4,CFHR4,7,0.6500000000000001,0.0006204249261136,228,204.58420859296663
PT,PT,Lineage4,CFHR4,8,0.75,0.0005000750289678,286,272.71045654338775
PT,PT,Lineage4,CFHR4,9,0.8500000000000001,0.0014156625364068,186,183.304830402454
PT,PT,Lineage4,CFHR4,10,0.95,0.0002973000776618,120,115.95473945814668
PT,PT,Lineage5,CFHR4,1,0.05,0.0008608261183675,290,257.0789487554607
PT,PT,Lineage5,CFHR4,2,0.15,0.0013985346141394,519,433.32955356148386
PT,PT,Lineage5,CFHR4,3,0.25,0.0007450250168784,540,424.84936042523736
PT,PT,Lineage5,CFHR4,4,0.35,0.0008659909457259,332,201.0105077595712
PT,PT,Lineage5,CFHR4,5,0.45,0.0006290956948749,197,131.2016206783867
PT,PT,Lineage5,CFHR4,6,0.55,0.0006169131352228,77,56.1445837270891
PT,PT,Lineage5,CFHR4,7,0.6500000000000001,0.000685965502321,50,48.34756384820716
PT,PT,Lineage5,CFHR4,8,0.75,0.0,34,33.771334858429455
PT,PT,Lineage5,CFHR4,9,0.8500000000000001,0.0,23,22.225325994507436
PT,PT,Lineage5,CFHR4,10,0.95,0.0,23,23.0
PT,PT,Lineage6,CFHR4,1,0.05,0.001181881848796,154,143.89721539858016
PT,PT,Lineage6,CFHR4,2,0.15,0.0007301204590903,299,236.03424365924823
PT,PT,Lineage6,CFHR4,3,0.25,0.0015321955660518,260,222.2888809081952
PT,PT,Lineage6,CFHR4,4,0.35,0.0005672546284412,240,216.9700322803281
PT,PT,Lineage6,CFHR4,5,0.45,0.0006841345819906,200,173.57791074948216
PT,PT,Lineage6,CFHR4,6,0.55,0.0017687929998936,284,252.22905095730775
PT,PT,Lineage6,CFHR4,7,0.6500000000000001,0.0013703094859833,165,165.0
PT,PT,Lineage6,CFHR4,8,0.75,0.0003602893284227,193,193.0
PT,PT,Lineage6,CFHR4,9,0.8500000000000001,0.0005660495312072,100,94.52758047493109
PT,PT,Lineage6,CFHR4,10,0.95,0.0015398042055287,77,60.49712959235555
PT,PT,Lineage7,CFHR4,1,0.05,0.0012701117370271,229,210.71396790972477
PT,PT,Lineage7,CFHR4,2,0.15,0.0010341269438887,265,235.78987949020433
PT,PT,Lineage7,CFHR4,3,0.25,0.0010285050461473,203,202.32967544339283
PT,PT,Lineage7,CFHR4,4,0.35,0.0012907389187711,564,357.2568283786706
PT,PT,Lineage7,CFHR4,5,0.45,0.0,129,123.313224974485
PT,PT,Lineage7,CFHR4,6,0.55,0.0020771898916107,222,215.15909274101543
PT,PT,Lineage7,CFHR4,7,0.6500000000000001,0.0017159635496963,352,328.2548314038918
PT,PT,Lineage7,CFHR4,8,0.75,0.000511603749327,253,248.86947849066132
PT,PT,Lineage7,CFHR4,9,0.8500000000000001,0.0004193480469021,104,103.91720943731887
PT,PT,Lineage7,CFHR4,10,0.95,0.0,25,25.0
PT,PT,Lineage8,CFHR4,1,0.05,0.0010978596653944,283,243.861858869527
PT,PT,Lineage8,CFHR4,2,0.15,0.0011296259994061,366,298.864557479168
PT,PT,Lineage8,CFHR4,3,0.25,0.0011266472276212,308,280.7497752615346
PT,PT,Lineage8,CFHR4,4,0.35,0.0,208,197.34252500689797
PT,PT,Lineage8,CFHR4,5,0.45,0.0009177706431458,130,129.6577084108946
PT,PT,Lineage8,CFHR4,6,0.55,0.0004752288219862,65,64.70883078503329
PT,PT,Lineage8,CFHR4,7,0.6500000000000001,0.0017086893015386,71,69.36211032228495
PT,PT,Lineage8,CFHR4,8,0.75,0.0032426841443674,38,38.0
PT,PT,Lineage8,CFHR4,9,0.8500000000000001,0.0012828270804763,27,27.0
PT,PT,Lineage8,CFHR4,10,0.95,0.0,34,34.0
PT,PT,Lineage9,CFHR4,1,0.05,0.0009335274806433,149,139.01540152713133
PT,PT,Lineage9,CFHR4,2,0.15,0.0007939813128625,339,247.97135830069257
PT,PT,Lineage9,CFHR4,3,0.25,0.0008622626914609,123,117.41949502491028
PT,PT,Lineage9,CFHR4,4,0.35,0.0007553560450726,131,119.48642283382205
PT,PT,Lineage9,CFHR4,5,0.45,0.0014375214041519,72,70.8406739824326
PT,PT,Lineage9,CFHR4,6,0.55,0.001079194483769,60,60.0
PT,PT,Lineage9,CFHR4,7,0.6500000000000001,0.0,56,56.0
PT,PT,Lineage9,CFHR4,8,0.75,0.0005648816217653,60,59.77233515030349
PT,PT,Lineage9,CFHR4,9,0.8500000000000001,0.0,35,34.40865010410188
PT,PT,Lineage9,CFHR4,10,0.95,0.0106612026812628,9,9.0
PT,PT,Lineage10,CFHR4,1,0.05,0.001032765767017,127,121.94203640035742
PT,PT,Lineage10,CFHR4,2,0.15,0.0008206442186205,235,186.3499317993566
PT,PT,Lineage10,CFHR4,3,0.25,0.0012313163582031,212,194.55863183093717
PT,PT,Lineage10,CFHR4,4,0.35,0.0027458575643972,161,157.77531572035284
PT,PT,Lineage10,CFHR4,5,0.45,0.0038566381432888,86,84.9432771760723
PT,PT,Lineage10,CFHR4,6,0.55,0.0,51,49.914921520569905
PT,PT,Lineage10,CFHR4,7,0.6500000000000001,0.0031855641319624,38,37.20480609719146
PT,PT,Lineage10,CFHR4,8,0.75,0.0,44,43.73168956219897
PT,PT,Lineage10,CFHR4,9,0.8500000000000001,0.0,22,22.0
PT,PT,Lineage10,CFHR4,10,0.95,0.0033710129515888,27,27.0
PT,PT,Lineage11,CFHR4,1,0.05,0.0006837741334166,81,80.35157546507226
PT,PT,Lineage11,CFHR4,2,0.15,0.0012028002218006,97,95.71596014277668
PT,PT,Lineage11,CFHR4,3,0.25,0.0006400711867378,113,97.8670671200438
PT,PT,Lineage11,CFHR4,4,0.35,0.0020111912427555,127,120.81313601222926
PT,PT,Lineage11,CFHR4,5,0.45,0.0024940093043139,142,142.0
PT,PT,Lineage11,CFHR4,6,0.55,0.0006772876773638,124,124.0
PT,PT,Lineage11,CFHR4,7,0.6500000000000001,0.0016418289154233,74,74.0
PT,PT,Lineage11,CFHR4,8,0.75,0.0007661621211412,69,68.65074148827756
PT,PT,Lineage11,CFHR4,9,0.8500000000000001,0.0,22,21.708857808650315
PT,PT,Lineage11,CFHR4,10,0.95,0.0,7,6.797247006847127
PT,PT,Lineage1,CFHR5,1,0.05,0.0010084343576691,1249,968.05520541352
PT,PT,Lineage1,CFHR5,2,0.15,0.0005473439750905,552,347.17207211972107
PT,PT,Lineage1,CFHR5,3,0.25,0.0007259542108026,415,362.2316899549579
PT,PT,Lineage1,CFHR5,4,0.35,0.0002239806115208,298,291.86671911763847
PT,PT,Lineage1,CFHR5,5,0.45,0.0009562070486701,214,214.0
PT,PT,Lineage1,CFHR5,6,0.55,0.0011248600362197,144,144.0
PT,PT,Lineage1,CFHR5,7,0.6500000000000001,0.0002531361216357,66,66.0
PT,PT,Lineage1,CFHR5,8,0.75,0.0008371664910479,14,14.0
PT,PT,Lineage1,CFHR5,9,0.8500000000000001,0.0,36,36.0
PT,PT,Lineage1,CFHR5,10,0.95,0.0015566604634161,38,38.0
PT,PT,Lineage2,CFHR5,1,0.05,0.0012395311711068,531,439.2674302593681
PT,PT,Lineage2,CFHR5,2,0.15,0.0008736771990551,904,658.5647247615038
PT,PT,Lineage2,CFHR5,3,0.25,0.0002255530316668,254,179.45508407137004
PT,PT,Lineage2,CFHR5,4,0.35,0.0016293813121731,157,131.7975586839539
PT,PT,Lineage2,CFHR5,5,0.45,0.0022414924923188,175,167.56585004340508
PT,PT,Lineage2,CFHR5,6,0.55,0.0014739975092728,134,130.41830236371263
PT,PT,Lineage2,CFHR5,7,0.6500000000000001,0.0,95,85.90914029140448
PT,PT,Lineage2,CFHR5,8,0.75,0.0,129,129.0
PT,PT,Lineage2,CFHR5,9,0.8500000000000001,0.0,128,128.0
PT,PT,Lineage2,CFHR5,10,0.95,0.0,20,20.0
PT,PT,Lineage3,CFHR5,1,0.05,0.0012743148343103,517,427.2278725752045
PT,PT,Lineage3,CFHR5,2,0.15,0.0008683098973448,900,662.5893266960761
PT,PT,Lineage3,CFHR5,3,0.25,0.0002214505666145,269,179.76417810309016
PT,PT,Lineage3,CFHR5,4,0.35,0.0015174022954269,162,130.73432867837596
PT,PT,Lineage3,CFHR5,5,0.45,0.0030895381766105,180,169.86642041577562
PT,PT,Lineage3,CFHR5,6,0.55,0.0,155,141.63271721826248
PT,PT,Lineage3,CFHR5,7,0.6500000000000001,0.0,179,107.79195360971444
PT,PT,Lineage3,CFHR5,8,0.75,0.0013301566350033,133,133.0
PT,PT,Lineage3,CFHR5,9,0.8500000000000001,0.0,61,61.0
PT,PT,Lineage3,CFHR5,10,0.95,0.0,57,57.0
PT,PT,Lineage4,CFHR5,1,0.05,0.0015866870842734,287,238.8565439072539
PT,PT,Lineage4,CFHR5,2,0.15,0.0009988553135618,485,449.9064774059803
PT,PT,Lineage4,CFHR5,3,0.25,0.001031572031903,262,204.20559290380197
PT,PT,Lineage4,CFHR5,4,0.35,0.0001633035504962,154,113.71812210437758
PT,PT,Lineage4,CFHR5,5,0.45,5.6553102841911154e-05,289,285.37619856026345
PT,PT,Lineage4,CFHR5,6,0.55,0.0001653111610476,203,203.0
PT,PT,Lineage4,CFHR5,7,0.6500000000000001,4.261862266216248e-05,228,204.58420859296663
PT,PT,Lineage4,CFHR5,8,0.75,0.0001860075103378,286,272.71045654338775
PT,PT,Lineage4,CFHR5,9,0.8500000000000001,0.0009861884247808,186,183.304830402454
PT,PT,Lineage4,CFHR5,10,0.95,0.0006248326156338,120,115.95473945814668
PT,PT,Lineage5,CFHR5,1,0.05,0.0007258224704541,290,257.0789487554607
PT,PT,Lineage5,CFHR5,2,0.15,0.0015341168522735,519,433.32955356148386
PT,PT,Lineage5,CFHR5,3,0.25,0.0007730632928375,540,424.84936042523736
PT,PT,Lineage5,CFHR5,4,0.35,2.382829404421529e-05,332,201.0105077595712
PT,PT,Lineage5,CFHR5,5,0.45,0.0,197,131.2016206783867
PT,PT,Lineage5,CFHR5,6,0.55,0.000454184648998,77,56.1445837270891
PT,PT,Lineage5,CFHR5,7,0.6500000000000001,0.0004854038605208,50,48.34756384820716
PT,PT,Lineage5,CFHR5,8,0.75,0.0,34,33.771334858429455
PT,PT,Lineage5,CFHR5,9,0.8500000000000001,0.0001858011780178,23,22.225325994507436
PT,PT,Lineage5,CFHR5,10,0.95,0.0,23,23.0
PT,PT,Lineage6,CFHR5,1,0.05,0.0008648440746543,154,143.89721539858016
PT,PT,Lineage6,CFHR5,2,0.15,0.0010548081283007,299,236.03424365924823
PT,PT,Lineage6,CFHR5,3,0.25,0.0016273689450395,260,222.2888809081952
PT,PT,Lineage6,CFHR5,4,0.35,0.0009496754695244,240,216.9700322803281
PT,PT,Lineage6,CFHR5,5,0.45,0.0003789581017338,200,173.57791074948216
PT,PT,Lineage6,CFHR5,6,0.55,0.0024084693042883,284,252.22905095730775
PT,PT,Lineage6,CFHR5,7,0.6500000000000001,0.0013267248812323,165,165.0
PT,PT,Lineage6,CFHR5,8,0.75,0.0009351678190792,193,193.0
PT,PT,Lineage6,CFHR5,9,0.8500000000000001,0.0,100,94.52758047493109
PT,PT,Lineage6,CFHR5,10,0.95,0.0004834132296418,77,60.49712959235555
PT,PT,Lineage7,CFHR5,1,0.05,0.0009264470555788,229,210.71396790972477
PT,PT,Lineage7,CFHR5,2,0.15,0.0019683389807772,265,235.78987949020433
PT,PT,Lineage7,CFHR5,3,0.25,0.0008374504303942,203,202.32967544339283
PT,PT,Lineage7,CFHR5,4,0.35,0.0014953018571047,564,357.2568283786706
PT,PT,Lineage7,CFHR5,5,0.45,0.0010247252065829,129,123.313224974485
PT,PT,Lineage7,CFHR5,6,0.55,0.0001559611893904,222,215.15909274101543
PT,PT,Lineage7,CFHR5,7,0.6500000000000001,0.0009519749488694,352,328.2548314038918
PT,PT,Lineage7,CFHR5,8,0.75,0.0002609809288944,253,248.86947849066132
PT,PT,Lineage7,CFHR5,9,0.8500000000000001,0.0,104,103.91720943731887
PT,PT,Lineage7,CFHR5,10,0.95,0.0,25,25.0
PT,PT,Lineage8,CFHR5,1,0.05,0.0008010578033447,283,243.861858869527
PT,PT,Lineage8,CFHR5,2,0.15,0.0016835227585018,366,298.864557479168
PT,PT,Lineage8,CFHR5,3,0.25,0.0008910434874949,308,280.7497752615346
PT,PT,Lineage8,CFHR5,4,0.35,0.0020606170619422,208,197.34252500689797
PT,PT,Lineage8,CFHR5,5,0.45,0.0004119109675479,130,129.6577084108946
PT,PT,Lineage8,CFHR5,6,0.55,0.0015390263957371,65,64.70883078503329
PT,PT,Lineage8,CFHR5,7,0.6500000000000001,0.0006269888977192,71,69.36211032228495
PT,PT,Lineage8,CFHR5,8,0.75,0.001662410336964,38,38.0
PT,PT,Lineage8,CFHR5,9,0.8500000000000001,0.0,27,27.0
PT,PT,Lineage8,CFHR5,10,0.95,0.0,34,34.0
PT,PT,Lineage9,CFHR5,1,0.05,0.0001587710595753,149,139.01540152713133
PT,PT,Lineage9,CFHR5,2,0.15,0.0019439297876533,339,247.97135830069257
PT,PT,Lineage9,CFHR5,3,0.25,0.00108995275264,123,117.41949502491028
PT,PT,Lineage9,CFHR5,4,0.35,0.0006063643168189,131,119.48642283382205
PT,PT,Lineage9,CFHR5,5,0.45,0.0010825563064529,72,70.8406739824326
PT,PT,Lineage9,CFHR5,6,0.55,0.0018609996549245,60,60.0
PT,PT,Lineage9,CFHR5,7,0.6500000000000001,0.0,56,56.0
PT,PT,Lineage9,CFHR5,8,0.75,0.000638971874626,60,59.77233515030349
PT,PT,Lineage9,CFHR5,9,0.8500000000000001,0.0,35,34.40865010410188
PT,PT,Lineage9,CFHR5,10,0.95,0.0,9,9.0
PT,PT,Lineage10,CFHR5,1,0.05,0.0,127,121.94203640035742
PT,PT,Lineage10,CFHR5,2,0.15,0.001053500069451,235,186.3499317993566
PT,PT,Lineage10,CFHR5,3,0.25,0.0026604953790601,212,194.55863183093717
PT,PT,Lineage10,CFHR5,4,0.35,0.0006669162251362,161,157.77531572035284
PT,PT,Lineage10,CFHR5,5,0.45,0.0001921541467042,86,84.9432771760723
PT,PT,Lineage10,CFHR5,6,0.55,0.0,51,49.914921520569905
PT,PT,Lineage10,CFHR5,7,0.6500000000000001,0.0016628268448937,38,37.20480609719146
PT,PT,Lineage10,CFHR5,8,0.75,0.0,44,43.73168956219897
PT,PT,Lineage10,CFHR5,9,0.8500000000000001,0.0014602123405133,22,22.0
PT,PT,Lineage10,CFHR5,10,0.95,0.0,27,27.0
PT,PT,Lineage11,CFHR5,1,0.05,0.0,81,80.35157546507226
PT,PT,Lineage11,CFHR5,2,0.15,0.0011101044628309,97,95.71596014277668
PT,PT,Lineage11,CFHR5,3,0.25,0.0011605088551142,113,97.8670671200438
PT,PT,Lineage11,CFHR5,4,0.35,0.0033727662724932,127,120.81313601222926
PT,PT,Lineage11,CFHR5,5,0.45,0.0012324451280739,142,142.0
PT,PT,Lineage11,CFHR5,6,0.55,0.0014507067782957,124,124.0
PT,PT,Lineage11,CFHR5,7,0.6500000000000001,0.0005297313040171,74,74.0
PT,PT,Lineage11,CFHR5,8,0.75,0.0,69,68.65074148827756
PT,PT,Lineage11,CFHR5,9,0.8500000000000001,0.0015678617675071,22,21.708857808650315
PT,PT,Lineage11,CFHR5,10,0.95,0.0,7,6.797247006847127
FIB,contractile,Lineage1,C1QA,1,0.05,0.0644888921908004,61,49.94236599379469
FIB,contractile,Lineage1,C1QA,2,0.15,0.0318418467196669,33,31.97224847580994
FIB,contractile,Lineage1,C1QA,3,0.25,0.0473430500646573,64,52.83975117928554
FIB,contractile,Lineage1,C1QA,4,0.35,0.0760625102522909,104,67.00000342939487
FIB,contractile,Lineage1,C1QA,5,0.45,0.0749289253875462,42,38.59358161312381
FIB,contractile,Lineage1,C1QA,6,0.55,0.0988563294651651,21,21.0
FIB,contractile,Lineage1,C1QA,7,0.6500000000000001,0.0677392319869244,8,8.0
FIB,contractile,Lineage1,C1QA,8,0.75,0.0868212110739601,5,5.0
FIB,contractile,Lineage1,C1QA,9,0.8500000000000001,,0,0.0
FIB,contractile,Lineage1,C1QA,10,0.95,0.255008794039597,2,2.0
FIB,contractile,Lineage2,C1QA,1,0.05,0.0607733547657974,21,20.432318522091133
FIB,contractile,Lineage2,C1QA,2,0.15,0.0383235855609436,26,25.765254675484663
FIB,contractile,Lineage2,C1QA,3,0.25,0.0406328634827225,37,33.86292505295427
FIB,contractile,Lineage2,C1QA,4,0.35,0.0645427636731868,62,52.898325614261864
FIB,contractile,Lineage2,C1QA,5,0.45,0.0676703222069415,96,64.47233603368089
FIB,contractile,Lineage2,C1QA,6,0.55,0.0716611874808835,58,44.23611042903282
FIB,contractile,Lineage2,C1QA,7,0.6500000000000001,0.0604489285139826,33,32.76251906006037
FIB,contractile,Lineage2,C1QA,8,0.75,0.0721114501778317,38,37.46095724725315
FIB,contractile,Lineage2,C1QA,9,0.8500000000000001,0.0363597848164603,16,16.0
FIB,contractile,Lineage2,C1QA,10,0.95,0.0488885856684065,20,17.52041449500962
FIB,contractile,Lineage3,C1QA,1,0.05,0.0598900450518315,51,40.49503644758717
FIB,contractile,Lineage3,C1QA,2,0.15,0.0543768601939136,27,26.359616734924614
FIB,contractile,Lineage3,C1QA,3,0.25,0.0373779057474469,32,29.745368349043076
FIB,contractile,Lineage3,C1QA,4,0.35,0.0695589679668202,51,43.22356015630274
FIB,contractile,Lineage3,C1QA,5,0.45,0.0647362630251742,68,49.00698311989304
FIB,contractile,Lineage3,C1QA,6,0.55,0.0773037184016397,55,45.17588319122831
FIB,contractile,Lineage3,C1QA,7,0.6500000000000001,0.1152647736015592,38,37.13001146931714
FIB,contractile,Lineage3,C1QA,8,0.75,0.1036893547593951,19,18.46164723510935
FIB,contractile,Lineage3,C1QA,9,0.8500000000000001,0.1956626815894752,29,29.0
FIB,contractile,Lineage3,C1QA,10,0.95,0.1220553063027797,21,21.0
FIB,contractile,Lineage4,C1QA,1,0.05,0.0669033037785567,54,43.07398687785016
FIB,contractile,Lineage4,C1QA,2,0.15,0.0365565845729847,27,26.824727080737436
FIB,contractile,Lineage4,C1QA,3,0.25,0.0448059619379702,41,34.06853769135626
FIB,contractile,Lineage4,C1QA,4,0.35,0.0901743635421049,41,40.018265686800056
FIB,contractile,Lineage4,C1QA,5,0.45,0.0927189664834179,16,16.0
FIB,contractile,Lineage4,C1QA,6,0.55,0.0449355329677494,16,16.0
FIB,contractile,Lineage4,C1QA,7,0.6500000000000001,0.0435551490324656,17,17.0
FIB,contractile,Lineage4,C1QA,8,0.75,0.0372361165357875,16,16.0
FIB,contractile,Lineage4,C1QA,9,0.8500000000000001,0.0116836585409112,14,14.0
FIB,contractile,Lineage4,C1QA,10,0.95,0.0145451749423736,12,12.0
FIB,contractile,Lineage5,C1QA,1,0.05,0.0532085883135763,11,7.242416201239249
FIB,contractile,Lineage5,C1QA,2,0.15,0.0470323848870092,24,20.5006390929894
FIB,contractile,Lineage5,C1QA,3,0.25,0.0675915177512292,12,11.422888260404685
FIB,contractile,Lineage5,C1QA,4,0.35,0.1401940779916573,11,11.0
FIB,contractile,Lineage5,C1QA,5,0.45,0.0568901261314993,12,12.0
FIB,contractile,Lineage5,C1QA,6,0.55,0.0460068028579064,20,19.599544265730348
FIB,contractile,Lineage5,C1QA,7,0.6500000000000001,0.0714335097106286,11,10.824631057732674
FIB,contractile,Lineage5,C1QA,8,0.75,0.0760154200775057,5,5.0
FIB,contractile,Lineage5,C1QA,9,0.8500000000000001,,0,0.0
FIB,contractile,Lineage5,C1QA,10,0.95,0.1902093802920051,3,3.0
FIB,contractile,Lineage6,C1QA,1,0.05,0.0596037293893274,18,16.7037350532296
FIB,contractile,Lineage6,C1QA,2,0.15,0.0743960490610537,28,22.47807993222851
FIB,contractile,Lineage6,C1QA,3,0.25,0.0198123628179661,4,3.736031729923683
FIB,contractile,Lineage6,C1QA,4,0.35,0.0488090972638327,11,8.546697286819573
FIB,contractile,Lineage6,C1QA,5,0.45,0.0149959703560895,15,13.27793240092435
FIB,contractile,Lineage6,C1QA,6,0.55,0.0,13,11.779158072583831
FIB,contractile,Lineage6,C1QA,7,0.6500000000000001,0.0490498106366609,7,7.0
FIB,contractile,Lineage6,C1QA,8,0.75,0.0427126322737655,4,4.0
FIB,contractile,Lineage6,C1QA,9,0.8500000000000001,0.0,5,5.0
FIB,contractile,Lineage6,C1QA,10,0.95,0.0659379769683511,4,4.0
FIB,contractile,Lineage1,C1QB,1,0.05,0.0501917254032112,61,49.94236599379469
FIB,contractile,Lineage1,C1QB,2,0.15,0.0226538696024981,33,31.97224847580994
FIB,contractile,Lineage1,C1QB,3,0.25,0.0456810043220718,64,52.83975117928554
FIB,contractile,Lineage1,C1QB,4,0.35,0.052499372758523,104,67.00000342939487
FIB,contractile,Lineage1,C1QB,5,0.45,0.0374148676086222,42,38.59358161312381
FIB,contractile,Lineage1,C1QB,6,0.55,0.0707881289267831,21,21.0
FIB,contractile,Lineage1,C1QB,7,0.6500000000000001,0.0578094655894285,8,8.0
FIB,contractile,Lineage1,C1QB,8,0.75,0.0462231190426741,5,5.0
FIB,contractile,Lineage1,C1QB,9,0.8500000000000001,,0,0.0
FIB,contractile,Lineage1,C1QB,10,0.95,0.1559752349296194,2,2.0
FIB,contractile,Lineage2,C1QB,1,0.05,0.0352382766822324,21,20.432318522091133
FIB,contractile,Lineage2,C1QB,2,0.15,0.0247375065066316,26,25.765254675484663
FIB,contractile,Lineage2,C1QB,3,0.25,0.0173468657311506,37,33.86292505295427
FIB,contractile,Lineage2,C1QB,4,0.35,0.0571371184448429,62,52.898325614261864
FIB,contractile,Lineage2,C1QB,5,0.45,0.0518050906311467,96,64.47233603368089
FIB,contractile,Lineage2,C1QB,6,0.55,0.0390744031414524,58,44.23611042903282
FIB,contractile,Lineage2,C1QB,7,0.6500000000000001,0.0462619428883439,33,32.76251906006037
FIB,contractile,Lineage2,C1QB,8,0.75,0.0555725296892821,38,37.46095724725315
FIB,contractile,Lineage2,C1QB,9,0.8500000000000001,0.0525493939003114,16,16.0
FIB,contractile,Lineage2,C1QB,10,0.95,0.0148955153723984,20,17.52041449500962
FIB,contractile,Lineage3,C1QB,1,0.05,0.0588886511234842,51,40.49503644758717
FIB,contractile,Lineage3,C1QB,2,0.15,0.0241797201222336,27,26.359616734924614
FIB,contractile,Lineage3,C1QB,3,0.25,0.0158542387144524,32,29.745368349043076
FIB,contractile,Lineage3,C1QB,4,0.35,0.0550154345618139,51,43.22356015630274
FIB,contractile,Lineage3,C1QB,5,0.45,0.0443225480709182,68,49.00698311989304
FIB,contractile,Lineage3,C1QB,6,0.55,0.0634988987514234,55,45.17588319122831
FIB,contractile,Lineage3,C1QB,7,0.6500000000000001,0.0490774875380487,38,37.13001146931714
FIB,contractile,Lineage3,C1QB,8,0.75,0.0804457241881426,19,18.46164723510935
FIB,contractile,Lineage3,C1QB,9,0.8500000000000001,0.0993013589924325,29,29.0
FIB,contractile,Lineage3,C1QB,10,0.95,0.1009812148371163,21,21.0
FIB,contractile,Lineage4,C1QB,1,0.05,0.0556078778713411,54,43.07398687785016
FIB,contractile,Lineage4,C1QB,2,0.15,0.0235684128983184,27,26.824727080737436
FIB,contractile,Lineage4,C1QB,3,0.25,0.0293827867028397,41,34.06853769135626
FIB,contractile,Lineage4,C1QB,4,0.35,0.0504390505948188,41,40.018265686800056
FIB,contractile,Lineage4,C1QB,5,0.45,0.075358856486503,16,16.0
FIB,contractile,Lineage4,C1QB,6,0.55,0.0327992315813079,16,16.0
FIB,contractile,Lineage4,C1QB,7,0.6500000000000001,0.0333077040364872,17,17.0
FIB,contractile,Lineage4,C1QB,8,0.75,0.0422892620996464,16,16.0
FIB,contractile,Lineage4,C1QB,9,0.8500000000000001,0.0045920647018487,14,14.0
FIB,contractile,Lineage4,C1QB,10,0.95,0.01610960715118,12,12.0
FIB,contractile,Lineage5,C1QB,1,0.05,0.0224792468122975,11,7.242416201239249
FIB,contractile,Lineage5,C1QB,2,0.15,0.0546322032189461,24,20.5006390929894
FIB,contractile,Lineage5,C1QB,3,0.25,0.0661731624608646,12,11.422888260404685
FIB,contractile,Lineage5,C1QB,4,0.35,0.0873622123104612,11,11.0
FIB,contractile,Lineage5,C1QB,5,0.45,0.0291692405664814,12,12.0
FIB,contractile,Lineage5,C1QB,6,0.55,0.0328138992251148,20,19.599544265730348
FIB,contractile,Lineage5,C1QB,7,0.6500000000000001,0.0333396979378737,11,10.824631057732674
FIB,contractile,Lineage5,C1QB,8,0.75,0.0443667392569871,5,5.0
FIB,contractile,Lineage5,C1QB,9,0.8500000000000001,,0,0.0
FIB,contractile,Lineage5,C1QB,10,0.95,0.1188352464605999,3,3.0
FIB,contractile,Lineage6,C1QB,1,0.05,0.0394382306655367,18,16.7037350532296
FIB,contractile,Lineage6,C1QB,2,0.15,0.0564923373894037,28,22.47807993222851
FIB,contractile,Lineage6,C1QB,3,0.25,0.1055150700464785,4,3.736031729923683
FIB,contractile,Lineage6,C1QB,4,0.35,0.0123620558816981,11,8.546697286819573
FIB,contractile,Lineage6,C1QB,5,0.45,0.0132191904966298,15,13.27793240092435
FIB,contractile,Lineage6,C1QB,6,0.55,0.0049755923004683,13,11.779158072583831
FIB,contractile,Lineage6,C1QB,7,0.6500000000000001,0.0115720947868428,7,7.0
FIB,contractile,Lineage6,C1QB,8,0.75,0.0187340911681114,4,4.0
FIB,contractile,Lineage6,C1QB,9,0.8500000000000001,0.0179378199477613,5,5.0
FIB,contractile,Lineage6,C1QB,10,0.95,0.0,4,4.0
FIB,contractile,Lineage1,C1QC,1,0.05,0.0245557568430201,61,49.94236599379469
FIB,contractile,Lineage1,C1QC,2,0.15,0.0081905937368911,33,31.97224847580994
FIB,contractile,Lineage1,C1QC,3,0.25,0.0183881543808249,64,52.83975117928554
FIB,contractile,Lineage1,C1QC,4,0.35,0.0397541823773556,104,67.00000342939487
FIB,contractile,Lineage1,C1QC,5,0.45,0.0283655146931217,42,38.59358161312381
FIB,contractile,Lineage1,C1QC,6,0.55,0.028383340938213,21,21.0
FIB,contractile,Lineage1,C1QC,7,0.6500000000000001,0.0614842409372457,8,8.0
FIB,contractile,Lineage1,C1QC,8,0.75,0.0424829195317289,5,5.0
FIB,contractile,Lineage1,C1QC,9,0.8500000000000001,,0,0.0
FIB,contractile,Lineage1,C1QC,10,0.95,0.1047107051186948,2,2.0
FIB,contractile,Lineage2,C1QC,1,0.05,0.0212899455716466,21,20.432318522091133
FIB,contractile,Lineage2,C1QC,2,0.15,0.0209714459414435,26,25.765254675484663
FIB,contractile,Lineage2,C1QC,3,0.25,0.0127505775867123,37,33.86292505295427
FIB,contractile,Lineage2,C1QC,4,0.35,0.0254517635384282,62,52.898325614261864
FIB,contractile,Lineage2,C1QC,5,0.45,0.0344248754605624,96,64.47233603368089
FIB,contractile,Lineage2,C1QC,6,0.55,0.0190322090737007,58,44.23611042903282
FIB,contractile,Lineage2,C1QC,7,0.6500000000000001,0.0334526703355093,33,32.76251906006037
FIB,contractile,Lineage2,C1QC,8,0.75,0.0107759579797804,38,37.46095724725315
FIB,contractile,Lineage2,C1QC,9,0.8500000000000001,0.0229465687664975,16,16.0
FIB,contractile,Lineage2,C1QC,10,0.95,0.0059521209509615,20,17.52041449500962
FIB,contractile,Lineage3,C1QC,1,0.05,0.0199620608467474,51,40.49503644758717
FIB,contractile,Lineage3,C1QC,2,0.15,0.0257882092002548,27,26.359616734924614
FIB,contractile,Lineage3,C1QC,3,0.25,0.0099457934104632,32,29.745368349043076
FIB,contractile,Lineage3,C1QC,4,0.35,0.0261975612797725,51,43.22356015630274
FIB,contractile,Lineage3,C1QC,5,0.45,0.0327767469788303,68,49.00698311989304
FIB,contractile,Lineage3,C1QC,6,0.55,0.0383863654513184,55,45.17588319122831
FIB,contractile,Lineage3,C1QC,7,0.6500000000000001,0.0374216515888068,38,37.13001146931714
FIB,contractile,Lineage3,C1QC,8,0.75,0.0437171476437756,19,18.46164723510935
FIB,contractile,Lineage3,C1QC,9,0.8500000000000001,0.0621471718034288,29,29.0
FIB,contractile,Lineage3,C1QC,10,0.95,0.0335445270219108,21,21.0
FIB,contractile,Lineage4,C1QC,1,0.05,0.0219729974170959,54,43.07398687785016
FIB,contractile,Lineage4,C1QC,2,0.15,0.0199510970802183,27,26.824727080737436
FIB,contractile,Lineage4,C1QC,3,0.25,0.0206138422100821,41,34.06853769135626
FIB,contractile,Lineage4,C1QC,4,0.35,0.0203290423299296,41,40.018265686800056
FIB,contractile,Lineage4,C1QC,5,0.45,0.0382475365520539,16,16.0
FIB,contractile,Lineage4,C1QC,6,0.55,0.0134021305873717,16,16.0
FIB,contractile,Lineage4,C1QC,7,0.6500000000000001,0.0115480784129737,17,17.0
FIB,contractile,Lineage4,C1QC,8,0.75,0.0046014194082991,16,16.0
FIB,contractile,Lineage4,C1QC,9,0.8500000000000001,0.0091751834890583,14,14.0
FIB,contractile,Lineage4,C1QC,10,0.95,0.0110807021953224,12,12.0
FIB,contractile,Lineage5,C1QC,1,0.05,0.0273577703247722,11,7.242416201239249
FIB,contractile,Lineage5,C1QC,2,0.15,0.0088279006181923,24,20.5006390929894
FIB,contractile,Lineage5,C1QC,3,0.25,0.0353414546191481,12,11.422888260404685
FIB,contractile,Lineage5,C1QC,4,0.35,0.0230562009657168,11,11.0
FIB,contractile,Lineage5,C1QC,5,0.45,0.0047118811777307,12,12.0
FIB,contractile,Lineage5,C1QC,6,0.55,0.0072185300226414,20,19.599544265730348
FIB,contractile,Lineage5,C1QC,7,0.6500000000000001,0.0238450911895937,11,10.824631057732674
FIB,contractile,Lineage5,C1QC,8,0.75,0.0089389967162482,5,5.0
FIB,contractile,Lineage5,C1QC,9,0.8500000000000001,,0,0.0
FIB,contractile,Lineage5,C1QC,10,0.95,0.1528429541764186,3,3.0
FIB,contractile,Lineage6,C1QC,1,0.05,0.0261333273667672,18,16.7037350532296
FIB,contractile,Lineage6,C1QC,2,0.15,0.0199227066570833,28,22.47807993222851
FIB,contractile,Lineage6,C1QC,3,0.25,0.0,4,3.736031729923683
FIB,contractile,Lineage6,C1QC,4,0.35,0.0135248373737544,11,8.546697286819573
FIB,contractile,Lineage6,C1QC,5,0.45,0.0098419253622868,15,13.27793240092435
FIB,contractile,Lineage6,C1QC,6,0.55,0.0,13,11.779158072583831
FIB,contractile,Lineage6,C1QC,7,0.6500000000000001,0.0055995105964114,7,7.0
FIB,contractile,Lineage6,C1QC,8,0.75,0.0,4,4.0
FIB,contractile,Lineage6,C1QC,9,0.8500000000000001,0.0,5,5.0
FIB,contractile,Lineage6,C1QC,10,0.95,0.0116974929258398,4,4.0
FIB,contractile,Lineage1,C1R,1,0.05,0.6431931760837418,61,49.94236599379469
FIB,contractile,Lineage1,C1R,2,0.15,0.8416252013562017,33,31.97224847580994
FIB,contractile,Lineage1,C1R,3,0.25,0.892861835445849,64,52.83975117928554
FIB,contractile,Lineage1,C1R,4,0.35,0.8041905275108422,104,67.00000342939487
FIB,contractile,Lineage1,C1R,5,0.45,0.8886624464156125,42,38.59358161312381
FIB,contractile,Lineage1,C1R,6,0.55,1.029414856461672,21,21.0
FIB,contractile,Lineage1,C1R,7,0.6500000000000001,1.3027439140295307,8,8.0
FIB,contractile,Lineage1,C1R,8,0.75,1.5098339941983163,5,5.0
FIB,contractile,Lineage1,C1R,9,0.8500000000000001,,0,0.0
FIB,contractile,Lineage1,C1R,10,0.95,1.1603424603611885,2,2.0
FIB,contractile,Lineage2,C1R,1,0.05,0.6488824495831943,21,20.432318522091133
FIB,contractile,Lineage2,C1R,2,0.15,0.827413425249086,26,25.765254675484663
FIB,contractile,Lineage2,C1R,3,0.25,0.8796736902917949,37,33.86292505295427
FIB,contractile,Lineage2,C1R,4,0.35,0.8448968249847136,62,52.898325614261864
FIB,contractile,Lineage2,C1R,5,0.45,0.8319809441765744,96,64.47233603368089
FIB,contractile,Lineage2,C1R,6,0.55,1.002083027763089,58,44.23611042903282
FIB,contractile,Lineage2,C1R,7,0.6500000000000001,1.1069272834449897,33,32.76251906006037
FIB,contractile,Lineage2,C1R,8,0.75,0.7175820656161495,38,37.46095724725315
FIB,contractile,Lineage2,C1R,9,0.8500000000000001,0.5948436049561644,16,16.0
FIB,contractile,Lineage2,C1R,10,0.95,0.4975957730071926,20,17.52041449500962
FIB,contractile,Lineage3,C1R,1,0.05,0.6040070351453342,51,40.49503644758717
FIB,contractile,Lineage3,C1R,2,0.15,0.8340237070419797,27,26.359616734924614
FIB,contractile,Lineage3,C1R,3,0.25,0.8986826326911528,32,29.745368349043076
FIB,contractile,Lineage3,C1R,4,0.35,0.8640047846168325,51,43.22356015630274
FIB,contractile,Lineage3,C1R,5,0.45,0.7538116454394207,68,49.00698311989304
FIB,contractile,Lineage3,C1R,6,0.55,0.9380845351338932,55,45.17588319122831
FIB,contractile,Lineage3,C1R,7,0.6500000000000001,1.2083258562617478,38,37.13001146931714
FIB,contractile,Lineage3,C1R,8,0.75,1.2190083157798814,19,18.46164723510935
FIB,contractile,Lineage3,C1R,9,0.8500000000000001,1.2815577515146097,29,29.0
FIB,contractile,Lineage3,C1R,10,0.95,1.227624826043619,21,21.0
FIB,contractile,Lineage4,C1R,1,0.05,0.6296212580222406,54,43.07398687785016
FIB,contractile,Lineage4,C1R,2,0.15,0.8232716077714746,27,26.824727080737436
FIB,contractile,Lineage4,C1R,3,0.25,0.8140499107383783,41,34.06853769135626
FIB,contractile,Lineage4,C1R,4,0.35,0.890598656103013,41,40.018265686800056
FIB,contractile,Lineage4,C1R,5,0.45,0.9439297952556288,16,16.0
FIB,contractile,Lineage4,C1R,6,0.55,0.8666647771804118,16,16.0
FIB,contractile,Lineage4,C1R,7,0.6500000000000001,0.8735589426785664,17,17.0
FIB,contractile,Lineage4,C1R,8,0.75,0.7087737304991233,16,16.0
FIB,contractile,Lineage4,C1R,9,0.8500000000000001,0.5282982931883968,14,14.0
FIB,contractile,Lineage4,C1R,10,0.95,0.4971014698627722,12,12.0
FIB,contractile,Lineage5,C1R,1,0.05,0.4049431914296454,11,7.242416201239249
FIB,contractile,Lineage5,C1R,2,0.15,0.6666647524486796,24,20.5006390929894
FIB,contractile,Lineage5,C1R,3,0.25,0.673896323295342,12,11.422888260404685
FIB,contractile,Lineage5,C1R,4,0.35,0.6461143347083547,11,11.0
FIB,contractile,Lineage5,C1R,5,0.45,0.7031094437648537,12,12.0
FIB,contractile,Lineage5,C1R,6,0.55,0.7915306877947014,20,19.599544265730348
FIB,contractile,Lineage5,C1R,7,0.6500000000000001,0.9661553622367812,11,10.824631057732674
FIB,contractile,Lineage5,C1R,8,0.75,1.1822144066362084,5,5.0
FIB,contractile,Lineage5,C1R,9,0.8500000000000001,,0,0.0
FIB,contractile,Lineage5,C1R,10,0.95,0.8557930488854747,3,3.0
FIB,contractile,Lineage6,C1R,1,0.05,0.5774556197193366,18,16.7037350532296
FIB,contractile,Lineage6,C1R,2,0.15,0.6971111488003502,28,22.47807993222851
FIB,contractile,Lineage6,C1R,3,0.25,0.5169557444164682,4,3.736031729923683
FIB,contractile,Lineage6,C1R,4,0.35,0.6673425453424726,11,8.546697286819573
FIB,contractile,Lineage6,C1R,5,0.45,0.6537107521794667,15,13.27793240092435
FIB,contractile,Lineage6,C1R,6,0.55,0.4198442115776001,13,11.779158072583831
FIB,contractile,Lineage6,C1R,7,0.6500000000000001,0.505444968033072,7,7.0
FIB,contractile,Lineage6,C1R,8,0.75,0.599708841193684,4,4.0
FIB,contractile,Lineage6,C1R,9,0.8500000000000001,0.4581949957267143,5,5.0
FIB,contractile,Lineage6,C1R,10,0.95,0.3220035376246841,4,4.0
FIB,contractile,Lineage1,C1S,1,0.05,0.8779837350016758,61,49.94236599379469
FIB,contractile,Lineage1,C1S,2,0.15,1.077861664057478,33,31.97224847580994
FIB,contractile,Lineage1,C1S,3,0.25,1.0829251177356742,64,52.83975117928554
FIB,contractile,Lineage1,C1S,4,0.35,1.0311738456448296,104,67.00000342939487
FIB,contractile,Lineage1,C1S,5,0.45,1.2014705234403755,42,38.59358161312381
FIB,contractile,Lineage1,C1S,6,0.55,1.1616654412608785,21,21.0
FIB,contractile,Lineage1,C1S,7,0.6500000000000001,1.4306698929848445,8,8.0
FIB,contractile,Lineage1,C1S,8,0.75,1.6468614587970802,5,5.0
FIB,contractile,Lineage1,C1S,9,0.8500000000000001,,0,0.0
FIB,contractile,Lineage1,C1S,10,0.95,1.2823158239467596,2,2.0
FIB,contractile,Lineage2,C1S,1,0.05,0.9074737547732648,21,20.432318522091133
FIB,contractile,Lineage2,C1S,2,0.15,1.0702852855049794,26,25.765254675484663
FIB,contractile,Lineage2,C1S,3,0.25,1.0239153885073569,37,33.86292505295427
FIB,contractile,Lineage2,C1S,4,0.35,1.0568341694647168,62,52.898325614261864
FIB,contractile,Lineage2,C1S,5,0.45,1.0900113076150255,96,64.47233603368089
FIB,contractile,Lineage2,C1S,6,0.55,1.2462614824106366,58,44.23611042903282
FIB,contractile,Lineage2,C1S,7,0.6500000000000001,1.2261479692637365,33,32.76251906006037
FIB,contractile,Lineage2,C1S,8,0.75,0.9382971318695628,38,37.46095724725315
FIB,contractile,Lineage2,C1S,9,0.8500000000000001,0.7891711586703553,16,16.0
FIB,contractile,Lineage2,C1S,10,0.95,0.7070976520565558,20,17.52041449500962
FIB,contractile,Lineage3,C1S,1,0.05,0.8472099167918563,51,40.49503644758717
FIB,contractile,Lineage3,C1S,2,0.15,1.0815752797166895,27,26.359616734924614
FIB,contractile,Lineage3,C1S,3,0.25,1.0347320094308687,32,29.745368349043076
FIB,contractile,Lineage3,C1S,4,0.35,1.0637135449516093,51,43.22356015630274
FIB,contractile,Lineage3,C1S,5,0.45,0.9750004339543332,68,49.00698311989304
FIB,contractile,Lineage3,C1S,6,0.55,1.2464449393765036,55,45.17588319122831
FIB,contractile,Lineage3,C1S,7,0.6500000000000001,1.3609975534581382,38,37.13001146931714
FIB,contractile,Lineage3,C1S,8,0.75,1.2553207247762883,19,18.46164723510935
FIB,contractile,Lineage3,C1S,9,0.8500000000000001,1.4037698546488968,29,29.0
FIB,contractile,Lineage3,C1S,10,0.95,1.4193899371627945,21,21.0
FIB,contractile,Lineage4,C1S,1,0.05,0.8635795238012183,54,43.07398687785016
FIB,contractile,Lineage4,C1S,2,0.15,1.0832039166704246,27,26.824727080737436
FIB,contractile,Lineage4,C1S,3,0.25,0.961057514073598,41,34.06853769135626
FIB,contractile,Lineage4,C1S,4,0.35,1.0514998397931028,41,40.018265686800056
FIB,contractile,Lineage4,C1S,5,0.45,1.0787892169656257,16,16.0
FIB,contractile,Lineage4,C1S,6,0.55,0.9548380743081156,16,16.0
FIB,contractile,Lineage4,C1S,7,0.6500000000000001,0.932002166365184,17,17.0
FIB,contractile,Lineage4,C1S,8,0.75,0.8694168444441649,16,16.0
FIB,contractile,Lineage4,C1S,9,0.8500000000000001,0.8752682286974418,14,14.0
FIB,contractile,Lineage4,C1S,10,0.95,0.7577482307098715,12,12.0
FIB,contractile,Lineage5,C1S,1,0.05,0.7757625445715037,11,7.242416201239249
FIB,contractile,Lineage5,C1S,2,0.15,0.8372580773551428,24,20.5006390929894
FIB,contractile,Lineage5,C1S,3,0.25,0.8620711214996177,12,11.422888260404685
FIB,contractile,Lineage5,C1S,4,0.35,0.9971672067159948,11,11.0
FIB,contractile,Lineage5,C1S,5,0.45,0.826531292296819,12,12.0
FIB,contractile,Lineage5,C1S,6,0.55,0.9569403335627495,20,19.599544265730348
FIB,contractile,Lineage5,C1S,7,0.6500000000000001,1.202692731168186,11,10.824631057732674
FIB,contractile,Lineage5,C1S,8,0.75,1.3182104460951918,5,5.0
FIB,contractile,Lineage5,C1S,9,0.8500000000000001,,0,0.0
FIB,contractile,Lineage5,C1S,10,0.95,0.9765633175491958,3,3.0
FIB,contractile,Lineage6,C1S,1,0.05,0.8339971629858579,18,16.7037350532296
FIB,contractile,Lineage6,C1S,2,0.15,0.900337990465919,28,22.47807993222851
FIB,contractile,Lineage6,C1S,3,0.25,0.857419262410685,4,3.736031729923683
FIB,contractile,Lineage6,C1S,4,0.35,0.8254874456222996,11,8.546697286819573
FIB,contractile,Lineage6,C1S,5,0.45,0.9455389907334256,15,13.27793240092435
FIB,contractile,Lineage6,C1S,6,0.55,0.7403586607228785,13,11.779158072583831
FIB,contractile,Lineage6,C1S,7,0.6500000000000001,0.5822681754268018,7,7.0
FIB,contractile,Lineage6,C1S,8,0.75,0.9820120241564396,4,4.0
FIB,contractile,Lineage6,C1S,9,0.8500000000000001,0.7320671085741726,5,5.0
FIB,contractile,Lineage6,C1S,10,0.95,0.5779358396808805,4,4.0
FIB,contractile,Lineage1,C2,1,0.05,0.0712685559537374,61,49.94236599379469
FIB,contractile,Lineage1,C2,2,0.15,0.1289347254292026,33,31.97224847580994
FIB,contractile,Lineage1,C2,3,0.25,0.1244830399144389,64,52.83975117928554
FIB,contractile,Lineage1,C2,4,0.35,0.1313431967874789,104,67.00000342939487
FIB,contractile,Lineage1,C2,5,0.45,0.1555880079100333,42,38.59358161312381
FIB,contractile,Lineage1,C2,6,0.55,0.1312991458479831,21,21.0
FIB,contractile,Lineage1,C2,7,0.6500000000000001,0.1864730536632903,8,8.0
FIB,contractile,Lineage1,C2,8,0.75,0.3078204630510696,5,5.0
FIB,contractile,Lineage1,C2,9,0.8500000000000001,,0,0.0
FIB,contractile,Lineage1,C2,10,0.95,0.1799609631025487,2,2.0
FIB,contractile,Lineage2,C2,1,0.05,0.0644467188470571,21,20.432318522091133
FIB,contractile,Lineage2,C2,2,0.15,0.1240297891191323,26,25.765254675484663
FIB,contractile,Lineage2,C2,3,0.25,0.1123289719942868,37,33.86292505295427
FIB,contractile,Lineage2,C2,4,0.35,0.1313960584753904,62,52.898325614261864
FIB,contractile,Lineage2,C2,5,0.45,0.1312899552485334,96,64.47233603368089
FIB,contractile,Lineage2,C2,6,0.55,0.1083344386717653,58,44.23611042903282
FIB,contractile,Lineage2,C2,7,0.6500000000000001,0.0784547957530092,33,32.76251906006037
FIB,contractile,Lineage2,C2,8,0.75,0.0524913662104372,38,37.46095724725315
FIB,contractile,Lineage2,C2,9,0.8500000000000001,0.069187572973808,16,16.0
FIB,contractile,Lineage2,C2,10,0.95,0.0608600210549078,20,17.52041449500962
FIB,contractile,Lineage3,C2,1,0.05,0.0708087014183941,51,40.49503644758717
FIB,contractile,Lineage3,C2,2,0.15,0.1217068086510548,27,26.359616734924614
FIB,contractile,Lineage3,C2,3,0.25,0.1142910028257644,32,29.745368349043076
FIB,contractile,Lineage3,C2,4,0.35,0.112185396212527,51,43.22356015630274
FIB,contractile,Lineage3,C2,5,0.45,0.1403314108249922,68,49.00698311989304
FIB,contractile,Lineage3,C2,6,0.55,0.1364069503596686,55,45.17588319122831
FIB,contractile,Lineage3,C2,7,0.6500000000000001,0.1465914647813568,38,37.13001146931714
FIB,contractile,Lineage3,C2,8,0.75,0.1001929906386026,19,18.46164723510935
FIB,contractile,Lineage3,C2,9,0.8500000000000001,0.0834379325347337,29,29.0
FIB,contractile,Lineage3,C2,10,0.95,0.0911362175898603,21,21.0
FIB,contractile,Lineage4,C2,1,0.05,0.0698792225509197,54,43.07398687785016
FIB,contractile,Lineage4,C2,2,0.15,0.1326785104383578,27,26.824727080737436
FIB,contractile,Lineage4,C2,3,0.25,0.1114959696640208,41,34.06853769135626
FIB,contractile,Lineage4,C2,4,0.35,0.1256501675917695,41,40.018265686800056
FIB,contractile,Lineage4,C2,5,0.45,0.114521294436389,16,16.0
FIB,contractile,Lineage4,C2,6,0.55,0.1154123543845639,16,16.0
FIB,contractile,Lineage4,C2,7,0.6500000000000001,0.1016819078412313,17,17.0
FIB,contractile,Lineage4,C2,8,0.75,0.0883100773263399,16,16.0
FIB,contractile,Lineage4,C2,9,0.8500000000000001,0.107988214300813,14,14.0
FIB,contractile,Lineage4,C2,10,0.95,0.12472124447311,12,12.0
FIB,contractile,Lineage5,C2,1,0.05,0.0775810152357555,11,7.242416201239249
FIB,contractile,Lineage5,C2,2,0.15,0.0593559432241481,24,20.5006390929894
FIB,contractile,Lineage5,C2,3,0.25,0.0969197231681302,12,11.422888260404685
FIB,contractile,Lineage5,C2,4,0.35,0.0794956763795863,11,11.0
FIB,contractile,Lineage5,C2,5,0.45,0.0661943140770587,12,12.0
FIB,contractile,Lineage5,C2,6,0.55,0.0417231307919947,20,19.599544265730348
FIB,contractile,Lineage5,C2,7,0.6500000000000001,0.0677545359899815,11,10.824631057732674
FIB,contractile,Lineage5,C2,8,0.75,0.118162920983131,5,5.0
FIB,contractile,Lineage5,C2,9,0.8500000000000001,,0,0.0
FIB,contractile,Lineage5,C2,10,0.95,0.0896687873145532,3,3.0
FIB,contractile,Lineage6,C2,1,0.05,0.0801103367973685,18,16.7037350532296
FIB,contractile,Lineage6,C2,2,0.15,0.0587987800805833,28,22.47807993222851
FIB,contractile,Lineage6,C2,3,0.25,0.1241408363120974,4,3.736031729923683
FIB,contractile,Lineage6,C2,4,0.35,0.0737907764901474,11,8.546697286819573
FIB,contractile,Lineage6,C2,5,0.45,0.0735846525397478,15,13.27793240092435
FIB,contractile,Lineage6,C2,6,0.55,0.0778758057636419,13,11.779158072583831
FIB,contractile,Lineage6,C2,7,0.6500000000000001,0.0734417679217785,7,7.0
FIB,contractile,Lineage6,C2,8,0.75,0.2113334632568408,4,4.0
FIB,contractile,Lineage6,C2,9,0.8500000000000001,0.0575783495071614,5,5.0
FIB,contractile,Lineage6,C2,10,0.95,0.1163975438718616,4,4.0
FIB,contractile,Lineage1,C4A,1,0.05,0.0043233594034224,61,49.94236599379469
FIB,contractile,Lineage1,C4A,2,0.15,0.0,33,31.97224847580994
FIB,contractile,Lineage1,C4A,3,0.25,0.0034293571778593,64,52.83975117928554
FIB,contractile,Lineage1,C4A,4,0.35,0.0007986456309469,104,67.00000342939487
FIB,contractile,Lineage1,C4A,5,0.45,0.0033090193601656,42,38.59358161312381
FIB,contractile,Lineage1,C4A,6,0.55,0.0070681641504665,21,21.0
FIB,contractile,Lineage1,C4A,7,0.6500000000000001,0.0037734955521897,8,8.0
FIB,contractile,Lineage1,C4A,8,0.75,0.0139044280963825,5,5.0
FIB,contractile,Lineage1,C4A,9,0.8500000000000001,,0,0.0
FIB,contractile,Lineage1,C4A,10,0.95,0.0082516931818667,2,2.0
FIB,contractile,Lineage2,C4A,1,0.05,0.0105675132959084,21,20.432318522091133
FIB,contractile,Lineage2,C4A,2,0.15,0.0,26,25.765254675484663
FIB,contractile,Lineage2,C4A,3,0.25,0.0016843070101539,37,33.86292505295427
FIB,contractile,Lineage2,C4A,4,0.35,0.0004729216154778,62,52.898325614261864
FIB,contractile,Lineage2,C4A,5,0.45,0.0031318198214749,96,64.47233603368089
FIB,contractile,Lineage2,C4A,6,0.55,0.0,58,44.23611042903282
FIB,contractile,Lineage2,C4A,7,0.6500000000000001,0.0027139497313979,33,32.76251906006037
FIB,contractile,Lineage2,C4A,8,0.75,0.0,38,37.46095724725315
FIB,contractile,Lineage2,C4A,9,0.8500000000000001,0.0,16,16.0
FIB,contractile,Lineage2,C4A,10,0.95,0.0,20,17.52041449500962
FIB,contractile,Lineage3,C4A,1,0.05,0.0053319818078914,51,40.49503644758717
FIB,contractile,Lineage3,C4A,2,0.15,0.0,27,26.359616734924614
FIB,contractile,Lineage3,C4A,3,0.25,0.0020192192578397,32,29.745368349043076
FIB,contractile,Lineage3,C4A,4,0.35,0.0006470455072336,51,43.22356015630274
FIB,contractile,Lineage3,C4A,5,0.45,0.002694089260798,68,49.00698311989304
FIB,contractile,Lineage3,C4A,6,0.55,0.0,55,45.17588319122831
FIB,contractile,Lineage3,C4A,7,0.6500000000000001,0.0063028607809692,38,37.13001146931714
FIB,contractile,Lineage3,C4A,8,0.75,0.0,19,18.46164723510935
FIB,contractile,Lineage3,C4A,9,0.8500000000000001,0.0088819901753034,29,29.0
FIB,contractile,Lineage3,C4A,10,0.95,0.0,21,21.0
FIB,contractile,Lineage4,C4A,1,0.05,0.0050127423370569,54,43.07398687785016
FIB,contractile,Lineage4,C4A,2,0.15,0.0,27,26.824727080737436
FIB,contractile,Lineage4,C4A,3,0.25,0.0028786003763687,41,34.06853769135626
FIB,contractile,Lineage4,C4A,4,0.35,0.0040452494009517,41,40.018265686800056
FIB,contractile,Lineage4,C4A,5,0.45,0.0,16,16.0
FIB,contractile,Lineage4,C4A,6,0.55,0.0,16,16.0
FIB,contractile,Lineage4,C4A,7,0.6500000000000001,0.0,17,17.0
FIB,contractile,Lineage4,C4A,8,0.75,0.0,16,16.0
FIB,contractile,Lineage4,C4A,9,0.8500000000000001,0.0019300195123199,14,14.0
FIB,contractile,Lineage4,C4A,10,0.95,0.0,12,12.0
FIB,contractile,Lineage5,C4A,1,0.05,0.0,11,7.242416201239249
FIB,contractile,Lineage5,C4A,2,0.15,0.0105322959283875,24,20.5006390929894
FIB,contractile,Lineage5,C4A,3,0.25,0.0,12,11.422888260404685
FIB,contractile,Lineage5,C4A,4,0.35,0.0,11,11.0
FIB,contractile,Lineage5,C4A,5,0.45,0.0,12,12.0
FIB,contractile,Lineage5,C4A,6,0.55,0.0,20,19.599544265730348
FIB,contractile,Lineage5,C4A,7,0.6500000000000001,0.0054377495953214,11,10.824631057732674
FIB,contractile,Lineage5,C4A,8,0.75,0.0,5,5.0
FIB,contractile,Lineage5,C4A,9,0.8500000000000001,,0,0.0
FIB,contractile,Lineage5,C4A,10,0.95,0.0,3,3.0
FIB,contractile,Lineage6,C4A,1,0.05,0.0129263782597346,18,16.7037350532296
FIB,contractile,Lineage6,C4A,2,0.15,0.0,28,22.47807993222851
FIB,contractile,Lineage6,C4A,3,0.25,0.0,4,3.736031729923683
FIB,contractile,Lineage6,C4A,4,0.35,0.0,11,8.546697286819573
FIB,contractile,Lineage6,C4A,5,0.45,0.0,15,13.27793240092435
FIB,contractile,Lineage6,C4A,6,0.55,0.0,13,11.779158072583831
FIB,contractile,Lineage6,C4A,7,0.6500000000000001,0.0,7,7.0
FIB,contractile,Lineage6,C4A,8,0.75,0.0,4,4.0
FIB,contractile,Lineage6,C4A,9,0.8500000000000001,0.0,5,5.0
FIB,contractile,Lineage6,C4A,10,0.95,0.0,4,4.0
FIB,contractile,Lineage1,C4B,1,0.05,0.0013319810035928,61,49.94236599379469
FIB,contractile,Lineage1,C4B,2,0.15,0.0042240797037443,33,31.97224847580994
FIB,contractile,Lineage1,C4B,3,0.25,0.0032473054505158,64,52.83975117928554
FIB,contractile,Lineage1,C4B,4,0.35,0.0017593036476987,104,67.00000342939487
FIB,contractile,Lineage1,C4B,5,0.45,0.0011082314086822,42,38.59358161312381
FIB,contractile,Lineage1,C4B,6,0.55,0.001360193688257,21,21.0
FIB,contractile,Lineage1,C4B,7,0.6500000000000001,0.0,8,8.0
FIB,contractile,Lineage1,C4B,8,0.75,0.0181630767998914,5,5.0
FIB,contractile,Lineage1,C4B,9,0.8500000000000001,,0,0.0
FIB,contractile,Lineage1,C4B,10,0.95,0.0,2,2.0
FIB,contractile,Lineage2,C4B,1,0.05,0.0,21,20.432318522091133
FIB,contractile,Lineage2,C4B,2,0.15,0.0025818600908886,26,25.765254675484663
FIB,contractile,Lineage2,C4B,3,0.25,0.0073399110351352,37,33.86292505295427
FIB,contractile,Lineage2,C4B,4,0.35,0.0021991438979027,62,52.898325614261864
FIB,contractile,Lineage2,C4B,5,0.45,0.000678594159566,96,64.47233603368089
FIB,contractile,Lineage2,C4B,6,0.55,0.0033103344109666,58,44.23611042903282
FIB,contractile,Lineage2,C4B,7,0.6500000000000001,0.0023292047571696,33,32.76251906006037
FIB,contractile,Lineage2,C4B,8,0.75,0.0020091069820166,38,37.46095724725315
FIB,contractile,Lineage2,C4B,9,0.8500000000000001,0.0,16,16.0
FIB,contractile,Lineage2,C4B,10,0.95,0.0,20,17.52041449500962
FIB,contractile,Lineage3,C4B,1,0.05,0.0,51,40.49503644758717
FIB,contractile,Lineage3,C4B,2,0.15,0.0025236437785561,27,26.359616734924614
FIB,contractile,Lineage3,C4B,3,0.25,0.0083720486695513,32,29.745368349043076
FIB,contractile,Lineage3,C4B,4,0.35,0.0022670034029498,51,43.22356015630274
FIB,contractile,Lineage3,C4B,5,0.45,0.0011606775823639,68,49.00698311989304
FIB,contractile,Lineage3,C4B,6,0.55,0.0016327998735211,55,45.17588319122831
FIB,contractile,Lineage3,C4B,7,0.6500000000000001,0.0043977846597669,38,37.13001146931714
FIB,contractile,Lineage3,C4B,8,0.75,0.0,19,18.46164723510935
FIB,contractile,Lineage3,C4B,9,0.8500000000000001,0.0051391359866855,29,29.0
FIB,contractile,Lineage3,C4B,10,0.95,0.0,21,21.0
FIB,contractile,Lineage4,C4B,1,0.05,0.0,54,43.07398687785016
FIB,contractile,Lineage4,C4B,2,0.15,0.0024798866574856,27,26.824727080737436
FIB,contractile,Lineage4,C4B,3,0.25,0.0073839846303165,41,34.06853769135626
FIB,contractile,Lineage4,C4B,4,0.35,0.0,41,40.018265686800056
FIB,contractile,Lineage4,C4B,5,0.45,0.0,16,16.0
FIB,contractile,Lineage4,C4B,6,0.55,0.0,16,16.0
FIB,contractile,Lineage4,C4B,7,0.6500000000000001,0.0051387631204096,17,17.0
FIB,contractile,Lineage4,C4B,8,0.75,0.0,16,16.0
FIB,contractile,Lineage4,C4B,9,0.8500000000000001,0.0,14,14.0
FIB,contractile,Lineage4,C4B,10,0.95,0.0,12,12.0
FIB,contractile,Lineage5,C4B,1,0.05,0.0,11,7.242416201239249
FIB,contractile,Lineage5,C4B,2,0.15,0.0,24,20.5006390929894
FIB,contractile,Lineage5,C4B,3,0.25,0.0,12,11.422888260404685
FIB,contractile,Lineage5,C4B,4,0.35,0.0,11,11.0
FIB,contractile,Lineage5,C4B,5,0.45,0.0,12,12.0
FIB,contractile,Lineage5,C4B,6,0.55,0.0038400418774063,20,19.599544265730348
FIB,contractile,Lineage5,C4B,7,0.6500000000000001,0.0057203690002678,11,10.824631057732674
FIB,contractile,Lineage5,C4B,8,0.75,0.0,5,5.0
FIB,contractile,Lineage5,C4B,9,0.8500000000000001,,0,0.0
FIB,contractile,Lineage5,C4B,10,0.95,0.0,3,3.0
FIB,contractile,Lineage6,C4B,1,0.05,0.0,18,16.7037350532296
FIB,contractile,Lineage6,C4B,2,0.15,0.0,28,22.47807993222851
FIB,contractile,Lineage6,C4B,3,0.25,0.0,4,3.736031729923683
FIB,contractile,Lineage6,C4B,4,0.35,0.0,11,8.546697286819573
FIB,contractile,Lineage6,C4B,5,0.45,0.0,15,13.27793240092435
FIB,contractile,Lineage6,C4B,6,0.55,0.0,13,11.779158072583831
FIB,contractile,Lineage6,C4B,7,0.6500000000000001,0.0,7,7.0
FIB,contractile,Lineage6,C4B,8,0.75,0.0,4,4.0
FIB,contractile,Lineage6,C4B,9,0.8500000000000001,0.0262158248551059,5,5.0
FIB,contractile,Lineage6,C4B,10,0.95,0.0,4,4.0
FIB,contractile,Lineage1,C4BPA,1,0.05,0.007307081929704,61,49.94236599379469
FIB,contractile,Lineage1,C4BPA,2,0.15,0.0046184405104336,33,31.97224847580994
FIB,contractile,Lineage1,C4BPA,3,0.25,0.0038980236826759,64,52.83975117928554
FIB,contractile,Lineage1,C4BPA,4,0.35,0.0113858429295021,104,67.00000342939487
FIB,contractile,Lineage1,C4BPA,5,0.45,0.0166020043088266,42,38.59358161312381
FIB,contractile,Lineage1,C4BPA,6,0.55,0.0174430914528539,21,21.0
FIB,contractile,Lineage1,C4BPA,7,0.6500000000000001,0.0,8,8.0
FIB,contractile,Lineage1,C4BPA,8,0.75,0.0136466334385293,5,5.0
FIB,contractile,Lineage1,C4BPA,9,0.8500000000000001,,0,0.0
FIB,contractile,Lineage1,C4BPA,10,0.95,0.0,2,2.0
FIB,contractile,Lineage2,C4BPA,1,0.05,0.0,21,20.432318522091133
FIB,contractile,Lineage2,C4BPA,2,0.15,0.0042666776641527,26,25.765254675484663
FIB,contractile,Lineage2,C4BPA,3,0.25,0.0060950622215893,37,33.86292505295427
FIB,contractile,Lineage2,C4BPA,4,0.35,0.0055896986086796,62,52.898325614261864
FIB,contractile,Lineage2,C4BPA,5,0.45,0.0101598260966696,96,64.47233603368089
FIB,contractile,Lineage2,C4BPA,6,0.55,0.0124653474352926,58,44.23611042903282
FIB,contractile,Lineage2,C4BPA,7,0.6500000000000001,0.0051322264784455,33,32.76251906006037
FIB,contractile,Lineage2,C4BPA,8,0.75,0.0084651313825531,38,37.46095724725315
FIB,contractile,Lineage2,C4BPA,9,0.8500000000000001,0.0116882859635014,16,16.0
FIB,contractile,Lineage2,C4BPA,10,0.95,0.0091106875700451,20,17.52041449500962
FIB,contractile,Lineage3,C4BPA,1,0.05,0.0075649810657815,51,40.49503644758717
FIB,contractile,Lineage3,C4BPA,2,0.15,0.004170471738667,27,26.359616734924614
FIB,contractile,Lineage3,C4BPA,3,0.25,0.0070405412801158,32,29.745368349043076
FIB,contractile,Lineage3,C4BPA,4,0.35,0.0040013197972069,51,43.22356015630274
FIB,contractile,Lineage3,C4BPA,5,0.45,0.0090066174645998,68,49.00698311989304
FIB,contractile,Lineage3,C4BPA,6,0.55,0.0143503226636869,55,45.17588319122831
FIB,contractile,Lineage3,C4BPA,7,0.6500000000000001,0.005139114977437,38,37.13001146931714
FIB,contractile,Lineage3,C4BPA,8,0.75,0.0020703325144955,19,18.46164723510935
FIB,contractile,Lineage3,C4BPA,9,0.8500000000000001,0.0049974834728703,29,29.0
FIB,contractile,Lineage3,C4BPA,10,0.95,0.0156623664717131,21,21.0
FIB,contractile,Lineage4,C4BPA,1,0.05,0.0071175485874417,54,43.07398687785016
FIB,contractile,Lineage4,C4BPA,2,0.15,0.0040981604884263,27,26.824727080737436
FIB,contractile,Lineage4,C4BPA,3,0.25,0.0072627355131598,41,34.06853769135626
FIB,contractile,Lineage4,C4BPA,4,0.35,0.0068611027604334,41,40.018265686800056
FIB,contractile,Lineage4,C4BPA,5,0.45,0.0118924543839491,16,16.0
FIB,contractile,Lineage4,C4BPA,6,0.55,0.0101532449132054,16,16.0
FIB,contractile,Lineage4,C4BPA,7,0.6500000000000001,0.0145018529118964,17,17.0
FIB,contractile,Lineage4,C4BPA,8,0.75,0.0036474546566517,16,16.0
FIB,contractile,Lineage4,C4BPA,9,0.8500000000000001,0.0019300195123199,14,14.0
FIB,contractile,Lineage4,C4BPA,10,0.95,0.0,12,12.0
FIB,contractile,Lineage5,C4BPA,1,0.05,0.0,11,7.242416201239249
FIB,contractile,Lineage5,C4BPA,2,0.15,0.0012389237743933,24,20.5006390929894
FIB,contractile,Lineage5,C4BPA,3,0.25,0.0163717416429842,12,11.422888260404685
FIB,contractile,Lineage5,C4BPA,4,0.35,0.0159187864458242,11,11.0
FIB,contractile,Lineage5,C4BPA,5,0.45,0.0035196226698476,12,12.0
FIB,contractile,Lineage5,C4BPA,6,0.55,0.0028804936155733,20,19.599544265730348
FIB,contractile,Lineage5,C4BPA,7,0.6500000000000001,0.0097772261532263,11,10.824631057732674
FIB,contractile,Lineage5,C4BPA,8,0.75,0.0,5,5.0
FIB,contractile,Lineage5,C4BPA,9,0.8500000000000001,,0,0.0
FIB,contractile,Lineage5,C4BPA,10,0.95,0.1188352464605999,3,3.0
FIB,contractile,Lineage6,C4BPA,1,0.05,0.0077396486248653,18,16.7037350532296
FIB,contractile,Lineage6,C4BPA,2,0.15,0.0087446353213975,28,22.47807993222851
FIB,contractile,Lineage6,C4BPA,3,0.25,0.0,4,3.736031729923683
FIB,contractile,Lineage6,C4BPA,4,0.35,0.0146370999350173,11,8.546697286819573
FIB,contractile,Lineage6,C4BPA,5,0.45,0.0116534585095772,15,13.27793240092435
FIB,contractile,Lineage6,C4BPA,6,0.55,0.0,13,11.779158072583831
FIB,contractile,Lineage6,C4BPA,7,0.6500000000000001,0.0055995105964114,7,7.0
FIB,contractile,Lineage6,C4BPA,8,0.75,0.0,4,4.0
FIB,contractile,Lineage6,C4BPA,9,0.8500000000000001,0.0094551648045725,5,5.0
FIB,contractile,Lineage6,C4BPA,10,0.95,0.0,4,4.0
FIB,contractile,Lineage1,C4BPB,1,0.05,0.0015336927715771,61,49.94236599379469
FIB,contractile,Lineage1,C4BPB,2,0.15,0.0,33,31.97224847580994
FIB,contractile,Lineage1,C4BPB,3,0.25,0.0014974236318116,64,52.83975117928554
FIB,contractile,Lineage1,C4BPB,4,0.35,0.0007905735507211,104,67.00000342939487
FIB,contractile,Lineage1,C4BPB,5,0.45,0.0059546046001272,42,38.59358161312381
FIB,contractile,Lineage1,C4BPB,6,0.55,0.0014193915378622,21,21.0
FIB,contractile,Lineage1,C4BPB,7,0.6500000000000001,0.0037734955521897,8,8.0
FIB,contractile,Lineage1,C4BPB,8,0.75,0.0,5,5.0
FIB,contractile,Lineage1,C4BPB,9,0.8500000000000001,,0,0.0
FIB,contractile,Lineage1,C4BPB,10,0.95,0.0,2,2.0
FIB,contractile,Lineage2,C4BPB,1,0.05,0.0023788947730851,21,20.432318522091133
FIB,contractile,Lineage2,C4BPB,2,0.15,0.0,26,25.765254675484663
FIB,contractile,Lineage2,C4BPB,3,0.25,0.0027675715919387,37,33.86292505295427
FIB,contractile,Lineage2,C4BPB,4,0.35,0.0002531766001565,62,52.898325614261864
FIB,contractile,Lineage2,C4BPB,5,0.45,0.0003991507774546,96,64.47233603368089
FIB,contractile,Lineage2,C4BPB,6,0.55,0.0115257415512872,58,44.23611042903282
FIB,contractile,Lineage2,C4BPB,7,0.6500000000000001,0.0,33,32.76251906006037
FIB,contractile,Lineage2,C4BPB,8,0.75,0.001811507678918,38,37.46095724725315
FIB,contractile,Lineage2,C4BPB,9,0.8500000000000001,0.0,16,16.0
FIB,contractile,Lineage2,C4BPB,10,0.95,0.0,20,17.52041449500962
FIB,contractile,Lineage3,C4BPB,1,0.05,0.0006907887415365,51,40.49503644758717
FIB,contractile,Lineage3,C4BPB,2,0.15,0.0018439697444391,27,26.359616734924614
FIB,contractile,Lineage3,C4BPB,3,0.25,0.0014238524769638,32,29.745368349043076
FIB,contractile,Lineage3,C4BPB,4,0.35,0.0013027681796444,51,43.22356015630274
FIB,contractile,Lineage3,C4BPB,5,0.45,0.0009791149254181,68,49.00698311989304
FIB,contractile,Lineage3,C4BPB,6,0.55,0.0026076371686654,55,45.17588319122831
FIB,contractile,Lineage3,C4BPB,7,0.6500000000000001,0.0082891181995676,38,37.13001146931714
FIB,contractile,Lineage3,C4BPB,8,0.75,0.0092362561945277,19,18.46164723510935
FIB,contractile,Lineage3,C4BPB,9,0.8500000000000001,0.0,29,29.0
FIB,contractile,Lineage3,C4BPB,10,0.95,0.0020948913937174,21,21.0
FIB,contractile,Lineage4,C4BPB,1,0.05,0.0017932956581498,54,43.07398687785016
FIB,contractile,Lineage4,C4BPB,2,0.15,0.0,27,26.824727080737436
FIB,contractile,Lineage4,C4BPB,3,0.25,0.0018435166872113,41,34.06853769135626
FIB,contractile,Lineage4,C4BPB,4,0.35,0.0024900199630021,41,40.018265686800056
FIB,contractile,Lineage4,C4BPB,5,0.45,0.018665979919985,16,16.0
FIB,contractile,Lineage4,C4BPB,6,0.55,0.0,16,16.0
FIB,contractile,Lineage4,C4BPB,7,0.6500000000000001,0.0018673748264841,17,17.0
FIB,contractile,Lineage4,C4BPB,8,0.75,0.0,16,16.0
FIB,contractile,Lineage4,C4BPB,9,0.8500000000000001,0.0,14,14.0
FIB,contractile,Lineage4,C4BPB,10,0.95,0.0,12,12.0
FIB,contractile,Lineage5,C4BPB,1,0.05,0.0,11,7.242416201239249
FIB,contractile,Lineage5,C4BPB,2,0.15,0.0,24,20.5006390929894
FIB,contractile,Lineage5,C4BPB,3,0.25,0.003088913386627,12,11.422888260404685
FIB,contractile,Lineage5,C4BPB,4,0.35,0.0061691647011834,11,11.0
FIB,contractile,Lineage5,C4BPB,5,0.45,0.0,12,12.0
FIB,contractile,Lineage5,C4BPB,6,0.55,0.0,20,19.599544265730348
FIB,contractile,Lineage5,C4BPB,7,0.6500000000000001,0.0,11,10.824631057732674
FIB,contractile,Lineage5,C4BPB,8,0.75,0.0,5,5.0
FIB,contractile,Lineage5,C4BPB,9,0.8500000000000001,,0,0.0
FIB,contractile,Lineage5,C4BPB,10,0.95,0.0,3,3.0
FIB,contractile,Lineage6,C4BPB,1,0.05,0.0,18,16.7037350532296
FIB,contractile,Lineage6,C4BPB,2,0.15,0.0029851418022183,28,22.47807993222851
FIB,contractile,Lineage6,C4BPB,3,0.25,0.0,4,3.736031729923683
FIB,contractile,Lineage6,C4BPB,4,0.35,0.0,11,8.546697286819573
FIB,contractile,Lineage6,C4BPB,5,0.45,0.0,15,13.27793240092435
FIB,contractile,Lineage6,C4BPB,6,0.55,0.0,13,11.779158072583831
FIB,contractile,Lineage6,C4BPB,7,0.6500000000000001,0.0,7,7.0
FIB,contractile,Lineage6,C4BPB,8,0.75,0.0,4,4.0
FIB,contractile,Lineage6,C4BPB,9,0.8500000000000001,0.0,5,5.0
FIB,contractile,Lineage6,C4BPB,10,0.95,0.0,4,4.0
FIB,contractile,Lineage1,MBL2,1,0.05,0.0,61,49.94236599379469
FIB,contractile,Lineage1,MBL2,2,0.15,0.0,33,31.97224847580994
FIB,contractile,Lineage1,MBL2,3,0.25,0.0,64,52.83975117928554
FIB,contractile,Lineage1,MBL2,4,0.35,0.0,104,67.00000342939487
FIB,contractile,Lineage1,MBL2,5,0.45,0.0005288217749918,42,38.59358161312381
FIB,contractile,Lineage1,MBL2,6,0.55,0.0,21,21.0
FIB,contractile,Lineage1,MBL2,7,0.6500000000000001,0.0,8,8.0
FIB,contractile,Lineage1,MBL2,8,0.75,0.0,5,5.0
FIB,contractile,Lineage1,MBL2,9,0.8500000000000001,,0,0.0
FIB,contractile,Lineage1,MBL2,10,0.95,0.0,2,2.0
FIB,contractile,Lineage2,MBL2,1,0.05,0.0,21,20.432318522091133
FIB,contractile,Lineage2,MBL2,2,0.15,0.0,26,25.765254675484663
FIB,contractile,Lineage2,MBL2,3,0.25,0.0,37,33.86292505295427
FIB,contractile,Lineage2,MBL2,4,0.35,0.0,62,52.898325614261864
FIB,contractile,Lineage2,MBL2,5,0.45,0.0003586769423695,96,64.47233603368089
FIB,contractile,Lineage2,MBL2,6,0.55,0.0,58,44.23611042903282
FIB,contractile,Lineage2,MBL2,7,0.6500000000000001,0.0,33,32.76251906006037
FIB,contractile,Lineage2,MBL2,8,0.75,0.0,38,37.46095724725315
FIB,contractile,Lineage2,MBL2,9,0.8500000000000001,0.0,16,16.0
FIB,contractile,Lineage2,MBL2,10,0.95,0.0,20,17.52041449500962
FIB,contractile,Lineage3,MBL2,1,0.05,0.0,51,40.49503644758717
FIB,contractile,Lineage3,MBL2,2,0.15,0.0,27,26.359616734924614
FIB,contractile,Lineage3,MBL2,3,0.25,0.0,32,29.745368349043076
FIB,contractile,Lineage3,MBL2,4,0.35,0.0,51,43.22356015630274
FIB,contractile,Lineage3,MBL2,5,0.45,0.0,68,49.00698311989304
FIB,contractile,Lineage3,MBL2,6,0.55,0.0018971034430583,55,45.17588319122831
FIB,contractile,Lineage3,MBL2,7,0.6500000000000001,0.0,38,37.13001146931714
FIB,contractile,Lineage3,MBL2,8,0.75,0.0,19,18.46164723510935
FIB,contractile,Lineage3,MBL2,9,0.8500000000000001,0.0,29,29.0
FIB,contractile,Lineage3,MBL2,10,0.95,0.0,21,21.0
FIB,contractile,Lineage4,MBL2,1,0.05,0.0,54,43.07398687785016
FIB,contractile,Lineage4,MBL2,2,0.15,0.0,27,26.824727080737436
FIB,contractile,Lineage4,MBL2,3,0.25,0.0,41,34.06853769135626
FIB,contractile,Lineage4,MBL2,4,0.35,0.0,41,40.018265686800056
FIB,contractile,Lineage4,MBL2,5,0.45,0.0,16,16.0
FIB,contractile,Lineage4,MBL2,6,0.55,0.0,16,16.0
FIB,contractile,Lineage4,MBL2,7,0.6500000000000001,0.0,17,17.0
FIB,contractile,Lineage4,MBL2,8,0.75,0.0,16,16.0
FIB,contractile,Lineage4,MBL2,9,0.8500000000000001,0.0,14,14.0
FIB,contractile,Lineage4,MBL2,10,0.95,0.0,12,12.0
FIB,contractile,Lineage5,MBL2,1,0.05,0.0,11,7.242416201239249
FIB,contractile,Lineage5,MBL2,2,0.15,0.0,24,20.5006390929894
FIB,contractile,Lineage5,MBL2,3,0.25,0.0,12,11.422888260404685
FIB,contractile,Lineage5,MBL2,4,0.35,0.0,11,11.0
FIB,contractile,Lineage5,MBL2,5,0.45,0.0,12,12.0
FIB,contractile,Lineage5,MBL2,6,0.55,0.0,20,19.599544265730348
FIB,contractile,Lineage5,MBL2,7,0.6500000000000001,0.0,11,10.824631057732674
FIB,contractile,Lineage5,MBL2,8,0.75,0.0,5,5.0
FIB,contractile,Lineage5,MBL2,9,0.8500000000000001,,0,0.0
FIB,contractile,Lineage5,MBL2,10,0.95,0.0,3,3.0
FIB,contractile,Lineage6,MBL2,1,0.05,0.0,18,16.7037350532296
FIB,contractile,Lineage6,MBL2,2,0.15,0.0,28,22.47807993222851
FIB,contractile,Lineage6,MBL2,3,0.25,0.0,4,3.736031729923683
FIB,contractile,Lineage6,MBL2,4,0.35,0.0,11,8.546697286819573
FIB,contractile,Lineage6,MBL2,5,0.45,0.0,15,13.27793240092435
FIB,contractile,Lineage6,MBL2,6,0.55,0.0,13,11.779158072583831
FIB,contractile,Lineage6,MBL2,7,0.6500000000000001,0.0,7,7.0
FIB,contractile,Lineage6,MBL2,8,0.75,0.0,4,4.0
FIB,contractile,Lineage6,MBL2,9,0.8500000000000001,0.0,5,5.0
FIB,contractile,Lineage6,MBL2,10,0.95,0.0,4,4.0
FIB,contractile,Lineage1,FCN1,1,0.05,0.0076186602783481,61,49.94236599379469
FIB,contractile,Lineage1,FCN1,2,0.15,0.0,33,31.97224847580994
FIB,contractile,Lineage1,FCN1,3,0.25,0.0073286157074812,64,52.83975117928554
FIB,contractile,Lineage1,FCN1,4,0.35,0.0133682693699164,104,67.00000342939487
FIB,contractile,Lineage1,FCN1,5,0.45,0.0146195318145948,42,38.59358161312381
FIB,contractile,Lineage1,FCN1,6,0.55,0.0081607745105104,21,21.0
FIB,contractile,Lineage1,FCN1,7,0.6500000000000001,0.0194439233685104,8,8.0
FIB,contractile,Lineage1,FCN1,8,0.75,0.0066489738259356,5,5.0
FIB,contractile,Lineage1,FCN1,9,0.8500000000000001,,0,0.0
FIB,contractile,Lineage1,FCN1,10,0.95,0.0,2,2.0
FIB,contractile,Lineage2,FCN1,1,0.05,0.0023347073671522,21,20.432318522091133
FIB,contractile,Lineage2,FCN1,2,0.15,0.0046509146149147,26,25.765254675484663
FIB,contractile,Lineage2,FCN1,3,0.25,0.0025355443519016,37,33.86292505295427
FIB,contractile,Lineage2,FCN1,4,0.35,0.0110428728795294,62,52.898325614261864
FIB,contractile,Lineage2,FCN1,5,0.45,0.008556146950158,96,64.47233603368089
FIB,contractile,Lineage2,FCN1,6,0.55,0.0081615223415861,58,44.23611042903282
FIB,contractile,Lineage2,FCN1,7,0.6500000000000001,0.003328934988241,33,32.76251906006037
FIB,contractile,Lineage2,FCN1,8,0.75,0.0084209196355079,38,37.46095724725315
FIB,contractile,Lineage2,FCN1,9,0.8500000000000001,0.0105333014892483,16,16.0
FIB,contractile,Lineage2,FCN1,10,0.95,0.0,20,17.52041449500962
FIB,contractile,Lineage3,FCN1,1,0.05,0.0064354616364276,51,40.49503644758717
FIB,contractile,Lineage3,FCN1,2,0.15,0.0045460448356384,27,26.359616734924614
FIB,contractile,Lineage3,FCN1,3,0.25,0.0028865316895512,32,29.745368349043076
FIB,contractile,Lineage3,FCN1,4,0.35,0.0104377533511667,51,43.22356015630274
FIB,contractile,Lineage3,FCN1,5,0.45,0.0078098605728089,68,49.00698311989304
FIB,contractile,Lineage3,FCN1,6,0.55,0.0140788632105875,55,45.17588319122831
FIB,contractile,Lineage3,FCN1,7,0.6500000000000001,0.0180505101263761,38,37.13001146931714
FIB,contractile,Lineage3,FCN1,8,0.75,0.0099425620228102,19,18.46164723510935
FIB,contractile,Lineage3,FCN1,9,0.8500000000000001,0.0052721036436266,29,29.0
FIB,contractile,Lineage3,FCN1,10,0.95,0.0037940558672878,21,21.0
FIB,contractile,Lineage4,FCN1,1,0.05,0.0060561372145076,54,43.07398687785016
FIB,contractile,Lineage4,FCN1,2,0.15,0.0042751632747557,27,26.824727080737436
FIB,contractile,Lineage4,FCN1,3,0.25,0.0022883825725579,41,34.06853769135626
FIB,contractile,Lineage4,FCN1,4,0.35,0.0089561963579146,41,40.018265686800056
FIB,contractile,Lineage4,FCN1,5,0.45,0.0,16,16.0
FIB,contractile,Lineage4,FCN1,6,0.55,0.0019907028904045,16,16.0
FIB,contractile,Lineage4,FCN1,7,0.6500000000000001,0.009717354591423,17,17.0
FIB,contractile,Lineage4,FCN1,8,0.75,0.0118094687074765,16,16.0
FIB,contractile,Lineage4,FCN1,9,0.8500000000000001,0.0091354419124581,14,14.0
FIB,contractile,Lineage4,FCN1,10,0.95,0.0,12,12.0
FIB,contractile,Lineage5,FCN1,1,0.05,0.0,11,7.242416201239249
FIB,contractile,Lineage5,FCN1,2,0.15,0.0082208570700416,24,20.5006390929894
FIB,contractile,Lineage5,FCN1,3,0.25,0.004699635940506,12,11.422888260404685
FIB,contractile,Lineage5,FCN1,4,0.35,0.0083225907923295,11,11.0
FIB,contractile,Lineage5,FCN1,5,0.45,0.0015741290986933,12,12.0
FIB,contractile,Lineage5,FCN1,6,0.55,0.0073304452179289,20,19.599544265730348
FIB,contractile,Lineage5,FCN1,7,0.6500000000000001,0.0154975951534942,11,10.824631057732674
FIB,contractile,Lineage5,FCN1,8,0.75,0.0,5,5.0
FIB,contractile,Lineage5,FCN1,9,0.8500000000000001,,0,0.0
FIB,contractile,Lineage5,FCN1,10,0.95,0.0,3,3.0
FIB,contractile,Lineage6,FCN1,1,0.05,0.0133033862985028,18,16.7037350532296
FIB,contractile,Lineage6,FCN1,2,0.15,0.0020566596570191,28,22.47807993222851
FIB,contractile,Lineage6,FCN1,3,0.25,0.0,4,3.736031729923683
FIB,contractile,Lineage6,FCN1,4,0.35,0.0,11,8.546697286819573
FIB,contractile,Lineage6,FCN1,5,0.45,0.0,15,13.27793240092435
FIB,contractile,Lineage6,FCN1,6,0.55,0.0,13,11.779158072583831
FIB,contractile,Lineage6,FCN1,7,0.6500000000000001,0.0,7,7.0
FIB,contractile,Lineage6,FCN1,8,0.75,0.0,4,4.0
FIB,contractile,Lineage6,FCN1,9,0.8500000000000001,0.0,5,5.0
FIB,contractile,Lineage6,FCN1,10,0.95,0.0120697864076331,4,4.0
FIB,contractile,Lineage1,FCN2,1,0.05,0.001155869098032,61,49.94236599379469
FIB,contractile,Lineage1,FCN2,2,0.15,0.0,33,31.97224847580994
FIB,contractile,Lineage1,FCN2,3,0.25,0.0,64,52.83975117928554
FIB,contractile,Lineage1,FCN2,4,0.35,0.0,104,67.00000342939487
FIB,contractile,Lineage1,FCN2,5,0.45,0.0,42,38.59358161312381
FIB,contractile,Lineage1,FCN2,6,0.55,0.0,21,21.0
FIB,contractile,Lineage1,FCN2,7,0.6500000000000001,0.0,8,8.0
FIB,contractile,Lineage1,FCN2,8,0.75,0.0,5,5.0
FIB,contractile,Lineage1,FCN2,9,0.8500000000000001,,0,0.0
FIB,contractile,Lineage1,FCN2,10,0.95,0.0,2,2.0
FIB,contractile,Lineage2,FCN2,1,0.05,0.0,21,20.432318522091133
FIB,contractile,Lineage2,FCN2,2,0.15,0.0011541484034776,26,25.765254675484663
FIB,contractile,Lineage2,FCN2,3,0.25,0.0,37,33.86292505295427
FIB,contractile,Lineage2,FCN2,4,0.35,0.0,62,52.898325614261864
FIB,contractile,Lineage2,FCN2,5,0.45,0.0,96,64.47233603368089
FIB,contractile,Lineage2,FCN2,6,0.55,0.0,58,44.23611042903282
FIB,contractile,Lineage2,FCN2,7,0.6500000000000001,0.0,33,32.76251906006037
FIB,contractile,Lineage2,FCN2,8,0.75,0.001811507678918,38,37.46095724725315
FIB,contractile,Lineage2,FCN2,9,0.8500000000000001,0.0,16,16.0
FIB,contractile,Lineage2,FCN2,10,0.95,0.0,20,17.52041449500962
FIB,contractile,Lineage3,FCN2,1,0.05,0.0006907887415365,51,40.49503644758717
FIB,contractile,Lineage3,FCN2,2,0.15,0.0011281244279058,27,26.359616734924614
FIB,contractile,Lineage3,FCN2,3,0.25,0.0,32,29.745368349043076
FIB,contractile,Lineage3,FCN2,4,0.35,0.0,51,43.22356015630274
FIB,contractile,Lineage3,FCN2,5,0.45,0.0,68,49.00698311989304
FIB,contractile,Lineage3,FCN2,6,0.55,0.0,55,45.17588319122831
FIB,contractile,Lineage3,FCN2,7,0.6500000000000001,0.0,38,37.13001146931714
FIB,contractile,Lineage3,FCN2,8,0.75,0.0,19,18.46164723510935
FIB,contractile,Lineage3,FCN2,9,0.8500000000000001,0.001733759406499,29,29.0
FIB,contractile,Lineage3,FCN2,10,0.95,0.0021245336803623,21,21.0
FIB,contractile,Lineage4,FCN2,1,0.05,0.0006648573765472,54,43.07398687785016
FIB,contractile,Lineage4,FCN2,2,0.15,0.0011085640297253,27,26.824727080737436
FIB,contractile,Lineage4,FCN2,3,0.25,0.0,41,34.06853769135626
FIB,contractile,Lineage4,FCN2,4,0.35,0.0,41,40.018265686800056
FIB,contractile,Lineage4,FCN2,5,0.45,0.0,16,16.0
FIB,contractile,Lineage4,FCN2,6,0.55,0.0,16,16.0
FIB,contractile,Lineage4,FCN2,7,0.6500000000000001,0.0,17,17.0
FIB,contractile,Lineage4,FCN2,8,0.75,0.0047175114223885,16,16.0
FIB,contractile,Lineage4,FCN2,9,0.8500000000000001,0.0,14,14.0
FIB,contractile,Lineage4,FCN2,10,0.95,0.0,12,12.0
FIB,contractile,Lineage5,FCN2,1,0.05,0.0,11,7.242416201239249
FIB,contractile,Lineage5,FCN2,2,0.15,0.0,24,20.5006390929894
FIB,contractile,Lineage5,FCN2,3,0.25,0.0,12,11.422888260404685
FIB,contractile,Lineage5,FCN2,4,0.35,0.0061691647011834,11,11.0
FIB,contractile,Lineage5,FCN2,5,0.45,0.0,12,12.0
FIB,contractile,Lineage5,FCN2,6,0.55,0.0,20,19.599544265730348
FIB,contractile,Lineage5,FCN2,7,0.6500000000000001,0.0,11,10.824631057732674
FIB,contractile,Lineage5,FCN2,8,0.75,0.0,5,5.0
FIB,contractile,Lineage5,FCN2,9,0.8500000000000001,,0,0.0
FIB,contractile,Lineage5,FCN2,10,0.95,0.0,3,3.0
FIB,contractile,Lineage6,FCN2,1,0.05,0.0,18,16.7037350532296
FIB,contractile,Lineage6,FCN2,2,0.15,0.0021972814633951,28,22.47807993222851
FIB,contractile,Lineage6,FCN2,3,0.25,0.0,4,3.736031729923683
FIB,contractile,Lineage6,FCN2,4,0.35,0.0,11,8.546697286819573
FIB,contractile,Lineage6,FCN2,5,0.45,0.0,15,13.27793240092435
FIB,contractile,Lineage6,FCN2,6,0.55,0.0,13,11.779158072583831
FIB,contractile,Lineage6,FCN2,7,0.6500000000000001,0.0,7,7.0
FIB,contractile,Lineage6,FCN2,8,0.75,0.0,4,4.0
FIB,contractile,Lineage6,FCN2,9,0.8500000000000001,0.0,5,5.0
FIB,contractile,Lineage6,FCN2,10,0.95,0.0,4,4.0
FIB,contractile,Lineage1,FCN3,1,0.05,0.035372415639041,61,49.94236599379469
FIB,contractile,Lineage1,FCN3,2,0.15,0.0147913191324818,33,31.97224847580994
FIB,contractile,Lineage1,FCN3,3,0.25,0.0092783666326871,64,52.83975117928554
FIB,contractile,Lineage1,FCN3,4,0.35,0.0114253601834788,104,67.00000342939487
FIB,contractile,Lineage1,FCN3,5,0.45,0.0117852523656886,42,38.59358161312381
FIB,contractile,Lineage1,FCN3,6,0.55,0.0264701220103219,21,21.0
FIB,contractile,Lineage1,FCN3,7,0.6500000000000001,0.0,8,8.0
FIB,contractile,Lineage1,FCN3,8,0.75,0.0,5,5.0
FIB,contractile,Lineage1,FCN3,9,0.8500000000000001,,0,0.0
FIB,contractile,Lineage1,FCN3,10,0.95,0.0,2,2.0
FIB,contractile,Lineage2,FCN3,1,0.05,0.0241170129884439,21,20.432318522091133
FIB,contractile,Lineage2,FCN3,2,0.15,0.0118947773022248,26,25.765254675484663
FIB,contractile,Lineage2,FCN3,3,0.25,0.013618294460299,37,33.86292505295427
FIB,contractile,Lineage2,FCN3,4,0.35,0.0078530914769252,62,52.898325614261864
FIB,contractile,Lineage2,FCN3,5,0.45,0.014705760346921,96,64.47233603368089
FIB,contractile,Lineage2,FCN3,6,0.55,0.0117047140152296,58,44.23611042903282
FIB,contractile,Lineage2,FCN3,7,0.6500000000000001,0.0102592811498441,33,32.76251906006037
FIB,contractile,Lineage2,FCN3,8,0.75,0.0100738892584062,38,37.46095724725315
FIB,contractile,Lineage2,FCN3,9,0.8500000000000001,0.0719163807653779,16,16.0
FIB,contractile,Lineage2,FCN3,10,0.95,0.0176298784704525,20,17.52041449500962
FIB,contractile,Lineage3,FCN3,1,0.05,0.0396700765717521,51,40.49503644758717
FIB,contractile,Lineage3,FCN3,2,0.15,0.0134949225284543,27,26.359616734924614
FIB,contractile,Lineage3,FCN3,3,0.25,0.0137835432310366,32,29.745368349043076
FIB,contractile,Lineage3,FCN3,4,0.35,0.0073387832260574,51,43.22356015630274
FIB,contractile,Lineage3,FCN3,5,0.45,0.011992741363991,68,49.00698311989304
FIB,contractile,Lineage3,FCN3,6,0.55,0.0127468809500379,55,45.17588319122831
FIB,contractile,Lineage3,FCN3,7,0.6500000000000001,0.0225152718686168,38,37.13001146931714
FIB,contractile,Lineage3,FCN3,8,0.75,0.0292438130411069,19,18.46164723510935
FIB,contractile,Lineage3,FCN3,9,0.8500000000000001,0.0380999036733583,29,29.0
FIB,contractile,Lineage3,FCN3,10,0.95,0.0138349672914393,21,21.0
FIB,contractile,Lineage4,FCN3,1,0.05,0.0384573458526921,54,43.07398687785016
FIB,contractile,Lineage4,FCN3,2,0.15,0.0113636697647507,27,26.824727080737436
FIB,contractile,Lineage4,FCN3,3,0.25,0.0117003586551275,41,34.06853769135626
FIB,contractile,Lineage4,FCN3,4,0.35,0.0069519523395846,41,40.018265686800056
FIB,contractile,Lineage4,FCN3,5,0.45,0.0087792017819157,16,16.0
FIB,contractile,Lineage4,FCN3,6,0.55,0.0067155008958819,16,16.0
FIB,contractile,Lineage4,FCN3,7,0.6500000000000001,0.0209488625263748,17,17.0
FIB,contractile,Lineage4,FCN3,8,0.75,0.0093189308306877,16,16.0
FIB,contractile,Lineage4,FCN3,9,0.8500000000000001,0.0108602648261971,14,14.0
FIB,contractile,Lineage4,FCN3,10,0.95,0.0077562963221796,12,12.0
FIB,contractile,Lineage5,FCN3,1,0.05,0.0440053386204278,11,7.242416201239249
FIB,contractile,Lineage5,FCN3,2,0.15,0.0421718251477481,24,20.5006390929894
FIB,contractile,Lineage5,FCN3,3,0.25,0.0311365084112512,12,11.422888260404685
FIB,contractile,Lineage5,FCN3,4,0.35,0.0387664716829398,11,11.0
FIB,contractile,Lineage5,FCN3,5,0.45,0.0447347185864353,12,12.0
FIB,contractile,Lineage5,FCN3,6,0.55,0.0,20,19.599544265730348
FIB,contractile,Lineage5,FCN3,7,0.6500000000000001,0.0,11,10.824631057732674
FIB,contractile,Lineage5,FCN3,8,0.75,0.0,5,5.0
FIB,contractile,Lineage5,FCN3,9,0.8500000000000001,,0,0.0
FIB,contractile,Lineage5,FCN3,10,0.95,0.0646854952720006,3,3.0
FIB,contractile,Lineage6,FCN3,1,0.05,0.029708490246069,18,16.7037350532296
FIB,contractile,Lineage6,FCN3,2,0.15,0.0325559481968417,28,22.47807993222851
FIB,contractile,Lineage6,FCN3,3,0.25,0.1074896034235698,4,3.736031729923683
FIB,contractile,Lineage6,FCN3,4,0.35,0.0394232705452943,11,8.546697286819573
FIB,contractile,Lineage6,FCN3,5,0.45,0.0066836642219565,15,13.27793240092435
FIB,contractile,Lineage6,FCN3,6,0.55,0.0,13,11.779158072583831
FIB,contractile,Lineage6,FCN3,7,0.6500000000000001,0.0,7,7.0
FIB,contractile,Lineage6,FCN3,8,0.75,0.0,4,4.0
FIB,contractile,Lineage6,FCN3,9,0.8500000000000001,0.0,5,5.0
FIB,contractile,Lineage6,FCN3,10,0.95,0.0116974929258398,4,4.0
FIB,contractile,Lineage1,MASP1,1,0.05,0.0165641946824273,61,49.94236599379469
FIB,contractile,Lineage1,MASP1,2,0.15,0.0,33,31.97224847580994
FIB,contractile,Lineage1,MASP1,3,0.25,0.0070507609447417,64,52.83975117928554
FIB,contractile,Lineage1,MASP1,4,0.35,0.0125496068676959,104,67.00000342939487
FIB,contractile,Lineage1,MASP1,5,0.45,0.0198781625887423,42,38.59358161312381
FIB,contractile,Lineage1,MASP1,6,0.55,0.0297956586709895,21,21.0
FIB,contractile,Lineage1,MASP1,7,0.6500000000000001,0.1254976071857978,8,8.0
FIB,contractile,Lineage1,MASP1,8,0.75,0.0756220414984583,5,5.0
FIB,contractile,Lineage1,MASP1,9,0.8500000000000001,,0,0.0
FIB,contractile,Lineage1,MASP1,10,0.95,0.0550914410740844,2,2.0
FIB,contractile,Lineage2,MASP1,1,0.05,0.0174637189791741,21,20.432318522091133
FIB,contractile,Lineage2,MASP1,2,0.15,0.0044239335939771,26,25.765254675484663
FIB,contractile,Lineage2,MASP1,3,0.25,0.0042389114495838,37,33.86292505295427
FIB,contractile,Lineage2,MASP1,4,0.35,0.0102966037844896,62,52.898325614261864
FIB,contractile,Lineage2,MASP1,5,0.45,0.0143451139739185,96,64.47233603368089
FIB,contractile,Lineage2,MASP1,6,0.55,0.0277553156092704,58,44.23611042903282
FIB,contractile,Lineage2,MASP1,7,0.6500000000000001,0.007597084335831,33,32.76251906006037
FIB,contractile,Lineage2,MASP1,8,0.75,0.0194218245640588,38,37.46095724725315
FIB,contractile,Lineage2,MASP1,9,0.8500000000000001,0.0147434399017445,16,16.0
FIB,contractile,Lineage2,MASP1,10,0.95,0.0091313103662136,20,17.52041449500962
FIB,contractile,Lineage3,MASP1,1,0.05,0.0150033745654911,51,40.49503644758717
FIB,contractile,Lineage3,MASP1,2,0.15,0.0083254364325712,27,26.359616734924614
FIB,contractile,Lineage3,MASP1,3,0.25,0.0,32,29.745368349043076
FIB,contractile,Lineage3,MASP1,4,0.35,0.0097933759520047,51,43.22356015630274
FIB,contractile,Lineage3,MASP1,5,0.45,0.0164448619136227,68,49.00698311989304
FIB,contractile,Lineage3,MASP1,6,0.55,0.0135320049002776,55,45.17588319122831
FIB,contractile,Lineage3,MASP1,7,0.6500000000000001,0.0245743340001933,38,37.13001146931714
FIB,contractile,Lineage3,MASP1,8,0.75,0.0224500870302661,19,18.46164723510935
FIB,contractile,Lineage3,MASP1,9,0.8500000000000001,0.0110674546688994,29,29.0
FIB,contractile,Lineage3,MASP1,10,0.95,0.0067376036265029,21,21.0
FIB,contractile,Lineage4,MASP1,1,0.05,0.0152478287654246,54,43.07398687785016
FIB,contractile,Lineage4,MASP1,2,0.15,0.0064649704012144,27,26.824727080737436
FIB,contractile,Lineage4,MASP1,3,0.25,0.0008399074094437,41,34.06853769135626
FIB,contractile,Lineage4,MASP1,4,0.35,0.0199349780798468,41,40.018265686800056
FIB,contractile,Lineage4,MASP1,5,0.45,0.0046005722593235,16,16.0
FIB,contractile,Lineage4,MASP1,6,0.55,0.0,16,16.0
FIB,contractile,Lineage4,MASP1,7,0.6500000000000001,0.0093630897914868,17,17.0
FIB,contractile,Lineage4,MASP1,8,0.75,0.0221015988449012,16,16.0
FIB,contractile,Lineage4,MASP1,9,0.8500000000000001,0.0180457360351282,14,14.0
FIB,contractile,Lineage4,MASP1,10,0.95,0.0197305710596783,12,12.0
FIB,contractile,Lineage5,MASP1,1,0.05,0.0228390088725958,11,7.242416201239249
FIB,contractile,Lineage5,MASP1,2,0.15,0.0147619307736176,24,20.5006390929894
FIB,contractile,Lineage5,MASP1,3,0.25,0.0099102354418773,12,11.422888260404685
FIB,contractile,Lineage5,MASP1,4,0.35,0.014288034990325,11,11.0
FIB,contractile,Lineage5,MASP1,5,0.45,0.0300671301670807,12,12.0
FIB,contractile,Lineage5,MASP1,6,0.55,0.0164793835314437,20,19.599544265730348
FIB,contractile,Lineage5,MASP1,7,0.6500000000000001,0.0152149757485478,11,10.824631057732674
FIB,contractile,Lineage5,MASP1,8,0.75,0.0,5,5.0
FIB,contractile,Lineage5,MASP1,9,0.8500000000000001,,0,0.0
FIB,contractile,Lineage5,MASP1,10,0.95,0.0,3,3.0
FIB,contractile,Lineage6,MASP1,1,0.05,0.0151798217187923,18,16.7037350532296
FIB,contractile,Lineage6,MASP1,2,0.15,0.0185085345864727,28,22.47807993222851
FIB,contractile,Lineage6,MASP1,3,0.25,0.0,4,3.736031729923683
FIB,contractile,Lineage6,MASP1,4,0.35,0.0230515807918807,11,8.546697286819573
FIB,contractile,Lineage6,MASP1,5,0.45,0.0071988772477523,15,13.27793240092435
FIB,contractile,Lineage6,MASP1,6,0.55,0.0,13,11.779158072583831
FIB,contractile,Lineage6,MASP1,7,0.6500000000000001,0.0109877929617489,7,7.0
FIB,contractile,Lineage6,MASP1,8,0.75,0.0,4,4.0
FIB,contractile,Lineage6,MASP1,9,0.8500000000000001,0.0,5,5.0
FIB,contractile,Lineage6,MASP1,10,0.95,0.0116974929258398,4,4.0
FIB,contractile,Lineage1,MASP2,1,0.05,0.0005800666423259,61,49.94236599379469
FIB,contractile,Lineage1,MASP2,2,0.15,0.0018771644736453,33,31.97224847580994
FIB,contractile,Lineage1,MASP2,3,0.25,0.0076679740788803,64,52.83975117928554
FIB,contractile,Lineage1,MASP2,4,0.35,0.0125741697409763,104,67.00000342939487
FIB,contractile,Lineage1,MASP2,5,0.45,0.0116777535936073,42,38.59358161312381
FIB,contractile,Lineage1,MASP2,6,0.55,0.0056964379044362,21,21.0
FIB,contractile,Lineage1,MASP2,7,0.6500000000000001,0.0,8,8.0
FIB,contractile,Lineage1,MASP2,8,0.75,0.0339023680747768,5,5.0
FIB,contractile,Lineage1,MASP2,9,0.8500000000000001,,0,0.0
FIB,contractile,Lineage1,MASP2,10,0.95,0.0,2,2.0
FIB,contractile,Lineage2,MASP2,1,0.05,0.0,21,20.432318522091133
FIB,contractile,Lineage2,MASP2,2,0.15,0.0034537624663131,26,25.765254675484663
FIB,contractile,Lineage2,MASP2,3,0.25,0.010935579343395,37,33.86292505295427
FIB,contractile,Lineage2,MASP2,4,0.35,0.0058850624477138,62,52.898325614261864
FIB,contractile,Lineage2,MASP2,5,0.45,0.0145725308458877,96,64.47233603368089
FIB,contractile,Lineage2,MASP2,6,0.55,0.0113940999220057,58,44.23611042903282
FIB,contractile,Lineage2,MASP2,7,0.6500000000000001,0.0124493725294609,33,32.76251906006037
FIB,contractile,Lineage2,MASP2,8,0.75,0.006474361981968,38,37.46095724725315
FIB,contractile,Lineage2,MASP2,9,0.8500000000000001,0.0,16,16.0
FIB,contractile,Lineage2,MASP2,10,0.95,0.0088798973415034,20,17.52041449500962
FIB,contractile,Lineage3,MASP2,1,0.05,0.0,51,40.49503644758717
FIB,contractile,Lineage3,MASP2,2,0.15,0.003375886319898,27,26.359616734924614
FIB,contractile,Lineage3,MASP2,3,0.25,0.0028854390883748,32,29.745368349043076
FIB,contractile,Lineage3,MASP2,4,0.35,0.006940402822577,51,43.22356015630274
FIB,contractile,Lineage3,MASP2,5,0.45,0.0161203411861044,68,49.00698311989304
FIB,contractile,Lineage3,MASP2,6,0.55,0.0146135905378764,55,45.17588319122831
FIB,contractile,Lineage3,MASP2,7,0.6500000000000001,0.0033933089155163,38,37.13001146931714
FIB,contractile,Lineage3,MASP2,8,0.75,0.0,19,18.46164723510935
FIB,contractile,Lineage3,MASP2,9,0.8500000000000001,0.0108939340545451,29,29.0
FIB,contractile,Lineage3,MASP2,10,0.95,0.0037940558672878,21,21.0
FIB,contractile,Lineage4,MASP2,1,0.05,0.0,54,43.07398687785016
FIB,contractile,Lineage4,MASP2,2,0.15,0.0033173522796841,27,26.824727080737436
FIB,contractile,Lineage4,MASP2,3,0.25,0.006805159928347,41,34.06853769135626
FIB,contractile,Lineage4,MASP2,4,0.35,0.0139735124443545,41,40.018265686800056
FIB,contractile,Lineage4,MASP2,5,0.45,0.0042052446191507,16,16.0
FIB,contractile,Lineage4,MASP2,6,0.55,0.007046463200082,16,16.0
FIB,contractile,Lineage4,MASP2,7,0.6500000000000001,0.0112919999506462,17,17.0
FIB,contractile,Lineage4,MASP2,8,0.75,0.0112722718005579,16,16.0
FIB,contractile,Lineage4,MASP2,9,0.8500000000000001,0.005451650107122,14,14.0
FIB,contractile,Lineage4,MASP2,10,0.95,0.0028560189855762,12,12.0
FIB,contractile,Lineage5,MASP2,1,0.05,0.0,11,7.242416201239249
FIB,contractile,Lineage5,MASP2,2,0.15,0.0007263019117361,24,20.5006390929894
FIB,contractile,Lineage5,MASP2,3,0.25,0.0,12,11.422888260404685
FIB,contractile,Lineage5,MASP2,4,0.35,0.0,11,11.0
FIB,contractile,Lineage5,MASP2,5,0.45,0.0,12,12.0
FIB,contractile,Lineage5,MASP2,6,0.55,0.0123745631082769,20,19.599544265730348
FIB,contractile,Lineage5,MASP2,7,0.6500000000000001,0.0059466808177811,11,10.824631057732674
FIB,contractile,Lineage5,MASP2,8,0.75,0.0134618569878568,5,5.0
FIB,contractile,Lineage5,MASP2,9,0.8500000000000001,,0,0.0
FIB,contractile,Lineage5,MASP2,10,0.95,0.0,3,3.0
FIB,contractile,Lineage6,MASP2,1,0.05,0.0,18,16.7037350532296
FIB,contractile,Lineage6,MASP2,2,0.15,0.0,28,22.47807993222851
FIB,contractile,Lineage6,MASP2,3,0.25,0.0077541901798643,4,3.736031729923683
FIB,contractile,Lineage6,MASP2,4,0.35,0.0,11,8.546697286819573
FIB,contractile,Lineage6,MASP2,5,0.45,0.0039563781004582,15,13.27793240092435
FIB,contractile,Lineage6,MASP2,6,0.55,0.0035766656111227,13,11.779158072583831
FIB,contractile,Lineage6,MASP2,7,0.6500000000000001,0.0135648917605999,7,7.0
FIB,contractile,Lineage6,MASP2,8,0.75,0.0,4,4.0
FIB,contractile,Lineage6,MASP2,9,0.8500000000000001,0.0,5,5.0
FIB,contractile,Lineage6,MASP2,10,0.95,0.0116974929258398,4,4.0
FIB,contractile,Lineage1,C3,1,0.05,0.0298730110181175,61,49.94236599379469
FIB,contractile,Lineage1,C3,2,0.15,0.063170983819884,33,31.97224847580994
FIB,contractile,Lineage1,C3,3,0.25,0.162903335385978,64,52.83975117928554
FIB,contractile,Lineage1,C3,4,0.35,0.135521248252067,104,67.00000342939487
FIB,contractile,Lineage1,C3,5,0.45,0.3450077256532904,42,38.59358161312381
FIB,contractile,Lineage1,C3,6,0.55,0.6611221581142984,21,21.0
FIB,contractile,Lineage1,C3,7,0.6500000000000001,0.8870678266601306,8,8.0
FIB,contractile,Lineage1,C3,8,0.75,1.9815141889190255,5,5.0
FIB,contractile,Lineage1,C3,9,0.8500000000000001,,0,0.0
FIB,contractile,Lineage1,C3,10,0.95,1.2832572083676144,2,2.0
FIB,contractile,Lineage2,C3,1,0.05,0.0274274778517742,21,20.432318522091133
FIB,contractile,Lineage2,C3,2,0.15,0.0378506298325499,26,25.765254675484663
FIB,contractile,Lineage2,C3,3,0.25,0.1118482547225383,37,33.86292505295427
FIB,contractile,Lineage2,C3,4,0.35,0.1568074070438582,62,52.898325614261864
FIB,contractile,Lineage2,C3,5,0.45,0.1493298707885491,96,64.47233603368089
FIB,contractile,Lineage2,C3,6,0.55,0.1854692064126347,58,44.23611042903282
FIB,contractile,Lineage2,C3,7,0.6500000000000001,0.0982014404693633,33,32.76251906006037
FIB,contractile,Lineage2,C3,8,0.75,0.0687476878146407,38,37.46095724725315
FIB,contractile,Lineage2,C3,9,0.8500000000000001,0.025161893786884,16,16.0
FIB,contractile,Lineage2,C3,10,0.95,0.0032728682517864,20,17.52041449500962
FIB,contractile,Lineage3,C3,1,0.05,0.0273071594180401,51,40.49503644758717
FIB,contractile,Lineage3,C3,2,0.15,0.0369091377350468,27,26.359616734924614
FIB,contractile,Lineage3,C3,3,0.25,0.1091148833340839,32,29.745368349043076
FIB,contractile,Lineage3,C3,4,0.35,0.145110974801869,51,43.22356015630274
FIB,contractile,Lineage3,C3,5,0.45,0.1388870540913031,68,49.00698311989304
FIB,contractile,Lineage3,C3,6,0.55,0.1554845911360015,55,45.17588319122831
FIB,contractile,Lineage3,C3,7,0.6500000000000001,0.2428208379447258,38,37.13001146931714
FIB,contractile,Lineage3,C3,8,0.75,0.1223468757560361,19,18.46164723510935
FIB,contractile,Lineage3,C3,9,0.8500000000000001,0.1498967341277123,29,29.0
FIB,contractile,Lineage3,C3,10,0.95,0.1007724923943309,21,21.0
FIB,contractile,Lineage4,C3,1,0.05,0.0268749233825886,54,43.07398687785016
FIB,contractile,Lineage4,C3,2,0.15,0.0370054149480884,27,26.824727080737436
FIB,contractile,Lineage4,C3,3,0.25,0.1168905179465025,41,34.06853769135626
FIB,contractile,Lineage4,C3,4,0.35,0.081589049345631,41,40.018265686800056
FIB,contractile,Lineage4,C3,5,0.45,0.0514479611806451,16,16.0
FIB,contractile,Lineage4,C3,6,0.55,0.061228420978651,16,16.0
FIB,contractile,Lineage4,C3,7,0.6500000000000001,0.0207455643593182,17,17.0
FIB,contractile,Lineage4,C3,8,0.75,0.0143449295019463,16,16.0
FIB,contractile,Lineage4,C3,9,0.8500000000000001,0.0190794280595347,14,14.0
FIB,contractile,Lineage4,C3,10,0.95,0.0088760808856144,12,12.0
FIB,contractile,Lineage5,C3,1,0.05,0.0169534853801731,11,7.242416201239249
FIB,contractile,Lineage5,C3,2,0.15,0.025040721226725,24,20.5006390929894
FIB,contractile,Lineage5,C3,3,0.25,0.0279719261633168,12,11.422888260404685
FIB,contractile,Lineage5,C3,4,0.35,0.0394541311370941,11,11.0
FIB,contractile,Lineage5,C3,5,0.45,0.0467853003019779,12,12.0
FIB,contractile,Lineage5,C3,6,0.55,0.0889350090813881,20,19.599544265730348
FIB,contractile,Lineage5,C3,7,0.6500000000000001,0.0951481726294524,11,10.824631057732674
FIB,contractile,Lineage5,C3,8,0.75,0.1893271282975903,5,5.0
FIB,contractile,Lineage5,C3,9,0.8500000000000001,,0,0.0
FIB,contractile,Lineage5,C3,10,0.95,0.0478894054430417,3,3.0
FIB,contractile,Lineage6,C3,1,0.05,0.0279484252207866,18,16.7037350532296
FIB,contractile,Lineage6,C3,2,0.15,0.0269828611322292,28,22.47807993222851
FIB,contractile,Lineage6,C3,3,0.25,0.0382587505724923,4,3.736031729923683
FIB,contractile,Lineage6,C3,4,0.35,0.0,11,8.546697286819573
FIB,contractile,Lineage6,C3,5,0.45,0.0441424182316496,15,13.27793240092435
FIB,contractile,Lineage6,C3,6,0.55,0.0197163293631614,13,11.779158072583831
FIB,contractile,Lineage6,C3,7,0.6500000000000001,0.0211641504713183,7,7.0
FIB,contractile,Lineage6,C3,8,0.75,0.0,4,4.0
FIB,contractile,Lineage6,C3,9,0.8500000000000001,0.0,5,5.0
FIB,contractile,Lineage6,C3,10,0.95,0.0659379769683511,4,4.0
FIB,contractile,Lineage1,CFB,1,0.05,0.0927265809337222,61,49.94236599379469
FIB,contractile,Lineage1,CFB,2,0.15,0.0879180036822648,33,31.97224847580994
FIB,contractile,Lineage1,CFB,3,0.25,0.1190476611867112,64,52.83975117928554
FIB,contractile,Lineage1,CFB,4,0.35,0.1194759805850237,104,67.00000342939487
FIB,contractile,Lineage1,CFB,5,0.45,0.1290015397125372,42,38.59358161312381
FIB,contractile,Lineage1,CFB,6,0.55,0.2336264886145873,21,21.0
FIB,contractile,Lineage1,CFB,7,0.6500000000000001,0.1365199490513999,8,8.0
FIB,contractile,Lineage1,CFB,8,0.75,0.3729571955096418,5,5.0
FIB,contractile,Lineage1,CFB,9,0.8500000000000001,,0,0.0
FIB,contractile,Lineage1,CFB,10,0.95,0.4437125640467314,2,2.0
FIB,contractile,Lineage2,CFB,1,0.05,0.0420450496241002,21,20.432318522091133
FIB,contractile,Lineage2,CFB,2,0.15,0.0938472304190049,26,25.765254675484663
FIB,contractile,Lineage2,CFB,3,0.25,0.0972661558457416,37,33.86292505295427
FIB,contractile,Lineage2,CFB,4,0.35,0.1110828925887705,62,52.898325614261864
FIB,contractile,Lineage2,CFB,5,0.45,0.1256742650597648,96,64.47233603368089
FIB,contractile,Lineage2,CFB,6,0.55,0.1409099164825553,58,44.23611042903282
FIB,contractile,Lineage2,CFB,7,0.6500000000000001,0.0992579750428659,33,32.76251906006037
FIB,contractile,Lineage2,CFB,8,0.75,0.1075145399443656,38,37.46095724725315
FIB,contractile,Lineage2,CFB,9,0.8500000000000001,0.1418657169273295,16,16.0
FIB,contractile,Lineage2,CFB,10,0.95,0.0538849176147755,20,17.52041449500962
FIB,contractile,Lineage3,CFB,1,0.05,0.0942055649603689,51,40.49503644758717
FIB,contractile,Lineage3,CFB,2,0.15,0.0785869406793889,27,26.359616734924614
FIB,contractile,Lineage3,CFB,3,0.25,0.1090974087120657,32,29.745368349043076
FIB,contractile,Lineage3,CFB,4,0.35,0.1048650812684632,51,43.22356015630274
FIB,contractile,Lineage3,CFB,5,0.45,0.1195694224071952,68,49.00698311989304
FIB,contractile,Lineage3,CFB,6,0.55,0.1378250032140563,55,45.17588319122831
FIB,contractile,Lineage3,CFB,7,0.6500000000000001,0.1992417701704579,38,37.13001146931714
FIB,contractile,Lineage3,CFB,8,0.75,0.1738381023680173,19,18.46164723510935
FIB,contractile,Lineage3,CFB,9,0.8500000000000001,0.1889257327941506,29,29.0
FIB,contractile,Lineage3,CFB,10,0.95,0.1664763600761882,21,21.0
FIB,contractile,Lineage4,CFB,1,0.05,0.0911042336891463,54,43.07398687785016
FIB,contractile,Lineage4,CFB,2,0.15,0.0999838635861496,27,26.824727080737436
FIB,contractile,Lineage4,CFB,3,0.25,0.0851618255879658,41,34.06853769135626
FIB,contractile,Lineage4,CFB,4,0.35,0.109006695911452,41,40.018265686800056
FIB,contractile,Lineage4,CFB,5,0.45,0.1741782715274414,16,16.0
FIB,contractile,Lineage4,CFB,6,0.55,0.0796417041752077,16,16.0
FIB,contractile,Lineage4,CFB,7,0.6500000000000001,0.0907105638616819,17,17.0
FIB,contractile,Lineage4,CFB,8,0.75,0.0785850032767609,16,16.0
FIB,contractile,Lineage4,CFB,9,0.8500000000000001,0.0483503430538163,14,14.0
FIB,contractile,Lineage4,CFB,10,0.95,0.0442344173726168,12,12.0
FIB,contractile,Lineage5,CFB,1,0.05,0.0205059662860789,11,7.242416201239249
FIB,contractile,Lineage5,CFB,2,0.15,0.1070445510180196,24,20.5006390929894
FIB,contractile,Lineage5,CFB,3,0.25,0.1254905448844206,12,11.422888260404685
FIB,contractile,Lineage5,CFB,4,0.35,0.0881949686717144,11,11.0
FIB,contractile,Lineage5,CFB,5,0.45,0.1138356301347951,12,12.0
FIB,contractile,Lineage5,CFB,6,0.55,0.0950692186582982,20,19.599544265730348
FIB,contractile,Lineage5,CFB,7,0.6500000000000001,0.0899546008404483,11,10.824631057732674
FIB,contractile,Lineage5,CFB,8,0.75,0.1579103189204523,5,5.0
FIB,contractile,Lineage5,CFB,9,0.8500000000000001,,0,0.0
FIB,contractile,Lineage5,CFB,10,0.95,0.0478894054430417,3,3.0
FIB,contractile,Lineage6,CFB,1,0.05,0.0711901851978686,18,16.7037350532296
FIB,contractile,Lineage6,CFB,2,0.15,0.0854368524589762,28,22.47807993222851
FIB,contractile,Lineage6,CFB,3,0.25,0.273552125117555,4,3.736031729923683
FIB,contractile,Lineage6,CFB,4,0.35,0.1227577458014368,11,8.546697286819573
FIB,contractile,Lineage6,CFB,5,0.45,0.0827441591672697,15,13.27793240092435
FIB,contractile,Lineage6,CFB,6,0.55,0.0100892090978061,13,11.779158072583831
FIB,contractile,Lineage6,CFB,7,0.6500000000000001,0.0347290422319183,7,7.0
FIB,contractile,Lineage6,CFB,8,0.75,0.0524531083116235,4,4.0
FIB,contractile,Lineage6,CFB,9,0.8500000000000001,0.0,5,5.0
FIB,contractile,Lineage6,CFB,10,0.95,0.0774517836205806,4,4.0
FIB,contractile,Lineage1,CFD,1,0.05,0.0610318834959951,61,49.94236599379469
FIB,contractile,Lineage1,CFD,2,0.15,0.0553955924368168,33,31.97224847580994
FIB,contractile,Lineage1,CFD,3,0.25,0.1934781884123053,64,52.83975117928554
FIB,contractile,Lineage1,CFD,4,0.35,0.1507763983106091,104,67.00000342939487
FIB,contractile,Lineage1,CFD,5,0.45,0.1334734720008431,42,38.59358161312381
FIB,contractile,Lineage1,CFD,6,0.55,0.2907986281469224,21,21.0
FIB,contractile,Lineage1,CFD,7,0.6500000000000001,0.7653044860617084,8,8.0
FIB,contractile,Lineage1,CFD,8,0.75,0.9338132192978318,5,5.0
FIB,contractile,Lineage1,CFD,9,0.8500000000000001,,0,0.0
FIB,contractile,Lineage1,CFD,10,0.95,0.0824779495023449,2,2.0
FIB,contractile,Lineage2,CFD,1,0.05,0.0470044564043626,21,20.432318522091133
FIB,contractile,Lineage2,CFD,2,0.15,0.0788973792920806,26,25.765254675484663
FIB,contractile,Lineage2,CFD,3,0.25,0.0942831452741322,37,33.86292505295427
FIB,contractile,Lineage2,CFD,4,0.35,0.197342265160128,62,52.898325614261864
FIB,contractile,Lineage2,CFD,5,0.45,0.1260802738624856,96,64.47233603368089
FIB,contractile,Lineage2,CFD,6,0.55,0.2090536008301064,58,44.23611042903282
FIB,contractile,Lineage2,CFD,7,0.6500000000000001,0.1749969352194059,33,32.76251906006037
FIB,contractile,Lineage2,CFD,8,0.75,0.0891238843882841,38,37.46095724725315
FIB,contractile,Lineage2,CFD,9,0.8500000000000001,0.0429980184263448,16,16.0
FIB,contractile,Lineage2,CFD,10,0.95,0.0394720475044299,20,17.52041449500962
FIB,contractile,Lineage3,CFD,1,0.05,0.0587354581762748,51,40.49503644758717
FIB,contractile,Lineage3,CFD,2,0.15,0.0809628514001966,27,26.359616734924614
FIB,contractile,Lineage3,CFD,3,0.25,0.0984417589175267,32,29.745368349043076
FIB,contractile,Lineage3,CFD,4,0.35,0.2176611473457563,51,43.22356015630274
FIB,contractile,Lineage3,CFD,5,0.45,0.136037844713554,68,49.00698311989304
FIB,contractile,Lineage3,CFD,6,0.55,0.1267899013924349,55,45.17588319122831
FIB,contractile,Lineage3,CFD,7,0.6500000000000001,0.3346485722457909,38,37.13001146931714
FIB,contractile,Lineage3,CFD,8,0.75,0.2750601718674236,19,18.46164723510935
FIB,contractile,Lineage3,CFD,9,0.8500000000000001,0.2414714002848097,29,29.0
FIB,contractile,Lineage3,CFD,10,0.95,0.2025460813199869,21,21.0
FIB,contractile,Lineage4,CFD,1,0.05,0.056400714652563,54,43.07398687785016
FIB,contractile,Lineage4,CFD,2,0.15,0.0779970046022409,27,26.824727080737436
FIB,contractile,Lineage4,CFD,3,0.25,0.1052431023870988,41,34.06853769135626
FIB,contractile,Lineage4,CFD,4,0.35,0.3556220396034969,41,40.018265686800056
FIB,contractile,Lineage4,CFD,5,0.45,0.4745985444948053,16,16.0
FIB,contractile,Lineage4,CFD,6,0.55,0.2855139997543781,16,16.0
FIB,contractile,Lineage4,CFD,7,0.6500000000000001,0.2358068880304754,17,17.0
FIB,contractile,Lineage4,CFD,8,0.75,0.2283177167999316,16,16.0
FIB,contractile,Lineage4,CFD,9,0.8500000000000001,0.0504430986602473,14,14.0
FIB,contractile,Lineage4,CFD,10,0.95,0.0500109571672128,12,12.0
FIB,contractile,Lineage5,CFD,1,0.05,0.0090181434012002,11,7.242416201239249
FIB,contractile,Lineage5,CFD,2,0.15,0.0582840528596954,24,20.5006390929894
FIB,contractile,Lineage5,CFD,3,0.25,0.0545864700412143,12,11.422888260404685
FIB,contractile,Lineage5,CFD,4,0.35,0.1192706536731913,11,11.0
FIB,contractile,Lineage5,CFD,5,0.45,0.08841899114998,12,12.0
FIB,contractile,Lineage5,CFD,6,0.55,0.0830196393074596,20,19.599544265730348
FIB,contractile,Lineage5,CFD,7,0.6500000000000001,0.1265680564412776,11,10.824631057732674
FIB,contractile,Lineage5,CFD,8,0.75,0.359412877492507,5,5.0
FIB,contractile,Lineage5,CFD,9,0.8500000000000001,,0,0.0
FIB,contractile,Lineage5,CFD,10,0.95,0.1341645421721849,3,3.0
FIB,contractile,Lineage6,CFD,1,0.05,0.056076736281591,18,16.7037350532296
FIB,contractile,Lineage6,CFD,2,0.15,0.0586707143052901,28,22.47807993222851
FIB,contractile,Lineage6,CFD,3,0.25,0.0502271056769192,4,3.736031729923683
FIB,contractile,Lineage6,CFD,4,0.35,0.0247055046492775,11,8.546697286819573
FIB,contractile,Lineage6,CFD,5,0.45,0.105112808712035,15,13.27793240092435
FIB,contractile,Lineage6,CFD,6,0.55,0.0069593131479119,13,11.779158072583831
FIB,contractile,Lineage6,CFD,7,0.6500000000000001,0.0594796875136233,7,7.0
FIB,contractile,Lineage6,CFD,8,0.75,0.0,4,4.0
FIB,contractile,Lineage6,CFD,9,0.8500000000000001,0.1912115364793162,5,5.0
FIB,contractile,Lineage6,CFD,10,0.95,0.0349418244756088,4,4.0
FIB,contractile,Lineage1,CFP,1,0.05,0.0012172195185262,61,49.94236599379469
FIB,contractile,Lineage1,CFP,2,0.15,0.0046493171805816,33,31.97224847580994
FIB,contractile,Lineage1,CFP,3,0.25,0.0025080162365955,64,52.83975117928554
FIB,contractile,Lineage1,CFP,4,0.35,0.0079961878356001,104,67.00000342939487
FIB,contractile,Lineage1,CFP,5,0.45,0.0131378890411918,42,38.59358161312381
FIB,contractile,Lineage1,CFP,6,0.55,0.0036374533765893,21,21.0
FIB,contractile,Lineage1,CFP,7,0.6500000000000001,0.0191094526517916,8,8.0
FIB,contractile,Lineage1,CFP,8,0.75,0.0066489738259356,5,5.0
FIB,contractile,Lineage1,CFP,9,0.8500000000000001,,0,0.0
FIB,contractile,Lineage1,CFP,10,0.95,0.0082516931818667,2,2.0
FIB,contractile,Lineage2,CFP,1,0.05,0.0,21,20.432318522091133
FIB,contractile,Lineage2,CFP,2,0.15,0.0016976968920139,26,25.765254675484663
FIB,contractile,Lineage2,CFP,3,0.25,0.0057438528699835,37,33.86292505295427
FIB,contractile,Lineage2,CFP,4,0.35,0.0026892763865728,62,52.898325614261864
FIB,contractile,Lineage2,CFP,5,0.45,0.0101299204045353,96,64.47233603368089
FIB,contractile,Lineage2,CFP,6,0.55,0.003676237961741,58,44.23611042903282
FIB,contractile,Lineage2,CFP,7,0.6500000000000001,0.0012474432363791,33,32.76251906006037
FIB,contractile,Lineage2,CFP,8,0.75,0.0094633331550373,38,37.46095724725315
FIB,contractile,Lineage2,CFP,9,0.8500000000000001,0.0,16,16.0
FIB,contractile,Lineage2,CFP,10,0.95,0.0,20,17.52041449500962
FIB,contractile,Lineage3,CFP,1,0.05,0.001500691527529,51,40.49503644758717
FIB,contractile,Lineage3,CFP,2,0.15,0.0016837982400957,27,26.359616734924614
FIB,contractile,Lineage3,CFP,3,0.25,0.006538956148368,32,29.745368349043076
FIB,contractile,Lineage3,CFP,4,0.35,0.0033608968075347,51,43.22356015630274
FIB,contractile,Lineage3,CFP,5,0.45,0.0061671160612254,68,49.00698311989304
FIB,contractile,Lineage3,CFP,6,0.55,0.0092850474802318,55,45.17588319122831
FIB,contractile,Lineage3,CFP,7,0.6500000000000001,0.0030910093888427,38,37.13001146931714
FIB,contractile,Lineage3,CFP,8,0.75,0.004747781482033,19,18.46164723510935
FIB,contractile,Lineage3,CFP,9,0.8500000000000001,0.0016704607476316,29,29.0
FIB,contractile,Lineage3,CFP,10,0.95,0.0,21,21.0
FIB,contractile,Lineage4,CFP,1,0.05,0.0014212156531981,54,43.07398687785016
FIB,contractile,Lineage4,CFP,2,0.15,0.0015693343769307,27,26.824727080737436
FIB,contractile,Lineage4,CFP,3,0.25,0.0057091871982752,41,34.06853769135626
FIB,contractile,Lineage4,CFP,4,0.35,0.0029229292709605,41,40.018265686800056
FIB,contractile,Lineage4,CFP,5,0.45,0.0,16,16.0
FIB,contractile,Lineage4,CFP,6,0.55,0.0078870785796945,16,16.0
FIB,contractile,Lineage4,CFP,7,0.6500000000000001,0.0018673748264841,17,17.0
FIB,contractile,Lineage4,CFP,8,0.75,0.0,16,16.0
FIB,contractile,Lineage4,CFP,9,0.8500000000000001,0.0038218676537942,14,14.0
FIB,contractile,Lineage4,CFP,10,0.95,0.0024993801044438,12,12.0
FIB,contractile,Lineage5,CFP,1,0.05,0.0,11,7.242416201239249
FIB,contractile,Lineage5,CFP,2,0.15,0.0,24,20.5006390929894
FIB,contractile,Lineage5,CFP,3,0.25,0.0,12,11.422888260404685
FIB,contractile,Lineage5,CFP,4,0.35,0.0081188702891415,11,11.0
FIB,contractile,Lineage5,CFP,5,0.45,0.0,12,12.0
FIB,contractile,Lineage5,CFP,6,0.55,0.0135308220416384,20,19.599544265730348
FIB,contractile,Lineage5,CFP,7,0.6500000000000001,0.0,11,10.824631057732674
FIB,contractile,Lineage5,CFP,8,0.75,0.009355192362893,5,5.0
FIB,contractile,Lineage5,CFP,9,0.8500000000000001,,0,0.0
FIB,contractile,Lineage5,CFP,10,0.95,0.0,3,3.0
FIB,contractile,Lineage6,CFP,1,0.05,0.0,18,16.7037350532296
FIB,contractile,Lineage6,CFP,2,0.15,0.002801919337069,28,22.47807993222851
FIB,contractile,Lineage6,CFP,3,0.25,0.0,4,3.736031729923683
FIB,contractile,Lineage6,CFP,4,0.35,0.0,11,8.546697286819573
FIB,contractile,Lineage6,CFP,5,0.45,0.0032662122801613,15,13.27793240092435
FIB,contractile,Lineage6,CFP,6,0.55,0.0,13,11.779158072583831
FIB,contractile,Lineage6,CFP,7,0.6500000000000001,0.0,7,7.0
FIB,contractile,Lineage6,CFP,8,0.75,0.0140076182092878,4,4.0
FIB,contractile,Lineage6,CFP,9,0.8500000000000001,0.0,5,5.0
FIB,contractile,Lineage6,CFP,10,0.95,0.053868190560718,4,4.0
FIB,contractile,Lineage1,C5,1,0.05,0.1826851927333193,61,49.94236599379469
FIB,contractile,Lineage1,C5,2,0.15,0.2065706641861613,33,31.97224847580994
FIB,contractile,Lineage1,C5,3,0.25,0.2080231259314521,64,52.83975117928554
FIB,contractile,Lineage1,C5,4,0.35,0.212561979761139,104,67.00000342939487
FIB,contractile,Lineage1,C5,5,0.45,0.2416261297222013,42,38.59358161312381
FIB,contractile,Lineage1,C5,6,0.55,0.1831257657200022,21,21.0
FIB,contractile,Lineage1,C5,7,0.6500000000000001,0.1699762577674201,8,8.0
FIB,contractile,Lineage1,C5,8,0.75,0.1809387801486568,5,5.0
FIB,contractile,Lineage1,C5,9,0.8500000000000001,,0,0.0
FIB,contractile,Lineage1,C5,10,0.95,0.2148938052958956,2,2.0
FIB,contractile,Lineage2,C5,1,0.05,0.1700802063822561,21,20.432318522091133
FIB,contractile,Lineage2,C5,2,0.15,0.2204784651736835,26,25.765254675484663
FIB,contractile,Lineage2,C5,3,0.25,0.2235060960119,37,33.86292505295427
FIB,contractile,Lineage2,C5,4,0.35,0.2096815946883828,62,52.898325614261864
FIB,contractile,Lineage2,C5,5,0.45,0.2136401029982946,96,64.47233603368089
FIB,contractile,Lineage2,C5,6,0.55,0.229010968600742,58,44.23611042903282
FIB,contractile,Lineage2,C5,7,0.6500000000000001,0.1938985488323935,33,32.76251906006037
FIB,contractile,Lineage2,C5,8,0.75,0.2076275136054089,38,37.46095724725315
FIB,contractile,Lineage2,C5,9,0.8500000000000001,0.1676823075600559,16,16.0
FIB,contractile,Lineage2,C5,10,0.95,0.1839104855869461,20,17.52041449500962
FIB,contractile,Lineage3,C5,1,0.05,0.1798037362676854,51,40.49503644758717
FIB,contractile,Lineage3,C5,2,0.15,0.2101184952921468,27,26.359616734924614
FIB,contractile,Lineage3,C5,3,0.25,0.2199958060502431,32,29.745368349043076
FIB,contractile,Lineage3,C5,4,0.35,0.1945707035758951,51,43.22356015630274
FIB,contractile,Lineage3,C5,5,0.45,0.2116472920110081,68,49.00698311989304
FIB,contractile,Lineage3,C5,6,0.55,0.2556935853432328,55,45.17588319122831
FIB,contractile,Lineage3,C5,7,0.6500000000000001,0.1689392279483779,38,37.13001146931714
FIB,contractile,Lineage3,C5,8,0.75,0.1639689285730393,19,18.46164723510935
FIB,contractile,Lineage3,C5,9,0.8500000000000001,0.1718273793014822,29,29.0
FIB,contractile,Lineage3,C5,10,0.95,0.1409360002835442,21,21.0
FIB,contractile,Lineage4,C5,1,0.05,0.1758522542673246,54,43.07398687785016
FIB,contractile,Lineage4,C5,2,0.15,0.2164697508132207,27,26.824727080737436
FIB,contractile,Lineage4,C5,3,0.25,0.2118081446324175,41,34.06853769135626
FIB,contractile,Lineage4,C5,4,0.35,0.259131346824438,41,40.018265686800056
FIB,contractile,Lineage4,C5,5,0.45,0.269949448254701,16,16.0
FIB,contractile,Lineage4,C5,6,0.55,0.403367727489623,16,16.0
FIB,contractile,Lineage4,C5,7,0.6500000000000001,0.3255536589257717,17,17.0
FIB,contractile,Lineage4,C5,8,0.75,0.3051180601781151,16,16.0
FIB,contractile,Lineage4,C5,9,0.8500000000000001,0.3264674255554259,14,14.0
FIB,contractile,Lineage4,C5,10,0.95,0.3613771303393435,12,12.0
FIB,contractile,Lineage5,C5,1,0.05,0.128573287842665,11,7.242416201239249
FIB,contractile,Lineage5,C5,2,0.15,0.2095498061957498,24,20.5006390929894
FIB,contractile,Lineage5,C5,3,0.25,0.1468947340672921,12,11.422888260404685
FIB,contractile,Lineage5,C5,4,0.35,0.2147412530423145,11,11.0
FIB,contractile,Lineage5,C5,5,0.45,0.1687139348527093,12,12.0
FIB,contractile,Lineage5,C5,6,0.55,0.1828744243238689,20,19.599544265730348
FIB,contractile,Lineage5,C5,7,0.6500000000000001,0.247369063224731,11,10.824631057732674
FIB,contractile,Lineage5,C5,8,0.75,0.2115778324214131,5,5.0
FIB,contractile,Lineage5,C5,9,0.8500000000000001,,0,0.0
FIB,contractile,Lineage5,C5,10,0.95,0.3403185637510538,3,3.0
FIB,contractile,Lineage6,C5,1,0.05,0.1626698571213115,18,16.7037350532296
FIB,contractile,Lineage6,C5,2,0.15,0.1934093182490856,28,22.47807993222851
FIB,contractile,Lineage6,C5,3,0.25,0.0791754896861046,4,3.736031729923683
FIB,contractile,Lineage6,C5,4,0.35,0.206343340206799,11,8.546697286819573
FIB,contractile,Lineage6,C5,5,0.45,0.2551768788595677,15,13.27793240092435
FIB,contractile,Lineage6,C5,6,0.55,0.1746256179241168,13,11.779158072583831
FIB,contractile,Lineage6,C5,7,0.6500000000000001,0.2828794151877581,7,7.0
FIB,contractile,Lineage6,C5,8,0.75,0.2889126470045259,4,4.0
FIB,contractile,Lineage6,C5,9,0.8500000000000001,0.1607391334511879,5,5.0
FIB,contractile,Lineage6,C5,10,0.95,0.23615713118723,4,4.0
FIB,contractile,Lineage1,C6,1,0.05,0.2450329960398461,61,49.94236599379469
FIB,contractile,Lineage1,C6,2,0.15,0.1666495775180804,33,31.97224847580994
FIB,contractile,Lineage1,C6,3,0.25,0.2629700488323164,64,52.83975117928554
FIB,contractile,Lineage1,C6,4,0.35,0.1991672833288288,104,67.00000342939487
FIB,contractile,Lineage1,C6,5,0.45,0.2190587537520311,42,38.59358161312381
FIB,contractile,Lineage1,C6,6,0.55,0.172950676070695,21,21.0
FIB,contractile,Lineage1,C6,7,0.6500000000000001,0.1558814715822068,8,8.0
FIB,contractile,Lineage1,C6,8,0.75,0.1549396934548316,5,5.0
FIB,contractile,Lineage1,C6,9,0.8500000000000001,,0,0.0
FIB,contractile,Lineage1,C6,10,0.95,0.1491495328292131,2,2.0
FIB,contractile,Lineage2,C6,1,0.05,0.1811338467926996,21,20.432318522091133
FIB,contractile,Lineage2,C6,2,0.15,0.1919500034236344,26,25.765254675484663
FIB,contractile,Lineage2,C6,3,0.25,0.2513608999091907,37,33.86292505295427
FIB,contractile,Lineage2,C6,4,0.35,0.2078691744852016,62,52.898325614261864
FIB,contractile,Lineage2,C6,5,0.45,0.2476443363566233,96,64.47233603368089
FIB,contractile,Lineage2,C6,6,0.55,0.2191980245863568,58,44.23611042903282
FIB,contractile,Lineage2,C6,7,0.6500000000000001,0.1924196447226355,33,32.76251906006037
FIB,contractile,Lineage2,C6,8,0.75,0.2306022181659539,38,37.46095724725315
FIB,contractile,Lineage2,C6,9,0.8500000000000001,0.3167025271998232,16,16.0
FIB,contractile,Lineage2,C6,10,0.95,0.1563999547962061,20,17.52041449500962
FIB,contractile,Lineage3,C6,1,0.05,0.2393117961799233,51,40.49503644758717
FIB,contractile,Lineage3,C6,2,0.15,0.2040326056131694,27,26.359616734924614
FIB,contractile,Lineage3,C6,3,0.25,0.2267291211409206,32,29.745368349043076
FIB,contractile,Lineage3,C6,4,0.35,0.2098129364637433,51,43.22356015630274
FIB,contractile,Lineage3,C6,5,0.45,0.2189140061427323,68,49.00698311989304
FIB,contractile,Lineage3,C6,6,0.55,0.2540488176955643,55,45.17588319122831
FIB,contractile,Lineage3,C6,7,0.6500000000000001,0.1878001680981142,38,37.13001146931714
FIB,contractile,Lineage3,C6,8,0.75,0.0835413345540895,19,18.46164723510935
FIB,contractile,Lineage3,C6,9,0.8500000000000001,0.1436292287996616,29,29.0
FIB,contractile,Lineage3,C6,10,0.95,0.091965349430796,21,21.0
FIB,contractile,Lineage4,C6,1,0.05,0.2356990728622005,54,43.07398687785016
FIB,contractile,Lineage4,C6,2,0.15,0.1933021841038995,27,26.824727080737436
FIB,contractile,Lineage4,C6,3,0.25,0.2241913706677594,41,34.06853769135626
FIB,contractile,Lineage4,C6,4,0.35,0.1859068742091919,41,40.018265686800056
FIB,contractile,Lineage4,C6,5,0.45,0.1157007651222617,16,16.0
FIB,contractile,Lineage4,C6,6,0.55,0.1058255436438474,16,16.0
FIB,contractile,Lineage4,C6,7,0.6500000000000001,0.1641128084954679,17,17.0
FIB,contractile,Lineage4,C6,8,0.75,0.1460077254017935,16,16.0
FIB,contractile,Lineage4,C6,9,0.8500000000000001,0.0887393268104767,14,14.0
FIB,contractile,Lineage4,C6,10,0.95,0.0814741716405829,12,12.0
FIB,contractile,Lineage5,C6,1,0.05,0.1213622593924306,11,7.242416201239249
FIB,contractile,Lineage5,C6,2,0.15,0.2719331356054673,24,20.5006390929894
FIB,contractile,Lineage5,C6,3,0.25,0.2154348289953915,12,11.422888260404685
FIB,contractile,Lineage5,C6,4,0.35,0.3145585046881854,11,11.0
FIB,contractile,Lineage5,C6,5,0.45,0.2075509433546603,12,12.0
FIB,contractile,Lineage5,C6,6,0.55,0.1925134692555593,20,19.599544265730348
FIB,contractile,Lineage5,C6,7,0.6500000000000001,0.2497098542661311,11,10.824631057732674
FIB,contractile,Lineage5,C6,8,0.75,0.320426649156569,5,5.0
FIB,contractile,Lineage5,C6,9,0.8500000000000001,,0,0.0
FIB,contractile,Lineage5,C6,10,0.95,0.1127542054771355,3,3.0
FIB,contractile,Lineage6,C6,1,0.05,0.2434726839638695,18,16.7037350532296
FIB,contractile,Lineage6,C6,2,0.15,0.2090859360328827,28,22.47807993222851
FIB,contractile,Lineage6,C6,3,0.25,0.4766032427002131,4,3.736031729923683
FIB,contractile,Lineage6,C6,4,0.35,0.1545838389868766,11,8.546697286819573
FIB,contractile,Lineage6,C6,5,0.45,0.1618816045864508,15,13.27793240092435
FIB,contractile,Lineage6,C6,6,0.55,0.1268832540050893,13,11.779158072583831
FIB,contractile,Lineage6,C6,7,0.6500000000000001,0.163213155387636,7,7.0
FIB,contractile,Lineage6,C6,8,0.75,0.1379285910410144,4,4.0
FIB,contractile,Lineage6,C6,9,0.8500000000000001,0.1344145726274859,5,5.0
FIB,contractile,Lineage6,C6,10,0.95,0.053678931100143,4,4.0
FIB,contractile,Lineage1,C7,1,0.05,3.496017014734661,61,49.94236599379469
FIB,contractile,Lineage1,C7,2,0.15,3.6221689493563543,33,31.97224847580994
FIB,contractile,Lineage1,C7,3,0.25,3.50075378194192,64,52.83975117928554
FIB,contractile,Lineage1,C7,4,0.35,3.0391735864836575,104,67.00000342939487
FIB,contractile,Lineage1,C7,5,0.45,3.179110692655948,42,38.59358161312381
FIB,contractile,Lineage1,C7,6,0.55,2.980414390411924,21,21.0
FIB,contractile,Lineage1,C7,7,0.6500000000000001,3.064350397830492,8,8.0
FIB,contractile,Lineage1,C7,8,0.75,2.7282744154926797,5,5.0
FIB,contractile,Lineage1,C7,9,0.8500000000000001,,0,0.0
FIB,contractile,Lineage1,C7,10,0.95,2.210759799598132,2,2.0
FIB,contractile,Lineage2,C7,1,0.05,3.4501985165462217,21,20.432318522091133
FIB,contractile,Lineage2,C7,2,0.15,3.642744825972733,26,25.765254675484663
FIB,contractile,Lineage2,C7,3,0.25,3.617927987932304,37,33.86292505295427
FIB,contractile,Lineage2,C7,4,0.35,3.2751894189851596,62,52.898325614261864
FIB,contractile,Lineage2,C7,5,0.45,3.182103773580332,96,64.47233603368089
FIB,contractile,Lineage2,C7,6,0.55,3.4676161607559464,58,44.23611042903282
FIB,contractile,Lineage2,C7,7,0.6500000000000001,3.563325117116264,33,32.76251906006037
FIB,contractile,Lineage2,C7,8,0.75,3.486922483051946,38,37.46095724725315
FIB,contractile,Lineage2,C7,9,0.8500000000000001,3.494391125402656,16,16.0
FIB,contractile,Lineage2,C7,10,0.95,3.3894135723929826,20,17.52041449500962
FIB,contractile,Lineage3,C7,1,0.05,3.4255046420129727,51,40.49503644758717
FIB,contractile,Lineage3,C7,2,0.15,3.6986645810649983,27,26.359616734924614
FIB,contractile,Lineage3,C7,3,0.25,3.6421129452259553,32,29.745368349043076
FIB,contractile,Lineage3,C7,4,0.35,3.324254958336495,51,43.22356015630274
FIB,contractile,Lineage3,C7,5,0.45,2.992304983045148,68,49.00698311989304
FIB,contractile,Lineage3,C7,6,0.55,3.4347626564968303,55,45.17588319122831
FIB,contractile,Lineage3,C7,7,0.6500000000000001,3.4701723638497604,38,37.13001146931714
FIB,contractile,Lineage3,C7,8,0.75,3.073822845895172,19,18.46164723510935
FIB,contractile,Lineage3,C7,9,0.8500000000000001,3.525032453890744,29,29.0
FIB,contractile,Lineage3,C7,10,0.95,3.529841125670258,21,21.0
FIB,contractile,Lineage4,C7,1,0.05,3.4546407765035427,54,43.07398687785016
FIB,contractile,Lineage4,C7,2,0.15,3.6451831946805457,27,26.824727080737436
FIB,contractile,Lineage4,C7,3,0.25,3.568996847118838,41,34.06853769135626
FIB,contractile,Lineage4,C7,4,0.35,3.3340989664694436,41,40.018265686800056
FIB,contractile,Lineage4,C7,5,0.45,3.1908174780636767,16,16.0
FIB,contractile,Lineage4,C7,6,0.55,3.2099229639447753,16,16.0
FIB,contractile,Lineage4,C7,7,0.6500000000000001,3.306857953059444,17,17.0
FIB,contractile,Lineage4,C7,8,0.75,3.3475369003495814,16,16.0
FIB,contractile,Lineage4,C7,9,0.8500000000000001,3.3153716334508125,14,14.0
FIB,contractile,Lineage4,C7,10,0.95,3.2617353930688378,12,12.0
FIB,contractile,Lineage5,C7,1,0.05,3.133566695914968,11,7.242416201239249
FIB,contractile,Lineage5,C7,2,0.15,3.487484301701728,24,20.5006390929894
FIB,contractile,Lineage5,C7,3,0.25,3.596587081874984,12,11.422888260404685
FIB,contractile,Lineage5,C7,4,0.35,3.3552097259597646,11,11.0
FIB,contractile,Lineage5,C7,5,0.45,3.3966500746633206,12,12.0
FIB,contractile,Lineage5,C7,6,0.55,3.563131033666549,20,19.599544265730348
FIB,contractile,Lineage5,C7,7,0.6500000000000001,3.638559543399364,11,10.824631057732674
FIB,contractile,Lineage5,C7,8,0.75,4.0543608422414765,5,5.0
FIB,contractile,Lineage5,C7,9,0.8500000000000001,,0,0.0
FIB,contractile,Lineage5,C7,10,0.95,3.520376032848702,3,3.0
FIB,contractile,Lineage6,C7,1,0.05,3.412044977055744,18,16.7037350532296
FIB,contractile,Lineage6,C7,2,0.15,3.5070005749561504,28,22.47807993222851
FIB,contractile,Lineage6,C7,3,0.25,3.381096896367866,4,3.736031729923683
FIB,contractile,Lineage6,C7,4,0.35,3.581301367282441,11,8.546697286819573
FIB,contractile,Lineage6,C7,5,0.45,3.4868777438032033,15,13.27793240092435
FIB,contractile,Lineage6,C7,6,0.55,3.3343371578312926,13,11.779158072583831
FIB,contractile,Lineage6,C7,7,0.6500000000000001,3.2702958961686273,7,7.0
FIB,contractile,Lineage6,C7,8,0.75,3.2426411980161576,4,4.0
FIB,contractile,Lineage6,C7,9,0.8500000000000001,2.7263866849418075,5,5.0
FIB,contractile,Lineage6,C7,10,0.95,3.249175585842873,4,4.0
FIB,contractile,Lineage1,C8A,1,0.05,0.0006898048071068,61,49.94236599379469
FIB,contractile,Lineage1,C8A,2,0.15,0.0,33,31.97224847580994
FIB,contractile,Lineage1,C8A,3,0.25,0.0019249900926359,64,52.83975117928554
FIB,contractile,Lineage1,C8A,4,0.35,0.0,104,67.00000342939487
FIB,contractile,Lineage1,C8A,5,0.45,0.0065186034097062,42,38.59358161312381
FIB,contractile,Lineage1,C8A,6,0.55,0.0018573077081295,21,21.0
FIB,contractile,Lineage1,C8A,7,0.6500000000000001,0.0191094526517916,8,8.0
FIB,contractile,Lineage1,C8A,8,0.75,0.0,5,5.0
FIB,contractile,Lineage1,C8A,9,0.8500000000000001,,0,0.0
FIB,contractile,Lineage1,C8A,10,0.95,0.0,2,2.0
FIB,contractile,Lineage2,C8A,1,0.05,0.0,21,20.432318522091133
FIB,contractile,Lineage2,C8A,2,0.15,0.0,26,25.765254675484663
FIB,contractile,Lineage2,C8A,3,0.25,0.0020494397008034,37,33.86292505295427
FIB,contractile,Lineage2,C8A,4,0.35,0.0007077427561434,62,52.898325614261864
FIB,contractile,Lineage2,C8A,5,0.45,0.0,96,64.47233603368089
FIB,contractile,Lineage2,C8A,6,0.55,0.0014651588971891,58,44.23611042903282
FIB,contractile,Lineage2,C8A,7,0.6500000000000001,0.0043653720137399,33,32.76251906006037
FIB,contractile,Lineage2,C8A,8,0.75,0.0015070720631337,38,37.46095724725315
FIB,contractile,Lineage2,C8A,9,0.8500000000000001,0.0044947512943343,16,16.0
FIB,contractile,Lineage2,C8A,10,0.95,0.0,20,17.52041449500962
FIB,contractile,Lineage3,C8A,1,0.05,0.0008511988311941,51,40.49503644758717
FIB,contractile,Lineage3,C8A,2,0.15,0.0,27,26.359616734924614
FIB,contractile,Lineage3,C8A,3,0.25,0.0023331371181722,32,29.745368349043076
FIB,contractile,Lineage3,C8A,4,0.35,0.0009634934920821,51,43.22356015630274
FIB,contractile,Lineage3,C8A,5,0.45,0.0,68,49.00698311989304
FIB,contractile,Lineage3,C8A,6,0.55,0.0,55,45.17588319122831
FIB,contractile,Lineage3,C8A,7,0.6500000000000001,0.0022989099508297,38,37.13001146931714
FIB,contractile,Lineage3,C8A,8,0.75,0.0,19,18.46164723510935
FIB,contractile,Lineage3,C8A,9,0.8500000000000001,0.0,29,29.0
FIB,contractile,Lineage3,C8A,10,0.95,0.0,21,21.0
FIB,contractile,Lineage4,C8A,1,0.05,0.0007913070741512,54,43.07398687785016
FIB,contractile,Lineage4,C8A,2,0.15,0.0,27,26.824727080737436
FIB,contractile,Lineage4,C8A,3,0.25,0.0020370707899935,41,34.06853769135626
FIB,contractile,Lineage4,C8A,4,0.35,0.0,41,40.018265686800056
FIB,contractile,Lineage4,C8A,5,0.45,0.0,16,16.0
FIB,contractile,Lineage4,C8A,6,0.55,0.0,16,16.0
FIB,contractile,Lineage4,C8A,7,0.6500000000000001,0.0038294136898845,17,17.0
FIB,contractile,Lineage4,C8A,8,0.75,0.0046014194082991,16,16.0
FIB,contractile,Lineage4,C8A,9,0.8500000000000001,0.0,14,14.0
FIB,contractile,Lineage4,C8A,10,0.95,0.0,12,12.0
FIB,contractile,Lineage5,C8A,1,0.05,0.0,11,7.242416201239249
FIB,contractile,Lineage5,C8A,2,0.15,0.0017497066122582,24,20.5006390929894
FIB,contractile,Lineage5,C8A,3,0.25,0.0,12,11.422888260404685
FIB,contractile,Lineage5,C8A,4,0.35,0.0,11,11.0
FIB,contractile,Lineage5,C8A,5,0.45,0.0,12,12.0
FIB,contractile,Lineage5,C8A,6,0.55,0.0028804936155733,20,19.599544265730348
FIB,contractile,Lineage5,C8A,7,0.6500000000000001,0.0,11,10.824631057732674
FIB,contractile,Lineage5,C8A,8,0.75,0.0,5,5.0
FIB,contractile,Lineage5,C8A,9,0.8500000000000001,,0,0.0
FIB,contractile,Lineage5,C8A,10,0.95,0.0,3,3.0
FIB,contractile,Lineage6,C8A,1,0.05,0.0,18,16.7037350532296
FIB,contractile,Lineage6,C8A,2,0.15,0.0,28,22.47807993222851
FIB,contractile,Lineage6,C8A,3,0.25,0.0,4,3.736031729923683
FIB,contractile,Lineage6,C8A,4,0.35,0.0084144808568633,11,8.546697286819573
FIB,contractile,Lineage6,C8A,5,0.45,0.0136148054086217,15,13.27793240092435
FIB,contractile,Lineage6,C8A,6,0.55,0.0,13,11.779158072583831
FIB,contractile,Lineage6,C8A,7,0.6500000000000001,0.0321515799952146,7,7.0
FIB,contractile,Lineage6,C8A,8,0.75,0.0,4,4.0
FIB,contractile,Lineage6,C8A,9,0.8500000000000001,0.0,5,5.0
FIB,contractile,Lineage6,C8A,10,0.95,0.0,4,4.0
FIB,contractile,Lineage1,C8B,1,0.05,0.0028363490551914,61,49.94236599379469
FIB,contractile,Lineage1,C8B,2,0.15,0.0,33,31.97224847580994
FIB,contractile,Lineage1,C8B,3,0.25,0.0043603100570829,64,52.83975117928554
FIB,contractile,Lineage1,C8B,4,0.35,0.0019493455302972,104,67.00000342939487
FIB,contractile,Lineage1,C8B,5,0.45,0.0,42,38.59358161312381
FIB,contractile,Lineage1,C8B,6,0.55,0.0,21,21.0
FIB,contractile,Lineage1,C8B,7,0.6500000000000001,0.0191094526517916,8,8.0
FIB,contractile,Lineage1,C8B,8,0.75,0.0,5,5.0
FIB,contractile,Lineage1,C8B,9,0.8500000000000001,,0,0.0
FIB,contractile,Lineage1,C8B,10,0.95,0.0,2,2.0
FIB,contractile,Lineage2,C8B,1,0.05,0.0029552484500924,21,20.432318522091133
FIB,contractile,Lineage2,C8B,2,0.15,0.0,26,25.765254675484663
FIB,contractile,Lineage2,C8B,3,0.25,0.0043926920529587,37,33.86292505295427
FIB,contractile,Lineage2,C8B,4,0.35,0.0030336496136109,62,52.898325614261864
FIB,contractile,Lineage2,C8B,5,0.45,0.0016667302690654,96,64.47233603368089
FIB,contractile,Lineage2,C8B,6,0.55,0.0,58,44.23611042903282
FIB,contractile,Lineage2,C8B,7,0.6500000000000001,0.0,33,32.76251906006037
FIB,contractile,Lineage2,C8B,8,0.75,0.0045958731348034,38,37.46095724725315
FIB,contractile,Lineage2,C8B,9,0.8500000000000001,0.0018188710116694,16,16.0
FIB,contractile,Lineage2,C8B,10,0.95,0.0,20,17.52041449500962
FIB,contractile,Lineage3,C8B,1,0.05,0.0034974593918686,51,40.49503644758717
FIB,contractile,Lineage3,C8B,2,0.15,0.0,27,26.359616734924614
FIB,contractile,Lineage3,C8B,3,0.25,0.0050007584382405,32,29.745368349043076
FIB,contractile,Lineage3,C8B,4,0.35,0.0044569441548495,51,43.22356015630274
FIB,contractile,Lineage3,C8B,5,0.45,0.0006208873636476,68,49.00698311989304
FIB,contractile,Lineage3,C8B,6,0.55,0.0025627319805322,55,45.17588319122831
FIB,contractile,Lineage3,C8B,7,0.6500000000000001,0.0,38,37.13001146931714
FIB,contractile,Lineage3,C8B,8,0.75,0.0,19,18.46164723510935
FIB,contractile,Lineage3,C8B,9,0.8500000000000001,0.0,29,29.0
FIB,contractile,Lineage3,C8B,10,0.95,0.0,21,21.0
FIB,contractile,Lineage4,C8B,1,0.05,0.0032942047090406,54,43.07398687785016
FIB,contractile,Lineage4,C8B,2,0.15,0.0,27,26.824727080737436
FIB,contractile,Lineage4,C8B,3,0.25,0.0043661809942547,41,34.06853769135626
FIB,contractile,Lineage4,C8B,4,0.35,0.0038273038533919,41,40.018265686800056
FIB,contractile,Lineage4,C8B,5,0.45,0.0,16,16.0
FIB,contractile,Lineage4,C8B,6,0.55,0.0,16,16.0
FIB,contractile,Lineage4,C8B,7,0.6500000000000001,0.0,17,17.0
FIB,contractile,Lineage4,C8B,8,0.75,0.0040196956661754,16,16.0
FIB,contractile,Lineage4,C8B,9,0.8500000000000001,0.0,14,14.0
FIB,contractile,Lineage4,C8B,10,0.95,0.0,12,12.0
FIB,contractile,Lineage5,C8B,1,0.05,0.0,11,7.242416201239249
FIB,contractile,Lineage5,C8B,2,0.15,0.0043649621567904,24,20.5006390929894
FIB,contractile,Lineage5,C8B,3,0.25,0.0,12,11.422888260404685
FIB,contractile,Lineage5,C8B,4,0.35,0.008809339659835,11,11.0
FIB,contractile,Lineage5,C8B,5,0.45,0.0047118811777307,12,12.0
FIB,contractile,Lineage5,C8B,6,0.55,0.0038400418774063,20,19.599544265730348
FIB,contractile,Lineage5,C8B,7,0.6500000000000001,0.0,11,10.824631057732674
FIB,contractile,Lineage5,C8B,8,0.75,0.0,5,5.0
FIB,contractile,Lineage5,C8B,9,0.8500000000000001,,0,0.0
FIB,contractile,Lineage5,C8B,10,0.95,0.0,3,3.0
FIB,contractile,Lineage6,C8B,1,0.05,0.0017422412468811,18,16.7037350532296
FIB,contractile,Lineage6,C8B,2,0.15,0.0051311745955106,28,22.47807993222851
FIB,contractile,Lineage6,C8B,3,0.25,0.0,4,3.736031729923683
FIB,contractile,Lineage6,C8B,4,0.35,0.0,11,8.546697286819573
FIB,contractile,Lineage6,C8B,5,0.45,0.0019082174097847,15,13.27793240092435
FIB,contractile,Lineage6,C8B,6,0.55,0.0283441187363532,13,11.779158072583831
FIB,contractile,Lineage6,C8B,7,0.6500000000000001,0.0,7,7.0
FIB,contractile,Lineage6,C8B,8,0.75,0.0,4,4.0
FIB,contractile,Lineage6,C8B,9,0.8500000000000001,0.0643451857984314,5,5.0
FIB,contractile,Lineage6,C8B,10,0.95,0.0,4,4.0
FIB,contractile,Lineage1,C8G,1,0.05,0.0012567783379084,61,49.94236599379469
FIB,contractile,Lineage1,C8G,2,0.15,0.0041149566156009,33,31.97224847580994
FIB,contractile,Lineage1,C8G,3,0.25,0.001720231614618,64,52.83975117928554
FIB,contractile,Lineage1,C8G,4,0.35,0.0043498748835717,104,67.00000342939487
FIB,contractile,Lineage1,C8G,5,0.45,0.0013680857353236,42,38.59358161312381
FIB,contractile,Lineage1,C8G,6,0.55,0.0,21,21.0
FIB,contractile,Lineage1,C8G,7,0.6500000000000001,0.0,8,8.0
FIB,contractile,Lineage1,C8G,8,0.75,0.0,5,5.0
FIB,contractile,Lineage1,C8G,9,0.8500000000000001,,0,0.0
FIB,contractile,Lineage1,C8G,10,0.95,0.0,2,2.0
FIB,contractile,Lineage2,C8G,1,0.05,0.0,21,20.432318522091133
FIB,contractile,Lineage2,C8G,2,0.15,0.0051062726543259,26,25.765254675484663
FIB,contractile,Lineage2,C8G,3,0.25,0.0013151411175271,37,33.86292505295427
FIB,contractile,Lineage2,C8G,4,0.35,0.0015371797110723,62,52.898325614261864
FIB,contractile,Lineage2,C8G,5,0.45,0.0034068476876534,96,64.47233603368089
FIB,contractile,Lineage2,C8G,6,0.55,0.0035817759326992,58,44.23611042903282
FIB,contractile,Lineage2,C8G,7,0.6500000000000001,0.0,33,32.76251906006037
FIB,contractile,Lineage2,C8G,8,0.75,0.0031952469420181,38,37.46095724725315
FIB,contractile,Lineage2,C8G,9,0.8500000000000001,0.0039229052328059,16,16.0
FIB,contractile,Lineage2,C8G,10,0.95,0.0,20,17.52041449500962
FIB,contractile,Lineage3,C8G,1,0.05,0.0015499796822292,51,40.49503644758717
FIB,contractile,Lineage3,C8G,2,0.15,0.0049911353683249,27,26.359616734924614
FIB,contractile,Lineage3,C8G,3,0.25,0.0014971919182272,32,29.745368349043076
FIB,contractile,Lineage3,C8G,4,0.35,0.0019771324325836,51,43.22356015630274
FIB,contractile,Lineage3,C8G,5,0.45,0.004043708309357,68,49.00698311989304
FIB,contractile,Lineage3,C8G,6,0.55,0.0034834265790213,55,45.17588319122831
FIB,contractile,Lineage3,C8G,7,0.6500000000000001,0.001207285317456,38,37.13001146931714
FIB,contractile,Lineage3,C8G,8,0.75,0.0035500668559193,19,18.46164723510935
FIB,contractile,Lineage3,C8G,9,0.8500000000000001,0.0,29,29.0
FIB,contractile,Lineage3,C8G,10,0.95,0.0,21,21.0
FIB,contractile,Lineage4,C8G,1,0.05,0.0014571784103219,54,43.07398687785016
FIB,contractile,Lineage4,C8G,2,0.15,0.0049045947414558,27,26.824727080737436
FIB,contractile,Lineage4,C8G,3,0.25,0.001307203892939,41,34.06853769135626
FIB,contractile,Lineage4,C8G,4,0.35,0.0053136759515146,41,40.018265686800056
FIB,contractile,Lineage4,C8G,5,0.45,0.0021575290789601,16,16.0
FIB,contractile,Lineage4,C8G,6,0.55,0.0093427941114331,16,16.0
FIB,contractile,Lineage4,C8G,7,0.6500000000000001,0.0,17,17.0
FIB,contractile,Lineage4,C8G,8,0.75,0.0075164636439152,16,16.0
FIB,contractile,Lineage4,C8G,9,0.8500000000000001,0.0108090094675557,14,14.0
FIB,contractile,Lineage4,C8G,10,0.95,0.0,12,12.0
FIB,contractile,Lineage5,C8G,1,0.05,0.0,11,7.242416201239249
FIB,contractile,Lineage5,C8G,2,0.15,0.0,24,20.5006390929894
FIB,contractile,Lineage5,C8G,3,0.25,0.0054947997646499,12,11.422888260404685
FIB,contractile,Lineage5,C8G,4,0.35,0.0,11,11.0
FIB,contractile,Lineage5,C8G,5,0.45,0.0031190740323987,12,12.0
FIB,contractile,Lineage5,C8G,6,0.55,0.0061071322611641,20,19.599544265730348
FIB,contractile,Lineage5,C8G,7,0.6500000000000001,0.0,11,10.824631057732674
FIB,contractile,Lineage5,C8G,8,0.75,0.0,5,5.0
FIB,contractile,Lineage5,C8G,9,0.8500000000000001,,0,0.0
FIB,contractile,Lineage5,C8G,10,0.95,0.0,3,3.0
FIB,contractile,Lineage6,C8G,1,0.05,0.0,18,16.7037350532296
FIB,contractile,Lineage6,C8G,2,0.15,0.0027923418687955,28,22.47807993222851
FIB,contractile,Lineage6,C8G,3,0.25,0.0,4,3.736031729923683
FIB,contractile,Lineage6,C8G,4,0.35,0.0,11,8.546697286819573
FIB,contractile,Lineage6,C8G,5,0.45,0.0032662122801613,15,13.27793240092435
FIB,contractile,Lineage6,C8G,6,0.55,0.0,13,11.779158072583831
FIB,contractile,Lineage6,C8G,7,0.6500000000000001,0.0,7,7.0
FIB,contractile,Lineage6,C8G,8,0.75,0.0,4,4.0
FIB,contractile,Lineage6,C8G,9,0.8500000000000001,0.0,5,5.0
FIB,contractile,Lineage6,C8G,10,0.95,0.0,4,4.0
FIB,contractile,Lineage1,C9,1,0.05,0.031552987275362,61,49.94236599379469
FIB,contractile,Lineage1,C9,2,0.15,0.0248280170645083,33,31.97224847580994
FIB,contractile,Lineage1,C9,3,0.25,0.056163335285374,64,52.83975117928554
FIB,contractile,Lineage1,C9,4,0.35,0.0572297802671256,104,67.00000342939487
FIB,contractile,Lineage1,C9,5,0.45,0.0590590951042388,42,38.59358161312381
FIB,contractile,Lineage1,C9,6,0.55,0.0954669855847493,21,21.0
FIB,contractile,Lineage1,C9,7,0.6500000000000001,0.1187621654949464,8,8.0
FIB,contractile,Lineage1,C9,8,0.75,0.026842734381993,5,5.0
FIB,contractile,Lineage1,C9,9,0.8500000000000001,,0,0.0
FIB,contractile,Lineage1,C9,10,0.95,0.0979166607794135,2,2.0
FIB,contractile,Lineage2,C9,1,0.05,0.0189627340364466,21,20.432318522091133
FIB,contractile,Lineage2,C9,2,0.15,0.0260617882358904,26,25.765254675484663
FIB,contractile,Lineage2,C9,3,0.25,0.0373093513475546,37,33.86292505295427
FIB,contractile,Lineage2,C9,4,0.35,0.049719625256255,62,52.898325614261864
FIB,contractile,Lineage2,C9,5,0.45,0.0781277137513292,96,64.47233603368089
FIB,contractile,Lineage2,C9,6,0.55,0.0511597090777473,58,44.23611042903282
FIB,contractile,Lineage2,C9,7,0.6500000000000001,0.0546318224558189,33,32.76251906006037
FIB,contractile,Lineage2,C9,8,0.75,0.0316422395799606,38,37.46095724725315
FIB,contractile,Lineage2,C9,9,0.8500000000000001,0.0417307085551041,16,16.0
FIB,contractile,Lineage2,C9,10,0.95,0.0150663649470395,20,17.52041449500962
FIB,contractile,Lineage3,C9,1,0.05,0.0322703323315025,51,40.49503644758717
FIB,contractile,Lineage3,C9,2,0.15,0.0271613232589854,27,26.359616734924614
FIB,contractile,Lineage3,C9,3,0.25,0.0321751928091482,32,29.745368349043076
FIB,contractile,Lineage3,C9,4,0.35,0.0519070615439512,51,43.22356015630274
FIB,contractile,Lineage3,C9,5,0.45,0.0576331217502054,68,49.00698311989304
FIB,contractile,Lineage3,C9,6,0.55,0.0818474479136431,55,45.17588319122831
FIB,contractile,Lineage3,C9,7,0.6500000000000001,0.0682579520398623,38,37.13001146931714
FIB,contractile,Lineage3,C9,8,0.75,0.0107350048777121,19,18.46164723510935
FIB,contractile,Lineage3,C9,9,0.8500000000000001,0.0178484846109107,29,29.0
FIB,contractile,Lineage3,C9,10,0.95,0.0218473871009937,21,21.0
FIB,contractile,Lineage4,C9,1,0.05,0.031429635833897,54,43.07398687785016
FIB,contractile,Lineage4,C9,2,0.15,0.0250324489481369,27,26.824727080737436
FIB,contractile,Lineage4,C9,3,0.25,0.0442137673380406,41,34.06853769135626
FIB,contractile,Lineage4,C9,4,0.35,0.0376050284600747,41,40.018265686800056
FIB,contractile,Lineage4,C9,5,0.45,0.0455687106333618,16,16.0
FIB,contractile,Lineage4,C9,6,0.55,0.0425398583397284,16,16.0
FIB,contractile,Lineage4,C9,7,0.6500000000000001,0.0075366776335593,17,17.0
FIB,contractile,Lineage4,C9,8,0.75,0.0381190897539189,16,16.0
FIB,contractile,Lineage4,C9,9,0.8500000000000001,0.0411686090250625,14,14.0
FIB,contractile,Lineage4,C9,10,0.95,0.0279659460140992,12,12.0
FIB,contractile,Lineage5,C9,1,0.05,0.0171317209625988,11,7.242416201239249
FIB,contractile,Lineage5,C9,2,0.15,0.0389449393954367,24,20.5006390929894
FIB,contractile,Lineage5,C9,3,0.25,0.0373471447899416,12,11.422888260404685
FIB,contractile,Lineage5,C9,4,0.35,0.0217434314302572,11,11.0
FIB,contractile,Lineage5,C9,5,0.45,0.0031190740323987,12,12.0
FIB,contractile,Lineage5,C9,6,0.55,0.0340116237833416,20,19.599544265730348
FIB,contractile,Lineage5,C9,7,0.6500000000000001,0.028149144242749,11,10.824631057732674
FIB,contractile,Lineage5,C9,8,0.75,0.0195884168941542,5,5.0
FIB,contractile,Lineage5,C9,9,0.8500000000000001,,0,0.0
FIB,contractile,Lineage5,C9,10,0.95,0.0648648000340938,3,3.0
FIB,contractile,Lineage6,C9,1,0.05,0.0244633534771529,18,16.7037350532296
FIB,contractile,Lineage6,C9,2,0.15,0.0276481643935785,28,22.47807993222851
FIB,contractile,Lineage6,C9,3,0.25,0.0930259851113265,4,3.736031729923683
FIB,contractile,Lineage6,C9,4,0.35,0.0125815544876226,11,8.546697286819573
FIB,contractile,Lineage6,C9,5,0.45,0.0705086228500507,15,13.27793240092435
FIB,contractile,Lineage6,C9,6,0.55,0.0276475352311914,13,11.779158072583831
FIB,contractile,Lineage6,C9,7,0.6500000000000001,0.0403285528283297,7,7.0
FIB,contractile,Lineage6,C9,8,0.75,0.0,4,4.0
FIB,contractile,Lineage6,C9,9,0.8500000000000001,0.0162953884542393,5,5.0
FIB,contractile,Lineage6,C9,10,0.95,0.0279967097237458,4,4.0
FIB,contractile,Lineage1,C3AR1,1,0.05,0.0081980454100378,61,49.94236599379469
FIB,contractile,Lineage1,C3AR1,2,0.15,0.0035217301649146,33,31.97224847580994
FIB,contractile,Lineage1,C3AR1,3,0.25,0.008665616512243,64,52.83975117928554
FIB,contractile,Lineage1,C3AR1,4,0.35,0.0150731167632339,104,67.00000342939487
FIB,contractile,Lineage1,C3AR1,5,0.45,0.0246110339382536,42,38.59358161312381
FIB,contractile,Lineage1,C3AR1,6,0.55,0.0166957428393723,21,21.0
FIB,contractile,Lineage1,C3AR1,7,0.6500000000000001,0.0160136130316594,8,8.0
FIB,contractile,Lineage1,C3AR1,8,0.75,0.0,5,5.0
FIB,contractile,Lineage1,C3AR1,9,0.8500000000000001,,0,0.0
FIB,contractile,Lineage1,C3AR1,10,0.95,0.0163694134976218,2,2.0
FIB,contractile,Lineage2,C3AR1,1,0.05,0.0031747592435222,21,20.432318522091133
FIB,contractile,Lineage2,C3AR1,2,0.15,0.0019917128779761,26,25.765254675484663
FIB,contractile,Lineage2,C3AR1,3,0.25,0.0096301932443736,37,33.86292505295427
FIB,contractile,Lineage2,C3AR1,4,0.35,0.0130646278110475,62,52.898325614261864
FIB,contractile,Lineage2,C3AR1,5,0.45,0.0129427728072538,96,64.47233603368089
FIB,contractile,Lineage2,C3AR1,6,0.55,0.0071488393887385,58,44.23611042903282
FIB,contractile,Lineage2,C3AR1,7,0.6500000000000001,0.0123491602978431,33,32.76251906006037
FIB,contractile,Lineage2,C3AR1,8,0.75,0.0073968895217486,38,37.46095724725315
FIB,contractile,Lineage2,C3AR1,9,0.8500000000000001,0.0215351307629537,16,16.0
FIB,contractile,Lineage2,C3AR1,10,0.95,0.0,20,17.52041449500962
FIB,contractile,Lineage3,C3AR1,1,0.05,0.010110616515478,51,40.49503644758717
FIB,contractile,Lineage3,C3AR1,2,0.15,0.0019468033263741,27,26.359616734924614
FIB,contractile,Lineage3,C3AR1,3,0.25,0.0039430290607307,32,29.745368349043076
FIB,contractile,Lineage3,C3AR1,4,0.35,0.006565640269417,51,43.22356015630274
FIB,contractile,Lineage3,C3AR1,5,0.45,0.018925805002786,68,49.00698311989304
FIB,contractile,Lineage3,C3AR1,6,0.55,0.0093541225472115,55,45.17588319122831
FIB,contractile,Lineage3,C3AR1,7,0.6500000000000001,0.0242997900166792,38,37.13001146931714
FIB,contractile,Lineage3,C3AR1,8,0.75,0.0199424941013785,19,18.46164723510935
FIB,contractile,Lineage3,C3AR1,9,0.8500000000000001,0.0142086305283678,29,29.0
FIB,contractile,Lineage3,C3AR1,10,0.95,0.0234225502946489,21,21.0
FIB,contractile,Lineage4,C3AR1,1,0.05,0.0095052678885501,54,43.07398687785016
FIB,contractile,Lineage4,C3AR1,2,0.15,0.0019130479645531,27,26.824727080737436
FIB,contractile,Lineage4,C3AR1,3,0.25,0.0046748557821431,41,34.06853769135626
FIB,contractile,Lineage4,C3AR1,4,0.35,0.015357952972873,41,40.018265686800056
FIB,contractile,Lineage4,C3AR1,5,0.45,0.0143773044530713,16,16.0
FIB,contractile,Lineage4,C3AR1,6,0.55,0.0139330691152635,16,16.0
FIB,contractile,Lineage4,C3AR1,7,0.6500000000000001,0.0097367870700378,17,17.0
FIB,contractile,Lineage4,C3AR1,8,0.75,0.0117592528195984,16,16.0
FIB,contractile,Lineage4,C3AR1,9,0.8500000000000001,0.0041580964877704,14,14.0
FIB,contractile,Lineage4,C3AR1,10,0.95,0.0,12,12.0
FIB,contractile,Lineage5,C3AR1,1,0.05,0.0,11,7.242416201239249
FIB,contractile,Lineage5,C3AR1,2,0.15,0.0105559779996078,24,20.5006390929894
FIB,contractile,Lineage5,C3AR1,3,0.25,0.0168981333492903,12,11.422888260404685
FIB,contractile,Lineage5,C3AR1,4,0.35,0.0,11,11.0
FIB,contractile,Lineage5,C3AR1,5,0.45,0.0078203721862423,12,12.0
FIB,contractile,Lineage5,C3AR1,6,0.55,0.0141378063887627,20,19.599544265730348
FIB,contractile,Lineage5,C3AR1,7,0.6500000000000001,0.0,11,10.824631057732674
FIB,contractile,Lineage5,C3AR1,8,0.75,0.0,5,5.0
FIB,contractile,Lineage5,C3AR1,9,0.8500000000000001,,0,0.0
FIB,contractile,Lineage5,C3AR1,10,0.95,0.1188352464605999,3,3.0
FIB,contractile,Lineage6,C3AR1,1,0.05,0.0,18,16.7037350532296
FIB,contractile,Lineage6,C3AR1,2,0.15,0.0085872765663408,28,22.47807993222851
FIB,contractile,Lineage6,C3AR1,3,0.25,0.057923569949958,4,3.736031729923683
FIB,contractile,Lineage6,C3AR1,4,0.35,0.0,11,8.546697286819573
FIB,contractile,Lineage6,C3AR1,5,0.45,0.0,15,13.27793240092435
FIB,contractile,Lineage6,C3AR1,6,0.55,0.0,13,11.779158072583831
FIB,contractile,Lineage6,C3AR1,7,0.6500000000000001,0.0,7,7.0
FIB,contractile,Lineage6,C3AR1,8,0.75,0.0,4,4.0
FIB,contractile,Lineage6,C3AR1,9,0.8500000000000001,0.0,5,5.0
FIB,contractile,Lineage6,C3AR1,10,0.95,0.0,4,4.0
FIB,contractile,Lineage1,C5AR1,1,0.05,0.1337984751851522,61,49.94236599379469
FIB,contractile,Lineage1,C5AR1,2,0.15,0.134808637486927,33,31.97224847580994
FIB,contractile,Lineage1,C5AR1,3,0.25,0.20537253490616,64,52.83975117928554
FIB,contractile,Lineage1,C5AR1,4,0.35,0.3022517573227535,104,67.00000342939487
FIB,contractile,Lineage1,C5AR1,5,0.45,0.2564427025544848,42,38.59358161312381
FIB,contractile,Lineage1,C5AR1,6,0.55,0.3058024576153371,21,21.0
FIB,contractile,Lineage1,C5AR1,7,0.6500000000000001,0.1447590860812451,8,8.0
FIB,contractile,Lineage1,C5AR1,8,0.75,0.1913091737920925,5,5.0
FIB,contractile,Lineage1,C5AR1,9,0.8500000000000001,,0,0.0
FIB,contractile,Lineage1,C5AR1,10,0.95,0.2017639010266314,2,2.0
FIB,contractile,Lineage2,C5AR1,1,0.05,0.1332263148628842,21,20.432318522091133
FIB,contractile,Lineage2,C5AR1,2,0.15,0.1341423260848162,26,25.765254675484663
FIB,contractile,Lineage2,C5AR1,3,0.25,0.1747162816666669,37,33.86292505295427
FIB,contractile,Lineage2,C5AR1,4,0.35,0.2310022274564396,62,52.898325614261864
FIB,contractile,Lineage2,C5AR1,5,0.45,0.2711470566180285,96,64.47233603368089
FIB,contractile,Lineage2,C5AR1,6,0.55,0.1921850315288659,58,44.23611042903282
FIB,contractile,Lineage2,C5AR1,7,0.6500000000000001,0.1466443183011276,33,32.76251906006037
FIB,contractile,Lineage2,C5AR1,8,0.75,0.1399982485023321,38,37.46095724725315
FIB,contractile,Lineage2,C5AR1,9,0.8500000000000001,0.1349276913226086,16,16.0
FIB,contractile,Lineage2,C5AR1,10,0.95,0.1574839305234926,20,17.52041449500962
FIB,contractile,Lineage3,C5AR1,1,0.05,0.1344780698526017,51,40.49503644758717
FIB,contractile,Lineage3,C5AR1,2,0.15,0.133591235617841,27,26.359616734924614
FIB,contractile,Lineage3,C5AR1,3,0.25,0.1595403271336216,32,29.745368349043076
FIB,contractile,Lineage3,C5AR1,4,0.35,0.2218212686190667,51,43.22356015630274
FIB,contractile,Lineage3,C5AR1,5,0.45,0.2952812293728262,68,49.00698311989304
FIB,contractile,Lineage3,C5AR1,6,0.55,0.2265476515765802,55,45.17588319122831
FIB,contractile,Lineage3,C5AR1,7,0.6500000000000001,0.2020927434156653,38,37.13001146931714
FIB,contractile,Lineage3,C5AR1,8,0.75,0.1909996515754413,19,18.46164723510935
FIB,contractile,Lineage3,C5AR1,9,0.8500000000000001,0.0991508685112551,29,29.0
FIB,contractile,Lineage3,C5AR1,10,0.95,0.1027915084280493,21,21.0
FIB,contractile,Lineage4,C5AR1,1,0.05,0.1349371660387716,54,43.07398687785016
FIB,contractile,Lineage4,C5AR1,2,0.15,0.1349241424099746,27,26.824727080737436
FIB,contractile,Lineage4,C5AR1,3,0.25,0.1942188739274628,41,34.06853769135626
FIB,contractile,Lineage4,C5AR1,4,0.35,0.1966277228508477,41,40.018265686800056
FIB,contractile,Lineage4,C5AR1,5,0.45,0.1451282969448484,16,16.0
FIB,contractile,Lineage4,C5AR1,6,0.55,0.1381439103122446,16,16.0
FIB,contractile,Lineage4,C5AR1,7,0.6500000000000001,0.1384670420233019,17,17.0
FIB,contractile,Lineage4,C5AR1,8,0.75,0.1328346949287072,16,16.0
FIB,contractile,Lineage4,C5AR1,9,0.8500000000000001,0.1791780613195036,14,14.0
FIB,contractile,Lineage4,C5AR1,10,0.95,0.1513868398887428,12,12.0
FIB,contractile,Lineage5,C5AR1,1,0.05,0.1578161484477,11,7.242416201239249
FIB,contractile,Lineage5,C5AR1,2,0.15,0.1364128942577182,24,20.5006390929894
FIB,contractile,Lineage5,C5AR1,3,0.25,0.1189789369318794,12,11.422888260404685
FIB,contractile,Lineage5,C5AR1,4,0.35,0.1238242267203492,11,11.0
FIB,contractile,Lineage5,C5AR1,5,0.45,0.1689109551549091,12,12.0
FIB,contractile,Lineage5,C5AR1,6,0.55,0.1587557678930936,20,19.599544265730348
FIB,contractile,Lineage5,C5AR1,7,0.6500000000000001,0.0831309761829375,11,10.824631057732674
FIB,contractile,Lineage5,C5AR1,8,0.75,0.1311551136859313,5,5.0
FIB,contractile,Lineage5,C5AR1,9,0.8500000000000001,,0,0.0
FIB,contractile,Lineage5,C5AR1,10,0.95,0.0931058712275739,3,3.0
FIB,contractile,Lineage6,C5AR1,1,0.05,0.1442174816363013,18,16.7037350532296
FIB,contractile,Lineage6,C5AR1,2,0.15,0.1264059436611035,28,22.47807993222851
FIB,contractile,Lineage6,C5AR1,3,0.25,0.1074896034235698,4,3.736031729923683
FIB,contractile,Lineage6,C5AR1,4,0.35,0.2107050439985456,11,8.546697286819573
FIB,contractile,Lineage6,C5AR1,5,0.45,0.1981483121637715,15,13.27793240092435
FIB,contractile,Lineage6,C5AR1,6,0.55,0.2421013966150467,13,11.779158072583831
FIB,contractile,Lineage6,C5AR1,7,0.6500000000000001,0.1392709735839152,7,7.0
FIB,contractile,Lineage6,C5AR1,8,0.75,0.5099841376673047,4,4.0
FIB,contractile,Lineage6,C5AR1,9,0.8500000000000001,0.3201755528369488,5,5.0
FIB,contractile,Lineage6,C5AR1,10,0.95,0.0936779465185982,4,4.0
FIB,contractile,Lineage1,C5AR2,1,0.05,0.0062645151078728,61,49.94236599379469
FIB,contractile,Lineage1,C5AR2,2,0.15,0.0082686675509497,33,31.97224847580994
FIB,contractile,Lineage1,C5AR2,3,0.25,0.0116646919545607,64,52.83975117928554
FIB,contractile,Lineage1,C5AR2,4,0.35,0.0025262481108553,104,67.00000342939487
FIB,contractile,Lineage1,C5AR2,5,0.45,0.0141384988794217,42,38.59358161312381
FIB,contractile,Lineage1,C5AR2,6,0.55,0.0018278109602917,21,21.0
FIB,contractile,Lineage1,C5AR2,7,0.6500000000000001,0.0160136130316594,8,8.0
FIB,contractile,Lineage1,C5AR2,8,0.75,0.0,5,5.0
FIB,contractile,Lineage1,C5AR2,9,0.8500000000000001,,0,0.0
FIB,contractile,Lineage1,C5AR2,10,0.95,0.0163694134976218,2,2.0
FIB,contractile,Lineage2,C5AR2,1,0.05,0.0,21,20.432318522091133
FIB,contractile,Lineage2,C5AR2,2,0.15,0.006457376292372,26,25.765254675484663
FIB,contractile,Lineage2,C5AR2,3,0.25,0.0253842156080204,37,33.86292505295427
FIB,contractile,Lineage2,C5AR2,4,0.35,0.0123606919745625,62,52.898325614261864
FIB,contractile,Lineage2,C5AR2,5,0.45,0.0016331548625735,96,64.47233603368089
FIB,contractile,Lineage2,C5AR2,6,0.55,0.0168574739510449,58,44.23611042903282
FIB,contractile,Lineage2,C5AR2,7,0.6500000000000001,0.0128472190545289,33,32.76251906006037
FIB,contractile,Lineage2,C5AR2,8,0.75,0.0113522975894858,38,37.46095724725315
FIB,contractile,Lineage2,C5AR2,9,0.8500000000000001,0.0195540441431901,16,16.0
FIB,contractile,Lineage2,C5AR2,10,0.95,0.0110510614371532,20,17.52041449500962
FIB,contractile,Lineage3,C5AR2,1,0.05,0.0077260013507083,51,40.49503644758717
FIB,contractile,Lineage3,C5AR2,2,0.15,0.0063099535811365,27,26.359616734924614
FIB,contractile,Lineage3,C5AR2,3,0.25,0.0032389895764034,32,29.745368349043076
FIB,contractile,Lineage3,C5AR2,4,0.35,0.0149347933497599,51,43.22356015630274
FIB,contractile,Lineage3,C5AR2,5,0.45,0.0019041444580331,68,49.00698311989304
FIB,contractile,Lineage3,C5AR2,6,0.55,0.0056421628563099,55,45.17588319122831
FIB,contractile,Lineage3,C5AR2,7,0.6500000000000001,0.0100605038814893,38,37.13001146931714
FIB,contractile,Lineage3,C5AR2,8,0.75,0.0129368516939824,19,18.46164723510935
FIB,contractile,Lineage3,C5AR2,9,0.8500000000000001,0.0052636442824263,29,29.0
FIB,contractile,Lineage3,C5AR2,10,0.95,0.0020948913937174,21,21.0
FIB,contractile,Lineage4,C5AR2,1,0.05,0.0072634257696708,54,43.07398687785016
FIB,contractile,Lineage4,C5AR2,2,0.15,0.0063785640914715,27,26.824727080737436
FIB,contractile,Lineage4,C5AR2,3,0.25,0.0051287185605702,41,34.06853769135626
FIB,contractile,Lineage4,C5AR2,4,0.35,0.0092488045538432,41,40.018265686800056
FIB,contractile,Lineage4,C5AR2,5,0.45,0.0,16,16.0
FIB,contractile,Lineage4,C5AR2,6,0.55,0.0074212252325101,16,16.0
FIB,contractile,Lineage4,C5AR2,7,0.6500000000000001,0.0035954588882416,17,17.0
FIB,contractile,Lineage4,C5AR2,8,0.75,0.0061373280169662,16,16.0
FIB,contractile,Lineage4,C5AR2,9,0.8500000000000001,0.0,14,14.0
FIB,contractile,Lineage4,C5AR2,10,0.95,0.005991060331622,12,12.0
FIB,contractile,Lineage5,C5AR2,1,0.05,0.0012757992653639,11,7.242416201239249
FIB,contractile,Lineage5,C5AR2,2,0.15,0.0152612172172736,24,20.5006390929894
FIB,contractile,Lineage5,C5AR2,3,0.25,0.0,12,11.422888260404685
FIB,contractile,Lineage5,C5AR2,4,0.35,0.0,11,11.0
FIB,contractile,Lineage5,C5AR2,5,0.45,0.0499459544649934,12,12.0
FIB,contractile,Lineage5,C5AR2,6,0.55,0.0097613811456406,20,19.599544265730348
FIB,contractile,Lineage5,C5AR2,7,0.6500000000000001,0.0199671146096723,11,10.824631057732674
FIB,contractile,Lineage5,C5AR2,8,0.75,0.0154817522691904,5,5.0
FIB,contractile,Lineage5,C5AR2,9,0.8500000000000001,,0,0.0
FIB,contractile,Lineage5,C5AR2,10,0.95,0.0,3,3.0
FIB,contractile,Lineage6,C5AR2,1,0.05,0.0187302244254976,18,16.7037350532296
FIB,contractile,Lineage6,C5AR2,2,0.15,0.0,28,22.47807993222851
FIB,contractile,Lineage6,C5AR2,3,0.25,0.0,4,3.736031729923683
FIB,contractile,Lineage6,C5AR2,4,0.35,0.0030042921387029,11,8.546697286819573
FIB,contractile,Lineage6,C5AR2,5,0.45,0.0022629189700716,15,13.27793240092435
FIB,contractile,Lineage6,C5AR2,6,0.55,0.0231804663806174,13,11.779158072583831
FIB,contractile,Lineage6,C5AR2,7,0.6500000000000001,0.0261789958047832,7,7.0
FIB,contractile,Lineage6,C5AR2,8,0.75,0.0,4,4.0
FIB,contractile,Lineage6,C5AR2,9,0.8500000000000001,0.0,5,5.0
FIB,contractile,Lineage6,C5AR2,10,0.95,0.0,4,4.0
FIB,contractile,Lineage1,CR1,1,0.05,0.0451722042170835,61,49.94236599379469
FIB,contractile,Lineage1,CR1,2,0.15,0.0163947783831679,33,31.97224847580994
FIB,contractile,Lineage1,CR1,3,0.25,0.0363635139754954,64,52.83975117928554
FIB,contractile,Lineage1,CR1,4,0.35,0.0218790887005341,104,67.00000342939487
FIB,contractile,Lineage1,CR1,5,0.45,0.0277212990967464,42,38.59358161312381
FIB,contractile,Lineage1,CR1,6,0.55,0.0698969509304949,21,21.0
FIB,contractile,Lineage1,CR1,7,0.6500000000000001,0.0452166391242968,8,8.0
FIB,contractile,Lineage1,CR1,8,0.75,0.0618626715837293,5,5.0
FIB,contractile,Lineage1,CR1,9,0.8500000000000001,,0,0.0
FIB,contractile,Lineage1,CR1,10,0.95,0.0,2,2.0
FIB,contractile,Lineage2,CR1,1,0.05,0.0567583404189202,21,20.432318522091133
FIB,contractile,Lineage2,CR1,2,0.15,0.0180654412060607,26,25.765254675484663
FIB,contractile,Lineage2,CR1,3,0.25,0.02417414634161,37,33.86292505295427
FIB,contractile,Lineage2,CR1,4,0.35,0.0358762042032594,62,52.898325614261864
FIB,contractile,Lineage2,CR1,5,0.45,0.0227070115102692,96,64.47233603368089
FIB,contractile,Lineage2,CR1,6,0.55,0.0319579587242719,58,44.23611042903282
FIB,contractile,Lineage2,CR1,7,0.6500000000000001,0.0082090435270407,33,32.76251906006037
FIB,contractile,Lineage2,CR1,8,0.75,0.0319604092805767,38,37.46095724725315
FIB,contractile,Lineage2,CR1,9,0.8500000000000001,0.0481093834573944,16,16.0
FIB,contractile,Lineage2,CR1,10,0.95,0.0229612856680783,20,17.52041449500962
FIB,contractile,Lineage3,CR1,1,0.05,0.050377302076655,51,40.49503644758717
FIB,contractile,Lineage3,CR1,2,0.15,0.0104619213704294,27,26.359616734924614
FIB,contractile,Lineage3,CR1,3,0.25,0.0315445899984805,32,29.745368349043076
FIB,contractile,Lineage3,CR1,4,0.35,0.0343592589155538,51,43.22356015630274
FIB,contractile,Lineage3,CR1,5,0.45,0.0170018840927727,68,49.00698311989304
FIB,contractile,Lineage3,CR1,6,0.55,0.0270750709969799,55,45.17588319122831
FIB,contractile,Lineage3,CR1,7,0.6500000000000001,0.0205537444787403,38,37.13001146931714
FIB,contractile,Lineage3,CR1,8,0.75,0.0310890027969385,19,18.46164723510935
FIB,contractile,Lineage3,CR1,9,0.8500000000000001,0.0307955051014917,29,29.0
FIB,contractile,Lineage3,CR1,10,0.95,0.0258170688633993,21,21.0
FIB,contractile,Lineage4,CR1,1,0.05,0.0474132244821594,54,43.07398687785016
FIB,contractile,Lineage4,CR1,2,0.15,0.0201774907438348,27,26.824727080737436
FIB,contractile,Lineage4,CR1,3,0.25,0.0278458675155108,41,34.06853769135626
FIB,contractile,Lineage4,CR1,4,0.35,0.0141483754468487,41,40.018265686800056
FIB,contractile,Lineage4,CR1,5,0.45,0.0082452822737618,16,16.0
FIB,contractile,Lineage4,CR1,6,0.55,0.0051158575418838,16,16.0
FIB,contractile,Lineage4,CR1,7,0.6500000000000001,0.0,17,17.0
FIB,contractile,Lineage4,CR1,8,0.75,0.047407521569984,16,16.0
FIB,contractile,Lineage4,CR1,9,0.8500000000000001,0.0049197429891399,14,14.0
FIB,contractile,Lineage4,CR1,10,0.95,0.0094715708096944,12,12.0
FIB,contractile,Lineage5,CR1,1,0.05,0.063244026330566,11,7.242416201239249
FIB,contractile,Lineage5,CR1,2,0.15,0.0599292374225962,24,20.5006390929894
FIB,contractile,Lineage5,CR1,3,0.25,0.0256229373604201,12,11.422888260404685
FIB,contractile,Lineage5,CR1,4,0.35,0.0214782493193404,11,11.0
FIB,contractile,Lineage5,CR1,5,0.45,0.0399715943041941,12,12.0
FIB,contractile,Lineage5,CR1,6,0.55,0.0212072940183748,20,19.599544265730348
FIB,contractile,Lineage5,CR1,7,0.6500000000000001,0.0467527234244945,11,10.824631057732674
FIB,contractile,Lineage5,CR1,8,0.75,0.0061265599062974,5,5.0
FIB,contractile,Lineage5,CR1,9,0.8500000000000001,,0,0.0
FIB,contractile,Lineage5,CR1,10,0.95,0.0478894054430417,3,3.0
FIB,contractile,Lineage6,CR1,1,0.05,0.0580469579254096,18,16.7037350532296
FIB,contractile,Lineage6,CR1,2,0.15,0.0460527196877083,28,22.47807993222851
FIB,contractile,Lineage6,CR1,3,0.25,0.0152900523434023,4,3.736031729923683
FIB,contractile,Lineage6,CR1,4,0.35,0.0166063808277976,11,8.546697286819573
FIB,contractile,Lineage6,CR1,5,0.45,0.0306425611234869,15,13.27793240092435
FIB,contractile,Lineage6,CR1,6,0.55,0.0490468420117204,13,11.779158072583831
FIB,contractile,Lineage6,CR1,7,0.6500000000000001,0.0,7,7.0
FIB,contractile,Lineage6,CR1,8,0.75,0.0,4,4.0
FIB,contractile,Lineage6,CR1,9,0.8500000000000001,0.0493901347671992,5,5.0
FIB,contractile,Lineage6,CR1,10,0.95,0.0116974929258398,4,4.0
FIB,contractile,Lineage1,CR2,1,0.05,0.0276772998708879,61,49.94236599379469
FIB,contractile,Lineage1,CR2,2,0.15,0.0242087437674104,33,31.97224847580994
FIB,contractile,Lineage1,CR2,3,0.25,0.0176651560446289,64,52.83975117928554
FIB,contractile,Lineage1,CR2,4,0.35,0.0087191627462429,104,67.00000342939487
FIB,contractile,Lineage1,CR2,5,0.45,0.0373802559215883,42,38.59358161312381
FIB,contractile,Lineage1,CR2,6,0.55,0.0591904389288312,21,21.0
FIB,contractile,Lineage1,CR2,7,0.6500000000000001,0.0036754598660969,8,8.0
FIB,contractile,Lineage1,CR2,8,0.75,0.0115141029739558,5,5.0
FIB,contractile,Lineage1,CR2,9,0.8500000000000001,,0,0.0
FIB,contractile,Lineage1,CR2,10,0.95,0.0,2,2.0
FIB,contractile,Lineage2,CR2,1,0.05,0.0133025190301801,21,20.432318522091133
FIB,contractile,Lineage2,CR2,2,0.15,0.0402160289947926,26,25.765254675484663
FIB,contractile,Lineage2,CR2,3,0.25,0.010485860296812,37,33.86292505295427
FIB,contractile,Lineage2,CR2,4,0.35,0.0161964099574941,62,52.898325614261864
FIB,contractile,Lineage2,CR2,5,0.45,0.0109087732773287,96,64.47233603368089
FIB,contractile,Lineage2,CR2,6,0.55,0.0131514194835325,58,44.23611042903282
FIB,contractile,Lineage2,CR2,7,0.6500000000000001,0.0032116970978644,33,32.76251906006037
FIB,contractile,Lineage2,CR2,8,0.75,0.0189440837662476,38,37.46095724725315
FIB,contractile,Lineage2,CR2,9,0.8500000000000001,0.0250190839126778,16,16.0
FIB,contractile,Lineage2,CR2,10,0.95,0.0232254214929345,20,17.52041449500962
FIB,contractile,Lineage3,CR2,1,0.05,0.0232710210009177,51,40.49503644758717
FIB,contractile,Lineage3,CR2,2,0.15,0.0393092297019116,27,26.359616734924614
FIB,contractile,Lineage3,CR2,3,0.25,0.0119373845763156,32,29.745368349043076
FIB,contractile,Lineage3,CR2,4,0.35,0.0192827592433834,51,43.22356015630274
FIB,contractile,Lineage3,CR2,5,0.45,0.0129194660726448,68,49.00698311989304
FIB,contractile,Lineage3,CR2,6,0.55,0.0072665763268481,55,45.17588319122831
FIB,contractile,Lineage3,CR2,7,0.6500000000000001,0.0301913051360355,38,37.13001146931714
FIB,contractile,Lineage3,CR2,8,0.75,0.0234520099820658,19,18.46164723510935
FIB,contractile,Lineage3,CR2,9,0.8500000000000001,0.0040658949091756,29,29.0
FIB,contractile,Lineage3,CR2,10,0.95,0.0080132011894068,21,21.0
FIB,contractile,Lineage4,CR2,1,0.05,0.0219403451370282,54,43.07398687785016
FIB,contractile,Lineage4,CR2,2,0.15,0.0384355939401738,27,26.824727080737436
FIB,contractile,Lineage4,CR2,3,0.25,0.0099640569454064,41,34.06853769135626
FIB,contractile,Lineage4,CR2,4,0.35,0.0023757932777399,41,40.018265686800056
FIB,contractile,Lineage4,CR2,5,0.45,0.0,16,16.0
FIB,contractile,Lineage4,CR2,6,0.55,0.0,16,16.0
FIB,contractile,Lineage4,CR2,7,0.6500000000000001,0.0096655220303893,17,17.0
FIB,contractile,Lineage4,CR2,8,0.75,0.0082488740649509,16,16.0
FIB,contractile,Lineage4,CR2,9,0.8500000000000001,0.0,14,14.0
FIB,contractile,Lineage4,CR2,10,0.95,0.0,12,12.0
FIB,contractile,Lineage5,CR2,1,0.05,0.0104884285273198,11,7.242416201239249
FIB,contractile,Lineage5,CR2,2,0.15,0.0076700082282335,24,20.5006390929894
FIB,contractile,Lineage5,CR2,3,0.25,0.0397437800726367,12,11.422888260404685
FIB,contractile,Lineage5,CR2,4,0.35,0.0495645657335134,11,11.0
FIB,contractile,Lineage5,CR2,5,0.45,0.0347643977601128,12,12.0
FIB,contractile,Lineage5,CR2,6,0.55,0.0088295168289782,20,19.599544265730348
FIB,contractile,Lineage5,CR2,7,0.6500000000000001,0.0173230570763264,11,10.824631057732674
FIB,contractile,Lineage5,CR2,8,0.75,0.0174954997275075,5,5.0
FIB,contractile,Lineage5,CR2,9,0.8500000000000001,,0,0.0
FIB,contractile,Lineage5,CR2,10,0.95,0.0340077077158187,3,3.0
FIB,contractile,Lineage6,CR2,1,0.05,0.0298520613946015,18,16.7037350532296
FIB,contractile,Lineage6,CR2,2,0.15,0.0213985690032707,28,22.47807993222851
FIB,contractile,Lineage6,CR2,3,0.25,0.0,4,3.736031729923683
FIB,contractile,Lineage6,CR2,4,0.35,0.0030042921387029,11,8.546697286819573
FIB,contractile,Lineage6,CR2,5,0.45,0.016428905321749,15,13.27793240092435
FIB,contractile,Lineage6,CR2,6,0.55,0.0049755923004683,13,11.779158072583831
FIB,contractile,Lineage6,CR2,7,0.6500000000000001,0.0261789958047832,7,7.0
FIB,contractile,Lineage6,CR2,8,0.75,0.0140076182092878,4,4.0
FIB,contractile,Lineage6,CR2,9,0.8500000000000001,0.0,5,5.0
FIB,contractile,Lineage6,CR2,10,0.95,0.0,4,4.0
FIB,contractile,Lineage1,ITGAM,1,0.05,0.0094651623747289,61,49.94236599379469
FIB,contractile,Lineage1,ITGAM,2,0.15,0.002448662662951,33,31.97224847580994
FIB,contractile,Lineage1,ITGAM,3,0.25,0.0179600241965425,64,52.83975117928554
FIB,contractile,Lineage1,ITGAM,4,0.35,0.0101466927485097,104,67.00000342939487
FIB,contractile,Lineage1,ITGAM,5,0.45,0.0201464906245247,42,38.59358161312381
FIB,contractile,Lineage1,ITGAM,6,0.55,0.0206899108895297,21,21.0
FIB,contractile,Lineage1,ITGAM,7,0.6500000000000001,0.0289327956937471,8,8.0
FIB,contractile,Lineage1,ITGAM,8,0.75,0.0219426748546908,5,5.0
FIB,contractile,Lineage1,ITGAM,9,0.8500000000000001,,0,0.0
FIB,contractile,Lineage1,ITGAM,10,0.95,0.0082516931818667,2,2.0
FIB,contractile,Lineage2,ITGAM,1,0.05,0.0044049094804973,21,20.432318522091133
FIB,contractile,Lineage2,ITGAM,2,0.15,0.007477004217725,26,25.765254675484663
FIB,contractile,Lineage2,ITGAM,3,0.25,0.0113214786902073,37,33.86292505295427
FIB,contractile,Lineage2,ITGAM,4,0.35,0.0167858478906746,62,52.898325614261864
FIB,contractile,Lineage2,ITGAM,5,0.45,0.01263606994826,96,64.47233603368089
FIB,contractile,Lineage2,ITGAM,6,0.55,0.0148069872076698,58,44.23611042903282
FIB,contractile,Lineage2,ITGAM,7,0.6500000000000001,0.0094198809441381,33,32.76251906006037
FIB,contractile,Lineage2,ITGAM,8,0.75,0.0098022986056342,38,37.46095724725315
FIB,contractile,Lineage2,ITGAM,9,0.8500000000000001,0.0072018716422723,16,16.0
FIB,contractile,Lineage2,ITGAM,10,0.95,0.0086549121260936,20,17.52041449500962
FIB,contractile,Lineage3,ITGAM,1,0.05,0.0075593402157888,51,40.49503644758717
FIB,contractile,Lineage3,ITGAM,2,0.15,0.0063159713934683,27,26.359616734924614
FIB,contractile,Lineage3,ITGAM,3,0.25,0.009405415265916,32,29.745368349043076
FIB,contractile,Lineage3,ITGAM,4,0.35,0.0158484148615987,51,43.22356015630274
FIB,contractile,Lineage3,ITGAM,5,0.45,0.0090329824718203,68,49.00698311989304
FIB,contractile,Lineage3,ITGAM,6,0.55,0.0185145968365023,55,45.17588319122831
FIB,contractile,Lineage3,ITGAM,7,0.6500000000000001,0.0187158941962407,38,37.13001146931714
FIB,contractile,Lineage3,ITGAM,8,0.75,0.0142620786554225,19,18.46164723510935
FIB,contractile,Lineage3,ITGAM,9,0.8500000000000001,0.0139587590499253,29,29.0
FIB,contractile,Lineage3,ITGAM,10,0.95,0.0164452301476026,21,21.0
FIB,contractile,Lineage4,ITGAM,1,0.05,0.0071216987065503,54,43.07398687785016
FIB,contractile,Lineage4,ITGAM,2,0.15,0.006206459612412,27,26.824727080737436
FIB,contractile,Lineage4,ITGAM,3,0.25,0.0102573086168899,41,34.06853769135626
FIB,contractile,Lineage4,ITGAM,4,0.35,0.0068316021480428,41,40.018265686800056
FIB,contractile,Lineage4,ITGAM,5,0.45,0.0,16,16.0
FIB,contractile,Lineage4,ITGAM,6,0.55,0.006842134479619,16,16.0
FIB,contractile,Lineage4,ITGAM,7,0.6500000000000001,0.0088160517106646,17,17.0
FIB,contractile,Lineage4,ITGAM,8,0.75,0.0,16,16.0
FIB,contractile,Lineage4,ITGAM,9,0.8500000000000001,0.0,14,14.0
FIB,contractile,Lineage4,ITGAM,10,0.95,0.0,12,12.0
FIB,contractile,Lineage5,ITGAM,1,0.05,0.0,11,7.242416201239249
FIB,contractile,Lineage5,ITGAM,2,0.15,0.0130000744231478,24,20.5006390929894
FIB,contractile,Lineage5,ITGAM,3,0.25,0.0,12,11.422888260404685
FIB,contractile,Lineage5,ITGAM,4,0.35,0.012486839381056,11,11.0
FIB,contractile,Lineage5,ITGAM,5,0.45,0.0066386967022463,12,12.0
FIB,contractile,Lineage5,ITGAM,6,0.55,0.0088836965469582,20,19.599544265730348
FIB,contractile,Lineage5,ITGAM,7,0.6500000000000001,0.0182091524916011,11,10.824631057732674
FIB,contractile,Lineage5,ITGAM,8,0.75,0.0,5,5.0
FIB,contractile,Lineage5,ITGAM,9,0.8500000000000001,,0,0.0
FIB,contractile,Lineage5,ITGAM,10,0.95,0.0,3,3.0
FIB,contractile,Lineage6,ITGAM,1,0.05,0.0068984539032231,18,16.7037350532296
FIB,contractile,Lineage6,ITGAM,2,0.15,0.0068683636208826,28,22.47807993222851
FIB,contractile,Lineage6,ITGAM,3,0.25,0.0,4,3.736031729923683
FIB,contractile,Lineage6,ITGAM,4,0.35,0.0177422509278404,11,8.546697286819573
FIB,contractile,Lineage6,ITGAM,5,0.45,0.0281077562064551,15,13.27793240092435
FIB,contractile,Lineage6,ITGAM,6,0.55,0.0225830994603495,13,11.779158072583831
FIB,contractile,Lineage6,ITGAM,7,0.6500000000000001,0.0115720947868428,7,7.0
FIB,contractile,Lineage6,ITGAM,8,0.75,0.0427126322737655,4,4.0
FIB,contractile,Lineage6,ITGAM,9,0.8500000000000001,0.0643451857984314,5,5.0
FIB,contractile,Lineage6,ITGAM,10,0.95,0.0235835930598625,4,4.0
FIB,contractile,Lineage1,ITGAX,1,0.05,0.0024167808144254,61,49.94236599379469
FIB,contractile,Lineage1,ITGAX,2,0.15,0.0080726413467249,33,31.97224847580994
FIB,contractile,Lineage1,ITGAX,3,0.25,0.0064832041082923,64,52.83975117928554
FIB,contractile,Lineage1,ITGAX,4,0.35,0.0209533283657436,104,67.00000342939487
FIB,contractile,Lineage1,ITGAX,5,0.45,0.0126898576972961,42,38.59358161312381
FIB,contractile,Lineage1,ITGAX,6,0.55,0.0501524708330448,21,21.0
FIB,contractile,Lineage1,ITGAX,7,0.6500000000000001,0.0250679796140738,8,8.0
FIB,contractile,Lineage1,ITGAX,8,0.75,0.0488473833168739,5,5.0
FIB,contractile,Lineage1,ITGAX,9,0.8500000000000001,,0,0.0
FIB,contractile,Lineage1,ITGAX,10,0.95,0.0,2,2.0
FIB,contractile,Lineage2,ITGAX,1,0.05,0.0031007550446593,21,20.432318522091133
FIB,contractile,Lineage2,ITGAX,2,0.15,0.0079076239879101,26,25.765254675484663
FIB,contractile,Lineage2,ITGAX,3,0.25,0.0031505800823025,37,33.86292505295427
FIB,contractile,Lineage2,ITGAX,4,0.35,0.0179159621169054,62,52.898325614261864
FIB,contractile,Lineage2,ITGAX,5,0.45,0.0125334662162051,96,64.47233603368089
FIB,contractile,Lineage2,ITGAX,6,0.55,0.0176414613207583,58,44.23611042903282
FIB,contractile,Lineage2,ITGAX,7,0.6500000000000001,0.0088178285941068,33,32.76251906006037
FIB,contractile,Lineage2,ITGAX,8,0.75,0.0032141402787958,38,37.46095724725315
FIB,contractile,Lineage2,ITGAX,9,0.8500000000000001,0.0,16,16.0
FIB,contractile,Lineage2,ITGAX,10,0.95,0.0017758803741236,20,17.52041449500962
FIB,contractile,Lineage3,ITGAX,1,0.05,0.002979106600249,51,40.49503644758717
FIB,contractile,Lineage3,ITGAX,2,0.15,0.0077293212558941,27,26.359616734924614
FIB,contractile,Lineage3,ITGAX,3,0.25,0.0018274626297864,32,29.745368349043076
FIB,contractile,Lineage3,ITGAX,4,0.35,0.009261955578328,51,43.22356015630274
FIB,contractile,Lineage3,ITGAX,5,0.45,0.0228043755697128,68,49.00698311989304
FIB,contractile,Lineage3,ITGAX,6,0.55,0.0105229424097275,55,45.17588319122831
FIB,contractile,Lineage3,ITGAX,7,0.6500000000000001,0.0279482475982052,38,37.13001146931714
FIB,contractile,Lineage3,ITGAX,8,0.75,0.0020703325144955,19,18.46164723510935
FIB,contractile,Lineage3,ITGAX,9,0.8500000000000001,0.0052940332635994,29,29.0
FIB,contractile,Lineage3,ITGAX,10,0.95,0.0058889472610052,21,21.0
FIB,contractile,Lineage4,ITGAX,1,0.05,0.0028263262471322,54,43.07398687785016
FIB,contractile,Lineage4,ITGAX,2,0.15,0.0075953035910953,27,26.824727080737436
FIB,contractile,Lineage4,ITGAX,3,0.25,0.0020316195416904,41,34.06853769135626
FIB,contractile,Lineage4,ITGAX,4,0.35,0.009301737034467,41,40.018265686800056
FIB,contractile,Lineage4,ITGAX,5,0.45,0.0254149274866286,16,16.0
FIB,contractile,Lineage4,ITGAX,6,0.55,0.0019927214282368,16,16.0
FIB,contractile,Lineage4,ITGAX,7,0.6500000000000001,0.0,17,17.0
FIB,contractile,Lineage4,ITGAX,8,0.75,0.0046014194082991,16,16.0
FIB,contractile,Lineage4,ITGAX,9,0.8500000000000001,0.0041580964877704,14,14.0
FIB,contractile,Lineage4,ITGAX,10,0.95,0.0,12,12.0
FIB,contractile,Lineage5,ITGAX,1,0.05,0.0087478560981652,11,7.242416201239249
FIB,contractile,Lineage5,ITGAX,2,0.15,0.0,24,20.5006390929894
FIB,contractile,Lineage5,ITGAX,3,0.25,0.0,12,11.422888260404685
FIB,contractile,Lineage5,ITGAX,4,0.35,0.010945888324604,11,11.0
FIB,contractile,Lineage5,ITGAX,5,0.45,0.0,12,12.0
FIB,contractile,Lineage5,ITGAX,6,0.55,0.0,20,19.599544265730348
FIB,contractile,Lineage5,ITGAX,7,0.6500000000000001,0.0,11,10.824631057732674
FIB,contractile,Lineage5,ITGAX,8,0.75,0.0,5,5.0
FIB,contractile,Lineage5,ITGAX,9,0.8500000000000001,,0,0.0
FIB,contractile,Lineage5,ITGAX,10,0.95,0.0,3,3.0
FIB,contractile,Lineage6,ITGAX,1,0.05,0.0037929010804809,18,16.7037350532296
FIB,contractile,Lineage6,ITGAX,2,0.15,0.0026717529439437,28,22.47807993222851
FIB,contractile,Lineage6,ITGAX,3,0.25,0.0,4,3.736031729923683
FIB,contractile,Lineage6,ITGAX,4,0.35,0.0,11,8.546697286819573
FIB,contractile,Lineage6,ITGAX,5,0.45,0.0008190687117135,15,13.27793240092435
FIB,contractile,Lineage6,ITGAX,6,0.55,0.0221528579985624,13,11.779158072583831
FIB,contractile,Lineage6,ITGAX,7,0.6500000000000001,0.0,7,7.0
FIB,contractile,Lineage6,ITGAX,8,0.75,0.0,4,4.0
FIB,contractile,Lineage6,ITGAX,9,0.8500000000000001,0.0643451857984314,5,5.0
FIB,contractile,Lineage6,ITGAX,10,0.95,0.0,4,4.0
FIB,contractile,Lineage1,VSIG4,1,0.05,0.0110446449875879,61,49.94236599379469
FIB,contractile,Lineage1,VSIG4,2,0.15,0.0078340117925615,33,31.97224847580994
FIB,contractile,Lineage1,VSIG4,3,0.25,0.0155574537246803,64,52.83975117928554
FIB,contractile,Lineage1,VSIG4,4,0.35,0.0125622812242501,104,67.00000342939487
FIB,contractile,Lineage1,VSIG4,5,0.45,0.0053964540540354,42,38.59358161312381
FIB,contractile,Lineage1,VSIG4,6,0.55,0.0141835751222168,21,21.0
FIB,contractile,Lineage1,VSIG4,7,0.6500000000000001,0.0036754598660969,8,8.0
FIB,contractile,Lineage1,VSIG4,8,0.75,0.019318410580491,5,5.0
FIB,contractile,Lineage1,VSIG4,9,0.8500000000000001,,0,0.0
FIB,contractile,Lineage1,VSIG4,10,0.95,0.0,2,2.0
FIB,contractile,Lineage2,VSIG4,1,0.05,0.0,21,20.432318522091133
FIB,contractile,Lineage2,VSIG4,2,0.15,0.0097212690015644,26,25.765254675484663
FIB,contractile,Lineage2,VSIG4,3,0.25,0.0,37,33.86292505295427
FIB,contractile,Lineage2,VSIG4,4,0.35,0.0220727316772628,62,52.898325614261864
FIB,contractile,Lineage2,VSIG4,5,0.45,0.0090570301758777,96,64.47233603368089
FIB,contractile,Lineage2,VSIG4,6,0.55,0.0087550908657651,58,44.23611042903282
FIB,contractile,Lineage2,VSIG4,7,0.6500000000000001,0.0156291251232826,33,32.76251906006037
FIB,contractile,Lineage2,VSIG4,8,0.75,0.0164377042556573,38,37.46095724725315
FIB,contractile,Lineage2,VSIG4,9,0.8500000000000001,0.0189862522405254,16,16.0
FIB,contractile,Lineage2,VSIG4,10,0.95,0.0034215714124159,20,17.52041449500962
FIB,contractile,Lineage3,VSIG4,1,0.05,0.0136209289752871,51,40.49503644758717
FIB,contractile,Lineage3,VSIG4,2,0.15,0.0095020718287738,27,26.359616734924614
FIB,contractile,Lineage3,VSIG4,3,0.25,0.0,32,29.745368349043076
FIB,contractile,Lineage3,VSIG4,4,0.35,0.0209258157994756,51,43.22356015630274
FIB,contractile,Lineage3,VSIG4,5,0.45,0.0115447320354827,68,49.00698311989304
FIB,contractile,Lineage3,VSIG4,6,0.55,0.0086592752693204,55,45.17588319122831
FIB,contractile,Lineage3,VSIG4,7,0.6500000000000001,0.0145248177287923,38,37.13001146931714
FIB,contractile,Lineage3,VSIG4,8,0.75,0.0219564909755564,19,18.46164723510935
FIB,contractile,Lineage3,VSIG4,9,0.8500000000000001,0.0105664621065162,29,29.0
FIB,contractile,Lineage3,VSIG4,10,0.95,0.0189469757822835,21,21.0
FIB,contractile,Lineage4,VSIG4,1,0.05,0.0128426305512776,54,43.07398687785016
FIB,contractile,Lineage4,VSIG4,2,0.15,0.0093373166795073,27,26.824727080737436
FIB,contractile,Lineage4,VSIG4,3,0.25,0.002226692975564,41,34.06853769135626
FIB,contractile,Lineage4,VSIG4,4,0.35,0.0088660300356722,41,40.018265686800056
FIB,contractile,Lineage4,VSIG4,5,0.45,0.0199106560059558,16,16.0
FIB,contractile,Lineage4,VSIG4,6,0.55,0.0019927214282368,16,16.0
FIB,contractile,Lineage4,VSIG4,7,0.6500000000000001,0.0139585459720211,17,17.0
FIB,contractile,Lineage4,VSIG4,8,0.75,0.0067759072168262,16,16.0
FIB,contractile,Lineage4,VSIG4,9,0.8500000000000001,0.0061457184356381,14,14.0
FIB,contractile,Lineage4,VSIG4,10,0.95,0.0112969463597784,12,12.0
FIB,contractile,Lineage5,VSIG4,1,0.05,0.0012757992653639,11,7.242416201239249
FIB,contractile,Lineage5,VSIG4,2,0.15,0.0075620604748123,24,20.5006390929894
FIB,contractile,Lineage5,VSIG4,3,0.25,0.0198436820629676,12,11.422888260404685
FIB,contractile,Lineage5,VSIG4,4,0.35,0.0368053699974402,11,11.0
FIB,contractile,Lineage5,VSIG4,5,0.45,0.0047118811777307,12,12.0
FIB,contractile,Lineage5,VSIG4,6,0.55,0.0122456640006917,20,19.599544265730348
FIB,contractile,Lineage5,VSIG4,7,0.6500000000000001,0.0162935083330791,11,10.824631057732674
FIB,contractile,Lineage5,VSIG4,8,0.75,0.0195884168941542,5,5.0
FIB,contractile,Lineage5,VSIG4,9,0.8500000000000001,,0,0.0
FIB,contractile,Lineage5,VSIG4,10,0.95,0.0,3,3.0
FIB,contractile,Lineage6,VSIG4,1,0.05,0.0101434797074539,18,16.7037350532296
FIB,contractile,Lineage6,VSIG4,2,0.15,0.0183025377299134,28,22.47807993222851
FIB,contractile,Lineage6,VSIG4,3,0.25,0.0,4,3.736031729923683
FIB,contractile,Lineage6,VSIG4,4,0.35,0.0030042921387029,11,8.546697286819573
FIB,contractile,Lineage6,VSIG4,5,0.45,0.0,15,13.27793240092435
FIB,contractile,Lineage6,VSIG4,6,0.55,0.0,13,11.779158072583831
FIB,contractile,Lineage6,VSIG4,7,0.6500000000000001,0.0,7,7.0
FIB,contractile,Lineage6,VSIG4,8,0.75,0.0,4,4.0
FIB,contractile,Lineage6,VSIG4,9,0.8500000000000001,0.0,5,5.0
FIB,contractile,Lineage6,VSIG4,10,0.95,0.0,4,4.0
FIB,contractile,Lineage1,CFH,1,0.05,1.4571755594105913,61,49.94236599379469
FIB,contractile,Lineage1,CFH,2,0.15,1.453254104732459,33,31.97224847580994
FIB,contractile,Lineage1,CFH,3,0.25,1.416929491708375,64,52.83975117928554
FIB,contractile,Lineage1,CFH,4,0.35,1.3170288295179322,104,67.00000342939487
FIB,contractile,Lineage1,CFH,5,0.45,1.4670643050007652,42,38.59358161312381
FIB,contractile,Lineage1,CFH,6,0.55,1.2548203358975092,21,21.0
FIB,contractile,Lineage1,CFH,7,0.6500000000000001,1.6307459200623915,8,8.0
FIB,contractile,Lineage1,CFH,8,0.75,1.4761226792233262,5,5.0
FIB,contractile,Lineage1,CFH,9,0.8500000000000001,,0,0.0
FIB,contractile,Lineage1,CFH,10,0.95,2.05489389025946,2,2.0
FIB,contractile,Lineage2,CFH,1,0.05,1.348302565105166,21,20.432318522091133
FIB,contractile,Lineage2,CFH,2,0.15,1.511279293977854,26,25.765254675484663
FIB,contractile,Lineage2,CFH,3,0.25,1.4175155550380871,37,33.86292505295427
FIB,contractile,Lineage2,CFH,4,0.35,1.345107420264192,62,52.898325614261864
FIB,contractile,Lineage2,CFH,5,0.45,1.388338830253887,96,64.47233603368089
FIB,contractile,Lineage2,CFH,6,0.55,1.542102682653754,58,44.23611042903282
FIB,contractile,Lineage2,CFH,7,0.6500000000000001,1.650656871324962,33,32.76251906006037
FIB,contractile,Lineage2,CFH,8,0.75,1.4518478019076464,38,37.46095724725315
FIB,contractile,Lineage2,CFH,9,0.8500000000000001,1.506362217080081,16,16.0
FIB,contractile,Lineage2,CFH,10,0.95,1.52099304491926,20,17.52041449500962
FIB,contractile,Lineage3,CFH,1,0.05,1.40738100898604,51,40.49503644758717
FIB,contractile,Lineage3,CFH,2,0.15,1.5713260210764408,27,26.359616734924614
FIB,contractile,Lineage3,CFH,3,0.25,1.4334748792892256,32,29.745368349043076
FIB,contractile,Lineage3,CFH,4,0.35,1.363164525714501,51,43.22356015630274
FIB,contractile,Lineage3,CFH,5,0.45,1.2637970053688343,68,49.00698311989304
FIB,contractile,Lineage3,CFH,6,0.55,1.5345347574894277,55,45.17588319122831
FIB,contractile,Lineage3,CFH,7,0.6500000000000001,1.5162267430543563,38,37.13001146931714
FIB,contractile,Lineage3,CFH,8,0.75,1.383000893962866,19,18.46164723510935
FIB,contractile,Lineage3,CFH,9,0.8500000000000001,1.5059615945279647,29,29.0
FIB,contractile,Lineage3,CFH,10,0.95,1.4426867428189687,21,21.0
FIB,contractile,Lineage4,CFH,1,0.05,1.4303314387872037,54,43.07398687785016
FIB,contractile,Lineage4,CFH,2,0.15,1.5227908910174943,27,26.824727080737436
FIB,contractile,Lineage4,CFH,3,0.25,1.3768327022956357,41,34.06853769135626
FIB,contractile,Lineage4,CFH,4,0.35,1.1558544964757782,41,40.018265686800056
FIB,contractile,Lineage4,CFH,5,0.45,0.7708936466936693,16,16.0
FIB,contractile,Lineage4,CFH,6,0.55,0.9046437184777216,16,16.0
FIB,contractile,Lineage4,CFH,7,0.6500000000000001,0.844992504297159,17,17.0
FIB,contractile,Lineage4,CFH,8,0.75,0.868840968573735,16,16.0
FIB,contractile,Lineage4,CFH,9,0.8500000000000001,0.6513835451333373,14,14.0
FIB,contractile,Lineage4,CFH,10,0.95,0.4579828751921526,12,12.0
FIB,contractile,Lineage5,CFH,1,0.05,1.174031194525462,11,7.242416201239249
FIB,contractile,Lineage5,CFH,2,0.15,1.4107542106800113,24,20.5006390929894
FIB,contractile,Lineage5,CFH,3,0.25,1.623552445129158,12,11.422888260404685
FIB,contractile,Lineage5,CFH,4,0.35,1.3539119461039464,11,11.0
FIB,contractile,Lineage5,CFH,5,0.45,1.5306181917495003,12,12.0
FIB,contractile,Lineage5,CFH,6,0.55,1.4969289568869004,20,19.599544265730348
FIB,contractile,Lineage5,CFH,7,0.6500000000000001,1.637530510761084,11,10.824631057732674
FIB,contractile,Lineage5,CFH,8,0.75,1.855794797631594,5,5.0
FIB,contractile,Lineage5,CFH,9,0.8500000000000001,,0,0.0
FIB,contractile,Lineage5,CFH,10,0.95,1.7279075757703175,3,3.0
FIB,contractile,Lineage6,CFH,1,0.05,1.311756639876381,18,16.7037350532296
FIB,contractile,Lineage6,CFH,2,0.15,1.5565561160023211,28,22.47807993222851
FIB,contractile,Lineage6,CFH,3,0.25,1.1800249739108817,4,3.736031729923683
FIB,contractile,Lineage6,CFH,4,0.35,1.3909902196996862,11,8.546697286819573
FIB,contractile,Lineage6,CFH,5,0.45,1.5725297023608882,15,13.27793240092435
FIB,contractile,Lineage6,CFH,6,0.55,1.4009686273112243,13,11.779158072583831
FIB,contractile,Lineage6,CFH,7,0.6500000000000001,1.1925519181732729,7,7.0
FIB,contractile,Lineage6,CFH,8,0.75,1.4768257081447889,4,4.0
FIB,contractile,Lineage6,CFH,9,0.8500000000000001,0.8437780590346738,5,5.0
FIB,contractile,Lineage6,CFH,10,0.95,0.9761866112207084,4,4.0
FIB,contractile,Lineage1,CFI,1,0.05,0.2542154640333491,61,49.94236599379469
FIB,contractile,Lineage1,CFI,2,0.15,0.2381337164234997,33,31.97224847580994
FIB,contractile,Lineage1,CFI,3,0.25,0.3310056338185782,64,52.83975117928554
FIB,contractile,Lineage1,CFI,4,0.35,0.3422193027220915,104,67.00000342939487
FIB,contractile,Lineage1,CFI,5,0.45,0.4445017666907775,42,38.59358161312381
FIB,contractile,Lineage1,CFI,6,0.55,0.4695497192054264,21,21.0
FIB,contractile,Lineage1,CFI,7,0.6500000000000001,0.4545470651042489,8,8.0
FIB,contractile,Lineage1,CFI,8,0.75,0.6079034164928481,5,5.0
FIB,contractile,Lineage1,CFI,9,0.8500000000000001,,0,0.0
FIB,contractile,Lineage1,CFI,10,0.95,0.7378114564378813,2,2.0
FIB,contractile,Lineage2,CFI,1,0.05,0.2848965563882354,21,20.432318522091133
FIB,contractile,Lineage2,CFI,2,0.15,0.2029525675402598,26,25.765254675484663
FIB,contractile,Lineage2,CFI,3,0.25,0.2779454034994565,37,33.86292505295427
FIB,contractile,Lineage2,CFI,4,0.35,0.3569806241660383,62,52.898325614261864
FIB,contractile,Lineage2,CFI,5,0.45,0.3504665978137783,96,64.47233603368089
FIB,contractile,Lineage2,CFI,6,0.55,0.368889494896334,58,44.23611042903282
FIB,contractile,Lineage2,CFI,7,0.6500000000000001,0.2256898406227616,33,32.76251906006037
FIB,contractile,Lineage2,CFI,8,0.75,0.2744362783054189,38,37.46095724725315
FIB,contractile,Lineage2,CFI,9,0.8500000000000001,0.222175219778955,16,16.0
FIB,contractile,Lineage2,CFI,10,0.95,0.2095103851131667,20,17.52041449500962
FIB,contractile,Lineage3,CFI,1,0.05,0.2781991444191932,51,40.49503644758717
FIB,contractile,Lineage3,CFI,2,0.15,0.1769060585722847,27,26.359616734924614
FIB,contractile,Lineage3,CFI,3,0.25,0.2975544327969349,32,29.745368349043076
FIB,contractile,Lineage3,CFI,4,0.35,0.3440747534510529,51,43.22356015630274
FIB,contractile,Lineage3,CFI,5,0.45,0.3361811917129556,68,49.00698311989304
FIB,contractile,Lineage3,CFI,6,0.55,0.3951530435151402,55,45.17588319122831
FIB,contractile,Lineage3,CFI,7,0.6500000000000001,0.4802661564956633,38,37.13001146931714
FIB,contractile,Lineage3,CFI,8,0.75,0.4885044965346911,19,18.46164723510935
FIB,contractile,Lineage3,CFI,9,0.8500000000000001,0.5040751997498168,29,29.0
FIB,contractile,Lineage3,CFI,10,0.95,0.4145123767622672,21,21.0
FIB,contractile,Lineage4,CFI,1,0.05,0.2687345876837658,54,43.07398687785016
FIB,contractile,Lineage4,CFI,2,0.15,0.1956533149073001,27,26.824727080737436
FIB,contractile,Lineage4,CFI,3,0.25,0.2848524251100483,41,34.06853769135626
FIB,contractile,Lineage4,CFI,4,0.35,0.3699687079555615,41,40.018265686800056
FIB,contractile,Lineage4,CFI,5,0.45,0.3723639494472492,16,16.0
FIB,contractile,Lineage4,CFI,6,0.55,0.2992751143412547,16,16.0
FIB,contractile,Lineage4,CFI,7,0.6500000000000001,0.2388588530090554,17,17.0
FIB,contractile,Lineage4,CFI,8,0.75,0.1749845784611071,16,16.0
FIB,contractile,Lineage4,CFI,9,0.8500000000000001,0.1202518211224566,14,14.0
FIB,contractile,Lineage4,CFI,10,0.95,0.1934368414446507,12,12.0
FIB,contractile,Lineage5,CFI,1,0.05,0.2545910649583242,11,7.242416201239249
FIB,contractile,Lineage5,CFI,2,0.15,0.2798990828988403,24,20.5006390929894
FIB,contractile,Lineage5,CFI,3,0.25,0.252627655057031,12,11.422888260404685
FIB,contractile,Lineage5,CFI,4,0.35,0.3300015836457377,11,11.0
FIB,contractile,Lineage5,CFI,5,0.45,0.2516165868260265,12,12.0
FIB,contractile,Lineage5,CFI,6,0.55,0.3000265344677887,20,19.599544265730348
FIB,contractile,Lineage5,CFI,7,0.6500000000000001,0.2106721035035616,11,10.824631057732674
FIB,contractile,Lineage5,CFI,8,0.75,0.1943038800708961,5,5.0
FIB,contractile,Lineage5,CFI,9,0.8500000000000001,,0,0.0
FIB,contractile,Lineage5,CFI,10,0.95,0.4026017920303079,3,3.0
FIB,contractile,Lineage6,CFI,1,0.05,0.2869622982748445,18,16.7037350532296
FIB,contractile,Lineage6,CFI,2,0.15,0.2599940683558381,28,22.47807993222851
FIB,contractile,Lineage6,CFI,3,0.25,0.1360995541253298,4,3.736031729923683
FIB,contractile,Lineage6,CFI,4,0.35,0.3170513656111017,11,8.546697286819573
FIB,contractile,Lineage6,CFI,5,0.45,0.2257616264382799,15,13.27793240092435
FIB,contractile,Lineage6,CFI,6,0.55,0.1987922937611719,13,11.779158072583831
FIB,contractile,Lineage6,CFI,7,0.6500000000000001,0.2396518415307569,7,7.0
FIB,contractile,Lineage6,CFI,8,0.75,0.1377320383293375,4,4.0
FIB,contractile,Lineage6,CFI,9,0.8500000000000001,0.0441536448028673,5,5.0
FIB,contractile,Lineage6,CFI,10,0.95,0.1156930499916359,4,4.0
FIB,contractile,Lineage1,CD46,1,0.05,0.8971431196317716,61,49.94236599379469
FIB,contractile,Lineage1,CD46,2,0.15,0.8751643585475362,33,31.97224847580994
FIB,contractile,Lineage1,CD46,3,0.25,1.0378695147880717,64,52.83975117928554
FIB,contractile,Lineage1,CD46,4,0.35,0.9821281021092558,104,67.00000342939487
FIB,contractile,Lineage1,CD46,5,0.45,1.0285430260755013,42,38.59358161312381
FIB,contractile,Lineage1,CD46,6,0.55,0.8777780497508646,21,21.0
FIB,contractile,Lineage1,CD46,7,0.6500000000000001,0.9662140598135444,8,8.0
FIB,contractile,Lineage1,CD46,8,0.75,0.9765666753347568,5,5.0
FIB,contractile,Lineage1,CD46,9,0.8500000000000001,,0,0.0
FIB,contractile,Lineage1,CD46,10,0.95,0.8401368698440348,2,2.0
FIB,contractile,Lineage2,CD46,1,0.05,0.8879296759820385,21,20.432318522091133
FIB,contractile,Lineage2,CD46,2,0.15,0.8957065681505634,26,25.765254675484663
FIB,contractile,Lineage2,CD46,3,0.25,0.9153888621906464,37,33.86292505295427
FIB,contractile,Lineage2,CD46,4,0.35,1.0420758850492955,62,52.898325614261864
FIB,contractile,Lineage2,CD46,5,0.45,0.953714153819016,96,64.47233603368089
FIB,contractile,Lineage2,CD46,6,0.55,1.0344486729947642,58,44.23611042903282
FIB,contractile,Lineage2,CD46,7,0.6500000000000001,1.2024991775692044,33,32.76251906006037
FIB,contractile,Lineage2,CD46,8,0.75,0.8415166651715486,38,37.46095724725315
FIB,contractile,Lineage2,CD46,9,0.8500000000000001,0.9090031767552896,16,16.0
FIB,contractile,Lineage2,CD46,10,0.95,0.8296487608271655,20,17.52041449500962
FIB,contractile,Lineage3,CD46,1,0.05,0.8963022572332093,51,40.49503644758717
FIB,contractile,Lineage3,CD46,2,0.15,0.9069915268716734,27,26.359616734924614
FIB,contractile,Lineage3,CD46,3,0.25,0.9317769665306964,32,29.745368349043076
FIB,contractile,Lineage3,CD46,4,0.35,1.027308584597691,51,43.22356015630274
FIB,contractile,Lineage3,CD46,5,0.45,0.997526145780163,68,49.00698311989304
FIB,contractile,Lineage3,CD46,6,0.55,0.985886574794982,55,45.17588319122831
FIB,contractile,Lineage3,CD46,7,0.6500000000000001,1.0507552266191105,38,37.13001146931714
FIB,contractile,Lineage3,CD46,8,0.75,1.1485557210621962,19,18.46164723510935
FIB,contractile,Lineage3,CD46,9,0.8500000000000001,1.2103446376316236,29,29.0
FIB,contractile,Lineage3,CD46,10,0.95,1.1661359080888611,21,21.0
FIB,contractile,Lineage4,CD46,1,0.05,0.8964297401975966,54,43.07398687785016
FIB,contractile,Lineage4,CD46,2,0.15,0.8737794666197148,27,26.824727080737436
FIB,contractile,Lineage4,CD46,3,0.25,0.9510615599514748,41,34.06853769135626
FIB,contractile,Lineage4,CD46,4,0.35,1.1661791527289322,41,40.018265686800056
FIB,contractile,Lineage4,CD46,5,0.45,1.3778454712647723,16,16.0
FIB,contractile,Lineage4,CD46,6,0.55,1.4442093898141444,16,16.0
FIB,contractile,Lineage4,CD46,7,0.6500000000000001,1.5485122895447956,17,17.0
FIB,contractile,Lineage4,CD46,8,0.75,1.2961112545083684,16,16.0
FIB,contractile,Lineage4,CD46,9,0.8500000000000001,1.4003904416665467,14,14.0
FIB,contractile,Lineage4,CD46,10,0.95,1.522467479760749,12,12.0
FIB,contractile,Lineage5,CD46,1,0.05,0.7074079633401407,11,7.242416201239249
FIB,contractile,Lineage5,CD46,2,0.15,0.965318991007048,24,20.5006390929894
FIB,contractile,Lineage5,CD46,3,0.25,0.8641454299004642,12,11.422888260404685
FIB,contractile,Lineage5,CD46,4,0.35,0.940889127295947,11,11.0
FIB,contractile,Lineage5,CD46,5,0.45,0.7558238915853477,12,12.0
FIB,contractile,Lineage5,CD46,6,0.55,0.8257602720817862,20,19.599544265730348
FIB,contractile,Lineage5,CD46,7,0.6500000000000001,1.2227284190098062,11,10.824631057732674
FIB,contractile,Lineage5,CD46,8,0.75,0.8991784670617265,5,5.0
FIB,contractile,Lineage5,CD46,9,0.8500000000000001,,0,0.0
FIB,contractile,Lineage5,CD46,10,0.95,0.956942222808948,3,3.0
FIB,contractile,Lineage6,CD46,1,0.05,0.8279235594362965,18,16.7037350532296
FIB,contractile,Lineage6,CD46,2,0.15,0.94736833835254,28,22.47807993222851
FIB,contractile,Lineage6,CD46,3,0.25,0.9978155455656592,4,3.736031729923683
FIB,contractile,Lineage6,CD46,4,0.35,0.889800671352803,11,8.546697286819573
FIB,contractile,Lineage6,CD46,5,0.45,1.0026729485644337,15,13.27793240092435
FIB,contractile,Lineage6,CD46,6,0.55,0.7450052931526164,13,11.779158072583831
FIB,contractile,Lineage6,CD46,7,0.6500000000000001,0.910023901323888,7,7.0
FIB,contractile,Lineage6,CD46,8,0.75,0.7194008257461618,4,4.0
FIB,contractile,Lineage6,CD46,9,0.8500000000000001,0.9237266443505296,5,5.0
FIB,contractile,Lineage6,CD46,10,0.95,1.280577567881921,4,4.0
FIB,contractile,Lineage1,CD55,1,0.05,0.5088310682621339,61,49.94236599379469
FIB,contractile,Lineage1,CD55,2,0.15,0.3240198027168368,33,31.97224847580994
FIB,contractile,Lineage1,CD55,3,0.25,0.3801473191062702,64,52.83975117928554
FIB,contractile,Lineage1,CD55,4,0.35,0.4165614889502831,104,67.00000342939487
FIB,contractile,Lineage1,CD55,5,0.45,0.3982717008570164,42,38.59358161312381
FIB,contractile,Lineage1,CD55,6,0.55,0.3958541979157616,21,21.0
FIB,contractile,Lineage1,CD55,7,0.6500000000000001,0.4885331706533934,8,8.0
FIB,contractile,Lineage1,CD55,8,0.75,0.527789294293884,5,5.0
FIB,contractile,Lineage1,CD55,9,0.8500000000000001,,0,0.0
FIB,contractile,Lineage1,CD55,10,0.95,0.224773389443399,2,2.0
FIB,contractile,Lineage2,CD55,1,0.05,0.5142197570478967,21,20.432318522091133
FIB,contractile,Lineage2,CD55,2,0.15,0.3834532609657415,26,25.765254675484663
FIB,contractile,Lineage2,CD55,3,0.25,0.3493174132965906,37,33.86292505295427
FIB,contractile,Lineage2,CD55,4,0.35,0.3730563356153397,62,52.898325614261864
FIB,contractile,Lineage2,CD55,5,0.45,0.3941473580770814,96,64.47233603368089
FIB,contractile,Lineage2,CD55,6,0.55,0.4112627207068877,58,44.23611042903282
FIB,contractile,Lineage2,CD55,7,0.6500000000000001,0.442159136398703,33,32.76251906006037
FIB,contractile,Lineage2,CD55,8,0.75,0.5136815797054419,38,37.46095724725315
FIB,contractile,Lineage2,CD55,9,0.8500000000000001,0.5359681151002793,16,16.0
FIB,contractile,Lineage2,CD55,10,0.95,0.4730018119228129,20,17.52041449500962
FIB,contractile,Lineage3,CD55,1,0.05,0.5179616509482662,51,40.49503644758717
FIB,contractile,Lineage3,CD55,2,0.15,0.4009525222972862,27,26.359616734924614
FIB,contractile,Lineage3,CD55,3,0.25,0.3340838758210927,32,29.745368349043076
FIB,contractile,Lineage3,CD55,4,0.35,0.4112007466746736,51,43.22356015630274
FIB,contractile,Lineage3,CD55,5,0.45,0.4085325032597352,68,49.00698311989304
FIB,contractile,Lineage3,CD55,6,0.55,0.3568659364304341,55,45.17588319122831
FIB,contractile,Lineage3,CD55,7,0.6500000000000001,0.4370130533878545,38,37.13001146931714
FIB,contractile,Lineage3,CD55,8,0.75,0.5429954199723396,19,18.46164723510935
FIB,contractile,Lineage3,CD55,9,0.8500000000000001,0.7072724288285791,29,29.0
FIB,contractile,Lineage3,CD55,10,0.95,1.0069993253504264,21,21.0
FIB,contractile,Lineage4,CD55,1,0.05,0.5066370674203814,54,43.07398687785016
FIB,contractile,Lineage4,CD55,2,0.15,0.3672396540244285,27,26.824727080737436
FIB,contractile,Lineage4,CD55,3,0.25,0.3744523315115554,41,34.06853769135626
FIB,contractile,Lineage4,CD55,4,0.35,0.3859657529224822,41,40.018265686800056
FIB,contractile,Lineage4,CD55,5,0.45,0.3027746536210828,16,16.0
FIB,contractile,Lineage4,CD55,6,0.55,0.2608406969763336,16,16.0
FIB,contractile,Lineage4,CD55,7,0.6500000000000001,0.2816215322629486,17,17.0
FIB,contractile,Lineage4,CD55,8,0.75,0.3592372316550415,16,16.0
FIB,contractile,Lineage4,CD55,9,0.8500000000000001,0.2249187914672252,14,14.0
FIB,contractile,Lineage4,CD55,10,0.95,0.1980916974088236,12,12.0
FIB,contractile,Lineage5,CD55,1,0.05,0.4998775951625835,11,7.242416201239249
FIB,contractile,Lineage5,CD55,2,0.15,0.6398921732958264,24,20.5006390929894
FIB,contractile,Lineage5,CD55,3,0.25,0.3080347315810977,12,11.422888260404685
FIB,contractile,Lineage5,CD55,4,0.35,0.3940941566052175,11,11.0
FIB,contractile,Lineage5,CD55,5,0.45,0.5094972243699708,12,12.0
FIB,contractile,Lineage5,CD55,6,0.55,0.6133619686528181,20,19.599544265730348
FIB,contractile,Lineage5,CD55,7,0.6500000000000001,0.4742679734063368,11,10.824631057732674
FIB,contractile,Lineage5,CD55,8,0.75,0.5073945223930294,5,5.0
FIB,contractile,Lineage5,CD55,9,0.8500000000000001,,0,0.0
FIB,contractile,Lineage5,CD55,10,0.95,0.965010812569876,3,3.0
FIB,contractile,Lineage6,CD55,1,0.05,0.5370082948387642,18,16.7037350532296
FIB,contractile,Lineage6,CD55,2,0.15,0.4601474363328028,28,22.47807993222851
FIB,contractile,Lineage6,CD55,3,0.25,0.5535550253090333,4,3.736031729923683
FIB,contractile,Lineage6,CD55,4,0.35,0.5086055654724178,11,8.546697286819573
FIB,contractile,Lineage6,CD55,5,0.45,0.3282740267749294,15,13.27793240092435
FIB,contractile,Lineage6,CD55,6,0.55,0.3433338507094112,13,11.779158072583831
FIB,contractile,Lineage6,CD55,7,0.6500000000000001,0.3385429629680268,7,7.0
FIB,contractile,Lineage6,CD55,8,0.75,0.3707208351668499,4,4.0
FIB,contractile,Lineage6,CD55,9,0.8500000000000001,0.3102445870615722,5,5.0
FIB,contractile,Lineage6,CD55,10,0.95,0.4346061250206017,4,4.0
FIB,contractile,Lineage1,CD59,1,0.05,0.6228681622987072,61,49.94236599379469
FIB,contractile,Lineage1,CD59,2,0.15,0.4315521934050562,33,31.97224847580994
FIB,contractile,Lineage1,CD59,3,0.25,0.5349915686311,64,52.83975117928554
FIB,contractile,Lineage1,CD59,4,0.35,0.543969065129067,104,67.00000342939487
FIB,contractile,Lineage1,CD59,5,0.45,0.5035342888656018,42,38.59358161312381
FIB,contractile,Lineage1,CD59,6,0.55,0.5470633439792113,21,21.0
FIB,contractile,Lineage1,CD59,7,0.6500000000000001,0.7175964356461708,8,8.0
FIB,contractile,Lineage1,CD59,8,0.75,0.5116966460973894,5,5.0
FIB,contractile,Lineage1,CD59,9,0.8500000000000001,,0,0.0
FIB,contractile,Lineage1,CD59,10,0.95,0.1373615091228953,2,2.0
FIB,contractile,Lineage2,CD59,1,0.05,0.5935036711102447,21,20.432318522091133
FIB,contractile,Lineage2,CD59,2,0.15,0.4768132253753909,26,25.765254675484663
FIB,contractile,Lineage2,CD59,3,0.25,0.4634094326703392,37,33.86292505295427
FIB,contractile,Lineage2,CD59,4,0.35,0.534122008758783,62,52.898325614261864
FIB,contractile,Lineage2,CD59,5,0.45,0.532149809790619,96,64.47233603368089
FIB,contractile,Lineage2,CD59,6,0.55,0.6456066401595748,58,44.23611042903282
FIB,contractile,Lineage2,CD59,7,0.6500000000000001,0.6422271054157495,33,32.76251906006037
FIB,contractile,Lineage2,CD59,8,0.75,0.7453564316190425,38,37.46095724725315
FIB,contractile,Lineage2,CD59,9,0.8500000000000001,0.5816774058672729,16,16.0
FIB,contractile,Lineage2,CD59,10,0.95,0.3346649490793333,20,17.52041449500962
FIB,contractile,Lineage3,CD59,1,0.05,0.6291372452643778,51,40.49503644758717
FIB,contractile,Lineage3,CD59,2,0.15,0.4949687249258488,27,26.359616734924614
FIB,contractile,Lineage3,CD59,3,0.25,0.494639925881106,32,29.745368349043076
FIB,contractile,Lineage3,CD59,4,0.35,0.5459908631808857,51,43.22356015630274
FIB,contractile,Lineage3,CD59,5,0.45,0.5455178490015054,68,49.00698311989304
FIB,contractile,Lineage3,CD59,6,0.55,0.5040531633035416,55,45.17588319122831
FIB,contractile,Lineage3,CD59,7,0.6500000000000001,0.7321592241049971,38,37.13001146931714
FIB,contractile,Lineage3,CD59,8,0.75,0.8183750503702361,19,18.46164723510935
FIB,contractile,Lineage3,CD59,9,0.8500000000000001,0.8573825166636039,29,29.0
FIB,contractile,Lineage3,CD59,10,0.95,0.7557234899938314,21,21.0
FIB,contractile,Lineage4,CD59,1,0.05,0.6182294649779664,54,43.07398687785016
FIB,contractile,Lineage4,CD59,2,0.15,0.4754490062869761,27,26.824727080737436
FIB,contractile,Lineage4,CD59,3,0.25,0.4920558076574934,41,34.06853769135626
FIB,contractile,Lineage4,CD59,4,0.35,0.5912816097898314,41,40.018265686800056
FIB,contractile,Lineage4,CD59,5,0.45,0.6130180238226971,16,16.0
FIB,contractile,Lineage4,CD59,6,0.55,0.4897501252029959,16,16.0
FIB,contractile,Lineage4,CD59,7,0.6500000000000001,0.5598602115515593,17,17.0
FIB,contractile,Lineage4,CD59,8,0.75,0.5951245943946633,16,16.0
FIB,contractile,Lineage4,CD59,9,0.8500000000000001,0.4106913341635741,14,14.0
FIB,contractile,Lineage4,CD59,10,0.95,0.3402331495804271,12,12.0
FIB,contractile,Lineage5,CD59,1,0.05,0.4890523073498304,11,7.242416201239249
FIB,contractile,Lineage5,CD59,2,0.15,0.6255566143451693,24,20.5006390929894
FIB,contractile,Lineage5,CD59,3,0.25,0.6476449931071315,12,11.422888260404685
FIB,contractile,Lineage5,CD59,4,0.35,0.7760682132176584,11,11.0
FIB,contractile,Lineage5,CD59,5,0.45,0.6307676468557745,12,12.0
FIB,contractile,Lineage5,CD59,6,0.55,0.7519842911255009,20,19.599544265730348
FIB,contractile,Lineage5,CD59,7,0.6500000000000001,0.6465145951532344,11,10.824631057732674
FIB,contractile,Lineage5,CD59,8,0.75,0.72030579361245,5,5.0
FIB,contractile,Lineage5,CD59,9,0.8500000000000001,,0,0.0
FIB,contractile,Lineage5,CD59,10,0.95,0.6753723609985512,3,3.0
FIB,contractile,Lineage6,CD59,1,0.05,0.5991884434234609,18,16.7037350532296
FIB,contractile,Lineage6,CD59,2,0.15,0.6591297373126966,28,22.47807993222851
FIB,contractile,Lineage6,CD59,3,0.25,0.5764992004178369,4,3.736031729923683
FIB,contractile,Lineage6,CD59,4,0.35,0.4730650167130169,11,8.546697286819573
FIB,contractile,Lineage6,CD59,5,0.45,0.384571105974936,15,13.27793240092435
FIB,contractile,Lineage6,CD59,6,0.55,0.1907703993371225,13,11.779158072583831
FIB,contractile,Lineage6,CD59,7,0.6500000000000001,0.2459267201469681,7,7.0
FIB,contractile,Lineage6,CD59,8,0.75,0.38854779630453,4,4.0
FIB,contractile,Lineage6,CD59,9,0.8500000000000001,0.4333270068245292,5,5.0
FIB,contractile,Lineage6,CD59,10,0.95,0.4349060894269065,4,4.0
FIB,contractile,Lineage1,SERPING1,1,0.05,0.6462510043494024,61,49.94236599379469
FIB,contractile,Lineage1,SERPING1,2,0.15,0.6384098933953981,33,31.97224847580994
FIB,contractile,Lineage1,SERPING1,3,0.25,0.734059875306783,64,52.83975117928554
FIB,contractile,Lineage1,SERPING1,4,0.35,0.6722715567508157,104,67.00000342939487
FIB,contractile,Lineage1,SERPING1,5,0.45,0.6637037138822985,42,38.59358161312381
FIB,contractile,Lineage1,SERPING1,6,0.55,0.8166058414868852,21,21.0
FIB,contractile,Lineage1,SERPING1,7,0.6500000000000001,1.117455237188384,8,8.0
FIB,contractile,Lineage1,SERPING1,8,0.75,1.272851115214649,5,5.0
FIB,contractile,Lineage1,SERPING1,9,0.8500000000000001,,0,0.0
FIB,contractile,Lineage1,SERPING1,10,0.95,0.7300003186607464,2,2.0
FIB,contractile,Lineage2,SERPING1,1,0.05,0.5580935608482921,21,20.432318522091133
FIB,contractile,Lineage2,SERPING1,2,0.15,0.6833132030732032,26,25.765254675484663
FIB,contractile,Lineage2,SERPING1,3,0.25,0.6548329843117896,37,33.86292505295427
FIB,contractile,Lineage2,SERPING1,4,0.35,0.7335174212848439,62,52.898325614261864
FIB,contractile,Lineage2,SERPING1,5,0.45,0.6590024479658074,96,64.47233603368089
FIB,contractile,Lineage2,SERPING1,6,0.55,0.8805874463709165,58,44.23611042903282
FIB,contractile,Lineage2,SERPING1,7,0.6500000000000001,0.805479003827658,33,32.76251906006037
FIB,contractile,Lineage2,SERPING1,8,0.75,0.7447098627912424,38,37.46095724725315
FIB,contractile,Lineage2,SERPING1,9,0.8500000000000001,0.6577602877675601,16,16.0
FIB,contractile,Lineage2,SERPING1,10,0.95,0.3979466198556027,20,17.52041449500962
FIB,contractile,Lineage3,SERPING1,1,0.05,0.611032030956225,51,40.49503644758717
FIB,contractile,Lineage3,SERPING1,2,0.15,0.7043855338506164,27,26.359616734924614
FIB,contractile,Lineage3,SERPING1,3,0.25,0.7002209162771476,32,29.745368349043076
FIB,contractile,Lineage3,SERPING1,4,0.35,0.7481040651169387,51,43.22356015630274
FIB,contractile,Lineage3,SERPING1,5,0.45,0.6229534241266219,68,49.00698311989304
FIB,contractile,Lineage3,SERPING1,6,0.55,0.7672160800562327,55,45.17588319122831
FIB,contractile,Lineage3,SERPING1,7,0.6500000000000001,0.975543021179134,38,37.13001146931714
FIB,contractile,Lineage3,SERPING1,8,0.75,0.9445490328763938,19,18.46164723510935
FIB,contractile,Lineage3,SERPING1,9,0.8500000000000001,1.082212631381258,29,29.0
FIB,contractile,Lineage3,SERPING1,10,0.95,1.0105547754915465,21,21.0
FIB,contractile,Lineage4,SERPING1,1,0.05,0.6243829934695406,54,43.07398687785016
FIB,contractile,Lineage4,SERPING1,2,0.15,0.7010256063973358,27,26.824727080737436
FIB,contractile,Lineage4,SERPING1,3,0.25,0.622039336395837,41,34.06853769135626
FIB,contractile,Lineage4,SERPING1,4,0.35,0.7156884404169757,41,40.018265686800056
FIB,contractile,Lineage4,SERPING1,5,0.45,0.7966148796209265,16,16.0
FIB,contractile,Lineage4,SERPING1,6,0.55,0.570412757509438,16,16.0
FIB,contractile,Lineage4,SERPING1,7,0.6500000000000001,0.6285133047472506,17,17.0
FIB,contractile,Lineage4,SERPING1,8,0.75,0.6061319667771083,16,16.0
FIB,contractile,Lineage4,SERPING1,9,0.8500000000000001,0.3880630846204074,14,14.0
FIB,contractile,Lineage4,SERPING1,10,0.95,0.405186492220594,12,12.0
FIB,contractile,Lineage5,SERPING1,1,0.05,0.3772948835746714,11,7.242416201239249
FIB,contractile,Lineage5,SERPING1,2,0.15,0.6041030222889583,24,20.5006390929894
FIB,contractile,Lineage5,SERPING1,3,0.25,0.7432147218847297,12,11.422888260404685
FIB,contractile,Lineage5,SERPING1,4,0.35,0.7503750400333953,11,11.0
FIB,contractile,Lineage5,SERPING1,5,0.45,0.6694442018359279,12,12.0
FIB,contractile,Lineage5,SERPING1,6,0.55,0.7464149983801475,20,19.599544265730348
FIB,contractile,Lineage5,SERPING1,7,0.6500000000000001,0.8029327003383014,11,10.824631057732674
FIB,contractile,Lineage5,SERPING1,8,0.75,1.1047111084456074,5,5.0
FIB,contractile,Lineage5,SERPING1,9,0.8500000000000001,,0,0.0
FIB,contractile,Lineage5,SERPING1,10,0.95,1.1206366097775395,3,3.0
FIB,contractile,Lineage6,SERPING1,1,0.05,0.5897956988691129,18,16.7037350532296
FIB,contractile,Lineage6,SERPING1,2,0.15,0.6561389687793027,28,22.47807993222851
FIB,contractile,Lineage6,SERPING1,3,0.25,0.6505814028487189,4,3.736031729923683
FIB,contractile,Lineage6,SERPING1,4,0.35,0.5619179891549291,11,8.546697286819573
FIB,contractile,Lineage6,SERPING1,5,0.45,0.5056469308449768,15,13.27793240092435
FIB,contractile,Lineage6,SERPING1,6,0.55,0.3158445107694095,13,11.779158072583831
FIB,contractile,Lineage6,SERPING1,7,0.6500000000000001,0.4545914221025862,7,7.0
FIB,contractile,Lineage6,SERPING1,8,0.75,0.5638704632289344,4,4.0
FIB,contractile,Lineage6,SERPING1,9,0.8500000000000001,0.3208758003498312,5,5.0
FIB,contractile,Lineage6,SERPING1,10,0.95,0.603411932322951,4,4.0
FIB,contractile,Lineage1,CFHR1,1,0.05,0.02117856638529,61,49.94236599379469
FIB,contractile,Lineage1,CFHR1,2,0.15,0.0321722126057359,33,31.97224847580994
FIB,contractile,Lineage1,CFHR1,3,0.25,0.1485122349678647,64,52.83975117928554
FIB,contractile,Lineage1,CFHR1,4,0.35,0.1170864157664321,104,67.00000342939487
FIB,contractile,Lineage1,CFHR1,5,0.45,0.1333870102735189,42,38.59358161312381
FIB,contractile,Lineage1,CFHR1,6,0.55,0.1621417582962526,21,21.0
FIB,contractile,Lineage1,CFHR1,7,0.6500000000000001,0.0790342259184928,8,8.0
FIB,contractile,Lineage1,CFHR1,8,0.75,0.1319420608442696,5,5.0
FIB,contractile,Lineage1,CFHR1,9,0.8500000000000001,,0,0.0
FIB,contractile,Lineage1,CFHR1,10,0.95,0.058120507652284,2,2.0
FIB,contractile,Lineage2,CFHR1,1,0.05,0.0196922266821465,21,20.432318522091133
FIB,contractile,Lineage2,CFHR1,2,0.15,0.0325070401389662,26,25.765254675484663
FIB,contractile,Lineage2,CFHR1,3,0.25,0.0518200125945749,37,33.86292505295427
FIB,contractile,Lineage2,CFHR1,4,0.35,0.1409913894043346,62,52.898325614261864
FIB,contractile,Lineage2,CFHR1,5,0.45,0.1626999048633396,96,64.47233603368089
FIB,contractile,Lineage2,CFHR1,6,0.55,0.0890263803432989,58,44.23611042903282
FIB,contractile,Lineage2,CFHR1,7,0.6500000000000001,0.0951324034567338,33,32.76251906006037
FIB,contractile,Lineage2,CFHR1,8,0.75,0.0408491755268036,38,37.46095724725315
FIB,contractile,Lineage2,CFHR1,9,0.8500000000000001,0.0213902073109643,16,16.0
FIB,contractile,Lineage2,CFHR1,10,0.95,0.0038131898309796,20,17.52041449500962
FIB,contractile,Lineage3,CFHR1,1,0.05,0.0185020380068781,51,40.49503644758717
FIB,contractile,Lineage3,CFHR1,2,0.15,0.0343840750676534,27,26.359616734924614
FIB,contractile,Lineage3,CFHR1,3,0.25,0.0433450156024397,32,29.745368349043076
FIB,contractile,Lineage3,CFHR1,4,0.35,0.1603957535681218,51,43.22356015630274
FIB,contractile,Lineage3,CFHR1,5,0.45,0.1164001122248429,68,49.00698311989304
FIB,contractile,Lineage3,CFHR1,6,0.55,0.1636391706879362,55,45.17588319122831
FIB,contractile,Lineage3,CFHR1,7,0.6500000000000001,0.2129468512904218,38,37.13001146931714
FIB,contractile,Lineage3,CFHR1,8,0.75,0.1795599139059733,19,18.46164723510935
FIB,contractile,Lineage3,CFHR1,9,0.8500000000000001,0.2491907552712567,29,29.0
FIB,contractile,Lineage3,CFHR1,10,0.95,0.2738731639186087,21,21.0
FIB,contractile,Lineage4,CFHR1,1,0.05,0.0196249815040638,54,43.07398687785016
FIB,contractile,Lineage4,CFHR1,2,0.15,0.0302479064501101,27,26.824727080737436
FIB,contractile,Lineage4,CFHR1,3,0.25,0.0563752249701565,41,34.06853769135626
FIB,contractile,Lineage4,CFHR1,4,0.35,0.0700551490198245,41,40.018265686800056
FIB,contractile,Lineage4,CFHR1,5,0.45,0.0489784944852218,16,16.0
FIB,contractile,Lineage4,CFHR1,6,0.55,0.0350276460230604,16,16.0
FIB,contractile,Lineage4,CFHR1,7,0.6500000000000001,0.0247085902712292,17,17.0
FIB,contractile,Lineage4,CFHR1,8,0.75,0.002174487808527,16,16.0
FIB,contractile,Lineage4,CFHR1,9,0.8500000000000001,0.0049458130578451,14,14.0
FIB,contractile,Lineage4,CFHR1,10,0.95,0.0126880769960913,12,12.0
FIB,contractile,Lineage5,CFHR1,1,0.05,0.0012062137408064,11,7.242416201239249
FIB,contractile,Lineage5,CFHR1,2,0.15,0.0246753250412432,24,20.5006390929894
FIB,contractile,Lineage5,CFHR1,3,0.25,0.0292455134885839,12,11.422888260404685
FIB,contractile,Lineage5,CFHR1,4,0.35,0.0089963977512159,11,11.0
FIB,contractile,Lineage5,CFHR1,5,0.45,0.0035196226698476,12,12.0
FIB,contractile,Lineage5,CFHR1,6,0.55,0.0566718548701154,20,19.599544265730348
FIB,contractile,Lineage5,CFHR1,7,0.6500000000000001,0.0496995890078683,11,10.824631057732674
FIB,contractile,Lineage5,CFHR1,8,0.75,0.186963629686284,5,5.0
FIB,contractile,Lineage5,CFHR1,9,0.8500000000000001,,0,0.0
FIB,contractile,Lineage5,CFHR1,10,0.95,0.1125749007150423,3,3.0
FIB,contractile,Lineage6,CFHR1,1,0.05,0.0,18,16.7037350532296
FIB,contractile,Lineage6,CFHR1,2,0.15,0.0368237314423175,28,22.47807993222851
FIB,contractile,Lineage6,CFHR1,3,0.25,0.0226195450964274,4,3.736031729923683
FIB,contractile,Lineage6,CFHR1,4,0.35,0.0012400328073966,11,8.546697286819573
FIB,contractile,Lineage6,CFHR1,5,0.45,0.0054942778974938,15,13.27793240092435
FIB,contractile,Lineage6,CFHR1,6,0.55,0.0,13,11.779158072583831
FIB,contractile,Lineage6,CFHR1,7,0.6500000000000001,0.0516894193840986,7,7.0
FIB,contractile,Lineage6,CFHR1,8,0.75,0.027271851046632,4,4.0
FIB,contractile,Lineage6,CFHR1,9,0.8500000000000001,0.0,5,5.0
FIB,contractile,Lineage6,CFHR1,10,0.95,0.0,4,4.0
FIB,contractile,Lineage1,CFHR2,1,0.05,0.0,61,49.94236599379469
FIB,contractile,Lineage1,CFHR2,2,0.15,0.0,33,31.97224847580994
FIB,contractile,Lineage1,CFHR2,3,0.25,0.0,64,52.83975117928554
FIB,contractile,Lineage1,CFHR2,4,0.35,0.0,104,67.00000342939487
FIB,contractile,Lineage1,CFHR2,5,0.45,0.0043967071320252,42,38.59358161312381
FIB,contractile,Lineage1,CFHR2,6,0.55,0.0,21,21.0
FIB,contractile,Lineage1,CFHR2,7,0.6500000000000001,0.0,8,8.0
FIB,contractile,Lineage1,CFHR2,8,0.75,0.0,5,5.0
FIB,contractile,Lineage1,CFHR2,9,0.8500000000000001,,0,0.0
FIB,contractile,Lineage1,CFHR2,10,0.95,0.0,2,2.0
FIB,contractile,Lineage2,CFHR2,1,0.05,0.0,21,20.432318522091133
FIB,contractile,Lineage2,CFHR2,2,0.15,0.0,26,25.765254675484663
FIB,contractile,Lineage2,CFHR2,3,0.25,0.0,37,33.86292505295427
FIB,contractile,Lineage2,CFHR2,4,0.35,0.0004159042156145,62,52.898325614261864
FIB,contractile,Lineage2,CFHR2,5,0.45,0.0,96,64.47233603368089
FIB,contractile,Lineage2,CFHR2,6,0.55,0.0,58,44.23611042903282
FIB,contractile,Lineage2,CFHR2,7,0.6500000000000001,0.0069962761617562,33,32.76251906006037
FIB,contractile,Lineage2,CFHR2,8,0.75,0.0011615946130629,38,37.46095724725315
FIB,contractile,Lineage2,CFHR2,9,0.8500000000000001,0.0,16,16.0
FIB,contractile,Lineage2,CFHR2,10,0.95,0.0,20,17.52041449500962
FIB,contractile,Lineage3,CFHR2,1,0.05,0.0,51,40.49503644758717
FIB,contractile,Lineage3,CFHR2,2,0.15,0.0,27,26.359616734924614
FIB,contractile,Lineage3,CFHR2,3,0.25,0.0,32,29.745368349043076
FIB,contractile,Lineage3,CFHR2,4,0.35,0.0,51,43.22356015630274
FIB,contractile,Lineage3,CFHR2,5,0.45,0.0005326931224758,68,49.00698311989304
FIB,contractile,Lineage3,CFHR2,6,0.55,0.0,55,45.17588319122831
FIB,contractile,Lineage3,CFHR2,7,0.6500000000000001,0.0,38,37.13001146931714
FIB,contractile,Lineage3,CFHR2,8,0.75,0.0,19,18.46164723510935
FIB,contractile,Lineage3,CFHR2,9,0.8500000000000001,0.0,29,29.0
FIB,contractile,Lineage3,CFHR2,10,0.95,0.0020948913937174,21,21.0
FIB,contractile,Lineage4,CFHR2,1,0.05,0.0,54,43.07398687785016
FIB,contractile,Lineage4,CFHR2,2,0.15,0.0,27,26.824727080737436
FIB,contractile,Lineage4,CFHR2,3,0.25,0.0,41,34.06853769135626
FIB,contractile,Lineage4,CFHR2,4,0.35,0.0,41,40.018265686800056
FIB,contractile,Lineage4,CFHR2,5,0.45,0.0,16,16.0
FIB,contractile,Lineage4,CFHR2,6,0.55,0.0,16,16.0
FIB,contractile,Lineage4,CFHR2,7,0.6500000000000001,0.0013611525339729,17,17.0
FIB,contractile,Lineage4,CFHR2,8,0.75,0.0,16,16.0
FIB,contractile,Lineage4,CFHR2,9,0.8500000000000001,0.0,14,14.0
FIB,contractile,Lineage4,CFHR2,10,0.95,0.0,12,12.0
FIB,contractile,Lineage5,CFHR2,1,0.05,0.0,11,7.242416201239249
FIB,contractile,Lineage5,CFHR2,2,0.15,0.0,24,20.5006390929894
FIB,contractile,Lineage5,CFHR2,3,0.25,0.0,12,11.422888260404685
FIB,contractile,Lineage5,CFHR2,4,0.35,0.0,11,11.0
FIB,contractile,Lineage5,CFHR2,5,0.45,0.0,12,12.0
FIB,contractile,Lineage5,CFHR2,6,0.55,0.0022201764259731,20,19.599544265730348
FIB,contractile,Lineage5,CFHR2,7,0.6500000000000001,0.0037980073890172,11,10.824631057732674
FIB,contractile,Lineage5,CFHR2,8,0.75,0.0,5,5.0
FIB,contractile,Lineage5,CFHR2,9,0.8500000000000001,,0,0.0
FIB,contractile,Lineage5,CFHR2,10,0.95,0.0,3,3.0
FIB,contractile,Lineage6,CFHR2,1,0.05,0.0,18,16.7037350532296
FIB,contractile,Lineage6,CFHR2,2,0.15,0.0,28,22.47807993222851
FIB,contractile,Lineage6,CFHR2,3,0.25,0.0,4,3.736031729923683
FIB,contractile,Lineage6,CFHR2,4,0.35,0.0,11,8.546697286819573
FIB,contractile,Lineage6,CFHR2,5,0.45,0.0,15,13.27793240092435
FIB,contractile,Lineage6,CFHR2,6,0.55,0.0,13,11.779158072583831
FIB,contractile,Lineage6,CFHR2,7,0.6500000000000001,0.0,7,7.0
FIB,contractile,Lineage6,CFHR2,8,0.75,0.0,4,4.0
FIB,contractile,Lineage6,CFHR2,9,0.8500000000000001,0.0,5,5.0
FIB,contractile,Lineage6,CFHR2,10,0.95,0.0,4,4.0
FIB,contractile,Lineage1,CFHR3,1,0.05,0.0189016710312353,61,49.94236599379469
FIB,contractile,Lineage1,CFHR3,2,0.15,0.0316479133628403,33,31.97224847580994
FIB,contractile,Lineage1,CFHR3,3,0.25,0.0528367305405175,64,52.83975117928554
FIB,contractile,Lineage1,CFHR3,4,0.35,0.035797382294032,104,67.00000342939487
FIB,contractile,Lineage1,CFHR3,5,0.45,0.0336722468615737,42,38.59358161312381
FIB,contractile,Lineage1,CFHR3,6,0.55,0.0463177273190737,21,21.0
FIB,contractile,Lineage1,CFHR3,7,0.6500000000000001,0.018153642158803,8,8.0
FIB,contractile,Lineage1,CFHR3,8,0.75,0.0139044280963825,5,5.0
FIB,contractile,Lineage1,CFHR3,9,0.8500000000000001,,0,0.0
FIB,contractile,Lineage1,CFHR3,10,0.95,0.058120507652284,2,2.0
FIB,contractile,Lineage2,CFHR3,1,0.05,0.0111913143321632,21,20.432318522091133
FIB,contractile,Lineage2,CFHR3,2,0.15,0.0271105972420337,26,25.765254675484663
FIB,contractile,Lineage2,CFHR3,3,0.25,0.0386084481915976,37,33.86292505295427
FIB,contractile,Lineage2,CFHR3,4,0.35,0.0415267568456833,62,52.898325614261864
FIB,contractile,Lineage2,CFHR3,5,0.45,0.0413866870918684,96,64.47233603368089
FIB,contractile,Lineage2,CFHR3,6,0.55,0.0273612033855363,58,44.23611042903282
FIB,contractile,Lineage2,CFHR3,7,0.6500000000000001,0.0730443027372279,33,32.76251906006037
FIB,contractile,Lineage2,CFHR3,8,0.75,0.0275961312534644,38,37.46095724725315
FIB,contractile,Lineage2,CFHR3,9,0.8500000000000001,0.0286187581117875,16,16.0
FIB,contractile,Lineage2,CFHR3,10,0.95,0.0072930315473486,20,17.52041449500962
FIB,contractile,Lineage3,CFHR3,1,0.05,0.0180901680879605,51,40.49503644758717
FIB,contractile,Lineage3,CFHR3,2,0.15,0.0283381170941982,27,26.359616734924614
FIB,contractile,Lineage3,CFHR3,3,0.25,0.0346909649018538,32,29.745368349043076
FIB,contractile,Lineage3,CFHR3,4,0.35,0.0520125384861557,51,43.22356015630274
FIB,contractile,Lineage3,CFHR3,5,0.45,0.0336139772625316,68,49.00698311989304
FIB,contractile,Lineage3,CFHR3,6,0.55,0.0284534115854634,55,45.17588319122831
FIB,contractile,Lineage3,CFHR3,7,0.6500000000000001,0.030325528619925,38,37.13001146931714
FIB,contractile,Lineage3,CFHR3,8,0.75,0.0518124725225843,19,18.46164723510935
FIB,contractile,Lineage3,CFHR3,9,0.8500000000000001,0.0565504463905641,29,29.0
FIB,contractile,Lineage3,CFHR3,10,0.95,0.0502156991240708,21,21.0
FIB,contractile,Lineage4,CFHR3,1,0.05,0.0181702660841158,54,43.07398687785016
FIB,contractile,Lineage4,CFHR3,2,0.15,0.0265388198859525,27,26.824727080737436
FIB,contractile,Lineage4,CFHR3,3,0.25,0.0377795153101095,41,34.06853769135626
FIB,contractile,Lineage4,CFHR3,4,0.35,0.0267591573285116,41,40.018265686800056
FIB,contractile,Lineage4,CFHR3,5,0.45,0.0300768567020384,16,16.0
FIB,contractile,Lineage4,CFHR3,6,0.55,0.0188456737050079,16,16.0
FIB,contractile,Lineage4,CFHR3,7,0.6500000000000001,0.0266782871416964,17,17.0
FIB,contractile,Lineage4,CFHR3,8,0.75,0.0432945075913517,16,16.0
FIB,contractile,Lineage4,CFHR3,9,0.8500000000000001,0.0042554404999184,14,14.0
FIB,contractile,Lineage4,CFHR3,10,0.95,0.005991060331622,12,12.0
FIB,contractile,Lineage5,CFHR3,1,0.05,0.0104188430027623,11,7.242416201239249
FIB,contractile,Lineage5,CFHR3,2,0.15,0.0096868992085578,24,20.5006390929894
FIB,contractile,Lineage5,CFHR3,3,0.25,0.033105592877337,12,11.422888260404685
FIB,contractile,Lineage5,CFHR3,4,0.35,0.0242838479390736,11,11.0
FIB,contractile,Lineage5,CFHR3,5,0.45,0.0130686795421892,12,12.0
FIB,contractile,Lineage5,CFHR3,6,0.55,0.0352591268882031,20,19.599544265730348
FIB,contractile,Lineage5,CFHR3,7,0.6500000000000001,0.0683385699608702,11,10.824631057732674
FIB,contractile,Lineage5,CFHR3,8,0.75,0.0870460357069723,5,5.0
FIB,contractile,Lineage5,CFHR3,9,0.8500000000000001,,0,0.0
FIB,contractile,Lineage5,CFHR3,10,0.95,0.0,3,3.0
FIB,contractile,Lineage6,CFHR3,1,0.05,0.0071580848678774,18,16.7037350532296
FIB,contractile,Lineage6,CFHR3,2,0.15,0.0265123660480677,28,22.47807993222851
FIB,contractile,Lineage6,CFHR3,3,0.25,0.0226605526790887,4,3.736031729923683
FIB,contractile,Lineage6,CFHR3,4,0.35,0.0065427836605282,11,8.546697286819573
FIB,contractile,Lineage6,CFHR3,5,0.45,0.0071146392407885,15,13.27793240092435
FIB,contractile,Lineage6,CFHR3,6,0.55,0.0032858627451665,13,11.779158072583831
FIB,contractile,Lineage6,CFHR3,7,0.6500000000000001,0.0261789958047832,7,7.0
FIB,contractile,Lineage6,CFHR3,8,0.75,0.0699844833203976,4,4.0
FIB,contractile,Lineage6,CFHR3,9,0.8500000000000001,0.0184834347944867,5,5.0
FIB,contractile,Lineage6,CFHR3,10,0.95,0.0159269233161127,4,4.0
FIB,contractile,Lineage1,CFHR4,1,0.05,0.0072626316912119,61,49.94236599379469
FIB,contractile,Lineage1,CFHR4,2,0.15,0.0134468062895046,33,31.97224847580994
FIB,contractile,Lineage1,CFHR4,3,0.25,0.0837723041990673,64,52.83975117928554
FIB,contractile,Lineage1,CFHR4,4,0.35,0.1003761549913131,104,67.00000342939487
FIB,contractile,Lineage1,CFHR4,5,0.45,0.0990782152249504,42,38.59358161312381
FIB,contractile,Lineage1,CFHR4,6,0.55,0.0732214638649534,21,21.0
FIB,contractile,Lineage1,CFHR4,7,0.6500000000000001,0.0660201286176166,8,8.0
FIB,contractile,Lineage1,CFHR4,8,0.75,0.0604452030009741,5,5.0
FIB,contractile,Lineage1,CFHR4,9,0.8500000000000001,,0,0.0
FIB,contractile,Lineage1,CFHR4,10,0.95,0.0,2,2.0
FIB,contractile,Lineage2,CFHR4,1,0.05,0.0076956548204389,21,20.432318522091133
FIB,contractile,Lineage2,CFHR4,2,0.15,0.0177567696256189,26,25.765254675484663
FIB,contractile,Lineage2,CFHR4,3,0.25,0.0192044601185754,37,33.86292505295427
FIB,contractile,Lineage2,CFHR4,4,0.35,0.0882084633342155,62,52.898325614261864
FIB,contractile,Lineage2,CFHR4,5,0.45,0.1226087042939098,96,64.47233603368089
FIB,contractile,Lineage2,CFHR4,6,0.55,0.0725980062024267,58,44.23611042903282
FIB,contractile,Lineage2,CFHR4,7,0.6500000000000001,0.055445415025962,33,32.76251906006037
FIB,contractile,Lineage2,CFHR4,8,0.75,0.0304200853621209,38,37.46095724725315
FIB,contractile,Lineage2,CFHR4,9,0.8500000000000001,0.0,16,16.0
FIB,contractile,Lineage2,CFHR4,10,0.95,0.0095669990703092,20,17.52041449500962
FIB,contractile,Lineage3,CFHR4,1,0.05,0.0057544527779006,51,40.49503644758717
FIB,contractile,Lineage3,CFHR4,2,0.15,0.0173528515813565,27,26.359616734924614
FIB,contractile,Lineage3,CFHR4,3,0.25,0.0159951078079901,32,29.745368349043076
FIB,contractile,Lineage3,CFHR4,4,0.35,0.0902924866755083,51,43.22356015630274
FIB,contractile,Lineage3,CFHR4,5,0.45,0.0917590665720796,68,49.00698311989304
FIB,contractile,Lineage3,CFHR4,6,0.55,0.1320730789667021,55,45.17588319122831
FIB,contractile,Lineage3,CFHR4,7,0.6500000000000001,0.0899934603943448,38,37.13001146931714
FIB,contractile,Lineage3,CFHR4,8,0.75,0.0464979374658838,19,18.46164723510935
FIB,contractile,Lineage3,CFHR4,9,0.8500000000000001,0.0814068551510811,29,29.0
FIB,contractile,Lineage3,CFHR4,10,0.95,0.0215861289123657,21,21.0
FIB,contractile,Lineage4,CFHR4,1,0.05,0.005416554174984,54,43.07398687785016
FIB,contractile,Lineage4,CFHR4,2,0.15,0.017397626226037,27,26.824727080737436
FIB,contractile,Lineage4,CFHR4,3,0.25,0.0321446659180556,41,34.06853769135626
FIB,contractile,Lineage4,CFHR4,4,0.35,0.0474114661024319,41,40.018265686800056
FIB,contractile,Lineage4,CFHR4,5,0.45,0.0,16,16.0
FIB,contractile,Lineage4,CFHR4,6,0.55,0.0031939181049037,16,16.0
FIB,contractile,Lineage4,CFHR4,7,0.6500000000000001,0.0192403385703733,17,17.0
FIB,contractile,Lineage4,CFHR4,8,0.75,0.0184145731977219,16,16.0
FIB,contractile,Lineage4,CFHR4,9,0.8500000000000001,0.0064145404666469,14,14.0
FIB,contractile,Lineage4,CFHR4,10,0.95,0.0,12,12.0
FIB,contractile,Lineage5,CFHR4,1,0.05,0.0,11,7.242416201239249
FIB,contractile,Lineage5,CFHR4,2,0.15,0.0099928803614481,24,20.5006390929894
FIB,contractile,Lineage5,CFHR4,3,0.25,0.0,12,11.422888260404685
FIB,contractile,Lineage5,CFHR4,4,0.35,0.005637586893052,11,11.0
FIB,contractile,Lineage5,CFHR4,5,0.45,0.0092242611197551,12,12.0
FIB,contractile,Lineage5,CFHR4,6,0.55,0.0484142886196687,20,19.599544265730348
FIB,contractile,Lineage5,CFHR4,7,0.6500000000000001,0.0492359195353132,11,10.824631057732674
FIB,contractile,Lineage5,CFHR4,8,0.75,0.103804569732141,5,5.0
FIB,contractile,Lineage5,CFHR4,9,0.8500000000000001,,0,0.0
FIB,contractile,Lineage5,CFHR4,10,0.95,0.0248039872804594,3,3.0
FIB,contractile,Lineage6,CFHR4,1,0.05,0.0,18,16.7037350532296
FIB,contractile,Lineage6,CFHR4,2,0.15,0.0092872119978296,28,22.47807993222851
FIB,contractile,Lineage6,CFHR4,3,0.25,0.0,4,3.736031729923683
FIB,contractile,Lineage6,CFHR4,4,0.35,0.0243943955246998,11,8.546697286819573
FIB,contractile,Lineage6,CFHR4,5,0.45,0.0139783110166149,15,13.27793240092435
FIB,contractile,Lineage6,CFHR4,6,0.55,0.0131017065366073,13,11.779158072583831
FIB,contractile,Lineage6,CFHR4,7,0.6500000000000001,0.0059725841904314,7,7.0
FIB,contractile,Lineage6,CFHR4,8,0.75,0.0,4,4.0
FIB,contractile,Lineage6,CFHR4,9,0.8500000000000001,0.0271216985372777,5,5.0
FIB,contractile,Lineage6,CFHR4,10,0.95,0.0,4,4.0
FIB,contractile,Lineage1,CFHR5,1,0.05,0.0,61,49.94236599379469
FIB,contractile,Lineage1,CFHR5,2,0.15,0.0016050478770776,33,31.97224847580994
FIB,contractile,Lineage1,CFHR5,3,0.25,0.0,64,52.83975117928554
FIB,contractile,Lineage1,CFHR5,4,0.35,0.0003205624343728,104,67.00000342939487
FIB,contractile,Lineage1,CFHR5,5,0.45,0.0,42,38.59358161312381
FIB,contractile,Lineage1,CFHR5,6,0.55,0.0029517033573144,21,21.0
FIB,contractile,Lineage1,CFHR5,7,0.6500000000000001,0.0061478831758586,8,8.0
FIB,contractile,Lineage1,CFHR5,8,0.75,0.0,5,5.0
FIB,contractile,Lineage1,CFHR5,9,0.8500000000000001,,0,0.0
FIB,contractile,Lineage1,CFHR5,10,0.95,0.0,2,2.0
FIB,contractile,Lineage2,CFHR5,1,0.05,0.0,21,20.432318522091133
FIB,contractile,Lineage2,CFHR5,2,0.15,0.0019917128779761,26,25.765254675484663
FIB,contractile,Lineage2,CFHR5,3,0.25,0.0,37,33.86292505295427
FIB,contractile,Lineage2,CFHR5,4,0.35,0.0,62,52.898325614261864
FIB,contractile,Lineage2,CFHR5,5,0.45,0.0008810764498456,96,64.47233603368089
FIB,contractile,Lineage2,CFHR5,6,0.55,0.0095660397554316,58,44.23611042903282
FIB,contractile,Lineage2,CFHR5,7,0.6500000000000001,0.0,33,32.76251906006037
FIB,contractile,Lineage2,CFHR5,8,0.75,0.0015070720631337,38,37.46095724725315
FIB,contractile,Lineage2,CFHR5,9,0.8500000000000001,0.0,16,16.0
FIB,contractile,Lineage2,CFHR5,10,0.95,0.0,20,17.52041449500962
FIB,contractile,Lineage3,CFHR5,1,0.05,0.0,51,40.49503644758717
FIB,contractile,Lineage3,CFHR5,2,0.15,0.0019468033263741,27,26.359616734924614
FIB,contractile,Lineage3,CFHR5,3,0.25,0.0,32,29.745368349043076
FIB,contractile,Lineage3,CFHR5,4,0.35,0.0,51,43.22356015630274
FIB,contractile,Lineage3,CFHR5,5,0.45,0.0,68,49.00698311989304
FIB,contractile,Lineage3,CFHR5,6,0.55,0.0009410472850336,55,45.17588319122831
FIB,contractile,Lineage3,CFHR5,7,0.6500000000000001,0.0015307244084008,38,37.13001146931714
FIB,contractile,Lineage3,CFHR5,8,0.75,0.0104961902292385,19,18.46164723510935
FIB,contractile,Lineage3,CFHR5,9,0.8500000000000001,0.001733759406499,29,29.0
FIB,contractile,Lineage3,CFHR5,10,0.95,0.0,21,21.0
FIB,contractile,Lineage4,CFHR5,1,0.05,0.0,54,43.07398687785016
FIB,contractile,Lineage4,CFHR5,2,0.15,0.0019130479645531,27,26.824727080737436
FIB,contractile,Lineage4,CFHR5,3,0.25,0.0,41,34.06853769135626
FIB,contractile,Lineage4,CFHR5,4,0.35,0.0,41,40.018265686800056
FIB,contractile,Lineage4,CFHR5,5,0.45,0.0077487943333717,16,16.0
FIB,contractile,Lineage4,CFHR5,6,0.55,0.0,16,16.0
FIB,contractile,Lineage4,CFHR5,7,0.6500000000000001,0.0,17,17.0
FIB,contractile,Lineage4,CFHR5,8,0.75,0.0,16,16.0
FIB,contractile,Lineage4,CFHR5,9,0.8500000000000001,0.0,14,14.0
FIB,contractile,Lineage4,CFHR5,10,0.95,0.0,12,12.0
FIB,contractile,Lineage5,CFHR5,1,0.05,0.0,11,7.242416201239249
FIB,contractile,Lineage5,CFHR5,2,0.15,0.0,24,20.5006390929894
FIB,contractile,Lineage5,CFHR5,3,0.25,0.0,12,11.422888260404685
FIB,contractile,Lineage5,CFHR5,4,0.35,0.0,11,11.0
FIB,contractile,Lineage5,CFHR5,5,0.45,0.0,12,12.0
FIB,contractile,Lineage5,CFHR5,6,0.55,0.0028804936155733,20,19.599544265730348
FIB,contractile,Lineage5,CFHR5,7,0.6500000000000001,0.0,11,10.824631057732674
FIB,contractile,Lineage5,CFHR5,8,0.75,0.0,5,5.0
FIB,contractile,Lineage5,CFHR5,9,0.8500000000000001,,0,0.0
FIB,contractile,Lineage5,CFHR5,10,0.95,0.0,3,3.0
FIB,contractile,Lineage6,CFHR5,1,0.05,0.0,18,16.7037350532296
FIB,contractile,Lineage6,CFHR5,2,0.15,0.0,28,22.47807993222851
FIB,contractile,Lineage6,CFHR5,3,0.25,0.0,4,3.736031729923683
FIB,contractile,Lineage6,CFHR5,4,0.35,0.0,11,8.546697286819573
FIB,contractile,Lineage6,CFHR5,5,0.45,0.0,15,13.27793240092435
FIB,contractile,Lineage6,CFHR5,6,0.55,0.0,13,11.779158072583831
FIB,contractile,Lineage6,CFHR5,7,0.6500000000000001,0.0,7,7.0
FIB,contractile,Lineage6,CFHR5,8,0.75,0.0,4,4.0
FIB,contractile,Lineage6,CFHR5,9,0.8500000000000001,0.0,5,5.0
FIB,contractile,Lineage6,CFHR5,10,0.95,0.0,4,4.0
FIB,outer_medullary,Lineage1,C1QA,1,0.05,0.0256190681910429,21,20.65733288150766
FIB,outer_medullary,Lineage1,C1QA,2,0.15,0.0192689227034394,31,28.982367890451428
FIB,outer_medullary,Lineage1,C1QA,3,0.25,0.0370578064532003,23,22.132489524124708
FIB,outer_medullary,Lineage1,C1QA,4,0.35,0.0504909686285895,52,43.09799546844159
FIB,outer_medullary,Lineage1,C1QA,5,0.45,0.0796102694375699,63,58.75865565513363
FIB,outer_medullary,Lineage1,C1QA,6,0.55,0.051132291841525,39,39.0
FIB,outer_medullary,Lineage1,C1QA,7,0.6500000000000001,0.1521009778717605,14,14.0
FIB,outer_medullary,Lineage1,C1QA,8,0.75,0.0609225665912826,4,4.0
FIB,outer_medullary,Lineage1,C1QA,9,0.8500000000000001,,0,0.0
FIB,outer_medullary,Lineage1,C1QA,10,0.95,0.4329831193283965,15,15.0
FIB,outer_medullary,Lineage2,C1QA,1,0.05,0.0304968490378592,15,14.989073141107747
FIB,outer_medullary,Lineage2,C1QA,2,0.15,0.0136356561117329,27,26.61705168047081
FIB,outer_medullary,Lineage2,C1QA,3,0.25,0.0286541085215041,19,18.32791137999623
FIB,outer_medullary,Lineage2,C1QA,4,0.35,0.044469056071266,19,18.756525010215334
FIB,outer_medullary,Lineage2,C1QA,5,0.45,0.0494515445990303,37,36.44729119370616
FIB,outer_medullary,Lineage2,C1QA,6,0.55,0.0466766331882581,13,13.0
FIB,outer_medullary,Lineage2,C1QA,7,0.6500000000000001,0.0326534872196012,7,7.0
FIB,outer_medullary,Lineage2,C1QA,8,0.75,,0,0.0
FIB,outer_medullary,Lineage2,C1QA,9,0.8500000000000001,0.0,2,2.0
FIB,outer_medullary,Lineage2,C1QA,10,0.95,0.1012018329471947,6,6.0
FIB,outer_medullary,Lineage1,C1QB,1,0.05,0.0245595524311356,21,20.65733288150766
FIB,outer_medullary,Lineage1,C1QB,2,0.15,0.0265772570537475,31,28.982367890451428
FIB,outer_medullary,Lineage1,C1QB,3,0.25,0.0361560662851143,23,22.132489524124708
FIB,outer_medullary,Lineage1,C1QB,4,0.35,0.0609279546400287,52,43.09799546844159
FIB,outer_medullary,Lineage1,C1QB,5,0.45,0.0759800648348309,63,58.75865565513363
FIB,outer_medullary,Lineage1,C1QB,6,0.55,0.0824681718080656,39,39.0
FIB,outer_medullary,Lineage1,C1QB,7,0.6500000000000001,0.0561821959339204,14,14.0
FIB,outer_medullary,Lineage1,C1QB,8,0.75,0.0353144544003628,4,4.0
FIB,outer_medullary,Lineage1,C1QB,9,0.8500000000000001,,0,0.0
FIB,outer_medullary,Lineage1,C1QB,10,0.95,0.3097001550277488,15,15.0
FIB,outer_medullary,Lineage2,C1QB,1,0.05,0.0298494038573077,15,14.989073141107747
FIB,outer_medullary,Lineage2,C1QB,2,0.15,0.0149622594245533,27,26.61705168047081
FIB,outer_medullary,Lineage2,C1QB,3,0.25,0.0374001251274421,19,18.32791137999623
FIB,outer_medullary,Lineage2,C1QB,4,0.35,0.054242580007467,19,18.756525010215334
FIB,outer_medullary,Lineage2,C1QB,5,0.45,0.0564292202720343,37,36.44729119370616
FIB,outer_medullary,Lineage2,C1QB,6,0.55,0.0557869138215887,13,13.0
FIB,outer_medullary,Lineage2,C1QB,7,0.6500000000000001,0.0173837304438448,7,7.0
FIB,outer_medullary,Lineage2,C1QB,8,0.75,,0,0.0
FIB,outer_medullary,Lineage2,C1QB,9,0.8500000000000001,0.019961934109271,2,2.0
FIB,outer_medullary,Lineage2,C1QB,10,0.95,0.0514584073702521,6,6.0
FIB,outer_medullary,Lineage1,C1QC,1,0.05,0.002498628567328,21,20.65733288150766
FIB,outer_medullary,Lineage1,C1QC,2,0.15,0.0102631506095591,31,28.982367890451428
FIB,outer_medullary,Lineage1,C1QC,3,0.25,0.0042485487429559,23,22.132489524124708
FIB,outer_medullary,Lineage1,C1QC,4,0.35,0.0238689752028802,52,43.09799546844159
FIB,outer_medullary,Lineage1,C1QC,5,0.45,0.0387579179112603,63,58.75865565513363
FIB,outer_medullary,Lineage1,C1QC,6,0.55,0.0301769946535924,39,39.0
FIB,outer_medullary,Lineage1,C1QC,7,0.6500000000000001,0.0393931243230595,14,14.0
FIB,outer_medullary,Lineage1,C1QC,8,0.75,0.0240724629231556,4,4.0
FIB,outer_medullary,Lineage1,C1QC,9,0.8500000000000001,,0,0.0
FIB,outer_medullary,Lineage1,C1QC,10,0.95,0.13790561657838,15,15.0
FIB,outer_medullary,Lineage2,C1QC,1,0.05,0.003428956389879,15,14.989073141107747
FIB,outer_medullary,Lineage2,C1QC,2,0.15,0.0076231362294753,27,26.61705168047081
FIB,outer_medullary,Lineage2,C1QC,3,0.25,0.0063987088628304,19,18.32791137999623
FIB,outer_medullary,Lineage2,C1QC,4,0.35,0.0145239896112941,19,18.756525010215334
FIB,outer_medullary,Lineage2,C1QC,5,0.45,0.0226890451382249,37,36.44729119370616
FIB,outer_medullary,Lineage2,C1QC,6,0.55,0.0175263703565388,13,13.0
FIB,outer_medullary,Lineage2,C1QC,7,0.6500000000000001,0.0,7,7.0
FIB,outer_medullary,Lineage2,C1QC,8,0.75,,0,0.0
FIB,outer_medullary,Lineage2,C1QC,9,0.8500000000000001,0.0,2,2.0
FIB,outer_medullary,Lineage2,C1QC,10,0.95,0.0204132142181357,6,6.0
FIB,outer_medullary,Lineage1,C1R,1,0.05,0.6153997180147674,21,20.65733288150766
FIB,outer_medullary,Lineage1,C1R,2,0.15,0.6899608395903227,31,28.982367890451428
FIB,outer_medullary,Lineage1,C1R,3,0.25,0.9227755563839928,23,22.132489524124708
FIB,outer_medullary,Lineage1,C1R,4,0.35,0.8740096247581852,52,43.09799546844159
FIB,outer_medullary,Lineage1,C1R,5,0.45,1.1273688927491496,63,58.75865565513363
FIB,outer_medullary,Lineage1,C1R,6,0.55,1.0785326092614171,39,39.0
FIB,outer_medullary,Lineage1,C1R,7,0.6500000000000001,0.9875283301858434,14,14.0
FIB,outer_medullary,Lineage1,C1R,8,0.75,0.9655497099418754,4,4.0
FIB,outer_medullary,Lineage1,C1R,9,0.8500000000000001,,0,0.0
FIB,outer_medullary,Lineage1,C1R,10,0.95,2.012836622325792,15,15.0
FIB,outer_medullary,Lineage2,C1R,1,0.05,0.663538795812745,15,14.989073141107747
FIB,outer_medullary,Lineage2,C1R,2,0.15,0.5787603242795937,27,26.61705168047081
FIB,outer_medullary,Lineage2,C1R,3,0.25,0.9231410624782148,19,18.32791137999623
FIB,outer_medullary,Lineage2,C1R,4,0.35,0.9343840975596704,19,18.756525010215334
FIB,outer_medullary,Lineage2,C1R,5,0.45,0.8760282236110978,37,36.44729119370616
FIB,outer_medullary,Lineage2,C1R,6,0.55,0.8260584182116764,13,13.0
FIB,outer_medullary,Lineage2,C1R,7,0.6500000000000001,0.714903033673218,7,7.0
FIB,outer_medullary,Lineage2,C1R,8,0.75,,0,0.0
FIB,outer_medullary,Lineage2,C1R,9,0.8500000000000001,0.5690480094193727,2,2.0
FIB,outer_medullary,Lineage2,C1R,10,0.95,0.7575084339271249,6,6.0
FIB,outer_medullary,Lineage1,C1S,1,0.05,0.8221486610766393,21,20.65733288150766
FIB,outer_medullary,Lineage1,C1S,2,0.15,0.8729656891962558,31,28.982367890451428
FIB,outer_medullary,Lineage1,C1S,3,0.25,0.99249249150523,23,22.132489524124708
FIB,outer_medullary,Lineage1,C1S,4,0.35,0.9487332154138826,52,43.09799546844159
FIB,outer_medullary,Lineage1,C1S,5,0.45,1.1741662627127571,63,58.75865565513363
FIB,outer_medullary,Lineage1,C1S,6,0.55,1.0853576774173397,39,39.0
FIB,outer_medullary,Lineage1,C1S,7,0.6500000000000001,1.18315142261393,14,14.0
FIB,outer_medullary,Lineage1,C1S,8,0.75,0.9724192436422452,4,4.0
FIB,outer_medullary,Lineage1,C1S,9,0.8500000000000001,,0,0.0
FIB,outer_medullary,Lineage1,C1S,10,0.95,1.5922299404901643,15,15.0
FIB,outer_medullary,Lineage2,C1S,1,0.05,0.8470628729623885,15,14.989073141107747
FIB,outer_medullary,Lineage2,C1S,2,0.15,0.8089910270400891,27,26.61705168047081
FIB,outer_medullary,Lineage2,C1S,3,0.25,1.0052962796975282,19,18.32791137999623
FIB,outer_medullary,Lineage2,C1S,4,0.35,0.9582740359211503,19,18.756525010215334
FIB,outer_medullary,Lineage2,C1S,5,0.45,0.9408462825094877,37,36.44729119370616
FIB,outer_medullary,Lineage2,C1S,6,0.55,0.9730854464711348,13,13.0
FIB,outer_medullary,Lineage2,C1S,7,0.6500000000000001,0.8898092961750045,7,7.0
FIB,outer_medullary,Lineage2,C1S,8,0.75,,0,0.0
FIB,outer_medullary,Lineage2,C1S,9,0.8500000000000001,0.7842092740158315,2,2.0
FIB,outer_medullary,Lineage2,C1S,10,0.95,0.8784452899916707,6,6.0
FIB,outer_medullary,Lineage1,C2,1,0.05,0.1454230877222139,21,20.65733288150766
FIB,outer_medullary,Lineage1,C2,2,0.15,0.1004671545510362,31,28.982367890451428
FIB,outer_medullary,Lineage1,C2,3,0.25,0.1046787094602862,23,22.132489524124708
FIB,outer_medullary,Lineage1,C2,4,0.35,0.1092269287059269,52,43.09799546844159
FIB,outer_medullary,Lineage1,C2,5,0.45,0.1507448985982039,63,58.75865565513363
FIB,outer_medullary,Lineage1,C2,6,0.55,0.1253471896694697,39,39.0
FIB,outer_medullary,Lineage1,C2,7,0.6500000000000001,0.1470691041450378,14,14.0
FIB,outer_medullary,Lineage1,C2,8,0.75,0.1742055878483459,4,4.0
FIB,outer_medullary,Lineage1,C2,9,0.8500000000000001,,0,0.0
FIB,outer_medullary,Lineage1,C2,10,0.95,0.1371925514910396,15,15.0
FIB,outer_medullary,Lineage2,C2,1,0.05,0.1453641507738653,15,14.989073141107747
FIB,outer_medullary,Lineage2,C2,2,0.15,0.1002030714808692,27,26.61705168047081
FIB,outer_medullary,Lineage2,C2,3,0.25,0.1245638243976164,19,18.32791137999623
FIB,outer_medullary,Lineage2,C2,4,0.35,0.1034462349094088,19,18.756525010215334
FIB,outer_medullary,Lineage2,C2,5,0.45,0.1134578974414144,37,36.44729119370616
FIB,outer_medullary,Lineage2,C2,6,0.55,0.1499860721859851,13,13.0
FIB,outer_medullary,Lineage2,C2,7,0.6500000000000001,0.2003530406937959,7,7.0
FIB,outer_medullary,Lineage2,C2,8,0.75,,0,0.0
FIB,outer_medullary,Lineage2,C2,9,0.8500000000000001,0.1959479583075931,2,2.0
FIB,outer_medullary,Lineage2,C2,10,0.95,0.270247042543591,6,6.0
FIB,outer_medullary,Lineage1,C4A,1,0.05,0.0,21,20.65733288150766
FIB,outer_medullary,Lineage1,C4A,2,0.15,0.0,31,28.982367890451428
FIB,outer_medullary,Lineage1,C4A,3,0.25,0.0,23,22.132489524124708
FIB,outer_medullary,Lineage1,C4A,4,0.35,0.0,52,43.09799546844159
FIB,outer_medullary,Lineage1,C4A,5,0.45,0.0019019472372861,63,58.75865565513363
FIB,outer_medullary,Lineage1,C4A,6,0.55,0.0,39,39.0
FIB,outer_medullary,Lineage1,C4A,7,0.6500000000000001,0.0,14,14.0
FIB,outer_medullary,Lineage1,C4A,8,0.75,0.0,4,4.0
FIB,outer_medullary,Lineage1,C4A,9,0.8500000000000001,,0,0.0
FIB,outer_medullary,Lineage1,C4A,10,0.95,0.0,15,15.0
FIB,outer_medullary,Lineage2,C4A,1,0.05,0.0,15,14.989073141107747
FIB,outer_medullary,Lineage2,C4A,2,0.15,0.0,27,26.61705168047081
FIB,outer_medullary,Lineage2,C4A,3,0.25,0.0,19,18.32791137999623
FIB,outer_medullary,Lineage2,C4A,4,0.35,0.0,19,18.756525010215334
FIB,outer_medullary,Lineage2,C4A,5,0.45,0.0,37,36.44729119370616
FIB,outer_medullary,Lineage2,C4A,6,0.55,0.005233079874393,13,13.0
FIB,outer_medullary,Lineage2,C4A,7,0.6500000000000001,0.0,7,7.0
FIB,outer_medullary,Lineage2,C4A,8,0.75,,0,0.0
FIB,outer_medullary,Lineage2,C4A,9,0.8500000000000001,0.019961934109271,2,2.0
FIB,outer_medullary,Lineage2,C4A,10,0.95,0.0,6,6.0
FIB,outer_medullary,Lineage1,C4B,1,0.05,0.0015130396751678,21,20.65733288150766
FIB,outer_medullary,Lineage1,C4B,2,0.15,0.0,31,28.982367890451428
FIB,outer_medullary,Lineage1,C4B,3,0.25,0.0,23,22.132489524124708
FIB,outer_medullary,Lineage1,C4B,4,0.35,0.0006044677500517,52,43.09799546844159
FIB,outer_medullary,Lineage1,C4B,5,0.45,0.002888241079396,63,58.75865565513363
FIB,outer_medullary,Lineage1,C4B,6,0.55,0.0039022624322502,39,39.0
FIB,outer_medullary,Lineage1,C4B,7,0.6500000000000001,0.0016049875684003,14,14.0
FIB,outer_medullary,Lineage1,C4B,8,0.75,0.0,4,4.0
FIB,outer_medullary,Lineage1,C4B,9,0.8500000000000001,,0,0.0
FIB,outer_medullary,Lineage1,C4B,10,0.95,0.0277347315004916,15,15.0
FIB,outer_medullary,Lineage2,C4B,1,0.05,0.0,15,14.989073141107747
FIB,outer_medullary,Lineage2,C4B,2,0.15,0.0011868751603001,27,26.61705168047081
FIB,outer_medullary,Lineage2,C4B,3,0.25,0.0,19,18.32791137999623
FIB,outer_medullary,Lineage2,C4B,4,0.35,0.0,19,18.756525010215334
FIB,outer_medullary,Lineage2,C4B,5,0.45,0.0,37,36.44729119370616
FIB,outer_medullary,Lineage2,C4B,6,0.55,0.0,13,13.0
FIB,outer_medullary,Lineage2,C4B,7,0.6500000000000001,0.0,7,7.0
FIB,outer_medullary,Lineage2,C4B,8,0.75,,0,0.0
FIB,outer_medullary,Lineage2,C4B,9,0.8500000000000001,0.0,2,2.0
FIB,outer_medullary,Lineage2,C4B,10,0.95,0.0,6,6.0
FIB,outer_medullary,Lineage1,C4BPA,1,0.05,0.0038424197436536,21,20.65733288150766
FIB,outer_medullary,Lineage1,C4BPA,2,0.15,0.0070157508924924,31,28.982367890451428
FIB,outer_medullary,Lineage1,C4BPA,3,0.25,0.0053899361634952,23,22.132489524124708
FIB,outer_medullary,Lineage1,C4BPA,4,0.35,0.0045406996926896,52,43.09799546844159
FIB,outer_medullary,Lineage1,C4BPA,5,0.45,0.0036472288525161,63,58.75865565513363
FIB,outer_medullary,Lineage1,C4BPA,6,0.55,0.0114610747899916,39,39.0
FIB,outer_medullary,Lineage1,C4BPA,7,0.6500000000000001,0.0,14,14.0
FIB,outer_medullary,Lineage1,C4BPA,8,0.75,0.0,4,4.0
FIB,outer_medullary,Lineage1,C4BPA,9,0.8500000000000001,,0,0.0
FIB,outer_medullary,Lineage1,C4BPA,10,0.95,0.0107058800567416,15,15.0
FIB,outer_medullary,Lineage2,C4BPA,1,0.05,0.0052902385232353,15,14.989073141107747
FIB,outer_medullary,Lineage2,C4BPA,2,0.15,0.0,27,26.61705168047081
FIB,outer_medullary,Lineage2,C4BPA,3,0.25,0.018500692758835,19,18.32791137999623
FIB,outer_medullary,Lineage2,C4BPA,4,0.35,0.0034050241579795,19,18.756525010215334
FIB,outer_medullary,Lineage2,C4BPA,5,0.45,0.0051125511838957,37,36.44729119370616
FIB,outer_medullary,Lineage2,C4BPA,6,0.55,0.0,13,13.0
FIB,outer_medullary,Lineage2,C4BPA,7,0.6500000000000001,0.0,7,7.0
FIB,outer_medullary,Lineage2,C4BPA,8,0.75,,0,0.0
FIB,outer_medullary,Lineage2,C4BPA,9,0.8500000000000001,0.0,2,2.0
FIB,outer_medullary,Lineage2,C4BPA,10,0.95,0.0,6,6.0
FIB,outer_medullary,Lineage1,C4BPB,1,0.05,0.0008281069819677,21,20.65733288150766
FIB,outer_medullary,Lineage1,C4BPB,2,0.15,0.0010838376914817,31,28.982367890451428
FIB,outer_medullary,Lineage1,C4BPB,3,0.25,0.0,23,22.132489524124708
FIB,outer_medullary,Lineage1,C4BPB,4,0.35,0.0036428194939463,52,43.09799546844159
FIB,outer_medullary,Lineage1,C4BPB,5,0.45,0.0018909840160418,63,58.75865565513363
FIB,outer_medullary,Lineage1,C4BPB,6,0.55,0.0030009337244086,39,39.0
FIB,outer_medullary,Lineage1,C4BPB,7,0.6500000000000001,0.0,14,14.0
FIB,outer_medullary,Lineage1,C4BPB,8,0.75,0.0449021272846536,4,4.0
FIB,outer_medullary,Lineage1,C4BPB,9,0.8500000000000001,,0,0.0
FIB,outer_medullary,Lineage1,C4BPB,10,0.95,0.0,15,15.0
FIB,outer_medullary,Lineage2,C4BPB,1,0.05,0.0011412634675251,15,14.989073141107747
FIB,outer_medullary,Lineage2,C4BPB,2,0.15,0.0,27,26.61705168047081
FIB,outer_medullary,Lineage2,C4BPB,3,0.25,0.0017138986574512,19,18.32791137999623
FIB,outer_medullary,Lineage2,C4BPB,4,0.35,0.0056884823011009,19,18.756525010215334
FIB,outer_medullary,Lineage2,C4BPB,5,0.45,0.0016804610437325,37,36.44729119370616
FIB,outer_medullary,Lineage2,C4BPB,6,0.55,0.0,13,13.0
FIB,outer_medullary,Lineage2,C4BPB,7,0.6500000000000001,0.0,7,7.0
FIB,outer_medullary,Lineage2,C4BPB,8,0.75,,0,0.0
FIB,outer_medullary,Lineage2,C4BPB,9,0.8500000000000001,0.0,2,2.0
FIB,outer_medullary,Lineage2,C4BPB,10,0.95,0.0,6,6.0
FIB,outer_medullary,Lineage1,MBL2,1,0.05,0.0,21,20.65733288150766
FIB,outer_medullary,Lineage1,MBL2,2,0.15,0.0,31,28.982367890451428
FIB,outer_medullary,Lineage1,MBL2,3,0.25,0.0,23,22.132489524124708
FIB,outer_medullary,Lineage1,MBL2,4,0.35,0.0,52,43.09799546844159
FIB,outer_medullary,Lineage1,MBL2,5,0.45,0.0,63,58.75865565513363
FIB,outer_medullary,Lineage1,MBL2,6,0.55,0.0,39,39.0
FIB,outer_medullary,Lineage1,MBL2,7,0.6500000000000001,0.0,14,14.0
FIB,outer_medullary,Lineage1,MBL2,8,0.75,0.0,4,4.0
FIB,outer_medullary,Lineage1,MBL2,9,0.8500000000000001,,0,0.0
FIB,outer_medullary,Lineage1,MBL2,10,0.95,0.0,15,15.0
FIB,outer_medullary,Lineage2,MBL2,1,0.05,0.0,15,14.989073141107747
FIB,outer_medullary,Lineage2,MBL2,2,0.15,0.0,27,26.61705168047081
FIB,outer_medullary,Lineage2,MBL2,3,0.25,0.0,19,18.32791137999623
FIB,outer_medullary,Lineage2,MBL2,4,0.35,0.0,19,18.756525010215334
FIB,outer_medullary,Lineage2,MBL2,5,0.45,0.0,37,36.44729119370616
FIB,outer_medullary,Lineage2,MBL2,6,0.55,0.0,13,13.0
FIB,outer_medullary,Lineage2,MBL2,7,0.6500000000000001,0.0,7,7.0
FIB,outer_medullary,Lineage2,MBL2,8,0.75,,0,0.0
FIB,outer_medullary,Lineage2,MBL2,9,0.8500000000000001,0.0,2,2.0
FIB,outer_medullary,Lineage2,MBL2,10,0.95,0.0,6,6.0
FIB,outer_medullary,Lineage1,FCN1,1,0.05,0.0055421180922417,21,20.65733288150766
FIB,outer_medullary,Lineage1,FCN1,2,0.15,0.0053562840153333,31,28.982367890451428
FIB,outer_medullary,Lineage1,FCN1,3,0.25,0.0016559234962872,23,22.132489524124708
FIB,outer_medullary,Lineage1,FCN1,4,0.35,0.0090601125073059,52,43.09799546844159
FIB,outer_medullary,Lineage1,FCN1,5,0.45,0.0003164376340289,63,58.75865565513363
FIB,outer_medullary,Lineage1,FCN1,6,0.55,0.0046712544632137,39,39.0
FIB,outer_medullary,Lineage1,FCN1,7,0.6500000000000001,0.0025054237481078,14,14.0
FIB,outer_medullary,Lineage1,FCN1,8,0.75,0.0163030371617613,4,4.0
FIB,outer_medullary,Lineage1,FCN1,9,0.8500000000000001,,0,0.0
FIB,outer_medullary,Lineage1,FCN1,10,0.95,0.0863238385177095,15,15.0
FIB,outer_medullary,Lineage2,FCN1,1,0.05,0.0077116008384504,15,14.989073141107747
FIB,outer_medullary,Lineage2,FCN1,2,0.15,0.0024099476881128,27,26.61705168047081
FIB,outer_medullary,Lineage2,FCN1,3,0.25,0.0065106164128545,19,18.32791137999623
FIB,outer_medullary,Lineage2,FCN1,4,0.35,0.0019539711867932,19,18.756525010215334
FIB,outer_medullary,Lineage2,FCN1,5,0.45,0.0111675351482899,37,36.44729119370616
FIB,outer_medullary,Lineage2,FCN1,6,0.55,0.0030789595562511,13,13.0
FIB,outer_medullary,Lineage2,FCN1,7,0.6500000000000001,0.0,7,7.0
FIB,outer_medullary,Lineage2,FCN1,8,0.75,,0,0.0
FIB,outer_medullary,Lineage2,FCN1,9,0.8500000000000001,0.0,2,2.0
FIB,outer_medullary,Lineage2,FCN1,10,0.95,0.0,6,6.0
FIB,outer_medullary,Lineage1,FCN2,1,0.05,0.0,21,20.65733288150766
FIB,outer_medullary,Lineage1,FCN2,2,0.15,0.0,31,28.982367890451428
FIB,outer_medullary,Lineage1,FCN2,3,0.25,0.0,23,22.132489524124708
FIB,outer_medullary,Lineage1,FCN2,4,0.35,0.0,52,43.09799546844159
FIB,outer_medullary,Lineage1,FCN2,5,0.45,0.0,63,58.75865565513363
FIB,outer_medullary,Lineage1,FCN2,6,0.55,0.0,39,39.0
FIB,outer_medullary,Lineage1,FCN2,7,0.6500000000000001,0.0,14,14.0
FIB,outer_medullary,Lineage1,FCN2,8,0.75,0.0,4,4.0
FIB,outer_medullary,Lineage1,FCN2,9,0.8500000000000001,,0,0.0
FIB,outer_medullary,Lineage1,FCN2,10,0.95,0.0,15,15.0
FIB,outer_medullary,Lineage2,FCN2,1,0.05,0.0,15,14.989073141107747
FIB,outer_medullary,Lineage2,FCN2,2,0.15,0.0,27,26.61705168047081
FIB,outer_medullary,Lineage2,FCN2,3,0.25,0.0,19,18.32791137999623
FIB,outer_medullary,Lineage2,FCN2,4,0.35,0.0,19,18.756525010215334
FIB,outer_medullary,Lineage2,FCN2,5,0.45,0.0,37,36.44729119370616
FIB,outer_medullary,Lineage2,FCN2,6,0.55,0.0,13,13.0
FIB,outer_medullary,Lineage2,FCN2,7,0.6500000000000001,0.0,7,7.0
FIB,outer_medullary,Lineage2,FCN2,8,0.75,,0,0.0
FIB,outer_medullary,Lineage2,FCN2,9,0.8500000000000001,0.0,2,2.0
FIB,outer_medullary,Lineage2,FCN2,10,0.95,0.0,6,6.0
FIB,outer_medullary,Lineage1,FCN3,1,0.05,0.0045054324298977,21,20.65733288150766
FIB,outer_medullary,Lineage1,FCN3,2,0.15,0.0017712643233223,31,28.982367890451428
FIB,outer_medullary,Lineage1,FCN3,3,0.25,0.0078893086013234,23,22.132489524124708
FIB,outer_medullary,Lineage1,FCN3,4,0.35,0.0073973829565074,52,43.09799546844159
FIB,outer_medullary,Lineage1,FCN3,5,0.45,0.0182085496107688,63,58.75865565513363
FIB,outer_medullary,Lineage1,FCN3,6,0.55,0.0142137219790233,39,39.0
FIB,outer_medullary,Lineage1,FCN3,7,0.6500000000000001,0.0,14,14.0
FIB,outer_medullary,Lineage1,FCN3,8,0.75,0.0,4,4.0
FIB,outer_medullary,Lineage1,FCN3,9,0.8500000000000001,,0,0.0
FIB,outer_medullary,Lineage1,FCN3,10,0.95,0.0906295858014793,15,15.0
FIB,outer_medullary,Lineage2,FCN3,1,0.05,0.0026992904291435,15,14.989073141107747
FIB,outer_medullary,Lineage2,FCN3,2,0.15,0.003914664783181,27,26.61705168047081
FIB,outer_medullary,Lineage2,FCN3,3,0.25,0.006166347153685,19,18.32791137999623
FIB,outer_medullary,Lineage2,FCN3,4,0.35,0.0,19,18.756525010215334
FIB,outer_medullary,Lineage2,FCN3,5,0.45,0.008398438199504,37,36.44729119370616
FIB,outer_medullary,Lineage2,FCN3,6,0.55,0.012034700350946,13,13.0
FIB,outer_medullary,Lineage2,FCN3,7,0.6500000000000001,0.0,7,7.0
FIB,outer_medullary,Lineage2,FCN3,8,0.75,,0,0.0
FIB,outer_medullary,Lineage2,FCN3,9,0.8500000000000001,0.0,2,2.0
FIB,outer_medullary,Lineage2,FCN3,10,0.95,0.0,6,6.0
FIB,outer_medullary,Lineage1,MASP1,1,0.05,0.009056674879452,21,20.65733288150766
FIB,outer_medullary,Lineage1,MASP1,2,0.15,0.0285997450601846,31,28.982367890451428
FIB,outer_medullary,Lineage1,MASP1,3,0.25,0.0058919871807396,23,22.132489524124708
FIB,outer_medullary,Lineage1,MASP1,4,0.35,0.0063171688488922,52,43.09799546844159
FIB,outer_medullary,Lineage1,MASP1,5,0.45,0.0049838887945468,63,58.75865565513363
FIB,outer_medullary,Lineage1,MASP1,6,0.55,0.0005086208609595,39,39.0
FIB,outer_medullary,Lineage1,MASP1,7,0.6500000000000001,0.0030758861523659,14,14.0
FIB,outer_medullary,Lineage1,MASP1,8,0.75,0.0480118527532098,4,4.0
FIB,outer_medullary,Lineage1,MASP1,9,0.8500000000000001,,0,0.0
FIB,outer_medullary,Lineage1,MASP1,10,0.95,0.0376398489030404,15,15.0
FIB,outer_medullary,Lineage2,MASP1,1,0.05,0.0126713136795676,15,14.989073141107747
FIB,outer_medullary,Lineage2,MASP1,2,0.15,0.0191406832676467,27,26.61705168047081
FIB,outer_medullary,Lineage2,MASP1,3,0.25,0.0245484951626141,19,18.32791137999623
FIB,outer_medullary,Lineage2,MASP1,4,0.35,0.0071709191786079,19,18.756525010215334
FIB,outer_medullary,Lineage2,MASP1,5,0.45,0.0012154298734002,37,36.44729119370616
FIB,outer_medullary,Lineage2,MASP1,6,0.55,0.0084623838315993,13,13.0
FIB,outer_medullary,Lineage2,MASP1,7,0.6500000000000001,0.0,7,7.0
FIB,outer_medullary,Lineage2,MASP1,8,0.75,,0,0.0
FIB,outer_medullary,Lineage2,MASP1,9,0.8500000000000001,0.0451864258242333,2,2.0
FIB,outer_medullary,Lineage2,MASP1,10,0.95,0.0,6,6.0
FIB,outer_medullary,Lineage1,MASP2,1,0.05,0.0011305128410077,21,20.65733288150766
FIB,outer_medullary,Lineage1,MASP2,2,0.15,0.0070733307215641,31,28.982367890451428
FIB,outer_medullary,Lineage1,MASP2,3,0.25,0.0120002118530935,23,22.132489524124708
FIB,outer_medullary,Lineage1,MASP2,4,0.35,0.0075729718371982,52,43.09799546844159
FIB,outer_medullary,Lineage1,MASP2,5,0.45,0.0135704085038271,63,58.75865565513363
FIB,outer_medullary,Lineage1,MASP2,6,0.55,0.0153923611970542,39,39.0
FIB,outer_medullary,Lineage1,MASP2,7,0.6500000000000001,0.0,14,14.0
FIB,outer_medullary,Lineage1,MASP2,8,0.75,0.0,4,4.0
FIB,outer_medullary,Lineage1,MASP2,9,0.8500000000000001,,0,0.0
FIB,outer_medullary,Lineage1,MASP2,10,0.95,0.0,15,15.0
FIB,outer_medullary,Lineage2,MASP2,1,0.05,0.0015580269616183,15,14.989073141107747
FIB,outer_medullary,Lineage2,MASP2,2,0.15,0.0044322045204147,27,26.61705168047081
FIB,outer_medullary,Lineage2,MASP2,3,0.25,0.0091290315175479,19,18.32791137999623
FIB,outer_medullary,Lineage2,MASP2,4,0.35,0.0044091541867903,19,18.756525010215334
FIB,outer_medullary,Lineage2,MASP2,5,0.45,0.0106025998197752,37,36.44729119370616
FIB,outer_medullary,Lineage2,MASP2,6,0.55,0.0197003303244013,13,13.0
FIB,outer_medullary,Lineage2,MASP2,7,0.6500000000000001,0.0106180279390696,7,7.0
FIB,outer_medullary,Lineage2,MASP2,8,0.75,,0,0.0
FIB,outer_medullary,Lineage2,MASP2,9,0.8500000000000001,0.0,2,2.0
FIB,outer_medullary,Lineage2,MASP2,10,0.95,0.0226605201633947,6,6.0
FIB,outer_medullary,Lineage1,C3,1,0.05,0.0162738693748652,21,20.65733288150766
FIB,outer_medullary,Lineage1,C3,2,0.15,0.0125230801505689,31,28.982367890451428
FIB,outer_medullary,Lineage1,C3,3,0.25,0.0066104038350554,23,22.132489524124708
FIB,outer_medullary,Lineage1,C3,4,0.35,0.0106526400490705,52,43.09799546844159
FIB,outer_medullary,Lineage1,C3,5,0.45,0.0676623875463568,63,58.75865565513363
FIB,outer_medullary,Lineage1,C3,6,0.55,0.0440916150806358,39,39.0
FIB,outer_medullary,Lineage1,C3,7,0.6500000000000001,0.160950156962479,14,14.0
FIB,outer_medullary,Lineage1,C3,8,0.75,0.0460725961111479,4,4.0
FIB,outer_medullary,Lineage1,C3,9,0.8500000000000001,,0,0.0
FIB,outer_medullary,Lineage1,C3,10,0.95,0.5115708449428512,15,15.0
FIB,outer_medullary,Lineage2,C3,1,0.05,0.023231352077464,15,14.989073141107747
FIB,outer_medullary,Lineage2,C3,2,0.15,0.0074117294448169,27,26.61705168047081
FIB,outer_medullary,Lineage2,C3,3,0.25,0.0123171287307469,19,18.32791137999623
FIB,outer_medullary,Lineage2,C3,4,0.35,0.0048451623467231,19,18.756525010215334
FIB,outer_medullary,Lineage2,C3,5,0.45,0.0114718946517457,37,36.44729119370616
FIB,outer_medullary,Lineage2,C3,6,0.55,0.0221034493059887,13,13.0
FIB,outer_medullary,Lineage2,C3,7,0.6500000000000001,0.0415960018862457,7,7.0
FIB,outer_medullary,Lineage2,C3,8,0.75,,0,0.0
FIB,outer_medullary,Lineage2,C3,9,0.8500000000000001,0.0430654266772423,2,2.0
FIB,outer_medullary,Lineage2,C3,10,0.95,0.0119755780087504,6,6.0
FIB,outer_medullary,Lineage1,CFB,1,0.05,0.080986647173408,21,20.65733288150766
FIB,outer_medullary,Lineage1,CFB,2,0.15,0.0775112231242565,31,28.982367890451428
FIB,outer_medullary,Lineage1,CFB,3,0.25,0.0942338268748941,23,22.132489524124708
FIB,outer_medullary,Lineage1,CFB,4,0.35,0.1174994926807246,52,43.09799546844159
FIB,outer_medullary,Lineage1,CFB,5,0.45,0.1804494624891659,63,58.75865565513363
FIB,outer_medullary,Lineage1,CFB,6,0.55,0.1735033123875138,39,39.0
FIB,outer_medullary,Lineage1,CFB,7,0.6500000000000001,0.13795144924568,14,14.0
FIB,outer_medullary,Lineage1,CFB,8,0.75,0.0685540859456111,4,4.0
FIB,outer_medullary,Lineage1,CFB,9,0.8500000000000001,,0,0.0
FIB,outer_medullary,Lineage1,CFB,10,0.95,0.6701978054561268,15,15.0
FIB,outer_medullary,Lineage2,CFB,1,0.05,0.0951865057737111,15,14.989073141107747
FIB,outer_medullary,Lineage2,CFB,2,0.15,0.0490936287943566,27,26.61705168047081
FIB,outer_medullary,Lineage2,CFB,3,0.25,0.1360134764587724,19,18.32791137999623
FIB,outer_medullary,Lineage2,CFB,4,0.35,0.1075704380078307,19,18.756525010215334
FIB,outer_medullary,Lineage2,CFB,5,0.45,0.1255588414134122,37,36.44729119370616
FIB,outer_medullary,Lineage2,CFB,6,0.55,0.137943538750584,13,13.0
FIB,outer_medullary,Lineage2,CFB,7,0.6500000000000001,0.0703867869955694,7,7.0
FIB,outer_medullary,Lineage2,CFB,8,0.75,,0,0.0
FIB,outer_medullary,Lineage2,CFB,9,0.8500000000000001,0.1378689246335085,2,2.0
FIB,outer_medullary,Lineage2,CFB,10,0.95,0.2001910196218007,6,6.0
FIB,outer_medullary,Lineage1,CFD,1,0.05,0.0633031027197099,21,20.65733288150766
FIB,outer_medullary,Lineage1,CFD,2,0.15,0.09465913974288,31,28.982367890451428
FIB,outer_medullary,Lineage1,CFD,3,0.25,0.1870402045909266,23,22.132489524124708
FIB,outer_medullary,Lineage1,CFD,4,0.35,0.2112502681845372,52,43.09799546844159
FIB,outer_medullary,Lineage1,CFD,5,0.45,0.2507388821556252,63,58.75865565513363
FIB,outer_medullary,Lineage1,CFD,6,0.55,0.1945162784110815,39,39.0
FIB,outer_medullary,Lineage1,CFD,7,0.6500000000000001,0.2291981180395428,14,14.0
FIB,outer_medullary,Lineage1,CFD,8,0.75,0.0923726250161059,4,4.0
FIB,outer_medullary,Lineage1,CFD,9,0.8500000000000001,,0,0.0
FIB,outer_medullary,Lineage1,CFD,10,0.95,0.5489615656617729,15,15.0
FIB,outer_medullary,Lineage2,CFD,1,0.05,0.0744478262776787,15,14.989073141107747
FIB,outer_medullary,Lineage2,CFD,2,0.15,0.0531138643495806,27,26.61705168047081
FIB,outer_medullary,Lineage2,CFD,3,0.25,0.1714760256708102,19,18.32791137999623
FIB,outer_medullary,Lineage2,CFD,4,0.35,0.1720998717694223,19,18.756525010215334
FIB,outer_medullary,Lineage2,CFD,5,0.45,0.2161613830520819,37,36.44729119370616
FIB,outer_medullary,Lineage2,CFD,6,0.55,0.1223968116010007,13,13.0
FIB,outer_medullary,Lineage2,CFD,7,0.6500000000000001,0.1795226746126992,7,7.0
FIB,outer_medullary,Lineage2,CFD,8,0.75,,0,0.0
FIB,outer_medullary,Lineage2,CFD,9,0.8500000000000001,0.1239782844150566,2,2.0
FIB,outer_medullary,Lineage2,CFD,10,0.95,0.126779951972276,6,6.0
FIB,outer_medullary,Lineage1,CFP,1,0.05,0.0095945894487479,21,20.65733288150766
FIB,outer_medullary,Lineage1,CFP,2,0.15,0.0038976465529302,31,28.982367890451428
FIB,outer_medullary,Lineage1,CFP,3,0.25,0.0012297175749494,23,22.132489524124708
FIB,outer_medullary,Lineage1,CFP,4,0.35,0.0042917965016819,52,43.09799546844159
FIB,outer_medullary,Lineage1,CFP,5,0.45,0.005251789520747,63,58.75865565513363
FIB,outer_medullary,Lineage1,CFP,6,0.55,0.0068568575478741,39,39.0
FIB,outer_medullary,Lineage1,CFP,7,0.6500000000000001,0.0076132505002074,14,14.0
FIB,outer_medullary,Lineage1,CFP,8,0.75,0.0,4,4.0
FIB,outer_medullary,Lineage1,CFP,9,0.8500000000000001,,0,0.0
FIB,outer_medullary,Lineage1,CFP,10,0.95,0.0,15,15.0
FIB,outer_medullary,Lineage2,CFP,1,0.05,0.0108557153505411,15,14.989073141107747
FIB,outer_medullary,Lineage2,CFP,2,0.15,0.0042661723340181,27,26.61705168047081
FIB,outer_medullary,Lineage2,CFP,3,0.25,0.0030201116178513,19,18.32791137999623
FIB,outer_medullary,Lineage2,CFP,4,0.35,0.0014510529711862,19,18.756525010215334
FIB,outer_medullary,Lineage2,CFP,5,0.45,0.0061327452103762,37,36.44729119370616
FIB,outer_medullary,Lineage2,CFP,6,0.55,0.0052421812648868,13,13.0
FIB,outer_medullary,Lineage2,CFP,7,0.6500000000000001,0.0,7,7.0
FIB,outer_medullary,Lineage2,CFP,8,0.75,,0,0.0
FIB,outer_medullary,Lineage2,CFP,9,0.8500000000000001,0.0,2,2.0
FIB,outer_medullary,Lineage2,CFP,10,0.95,0.010518936447132,6,6.0
FIB,outer_medullary,Lineage1,C5,1,0.05,0.3578217519997107,21,20.65733288150766
FIB,outer_medullary,Lineage1,C5,2,0.15,0.358729951588313,31,28.982367890451428
FIB,outer_medullary,Lineage1,C5,3,0.25,0.3519966671916118,23,22.132489524124708
FIB,outer_medullary,Lineage1,C5,4,0.35,0.3090760166146516,52,43.09799546844159
FIB,outer_medullary,Lineage1,C5,5,0.45,0.2792371536098981,63,58.75865565513363
FIB,outer_medullary,Lineage1,C5,6,0.55,0.3422806739284254,39,39.0
FIB,outer_medullary,Lineage1,C5,7,0.6500000000000001,0.2994661324290713,14,14.0
FIB,outer_medullary,Lineage1,C5,8,0.75,0.224871037561319,4,4.0
FIB,outer_medullary,Lineage1,C5,9,0.8500000000000001,,0,0.0
FIB,outer_medullary,Lineage1,C5,10,0.95,0.144197870048267,15,15.0
FIB,outer_medullary,Lineage2,C5,1,0.05,0.3254561470911725,15,14.989073141107747
FIB,outer_medullary,Lineage2,C5,2,0.15,0.3875913299692063,27,26.61705168047081
FIB,outer_medullary,Lineage2,C5,3,0.25,0.3455790071853069,19,18.32791137999623
FIB,outer_medullary,Lineage2,C5,4,0.35,0.3459577046365241,19,18.756525010215334
FIB,outer_medullary,Lineage2,C5,5,0.45,0.3296207700954245,37,36.44729119370616
FIB,outer_medullary,Lineage2,C5,6,0.55,0.2884411021239951,13,13.0
FIB,outer_medullary,Lineage2,C5,7,0.6500000000000001,0.2450465344207467,7,7.0
FIB,outer_medullary,Lineage2,C5,8,0.75,,0,0.0
FIB,outer_medullary,Lineage2,C5,9,0.8500000000000001,0.1093224158487976,2,2.0
FIB,outer_medullary,Lineage2,C5,10,0.95,0.232467574164619,6,6.0
FIB,outer_medullary,Lineage1,C6,1,0.05,0.1295378349107623,21,20.65733288150766
FIB,outer_medullary,Lineage1,C6,2,0.15,0.0772306521057455,31,28.982367890451428
FIB,outer_medullary,Lineage1,C6,3,0.25,0.1312157106565654,23,22.132489524124708
FIB,outer_medullary,Lineage1,C6,4,0.35,0.0782854080169948,52,43.09799546844159
FIB,outer_medullary,Lineage1,C6,5,0.45,0.111994173647201,63,58.75865565513363
FIB,outer_medullary,Lineage1,C6,6,0.55,0.1152920312690216,39,39.0
FIB,outer_medullary,Lineage1,C6,7,0.6500000000000001,0.169791523367666,14,14.0
FIB,outer_medullary,Lineage1,C6,8,0.75,0.0319175658351013,4,4.0
FIB,outer_medullary,Lineage1,C6,9,0.8500000000000001,,0,0.0
FIB,outer_medullary,Lineage1,C6,10,0.95,0.092155799671866,15,15.0
FIB,outer_medullary,Lineage2,C6,1,0.05,0.1215781537884579,15,14.989073141107747
FIB,outer_medullary,Lineage2,C6,2,0.15,0.0946936518216987,27,26.61705168047081
FIB,outer_medullary,Lineage2,C6,3,0.25,0.1333203887612662,19,18.32791137999623
FIB,outer_medullary,Lineage2,C6,4,0.35,0.0720653110223563,19,18.756525010215334
FIB,outer_medullary,Lineage2,C6,5,0.45,0.081442675664182,37,36.44729119370616
FIB,outer_medullary,Lineage2,C6,6,0.55,0.1183960014371353,13,13.0
FIB,outer_medullary,Lineage2,C6,7,0.6500000000000001,0.1793906495789554,7,7.0
FIB,outer_medullary,Lineage2,C6,8,0.75,,0,0.0
FIB,outer_medullary,Lineage2,C6,9,0.8500000000000001,0.0,2,2.0
FIB,outer_medullary,Lineage2,C6,10,0.95,0.0581493246072867,6,6.0
FIB,outer_medullary,Lineage1,C7,1,0.05,3.29586036488021,21,20.65733288150766
FIB,outer_medullary,Lineage1,C7,2,0.15,3.214838502748074,31,28.982367890451428
FIB,outer_medullary,Lineage1,C7,3,0.25,3.2021969395146805,23,22.132489524124708
FIB,outer_medullary,Lineage1,C7,4,0.35,2.834662609533703,52,43.09799546844159
FIB,outer_medullary,Lineage1,C7,5,0.45,2.827145377024195,63,58.75865565513363
FIB,outer_medullary,Lineage1,C7,6,0.55,3.173897584488107,39,39.0
FIB,outer_medullary,Lineage1,C7,7,0.6500000000000001,3.243118383546352,14,14.0
FIB,outer_medullary,Lineage1,C7,8,0.75,2.776522796549888,4,4.0
FIB,outer_medullary,Lineage1,C7,9,0.8500000000000001,,0,0.0
FIB,outer_medullary,Lineage1,C7,10,0.95,3.0822857366006224,15,15.0
FIB,outer_medullary,Lineage2,C7,1,0.05,3.2553279476545685,15,14.989073141107747
FIB,outer_medullary,Lineage2,C7,2,0.15,3.213071296963846,27,26.61705168047081
FIB,outer_medullary,Lineage2,C7,3,0.25,3.372522877885604,19,18.32791137999623
FIB,outer_medullary,Lineage2,C7,4,0.35,3.0164530657401754,19,18.756525010215334
FIB,outer_medullary,Lineage2,C7,5,0.45,2.7864038500176656,37,36.44729119370616
FIB,outer_medullary,Lineage2,C7,6,0.55,2.768725587813035,13,13.0
FIB,outer_medullary,Lineage2,C7,7,0.6500000000000001,2.572202746773034,7,7.0
FIB,outer_medullary,Lineage2,C7,8,0.75,,0,0.0
FIB,outer_medullary,Lineage2,C7,9,0.8500000000000001,1.67126463324724,2,2.0
FIB,outer_medullary,Lineage2,C7,10,0.95,2.315073315186259,6,6.0
FIB,outer_medullary,Lineage1,C8A,1,0.05,0.0,21,20.65733288150766
FIB,outer_medullary,Lineage1,C8A,2,0.15,0.0010838376914817,31,28.982367890451428
FIB,outer_medullary,Lineage1,C8A,3,0.25,0.0052360722122314,23,22.132489524124708
FIB,outer_medullary,Lineage1,C8A,4,0.35,0.0030420289331683,52,43.09799546844159
FIB,outer_medullary,Lineage1,C8A,5,0.45,0.0011588348669464,63,58.75865565513363
FIB,outer_medullary,Lineage1,C8A,6,0.55,0.0016547804582438,39,39.0
FIB,outer_medullary,Lineage1,C8A,7,0.6500000000000001,0.0,14,14.0
FIB,outer_medullary,Lineage1,C8A,8,0.75,0.0,4,4.0
FIB,outer_medullary,Lineage1,C8A,9,0.8500000000000001,,0,0.0
FIB,outer_medullary,Lineage1,C8A,10,0.95,0.0,15,15.0
FIB,outer_medullary,Lineage2,C8A,1,0.05,0.0,15,14.989073141107747
FIB,outer_medullary,Lineage2,C8A,2,0.15,0.0,27,26.61705168047081
FIB,outer_medullary,Lineage2,C8A,3,0.25,0.0041113948359661,19,18.32791137999623
FIB,outer_medullary,Lineage2,C8A,4,0.35,0.0038357966548648,19,18.756525010215334
FIB,outer_medullary,Lineage2,C8A,5,0.45,0.0031628705194881,37,36.44729119370616
FIB,outer_medullary,Lineage2,C8A,6,0.55,0.0018506607913153,13,13.0
FIB,outer_medullary,Lineage2,C8A,7,0.6500000000000001,0.0,7,7.0
FIB,outer_medullary,Lineage2,C8A,8,0.75,,0,0.0
FIB,outer_medullary,Lineage2,C8A,9,0.8500000000000001,0.0,2,2.0
FIB,outer_medullary,Lineage2,C8A,10,0.95,0.0,6,6.0
FIB,outer_medullary,Lineage1,C8B,1,0.05,0.0,21,20.65733288150766
FIB,outer_medullary,Lineage1,C8B,2,0.15,0.0010838376914817,31,28.982367890451428
FIB,outer_medullary,Lineage1,C8B,3,0.25,0.0,23,22.132489524124708
FIB,outer_medullary,Lineage1,C8B,4,0.35,0.0,52,43.09799546844159
FIB,outer_medullary,Lineage1,C8B,5,0.45,0.0,63,58.75865565513363
FIB,outer_medullary,Lineage1,C8B,6,0.55,0.0,39,39.0
FIB,outer_medullary,Lineage1,C8B,7,0.6500000000000001,0.0,14,14.0
FIB,outer_medullary,Lineage1,C8B,8,0.75,0.0,4,4.0
FIB,outer_medullary,Lineage1,C8B,9,0.8500000000000001,,0,0.0
FIB,outer_medullary,Lineage1,C8B,10,0.95,0.0104983860410902,15,15.0
FIB,outer_medullary,Lineage2,C8B,1,0.05,0.0,15,14.989073141107747
FIB,outer_medullary,Lineage2,C8B,2,0.15,0.0,27,26.61705168047081
FIB,outer_medullary,Lineage2,C8B,3,0.25,0.0017138986574512,19,18.32791137999623
FIB,outer_medullary,Lineage2,C8B,4,0.35,0.0,19,18.756525010215334
FIB,outer_medullary,Lineage2,C8B,5,0.45,0.0,37,36.44729119370616
FIB,outer_medullary,Lineage2,C8B,6,0.55,0.0,13,13.0
FIB,outer_medullary,Lineage2,C8B,7,0.6500000000000001,0.0,7,7.0
FIB,outer_medullary,Lineage2,C8B,8,0.75,,0,0.0
FIB,outer_medullary,Lineage2,C8B,9,0.8500000000000001,0.0,2,2.0
FIB,outer_medullary,Lineage2,C8B,10,0.95,0.0,6,6.0
FIB,outer_medullary,Lineage1,C8G,1,0.05,0.0,21,20.65733288150766
FIB,outer_medullary,Lineage1,C8G,2,0.15,0.0064679583837968,31,28.982367890451428
FIB,outer_medullary,Lineage1,C8G,3,0.25,0.0,23,22.132489524124708
FIB,outer_medullary,Lineage1,C8G,4,0.35,0.0006044677500517,52,43.09799546844159
FIB,outer_medullary,Lineage1,C8G,5,0.45,0.0028523822216776,63,58.75865565513363
FIB,outer_medullary,Lineage1,C8G,6,0.55,0.0014732485842231,39,39.0
FIB,outer_medullary,Lineage1,C8G,7,0.6500000000000001,0.0034847906519803,14,14.0
FIB,outer_medullary,Lineage1,C8G,8,0.75,0.0,4,4.0
FIB,outer_medullary,Lineage1,C8G,9,0.8500000000000001,,0,0.0
FIB,outer_medullary,Lineage1,C8G,10,0.95,0.0,15,15.0
FIB,outer_medullary,Lineage2,C8G,1,0.05,0.0,15,14.989073141107747
FIB,outer_medullary,Lineage2,C8G,2,0.15,0.006092826595489,27,26.61705168047081
FIB,outer_medullary,Lineage2,C8G,3,0.25,0.0018108284437946,19,18.32791137999623
FIB,outer_medullary,Lineage2,C8G,4,0.35,0.0,19,18.756525010215334
FIB,outer_medullary,Lineage2,C8G,5,0.45,0.0,37,36.44729119370616
FIB,outer_medullary,Lineage2,C8G,6,0.55,0.0,13,13.0
FIB,outer_medullary,Lineage2,C8G,7,0.6500000000000001,0.0055428203903771,7,7.0
FIB,outer_medullary,Lineage2,C8G,8,0.75,,0,0.0
FIB,outer_medullary,Lineage2,C8G,9,0.8500000000000001,0.0,2,2.0
FIB,outer_medullary,Lineage2,C8G,10,0.95,0.0,6,6.0
FIB,outer_medullary,Lineage1,C9,1,0.05,0.0212432552416234,21,20.65733288150766
FIB,outer_medullary,Lineage1,C9,2,0.15,0.0161852471785435,31,28.982367890451428
FIB,outer_medullary,Lineage1,C9,3,0.25,0.0197975735648016,23,22.132489524124708
FIB,outer_medullary,Lineage1,C9,4,0.35,0.0150950482355345,52,43.09799546844159
FIB,outer_medullary,Lineage1,C9,5,0.45,0.0181704780223499,63,58.75865565513363
FIB,outer_medullary,Lineage1,C9,6,0.55,0.0340092630003592,39,39.0
FIB,outer_medullary,Lineage1,C9,7,0.6500000000000001,0.0413837190193862,14,14.0
FIB,outer_medullary,Lineage1,C9,8,0.75,0.0112419914772072,4,4.0
FIB,outer_medullary,Lineage1,C9,9,0.8500000000000001,,0,0.0
FIB,outer_medullary,Lineage1,C9,10,0.95,0.0680004331175425,15,15.0
FIB,outer_medullary,Lineage2,C9,1,0.05,0.0200183143991399,15,14.989073141107747
FIB,outer_medullary,Lineage2,C9,2,0.15,0.0201360926133598,27,26.61705168047081
FIB,outer_medullary,Lineage2,C9,3,0.25,0.0091248509915366,19,18.32791137999623
FIB,outer_medullary,Lineage2,C9,4,0.35,0.0175875299227715,19,18.756525010215334
FIB,outer_medullary,Lineage2,C9,5,0.45,0.0120146200560704,37,36.44729119370616
FIB,outer_medullary,Lineage2,C9,6,0.55,0.0145837887473744,13,13.0
FIB,outer_medullary,Lineage2,C9,7,0.6500000000000001,0.012113776532145,7,7.0
FIB,outer_medullary,Lineage2,C9,8,0.75,,0,0.0
FIB,outer_medullary,Lineage2,C9,9,0.8500000000000001,0.0,2,2.0
FIB,outer_medullary,Lineage2,C9,10,0.95,0.0204132142181357,6,6.0
FIB,outer_medullary,Lineage1,C3AR1,1,0.05,0.0072152051334118,21,20.65733288150766
FIB,outer_medullary,Lineage1,C3AR1,2,0.15,0.0123401455192628,31,28.982367890451428
FIB,outer_medullary,Lineage1,C3AR1,3,0.25,0.0133237780242819,23,22.132489524124708
FIB,outer_medullary,Lineage1,C3AR1,4,0.35,0.0223761123193548,52,43.09799546844159
FIB,outer_medullary,Lineage1,C3AR1,5,0.45,0.0118970240776653,63,58.75865565513363
FIB,outer_medullary,Lineage1,C3AR1,6,0.55,0.011183152613767,39,39.0
FIB,outer_medullary,Lineage1,C3AR1,7,0.6500000000000001,0.0063008846824555,14,14.0
FIB,outer_medullary,Lineage1,C3AR1,8,0.75,0.0043725371961327,4,4.0
FIB,outer_medullary,Lineage1,C3AR1,9,0.8500000000000001,,0,0.0
FIB,outer_medullary,Lineage1,C3AR1,10,0.95,0.1493664264873709,15,15.0
FIB,outer_medullary,Lineage2,C3AR1,1,0.05,0.0100279286088997,15,14.989073141107747
FIB,outer_medullary,Lineage2,C3AR1,2,0.15,0.012221839982975,27,26.61705168047081
FIB,outer_medullary,Lineage2,C3AR1,3,0.25,0.0170673626965387,19,18.32791137999623
FIB,outer_medullary,Lineage2,C3AR1,4,0.35,0.0026357247157283,19,18.756525010215334
FIB,outer_medullary,Lineage2,C3AR1,5,0.45,0.0333393351432108,37,36.44729119370616
FIB,outer_medullary,Lineage2,C3AR1,6,0.55,0.0161135369798342,13,13.0
FIB,outer_medullary,Lineage2,C3AR1,7,0.6500000000000001,0.0194625017043574,7,7.0
FIB,outer_medullary,Lineage2,C3AR1,8,0.75,,0,0.0
FIB,outer_medullary,Lineage2,C3AR1,9,0.8500000000000001,0.0622609051447531,2,2.0
FIB,outer_medullary,Lineage2,C3AR1,10,0.95,0.0,6,6.0
FIB,outer_medullary,Lineage1,C5AR1,1,0.05,0.0930001371171095,21,20.65733288150766
FIB,outer_medullary,Lineage1,C5AR1,2,0.15,0.0933772214207713,31,28.982367890451428
FIB,outer_medullary,Lineage1,C5AR1,3,0.25,0.0470942787659932,23,22.132489524124708
FIB,outer_medullary,Lineage1,C5AR1,4,0.35,0.0594445311412186,52,43.09799546844159
FIB,outer_medullary,Lineage1,C5AR1,5,0.45,0.0692179401290953,63,58.75865565513363
FIB,outer_medullary,Lineage1,C5AR1,6,0.55,0.112912307076797,39,39.0
FIB,outer_medullary,Lineage1,C5AR1,7,0.6500000000000001,0.2065859135029495,14,14.0
FIB,outer_medullary,Lineage1,C5AR1,8,0.75,0.2330753587922422,4,4.0
FIB,outer_medullary,Lineage1,C5AR1,9,0.8500000000000001,,0,0.0
FIB,outer_medullary,Lineage1,C5AR1,10,0.95,0.1101979366946365,15,15.0
FIB,outer_medullary,Lineage2,C5AR1,1,0.05,0.087791433846396,15,14.989073141107747
FIB,outer_medullary,Lineage2,C5AR1,2,0.15,0.1007584034102415,27,26.61705168047081
FIB,outer_medullary,Lineage2,C5AR1,3,0.25,0.0568170142228649,19,18.32791137999623
FIB,outer_medullary,Lineage2,C5AR1,4,0.35,0.0520166164148427,19,18.756525010215334
FIB,outer_medullary,Lineage2,C5AR1,5,0.45,0.0621872805858433,37,36.44729119370616
FIB,outer_medullary,Lineage2,C5AR1,6,0.55,0.0596809376678792,13,13.0
FIB,outer_medullary,Lineage2,C5AR1,7,0.6500000000000001,0.0813910021375922,7,7.0
FIB,outer_medullary,Lineage2,C5AR1,8,0.75,,0,0.0
FIB,outer_medullary,Lineage2,C5AR1,9,0.8500000000000001,0.0391574125767818,2,2.0
FIB,outer_medullary,Lineage2,C5AR1,10,0.95,0.1139528884837429,6,6.0
FIB,outer_medullary,Lineage1,C5AR2,1,0.05,0.0105909088129666,21,20.65733288150766
FIB,outer_medullary,Lineage1,C5AR2,2,0.15,0.0094222070952254,31,28.982367890451428
FIB,outer_medullary,Lineage1,C5AR2,3,0.25,0.0041706359227423,23,22.132489524124708
FIB,outer_medullary,Lineage1,C5AR2,4,0.35,0.0055459256746987,52,43.09799546844159
FIB,outer_medullary,Lineage1,C5AR2,5,0.45,0.0031703262916993,63,58.75865565513363
FIB,outer_medullary,Lineage1,C5AR2,6,0.55,0.0060109282994692,39,39.0
FIB,outer_medullary,Lineage1,C5AR2,7,0.6500000000000001,0.0180512961944601,14,14.0
FIB,outer_medullary,Lineage1,C5AR2,8,0.75,0.0043725371961327,4,4.0
FIB,outer_medullary,Lineage1,C5AR2,9,0.8500000000000001,,0,0.0
FIB,outer_medullary,Lineage1,C5AR2,10,0.95,0.0193525985346203,15,15.0
FIB,outer_medullary,Lineage2,C5AR2,1,0.05,0.0098459208016314,15,14.989073141107747
FIB,outer_medullary,Lineage2,C5AR2,2,0.15,0.0114330006926693,27,26.61705168047081
FIB,outer_medullary,Lineage2,C5AR2,3,0.25,0.0042083246223095,19,18.32791137999623
FIB,outer_medullary,Lineage2,C5AR2,4,0.35,0.0050435557652707,19,18.756525010215334
FIB,outer_medullary,Lineage2,C5AR2,5,0.45,0.0055372126613051,37,36.44729119370616
FIB,outer_medullary,Lineage2,C5AR2,6,0.55,0.0024962385101879,13,13.0
FIB,outer_medullary,Lineage2,C5AR2,7,0.6500000000000001,0.0051971167938488,7,7.0
FIB,outer_medullary,Lineage2,C5AR2,8,0.75,,0,0.0
FIB,outer_medullary,Lineage2,C5AR2,9,0.8500000000000001,0.0231034925679713,2,2.0
FIB,outer_medullary,Lineage2,C5AR2,10,0.95,0.0,6,6.0
FIB,outer_medullary,Lineage1,CR1,1,0.05,0.0026466156235735,21,20.65733288150766
FIB,outer_medullary,Lineage1,CR1,2,0.15,0.009002784455474,31,28.982367890451428
FIB,outer_medullary,Lineage1,CR1,3,0.25,0.0084237705666923,23,22.132489524124708
FIB,outer_medullary,Lineage1,CR1,4,0.35,0.0032335061209,52,43.09799546844159
FIB,outer_medullary,Lineage1,CR1,5,0.45,0.0082286022438995,63,58.75865565513363
FIB,outer_medullary,Lineage1,CR1,6,0.55,0.0258710996933873,39,39.0
FIB,outer_medullary,Lineage1,CR1,7,0.6500000000000001,0.0098554416483829,14,14.0
FIB,outer_medullary,Lineage1,CR1,8,0.75,0.0543357101653405,4,4.0
FIB,outer_medullary,Lineage1,CR1,9,0.8500000000000001,,0,0.0
FIB,outer_medullary,Lineage1,CR1,10,0.95,0.1355784605675308,15,15.0
FIB,outer_medullary,Lineage2,CR1,1,0.05,0.0016387031767746,15,14.989073141107747
FIB,outer_medullary,Lineage2,CR1,2,0.15,0.0069404499261075,27,26.61705168047081
FIB,outer_medullary,Lineage2,CR1,3,0.25,0.0126257952477617,19,18.32791137999623
FIB,outer_medullary,Lineage2,CR1,4,0.35,0.0061780381782414,19,18.756525010215334
FIB,outer_medullary,Lineage2,CR1,5,0.45,0.0040551163981135,37,36.44729119370616
FIB,outer_medullary,Lineage2,CR1,6,0.55,0.0045742225903387,13,13.0
FIB,outer_medullary,Lineage2,CR1,7,0.6500000000000001,0.0,7,7.0
FIB,outer_medullary,Lineage2,CR1,8,0.75,,0,0.0
FIB,outer_medullary,Lineage2,CR1,9,0.8500000000000001,0.0,2,2.0
FIB,outer_medullary,Lineage2,CR1,10,0.95,0.0409394709231201,6,6.0
FIB,outer_medullary,Lineage1,CR2,1,0.05,0.0,21,20.65733288150766
FIB,outer_medullary,Lineage1,CR2,2,0.15,0.0046125250229793,31,28.982367890451428
FIB,outer_medullary,Lineage1,CR2,3,0.25,0.0,23,22.132489524124708
FIB,outer_medullary,Lineage1,CR2,4,0.35,0.0,52,43.09799546844159
FIB,outer_medullary,Lineage1,CR2,5,0.45,0.0007927646634018,63,58.75865565513363
FIB,outer_medullary,Lineage1,CR2,6,0.55,0.0,39,39.0
FIB,outer_medullary,Lineage1,CR2,7,0.6500000000000001,0.0239456695462138,14,14.0
FIB,outer_medullary,Lineage1,CR2,8,0.75,0.0380326730035792,4,4.0
FIB,outer_medullary,Lineage1,CR2,9,0.8500000000000001,,0,0.0
FIB,outer_medullary,Lineage1,CR2,10,0.95,0.0172399006824568,15,15.0
FIB,outer_medullary,Lineage2,CR2,1,0.05,0.0,15,14.989073141107747
FIB,outer_medullary,Lineage2,CR2,2,0.15,0.0046533220174772,27,26.61705168047081
FIB,outer_medullary,Lineage2,CR2,3,0.25,0.0,19,18.32791137999623
FIB,outer_medullary,Lineage2,CR2,4,0.35,0.0,19,18.756525010215334
FIB,outer_medullary,Lineage2,CR2,5,0.45,0.0,37,36.44729119370616
FIB,outer_medullary,Lineage2,CR2,6,0.55,0.0,13,13.0
FIB,outer_medullary,Lineage2,CR2,7,0.6500000000000001,0.0,7,7.0
FIB,outer_medullary,Lineage2,CR2,8,0.75,,0,0.0
FIB,outer_medullary,Lineage2,CR2,9,0.8500000000000001,0.0,2,2.0
FIB,outer_medullary,Lineage2,CR2,10,0.95,0.0,6,6.0
FIB,outer_medullary,Lineage1,ITGAM,1,0.05,0.0013057827400843,21,20.65733288150766
FIB,outer_medullary,Lineage1,ITGAM,2,0.15,0.0043365924187236,31,28.982367890451428
FIB,outer_medullary,Lineage1,ITGAM,3,0.25,0.0,23,22.132489524124708
FIB,outer_medullary,Lineage1,ITGAM,4,0.35,0.0082311989375215,52,43.09799546844159
FIB,outer_medullary,Lineage1,ITGAM,5,0.45,0.0067050703018861,63,58.75865565513363
FIB,outer_medullary,Lineage1,ITGAM,6,0.55,0.013338145475141,39,39.0
FIB,outer_medullary,Lineage1,ITGAM,7,0.6500000000000001,0.0161755294749718,14,14.0
FIB,outer_medullary,Lineage1,ITGAM,8,0.75,0.0082843895499689,4,4.0
FIB,outer_medullary,Lineage1,ITGAM,9,0.8500000000000001,,0,0.0
FIB,outer_medullary,Lineage1,ITGAM,10,0.95,0.0877947290645259,15,15.0
FIB,outer_medullary,Lineage2,ITGAM,1,0.05,0.0017902532131044,15,14.989073141107747
FIB,outer_medullary,Lineage2,ITGAM,2,0.15,0.000970428674563,27,26.61705168047081
FIB,outer_medullary,Lineage2,ITGAM,3,0.25,0.0078782979180114,19,18.32791137999623
FIB,outer_medullary,Lineage2,ITGAM,4,0.35,0.0,19,18.756525010215334
FIB,outer_medullary,Lineage2,ITGAM,5,0.45,0.009122931180631,37,36.44729119370616
FIB,outer_medullary,Lineage2,ITGAM,6,0.55,0.0026584032041491,13,13.0
FIB,outer_medullary,Lineage2,ITGAM,7,0.6500000000000001,0.0051971167938488,7,7.0
FIB,outer_medullary,Lineage2,ITGAM,8,0.75,,0,0.0
FIB,outer_medullary,Lineage2,ITGAM,9,0.8500000000000001,0.0,2,2.0
FIB,outer_medullary,Lineage2,ITGAM,10,0.95,0.0,6,6.0
FIB,outer_medullary,Lineage1,ITGAX,1,0.05,0.0009839558248216,21,20.65733288150766
FIB,outer_medullary,Lineage1,ITGAX,2,0.15,0.0,31,28.982367890451428
FIB,outer_medullary,Lineage1,ITGAX,3,0.25,0.0,23,22.132489524124708
FIB,outer_medullary,Lineage1,ITGAX,4,0.35,0.0047910408130776,52,43.09799546844159
FIB,outer_medullary,Lineage1,ITGAX,5,0.45,0.0023630662887159,63,58.75865565513363
FIB,outer_medullary,Lineage1,ITGAX,6,0.55,0.0031126867576446,39,39.0
FIB,outer_medullary,Lineage1,ITGAX,7,0.6500000000000001,0.0,14,14.0
FIB,outer_medullary,Lineage1,ITGAX,8,0.75,0.0531865168346226,4,4.0
FIB,outer_medullary,Lineage1,ITGAX,9,0.8500000000000001,,0,0.0
FIB,outer_medullary,Lineage1,ITGAX,10,0.95,0.0502273494148309,15,15.0
FIB,outer_medullary,Lineage2,ITGAX,1,0.05,0.0013560480239631,15,14.989073141107747
FIB,outer_medullary,Lineage2,ITGAX,2,0.15,0.0,27,26.61705168047081
FIB,outer_medullary,Lineage2,ITGAX,3,0.25,0.0,19,18.32791137999623
FIB,outer_medullary,Lineage2,ITGAX,4,0.35,0.0030286007262043,19,18.756525010215334
FIB,outer_medullary,Lineage2,ITGAX,5,0.45,0.0060972252551123,37,36.44729119370616
FIB,outer_medullary,Lineage2,ITGAX,6,0.55,0.0047761232202234,13,13.0
FIB,outer_medullary,Lineage2,ITGAX,7,0.6500000000000001,0.0,7,7.0
FIB,outer_medullary,Lineage2,ITGAX,8,0.75,,0,0.0
FIB,outer_medullary,Lineage2,ITGAX,9,0.8500000000000001,0.0,2,2.0
FIB,outer_medullary,Lineage2,ITGAX,10,0.95,0.0,6,6.0
FIB,outer_medullary,Lineage1,VSIG4,1,0.05,0.0071822057157209,21,20.65733288150766
FIB,outer_medullary,Lineage1,VSIG4,2,0.15,0.0146587578120584,31,28.982367890451428
FIB,outer_medullary,Lineage1,VSIG4,3,0.25,0.0015442580508363,23,22.132489524124708
FIB,outer_medullary,Lineage1,VSIG4,4,0.35,0.0096390715726202,52,43.09799546844159
FIB,outer_medullary,Lineage1,VSIG4,5,0.45,0.0228128080850577,63,58.75865565513363
FIB,outer_medullary,Lineage1,VSIG4,6,0.55,0.0107515941598231,39,39.0
FIB,outer_medullary,Lineage1,VSIG4,7,0.6500000000000001,0.0218162515342074,14,14.0
FIB,outer_medullary,Lineage1,VSIG4,8,0.75,0.0112419914772072,4,4.0
FIB,outer_medullary,Lineage1,VSIG4,9,0.8500000000000001,,0,0.0
FIB,outer_medullary,Lineage1,VSIG4,10,0.95,0.0212346676919452,15,15.0
FIB,outer_medullary,Lineage2,VSIG4,1,0.05,0.0052827952762304,15,14.989073141107747
FIB,outer_medullary,Lineage2,VSIG4,2,0.15,0.0172153196932593,27,26.61705168047081
FIB,outer_medullary,Lineage2,VSIG4,3,0.25,0.0030201116178513,19,18.32791137999623
FIB,outer_medullary,Lineage2,VSIG4,4,0.35,0.0,19,18.756525010215334
FIB,outer_medullary,Lineage2,VSIG4,5,0.45,0.0129199518645274,37,36.44729119370616
FIB,outer_medullary,Lineage2,VSIG4,6,0.55,0.0047621778090671,13,13.0
FIB,outer_medullary,Lineage2,VSIG4,7,0.6500000000000001,0.0122460382783585,7,7.0
FIB,outer_medullary,Lineage2,VSIG4,8,0.75,,0,0.0
FIB,outer_medullary,Lineage2,VSIG4,9,0.8500000000000001,0.0,2,2.0
FIB,outer_medullary,Lineage2,VSIG4,10,0.95,0.0,6,6.0
FIB,outer_medullary,Lineage1,CFH,1,0.05,0.2760927877707431,21,20.65733288150766
FIB,outer_medullary,Lineage1,CFH,2,0.15,0.4403204343796508,31,28.982367890451428
FIB,outer_medullary,Lineage1,CFH,3,0.25,0.4617428620408665,23,22.132489524124708
FIB,outer_medullary,Lineage1,CFH,4,0.35,0.36202168691131,52,43.09799546844159
FIB,outer_medullary,Lineage1,CFH,5,0.45,0.4488252307039844,63,58.75865565513363
FIB,outer_medullary,Lineage1,CFH,6,0.55,0.5222185769638857,39,39.0
FIB,outer_medullary,Lineage1,CFH,7,0.6500000000000001,0.7356682312350031,14,14.0
FIB,outer_medullary,Lineage1,CFH,8,0.75,0.8545112243860052,4,4.0
FIB,outer_medullary,Lineage1,CFH,9,0.8500000000000001,,0,0.0
FIB,outer_medullary,Lineage1,CFH,10,0.95,1.3996722598906193,15,15.0
FIB,outer_medullary,Lineage2,CFH,1,0.05,0.2894078092856014,15,14.989073141107747
FIB,outer_medullary,Lineage2,CFH,2,0.15,0.3546573086705406,27,26.61705168047081
FIB,outer_medullary,Lineage2,CFH,3,0.25,0.4817292140909965,19,18.32791137999623
FIB,outer_medullary,Lineage2,CFH,4,0.35,0.4087376486697604,19,18.756525010215334
FIB,outer_medullary,Lineage2,CFH,5,0.45,0.3824840200656222,37,36.44729119370616
FIB,outer_medullary,Lineage2,CFH,6,0.55,0.3007981434175216,13,13.0
FIB,outer_medullary,Lineage2,CFH,7,0.6500000000000001,0.3198334722587649,7,7.0
FIB,outer_medullary,Lineage2,CFH,8,0.75,,0,0.0
FIB,outer_medullary,Lineage2,CFH,9,0.8500000000000001,0.0807466155541323,2,2.0
FIB,outer_medullary,Lineage2,CFH,10,0.95,0.1292597699753833,6,6.0
FIB,outer_medullary,Lineage1,CFI,1,0.05,0.1671073429091884,21,20.65733288150766
FIB,outer_medullary,Lineage1,CFI,2,0.15,0.1990209072277995,31,28.982367890451428
FIB,outer_medullary,Lineage1,CFI,3,0.25,0.2835028164711136,23,22.132489524124708
FIB,outer_medullary,Lineage1,CFI,4,0.35,0.3462620799876766,52,43.09799546844159
FIB,outer_medullary,Lineage1,CFI,5,0.45,0.5890638324774142,63,58.75865565513363
FIB,outer_medullary,Lineage1,CFI,6,0.55,0.390124031119743,39,39.0
FIB,outer_medullary,Lineage1,CFI,7,0.6500000000000001,0.443937901600849,14,14.0
FIB,outer_medullary,Lineage1,CFI,8,0.75,0.2433389230973691,4,4.0
FIB,outer_medullary,Lineage1,CFI,9,0.8500000000000001,,0,0.0
FIB,outer_medullary,Lineage1,CFI,10,0.95,1.22905223836593,15,15.0
FIB,outer_medullary,Lineage2,CFI,1,0.05,0.1604256028399167,15,14.989073141107747
FIB,outer_medullary,Lineage2,CFI,2,0.15,0.1813662020706637,27,26.61705168047081
FIB,outer_medullary,Lineage2,CFI,3,0.25,0.2021619537547972,19,18.32791137999623
FIB,outer_medullary,Lineage2,CFI,4,0.35,0.3102876123703991,19,18.756525010215334
FIB,outer_medullary,Lineage2,CFI,5,0.45,0.3347355345542659,37,36.44729119370616
FIB,outer_medullary,Lineage2,CFI,6,0.55,0.5781885934469281,13,13.0
FIB,outer_medullary,Lineage2,CFI,7,0.6500000000000001,0.6086246698184123,7,7.0
FIB,outer_medullary,Lineage2,CFI,8,0.75,,0,0.0
FIB,outer_medullary,Lineage2,CFI,9,0.8500000000000001,0.3122402691595989,2,2.0
FIB,outer_medullary,Lineage2,CFI,10,0.95,0.5770583924117262,6,6.0
FIB,outer_medullary,Lineage1,CD46,1,0.05,1.71219593130972,21,20.65733288150766
FIB,outer_medullary,Lineage1,CD46,2,0.15,1.7459847548027645,31,28.982367890451428
FIB,outer_medullary,Lineage1,CD46,3,0.25,1.8966217239463428,23,22.132489524124708
FIB,outer_medullary,Lineage1,CD46,4,0.35,1.907527120631067,52,43.09799546844159
FIB,outer_medullary,Lineage1,CD46,5,0.45,1.8585929473564404,63,58.75865565513363
FIB,outer_medullary,Lineage1,CD46,6,0.55,1.6832687923938414,39,39.0
FIB,outer_medullary,Lineage1,CD46,7,0.6500000000000001,1.384525602479528,14,14.0
FIB,outer_medullary,Lineage1,CD46,8,0.75,1.3255473699271023,4,4.0
FIB,outer_medullary,Lineage1,CD46,9,0.8500000000000001,,0,0.0
FIB,outer_medullary,Lineage1,CD46,10,0.95,1.4249738319628522,15,15.0
FIB,outer_medullary,Lineage2,CD46,1,0.05,1.6740700137859343,15,14.989073141107747
FIB,outer_medullary,Lineage2,CD46,2,0.15,1.7494742203615437,27,26.61705168047081
FIB,outer_medullary,Lineage2,CD46,3,0.25,1.8309414357166809,19,18.32791137999623
FIB,outer_medullary,Lineage2,CD46,4,0.35,1.910492714574477,19,18.756525010215334
FIB,outer_medullary,Lineage2,CD46,5,0.45,1.925950141500932,37,36.44729119370616
FIB,outer_medullary,Lineage2,CD46,6,0.55,1.658803048589544,13,13.0
FIB,outer_medullary,Lineage2,CD46,7,0.6500000000000001,1.5659369039708193,7,7.0
FIB,outer_medullary,Lineage2,CD46,8,0.75,,0,0.0
FIB,outer_medullary,Lineage2,CD46,9,0.8500000000000001,1.6945893266729757,2,2.0
FIB,outer_medullary,Lineage2,CD46,10,0.95,1.596781946981923,6,6.0
FIB,outer_medullary,Lineage1,CD55,1,0.05,0.2148169256054203,21,20.65733288150766
FIB,outer_medullary,Lineage1,CD55,2,0.15,0.1762719882511627,31,28.982367890451428
FIB,outer_medullary,Lineage1,CD55,3,0.25,0.1980316330151244,23,22.132489524124708
FIB,outer_medullary,Lineage1,CD55,4,0.35,0.1890165173909624,52,43.09799546844159
FIB,outer_medullary,Lineage1,CD55,5,0.45,0.1977890315635644,63,58.75865565513363
FIB,outer_medullary,Lineage1,CD55,6,0.55,0.2526057276601766,39,39.0
FIB,outer_medullary,Lineage1,CD55,7,0.6500000000000001,0.1931526171837655,14,14.0
FIB,outer_medullary,Lineage1,CD55,8,0.75,0.5699212123508495,4,4.0
FIB,outer_medullary,Lineage1,CD55,9,0.8500000000000001,,0,0.0
FIB,outer_medullary,Lineage1,CD55,10,0.95,0.4450173259392964,15,15.0
FIB,outer_medullary,Lineage2,CD55,1,0.05,0.2483168046472015,15,14.989073141107747
FIB,outer_medullary,Lineage2,CD55,2,0.15,0.1426039294424245,27,26.61705168047081
FIB,outer_medullary,Lineage2,CD55,3,0.25,0.2120392452625293,19,18.32791137999623
FIB,outer_medullary,Lineage2,CD55,4,0.35,0.2111948368102966,19,18.756525010215334
FIB,outer_medullary,Lineage2,CD55,5,0.45,0.1798352171846563,37,36.44729119370616
FIB,outer_medullary,Lineage2,CD55,6,0.55,0.1562397646595536,13,13.0
FIB,outer_medullary,Lineage2,CD55,7,0.6500000000000001,0.1578090405710127,7,7.0
FIB,outer_medullary,Lineage2,CD55,8,0.75,,0,0.0
FIB,outer_medullary,Lineage2,CD55,9,0.8500000000000001,0.359414035488471,2,2.0
FIB,outer_medullary,Lineage2,CD55,10,0.95,0.2322786716174365,6,6.0
FIB,outer_medullary,Lineage1,CD59,1,0.05,0.4817617939891626,21,20.65733288150766
FIB,outer_medullary,Lineage1,CD59,2,0.15,0.5987764698625797,31,28.982367890451428
FIB,outer_medullary,Lineage1,CD59,3,0.25,0.6701798850410913,23,22.132489524124708
FIB,outer_medullary,Lineage1,CD59,4,0.35,0.7118840194372537,52,43.09799546844159
FIB,outer_medullary,Lineage1,CD59,5,0.45,0.8117000062576748,63,58.75865565513363
FIB,outer_medullary,Lineage1,CD59,6,0.55,0.662112803390074,39,39.0
FIB,outer_medullary,Lineage1,CD59,7,0.6500000000000001,0.5415242425256589,14,14.0
FIB,outer_medullary,Lineage1,CD59,8,0.75,0.7038777280778674,4,4.0
FIB,outer_medullary,Lineage1,CD59,9,0.8500000000000001,,0,0.0
FIB,outer_medullary,Lineage1,CD59,10,0.95,1.8071909929141787,15,15.0
FIB,outer_medullary,Lineage2,CD59,1,0.05,0.5506967864593294,15,14.989073141107747
FIB,outer_medullary,Lineage2,CD59,2,0.15,0.4828241063134697,27,26.61705168047081
FIB,outer_medullary,Lineage2,CD59,3,0.25,0.7278663457055221,19,18.32791137999623
FIB,outer_medullary,Lineage2,CD59,4,0.35,0.7092344236064981,19,18.756525010215334
FIB,outer_medullary,Lineage2,CD59,5,0.45,0.6983017758670157,37,36.44729119370616
FIB,outer_medullary,Lineage2,CD59,6,0.55,0.4978105164698985,13,13.0
FIB,outer_medullary,Lineage2,CD59,7,0.6500000000000001,0.4614194132737924,7,7.0
FIB,outer_medullary,Lineage2,CD59,8,0.75,,0,0.0
FIB,outer_medullary,Lineage2,CD59,9,0.8500000000000001,0.6658987965779656,2,2.0
FIB,outer_medullary,Lineage2,CD59,10,0.95,0.6204770696924629,6,6.0
FIB,outer_medullary,Lineage1,SERPING1,1,0.05,0.5368933096139136,21,20.65733288150766
FIB,outer_medullary,Lineage1,SERPING1,2,0.15,0.5117151142902923,31,28.982367890451428
FIB,outer_medullary,Lineage1,SERPING1,3,0.25,0.6994499503705549,23,22.132489524124708
FIB,outer_medullary,Lineage1,SERPING1,4,0.35,0.6514129271118193,52,43.09799546844159
FIB,outer_medullary,Lineage1,SERPING1,5,0.45,0.9032013877598096,63,58.75865565513363
FIB,outer_medullary,Lineage1,SERPING1,6,0.55,0.7868141784615095,39,39.0
FIB,outer_medullary,Lineage1,SERPING1,7,0.6500000000000001,0.7428895590057344,14,14.0
FIB,outer_medullary,Lineage1,SERPING1,8,0.75,0.7807968453090239,4,4.0
FIB,outer_medullary,Lineage1,SERPING1,9,0.8500000000000001,,0,0.0
FIB,outer_medullary,Lineage1,SERPING1,10,0.95,2.0213667164747777,15,15.0
FIB,outer_medullary,Lineage2,SERPING1,1,0.05,0.6312277102303115,15,14.989073141107747
FIB,outer_medullary,Lineage2,SERPING1,2,0.15,0.4094755121361586,27,26.61705168047081
FIB,outer_medullary,Lineage2,SERPING1,3,0.25,0.685022129385592,19,18.32791137999623
FIB,outer_medullary,Lineage2,SERPING1,4,0.35,0.7049279299085937,19,18.756525010215334
FIB,outer_medullary,Lineage2,SERPING1,5,0.45,0.667210901213997,37,36.44729119370616
FIB,outer_medullary,Lineage2,SERPING1,6,0.55,0.638848773404668,13,13.0
FIB,outer_medullary,Lineage2,SERPING1,7,0.6500000000000001,0.6488451191331276,7,7.0
FIB,outer_medullary,Lineage2,SERPING1,8,0.75,,0,0.0
FIB,outer_medullary,Lineage2,SERPING1,9,0.8500000000000001,0.7097556044055477,2,2.0
FIB,outer_medullary,Lineage2,SERPING1,10,0.95,0.7626528760214176,6,6.0
FIB,outer_medullary,Lineage1,CFHR1,1,0.05,0.0017563600276684,21,20.65733288150766
FIB,outer_medullary,Lineage1,CFHR1,2,0.15,0.0054604909809881,31,28.982367890451428
FIB,outer_medullary,Lineage1,CFHR1,3,0.25,0.0093358619571013,23,22.132489524124708
FIB,outer_medullary,Lineage1,CFHR1,4,0.35,0.0079131855990894,52,43.09799546844159
FIB,outer_medullary,Lineage1,CFHR1,5,0.45,0.0106626070048153,63,58.75865565513363
FIB,outer_medullary,Lineage1,CFHR1,6,0.55,0.0398640954463907,39,39.0
FIB,outer_medullary,Lineage1,CFHR1,7,0.6500000000000001,0.0785530446294867,14,14.0
FIB,outer_medullary,Lineage1,CFHR1,8,0.75,0.0460292223531572,4,4.0
FIB,outer_medullary,Lineage1,CFHR1,9,0.8500000000000001,,0,0.0
FIB,outer_medullary,Lineage1,CFHR1,10,0.95,0.2431282975174897,15,15.0
FIB,outer_medullary,Lineage2,CFHR1,1,0.05,0.0,15,14.989073141107747
FIB,outer_medullary,Lineage2,CFHR1,2,0.15,0.0041901807767464,27,26.61705168047081
FIB,outer_medullary,Lineage2,CFHR1,3,0.25,0.0116155479306697,19,18.32791137999623
FIB,outer_medullary,Lineage2,CFHR1,4,0.35,0.0097556259288535,19,18.756525010215334
FIB,outer_medullary,Lineage2,CFHR1,5,0.45,0.0027497634327898,37,36.44729119370616
FIB,outer_medullary,Lineage2,CFHR1,6,0.55,0.0,13,13.0
FIB,outer_medullary,Lineage2,CFHR1,7,0.6500000000000001,0.0,7,7.0
FIB,outer_medullary,Lineage2,CFHR1,8,0.75,,0,0.0
FIB,outer_medullary,Lineage2,CFHR1,9,0.8500000000000001,0.0,2,2.0
FIB,outer_medullary,Lineage2,CFHR1,10,0.95,0.0,6,6.0
FIB,outer_medullary,Lineage1,CFHR2,1,0.05,0.0,21,20.65733288150766
FIB,outer_medullary,Lineage1,CFHR2,2,0.15,0.0,31,28.982367890451428
FIB,outer_medullary,Lineage1,CFHR2,3,0.25,0.0,23,22.132489524124708
FIB,outer_medullary,Lineage1,CFHR2,4,0.35,0.0,52,43.09799546844159
FIB,outer_medullary,Lineage1,CFHR2,5,0.45,0.0,63,58.75865565513363
FIB,outer_medullary,Lineage1,CFHR2,6,0.55,0.0014189997664161,39,39.0
FIB,outer_medullary,Lineage1,CFHR2,7,0.6500000000000001,0.0,14,14.0
FIB,outer_medullary,Lineage1,CFHR2,8,0.75,0.0,4,4.0
FIB,outer_medullary,Lineage1,CFHR2,9,0.8500000000000001,,0,0.0
FIB,outer_medullary,Lineage1,CFHR2,10,0.95,0.0128221331319606,15,15.0
FIB,outer_medullary,Lineage2,CFHR2,1,0.05,0.0,15,14.989073141107747
FIB,outer_medullary,Lineage2,CFHR2,2,0.15,0.0,27,26.61705168047081
FIB,outer_medullary,Lineage2,CFHR2,3,0.25,0.0,19,18.32791137999623
FIB,outer_medullary,Lineage2,CFHR2,4,0.35,0.0,19,18.756525010215334
FIB,outer_medullary,Lineage2,CFHR2,5,0.45,0.0,37,36.44729119370616
FIB,outer_medullary,Lineage2,CFHR2,6,0.55,0.0,13,13.0
FIB,outer_medullary,Lineage2,CFHR2,7,0.6500000000000001,0.0,7,7.0
FIB,outer_medullary,Lineage2,CFHR2,8,0.75,,0,0.0
FIB,outer_medullary,Lineage2,CFHR2,9,0.8500000000000001,0.0,2,2.0
FIB,outer_medullary,Lineage2,CFHR2,10,0.95,0.0,6,6.0
FIB,outer_medullary,Lineage1,CFHR3,1,0.05,0.0,21,20.65733288150766
FIB,outer_medullary,Lineage1,CFHR3,2,0.15,0.0100849582435898,31,28.982367890451428
FIB,outer_medullary,Lineage1,CFHR3,3,0.25,0.0126522701915163,23,22.132489524124708
FIB,outer_medullary,Lineage1,CFHR3,4,0.35,0.0062158724074395,52,43.09799546844159
FIB,outer_medullary,Lineage1,CFHR3,5,0.45,0.0079030331144154,63,58.75865565513363
FIB,outer_medullary,Lineage1,CFHR3,6,0.55,0.0235865708076527,39,39.0
FIB,outer_medullary,Lineage1,CFHR3,7,0.6500000000000001,0.0139266009661768,14,14.0
FIB,outer_medullary,Lineage1,CFHR3,8,0.75,0.0195263810271761,4,4.0
FIB,outer_medullary,Lineage1,CFHR3,9,0.8500000000000001,,0,0.0
FIB,outer_medullary,Lineage1,CFHR3,10,0.95,0.0,15,15.0
FIB,outer_medullary,Lineage2,CFHR3,1,0.05,0.0,15,14.989073141107747
FIB,outer_medullary,Lineage2,CFHR3,2,0.15,0.007121826161966,27,26.61705168047081
FIB,outer_medullary,Lineage2,CFHR3,3,0.25,0.0076053710563357,19,18.32791137999623
FIB,outer_medullary,Lineage2,CFHR3,4,0.35,0.0183277456424523,19,18.756525010215334
FIB,outer_medullary,Lineage2,CFHR3,5,0.45,0.0053108913562729,37,36.44729119370616
FIB,outer_medullary,Lineage2,CFHR3,6,0.55,0.0054633790857017,13,13.0
FIB,outer_medullary,Lineage2,CFHR3,7,0.6500000000000001,0.0,7,7.0
FIB,outer_medullary,Lineage2,CFHR3,8,0.75,,0,0.0
FIB,outer_medullary,Lineage2,CFHR3,9,0.8500000000000001,0.0,2,2.0
FIB,outer_medullary,Lineage2,CFHR3,10,0.95,0.0,6,6.0
FIB,outer_medullary,Lineage1,CFHR4,1,0.05,0.0,21,20.65733288150766
FIB,outer_medullary,Lineage1,CFHR4,2,0.15,0.0065744968461605,31,28.982367890451428
FIB,outer_medullary,Lineage1,CFHR4,3,0.25,0.0,23,22.132489524124708
FIB,outer_medullary,Lineage1,CFHR4,4,0.35,0.002687206250849,52,43.09799546844159
FIB,outer_medullary,Lineage1,CFHR4,5,0.45,0.004949819494426,63,58.75865565513363
FIB,outer_medullary,Lineage1,CFHR4,6,0.55,0.0130589597618274,39,39.0
FIB,outer_medullary,Lineage1,CFHR4,7,0.6500000000000001,0.035672642964068,14,14.0
FIB,outer_medullary,Lineage1,CFHR4,8,0.75,0.0082843895499689,4,4.0
FIB,outer_medullary,Lineage1,CFHR4,9,0.8500000000000001,,0,0.0
FIB,outer_medullary,Lineage1,CFHR4,10,0.95,0.0209292637116273,15,15.0
FIB,outer_medullary,Lineage2,CFHR4,1,0.05,0.0,15,14.989073141107747
FIB,outer_medullary,Lineage2,CFHR4,2,0.15,0.0040566342421414,27,26.61705168047081
FIB,outer_medullary,Lineage2,CFHR4,3,0.25,0.0047711481965927,19,18.32791137999623
FIB,outer_medullary,Lineage2,CFHR4,4,0.35,0.0,19,18.756525010215334
FIB,outer_medullary,Lineage2,CFHR4,5,0.45,0.0031920837652883,37,36.44729119370616
FIB,outer_medullary,Lineage2,CFHR4,6,0.55,0.0,13,13.0
FIB,outer_medullary,Lineage2,CFHR4,7,0.6500000000000001,0.0,7,7.0
FIB,outer_medullary,Lineage2,CFHR4,8,0.75,,0,0.0
FIB,outer_medullary,Lineage2,CFHR4,9,0.8500000000000001,0.0,2,2.0
FIB,outer_medullary,Lineage2,CFHR4,10,0.95,0.0,6,6.0
FIB,outer_medullary,Lineage1,CFHR5,1,0.05,0.0,21,20.65733288150766
FIB,outer_medullary,Lineage1,CFHR5,2,0.15,0.0,31,28.982367890451428
FIB,outer_medullary,Lineage1,CFHR5,3,0.25,0.0,23,22.132489524124708
FIB,outer_medullary,Lineage1,CFHR5,4,0.35,0.0007343523093368,52,43.09799546844159
FIB,outer_medullary,Lineage1,CFHR5,5,0.45,0.0,63,58.75865565513363
FIB,outer_medullary,Lineage1,CFHR5,6,0.55,0.0,39,39.0
FIB,outer_medullary,Lineage1,CFHR5,7,0.6500000000000001,0.0,14,14.0
FIB,outer_medullary,Lineage1,CFHR5,8,0.75,0.0,4,4.0
FIB,outer_medullary,Lineage1,CFHR5,9,0.8500000000000001,,0,0.0
FIB,outer_medullary,Lineage1,CFHR5,10,0.95,0.0,15,15.0
FIB,outer_medullary,Lineage2,CFHR5,1,0.05,0.0,15,14.989073141107747
FIB,outer_medullary,Lineage2,CFHR5,2,0.15,0.0,27,26.61705168047081
FIB,outer_medullary,Lineage2,CFHR5,3,0.25,0.0,19,18.32791137999623
FIB,outer_medullary,Lineage2,CFHR5,4,0.35,0.0015914244703908,19,18.756525010215334
FIB,outer_medullary,Lineage2,CFHR5,5,0.45,0.0,37,36.44729119370616
FIB,outer_medullary,Lineage2,CFHR5,6,0.55,0.0,13,13.0
FIB,outer_medullary,Lineage2,CFHR5,7,0.6500000000000001,0.0,7,7.0
FIB,outer_medullary,Lineage2,CFHR5,8,0.75,,0,0.0
FIB,outer_medullary,Lineage2,CFHR5,9,0.8500000000000001,0.0,2,2.0
FIB,outer_medullary,Lineage2,CFHR5,10,0.95,0.0,6,6.0
Glomerular,podocyte_PEC,Lineage1,C1QA,1,0.05,0.0114224393748297,70,59.659381116629355
Glomerular,podocyte_PEC,Lineage1,C1QA,2,0.15,0.0102704796597827,40,39.80118934114235
Glomerular,podocyte_PEC,Lineage1,C1QA,3,0.25,0.0518181361814213,14,12.749201645595445
Glomerular,podocyte_PEC,Lineage1,C1QA,4,0.35,0.038712272563838,19,10.241921938636269
Glomerular,podocyte_PEC,Lineage1,C1QA,5,0.45,0.0319142660225456,30,16.500692873233977
Glomerular,podocyte_PEC,Lineage1,C1QA,6,0.55,0.0173336476467912,20,16.12271506788281
Glomerular,podocyte_PEC,Lineage1,C1QA,7,0.6500000000000001,0.026837983276403,42,42.0
Glomerular,podocyte_PEC,Lineage1,C1QA,8,0.75,0.0214170512266964,88,88.0
Glomerular,podocyte_PEC,Lineage1,C1QA,9,0.8500000000000001,0.0378315151729258,65,65.0
Glomerular,podocyte_PEC,Lineage1,C1QA,10,0.95,0.0160360269533377,22,22.0
Glomerular,podocyte_PEC,Lineage2,C1QA,1,0.05,0.0082602504210946,40,30.66393920820844
Glomerular,podocyte_PEC,Lineage2,C1QA,2,0.15,0.0182367476098989,32,30.51684501674831
Glomerular,podocyte_PEC,Lineage2,C1QA,3,0.25,0.0189515090890848,40,38.81322826171976
Glomerular,podocyte_PEC,Lineage2,C1QA,4,0.35,0.0204145624523441,33,33.0
Glomerular,podocyte_PEC,Lineage2,C1QA,5,0.45,0.1096130509210501,19,19.0
Glomerular,podocyte_PEC,Lineage2,C1QA,6,0.55,0.1084101251855267,21,21.0
Glomerular,podocyte_PEC,Lineage2,C1QA,7,0.6500000000000001,0.0339029310481791,23,23.0
Glomerular,podocyte_PEC,Lineage2,C1QA,8,0.75,0.0843507608146529,16,16.0
Glomerular,podocyte_PEC,Lineage2,C1QA,9,0.8500000000000001,0.0752193130354989,7,7.0
Glomerular,podocyte_PEC,Lineage2,C1QA,10,0.95,0.0,3,3.0
Glomerular,podocyte_PEC,Lineage3,C1QA,1,0.05,0.012623243007026,47,46.120319192497384
Glomerular,podocyte_PEC,Lineage3,C1QA,2,0.15,0.0097979652190676,44,43.926587479838
Glomerular,podocyte_PEC,Lineage3,C1QA,3,0.25,0.0,9,8.925532880454208
Glomerular,podocyte_PEC,Lineage3,C1QA,4,0.35,0.1105059776314167,8,7.396933710080358
Glomerular,podocyte_PEC,Lineage3,C1QA,5,0.45,0.0307622052332374,22,21.5002650484315
Glomerular,podocyte_PEC,Lineage3,C1QA,6,0.55,0.0266419453365215,15,12.570802342485146
Glomerular,podocyte_PEC,Lineage3,C1QA,7,0.6500000000000001,0.0212584375235247,24,17.144929265240897
Glomerular,podocyte_PEC,Lineage3,C1QA,8,0.75,0.1380715716208901,27,27.0
Glomerular,podocyte_PEC,Lineage3,C1QA,9,0.8500000000000001,0.0750377827730321,17,17.0
Glomerular,podocyte_PEC,Lineage3,C1QA,10,0.95,0.0188520938200782,40,38.5770524347079
Glomerular,podocyte_PEC,Lineage1,C1QB,1,0.05,0.0048945839795616,70,59.659381116629355
Glomerular,podocyte_PEC,Lineage1,C1QB,2,0.15,0.0067490937015687,40,39.80118934114235
Glomerular,podocyte_PEC,Lineage1,C1QB,3,0.25,0.0298491250750963,14,12.749201645595445
Glomerular,podocyte_PEC,Lineage1,C1QB,4,0.35,0.0250486843735953,19,10.241921938636269
Glomerular,podocyte_PEC,Lineage1,C1QB,5,0.45,0.0118839364285501,30,16.500692873233977
Glomerular,podocyte_PEC,Lineage1,C1QB,6,0.55,0.0125453199429309,20,16.12271506788281
Glomerular,podocyte_PEC,Lineage1,C1QB,7,0.6500000000000001,0.0254939852329288,42,42.0
Glomerular,podocyte_PEC,Lineage1,C1QB,8,0.75,0.0207487510107054,88,88.0
Glomerular,podocyte_PEC,Lineage1,C1QB,9,0.8500000000000001,0.0225039193219319,65,65.0
Glomerular,podocyte_PEC,Lineage1,C1QB,10,0.95,0.0042471177603607,22,22.0
Glomerular,podocyte_PEC,Lineage2,C1QB,1,0.05,0.0011419425463967,40,30.66393920820844
Glomerular,podocyte_PEC,Lineage2,C1QB,2,0.15,0.0114058458203516,32,30.51684501674831
Glomerular,podocyte_PEC,Lineage2,C1QB,3,0.25,0.002100792674017,40,38.81322826171976
Glomerular,podocyte_PEC,Lineage2,C1QB,4,0.35,0.0225175351735187,33,33.0
Glomerular,podocyte_PEC,Lineage2,C1QB,5,0.45,0.1241260831498427,19,19.0
Glomerular,podocyte_PEC,Lineage2,C1QB,6,0.55,0.0538017752927671,21,21.0
Glomerular,podocyte_PEC,Lineage2,C1QB,7,0.6500000000000001,0.0331606022316503,23,23.0
Glomerular,podocyte_PEC,Lineage2,C1QB,8,0.75,0.0813780485599602,16,16.0
Glomerular,podocyte_PEC,Lineage2,C1QB,9,0.8500000000000001,0.0474297698093651,7,7.0
Glomerular,podocyte_PEC,Lineage2,C1QB,10,0.95,0.0040358891753174,3,3.0
Glomerular,podocyte_PEC,Lineage3,C1QB,1,0.05,0.0047400571432478,47,46.120319192497384
Glomerular,podocyte_PEC,Lineage3,C1QB,2,0.15,0.0065809138893045,44,43.926587479838
Glomerular,podocyte_PEC,Lineage3,C1QB,3,0.25,0.0049547175465794,9,8.925532880454208
Glomerular,podocyte_PEC,Lineage3,C1QB,4,0.35,0.038130596157579,8,7.396933710080358
Glomerular,podocyte_PEC,Lineage3,C1QB,5,0.45,0.0218510304883992,22,21.5002650484315
Glomerular,podocyte_PEC,Lineage3,C1QB,6,0.55,0.0082323733759361,15,12.570802342485146
Glomerular,podocyte_PEC,Lineage3,C1QB,7,0.6500000000000001,0.029281104915321,24,17.144929265240897
Glomerular,podocyte_PEC,Lineage3,C1QB,8,0.75,0.0723277388789643,27,27.0
Glomerular,podocyte_PEC,Lineage3,C1QB,9,0.8500000000000001,0.0546004897468886,17,17.0
Glomerular,podocyte_PEC,Lineage3,C1QB,10,0.95,0.003741227457778,40,38.5770524347079
Glomerular,podocyte_PEC,Lineage1,C1QC,1,0.05,0.0012358460819699,70,59.659381116629355
Glomerular,podocyte_PEC,Lineage1,C1QC,2,0.15,0.0066157402867599,40,39.80118934114235
Glomerular,podocyte_PEC,Lineage1,C1QC,3,0.25,0.0255523691906672,14,12.749201645595445
Glomerular,podocyte_PEC,Lineage1,C1QC,4,0.35,0.0251193126520346,19,10.241921938636269
Glomerular,podocyte_PEC,Lineage1,C1QC,5,0.45,0.0076894979872856,30,16.500692873233977
Glomerular,podocyte_PEC,Lineage1,C1QC,6,0.55,0.0124901506909748,20,16.12271506788281
Glomerular,podocyte_PEC,Lineage1,C1QC,7,0.6500000000000001,0.0091959072645232,42,42.0
Glomerular,podocyte_PEC,Lineage1,C1QC,8,0.75,0.0102294389624351,88,88.0
Glomerular,podocyte_PEC,Lineage1,C1QC,9,0.8500000000000001,0.0101720759694264,65,65.0
Glomerular,podocyte_PEC,Lineage1,C1QC,10,0.95,0.0013701987383773,22,22.0
Glomerular,podocyte_PEC,Lineage2,C1QC,1,0.05,0.0,40,30.66393920820844
Glomerular,podocyte_PEC,Lineage2,C1QC,2,0.15,0.0044072243830766,32,30.51684501674831
Glomerular,podocyte_PEC,Lineage2,C1QC,3,0.25,0.0038846500948771,40,38.81322826171976
Glomerular,podocyte_PEC,Lineage2,C1QC,4,0.35,0.0105245194739007,33,33.0
Glomerular,podocyte_PEC,Lineage2,C1QC,5,0.45,0.0302041848659855,19,19.0
Glomerular,podocyte_PEC,Lineage2,C1QC,6,0.55,0.0321153258715142,21,21.0
Glomerular,podocyte_PEC,Lineage2,C1QC,7,0.6500000000000001,0.0142284393791661,23,23.0
Glomerular,podocyte_PEC,Lineage2,C1QC,8,0.75,0.0570748555413692,16,16.0
Glomerular,podocyte_PEC,Lineage2,C1QC,9,0.8500000000000001,0.0299734559580611,7,7.0
Glomerular,podocyte_PEC,Lineage2,C1QC,10,0.95,0.0,3,3.0
Glomerular,podocyte_PEC,Lineage3,C1QC,1,0.05,0.0008341799418215,47,46.120319192497384
Glomerular,podocyte_PEC,Lineage3,C1QC,2,0.15,0.0059738235264369,44,43.926587479838
Glomerular,podocyte_PEC,Lineage3,C1QC,3,0.25,0.0054302561263474,9,8.925532880454208
Glomerular,podocyte_PEC,Lineage3,C1QC,4,0.35,0.0455091340303933,8,7.396933710080358
Glomerular,podocyte_PEC,Lineage3,C1QC,5,0.45,0.0165920439865752,22,21.5002650484315
Glomerular,podocyte_PEC,Lineage3,C1QC,6,0.55,0.0020109963477591,15,12.570802342485146
Glomerular,podocyte_PEC,Lineage3,C1QC,7,0.6500000000000001,0.0112067850304627,24,17.144929265240897
Glomerular,podocyte_PEC,Lineage3,C1QC,8,0.75,0.0300781698436444,27,27.0
Glomerular,podocyte_PEC,Lineage3,C1QC,9,0.8500000000000001,0.0276327464595676,17,17.0
Glomerular,podocyte_PEC,Lineage3,C1QC,10,0.95,0.0032961289974647,40,38.5770524347079
Glomerular,podocyte_PEC,Lineage1,C1R,1,0.05,0.2250482070607654,70,59.659381116629355
Glomerular,podocyte_PEC,Lineage1,C1R,2,0.15,0.139810392979752,40,39.80118934114235
Glomerular,podocyte_PEC,Lineage1,C1R,3,0.25,0.1837851782928367,14,12.749201645595445
Glomerular,podocyte_PEC,Lineage1,C1R,4,0.35,0.3104040295204551,19,10.241921938636269
Glomerular,podocyte_PEC,Lineage1,C1R,5,0.45,0.1641336059018536,30,16.500692873233977
Glomerular,podocyte_PEC,Lineage1,C1R,6,0.55,0.2166903985239156,20,16.12271506788281
Glomerular,podocyte_PEC,Lineage1,C1R,7,0.6500000000000001,0.1897795693373632,42,42.0
Glomerular,podocyte_PEC,Lineage1,C1R,8,0.75,0.2634159230499582,88,88.0
Glomerular,podocyte_PEC,Lineage1,C1R,9,0.8500000000000001,0.3949432889542665,65,65.0
Glomerular,podocyte_PEC,Lineage1,C1R,10,0.95,0.3148700948130903,22,22.0
Glomerular,podocyte_PEC,Lineage2,C1R,1,0.05,0.209651515547173,40,30.66393920820844
Glomerular,podocyte_PEC,Lineage2,C1R,2,0.15,0.2404901598735398,32,30.51684501674831
Glomerular,podocyte_PEC,Lineage2,C1R,3,0.25,0.2965600859610844,40,38.81322826171976
Glomerular,podocyte_PEC,Lineage2,C1R,4,0.35,0.4997024805225274,33,33.0
Glomerular,podocyte_PEC,Lineage2,C1R,5,0.45,0.7985913167325693,19,19.0
Glomerular,podocyte_PEC,Lineage2,C1R,6,0.55,0.4606057446458131,21,21.0
Glomerular,podocyte_PEC,Lineage2,C1R,7,0.6500000000000001,0.9166889018125596,23,23.0
Glomerular,podocyte_PEC,Lineage2,C1R,8,0.75,0.664092036830619,16,16.0
Glomerular,podocyte_PEC,Lineage2,C1R,9,0.8500000000000001,0.5796964242083248,7,7.0
Glomerular,podocyte_PEC,Lineage2,C1R,10,0.95,0.6572044936302568,3,3.0
Glomerular,podocyte_PEC,Lineage3,C1R,1,0.05,0.2230086563703414,47,46.120319192497384
Glomerular,podocyte_PEC,Lineage3,C1R,2,0.15,0.142912987545929,44,43.926587479838
Glomerular,podocyte_PEC,Lineage3,C1R,3,0.25,0.1843148973978645,9,8.925532880454208
Glomerular,podocyte_PEC,Lineage3,C1R,4,0.35,0.129653899301434,8,7.396933710080358
Glomerular,podocyte_PEC,Lineage3,C1R,5,0.45,0.2397443490861488,22,21.5002650484315
Glomerular,podocyte_PEC,Lineage3,C1R,6,0.55,0.1222270813627115,15,12.570802342485146
Glomerular,podocyte_PEC,Lineage3,C1R,7,0.6500000000000001,0.1823454802820911,24,17.144929265240897
Glomerular,podocyte_PEC,Lineage3,C1R,8,0.75,0.302492169785384,27,27.0
Glomerular,podocyte_PEC,Lineage3,C1R,9,0.8500000000000001,0.5441951300002197,17,17.0
Glomerular,podocyte_PEC,Lineage3,C1R,10,0.95,0.2600230435967406,40,38.5770524347079
Glomerular,podocyte_PEC,Lineage1,C1S,1,0.05,0.3511215759636654,70,59.659381116629355
Glomerular,podocyte_PEC,Lineage1,C1S,2,0.15,0.2803086852137445,40,39.80118934114235
Glomerular,podocyte_PEC,Lineage1,C1S,3,0.25,0.2875066731864102,14,12.749201645595445
Glomerular,podocyte_PEC,Lineage1,C1S,4,0.35,0.3761886103504228,19,10.241921938636269
Glomerular,podocyte_PEC,Lineage1,C1S,5,0.45,0.1829957817210642,30,16.500692873233977
Glomerular,podocyte_PEC,Lineage1,C1S,6,0.55,0.209854649923654,20,16.12271506788281
Glomerular,podocyte_PEC,Lineage1,C1S,7,0.6500000000000001,0.3321125164051335,42,42.0
Glomerular,podocyte_PEC,Lineage1,C1S,8,0.75,0.3171992417279112,88,88.0
Glomerular,podocyte_PEC,Lineage1,C1S,9,0.8500000000000001,0.4152435133671923,65,65.0
Glomerular,podocyte_PEC,Lineage1,C1S,10,0.95,0.374123332551577,22,22.0
Glomerular,podocyte_PEC,Lineage2,C1S,1,0.05,0.351953511753792,40,30.66393920820844
Glomerular,podocyte_PEC,Lineage2,C1S,2,0.15,0.3630954200664431,32,30.51684501674831
Glomerular,podocyte_PEC,Lineage2,C1S,3,0.25,0.3749422306155268,40,38.81322826171976
Glomerular,podocyte_PEC,Lineage2,C1S,4,0.35,0.4249154944738824,33,33.0
Glomerular,podocyte_PEC,Lineage2,C1S,5,0.45,0.5157396211918931,19,19.0
Glomerular,podocyte_PEC,Lineage2,C1S,6,0.55,0.4983827854497831,21,21.0
Glomerular,podocyte_PEC,Lineage2,C1S,7,0.6500000000000001,0.6023642628898532,23,23.0
Glomerular,podocyte_PEC,Lineage2,C1S,8,0.75,0.5656484952432916,16,16.0
Glomerular,podocyte_PEC,Lineage2,C1S,9,0.8500000000000001,0.5257756229373748,7,7.0
Glomerular,podocyte_PEC,Lineage2,C1S,10,0.95,0.422795109259189,3,3.0
Glomerular,podocyte_PEC,Lineage3,C1S,1,0.05,0.3448159351286844,47,46.120319192497384
Glomerular,podocyte_PEC,Lineage3,C1S,2,0.15,0.2914547307438833,44,43.926587479838
Glomerular,podocyte_PEC,Lineage3,C1S,3,0.25,0.3039610593617915,9,8.925532880454208
Glomerular,podocyte_PEC,Lineage3,C1S,4,0.35,0.2625901524642928,8,7.396933710080358
Glomerular,podocyte_PEC,Lineage3,C1S,5,0.45,0.3262734164893048,22,21.5002650484315
Glomerular,podocyte_PEC,Lineage3,C1S,6,0.55,0.1469148018436062,15,12.570802342485146
Glomerular,podocyte_PEC,Lineage3,C1S,7,0.6500000000000001,0.1800491649261999,24,17.144929265240897
Glomerular,podocyte_PEC,Lineage3,C1S,8,0.75,0.3306907786526989,27,27.0
Glomerular,podocyte_PEC,Lineage3,C1S,9,0.8500000000000001,0.4332390634305638,17,17.0
Glomerular,podocyte_PEC,Lineage3,C1S,10,0.95,0.3770774481635564,40,38.5770524347079
Glomerular,podocyte_PEC,Lineage1,C2,1,0.05,0.1661517596158403,70,59.659381116629355
Glomerular,podocyte_PEC,Lineage1,C2,2,0.15,0.1563718620446835,40,39.80118934114235
Glomerular,podocyte_PEC,Lineage1,C2,3,0.25,0.1336176612992289,14,12.749201645595445
Glomerular,podocyte_PEC,Lineage1,C2,4,0.35,0.085356450654329,19,10.241921938636269
Glomerular,podocyte_PEC,Lineage1,C2,5,0.45,0.1294883832482758,30,16.500692873233977
Glomerular,podocyte_PEC,Lineage1,C2,6,0.55,0.1462273922488006,20,16.12271506788281
Glomerular,podocyte_PEC,Lineage1,C2,7,0.6500000000000001,0.1385853999437533,42,42.0
Glomerular,podocyte_PEC,Lineage1,C2,8,0.75,0.1665269613008702,88,88.0
Glomerular,podocyte_PEC,Lineage1,C2,9,0.8500000000000001,0.1700020593298547,65,65.0
Glomerular,podocyte_PEC,Lineage1,C2,10,0.95,0.1703805026591867,22,22.0
Glomerular,podocyte_PEC,Lineage2,C2,1,0.05,0.1963530868003639,40,30.66393920820844
Glomerular,podocyte_PEC,Lineage2,C2,2,0.15,0.1290956408099397,32,30.51684501674831
Glomerular,podocyte_PEC,Lineage2,C2,3,0.25,0.1439528418145625,40,38.81322826171976
Glomerular,podocyte_PEC,Lineage2,C2,4,0.35,0.0887328574160503,33,33.0
Glomerular,podocyte_PEC,Lineage2,C2,5,0.45,0.120518843962969,19,19.0
Glomerular,podocyte_PEC,Lineage2,C2,6,0.55,0.1141682149215366,21,21.0
Glomerular,podocyte_PEC,Lineage2,C2,7,0.6500000000000001,0.0655351118914003,23,23.0
Glomerular,podocyte_PEC,Lineage2,C2,8,0.75,0.1509282977038192,16,16.0
Glomerular,podocyte_PEC,Lineage2,C2,9,0.8500000000000001,0.1155706822977792,7,7.0
Glomerular,podocyte_PEC,Lineage2,C2,10,0.95,0.1413435813784906,3,3.0
Glomerular,podocyte_PEC,Lineage3,C2,1,0.05,0.1804878629720497,47,46.120319192497384
Glomerular,podocyte_PEC,Lineage3,C2,2,0.15,0.1455307645839489,44,43.926587479838
Glomerular,podocyte_PEC,Lineage3,C2,3,0.25,0.1850949314286221,9,8.925532880454208
Glomerular,podocyte_PEC,Lineage3,C2,4,0.35,0.1193693728000823,8,7.396933710080358
Glomerular,podocyte_PEC,Lineage3,C2,5,0.45,0.0930963045130294,22,21.5002650484315
Glomerular,podocyte_PEC,Lineage3,C2,6,0.55,0.1564908369006121,15,12.570802342485146
Glomerular,podocyte_PEC,Lineage3,C2,7,0.6500000000000001,0.1371064483920939,24,17.144929265240897
Glomerular,podocyte_PEC,Lineage3,C2,8,0.75,0.0733859057982801,27,27.0
Glomerular,podocyte_PEC,Lineage3,C2,9,0.8500000000000001,0.1588223638859587,17,17.0
Glomerular,podocyte_PEC,Lineage3,C2,10,0.95,0.135750448590019,40,38.5770524347079
Glomerular,podocyte_PEC,Lineage1,C4A,1,0.05,0.0014730743526283,70,59.659381116629355
Glomerular,podocyte_PEC,Lineage1,C4A,2,0.15,0.0,40,39.80118934114235
Glomerular,podocyte_PEC,Lineage1,C4A,3,0.25,0.0026730596270478,14,12.749201645595445
Glomerular,podocyte_PEC,Lineage1,C4A,4,0.35,0.0042021636190993,19,10.241921938636269
Glomerular,podocyte_PEC,Lineage1,C4A,5,0.45,0.0,30,16.500692873233977
Glomerular,podocyte_PEC,Lineage1,C4A,6,0.55,0.0079696654064848,20,16.12271506788281
Glomerular,podocyte_PEC,Lineage1,C4A,7,0.6500000000000001,0.0084087027490668,42,42.0
Glomerular,podocyte_PEC,Lineage1,C4A,8,0.75,0.0032535960183483,88,88.0
Glomerular,podocyte_PEC,Lineage1,C4A,9,0.8500000000000001,0.0144726294689688,65,65.0
Glomerular,podocyte_PEC,Lineage1,C4A,10,0.95,0.0032842016659977,22,22.0
Glomerular,podocyte_PEC,Lineage2,C4A,1,0.05,0.0020193638728302,40,30.66393920820844
Glomerular,podocyte_PEC,Lineage2,C4A,2,0.15,0.0006495222517222,32,30.51684501674831
Glomerular,podocyte_PEC,Lineage2,C4A,3,0.25,0.0066586074496369,40,38.81322826171976
Glomerular,podocyte_PEC,Lineage2,C4A,4,0.35,0.0007511620668304,33,33.0
Glomerular,podocyte_PEC,Lineage2,C4A,5,0.45,0.0029125686207139,19,19.0
Glomerular,podocyte_PEC,Lineage2,C4A,6,0.55,0.0,21,21.0
Glomerular,podocyte_PEC,Lineage2,C4A,7,0.6500000000000001,0.0207870154083238,23,23.0
Glomerular,podocyte_PEC,Lineage2,C4A,8,0.75,0.0013103672332055,16,16.0
Glomerular,podocyte_PEC,Lineage2,C4A,9,0.8500000000000001,0.0,7,7.0
Glomerular,podocyte_PEC,Lineage2,C4A,10,0.95,0.0036936947521805,3,3.0
Glomerular,podocyte_PEC,Lineage3,C4A,1,0.05,0.0019072804383879,47,46.120319192497384
Glomerular,podocyte_PEC,Lineage3,C4A,2,0.15,0.0,44,43.926587479838
Glomerular,podocyte_PEC,Lineage3,C4A,3,0.25,0.0,9,8.925532880454208
Glomerular,podocyte_PEC,Lineage3,C4A,4,0.35,0.0130393668838116,8,7.396933710080358
Glomerular,podocyte_PEC,Lineage3,C4A,5,0.45,0.0,22,21.5002650484315
Glomerular,podocyte_PEC,Lineage3,C4A,6,0.55,0.0020730306533449,15,12.570802342485146
Glomerular,podocyte_PEC,Lineage3,C4A,7,0.6500000000000001,0.0,24,17.144929265240897
Glomerular,podocyte_PEC,Lineage3,C4A,8,0.75,0.0021642385564334,27,27.0
Glomerular,podocyte_PEC,Lineage3,C4A,9,0.8500000000000001,0.0,17,17.0
Glomerular,podocyte_PEC,Lineage3,C4A,10,0.95,0.0068247716544596,40,38.5770524347079
Glomerular,podocyte_PEC,Lineage1,C4B,1,0.05,0.0012277118495688,70,59.659381116629355
Glomerular,podocyte_PEC,Lineage1,C4B,2,0.15,0.0009033922940212,40,39.80118934114235
Glomerular,podocyte_PEC,Lineage1,C4B,3,0.25,0.0,14,12.749201645595445
Glomerular,podocyte_PEC,Lineage1,C4B,4,0.35,0.0020426344346357,19,10.241921938636269
Glomerular,podocyte_PEC,Lineage1,C4B,5,0.45,0.0025409953022259,30,16.500692873233977
Glomerular,podocyte_PEC,Lineage1,C4B,6,0.55,0.0185184315676016,20,16.12271506788281
Glomerular,podocyte_PEC,Lineage1,C4B,7,0.6500000000000001,0.008440845641357,42,42.0
Glomerular,podocyte_PEC,Lineage1,C4B,8,0.75,0.0045385954396515,88,88.0
Glomerular,podocyte_PEC,Lineage1,C4B,9,0.8500000000000001,0.0018257009587787,65,65.0
Glomerular,podocyte_PEC,Lineage1,C4B,10,0.95,0.0,22,22.0
Glomerular,podocyte_PEC,Lineage2,C4B,1,0.05,0.0018130909149085,40,30.66393920820844
Glomerular,podocyte_PEC,Lineage2,C4B,2,0.15,0.0,32,30.51684501674831
Glomerular,podocyte_PEC,Lineage2,C4B,3,0.25,0.0,40,38.81322826171976
Glomerular,podocyte_PEC,Lineage2,C4B,4,0.35,0.0061115495170521,33,33.0
Glomerular,podocyte_PEC,Lineage2,C4B,5,0.45,0.0013750822354958,19,19.0
Glomerular,podocyte_PEC,Lineage2,C4B,6,0.55,0.0023526825462504,21,21.0
Glomerular,podocyte_PEC,Lineage2,C4B,7,0.6500000000000001,0.0060498847689882,23,23.0
Glomerular,podocyte_PEC,Lineage2,C4B,8,0.75,0.0,16,16.0
Glomerular,podocyte_PEC,Lineage2,C4B,9,0.8500000000000001,0.0046456715958803,7,7.0
Glomerular,podocyte_PEC,Lineage2,C4B,10,0.95,0.0,3,3.0
Glomerular,podocyte_PEC,Lineage3,C4B,1,0.05,0.001588118434938,47,46.120319192497384
Glomerular,podocyte_PEC,Lineage3,C4B,2,0.15,0.0008343491845582,44,43.926587479838
Glomerular,podocyte_PEC,Lineage3,C4B,3,0.25,0.0,9,8.925532880454208
Glomerular,podocyte_PEC,Lineage3,C4B,4,0.35,0.0,8,7.396933710080358
Glomerular,podocyte_PEC,Lineage3,C4B,5,0.45,0.0032424603064505,22,21.5002650484315
Glomerular,podocyte_PEC,Lineage3,C4B,6,0.55,0.0033353625275498,15,12.570802342485146
Glomerular,podocyte_PEC,Lineage3,C4B,7,0.6500000000000001,0.0044966756491603,24,17.144929265240897
Glomerular,podocyte_PEC,Lineage3,C4B,8,0.75,0.0,27,27.0
Glomerular,podocyte_PEC,Lineage3,C4B,9,0.8500000000000001,0.001726515997446,17,17.0
Glomerular,podocyte_PEC,Lineage3,C4B,10,0.95,0.0,40,38.5770524347079
Glomerular,podocyte_PEC,Lineage1,C4BPA,1,0.05,0.0081980226788843,70,59.659381116629355
Glomerular,podocyte_PEC,Lineage1,C4BPA,2,0.15,0.0157218050228673,40,39.80118934114235
Glomerular,podocyte_PEC,Lineage1,C4BPA,3,0.25,0.0009296513555769,14,12.749201645595445
Glomerular,podocyte_PEC,Lineage1,C4BPA,4,0.35,0.0086604765663687,19,10.241921938636269
Glomerular,podocyte_PEC,Lineage1,C4BPA,5,0.45,0.0138617952715666,30,16.500692873233977
Glomerular,podocyte_PEC,Lineage1,C4BPA,6,0.55,0.0174107949156067,20,16.12271506788281
Glomerular,podocyte_PEC,Lineage1,C4BPA,7,0.6500000000000001,0.0127091700746378,42,42.0
Glomerular,podocyte_PEC,Lineage1,C4BPA,8,0.75,0.0107101048197565,88,88.0
Glomerular,podocyte_PEC,Lineage1,C4BPA,9,0.8500000000000001,0.0166325282117147,65,65.0
Glomerular,podocyte_PEC,Lineage1,C4BPA,10,0.95,0.0028081361125333,22,22.0
Glomerular,podocyte_PEC,Lineage2,C4BPA,1,0.05,0.0072876463428372,40,30.66393920820844
Glomerular,podocyte_PEC,Lineage2,C4BPA,2,0.15,0.0104526423673903,32,30.51684501674831
Glomerular,podocyte_PEC,Lineage2,C4BPA,3,0.25,0.0041417300014688,40,38.81322826171976
Glomerular,podocyte_PEC,Lineage2,C4BPA,4,0.35,0.0058793258682721,33,33.0
Glomerular,podocyte_PEC,Lineage2,C4BPA,5,0.45,0.0,19,19.0
Glomerular,podocyte_PEC,Lineage2,C4BPA,6,0.55,0.0053874141870016,21,21.0
Glomerular,podocyte_PEC,Lineage2,C4BPA,7,0.6500000000000001,0.0136549557158337,23,23.0
Glomerular,podocyte_PEC,Lineage2,C4BPA,8,0.75,0.004323388594048,16,16.0
Glomerular,podocyte_PEC,Lineage2,C4BPA,9,0.8500000000000001,0.0,7,7.0
Glomerular,podocyte_PEC,Lineage2,C4BPA,10,0.95,0.0036936947521805,3,3.0
Glomerular,podocyte_PEC,Lineage3,C4BPA,1,0.05,0.0085980811651495,47,46.120319192497384
Glomerular,podocyte_PEC,Lineage3,C4BPA,2,0.15,0.0102072813567497,44,43.926587479838
Glomerular,podocyte_PEC,Lineage3,C4BPA,3,0.25,0.019992393953173,9,8.925532880454208
Glomerular,podocyte_PEC,Lineage3,C4BPA,4,0.35,0.0144883560439959,8,7.396933710080358
Glomerular,podocyte_PEC,Lineage3,C4BPA,5,0.45,0.0,22,21.5002650484315
Glomerular,podocyte_PEC,Lineage3,C4BPA,6,0.55,0.0140314432140464,15,12.570802342485146
Glomerular,podocyte_PEC,Lineage3,C4BPA,7,0.6500000000000001,0.0098826582892402,24,17.144929265240897
Glomerular,podocyte_PEC,Lineage3,C4BPA,8,0.75,0.0065795172327238,27,27.0
Glomerular,podocyte_PEC,Lineage3,C4BPA,9,0.8500000000000001,0.0106791626614978,17,17.0
Glomerular,podocyte_PEC,Lineage3,C4BPA,10,0.95,0.0052605709681441,40,38.5770524347079
Glomerular,podocyte_PEC,Lineage1,C4BPB,1,0.05,0.000694046081514,70,59.659381116629355
Glomerular,podocyte_PEC,Lineage1,C4BPB,2,0.15,0.000689128016031,40,39.80118934114235
Glomerular,podocyte_PEC,Lineage1,C4BPB,3,0.25,0.0,14,12.749201645595445
Glomerular,podocyte_PEC,Lineage1,C4BPB,4,0.35,0.0,19,10.241921938636269
Glomerular,podocyte_PEC,Lineage1,C4BPB,5,0.45,0.002174164962289,30,16.500692873233977
Glomerular,podocyte_PEC,Lineage1,C4BPB,6,0.55,0.0085414937518585,20,16.12271506788281
Glomerular,podocyte_PEC,Lineage1,C4BPB,7,0.6500000000000001,0.0021088209067069,42,42.0
Glomerular,podocyte_PEC,Lineage1,C4BPB,8,0.75,0.0089236597370723,88,88.0
Glomerular,podocyte_PEC,Lineage1,C4BPB,9,0.8500000000000001,0.0004666576165872,65,65.0
Glomerular,podocyte_PEC,Lineage1,C4BPB,10,0.95,0.0022875614701748,22,22.0
Glomerular,podocyte_PEC,Lineage2,C4BPB,1,0.05,0.0,40,30.66393920820844
Glomerular,podocyte_PEC,Lineage2,C4BPB,2,0.15,0.0020655384409171,32,30.51684501674831
Glomerular,podocyte_PEC,Lineage2,C4BPB,3,0.25,0.002214253686018,40,38.81322826171976
Glomerular,podocyte_PEC,Lineage2,C4BPB,4,0.35,0.0009082225822211,33,33.0
Glomerular,podocyte_PEC,Lineage2,C4BPB,5,0.45,0.0035024663608234,19,19.0
Glomerular,podocyte_PEC,Lineage2,C4BPB,6,0.55,0.0021384582137307,21,21.0
Glomerular,podocyte_PEC,Lineage2,C4BPB,7,0.6500000000000001,0.0040041819590142,23,23.0
Glomerular,podocyte_PEC,Lineage2,C4BPB,8,0.75,0.0055015705911138,16,16.0
Glomerular,podocyte_PEC,Lineage2,C4BPB,9,0.8500000000000001,0.0,7,7.0
Glomerular,podocyte_PEC,Lineage2,C4BPB,10,0.95,0.0040358891753174,3,3.0
Glomerular,podocyte_PEC,Lineage3,C4BPB,1,0.05,0.0,47,46.120319192497384
Glomerular,podocyte_PEC,Lineage3,C4BPB,2,0.15,0.0006272421845785,44,43.926587479838
Glomerular,podocyte_PEC,Lineage3,C4BPB,3,0.25,0.0,9,8.925532880454208
Glomerular,podocyte_PEC,Lineage3,C4BPB,4,0.35,0.0,8,7.396933710080358
Glomerular,podocyte_PEC,Lineage3,C4BPB,5,0.45,0.0,22,21.5002650484315
Glomerular,podocyte_PEC,Lineage3,C4BPB,6,0.55,0.0046678149111436,15,12.570802342485146
Glomerular,podocyte_PEC,Lineage3,C4BPB,7,0.6500000000000001,0.0,24,17.144929265240897
Glomerular,podocyte_PEC,Lineage3,C4BPB,8,0.75,0.0008901016212163,27,27.0
Glomerular,podocyte_PEC,Lineage3,C4BPB,9,0.8500000000000001,0.0,17,17.0
Glomerular,podocyte_PEC,Lineage3,C4BPB,10,0.95,0.0037881356122444,40,38.5770524347079
Glomerular,podocyte_PEC,Lineage1,MBL2,1,0.05,0.0,70,59.659381116629355
Glomerular,podocyte_PEC,Lineage1,MBL2,2,0.15,0.0,40,39.80118934114235
Glomerular,podocyte_PEC,Lineage1,MBL2,3,0.25,0.0,14,12.749201645595445
Glomerular,podocyte_PEC,Lineage1,MBL2,4,0.35,0.0016454447357867,19,10.241921938636269
Glomerular,podocyte_PEC,Lineage1,MBL2,5,0.45,0.0,30,16.500692873233977
Glomerular,podocyte_PEC,Lineage1,MBL2,6,0.55,0.0,20,16.12271506788281
Glomerular,podocyte_PEC,Lineage1,MBL2,7,0.6500000000000001,0.0,42,42.0
Glomerular,podocyte_PEC,Lineage1,MBL2,8,0.75,0.0004005432132667,88,88.0
Glomerular,podocyte_PEC,Lineage1,MBL2,9,0.8500000000000001,0.0009746832334053,65,65.0
Glomerular,podocyte_PEC,Lineage1,MBL2,10,0.95,0.0,22,22.0
Glomerular,podocyte_PEC,Lineage2,MBL2,1,0.05,0.0,40,30.66393920820844
Glomerular,podocyte_PEC,Lineage2,MBL2,2,0.15,0.0,32,30.51684501674831
Glomerular,podocyte_PEC,Lineage2,MBL2,3,0.25,0.0,40,38.81322826171976
Glomerular,podocyte_PEC,Lineage2,MBL2,4,0.35,0.0,33,33.0
Glomerular,podocyte_PEC,Lineage2,MBL2,5,0.45,0.0,19,19.0
Glomerular,podocyte_PEC,Lineage2,MBL2,6,0.55,0.0,21,21.0
Glomerular,podocyte_PEC,Lineage2,MBL2,7,0.6500000000000001,0.0,23,23.0
Glomerular,podocyte_PEC,Lineage2,MBL2,8,0.75,0.0,16,16.0
Glomerular,podocyte_PEC,Lineage2,MBL2,9,0.8500000000000001,0.0,7,7.0
Glomerular,podocyte_PEC,Lineage2,MBL2,10,0.95,0.0,3,3.0
Glomerular,podocyte_PEC,Lineage3,MBL2,1,0.05,0.0,47,46.120319192497384
Glomerular,podocyte_PEC,Lineage3,MBL2,2,0.15,0.0,44,43.926587479838
Glomerular,podocyte_PEC,Lineage3,MBL2,3,0.25,0.0,9,8.925532880454208
Glomerular,podocyte_PEC,Lineage3,MBL2,4,0.35,0.0,8,7.396933710080358
Glomerular,podocyte_PEC,Lineage3,MBL2,5,0.45,0.001888956687164,22,21.5002650484315
Glomerular,podocyte_PEC,Lineage3,MBL2,6,0.55,0.0,15,12.570802342485146
Glomerular,podocyte_PEC,Lineage3,MBL2,7,0.6500000000000001,0.0,24,17.144929265240897
Glomerular,podocyte_PEC,Lineage3,MBL2,8,0.75,0.0,27,27.0
Glomerular,podocyte_PEC,Lineage3,MBL2,9,0.8500000000000001,0.0,17,17.0
Glomerular,podocyte_PEC,Lineage3,MBL2,10,0.95,0.0,40,38.5770524347079
Glomerular,podocyte_PEC,Lineage1,FCN1,1,0.05,0.0093576752721893,70,59.659381116629355
Glomerular,podocyte_PEC,Lineage1,FCN1,2,0.15,0.0007374383604328,40,39.80118934114235
Glomerular,podocyte_PEC,Lineage1,FCN1,3,0.25,0.0,14,12.749201645595445
Glomerular,podocyte_PEC,Lineage1,FCN1,4,0.35,0.0011244547833286,19,10.241921938636269
Glomerular,podocyte_PEC,Lineage1,FCN1,5,0.45,0.0048211509239869,30,16.500692873233977
Glomerular,podocyte_PEC,Lineage1,FCN1,6,0.55,0.0,20,16.12271506788281
Glomerular,podocyte_PEC,Lineage1,FCN1,7,0.6500000000000001,0.0049357098589673,42,42.0
Glomerular,podocyte_PEC,Lineage1,FCN1,8,0.75,0.0041238842296612,88,88.0
Glomerular,podocyte_PEC,Lineage1,FCN1,9,0.8500000000000001,0.0065770404507164,65,65.0
Glomerular,podocyte_PEC,Lineage1,FCN1,10,0.95,0.0205985012937134,22,22.0
Glomerular,podocyte_PEC,Lineage2,FCN1,1,0.05,0.0128208188378961,40,30.66393920820844
Glomerular,podocyte_PEC,Lineage2,FCN1,2,0.15,0.0041245521085527,32,30.51684501674831
Glomerular,podocyte_PEC,Lineage2,FCN1,3,0.25,0.0046998126311115,40,38.81322826171976
Glomerular,podocyte_PEC,Lineage2,FCN1,4,0.35,0.002197895263143,33,33.0
Glomerular,podocyte_PEC,Lineage2,FCN1,5,0.45,0.0108578591955806,19,19.0
Glomerular,podocyte_PEC,Lineage2,FCN1,6,0.55,0.0066537196085491,21,21.0
Glomerular,podocyte_PEC,Lineage2,FCN1,7,0.6500000000000001,0.0029486070450537,23,23.0
Glomerular,podocyte_PEC,Lineage2,FCN1,8,0.75,0.0013103672332055,16,16.0
Glomerular,podocyte_PEC,Lineage2,FCN1,9,0.8500000000000001,0.0055613581625183,7,7.0
Glomerular,podocyte_PEC,Lineage2,FCN1,10,0.95,0.0036936947521805,3,3.0
Glomerular,podocyte_PEC,Lineage3,FCN1,1,0.05,0.0105385183127024,47,46.120319192497384
Glomerular,podocyte_PEC,Lineage3,FCN1,2,0.15,0.0006825426559184,44,43.926587479838
Glomerular,podocyte_PEC,Lineage3,FCN1,3,0.25,0.0,9,8.925532880454208
Glomerular,podocyte_PEC,Lineage3,FCN1,4,0.35,0.0,8,7.396933710080358
Glomerular,podocyte_PEC,Lineage3,FCN1,5,0.45,0.0017988789976772,22,21.5002650484315
Glomerular,podocyte_PEC,Lineage3,FCN1,6,0.55,0.0020109963477591,15,12.570802342485146
Glomerular,podocyte_PEC,Lineage3,FCN1,7,0.6500000000000001,0.0137111580967413,24,17.144929265240897
Glomerular,podocyte_PEC,Lineage3,FCN1,8,0.75,0.001531667875488,27,27.0
Glomerular,podocyte_PEC,Lineage3,FCN1,9,0.8500000000000001,0.0121810544477002,17,17.0
Glomerular,podocyte_PEC,Lineage3,FCN1,10,0.95,0.0063481304000179,40,38.5770524347079
Glomerular,podocyte_PEC,Lineage1,FCN2,1,0.05,0.0,70,59.659381116629355
Glomerular,podocyte_PEC,Lineage1,FCN2,2,0.15,0.0,40,39.80118934114235
Glomerular,podocyte_PEC,Lineage1,FCN2,3,0.25,0.0053591680798805,14,12.749201645595445
Glomerular,podocyte_PEC,Lineage1,FCN2,4,0.35,0.0,19,10.241921938636269
Glomerular,podocyte_PEC,Lineage1,FCN2,5,0.45,0.0,30,16.500692873233977
Glomerular,podocyte_PEC,Lineage1,FCN2,6,0.55,0.0,20,16.12271506788281
Glomerular,podocyte_PEC,Lineage1,FCN2,7,0.6500000000000001,0.0,42,42.0
Glomerular,podocyte_PEC,Lineage1,FCN2,8,0.75,0.0003881453694343,88,88.0
Glomerular,podocyte_PEC,Lineage1,FCN2,9,0.8500000000000001,0.0,65,65.0
Glomerular,podocyte_PEC,Lineage1,FCN2,10,0.95,0.0,22,22.0
Glomerular,podocyte_PEC,Lineage2,FCN2,1,0.05,0.0,40,30.66393920820844
Glomerular,podocyte_PEC,Lineage2,FCN2,2,0.15,0.0,32,30.51684501674831
Glomerular,podocyte_PEC,Lineage2,FCN2,3,0.25,0.0,40,38.81322826171976
Glomerular,podocyte_PEC,Lineage2,FCN2,4,0.35,0.0,33,33.0
Glomerular,podocyte_PEC,Lineage2,FCN2,5,0.45,0.0066056641616099,19,19.0
Glomerular,podocyte_PEC,Lineage2,FCN2,6,0.55,0.0010389123366131,21,21.0
Glomerular,podocyte_PEC,Lineage2,FCN2,7,0.6500000000000001,0.0054254463494942,23,23.0
Glomerular,podocyte_PEC,Lineage2,FCN2,8,0.75,0.0017307269928215,16,16.0
Glomerular,podocyte_PEC,Lineage2,FCN2,9,0.8500000000000001,0.0,7,7.0
Glomerular,podocyte_PEC,Lineage2,FCN2,10,0.95,0.0,3,3.0
Glomerular,podocyte_PEC,Lineage3,FCN2,1,0.05,0.0,47,46.120319192497384
Glomerular,podocyte_PEC,Lineage3,FCN2,2,0.15,0.0,44,43.926587479838
Glomerular,podocyte_PEC,Lineage3,FCN2,3,0.25,0.0076550179600659,9,8.925532880454208
Glomerular,podocyte_PEC,Lineage3,FCN2,4,0.35,0.0,8,7.396933710080358
Glomerular,podocyte_PEC,Lineage3,FCN2,5,0.45,0.0,22,21.5002650484315
Glomerular,podocyte_PEC,Lineage3,FCN2,6,0.55,0.0,15,12.570802342485146
Glomerular,podocyte_PEC,Lineage3,FCN2,7,0.6500000000000001,0.0,24,17.144929265240897
Glomerular,podocyte_PEC,Lineage3,FCN2,8,0.75,0.001274136935217,27,27.0
Glomerular,podocyte_PEC,Lineage3,FCN2,9,0.8500000000000001,0.0,17,17.0
Glomerular,podocyte_PEC,Lineage3,FCN2,10,0.95,0.0,40,38.5770524347079
Glomerular,podocyte_PEC,Lineage1,FCN3,1,0.05,0.0031700449129246,70,59.659381116629355
Glomerular,podocyte_PEC,Lineage1,FCN3,2,0.15,0.0127819483622563,40,39.80118934114235
Glomerular,podocyte_PEC,Lineage1,FCN3,3,0.25,0.2631073166220293,14,12.749201645595445
Glomerular,podocyte_PEC,Lineage1,FCN3,4,0.35,0.2884796110792887,19,10.241921938636269
Glomerular,podocyte_PEC,Lineage1,FCN3,5,0.45,0.0493627253351391,30,16.500692873233977
Glomerular,podocyte_PEC,Lineage1,FCN3,6,0.55,0.0250513564068147,20,16.12271506788281
Glomerular,podocyte_PEC,Lineage1,FCN3,7,0.6500000000000001,0.0396149833455129,42,42.0
Glomerular,podocyte_PEC,Lineage1,FCN3,8,0.75,0.0260072259416165,88,88.0
Glomerular,podocyte_PEC,Lineage1,FCN3,9,0.8500000000000001,0.0070046288183385,65,65.0
Glomerular,podocyte_PEC,Lineage1,FCN3,10,0.95,0.0071873244363641,22,22.0
Glomerular,podocyte_PEC,Lineage2,FCN3,1,0.05,0.0015960704364096,40,30.66393920820844
Glomerular,podocyte_PEC,Lineage2,FCN3,2,0.15,0.0052349101348405,32,30.51684501674831
Glomerular,podocyte_PEC,Lineage2,FCN3,3,0.25,0.0057531826447167,40,38.81322826171976
Glomerular,podocyte_PEC,Lineage2,FCN3,4,0.35,0.0112431046746466,33,33.0
Glomerular,podocyte_PEC,Lineage2,FCN3,5,0.45,0.0936163525940274,19,19.0
Glomerular,podocyte_PEC,Lineage2,FCN3,6,0.55,0.1097232794265949,21,21.0
Glomerular,podocyte_PEC,Lineage2,FCN3,7,0.6500000000000001,0.043186962617511,23,23.0
Glomerular,podocyte_PEC,Lineage2,FCN3,8,0.75,0.0059803102359619,16,16.0
Glomerular,podocyte_PEC,Lineage2,FCN3,9,0.8500000000000001,0.0054375517055438,7,7.0
Glomerular,podocyte_PEC,Lineage2,FCN3,10,0.95,0.0,3,3.0
Glomerular,podocyte_PEC,Lineage3,FCN3,1,0.05,0.0023179940412358,47,46.120319192497384
Glomerular,podocyte_PEC,Lineage3,FCN3,2,0.15,0.0074062106088255,44,43.926587479838
Glomerular,podocyte_PEC,Lineage3,FCN3,3,0.25,0.1813056863944817,9,8.925532880454208
Glomerular,podocyte_PEC,Lineage3,FCN3,4,0.35,0.4536076359028017,8,7.396933710080358
Glomerular,podocyte_PEC,Lineage3,FCN3,5,0.45,0.1533567089051356,22,21.5002650484315
Glomerular,podocyte_PEC,Lineage3,FCN3,6,0.55,0.0220232894846213,15,12.570802342485146
Glomerular,podocyte_PEC,Lineage3,FCN3,7,0.6500000000000001,0.0910569830930119,24,17.144929265240897
Glomerular,podocyte_PEC,Lineage3,FCN3,8,0.75,0.2606297882052239,27,27.0
Glomerular,podocyte_PEC,Lineage3,FCN3,9,0.8500000000000001,0.1080467738400933,17,17.0
Glomerular,podocyte_PEC,Lineage3,FCN3,10,0.95,0.0075908155863326,40,38.5770524347079
Glomerular,podocyte_PEC,Lineage1,MASP1,1,0.05,0.0069802611927909,70,59.659381116629355
Glomerular,podocyte_PEC,Lineage1,MASP1,2,0.15,0.0215469639399351,40,39.80118934114235
Glomerular,podocyte_PEC,Lineage1,MASP1,3,0.25,0.0435423488592086,14,12.749201645595445
Glomerular,podocyte_PEC,Lineage1,MASP1,4,0.35,0.083654785527507,19,10.241921938636269
Glomerular,podocyte_PEC,Lineage1,MASP1,5,0.45,0.1951729376279095,30,16.500692873233977
Glomerular,podocyte_PEC,Lineage1,MASP1,6,0.55,0.1115854030022672,20,16.12271506788281
Glomerular,podocyte_PEC,Lineage1,MASP1,7,0.6500000000000001,0.1504148139467886,42,42.0
Glomerular,podocyte_PEC,Lineage1,MASP1,8,0.75,0.1520169427516788,88,88.0
Glomerular,podocyte_PEC,Lineage1,MASP1,9,0.8500000000000001,0.0956302675297003,65,65.0
Glomerular,podocyte_PEC,Lineage1,MASP1,10,0.95,0.0864539260841075,22,22.0
Glomerular,podocyte_PEC,Lineage2,MASP1,1,0.05,0.0057073402255944,40,30.66393920820844
Glomerular,podocyte_PEC,Lineage2,MASP1,2,0.15,0.0051280357761347,32,30.51684501674831
Glomerular,podocyte_PEC,Lineage2,MASP1,3,0.25,0.0080369943131787,40,38.81322826171976
Glomerular,podocyte_PEC,Lineage2,MASP1,4,0.35,0.0134183827195988,33,33.0
Glomerular,podocyte_PEC,Lineage2,MASP1,5,0.45,0.0136083372489949,19,19.0
Glomerular,podocyte_PEC,Lineage2,MASP1,6,0.55,0.0544345130678615,21,21.0
Glomerular,podocyte_PEC,Lineage2,MASP1,7,0.6500000000000001,0.0128945633286404,23,23.0
Glomerular,podocyte_PEC,Lineage2,MASP1,8,0.75,0.0199208508789743,16,16.0
Glomerular,podocyte_PEC,Lineage2,MASP1,9,0.8500000000000001,0.0055613581625183,7,7.0
Glomerular,podocyte_PEC,Lineage2,MASP1,10,0.95,0.0572959875288696,3,3.0
Glomerular,podocyte_PEC,Lineage3,MASP1,1,0.05,0.0041890108947213,47,46.120319192497384
Glomerular,podocyte_PEC,Lineage3,MASP1,2,0.15,0.0159566594623087,44,43.926587479838
Glomerular,podocyte_PEC,Lineage3,MASP1,3,0.25,0.0711878328540993,9,8.925532880454208
Glomerular,podocyte_PEC,Lineage3,MASP1,4,0.35,0.0616581332198185,8,7.396933710080358
Glomerular,podocyte_PEC,Lineage3,MASP1,5,0.45,0.1086734667608188,22,21.5002650484315
Glomerular,podocyte_PEC,Lineage3,MASP1,6,0.55,0.2026138190429441,15,12.570802342485146
Glomerular,podocyte_PEC,Lineage3,MASP1,7,0.6500000000000001,0.0678367498438908,24,17.144929265240897
Glomerular,podocyte_PEC,Lineage3,MASP1,8,0.75,0.0708102485919021,27,27.0
Glomerular,podocyte_PEC,Lineage3,MASP1,9,0.8500000000000001,0.0234429371456122,17,17.0
Glomerular,podocyte_PEC,Lineage3,MASP1,10,0.95,0.0080246891895431,40,38.5770524347079
Glomerular,podocyte_PEC,Lineage1,MASP2,1,0.05,0.008208013108033,70,59.659381116629355
Glomerular,podocyte_PEC,Lineage1,MASP2,2,0.15,0.0052661306850111,40,39.80118934114235
Glomerular,podocyte_PEC,Lineage1,MASP2,3,0.25,0.0253725860034287,14,12.749201645595445
Glomerular,podocyte_PEC,Lineage1,MASP2,4,0.35,0.0108779545269659,19,10.241921938636269
Glomerular,podocyte_PEC,Lineage1,MASP2,5,0.45,0.0038820048632482,30,16.500692873233977
Glomerular,podocyte_PEC,Lineage1,MASP2,6,0.55,0.0152605515275242,20,16.12271506788281
Glomerular,podocyte_PEC,Lineage1,MASP2,7,0.6500000000000001,0.0212712140306333,42,42.0
Glomerular,podocyte_PEC,Lineage1,MASP2,8,0.75,0.0045952443055678,88,88.0
Glomerular,podocyte_PEC,Lineage1,MASP2,9,0.8500000000000001,0.0121541923835938,65,65.0
Glomerular,podocyte_PEC,Lineage1,MASP2,10,0.95,0.0101389966043317,22,22.0
Glomerular,podocyte_PEC,Lineage2,MASP2,1,0.05,0.0029779295786319,40,30.66393920820844
Glomerular,podocyte_PEC,Lineage2,MASP2,2,0.15,0.013599042810834,32,30.51684501674831
Glomerular,podocyte_PEC,Lineage2,MASP2,3,0.25,0.0082479901477701,40,38.81322826171976
Glomerular,podocyte_PEC,Lineage2,MASP2,4,0.35,0.0098541263477183,33,33.0
Glomerular,podocyte_PEC,Lineage2,MASP2,5,0.45,0.0140641865342423,19,19.0
Glomerular,podocyte_PEC,Lineage2,MASP2,6,0.55,0.0118460535528434,21,21.0
Glomerular,podocyte_PEC,Lineage2,MASP2,7,0.6500000000000001,0.007191047693479,23,23.0
Glomerular,podocyte_PEC,Lineage2,MASP2,8,0.75,0.0049279807255977,16,16.0
Glomerular,podocyte_PEC,Lineage2,MASP2,9,0.8500000000000001,0.0034278940426218,7,7.0
Glomerular,podocyte_PEC,Lineage2,MASP2,10,0.95,0.0,3,3.0
Glomerular,podocyte_PEC,Lineage3,MASP2,1,0.05,0.0088896667067567,47,46.120319192497384
Glomerular,podocyte_PEC,Lineage3,MASP2,2,0.15,0.0051992067796134,44,43.926587479838
Glomerular,podocyte_PEC,Lineage3,MASP2,3,0.25,0.0294105812186968,9,8.925532880454208
Glomerular,podocyte_PEC,Lineage3,MASP2,4,0.35,0.0052288849576648,8,7.396933710080358
Glomerular,podocyte_PEC,Lineage3,MASP2,5,0.45,0.0065815997296129,22,21.5002650484315
Glomerular,podocyte_PEC,Lineage3,MASP2,6,0.55,0.0046678149111436,15,12.570802342485146
Glomerular,podocyte_PEC,Lineage3,MASP2,7,0.6500000000000001,0.0054767122736705,24,17.144929265240897
Glomerular,podocyte_PEC,Lineage3,MASP2,8,0.75,0.0183754442783864,27,27.0
Glomerular,podocyte_PEC,Lineage3,MASP2,9,0.8500000000000001,0.0065067743870398,17,17.0
Glomerular,podocyte_PEC,Lineage3,MASP2,10,0.95,0.0056764351201029,40,38.5770524347079
Glomerular,podocyte_PEC,Lineage1,C3,1,0.05,0.0416242014212622,70,59.659381116629355
Glomerular,podocyte_PEC,Lineage1,C3,2,0.15,0.0364167644841876,40,39.80118934114235
Glomerular,podocyte_PEC,Lineage1,C3,3,0.25,0.1546681152244874,14,12.749201645595445
Glomerular,podocyte_PEC,Lineage1,C3,4,0.35,0.1237500369432468,19,10.241921938636269
Glomerular,podocyte_PEC,Lineage1,C3,5,0.45,0.1734806850294869,30,16.500692873233977
Glomerular,podocyte_PEC,Lineage1,C3,6,0.55,0.3430953041015347,20,16.12271506788281
Glomerular,podocyte_PEC,Lineage1,C3,7,0.6500000000000001,0.2469660987684843,42,42.0
Glomerular,podocyte_PEC,Lineage1,C3,8,0.75,0.3512509940115414,88,88.0
Glomerular,podocyte_PEC,Lineage1,C3,9,0.8500000000000001,0.5080124767823054,65,65.0
Glomerular,podocyte_PEC,Lineage1,C3,10,0.95,0.3988945367974747,22,22.0
Glomerular,podocyte_PEC,Lineage2,C3,1,0.05,0.0311059646421505,40,30.66393920820844
Glomerular,podocyte_PEC,Lineage2,C3,2,0.15,0.0526079665599182,32,30.51684501674831
Glomerular,podocyte_PEC,Lineage2,C3,3,0.25,0.043583108421095,40,38.81322826171976
Glomerular,podocyte_PEC,Lineage2,C3,4,0.35,0.0349214908620292,33,33.0
Glomerular,podocyte_PEC,Lineage2,C3,5,0.45,0.1608443164852424,19,19.0
Glomerular,podocyte_PEC,Lineage2,C3,6,0.55,0.6285420546883118,21,21.0
Glomerular,podocyte_PEC,Lineage2,C3,7,0.6500000000000001,0.0879493475679311,23,23.0
Glomerular,podocyte_PEC,Lineage2,C3,8,0.75,0.2100383424393986,16,16.0
Glomerular,podocyte_PEC,Lineage2,C3,9,0.8500000000000001,0.3664280928125575,7,7.0
Glomerular,podocyte_PEC,Lineage2,C3,10,0.95,0.1129294569975244,3,3.0
Glomerular,podocyte_PEC,Lineage3,C3,1,0.05,0.0372983727137259,47,46.120319192497384
Glomerular,podocyte_PEC,Lineage3,C3,2,0.15,0.028921012794678,44,43.926587479838
Glomerular,podocyte_PEC,Lineage3,C3,3,0.25,0.2059278648259906,9,8.925532880454208
Glomerular,podocyte_PEC,Lineage3,C3,4,0.35,0.1652844363623187,8,7.396933710080358
Glomerular,podocyte_PEC,Lineage3,C3,5,0.45,0.0798505811923795,22,21.5002650484315
Glomerular,podocyte_PEC,Lineage3,C3,6,0.55,0.1640649580571265,15,12.570802342485146
Glomerular,podocyte_PEC,Lineage3,C3,7,0.6500000000000001,0.1774259213105151,24,17.144929265240897
Glomerular,podocyte_PEC,Lineage3,C3,8,0.75,0.2752402719678663,27,27.0
Glomerular,podocyte_PEC,Lineage3,C3,9,0.8500000000000001,0.1157083530612242,17,17.0
Glomerular,podocyte_PEC,Lineage3,C3,10,0.95,0.0405234617395881,40,38.5770524347079
Glomerular,podocyte_PEC,Lineage1,CFB,1,0.05,0.0207526442007291,70,59.659381116629355
Glomerular,podocyte_PEC,Lineage1,CFB,2,0.15,0.0227500034967726,40,39.80118934114235
Glomerular,podocyte_PEC,Lineage1,CFB,3,0.25,0.0169321972292856,14,12.749201645595445
Glomerular,podocyte_PEC,Lineage1,CFB,4,0.35,0.0807869534409388,19,10.241921938636269
Glomerular,podocyte_PEC,Lineage1,CFB,5,0.45,0.1746950081497777,30,16.500692873233977
Glomerular,podocyte_PEC,Lineage1,CFB,6,0.55,0.1288203057991412,20,16.12271506788281
Glomerular,podocyte_PEC,Lineage1,CFB,7,0.6500000000000001,0.1087171715181264,42,42.0
Glomerular,podocyte_PEC,Lineage1,CFB,8,0.75,0.1284926384697921,88,88.0
Glomerular,podocyte_PEC,Lineage1,CFB,9,0.8500000000000001,0.1467974453720906,65,65.0
Glomerular,podocyte_PEC,Lineage1,CFB,10,0.95,0.1429801177943119,22,22.0
Glomerular,podocyte_PEC,Lineage2,CFB,1,0.05,0.01879726226553,40,30.66393920820844
Glomerular,podocyte_PEC,Lineage2,CFB,2,0.15,0.0247509364473857,32,30.51684501674831
Glomerular,podocyte_PEC,Lineage2,CFB,3,0.25,0.0098073419101494,40,38.81322826171976
Glomerular,podocyte_PEC,Lineage2,CFB,4,0.35,0.0449376316796105,33,33.0
Glomerular,podocyte_PEC,Lineage2,CFB,5,0.45,0.0824618815102533,19,19.0
Glomerular,podocyte_PEC,Lineage2,CFB,6,0.55,0.2311479395749438,21,21.0
Glomerular,podocyte_PEC,Lineage2,CFB,7,0.6500000000000001,0.085447468767041,23,23.0
Glomerular,podocyte_PEC,Lineage2,CFB,8,0.75,0.0607407543889364,16,16.0
Glomerular,podocyte_PEC,Lineage2,CFB,9,0.8500000000000001,0.0362506489034107,7,7.0
Glomerular,podocyte_PEC,Lineage2,CFB,10,0.95,0.0382364260541832,3,3.0
Glomerular,podocyte_PEC,Lineage3,CFB,1,0.05,0.0247157051592947,47,46.120319192497384
Glomerular,podocyte_PEC,Lineage3,CFB,2,0.15,0.0142375095134651,44,43.926587479838
Glomerular,podocyte_PEC,Lineage3,CFB,3,0.25,0.0342080043180475,9,8.925532880454208
Glomerular,podocyte_PEC,Lineage3,CFB,4,0.35,0.0459386068524225,8,7.396933710080358
Glomerular,podocyte_PEC,Lineage3,CFB,5,0.45,0.0821478606526352,22,21.5002650484315
Glomerular,podocyte_PEC,Lineage3,CFB,6,0.55,0.1005030660606858,15,12.570802342485146
Glomerular,podocyte_PEC,Lineage3,CFB,7,0.6500000000000001,0.2111211888060078,24,17.144929265240897
Glomerular,podocyte_PEC,Lineage3,CFB,8,0.75,0.1731986938109345,27,27.0
Glomerular,podocyte_PEC,Lineage3,CFB,9,0.8500000000000001,0.0700398676498295,17,17.0
Glomerular,podocyte_PEC,Lineage3,CFB,10,0.95,0.0063443699835821,40,38.5770524347079
Glomerular,podocyte_PEC,Lineage1,CFD,1,0.05,0.0121158996412799,70,59.659381116629355
Glomerular,podocyte_PEC,Lineage1,CFD,2,0.15,0.0065340838242169,40,39.80118934114235
Glomerular,podocyte_PEC,Lineage1,CFD,3,0.25,0.0086901469890277,14,12.749201645595445
Glomerular,podocyte_PEC,Lineage1,CFD,4,0.35,0.0454122998619477,19,10.241921938636269
Glomerular,podocyte_PEC,Lineage1,CFD,5,0.45,0.0048072769358225,30,16.500692873233977
Glomerular,podocyte_PEC,Lineage1,CFD,6,0.55,0.0252015014378454,20,16.12271506788281
Glomerular,podocyte_PEC,Lineage1,CFD,7,0.6500000000000001,0.0507619366371439,42,42.0
Glomerular,podocyte_PEC,Lineage1,CFD,8,0.75,0.0214323626005167,88,88.0
Glomerular,podocyte_PEC,Lineage1,CFD,9,0.8500000000000001,0.0373264271352331,65,65.0
Glomerular,podocyte_PEC,Lineage1,CFD,10,0.95,0.0180341432193022,22,22.0
Glomerular,podocyte_PEC,Lineage2,CFD,1,0.05,0.0107246788799581,40,30.66393920820844
Glomerular,podocyte_PEC,Lineage2,CFD,2,0.15,0.029604069876417,32,30.51684501674831
Glomerular,podocyte_PEC,Lineage2,CFD,3,0.25,0.0097396324719166,40,38.81322826171976
Glomerular,podocyte_PEC,Lineage2,CFD,4,0.35,0.0126428259410489,33,33.0
Glomerular,podocyte_PEC,Lineage2,CFD,5,0.45,0.0604907465574058,19,19.0
Glomerular,podocyte_PEC,Lineage2,CFD,6,0.55,0.0432318366482964,21,21.0
Glomerular,podocyte_PEC,Lineage2,CFD,7,0.6500000000000001,0.0478431670382991,23,23.0
Glomerular,podocyte_PEC,Lineage2,CFD,8,0.75,0.0700338001291011,16,16.0
Glomerular,podocyte_PEC,Lineage2,CFD,9,0.8500000000000001,0.0869842000484303,7,7.0
Glomerular,podocyte_PEC,Lineage2,CFD,10,0.95,0.0073469075360056,3,3.0
Glomerular,podocyte_PEC,Lineage3,CFD,1,0.05,0.0091007151323235,47,46.120319192497384
Glomerular,podocyte_PEC,Lineage3,CFD,2,0.15,0.0068491581987721,44,43.926587479838
Glomerular,podocyte_PEC,Lineage3,CFD,3,0.25,0.0,9,8.925532880454208
Glomerular,podocyte_PEC,Lineage3,CFD,4,0.35,0.0394473467690564,8,7.396933710080358
Glomerular,podocyte_PEC,Lineage3,CFD,5,0.45,0.018803674811998,22,21.5002650484315
Glomerular,podocyte_PEC,Lineage3,CFD,6,0.55,0.00371378390148,15,12.570802342485146
Glomerular,podocyte_PEC,Lineage3,CFD,7,0.6500000000000001,0.011709330920552,24,17.144929265240897
Glomerular,podocyte_PEC,Lineage3,CFD,8,0.75,0.0694076598292861,27,27.0
Glomerular,podocyte_PEC,Lineage3,CFD,9,0.8500000000000001,0.0486842695868986,17,17.0
Glomerular,podocyte_PEC,Lineage3,CFD,10,0.95,0.024473298156824,40,38.5770524347079
Glomerular,podocyte_PEC,Lineage1,CFP,1,0.05,0.0054522398021489,70,59.659381116629355
Glomerular,podocyte_PEC,Lineage1,CFP,2,0.15,0.014738206304685,40,39.80118934114235
Glomerular,podocyte_PEC,Lineage1,CFP,3,0.25,0.0026730596270478,14,12.749201645595445
Glomerular,podocyte_PEC,Lineage1,CFP,4,0.35,0.0025375217871283,19,10.241921938636269
Glomerular,podocyte_PEC,Lineage1,CFP,5,0.45,0.0059848185936538,30,16.500692873233977
Glomerular,podocyte_PEC,Lineage1,CFP,6,0.55,0.0050506439190404,20,16.12271506788281
Glomerular,podocyte_PEC,Lineage1,CFP,7,0.6500000000000001,0.0010375348062002,42,42.0
Glomerular,podocyte_PEC,Lineage1,CFP,8,0.75,0.0017736683434051,88,88.0
Glomerular,podocyte_PEC,Lineage1,CFP,9,0.8500000000000001,0.0010703025348804,65,65.0
Glomerular,podocyte_PEC,Lineage1,CFP,10,0.95,0.0073345480691289,22,22.0
Glomerular,podocyte_PEC,Lineage2,CFP,1,0.05,0.0058857978571636,40,30.66393920820844
Glomerular,podocyte_PEC,Lineage2,CFP,2,0.15,0.0062218835117987,32,30.51684501674831
Glomerular,podocyte_PEC,Lineage2,CFP,3,0.25,0.0049849713206572,40,38.81322826171976
Glomerular,podocyte_PEC,Lineage2,CFP,4,0.35,0.0019954566429636,33,33.0
Glomerular,podocyte_PEC,Lineage2,CFP,5,0.45,0.0013750822354958,19,19.0
Glomerular,podocyte_PEC,Lineage2,CFP,6,0.55,0.0009005366253366,21,21.0
Glomerular,podocyte_PEC,Lineage2,CFP,7,0.6500000000000001,0.0103583124800211,23,23.0
Glomerular,podocyte_PEC,Lineage2,CFP,8,0.75,0.016371936721692,16,16.0
Glomerular,podocyte_PEC,Lineage2,CFP,9,0.8500000000000001,0.0019282408024734,7,7.0
Glomerular,podocyte_PEC,Lineage2,CFP,10,0.95,0.0,3,3.0
Glomerular,podocyte_PEC,Lineage3,CFP,1,0.05,0.005721367363369,47,46.120319192497384
Glomerular,podocyte_PEC,Lineage3,CFP,2,0.15,0.0133806389673891,44,43.926587479838
Glomerular,podocyte_PEC,Lineage3,CFP,3,0.25,0.0,9,8.925532880454208
Glomerular,podocyte_PEC,Lineage3,CFP,4,0.35,0.0040001858655681,8,7.396933710080358
Glomerular,podocyte_PEC,Lineage3,CFP,5,0.45,0.0032780681966447,22,21.5002650484315
Glomerular,podocyte_PEC,Lineage3,CFP,6,0.55,0.0070491464290298,15,12.570802342485146
Glomerular,podocyte_PEC,Lineage3,CFP,7,0.6500000000000001,0.0021384628411966,24,17.144929265240897
Glomerular,podocyte_PEC,Lineage3,CFP,8,0.75,0.0036794109048562,27,27.0
Glomerular,podocyte_PEC,Lineage3,CFP,9,0.8500000000000001,0.0035770384021354,17,17.0
Glomerular,podocyte_PEC,Lineage3,CFP,10,0.95,0.006088810751628,40,38.5770524347079
Glomerular,podocyte_PEC,Lineage1,C5,1,0.05,0.1655026910829761,70,59.659381116629355
Glomerular,podocyte_PEC,Lineage1,C5,2,0.15,0.201809938242718,40,39.80118934114235
Glomerular,podocyte_PEC,Lineage1,C5,3,0.25,0.2156399590295226,14,12.749201645595445
Glomerular,podocyte_PEC,Lineage1,C5,4,0.35,0.1449238048189141,19,10.241921938636269
Glomerular,podocyte_PEC,Lineage1,C5,5,0.45,0.1462827207079767,30,16.500692873233977
Glomerular,podocyte_PEC,Lineage1,C5,6,0.55,0.1867614623175913,20,16.12271506788281
Glomerular,podocyte_PEC,Lineage1,C5,7,0.6500000000000001,0.2530998011521777,42,42.0
Glomerular,podocyte_PEC,Lineage1,C5,8,0.75,0.2664676929374069,88,88.0
Glomerular,podocyte_PEC,Lineage1,C5,9,0.8500000000000001,0.3032604007036654,65,65.0
Glomerular,podocyte_PEC,Lineage1,C5,10,0.95,0.3770325719075183,22,22.0
Glomerular,podocyte_PEC,Lineage2,C5,1,0.05,0.1772306739646751,40,30.66393920820844
Glomerular,podocyte_PEC,Lineage2,C5,2,0.15,0.163315538450449,32,30.51684501674831
Glomerular,podocyte_PEC,Lineage2,C5,3,0.25,0.151932900025096,40,38.81322826171976
Glomerular,podocyte_PEC,Lineage2,C5,4,0.35,0.1631458095209257,33,33.0
Glomerular,podocyte_PEC,Lineage2,C5,5,0.45,0.1095644333353136,19,19.0
Glomerular,podocyte_PEC,Lineage2,C5,6,0.55,0.1645139962290362,21,21.0
Glomerular,podocyte_PEC,Lineage2,C5,7,0.6500000000000001,0.130588287650725,23,23.0
Glomerular,podocyte_PEC,Lineage2,C5,8,0.75,0.1492609819312841,16,16.0
Glomerular,podocyte_PEC,Lineage2,C5,9,0.8500000000000001,0.1501844717189878,7,7.0
Glomerular,podocyte_PEC,Lineage2,C5,10,0.95,0.1621606322534347,3,3.0
Glomerular,podocyte_PEC,Lineage3,C5,1,0.05,0.1621792935452305,47,46.120319192497384
Glomerular,podocyte_PEC,Lineage3,C5,2,0.15,0.1947610669452015,44,43.926587479838
Glomerular,podocyte_PEC,Lineage3,C5,3,0.25,0.1805172073666169,9,8.925532880454208
Glomerular,podocyte_PEC,Lineage3,C5,4,0.35,0.2073320938500394,8,7.396933710080358
Glomerular,podocyte_PEC,Lineage3,C5,5,0.45,0.155086732817465,22,21.5002650484315
Glomerular,podocyte_PEC,Lineage3,C5,6,0.55,0.1508444939152927,15,12.570802342485146
Glomerular,podocyte_PEC,Lineage3,C5,7,0.6500000000000001,0.1055656154996663,24,17.144929265240897
Glomerular,podocyte_PEC,Lineage3,C5,8,0.75,0.1545798583857716,27,27.0
Glomerular,podocyte_PEC,Lineage3,C5,9,0.8500000000000001,0.1436438944791505,17,17.0
Glomerular,podocyte_PEC,Lineage3,C5,10,0.95,0.1498064145354674,40,38.5770524347079
Glomerular,podocyte_PEC,Lineage1,C6,1,0.05,0.0728422396464962,70,59.659381116629355
Glomerular,podocyte_PEC,Lineage1,C6,2,0.15,0.1367553339525474,40,39.80118934114235
Glomerular,podocyte_PEC,Lineage1,C6,3,0.25,0.0646489676076086,14,12.749201645595445
Glomerular,podocyte_PEC,Lineage1,C6,4,0.35,0.0489725601128972,19,10.241921938636269
Glomerular,podocyte_PEC,Lineage1,C6,5,0.45,0.1284039748561072,30,16.500692873233977
Glomerular,podocyte_PEC,Lineage1,C6,6,0.55,0.2316465547777532,20,16.12271506788281
Glomerular,podocyte_PEC,Lineage1,C6,7,0.6500000000000001,0.1565593391075016,42,42.0
Glomerular,podocyte_PEC,Lineage1,C6,8,0.75,0.1336984521820492,88,88.0
Glomerular,podocyte_PEC,Lineage1,C6,9,0.8500000000000001,0.1599126813937695,65,65.0
Glomerular,podocyte_PEC,Lineage1,C6,10,0.95,0.0671092653734507,22,22.0
Glomerular,podocyte_PEC,Lineage2,C6,1,0.05,0.0571191361847157,40,30.66393920820844
Glomerular,podocyte_PEC,Lineage2,C6,2,0.15,0.0914975875889396,32,30.51684501674831
Glomerular,podocyte_PEC,Lineage2,C6,3,0.25,0.0891977063770638,40,38.81322826171976
Glomerular,podocyte_PEC,Lineage2,C6,4,0.35,0.0499829879895389,33,33.0
Glomerular,podocyte_PEC,Lineage2,C6,5,0.45,0.0428307738370134,19,19.0
Glomerular,podocyte_PEC,Lineage2,C6,6,0.55,0.0582733356338858,21,21.0
Glomerular,podocyte_PEC,Lineage2,C6,7,0.6500000000000001,0.0684166399989826,23,23.0
Glomerular,podocyte_PEC,Lineage2,C6,8,0.75,0.0371840442099896,16,16.0
Glomerular,podocyte_PEC,Lineage2,C6,9,0.8500000000000001,0.0147429080879616,7,7.0
Glomerular,podocyte_PEC,Lineage2,C6,10,0.95,0.1308899495365887,3,3.0
Glomerular,podocyte_PEC,Lineage3,C6,1,0.05,0.0738013219898738,47,46.120319192497384
Glomerular,podocyte_PEC,Lineage3,C6,2,0.15,0.1247988945527591,44,43.926587479838
Glomerular,podocyte_PEC,Lineage3,C6,3,0.25,0.114961744930208,9,8.925532880454208
Glomerular,podocyte_PEC,Lineage3,C6,4,0.35,0.0426508224039147,8,7.396933710080358
Glomerular,podocyte_PEC,Lineage3,C6,5,0.45,0.1199987550715928,22,21.5002650484315
Glomerular,podocyte_PEC,Lineage3,C6,6,0.55,0.2081094327650659,15,12.570802342485146
Glomerular,podocyte_PEC,Lineage3,C6,7,0.6500000000000001,0.0429556486021535,24,17.144929265240897
Glomerular,podocyte_PEC,Lineage3,C6,8,0.75,0.0684048888580641,27,27.0
Glomerular,podocyte_PEC,Lineage3,C6,9,0.8500000000000001,0.0661350260313431,17,17.0
Glomerular,podocyte_PEC,Lineage3,C6,10,0.95,0.0908922261306047,40,38.5770524347079
Glomerular,podocyte_PEC,Lineage1,C7,1,0.05,0.1227349160873784,70,59.659381116629355
Glomerular,podocyte_PEC,Lineage1,C7,2,0.15,0.2173114831109559,40,39.80118934114235
Glomerular,podocyte_PEC,Lineage1,C7,3,0.25,0.3745450779304687,14,12.749201645595445
Glomerular,podocyte_PEC,Lineage1,C7,4,0.35,0.6532766801644644,19,10.241921938636269
Glomerular,podocyte_PEC,Lineage1,C7,5,0.45,0.421880113398376,30,16.500692873233977
Glomerular,podocyte_PEC,Lineage1,C7,6,0.55,0.3535813069483693,20,16.12271506788281
Glomerular,podocyte_PEC,Lineage1,C7,7,0.6500000000000001,0.3960994495286926,42,42.0
Glomerular,podocyte_PEC,Lineage1,C7,8,0.75,0.2819342488288475,88,88.0
Glomerular,podocyte_PEC,Lineage1,C7,9,0.8500000000000001,0.3020885031382708,65,65.0
Glomerular,podocyte_PEC,Lineage1,C7,10,0.95,0.0770850903341865,22,22.0
Glomerular,podocyte_PEC,Lineage2,C7,1,0.05,0.0722232441800274,40,30.66393920820844
Glomerular,podocyte_PEC,Lineage2,C7,2,0.15,0.1902899823243636,32,30.51684501674831
Glomerular,podocyte_PEC,Lineage2,C7,3,0.25,0.0952045859043878,40,38.81322826171976
Glomerular,podocyte_PEC,Lineage2,C7,4,0.35,0.195279909605659,33,33.0
Glomerular,podocyte_PEC,Lineage2,C7,5,0.45,0.8239758295777951,19,19.0
Glomerular,podocyte_PEC,Lineage2,C7,6,0.55,0.515591590474749,21,21.0
Glomerular,podocyte_PEC,Lineage2,C7,7,0.6500000000000001,0.5012988082298238,23,23.0
Glomerular,podocyte_PEC,Lineage2,C7,8,0.75,0.5467527105482207,16,16.0
Glomerular,podocyte_PEC,Lineage2,C7,9,0.8500000000000001,0.2543951548356618,7,7.0
Glomerular,podocyte_PEC,Lineage2,C7,10,0.95,0.0352149457047042,3,3.0
Glomerular,podocyte_PEC,Lineage3,C7,1,0.05,0.1229905576785845,47,46.120319192497384
Glomerular,podocyte_PEC,Lineage3,C7,2,0.15,0.2031828810552348,44,43.926587479838
Glomerular,podocyte_PEC,Lineage3,C7,3,0.25,0.2557686885587673,9,8.925532880454208
Glomerular,podocyte_PEC,Lineage3,C7,4,0.35,0.5539536301012189,8,7.396933710080358
Glomerular,podocyte_PEC,Lineage3,C7,5,0.45,0.5179204288888783,22,21.5002650484315
Glomerular,podocyte_PEC,Lineage3,C7,6,0.55,0.4341498459652899,15,12.570802342485146
Glomerular,podocyte_PEC,Lineage3,C7,7,0.6500000000000001,0.2529233013266304,24,17.144929265240897
Glomerular,podocyte_PEC,Lineage3,C7,8,0.75,0.4330158319986669,27,27.0
Glomerular,podocyte_PEC,Lineage3,C7,9,0.8500000000000001,0.7201251766903307,17,17.0
Glomerular,podocyte_PEC,Lineage3,C7,10,0.95,0.1014080963774788,40,38.5770524347079
Glomerular,podocyte_PEC,Lineage1,C8A,1,0.05,0.0030013500132928,70,59.659381116629355
Glomerular,podocyte_PEC,Lineage1,C8A,2,0.15,0.0091871249830453,40,39.80118934114235
Glomerular,podocyte_PEC,Lineage1,C8A,3,0.25,0.0,14,12.749201645595445
Glomerular,podocyte_PEC,Lineage1,C8A,4,0.35,0.0128219915628105,19,10.241921938636269
Glomerular,podocyte_PEC,Lineage1,C8A,5,0.45,0.002540584044319,30,16.500692873233977
Glomerular,podocyte_PEC,Lineage1,C8A,6,0.55,0.0046429669580375,20,16.12271506788281
Glomerular,podocyte_PEC,Lineage1,C8A,7,0.6500000000000001,0.0008525257617209,42,42.0
Glomerular,podocyte_PEC,Lineage1,C8A,8,0.75,0.0028039559416565,88,88.0
Glomerular,podocyte_PEC,Lineage1,C8A,9,0.8500000000000001,0.0052126031495266,65,65.0
Glomerular,podocyte_PEC,Lineage1,C8A,10,0.95,0.0045499317460272,22,22.0
Glomerular,podocyte_PEC,Lineage2,C8A,1,0.05,0.0042315600520532,40,30.66393920820844
Glomerular,podocyte_PEC,Lineage2,C8A,2,0.15,0.0046114403121516,32,30.51684501674831
Glomerular,podocyte_PEC,Lineage2,C8A,3,0.25,0.0,40,38.81322826171976
Glomerular,podocyte_PEC,Lineage2,C8A,4,0.35,0.0,33,33.0
Glomerular,podocyte_PEC,Lineage2,C8A,5,0.45,0.0022726775196366,19,19.0
Glomerular,podocyte_PEC,Lineage2,C8A,6,0.55,0.0034222579355165,21,21.0
Glomerular,podocyte_PEC,Lineage2,C8A,7,0.6500000000000001,0.0,23,23.0
Glomerular,podocyte_PEC,Lineage2,C8A,8,0.75,0.0,16,16.0
Glomerular,podocyte_PEC,Lineage2,C8A,9,0.8500000000000001,0.0,7,7.0
Glomerular,podocyte_PEC,Lineage2,C8A,10,0.95,0.0,3,3.0
Glomerular,podocyte_PEC,Lineage3,C8A,1,0.05,0.003869129926124,47,46.120319192497384
Glomerular,podocyte_PEC,Lineage3,C8A,2,0.15,0.0083294889135195,44,43.926587479838
Glomerular,podocyte_PEC,Lineage3,C8A,3,0.25,0.0,9,8.925532880454208
Glomerular,podocyte_PEC,Lineage3,C8A,4,0.35,0.0090391810182434,8,7.396933710080358
Glomerular,podocyte_PEC,Lineage3,C8A,5,0.45,0.00642121756843,22,21.5002650484315
Glomerular,podocyte_PEC,Lineage3,C8A,6,0.55,0.006976218158728,15,12.570802342485146
Glomerular,podocyte_PEC,Lineage3,C8A,7,0.6500000000000001,0.0008677419666511,24,17.144929265240897
Glomerular,podocyte_PEC,Lineage3,C8A,8,0.75,0.0039965504586027,27,27.0
Glomerular,podocyte_PEC,Lineage3,C8A,9,0.8500000000000001,0.0,17,17.0
Glomerular,podocyte_PEC,Lineage3,C8A,10,0.95,0.0,40,38.5770524347079
Glomerular,podocyte_PEC,Lineage1,C8B,1,0.05,0.0,70,59.659381116629355
Glomerular,podocyte_PEC,Lineage1,C8B,2,0.15,0.0017370775717279,40,39.80118934114235
Glomerular,podocyte_PEC,Lineage1,C8B,3,0.25,0.0,14,12.749201645595445
Glomerular,podocyte_PEC,Lineage1,C8B,4,0.35,0.0102391700795325,19,10.241921938636269
Glomerular,podocyte_PEC,Lineage1,C8B,5,0.45,0.0,30,16.500692873233977
Glomerular,podocyte_PEC,Lineage1,C8B,6,0.55,0.0053943064305686,20,16.12271506788281
Glomerular,podocyte_PEC,Lineage1,C8B,7,0.6500000000000001,0.0032306548284213,42,42.0
Glomerular,podocyte_PEC,Lineage1,C8B,8,0.75,0.0014077064343892,88,88.0
Glomerular,podocyte_PEC,Lineage1,C8B,9,0.8500000000000001,0.0019331120209621,65,65.0
Glomerular,podocyte_PEC,Lineage1,C8B,10,0.95,0.0,22,22.0
Glomerular,podocyte_PEC,Lineage2,C8B,1,0.05,0.0,40,30.66393920820844
Glomerular,podocyte_PEC,Lineage2,C8B,2,0.15,0.0,32,30.51684501674831
Glomerular,podocyte_PEC,Lineage2,C8B,3,0.25,0.0,40,38.81322826171976
Glomerular,podocyte_PEC,Lineage2,C8B,4,0.35,0.0,33,33.0
Glomerular,podocyte_PEC,Lineage2,C8B,5,0.45,0.0015510054952213,19,19.0
Glomerular,podocyte_PEC,Lineage2,C8B,6,0.55,0.0022663073578597,21,21.0
Glomerular,podocyte_PEC,Lineage2,C8B,7,0.6500000000000001,0.0,23,23.0
Glomerular,podocyte_PEC,Lineage2,C8B,8,0.75,0.0,16,16.0
Glomerular,podocyte_PEC,Lineage2,C8B,9,0.8500000000000001,0.0,7,7.0
Glomerular,podocyte_PEC,Lineage2,C8B,10,0.95,0.0,3,3.0
Glomerular,podocyte_PEC,Lineage3,C8B,1,0.05,0.0,47,46.120319192497384
Glomerular,podocyte_PEC,Lineage3,C8B,2,0.15,0.0015751495826727,44,43.926587479838
Glomerular,podocyte_PEC,Lineage3,C8B,3,0.25,0.0,9,8.925532880454208
Glomerular,podocyte_PEC,Lineage3,C8B,4,0.35,0.0,8,7.396933710080358
Glomerular,podocyte_PEC,Lineage3,C8B,5,0.45,0.0082557044563014,22,21.5002650484315
Glomerular,podocyte_PEC,Lineage3,C8B,6,0.55,0.0,15,12.570802342485146
Glomerular,podocyte_PEC,Lineage3,C8B,7,0.6500000000000001,0.0061973147960201,24,17.144929265240897
Glomerular,podocyte_PEC,Lineage3,C8B,8,0.75,0.001531667875488,27,27.0
Glomerular,podocyte_PEC,Lineage3,C8B,9,0.8500000000000001,0.0006447962644232,17,17.0
Glomerular,podocyte_PEC,Lineage3,C8B,10,0.95,0.0,40,38.5770524347079
Glomerular,podocyte_PEC,Lineage1,C8G,1,0.05,0.0030229551272699,70,59.659381116629355
Glomerular,podocyte_PEC,Lineage1,C8G,2,0.15,0.0030138433528816,40,39.80118934114235
Glomerular,podocyte_PEC,Lineage1,C8G,3,0.25,0.0065826861384569,14,12.749201645595445
Glomerular,podocyte_PEC,Lineage1,C8G,4,0.35,0.0,19,10.241921938636269
Glomerular,podocyte_PEC,Lineage1,C8G,5,0.45,0.0001830656084681,30,16.500692873233977
Glomerular,podocyte_PEC,Lineage1,C8G,6,0.55,0.0,20,16.12271506788281
Glomerular,podocyte_PEC,Lineage1,C8G,7,0.6500000000000001,0.0029662736423986,42,42.0
Glomerular,podocyte_PEC,Lineage1,C8G,8,0.75,0.0031195524650485,88,88.0
Glomerular,podocyte_PEC,Lineage1,C8G,9,0.8500000000000001,0.0043771030401077,65,65.0
Glomerular,podocyte_PEC,Lineage1,C8G,10,0.95,0.0066933661023927,22,22.0
Glomerular,podocyte_PEC,Lineage2,C8G,1,0.05,0.0040204881305817,40,30.66393920820844
Glomerular,podocyte_PEC,Lineage2,C8G,2,0.15,0.0022105597864982,32,30.51684501674831
Glomerular,podocyte_PEC,Lineage2,C8G,3,0.25,0.0013054383444449,40,38.81322826171976
Glomerular,podocyte_PEC,Lineage2,C8G,4,0.35,0.0,33,33.0
Glomerular,podocyte_PEC,Lineage2,C8G,5,0.45,0.0034888795822869,19,19.0
Glomerular,podocyte_PEC,Lineage2,C8G,6,0.55,0.0038792535291651,21,21.0
Glomerular,podocyte_PEC,Lineage2,C8G,7,0.6500000000000001,0.0018112169863981,23,23.0
Glomerular,podocyte_PEC,Lineage2,C8G,8,0.75,0.0145060936366194,16,16.0
Glomerular,podocyte_PEC,Lineage2,C8G,9,0.8500000000000001,0.0046456715958803,7,7.0
Glomerular,podocyte_PEC,Lineage2,C8G,10,0.95,0.0,3,3.0
Glomerular,podocyte_PEC,Lineage3,C8G,1,0.05,0.0038105655681708,47,46.120319192497384
Glomerular,podocyte_PEC,Lineage3,C8G,2,0.15,0.0027394577554019,44,43.926587479838
Glomerular,podocyte_PEC,Lineage3,C8G,3,0.25,0.0096995684542285,9,8.925532880454208
Glomerular,podocyte_PEC,Lineage3,C8G,4,0.35,0.0,8,7.396933710080358
Glomerular,podocyte_PEC,Lineage3,C8G,5,0.45,0.0,22,21.5002650484315
Glomerular,podocyte_PEC,Lineage3,C8G,6,0.55,0.0,15,12.570802342485146
Glomerular,podocyte_PEC,Lineage3,C8G,7,0.6500000000000001,0.0010516991070666,24,17.144929265240897
Glomerular,podocyte_PEC,Lineage3,C8G,8,0.75,0.0,27,27.0
Glomerular,podocyte_PEC,Lineage3,C8G,9,0.8500000000000001,0.0032590476701742,17,17.0
Glomerular,podocyte_PEC,Lineage3,C8G,10,0.95,0.0004880617566097,40,38.5770524347079
Glomerular,podocyte_PEC,Lineage1,C9,1,0.05,0.142334516945273,70,59.659381116629355
Glomerular,podocyte_PEC,Lineage1,C9,2,0.15,0.1659879589639512,40,39.80118934114235
Glomerular,podocyte_PEC,Lineage1,C9,3,0.25,0.0840005479507755,14,12.749201645595445
Glomerular,podocyte_PEC,Lineage1,C9,4,0.35,0.1110403049988701,19,10.241921938636269
Glomerular,podocyte_PEC,Lineage1,C9,5,0.45,0.0783278121197492,30,16.500692873233977
Glomerular,podocyte_PEC,Lineage1,C9,6,0.55,0.1145757377341689,20,16.12271506788281
Glomerular,podocyte_PEC,Lineage1,C9,7,0.6500000000000001,0.0678545624246122,42,42.0
Glomerular,podocyte_PEC,Lineage1,C9,8,0.75,0.0465920179434319,88,88.0
Glomerular,podocyte_PEC,Lineage1,C9,9,0.8500000000000001,0.0665544340222114,65,65.0
Glomerular,podocyte_PEC,Lineage1,C9,10,0.95,0.0443379250013641,22,22.0
Glomerular,podocyte_PEC,Lineage2,C9,1,0.05,0.1479069114587144,40,30.66393920820844
Glomerular,podocyte_PEC,Lineage2,C9,2,0.15,0.1269677085583126,32,30.51684501674831
Glomerular,podocyte_PEC,Lineage2,C9,3,0.25,0.1454819525198263,40,38.81322826171976
Glomerular,podocyte_PEC,Lineage2,C9,4,0.35,0.1206816944081624,33,33.0
Glomerular,podocyte_PEC,Lineage2,C9,5,0.45,0.0677643489841284,19,19.0
Glomerular,podocyte_PEC,Lineage2,C9,6,0.55,0.0699163354228298,21,21.0
Glomerular,podocyte_PEC,Lineage2,C9,7,0.6500000000000001,0.0921093114201088,23,23.0
Glomerular,podocyte_PEC,Lineage2,C9,8,0.75,0.1273851410864872,16,16.0
Glomerular,podocyte_PEC,Lineage2,C9,9,0.8500000000000001,0.0590971138940654,7,7.0
Glomerular,podocyte_PEC,Lineage2,C9,10,0.95,0.0983973118941867,3,3.0
Glomerular,podocyte_PEC,Lineage3,C9,1,0.05,0.1411350939207867,47,46.120319192497384
Glomerular,podocyte_PEC,Lineage3,C9,2,0.15,0.1668943582167008,44,43.926587479838
Glomerular,podocyte_PEC,Lineage3,C9,3,0.25,0.1072256137719936,9,8.925532880454208
Glomerular,podocyte_PEC,Lineage3,C9,4,0.35,0.0993788469455635,8,7.396933710080358
Glomerular,podocyte_PEC,Lineage3,C9,5,0.45,0.1111210699979934,22,21.5002650484315
Glomerular,podocyte_PEC,Lineage3,C9,6,0.55,0.0951870303558541,15,12.570802342485146
Glomerular,podocyte_PEC,Lineage3,C9,7,0.6500000000000001,0.0425287386397806,24,17.144929265240897
Glomerular,podocyte_PEC,Lineage3,C9,8,0.75,0.1051426481356192,27,27.0
Glomerular,podocyte_PEC,Lineage3,C9,9,0.8500000000000001,0.0845967963101352,17,17.0
Glomerular,podocyte_PEC,Lineage3,C9,10,0.95,0.1334864237525637,40,38.5770524347079
Glomerular,podocyte_PEC,Lineage1,C3AR1,1,0.05,0.0009330127328144,70,59.659381116629355
Glomerular,podocyte_PEC,Lineage1,C3AR1,2,0.15,0.0082676534637674,40,39.80118934114235
Glomerular,podocyte_PEC,Lineage1,C3AR1,3,0.25,0.0592024373678534,14,12.749201645595445
Glomerular,podocyte_PEC,Lineage1,C3AR1,4,0.35,0.0190698456201733,19,10.241921938636269
Glomerular,podocyte_PEC,Lineage1,C3AR1,5,0.45,0.0048012700503999,30,16.500692873233977
Glomerular,podocyte_PEC,Lineage1,C3AR1,6,0.55,0.0034314222235189,20,16.12271506788281
Glomerular,podocyte_PEC,Lineage1,C3AR1,7,0.6500000000000001,0.0079014451354112,42,42.0
Glomerular,podocyte_PEC,Lineage1,C3AR1,8,0.75,0.0053248787305817,88,88.0
Glomerular,podocyte_PEC,Lineage1,C3AR1,9,0.8500000000000001,0.0021220833584813,65,65.0
Glomerular,podocyte_PEC,Lineage1,C3AR1,10,0.95,0.0025688932544664,22,22.0
Glomerular,podocyte_PEC,Lineage2,C3AR1,1,0.05,0.0,40,30.66393920820844
Glomerular,podocyte_PEC,Lineage2,C3AR1,2,0.15,0.0049237266300007,32,30.51684501674831
Glomerular,podocyte_PEC,Lineage2,C3AR1,3,0.25,0.004656482429501,40,38.81322826171976
Glomerular,podocyte_PEC,Lineage2,C3AR1,4,0.35,0.0108760699526821,33,33.0
Glomerular,podocyte_PEC,Lineage2,C3AR1,5,0.45,0.0226306336342949,19,19.0
Glomerular,podocyte_PEC,Lineage2,C3AR1,6,0.55,0.002932493937623,21,21.0
Glomerular,podocyte_PEC,Lineage2,C3AR1,7,0.6500000000000001,0.0030627064845876,23,23.0
Glomerular,podocyte_PEC,Lineage2,C3AR1,8,0.75,0.0088692450993255,16,16.0
Glomerular,podocyte_PEC,Lineage2,C3AR1,9,0.8500000000000001,0.0034278940426218,7,7.0
Glomerular,podocyte_PEC,Lineage2,C3AR1,10,0.95,0.0,3,3.0
Glomerular,podocyte_PEC,Lineage3,C3AR1,1,0.05,0.0,47,46.120319192497384
Glomerular,podocyte_PEC,Lineage3,C3AR1,2,0.15,0.0034205437517766,44,43.926587479838
Glomerular,podocyte_PEC,Lineage3,C3AR1,3,0.25,0.0839911451495711,9,8.925532880454208
Glomerular,podocyte_PEC,Lineage3,C3AR1,4,0.35,0.0415595345605395,8,7.396933710080358
Glomerular,podocyte_PEC,Lineage3,C3AR1,5,0.45,0.0195450376397057,22,21.5002650484315
Glomerular,podocyte_PEC,Lineage3,C3AR1,6,0.55,0.0020109963477591,15,12.570802342485146
Glomerular,podocyte_PEC,Lineage3,C3AR1,7,0.6500000000000001,0.0,24,17.144929265240897
Glomerular,podocyte_PEC,Lineage3,C3AR1,8,0.75,0.0108624097994856,27,27.0
Glomerular,podocyte_PEC,Lineage3,C3AR1,9,0.8500000000000001,0.02362219479905,17,17.0
Glomerular,podocyte_PEC,Lineage3,C3AR1,10,0.95,0.0051809502495113,40,38.5770524347079
Glomerular,podocyte_PEC,Lineage1,C5AR1,1,0.05,0.0387398521359338,70,59.659381116629355
Glomerular,podocyte_PEC,Lineage1,C5AR1,2,0.15,0.0689994877341034,40,39.80118934114235
Glomerular,podocyte_PEC,Lineage1,C5AR1,3,0.25,0.1317489243456478,14,12.749201645595445
Glomerular,podocyte_PEC,Lineage1,C5AR1,4,0.35,0.086121871862201,19,10.241921938636269
Glomerular,podocyte_PEC,Lineage1,C5AR1,5,0.45,0.1500816417508707,30,16.500692873233977
Glomerular,podocyte_PEC,Lineage1,C5AR1,6,0.55,0.167743732031114,20,16.12271506788281
Glomerular,podocyte_PEC,Lineage1,C5AR1,7,0.6500000000000001,0.1110534879643955,42,42.0
Glomerular,podocyte_PEC,Lineage1,C5AR1,8,0.75,0.1419279269062025,88,88.0
Glomerular,podocyte_PEC,Lineage1,C5AR1,9,0.8500000000000001,0.1512539542318181,65,65.0
Glomerular,podocyte_PEC,Lineage1,C5AR1,10,0.95,0.1326715655809211,22,22.0
Glomerular,podocyte_PEC,Lineage2,C5AR1,1,0.05,0.0404708572194641,40,30.66393920820844
Glomerular,podocyte_PEC,Lineage2,C5AR1,2,0.15,0.0350144946947464,32,30.51684501674831
Glomerular,podocyte_PEC,Lineage2,C5AR1,3,0.25,0.0451486847202753,40,38.81322826171976
Glomerular,podocyte_PEC,Lineage2,C5AR1,4,0.35,0.0341565901256821,33,33.0
Glomerular,podocyte_PEC,Lineage2,C5AR1,5,0.45,0.0623849704226524,19,19.0
Glomerular,podocyte_PEC,Lineage2,C5AR1,6,0.55,0.1162823184593653,21,21.0
Glomerular,podocyte_PEC,Lineage2,C5AR1,7,0.6500000000000001,0.0226694140839908,23,23.0
Glomerular,podocyte_PEC,Lineage2,C5AR1,8,0.75,0.0540879094075677,16,16.0
Glomerular,podocyte_PEC,Lineage2,C5AR1,9,0.8500000000000001,0.0326306743371089,7,7.0
Glomerular,podocyte_PEC,Lineage2,C5AR1,10,0.95,0.0646428950648753,3,3.0
Glomerular,podocyte_PEC,Lineage3,C5AR1,1,0.05,0.0373946267913328,47,46.120319192497384
Glomerular,podocyte_PEC,Lineage3,C5AR1,2,0.15,0.0588635373405935,44,43.926587479838
Glomerular,podocyte_PEC,Lineage3,C5AR1,3,0.25,0.1687073669753886,9,8.925532880454208
Glomerular,podocyte_PEC,Lineage3,C5AR1,4,0.35,0.1271010298944952,8,7.396933710080358
Glomerular,podocyte_PEC,Lineage3,C5AR1,5,0.45,0.1213987827170901,22,21.5002650484315
Glomerular,podocyte_PEC,Lineage3,C5AR1,6,0.55,0.1779489260627091,15,12.570802342485146
Glomerular,podocyte_PEC,Lineage3,C5AR1,7,0.6500000000000001,0.0773902665990431,24,17.144929265240897
Glomerular,podocyte_PEC,Lineage3,C5AR1,8,0.75,0.0982078943656691,27,27.0
Glomerular,podocyte_PEC,Lineage3,C5AR1,9,0.8500000000000001,0.0541704341269856,17,17.0
Glomerular,podocyte_PEC,Lineage3,C5AR1,10,0.95,0.0420787676268151,40,38.5770524347079
Glomerular,podocyte_PEC,Lineage1,C5AR2,1,0.05,0.0084251113902022,70,59.659381116629355
Glomerular,podocyte_PEC,Lineage1,C5AR2,2,0.15,0.0025402364037771,40,39.80118934114235
Glomerular,podocyte_PEC,Lineage1,C5AR2,3,0.25,0.0217937132050213,14,12.749201645595445
Glomerular,podocyte_PEC,Lineage1,C5AR2,4,0.35,0.0032266628670086,19,10.241921938636269
Glomerular,podocyte_PEC,Lineage1,C5AR2,5,0.45,0.0018229776600493,30,16.500692873233977
Glomerular,podocyte_PEC,Lineage1,C5AR2,6,0.55,0.0008716753638326,20,16.12271506788281
Glomerular,podocyte_PEC,Lineage1,C5AR2,7,0.6500000000000001,0.0072250514941976,42,42.0
Glomerular,podocyte_PEC,Lineage1,C5AR2,8,0.75,0.0092851360455484,88,88.0
Glomerular,podocyte_PEC,Lineage1,C5AR2,9,0.8500000000000001,0.0102302067802864,65,65.0
Glomerular,podocyte_PEC,Lineage1,C5AR2,10,0.95,0.0012114337940507,22,22.0
Glomerular,podocyte_PEC,Lineage2,C5AR2,1,0.05,0.0097179571936089,40,30.66393920820844
Glomerular,podocyte_PEC,Lineage2,C5AR2,2,0.15,0.0034722341397937,32,30.51684501674831
Glomerular,podocyte_PEC,Lineage2,C5AR2,3,0.25,0.0121355067416232,40,38.81322826171976
Glomerular,podocyte_PEC,Lineage2,C5AR2,4,0.35,0.0106595959895763,33,33.0
Glomerular,podocyte_PEC,Lineage2,C5AR2,5,0.45,0.0141892609491203,19,19.0
Glomerular,podocyte_PEC,Lineage2,C5AR2,6,0.55,0.0138088630564558,21,21.0
Glomerular,podocyte_PEC,Lineage2,C5AR2,7,0.6500000000000001,0.0184966726106854,23,23.0
Glomerular,podocyte_PEC,Lineage2,C5AR2,8,0.75,0.0015968779537724,16,16.0
Glomerular,podocyte_PEC,Lineage2,C5AR2,9,0.8500000000000001,0.0080735656385021,7,7.0
Glomerular,podocyte_PEC,Lineage2,C5AR2,10,0.95,0.0,3,3.0
Glomerular,podocyte_PEC,Lineage3,C5AR2,1,0.05,0.0054854925190184,47,46.120319192497384
Glomerular,podocyte_PEC,Lineage3,C5AR2,2,0.15,0.0069113957711562,44,43.926587479838
Glomerular,podocyte_PEC,Lineage3,C5AR2,3,0.25,0.0338753582288903,9,8.925532880454208
Glomerular,podocyte_PEC,Lineage3,C5AR2,4,0.35,0.0,8,7.396933710080358
Glomerular,podocyte_PEC,Lineage3,C5AR2,5,0.45,0.0037041817736563,22,21.5002650484315
Glomerular,podocyte_PEC,Lineage3,C5AR2,6,0.55,0.0020109963477591,15,12.570802342485146
Glomerular,podocyte_PEC,Lineage3,C5AR2,7,0.6500000000000001,0.0024399304012949,24,17.144929265240897
Glomerular,podocyte_PEC,Lineage3,C5AR2,8,0.75,0.0084179308938045,27,27.0
Glomerular,podocyte_PEC,Lineage3,C5AR2,9,0.8500000000000001,0.0067101553741347,17,17.0
Glomerular,podocyte_PEC,Lineage3,C5AR2,10,0.95,0.011763565394338,40,38.5770524347079
Glomerular,podocyte_PEC,Lineage1,CR1,1,0.05,1.8146730789994931,70,59.659381116629355
Glomerular,podocyte_PEC,Lineage1,CR1,2,0.15,1.7703978831468947,40,39.80118934114235
Glomerular,podocyte_PEC,Lineage1,CR1,3,0.25,0.925260322299678,14,12.749201645595445
Glomerular,podocyte_PEC,Lineage1,CR1,4,0.35,0.5572622997197377,19,10.241921938636269
Glomerular,podocyte_PEC,Lineage1,CR1,5,0.45,0.2480583516334482,30,16.500692873233977
Glomerular,podocyte_PEC,Lineage1,CR1,6,0.55,0.2131780531358183,20,16.12271506788281
Glomerular,podocyte_PEC,Lineage1,CR1,7,0.6500000000000001,0.1259537907258596,42,42.0
Glomerular,podocyte_PEC,Lineage1,CR1,8,0.75,0.0722585819772552,88,88.0
Glomerular,podocyte_PEC,Lineage1,CR1,9,0.8500000000000001,0.0950596479641191,65,65.0
Glomerular,podocyte_PEC,Lineage1,CR1,10,0.95,0.1032127311748643,22,22.0
Glomerular,podocyte_PEC,Lineage2,CR1,1,0.05,1.8256431958447672,40,30.66393920820844
Glomerular,podocyte_PEC,Lineage2,CR1,2,0.15,1.78067366096499,32,30.51684501674831
Glomerular,podocyte_PEC,Lineage2,CR1,3,0.25,1.87461641985606,40,38.81322826171976
Glomerular,podocyte_PEC,Lineage2,CR1,4,0.35,1.9517286214899348,33,33.0
Glomerular,podocyte_PEC,Lineage2,CR1,5,0.45,1.4458379065082798,19,19.0
Glomerular,podocyte_PEC,Lineage2,CR1,6,0.55,0.6889017273342458,21,21.0
Glomerular,podocyte_PEC,Lineage2,CR1,7,0.6500000000000001,1.7293689492683155,23,23.0
Glomerular,podocyte_PEC,Lineage2,CR1,8,0.75,1.5588622118933757,16,16.0
Glomerular,podocyte_PEC,Lineage2,CR1,9,0.8500000000000001,1.750786446407663,7,7.0
Glomerular,podocyte_PEC,Lineage2,CR1,10,0.95,1.5358714144597132,3,3.0
Glomerular,podocyte_PEC,Lineage3,CR1,1,0.05,1.8282563874721656,47,46.120319192497384
Glomerular,podocyte_PEC,Lineage3,CR1,2,0.15,1.7965011815475485,44,43.926587479838
Glomerular,podocyte_PEC,Lineage3,CR1,3,0.25,1.3729381511359895,9,8.925532880454208
Glomerular,podocyte_PEC,Lineage3,CR1,4,0.35,0.1936419007829233,8,7.396933710080358
Glomerular,podocyte_PEC,Lineage3,CR1,5,0.45,0.5363464207341117,22,21.5002650484315
Glomerular,podocyte_PEC,Lineage3,CR1,6,0.55,0.1474186781011783,15,12.570802342485146
Glomerular,podocyte_PEC,Lineage3,CR1,7,0.6500000000000001,0.3033593207067434,24,17.144929265240897
Glomerular,podocyte_PEC,Lineage3,CR1,8,0.75,0.7329848460494754,27,27.0
Glomerular,podocyte_PEC,Lineage3,CR1,9,0.8500000000000001,1.5353508453973406,17,17.0
Glomerular,podocyte_PEC,Lineage3,CR1,10,0.95,1.768556220678696,40,38.5770524347079
Glomerular,podocyte_PEC,Lineage1,CR2,1,0.05,0.0234264504182262,70,59.659381116629355
Glomerular,podocyte_PEC,Lineage1,CR2,2,0.15,0.0373501293464481,40,39.80118934114235
Glomerular,podocyte_PEC,Lineage1,CR2,3,0.25,0.0075534485516458,14,12.749201645595445
Glomerular,podocyte_PEC,Lineage1,CR2,4,0.35,0.0443597784650199,19,10.241921938636269
Glomerular,podocyte_PEC,Lineage1,CR2,5,0.45,0.0343900674513649,30,16.500692873233977
Glomerular,podocyte_PEC,Lineage1,CR2,6,0.55,0.0619807012329653,20,16.12271506788281
Glomerular,podocyte_PEC,Lineage1,CR2,7,0.6500000000000001,0.0208826138868361,42,42.0
Glomerular,podocyte_PEC,Lineage1,CR2,8,0.75,0.0096795306388972,88,88.0
Glomerular,podocyte_PEC,Lineage1,CR2,9,0.8500000000000001,0.0105660840979456,65,65.0
Glomerular,podocyte_PEC,Lineage1,CR2,10,0.95,0.0104163226872548,22,22.0
Glomerular,podocyte_PEC,Lineage2,CR2,1,0.05,0.022646590109625,40,30.66393920820844
Glomerular,podocyte_PEC,Lineage2,CR2,2,0.15,0.0239749153228009,32,30.51684501674831
Glomerular,podocyte_PEC,Lineage2,CR2,3,0.25,0.0369576767615181,40,38.81322826171976
Glomerular,podocyte_PEC,Lineage2,CR2,4,0.35,0.0551938108610402,33,33.0
Glomerular,podocyte_PEC,Lineage2,CR2,5,0.45,0.058267874358953,19,19.0
Glomerular,podocyte_PEC,Lineage2,CR2,6,0.55,0.0209176187491106,21,21.0
Glomerular,podocyte_PEC,Lineage2,CR2,7,0.6500000000000001,0.0340110275428102,23,23.0
Glomerular,podocyte_PEC,Lineage2,CR2,8,0.75,0.0482532434658538,16,16.0
Glomerular,podocyte_PEC,Lineage2,CR2,9,0.8500000000000001,0.0249509941397948,7,7.0
Glomerular,podocyte_PEC,Lineage2,CR2,10,0.95,0.0195520902790006,3,3.0
Glomerular,podocyte_PEC,Lineage3,CR2,1,0.05,0.0205622711149545,47,46.120319192497384
Glomerular,podocyte_PEC,Lineage3,CR2,2,0.15,0.0376316563279951,44,43.926587479838
Glomerular,podocyte_PEC,Lineage3,CR2,3,0.25,0.0156733116764531,9,8.925532880454208
Glomerular,podocyte_PEC,Lineage3,CR2,4,0.35,0.0166672446042723,8,7.396933710080358
Glomerular,podocyte_PEC,Lineage3,CR2,5,0.45,0.051715018413579,22,21.5002650484315
Glomerular,podocyte_PEC,Lineage3,CR2,6,0.55,0.0456566125124636,15,12.570802342485146
Glomerular,podocyte_PEC,Lineage3,CR2,7,0.6500000000000001,0.0197857694298749,24,17.144929265240897
Glomerular,podocyte_PEC,Lineage3,CR2,8,0.75,0.0143649210865956,27,27.0
Glomerular,podocyte_PEC,Lineage3,CR2,9,0.8500000000000001,0.016667466338031,17,17.0
Glomerular,podocyte_PEC,Lineage3,CR2,10,0.95,0.0395587986444008,40,38.5770524347079
Glomerular,podocyte_PEC,Lineage1,ITGAM,1,0.05,0.0061560349819678,70,59.659381116629355
Glomerular,podocyte_PEC,Lineage1,ITGAM,2,0.15,0.0173707016635,40,39.80118934114235
Glomerular,podocyte_PEC,Lineage1,ITGAM,3,0.25,0.0145239519135673,14,12.749201645595445
Glomerular,podocyte_PEC,Lineage1,ITGAM,4,0.35,0.0061760921665893,19,10.241921938636269
Glomerular,podocyte_PEC,Lineage1,ITGAM,5,0.45,0.0342196397142479,30,16.500692873233977
Glomerular,podocyte_PEC,Lineage1,ITGAM,6,0.55,0.0293670269303973,20,16.12271506788281
Glomerular,podocyte_PEC,Lineage1,ITGAM,7,0.6500000000000001,0.0355534682482949,42,42.0
Glomerular,podocyte_PEC,Lineage1,ITGAM,8,0.75,0.0330382924491334,88,88.0
Glomerular,podocyte_PEC,Lineage1,ITGAM,9,0.8500000000000001,0.016804285847591,65,65.0
Glomerular,podocyte_PEC,Lineage1,ITGAM,10,0.95,0.0273220692106948,22,22.0
Glomerular,podocyte_PEC,Lineage2,ITGAM,1,0.05,0.0080441925357249,40,30.66393920820844
Glomerular,podocyte_PEC,Lineage2,ITGAM,2,0.15,0.0071390127236346,32,30.51684501674831
Glomerular,podocyte_PEC,Lineage2,ITGAM,3,0.25,0.0041347501350428,40,38.81322826171976
Glomerular,podocyte_PEC,Lineage2,ITGAM,4,0.35,0.0037942807893547,33,33.0
Glomerular,podocyte_PEC,Lineage2,ITGAM,5,0.45,0.0247330218527318,19,19.0
Glomerular,podocyte_PEC,Lineage2,ITGAM,6,0.55,0.0368952350482881,21,21.0
Glomerular,podocyte_PEC,Lineage2,ITGAM,7,0.6500000000000001,0.0058884480549866,23,23.0
Glomerular,podocyte_PEC,Lineage2,ITGAM,8,0.75,0.0025938246913774,16,16.0
Glomerular,podocyte_PEC,Lineage2,ITGAM,9,0.8500000000000001,0.0,7,7.0
Glomerular,podocyte_PEC,Lineage2,ITGAM,10,0.95,0.0073469075360056,3,3.0
Glomerular,podocyte_PEC,Lineage3,ITGAM,1,0.05,0.0072357562962084,47,46.120319192497384
Glomerular,podocyte_PEC,Lineage3,ITGAM,2,0.15,0.0162052701252543,44,43.926587479838
Glomerular,podocyte_PEC,Lineage3,ITGAM,3,0.25,0.0,9,8.925532880454208
Glomerular,podocyte_PEC,Lineage3,ITGAM,4,0.35,0.0302620674755315,8,7.396933710080358
Glomerular,podocyte_PEC,Lineage3,ITGAM,5,0.45,0.020620013942112,22,21.5002650484315
Glomerular,podocyte_PEC,Lineage3,ITGAM,6,0.55,0.0223864037702905,15,12.570802342485146
Glomerular,podocyte_PEC,Lineage3,ITGAM,7,0.6500000000000001,0.0177864231523349,24,17.144929265240897
Glomerular,podocyte_PEC,Lineage3,ITGAM,8,0.75,0.0136548803028406,27,27.0
Glomerular,podocyte_PEC,Lineage3,ITGAM,9,0.8500000000000001,0.0515943082190326,17,17.0
Glomerular,podocyte_PEC,Lineage3,ITGAM,10,0.95,0.001285006777389,40,38.5770524347079
Glomerular,podocyte_PEC,Lineage1,ITGAX,1,0.05,0.0010790027232847,70,59.659381116629355
Glomerular,podocyte_PEC,Lineage1,ITGAX,2,0.15,0.0073813645164266,40,39.80118934114235
Glomerular,podocyte_PEC,Lineage1,ITGAX,3,0.25,0.0113896668890508,14,12.749201645595445
Glomerular,podocyte_PEC,Lineage1,ITGAX,4,0.35,0.0201676120914218,19,10.241921938636269
Glomerular,podocyte_PEC,Lineage1,ITGAX,5,0.45,0.0210268963947099,30,16.500692873233977
Glomerular,podocyte_PEC,Lineage1,ITGAX,6,0.55,0.0142864283206829,20,16.12271506788281
Glomerular,podocyte_PEC,Lineage1,ITGAX,7,0.6500000000000001,0.0047709682002768,42,42.0
Glomerular,podocyte_PEC,Lineage1,ITGAX,8,0.75,0.0174567561986547,88,88.0
Glomerular,podocyte_PEC,Lineage1,ITGAX,9,0.8500000000000001,0.0149461751760211,65,65.0
Glomerular,podocyte_PEC,Lineage1,ITGAX,10,0.95,0.0078507568622056,22,22.0
Glomerular,podocyte_PEC,Lineage2,ITGAX,1,0.05,0.000411060150874,40,30.66393920820844
Glomerular,podocyte_PEC,Lineage2,ITGAX,2,0.15,0.0028235411510076,32,30.51684501674831
Glomerular,podocyte_PEC,Lineage2,ITGAX,3,0.25,0.0077483202461883,40,38.81322826171976
Glomerular,podocyte_PEC,Lineage2,ITGAX,4,0.35,0.0063752747978013,33,33.0
Glomerular,podocyte_PEC,Lineage2,ITGAX,5,0.45,0.0025448187068895,19,19.0
Glomerular,podocyte_PEC,Lineage2,ITGAX,6,0.55,0.0103910475408406,21,21.0
Glomerular,podocyte_PEC,Lineage2,ITGAX,7,0.6500000000000001,0.0164720358111391,23,23.0
Glomerular,podocyte_PEC,Lineage2,ITGAX,8,0.75,0.0122744970286543,16,16.0
Glomerular,podocyte_PEC,Lineage2,ITGAX,9,0.8500000000000001,0.052267773469468,7,7.0
Glomerular,podocyte_PEC,Lineage2,ITGAX,10,0.95,0.0,3,3.0
Glomerular,podocyte_PEC,Lineage3,ITGAX,1,0.05,0.0004205958606867,47,46.120319192497384
Glomerular,podocyte_PEC,Lineage3,ITGAX,2,0.15,0.007533074712663,44,43.926587479838
Glomerular,podocyte_PEC,Lineage3,ITGAX,3,0.25,0.0087584280428486,9,8.925532880454208
Glomerular,podocyte_PEC,Lineage3,ITGAX,4,0.35,0.0078685286820475,8,7.396933710080358
Glomerular,podocyte_PEC,Lineage3,ITGAX,5,0.45,0.0221842828720283,22,21.5002650484315
Glomerular,podocyte_PEC,Lineage3,ITGAX,6,0.55,0.0164562569849419,15,12.570802342485146
Glomerular,podocyte_PEC,Lineage3,ITGAX,7,0.6500000000000001,0.0064259146895401,24,17.144929265240897
Glomerular,podocyte_PEC,Lineage3,ITGAX,8,0.75,0.0036652883333433,27,27.0
Glomerular,podocyte_PEC,Lineage3,ITGAX,9,0.8500000000000001,0.0260643935497383,17,17.0
Glomerular,podocyte_PEC,Lineage3,ITGAX,10,0.95,0.0049768729075204,40,38.5770524347079
Glomerular,podocyte_PEC,Lineage1,VSIG4,1,0.05,0.0051499236400472,70,59.659381116629355
Glomerular,podocyte_PEC,Lineage1,VSIG4,2,0.15,0.0010165706465277,40,39.80118934114235
Glomerular,podocyte_PEC,Lineage1,VSIG4,3,0.25,0.0,14,12.749201645595445
Glomerular,podocyte_PEC,Lineage1,VSIG4,4,0.35,0.0052834463683417,19,10.241921938636269
Glomerular,podocyte_PEC,Lineage1,VSIG4,5,0.45,0.018368787045532,30,16.500692873233977
Glomerular,podocyte_PEC,Lineage1,VSIG4,6,0.55,0.0095407975324318,20,16.12271506788281
Glomerular,podocyte_PEC,Lineage1,VSIG4,7,0.6500000000000001,0.0069123819910904,42,42.0
Glomerular,podocyte_PEC,Lineage1,VSIG4,8,0.75,0.0071127861998184,88,88.0
Glomerular,podocyte_PEC,Lineage1,VSIG4,9,0.8500000000000001,0.0069528804493355,65,65.0
Glomerular,podocyte_PEC,Lineage1,VSIG4,10,0.95,0.005753039638618,22,22.0
Glomerular,podocyte_PEC,Lineage2,VSIG4,1,0.05,0.0026965203224189,40,30.66393920820844
Glomerular,podocyte_PEC,Lineage2,VSIG4,2,0.15,0.0065007916621976,32,30.51684501674831
Glomerular,podocyte_PEC,Lineage2,VSIG4,3,0.25,0.0054312419296967,40,38.81322826171976
Glomerular,podocyte_PEC,Lineage2,VSIG4,4,0.35,0.0048009993222912,33,33.0
Glomerular,podocyte_PEC,Lineage2,VSIG4,5,0.45,0.0146569846288123,19,19.0
Glomerular,podocyte_PEC,Lineage2,VSIG4,6,0.55,0.0068629060248615,21,21.0
Glomerular,podocyte_PEC,Lineage2,VSIG4,7,0.6500000000000001,0.0120098514452455,23,23.0
Glomerular,podocyte_PEC,Lineage2,VSIG4,8,0.75,0.0189893651016976,16,16.0
Glomerular,podocyte_PEC,Lineage2,VSIG4,9,0.8500000000000001,0.0106757012581251,7,7.0
Glomerular,podocyte_PEC,Lineage2,VSIG4,10,0.95,0.0,3,3.0
Glomerular,podocyte_PEC,Lineage3,VSIG4,1,0.05,0.0062781235607646,47,46.120319192497384
Glomerular,podocyte_PEC,Lineage3,VSIG4,2,0.15,0.000921098658066,44,43.926587479838
Glomerular,podocyte_PEC,Lineage3,VSIG4,3,0.25,0.0,9,8.925532880454208
Glomerular,podocyte_PEC,Lineage3,VSIG4,4,0.35,0.0,8,7.396933710080358
Glomerular,podocyte_PEC,Lineage3,VSIG4,5,0.45,0.0049818668869316,22,21.5002650484315
Glomerular,podocyte_PEC,Lineage3,VSIG4,6,0.55,0.0159367884486304,15,12.570802342485146
Glomerular,podocyte_PEC,Lineage3,VSIG4,7,0.6500000000000001,0.0013882312942282,24,17.144929265240897
Glomerular,podocyte_PEC,Lineage3,VSIG4,8,0.75,0.0082097987032655,27,27.0
Glomerular,podocyte_PEC,Lineage3,VSIG4,9,0.8500000000000001,0.0180581918522502,17,17.0
Glomerular,podocyte_PEC,Lineage3,VSIG4,10,0.95,0.0058183369389332,40,38.5770524347079
Glomerular,podocyte_PEC,Lineage1,CFH,1,0.05,0.3770354249368479,70,59.659381116629355
Glomerular,podocyte_PEC,Lineage1,CFH,2,0.15,0.4164228290284417,40,39.80118934114235
Glomerular,podocyte_PEC,Lineage1,CFH,3,0.25,0.9269636710085168,14,12.749201645595445
Glomerular,podocyte_PEC,Lineage1,CFH,4,0.35,1.0509857424780202,19,10.241921938636269
Glomerular,podocyte_PEC,Lineage1,CFH,5,0.45,0.9157815009905144,30,16.500692873233977
Glomerular,podocyte_PEC,Lineage1,CFH,6,0.55,1.5947948161500616,20,16.12271506788281
Glomerular,podocyte_PEC,Lineage1,CFH,7,0.6500000000000001,2.198824956114352,42,42.0
Glomerular,podocyte_PEC,Lineage1,CFH,8,0.75,2.3002838097302973,88,88.0
Glomerular,podocyte_PEC,Lineage1,CFH,9,0.8500000000000001,2.5728492322148058,65,65.0
Glomerular,podocyte_PEC,Lineage1,CFH,10,0.95,2.51038376421228,22,22.0
Glomerular,podocyte_PEC,Lineage2,CFH,1,0.05,0.3220966808600799,40,30.66393920820844
Glomerular,podocyte_PEC,Lineage2,CFH,2,0.15,0.4594836531373553,32,30.51684501674831
Glomerular,podocyte_PEC,Lineage2,CFH,3,0.25,0.4631027610949457,40,38.81322826171976
Glomerular,podocyte_PEC,Lineage2,CFH,4,0.35,0.4730013619820597,33,33.0
Glomerular,podocyte_PEC,Lineage2,CFH,5,0.45,0.6901472283406115,19,19.0
Glomerular,podocyte_PEC,Lineage2,CFH,6,0.55,1.4724297431201196,21,21.0
Glomerular,podocyte_PEC,Lineage2,CFH,7,0.6500000000000001,0.6987800873144805,23,23.0
Glomerular,podocyte_PEC,Lineage2,CFH,8,0.75,0.6594835130524404,16,16.0
Glomerular,podocyte_PEC,Lineage2,CFH,9,0.8500000000000001,0.7977131952999219,7,7.0
Glomerular,podocyte_PEC,Lineage2,CFH,10,0.95,1.0597109356301206,3,3.0
Glomerular,podocyte_PEC,Lineage3,CFH,1,0.05,0.3691166149405974,47,46.120319192497384
Glomerular,podocyte_PEC,Lineage3,CFH,2,0.15,0.3776898972649832,44,43.926587479838
Glomerular,podocyte_PEC,Lineage3,CFH,3,0.25,0.990324134540288,9,8.925532880454208
Glomerular,podocyte_PEC,Lineage3,CFH,4,0.35,0.8616370482529011,8,7.396933710080358
Glomerular,podocyte_PEC,Lineage3,CFH,5,0.45,0.8183586426894097,22,21.5002650484315
Glomerular,podocyte_PEC,Lineage3,CFH,6,0.55,0.930180127727432,15,12.570802342485146
Glomerular,podocyte_PEC,Lineage3,CFH,7,0.6500000000000001,0.9218695072547356,24,17.144929265240897
Glomerular,podocyte_PEC,Lineage3,CFH,8,0.75,1.2405671989603382,27,27.0
Glomerular,podocyte_PEC,Lineage3,CFH,9,0.8500000000000001,0.6808617665868828,17,17.0
Glomerular,podocyte_PEC,Lineage3,CFH,10,0.95,0.44558999862061,40,38.5770524347079
Glomerular,podocyte_PEC,Lineage1,CFI,1,0.05,0.113892220692811,70,59.659381116629355
Glomerular,podocyte_PEC,Lineage1,CFI,2,0.15,0.1103490076010472,40,39.80118934114235
Glomerular,podocyte_PEC,Lineage1,CFI,3,0.25,0.3114899918916256,14,12.749201645595445
Glomerular,podocyte_PEC,Lineage1,CFI,4,0.35,0.6508118331744098,19,10.241921938636269
Glomerular,podocyte_PEC,Lineage1,CFI,5,0.45,0.8553357308853257,30,16.500692873233977
Glomerular,podocyte_PEC,Lineage1,CFI,6,0.55,0.8056364253764644,20,16.12271506788281
Glomerular,podocyte_PEC,Lineage1,CFI,7,0.6500000000000001,0.685865913233539,42,42.0
Glomerular,podocyte_PEC,Lineage1,CFI,8,0.75,0.6285138244255019,88,88.0
Glomerular,podocyte_PEC,Lineage1,CFI,9,0.8500000000000001,0.791903036095938,65,65.0
Glomerular,podocyte_PEC,Lineage1,CFI,10,0.95,0.7116843354570596,22,22.0
Glomerular,podocyte_PEC,Lineage2,CFI,1,0.05,0.0950690937352823,40,30.66393920820844
Glomerular,podocyte_PEC,Lineage2,CFI,2,0.15,0.120803912209263,32,30.51684501674831
Glomerular,podocyte_PEC,Lineage2,CFI,3,0.25,0.0921553295224796,40,38.81322826171976
Glomerular,podocyte_PEC,Lineage2,CFI,4,0.35,0.1865330213658763,33,33.0
Glomerular,podocyte_PEC,Lineage2,CFI,5,0.45,0.4086870814804942,19,19.0
Glomerular,podocyte_PEC,Lineage2,CFI,6,0.55,0.6289712153362433,21,21.0
Glomerular,podocyte_PEC,Lineage2,CFI,7,0.6500000000000001,0.2339416543728438,23,23.0
Glomerular,podocyte_PEC,Lineage2,CFI,8,0.75,0.2499157531929579,16,16.0
Glomerular,podocyte_PEC,Lineage2,CFI,9,0.8500000000000001,0.2009049958715908,7,7.0
Glomerular,podocyte_PEC,Lineage2,CFI,10,0.95,0.241792471632,3,3.0
Glomerular,podocyte_PEC,Lineage3,CFI,1,0.05,0.1174000215403352,47,46.120319192497384
Glomerular,podocyte_PEC,Lineage3,CFI,2,0.15,0.1029478212929417,44,43.926587479838
Glomerular,podocyte_PEC,Lineage3,CFI,3,0.25,0.3588175141810823,9,8.925532880454208
Glomerular,podocyte_PEC,Lineage3,CFI,4,0.35,0.365442884347184,8,7.396933710080358
Glomerular,podocyte_PEC,Lineage3,CFI,5,0.45,0.7949099300068525,22,21.5002650484315
Glomerular,podocyte_PEC,Lineage3,CFI,6,0.55,0.8440906872410738,15,12.570802342485146
Glomerular,podocyte_PEC,Lineage3,CFI,7,0.6500000000000001,0.7164885069568675,24,17.144929265240897
Glomerular,podocyte_PEC,Lineage3,CFI,8,0.75,0.5648943518460124,27,27.0
Glomerular,podocyte_PEC,Lineage3,CFI,9,0.8500000000000001,0.3191614731687866,17,17.0
Glomerular,podocyte_PEC,Lineage3,CFI,10,0.95,0.083856730459999,40,38.5770524347079
Glomerular,podocyte_PEC,Lineage1,CD46,1,0.05,0.8001106343566827,70,59.659381116629355
Glomerular,podocyte_PEC,Lineage1,CD46,2,0.15,0.8980269703960074,40,39.80118934114235
Glomerular,podocyte_PEC,Lineage1,CD46,3,0.25,0.910996162216795,14,12.749201645595445
Glomerular,podocyte_PEC,Lineage1,CD46,4,0.35,1.1320503630210537,19,10.241921938636269
Glomerular,podocyte_PEC,Lineage1,CD46,5,0.45,0.7094271213710795,30,16.500692873233977
Glomerular,podocyte_PEC,Lineage1,CD46,6,0.55,0.9453125379223772,20,16.12271506788281
Glomerular,podocyte_PEC,Lineage1,CD46,7,0.6500000000000001,0.9923031407351192,42,42.0
Glomerular,podocyte_PEC,Lineage1,CD46,8,0.75,0.9514213408841858,88,88.0
Glomerular,podocyte_PEC,Lineage1,CD46,9,0.8500000000000001,0.9985227832713568,65,65.0
Glomerular,podocyte_PEC,Lineage1,CD46,10,0.95,0.9004557371504983,22,22.0
Glomerular,podocyte_PEC,Lineage2,CD46,1,0.05,0.7724446116065125,40,30.66393920820844
Glomerular,podocyte_PEC,Lineage2,CD46,2,0.15,0.8409900374248149,32,30.51684501674831
Glomerular,podocyte_PEC,Lineage2,CD46,3,0.25,0.9342349224870666,40,38.81322826171976
Glomerular,podocyte_PEC,Lineage2,CD46,4,0.35,1.1603434007499664,33,33.0
Glomerular,podocyte_PEC,Lineage2,CD46,5,0.45,1.4922650064562173,19,19.0
Glomerular,podocyte_PEC,Lineage2,CD46,6,0.55,0.9411504773514456,21,21.0
Glomerular,podocyte_PEC,Lineage2,CD46,7,0.6500000000000001,1.5513534951322965,23,23.0
Glomerular,podocyte_PEC,Lineage2,CD46,8,0.75,1.0422397869142783,16,16.0
Glomerular,podocyte_PEC,Lineage2,CD46,9,0.8500000000000001,1.0302564196554154,7,7.0
Glomerular,podocyte_PEC,Lineage2,CD46,10,0.95,1.2235218302369075,3,3.0
Glomerular,podocyte_PEC,Lineage3,CD46,1,0.05,0.7974606676702699,47,46.120319192497384
Glomerular,podocyte_PEC,Lineage3,CD46,2,0.15,0.8675775944005957,44,43.926587479838
Glomerular,podocyte_PEC,Lineage3,CD46,3,0.25,0.9249818920378724,9,8.925532880454208
Glomerular,podocyte_PEC,Lineage3,CD46,4,0.35,1.0555716422949202,8,7.396933710080358
Glomerular,podocyte_PEC,Lineage3,CD46,5,0.45,0.9960082435057596,22,21.5002650484315
Glomerular,podocyte_PEC,Lineage3,CD46,6,0.55,0.7574039563247119,15,12.570802342485146
Glomerular,podocyte_PEC,Lineage3,CD46,7,0.6500000000000001,0.559318641205594,24,17.144929265240897
Glomerular,podocyte_PEC,Lineage3,CD46,8,0.75,1.078089130815111,27,27.0
Glomerular,podocyte_PEC,Lineage3,CD46,9,0.8500000000000001,1.256812131898212,17,17.0
Glomerular,podocyte_PEC,Lineage3,CD46,10,0.95,0.8736883305697613,40,38.5770524347079
Glomerular,podocyte_PEC,Lineage1,CD55,1,0.05,0.3068480821259182,70,59.659381116629355
Glomerular,podocyte_PEC,Lineage1,CD55,2,0.15,0.2752226049750825,40,39.80118934114235
Glomerular,podocyte_PEC,Lineage1,CD55,3,0.25,0.2458582723525195,14,12.749201645595445
Glomerular,podocyte_PEC,Lineage1,CD55,4,0.35,0.3056664037097788,19,10.241921938636269
Glomerular,podocyte_PEC,Lineage1,CD55,5,0.45,0.1405144799993585,30,16.500692873233977
Glomerular,podocyte_PEC,Lineage1,CD55,6,0.55,0.1906385219294356,20,16.12271506788281
Glomerular,podocyte_PEC,Lineage1,CD55,7,0.6500000000000001,0.2550669150271923,42,42.0
Glomerular,podocyte_PEC,Lineage1,CD55,8,0.75,0.2804434734920021,88,88.0
Glomerular,podocyte_PEC,Lineage1,CD55,9,0.8500000000000001,0.2440038779321668,65,65.0
Glomerular,podocyte_PEC,Lineage1,CD55,10,0.95,0.1774327677387089,22,22.0
Glomerular,podocyte_PEC,Lineage2,CD55,1,0.05,0.3048103548165544,40,30.66393920820844
Glomerular,podocyte_PEC,Lineage2,CD55,2,0.15,0.3051528790490311,32,30.51684501674831
Glomerular,podocyte_PEC,Lineage2,CD55,3,0.25,0.3731073212983797,40,38.81322826171976
Glomerular,podocyte_PEC,Lineage2,CD55,4,0.35,0.4218117706460377,33,33.0
Glomerular,podocyte_PEC,Lineage2,CD55,5,0.45,0.6021144390839251,19,19.0
Glomerular,podocyte_PEC,Lineage2,CD55,6,0.55,0.3769610090130939,21,21.0
Glomerular,podocyte_PEC,Lineage2,CD55,7,0.6500000000000001,0.5482943819242937,23,23.0
Glomerular,podocyte_PEC,Lineage2,CD55,8,0.75,0.4569010390505279,16,16.0
Glomerular,podocyte_PEC,Lineage2,CD55,9,0.8500000000000001,0.4329058696651754,7,7.0
Glomerular,podocyte_PEC,Lineage2,CD55,10,0.95,0.4742349064712859,3,3.0
Glomerular,podocyte_PEC,Lineage3,CD55,1,0.05,0.3073830183643928,47,46.120319192497384
Glomerular,podocyte_PEC,Lineage3,CD55,2,0.15,0.2736118283865565,44,43.926587479838
Glomerular,podocyte_PEC,Lineage3,CD55,3,0.25,0.3431085532549793,9,8.925532880454208
Glomerular,podocyte_PEC,Lineage3,CD55,4,0.35,0.2226058992772996,8,7.396933710080358
Glomerular,podocyte_PEC,Lineage3,CD55,5,0.45,0.2263566933923747,22,21.5002650484315
Glomerular,podocyte_PEC,Lineage3,CD55,6,0.55,0.1120389941311245,15,12.570802342485146
Glomerular,podocyte_PEC,Lineage3,CD55,7,0.6500000000000001,0.1257570007904688,24,17.144929265240897
Glomerular,podocyte_PEC,Lineage3,CD55,8,0.75,0.259354471359685,27,27.0
Glomerular,podocyte_PEC,Lineage3,CD55,9,0.8500000000000001,0.3971937263712428,17,17.0
Glomerular,podocyte_PEC,Lineage3,CD55,10,0.95,0.3640848350876348,40,38.5770524347079
Glomerular,podocyte_PEC,Lineage1,CD59,1,0.05,0.4644787773032157,70,59.659381116629355
Glomerular,podocyte_PEC,Lineage1,CD59,2,0.15,0.4283440586140424,40,39.80118934114235
Glomerular,podocyte_PEC,Lineage1,CD59,3,0.25,0.5873726478785459,14,12.749201645595445
Glomerular,podocyte_PEC,Lineage1,CD59,4,0.35,1.0189040644748142,19,10.241921938636269
Glomerular,podocyte_PEC,Lineage1,CD59,5,0.45,0.758293626876365,30,16.500692873233977
Glomerular,podocyte_PEC,Lineage1,CD59,6,0.55,0.7181354062657124,20,16.12271506788281
Glomerular,podocyte_PEC,Lineage1,CD59,7,0.6500000000000001,0.8666918168113882,42,42.0
Glomerular,podocyte_PEC,Lineage1,CD59,8,0.75,0.736698184428067,88,88.0
Glomerular,podocyte_PEC,Lineage1,CD59,9,0.8500000000000001,0.7833800129528391,65,65.0
Glomerular,podocyte_PEC,Lineage1,CD59,10,0.95,0.711119297108303,22,22.0
Glomerular,podocyte_PEC,Lineage2,CD59,1,0.05,0.371793346217694,40,30.66393920820844
Glomerular,podocyte_PEC,Lineage2,CD59,2,0.15,0.5690119017428203,32,30.51684501674831
Glomerular,podocyte_PEC,Lineage2,CD59,3,0.25,0.6829062081594154,40,38.81322826171976
Glomerular,podocyte_PEC,Lineage2,CD59,4,0.35,1.0002205726296698,33,33.0
Glomerular,podocyte_PEC,Lineage2,CD59,5,0.45,1.474420956034025,19,19.0
Glomerular,podocyte_PEC,Lineage2,CD59,6,0.55,0.9392520951521142,21,21.0
Glomerular,podocyte_PEC,Lineage2,CD59,7,0.6500000000000001,1.4612623931605406,23,23.0
Glomerular,podocyte_PEC,Lineage2,CD59,8,0.75,0.9638510038612942,16,16.0
Glomerular,podocyte_PEC,Lineage2,CD59,9,0.8500000000000001,0.9873868208221348,7,7.0
Glomerular,podocyte_PEC,Lineage2,CD59,10,0.95,1.1138160420191143,3,3.0
Glomerular,podocyte_PEC,Lineage3,CD59,1,0.05,0.4661000260275507,47,46.120319192497384
Glomerular,podocyte_PEC,Lineage3,CD59,2,0.15,0.4066724178762296,44,43.926587479838
Glomerular,podocyte_PEC,Lineage3,CD59,3,0.25,0.4705006144163448,9,8.925532880454208
Glomerular,podocyte_PEC,Lineage3,CD59,4,0.35,0.8666729886548379,8,7.396933710080358
Glomerular,podocyte_PEC,Lineage3,CD59,5,0.45,0.910349875664811,22,21.5002650484315
Glomerular,podocyte_PEC,Lineage3,CD59,6,0.55,0.8028855948857855,15,12.570802342485146
Glomerular,podocyte_PEC,Lineage3,CD59,7,0.6500000000000001,0.5641071457166131,24,17.144929265240897
Glomerular,podocyte_PEC,Lineage3,CD59,8,0.75,0.9376927593563044,27,27.0
Glomerular,podocyte_PEC,Lineage3,CD59,9,0.8500000000000001,1.0063122358276837,17,17.0
Glomerular,podocyte_PEC,Lineage3,CD59,10,0.95,0.61161330334546,40,38.5770524347079
Glomerular,podocyte_PEC,Lineage1,SERPING1,1,0.05,0.1596665032960488,70,59.659381116629355
Glomerular,podocyte_PEC,Lineage1,SERPING1,2,0.15,0.1280243927955705,40,39.80118934114235
Glomerular,podocyte_PEC,Lineage1,SERPING1,3,0.25,0.2421352372009506,14,12.749201645595445
Glomerular,podocyte_PEC,Lineage1,SERPING1,4,0.35,0.4338416854516462,19,10.241921938636269
Glomerular,podocyte_PEC,Lineage1,SERPING1,5,0.45,0.2243596121492962,30,16.500692873233977
Glomerular,podocyte_PEC,Lineage1,SERPING1,6,0.55,0.2915110559819951,20,16.12271506788281
Glomerular,podocyte_PEC,Lineage1,SERPING1,7,0.6500000000000001,0.3277566317371596,42,42.0
Glomerular,podocyte_PEC,Lineage1,SERPING1,8,0.75,0.3700310072839865,88,88.0
Glomerular,podocyte_PEC,Lineage1,SERPING1,9,0.8500000000000001,0.4385350148809949,65,65.0
Glomerular,podocyte_PEC,Lineage1,SERPING1,10,0.95,0.3650888842920808,22,22.0
Glomerular,podocyte_PEC,Lineage2,SERPING1,1,0.05,0.1240648226730599,40,30.66393920820844
Glomerular,podocyte_PEC,Lineage2,SERPING1,2,0.15,0.1995375690020961,32,30.51684501674831
Glomerular,podocyte_PEC,Lineage2,SERPING1,3,0.25,0.2114454586422535,40,38.81322826171976
Glomerular,podocyte_PEC,Lineage2,SERPING1,4,0.35,0.351278505784038,33,33.0
Glomerular,podocyte_PEC,Lineage2,SERPING1,5,0.45,0.6108926801470805,19,19.0
Glomerular,podocyte_PEC,Lineage2,SERPING1,6,0.55,0.5883785006398125,21,21.0
Glomerular,podocyte_PEC,Lineage2,SERPING1,7,0.6500000000000001,0.5319453713305338,23,23.0
Glomerular,podocyte_PEC,Lineage2,SERPING1,8,0.75,0.4736233155758854,16,16.0
Glomerular,podocyte_PEC,Lineage2,SERPING1,9,0.8500000000000001,0.401908444561368,7,7.0
Glomerular,podocyte_PEC,Lineage2,SERPING1,10,0.95,0.3294040868836189,3,3.0
Glomerular,podocyte_PEC,Lineage3,SERPING1,1,0.05,0.157150543141556,47,46.120319192497384
Glomerular,podocyte_PEC,Lineage3,SERPING1,2,0.15,0.1255550180126614,44,43.926587479838
Glomerular,podocyte_PEC,Lineage3,SERPING1,3,0.25,0.1203060976235558,9,8.925532880454208
Glomerular,podocyte_PEC,Lineage3,SERPING1,4,0.35,0.4363356416085685,8,7.396933710080358
Glomerular,podocyte_PEC,Lineage3,SERPING1,5,0.45,0.2802030361053883,22,21.5002650484315
Glomerular,podocyte_PEC,Lineage3,SERPING1,6,0.55,0.2706510575440334,15,12.570802342485146
Glomerular,podocyte_PEC,Lineage3,SERPING1,7,0.6500000000000001,0.2145469350826067,24,17.144929265240897
Glomerular,podocyte_PEC,Lineage3,SERPING1,8,0.75,0.5225783860675776,27,27.0
Glomerular,podocyte_PEC,Lineage3,SERPING1,9,0.8500000000000001,0.371361145676374,17,17.0
Glomerular,podocyte_PEC,Lineage3,SERPING1,10,0.95,0.1738518508073985,40,38.5770524347079
Glomerular,podocyte_PEC,Lineage1,CFHR1,1,0.05,0.0007090996197516,70,59.659381116629355
Glomerular,podocyte_PEC,Lineage1,CFHR1,2,0.15,0.0,40,39.80118934114235
Glomerular,podocyte_PEC,Lineage1,CFHR1,3,0.25,0.0,14,12.749201645595445
Glomerular,podocyte_PEC,Lineage1,CFHR1,4,0.35,0.0197379070298812,19,10.241921938636269
Glomerular,podocyte_PEC,Lineage1,CFHR1,5,0.45,0.0,30,16.500692873233977
Glomerular,podocyte_PEC,Lineage1,CFHR1,6,0.55,0.0033915008312146,20,16.12271506788281
Glomerular,podocyte_PEC,Lineage1,CFHR1,7,0.6500000000000001,0.0030589164509645,42,42.0
Glomerular,podocyte_PEC,Lineage1,CFHR1,8,0.75,0.0059939971485377,88,88.0
Glomerular,podocyte_PEC,Lineage1,CFHR1,9,0.8500000000000001,0.0032352980720565,65,65.0
Glomerular,podocyte_PEC,Lineage1,CFHR1,10,0.95,0.0,22,22.0
Glomerular,podocyte_PEC,Lineage2,CFHR1,1,0.05,0.0007746515689558,40,30.66393920820844
Glomerular,podocyte_PEC,Lineage2,CFHR1,2,0.15,0.0008012268793283,32,30.51684501674831
Glomerular,podocyte_PEC,Lineage2,CFHR1,3,0.25,0.0016153767489752,40,38.81322826171976
Glomerular,podocyte_PEC,Lineage2,CFHR1,4,0.35,0.0,33,33.0
Glomerular,podocyte_PEC,Lineage2,CFHR1,5,0.45,0.0221570910316797,19,19.0
Glomerular,podocyte_PEC,Lineage2,CFHR1,6,0.55,0.0251536919815804,21,21.0
Glomerular,podocyte_PEC,Lineage2,CFHR1,7,0.6500000000000001,0.000883038485777,23,23.0
Glomerular,podocyte_PEC,Lineage2,CFHR1,8,0.75,0.0,16,16.0
Glomerular,podocyte_PEC,Lineage2,CFHR1,9,0.8500000000000001,0.0,7,7.0
Glomerular,podocyte_PEC,Lineage2,CFHR1,10,0.95,0.0,3,3.0
Glomerular,podocyte_PEC,Lineage3,CFHR1,1,0.05,0.0005858600852176,47,46.120319192497384
Glomerular,podocyte_PEC,Lineage3,CFHR1,2,0.15,0.0,44,43.926587479838
Glomerular,podocyte_PEC,Lineage3,CFHR1,3,0.25,0.0,9,8.925532880454208
Glomerular,podocyte_PEC,Lineage3,CFHR1,4,0.35,0.0149108976381309,8,7.396933710080358
Glomerular,podocyte_PEC,Lineage3,CFHR1,5,0.45,0.0050344722410138,22,21.5002650484315
Glomerular,podocyte_PEC,Lineage3,CFHR1,6,0.55,0.0,15,12.570802342485146
Glomerular,podocyte_PEC,Lineage3,CFHR1,7,0.6500000000000001,0.0,24,17.144929265240897
Glomerular,podocyte_PEC,Lineage3,CFHR1,8,0.75,0.0173336727130354,27,27.0
Glomerular,podocyte_PEC,Lineage3,CFHR1,9,0.8500000000000001,0.006500502634371,17,17.0
Glomerular,podocyte_PEC,Lineage3,CFHR1,10,0.95,0.0004191454644367,40,38.5770524347079
Glomerular,podocyte_PEC,Lineage1,CFHR2,1,0.05,0.0,70,59.659381116629355
Glomerular,podocyte_PEC,Lineage1,CFHR2,2,0.15,0.0,40,39.80118934114235
Glomerular,podocyte_PEC,Lineage1,CFHR2,3,0.25,0.0,14,12.749201645595445
Glomerular,podocyte_PEC,Lineage1,CFHR2,4,0.35,0.0073245202834236,19,10.241921938636269
Glomerular,podocyte_PEC,Lineage1,CFHR2,5,0.45,0.0045960244779771,30,16.500692873233977
Glomerular,podocyte_PEC,Lineage1,CFHR2,6,0.55,0.0,20,16.12271506788281
Glomerular,podocyte_PEC,Lineage1,CFHR2,7,0.6500000000000001,0.0,42,42.0
Glomerular,podocyte_PEC,Lineage1,CFHR2,8,0.75,0.0028683990529446,88,88.0
Glomerular,podocyte_PEC,Lineage1,CFHR2,9,0.8500000000000001,0.0,65,65.0
Glomerular,podocyte_PEC,Lineage1,CFHR2,10,0.95,0.0,22,22.0
Glomerular,podocyte_PEC,Lineage2,CFHR2,1,0.05,0.0,40,30.66393920820844
Glomerular,podocyte_PEC,Lineage2,CFHR2,2,0.15,0.0,32,30.51684501674831
Glomerular,podocyte_PEC,Lineage2,CFHR2,3,0.25,0.0,40,38.81322826171976
Glomerular,podocyte_PEC,Lineage2,CFHR2,4,0.35,0.0010141504744668,33,33.0
Glomerular,podocyte_PEC,Lineage2,CFHR2,5,0.45,0.0015510054952213,19,19.0
Glomerular,podocyte_PEC,Lineage2,CFHR2,6,0.55,0.0,21,21.0
Glomerular,podocyte_PEC,Lineage2,CFHR2,7,0.6500000000000001,0.0,23,23.0
Glomerular,podocyte_PEC,Lineage2,CFHR2,8,0.75,0.0,16,16.0
Glomerular,podocyte_PEC,Lineage2,CFHR2,9,0.8500000000000001,0.0,7,7.0
Glomerular,podocyte_PEC,Lineage2,CFHR2,10,0.95,0.0,3,3.0
Glomerular,podocyte_PEC,Lineage3,CFHR2,1,0.05,0.0,47,46.120319192497384
Glomerular,podocyte_PEC,Lineage3,CFHR2,2,0.15,0.0,44,43.926587479838
Glomerular,podocyte_PEC,Lineage3,CFHR2,3,0.25,0.0,9,8.925532880454208
Glomerular,podocyte_PEC,Lineage3,CFHR2,4,0.35,0.0,8,7.396933710080358
Glomerular,podocyte_PEC,Lineage3,CFHR2,5,0.45,0.006966653287071,22,21.5002650484315
Glomerular,podocyte_PEC,Lineage3,CFHR2,6,0.55,0.0020109963477591,15,12.570802342485146
Glomerular,podocyte_PEC,Lineage3,CFHR2,7,0.6500000000000001,0.0063944681836511,24,17.144929265240897
Glomerular,podocyte_PEC,Lineage3,CFHR2,8,0.75,0.001531667875488,27,27.0
Glomerular,podocyte_PEC,Lineage3,CFHR2,9,0.8500000000000001,0.0,17,17.0
Glomerular,podocyte_PEC,Lineage3,CFHR2,10,0.95,0.0,40,38.5770524347079
Glomerular,podocyte_PEC,Lineage1,CFHR3,1,0.05,0.0031625363419046,70,59.659381116629355
Glomerular,podocyte_PEC,Lineage1,CFHR3,2,0.15,0.0085349238467398,40,39.80118934114235
Glomerular,podocyte_PEC,Lineage1,CFHR3,3,0.25,0.0024794122124421,14,12.749201645595445
Glomerular,podocyte_PEC,Lineage1,CFHR3,4,0.35,0.013345459516918,19,10.241921938636269
Glomerular,podocyte_PEC,Lineage1,CFHR3,5,0.45,0.0058516763256112,30,16.500692873233977
Glomerular,podocyte_PEC,Lineage1,CFHR3,6,0.55,0.0288453216213044,20,16.12271506788281
Glomerular,podocyte_PEC,Lineage1,CFHR3,7,0.6500000000000001,0.0245489679758011,42,42.0
Glomerular,podocyte_PEC,Lineage1,CFHR3,8,0.75,0.015929822618069,88,88.0
Glomerular,podocyte_PEC,Lineage1,CFHR3,9,0.8500000000000001,0.0217080008386245,65,65.0
Glomerular,podocyte_PEC,Lineage1,CFHR3,10,0.95,0.0168579292635772,22,22.0
Glomerular,podocyte_PEC,Lineage2,CFHR3,1,0.05,0.0035498933321851,40,30.66393920820844
Glomerular,podocyte_PEC,Lineage2,CFHR3,2,0.15,0.0027647770775819,32,30.51684501674831
Glomerular,podocyte_PEC,Lineage2,CFHR3,3,0.25,0.0066374073618007,40,38.81322826171976
Glomerular,podocyte_PEC,Lineage2,CFHR3,4,0.35,0.0043326729088261,33,33.0
Glomerular,podocyte_PEC,Lineage2,CFHR3,5,0.45,0.0050300148510232,19,19.0
Glomerular,podocyte_PEC,Lineage2,CFHR3,6,0.55,0.0086472645920346,21,21.0
Glomerular,podocyte_PEC,Lineage2,CFHR3,7,0.6500000000000001,0.0026627144698249,23,23.0
Glomerular,podocyte_PEC,Lineage2,CFHR3,8,0.75,0.0,16,16.0
Glomerular,podocyte_PEC,Lineage2,CFHR3,9,0.8500000000000001,0.0,7,7.0
Glomerular,podocyte_PEC,Lineage2,CFHR3,10,0.95,0.0,3,3.0
Glomerular,podocyte_PEC,Lineage3,CFHR3,1,0.05,0.0034197521589459,47,46.120319192497384
Glomerular,podocyte_PEC,Lineage3,CFHR3,2,0.15,0.0040781032496633,44,43.926587479838
Glomerular,podocyte_PEC,Lineage3,CFHR3,3,0.25,0.0236521587390699,9,8.925532880454208
Glomerular,podocyte_PEC,Lineage3,CFHR3,4,0.35,0.0052288849576648,8,7.396933710080358
Glomerular,podocyte_PEC,Lineage3,CFHR3,5,0.45,0.0112405412901789,22,21.5002650484315
Glomerular,podocyte_PEC,Lineage3,CFHR3,6,0.55,0.0017027875537208,15,12.570802342485146
Glomerular,podocyte_PEC,Lineage3,CFHR3,7,0.6500000000000001,0.0130369175330556,24,17.144929265240897
Glomerular,podocyte_PEC,Lineage3,CFHR3,8,0.75,0.0147071268817591,27,27.0
Glomerular,podocyte_PEC,Lineage3,CFHR3,9,0.8500000000000001,0.00146175814909,17,17.0
Glomerular,podocyte_PEC,Lineage3,CFHR3,10,0.95,0.0050906414050338,40,38.5770524347079
Glomerular,podocyte_PEC,Lineage1,CFHR4,1,0.05,8.2542316295502e-05,70,59.659381116629355
Glomerular,podocyte_PEC,Lineage1,CFHR4,2,0.15,0.0,40,39.80118934114235
Glomerular,podocyte_PEC,Lineage1,CFHR4,3,0.25,0.0186679869739874,14,12.749201645595445
Glomerular,podocyte_PEC,Lineage1,CFHR4,4,0.35,0.0073495421001966,19,10.241921938636269
Glomerular,podocyte_PEC,Lineage1,CFHR4,5,0.45,0.0022336268235146,30,16.500692873233977
Glomerular,podocyte_PEC,Lineage1,CFHR4,6,0.55,0.0,20,16.12271506788281
Glomerular,podocyte_PEC,Lineage1,CFHR4,7,0.6500000000000001,0.0012110974657827,42,42.0
Glomerular,podocyte_PEC,Lineage1,CFHR4,8,0.75,0.0060974557852432,88,88.0
Glomerular,podocyte_PEC,Lineage1,CFHR4,9,0.8500000000000001,0.0021113690257987,65,65.0
Glomerular,podocyte_PEC,Lineage1,CFHR4,10,0.95,0.0,22,22.0
Glomerular,podocyte_PEC,Lineage2,CFHR4,1,0.05,0.0,40,30.66393920820844
Glomerular,podocyte_PEC,Lineage2,CFHR4,2,0.15,0.0,32,30.51684501674831
Glomerular,podocyte_PEC,Lineage2,CFHR4,3,0.25,0.0005737289028226,40,38.81322826171976
Glomerular,podocyte_PEC,Lineage2,CFHR4,4,0.35,0.0,33,33.0
Glomerular,podocyte_PEC,Lineage2,CFHR4,5,0.45,0.0015510054952213,19,19.0
Glomerular,podocyte_PEC,Lineage2,CFHR4,6,0.55,0.0,21,21.0
Glomerular,podocyte_PEC,Lineage2,CFHR4,7,0.6500000000000001,0.0,23,23.0
Glomerular,podocyte_PEC,Lineage2,CFHR4,8,0.75,0.0,16,16.0
Glomerular,podocyte_PEC,Lineage2,CFHR4,9,0.8500000000000001,0.0,7,7.0
Glomerular,podocyte_PEC,Lineage2,CFHR4,10,0.95,0.0,3,3.0
Glomerular,podocyte_PEC,Lineage3,CFHR4,1,0.05,0.0,47,46.120319192497384
Glomerular,podocyte_PEC,Lineage3,CFHR4,2,0.15,0.0,44,43.926587479838
Glomerular,podocyte_PEC,Lineage3,CFHR4,3,0.25,0.0294105812186968,9,8.925532880454208
Glomerular,podocyte_PEC,Lineage3,CFHR4,4,0.35,0.0,8,7.396933710080358
Glomerular,podocyte_PEC,Lineage3,CFHR4,5,0.45,0.0057704725855452,22,21.5002650484315
Glomerular,podocyte_PEC,Lineage3,CFHR4,6,0.55,0.0,15,12.570802342485146
Glomerular,podocyte_PEC,Lineage3,CFHR4,7,0.6500000000000001,0.0063944681836511,24,17.144929265240897
Glomerular,podocyte_PEC,Lineage3,CFHR4,8,0.75,0.0014906552051823,27,27.0
Glomerular,podocyte_PEC,Lineage3,CFHR4,9,0.8500000000000001,0.0021150334366708,17,17.0
Glomerular,podocyte_PEC,Lineage3,CFHR4,10,0.95,0.0005772413769374,40,38.5770524347079
Glomerular,podocyte_PEC,Lineage1,CFHR5,1,0.05,0.0,70,59.659381116629355
Glomerular,podocyte_PEC,Lineage1,CFHR5,2,0.15,0.0006561812631942,40,39.80118934114235
Glomerular,podocyte_PEC,Lineage1,CFHR5,3,0.25,0.0068185346318252,14,12.749201645595445
Glomerular,podocyte_PEC,Lineage1,CFHR5,4,0.35,0.0,19,10.241921938636269
Glomerular,podocyte_PEC,Lineage1,CFHR5,5,0.45,0.0,30,16.500692873233977
Glomerular,podocyte_PEC,Lineage1,CFHR5,6,0.55,0.0,20,16.12271506788281
Glomerular,podocyte_PEC,Lineage1,CFHR5,7,0.6500000000000001,0.0,42,42.0
Glomerular,podocyte_PEC,Lineage1,CFHR5,8,0.75,0.0030017266904585,88,88.0
Glomerular,podocyte_PEC,Lineage1,CFHR5,9,0.8500000000000001,0.0009317823896164,65,65.0
Glomerular,podocyte_PEC,Lineage1,CFHR5,10,0.95,0.0,22,22.0
Glomerular,podocyte_PEC,Lineage2,CFHR5,1,0.05,0.0,40,30.66393920820844
Glomerular,podocyte_PEC,Lineage2,CFHR5,2,0.15,0.0,32,30.51684501674831
Glomerular,podocyte_PEC,Lineage2,CFHR5,3,0.25,0.0003392183112242,40,38.81322826171976
Glomerular,podocyte_PEC,Lineage2,CFHR5,4,0.35,0.0010141504744668,33,33.0
Glomerular,podocyte_PEC,Lineage2,CFHR5,5,0.45,0.0014771512117171,19,19.0
Glomerular,podocyte_PEC,Lineage2,CFHR5,6,0.55,0.0010389123366131,21,21.0
Glomerular,podocyte_PEC,Lineage2,CFHR5,7,0.6500000000000001,0.0,23,23.0
Glomerular,podocyte_PEC,Lineage2,CFHR5,8,0.75,0.0015968779537724,16,16.0
Glomerular,podocyte_PEC,Lineage2,CFHR5,9,0.8500000000000001,0.0,7,7.0
Glomerular,podocyte_PEC,Lineage2,CFHR5,10,0.95,0.0,3,3.0
Glomerular,podocyte_PEC,Lineage3,CFHR5,1,0.05,0.0,47,46.120319192497384
Glomerular,podocyte_PEC,Lineage3,CFHR5,2,0.15,0.0005992874445289,44,43.926587479838
Glomerular,podocyte_PEC,Lineage3,CFHR5,3,0.25,0.0,9,8.925532880454208
Glomerular,podocyte_PEC,Lineage3,CFHR5,4,0.35,0.0157598736612405,8,7.396933710080358
Glomerular,podocyte_PEC,Lineage3,CFHR5,5,0.45,0.0,22,21.5002650484315
Glomerular,podocyte_PEC,Lineage3,CFHR5,6,0.55,0.0,15,12.570802342485146
Glomerular,podocyte_PEC,Lineage3,CFHR5,7,0.6500000000000001,0.0,24,17.144929265240897
Glomerular,podocyte_PEC,Lineage3,CFHR5,8,0.75,0.0,27,27.0
Glomerular,podocyte_PEC,Lineage3,CFHR5,9,0.8500000000000001,0.0,17,17.0
Glomerular,podocyte_PEC,Lineage3,CFHR5,10,0.95,0.0,40,38.5770524347079
Glomerular,endothelial_mesangial,Lineage1,C1QA,1,0.05,0.0087968037231438,30,22.392261111916422
Glomerular,endothelial_mesangial,Lineage1,C1QA,2,0.15,0.0266977761282695,21,16.770508313234288
Glomerular,endothelial_mesangial,Lineage1,C1QA,3,0.25,0.0347697270791588,41,27.881478252189556
Glomerular,endothelial_mesangial,Lineage1,C1QA,4,0.35,0.051946356321169,35,28.01466208052067
Glomerular,endothelial_mesangial,Lineage1,C1QA,5,0.45,0.0605854132657293,20,15.955623930152456
Glomerular,endothelial_mesangial,Lineage1,C1QA,6,0.55,0.0357080753467703,18,18.0
Glomerular,endothelial_mesangial,Lineage1,C1QA,7,0.6500000000000001,0.0132757973613931,11,11.0
Glomerular,endothelial_mesangial,Lineage1,C1QA,8,0.75,0.0,5,4.548367492966558
Glomerular,endothelial_mesangial,Lineage1,C1QA,9,0.8500000000000001,0.0287817687345438,3,3.0
Glomerular,endothelial_mesangial,Lineage1,C1QA,10,0.95,0.0,3,3.0
Glomerular,endothelial_mesangial,Lineage2,C1QA,1,0.05,0.0088724138567253,19,16.87220874561517
Glomerular,endothelial_mesangial,Lineage2,C1QA,2,0.15,0.0,15,12.590230489830642
Glomerular,endothelial_mesangial,Lineage2,C1QA,3,0.25,0.0531929454206658,8,7.828071142391974
Glomerular,endothelial_mesangial,Lineage2,C1QA,4,0.35,0.0287070768942647,15,14.498697759948907
Glomerular,endothelial_mesangial,Lineage2,C1QA,5,0.45,0.0591494376228221,56,37.22345151159875
Glomerular,endothelial_mesangial,Lineage2,C1QA,6,0.55,0.0444870196207059,21,21.0
Glomerular,endothelial_mesangial,Lineage2,C1QA,7,0.6500000000000001,0.0217025252490541,11,10.952273387833358
Glomerular,endothelial_mesangial,Lineage2,C1QA,8,0.75,0.0794353234649101,15,15.0
Glomerular,endothelial_mesangial,Lineage2,C1QA,9,0.8500000000000001,0.1042543796519377,11,10.507800541577003
Glomerular,endothelial_mesangial,Lineage2,C1QA,10,0.95,0.1923494688441824,3,3.0
Glomerular,endothelial_mesangial,Lineage3,C1QA,1,0.05,0.0070805188273769,35,27.46777610508315
Glomerular,endothelial_mesangial,Lineage3,C1QA,2,0.15,0.0327892706713717,26,19.29158406953158
Glomerular,endothelial_mesangial,Lineage3,C1QA,3,0.25,0.0476449013531924,62,45.20052784423752
Glomerular,endothelial_mesangial,Lineage3,C1QA,4,0.35,0.0428334603627861,28,23.465852899351027
Glomerular,endothelial_mesangial,Lineage3,C1QA,5,0.45,0.0550036528464785,13,12.253402703634665
Glomerular,endothelial_mesangial,Lineage3,C1QA,6,0.55,0.0529451034048276,7,7.0
Glomerular,endothelial_mesangial,Lineage3,C1QA,7,0.6500000000000001,0.0307159655777148,7,7.0
Glomerular,endothelial_mesangial,Lineage3,C1QA,8,0.75,0.0496379978137267,6,6.0
Glomerular,endothelial_mesangial,Lineage3,C1QA,9,0.8500000000000001,0.1614992879011579,5,5.0
Glomerular,endothelial_mesangial,Lineage3,C1QA,10,0.95,0.0208164181065383,8,8.0
Glomerular,endothelial_mesangial,Lineage4,C1QA,1,0.05,0.0035590778540829,21,15.981834425468282
Glomerular,endothelial_mesangial,Lineage4,C1QA,2,0.15,0.0225463264752254,12,12.0
Glomerular,endothelial_mesangial,Lineage4,C1QA,3,0.25,0.015638614885171,10,10.0
Glomerular,endothelial_mesangial,Lineage4,C1QA,4,0.35,0.0417401629313608,7,7.0
Glomerular,endothelial_mesangial,Lineage4,C1QA,5,0.45,0.0736458975475643,9,9.0
Glomerular,endothelial_mesangial,Lineage4,C1QA,6,0.55,0.0190211856648409,5,5.0
Glomerular,endothelial_mesangial,Lineage4,C1QA,7,0.6500000000000001,0.0,3,3.0
Glomerular,endothelial_mesangial,Lineage4,C1QA,8,0.75,0.0103089038218768,5,5.0
Glomerular,endothelial_mesangial,Lineage4,C1QA,9,0.8500000000000001,0.0,3,3.0
Glomerular,endothelial_mesangial,Lineage4,C1QA,10,0.95,0.0,3,3.0
Glomerular,endothelial_mesangial,Lineage1,C1QB,1,0.05,0.0104933308975634,30,22.392261111916422
Glomerular,endothelial_mesangial,Lineage1,C1QB,2,0.15,0.0087792107380253,21,16.770508313234288
Glomerular,endothelial_mesangial,Lineage1,C1QB,3,0.25,0.0123517320097953,41,27.881478252189556
Glomerular,endothelial_mesangial,Lineage1,C1QB,4,0.35,0.0332748869928714,35,28.01466208052067
Glomerular,endothelial_mesangial,Lineage1,C1QB,5,0.45,0.0164558119090216,20,15.955623930152456
Glomerular,endothelial_mesangial,Lineage1,C1QB,6,0.55,0.0469211445399845,18,18.0
Glomerular,endothelial_mesangial,Lineage1,C1QB,7,0.6500000000000001,0.0,11,11.0
Glomerular,endothelial_mesangial,Lineage1,C1QB,8,0.75,0.0368109557912468,5,4.548367492966558
Glomerular,endothelial_mesangial,Lineage1,C1QB,9,0.8500000000000001,0.0287817687345438,3,3.0
Glomerular,endothelial_mesangial,Lineage1,C1QB,10,0.95,0.0,3,3.0
Glomerular,endothelial_mesangial,Lineage2,C1QB,1,0.05,0.0121312117086281,19,16.87220874561517
Glomerular,endothelial_mesangial,Lineage2,C1QB,2,0.15,0.0,15,12.590230489830642
Glomerular,endothelial_mesangial,Lineage2,C1QB,3,0.25,0.0166168255433577,8,7.828071142391974
Glomerular,endothelial_mesangial,Lineage2,C1QB,4,0.35,0.011695945954945,15,14.498697759948907
Glomerular,endothelial_mesangial,Lineage2,C1QB,5,0.45,0.0557497728931771,56,37.22345151159875
Glomerular,endothelial_mesangial,Lineage2,C1QB,6,0.55,0.0163704324250323,21,21.0
Glomerular,endothelial_mesangial,Lineage2,C1QB,7,0.6500000000000001,0.011084865652076,11,10.952273387833358
Glomerular,endothelial_mesangial,Lineage2,C1QB,8,0.75,0.0296854388947417,15,15.0
Glomerular,endothelial_mesangial,Lineage2,C1QB,9,0.8500000000000001,0.0936282749287938,11,10.507800541577003
Glomerular,endothelial_mesangial,Lineage2,C1QB,10,0.95,0.1172118876379377,3,3.0
Glomerular,endothelial_mesangial,Lineage3,C1QB,1,0.05,0.0092547134598645,35,27.46777610508315
Glomerular,endothelial_mesangial,Lineage3,C1QB,2,0.15,0.0074564837161379,26,19.29158406953158
Glomerular,endothelial_mesangial,Lineage3,C1QB,3,0.25,0.0344977578026022,62,45.20052784423752
Glomerular,endothelial_mesangial,Lineage3,C1QB,4,0.35,0.0323931707267966,28,23.465852899351027
Glomerular,endothelial_mesangial,Lineage3,C1QB,5,0.45,0.11545564407954,13,12.253402703634665
Glomerular,endothelial_mesangial,Lineage3,C1QB,6,0.55,0.0,7,7.0
Glomerular,endothelial_mesangial,Lineage3,C1QB,7,0.6500000000000001,0.0045259001971872,7,7.0
Glomerular,endothelial_mesangial,Lineage3,C1QB,8,0.75,0.0058728533657879,6,6.0
Glomerular,endothelial_mesangial,Lineage3,C1QB,9,0.8500000000000001,0.0,5,5.0
Glomerular,endothelial_mesangial,Lineage3,C1QB,10,0.95,0.2431501671104483,8,8.0
Glomerular,endothelial_mesangial,Lineage4,C1QB,1,0.05,0.0092209899134044,21,15.981834425468282
Glomerular,endothelial_mesangial,Lineage4,C1QB,2,0.15,0.0,12,12.0
Glomerular,endothelial_mesangial,Lineage4,C1QB,3,0.25,0.02291149597162,10,10.0
Glomerular,endothelial_mesangial,Lineage4,C1QB,4,0.35,0.0,7,7.0
Glomerular,endothelial_mesangial,Lineage4,C1QB,5,0.45,0.0309615935231998,9,9.0
Glomerular,endothelial_mesangial,Lineage4,C1QB,6,0.55,0.0088416485111272,5,5.0
Glomerular,endothelial_mesangial,Lineage4,C1QB,7,0.6500000000000001,0.0167838986720722,3,3.0
Glomerular,endothelial_mesangial,Lineage4,C1QB,8,0.75,0.0,5,5.0
Glomerular,endothelial_mesangial,Lineage4,C1QB,9,0.8500000000000001,0.0,3,3.0
Glomerular,endothelial_mesangial,Lineage4,C1QB,10,0.95,0.0,3,3.0
Glomerular,endothelial_mesangial,Lineage1,C1QC,1,0.05,0.000582969985597,30,22.392261111916422
Glomerular,endothelial_mesangial,Lineage1,C1QC,2,0.15,0.0017879620766386,21,16.770508313234288
Glomerular,endothelial_mesangial,Lineage1,C1QC,3,0.25,0.0094878765982256,41,27.881478252189556
Glomerular,endothelial_mesangial,Lineage1,C1QC,4,0.35,0.0235139343136077,35,28.01466208052067
Glomerular,endothelial_mesangial,Lineage1,C1QC,5,0.45,0.0146466365816381,20,15.955623930152456
Glomerular,endothelial_mesangial,Lineage1,C1QC,6,0.55,0.0,18,18.0
Glomerular,endothelial_mesangial,Lineage1,C1QC,7,0.6500000000000001,0.0160041718663559,11,11.0
Glomerular,endothelial_mesangial,Lineage1,C1QC,8,0.75,0.0116937201095882,5,4.548367492966558
Glomerular,endothelial_mesangial,Lineage1,C1QC,9,0.8500000000000001,0.0,3,3.0
Glomerular,endothelial_mesangial,Lineage1,C1QC,10,0.95,0.0,3,3.0
Glomerular,endothelial_mesangial,Lineage2,C1QC,1,0.05,0.0,19,16.87220874561517
Glomerular,endothelial_mesangial,Lineage2,C1QC,2,0.15,0.0,15,12.590230489830642
Glomerular,endothelial_mesangial,Lineage2,C1QC,3,0.25,0.0,8,7.828071142391974
Glomerular,endothelial_mesangial,Lineage2,C1QC,4,0.35,0.0041621803766461,15,14.498697759948907
Glomerular,endothelial_mesangial,Lineage2,C1QC,5,0.45,0.0286728313377082,56,37.22345151159875
Glomerular,endothelial_mesangial,Lineage2,C1QC,6,0.55,0.0202970712295254,21,21.0
Glomerular,endothelial_mesangial,Lineage2,C1QC,7,0.6500000000000001,0.0055066936153326,11,10.952273387833358
Glomerular,endothelial_mesangial,Lineage2,C1QC,8,0.75,0.0151712254786195,15,15.0
Glomerular,endothelial_mesangial,Lineage2,C1QC,9,0.8500000000000001,0.0475010037158229,11,10.507800541577003
Glomerular,endothelial_mesangial,Lineage2,C1QC,10,0.95,0.1105600431127373,3,3.0
Glomerular,endothelial_mesangial,Lineage3,C1QC,1,0.05,0.0004582182261365,35,27.46777610508315
Glomerular,endothelial_mesangial,Lineage3,C1QC,2,0.15,0.0027367245397961,26,19.29158406953158
Glomerular,endothelial_mesangial,Lineage3,C1QC,3,0.25,0.0191622197541833,62,45.20052784423752
Glomerular,endothelial_mesangial,Lineage3,C1QC,4,0.35,0.0281676028947012,28,23.465852899351027
Glomerular,endothelial_mesangial,Lineage3,C1QC,5,0.45,0.0310859974128688,13,12.253402703634665
Glomerular,endothelial_mesangial,Lineage3,C1QC,6,0.55,0.0,7,7.0
Glomerular,endothelial_mesangial,Lineage3,C1QC,7,0.6500000000000001,0.0,7,7.0
Glomerular,endothelial_mesangial,Lineage3,C1QC,8,0.75,0.0,6,6.0
Glomerular,endothelial_mesangial,Lineage3,C1QC,9,0.8500000000000001,0.0,5,5.0
Glomerular,endothelial_mesangial,Lineage3,C1QC,10,0.95,0.0042027263055941,8,8.0
Glomerular,endothelial_mesangial,Lineage4,C1QC,1,0.05,0.0,21,15.981834425468282
Glomerular,endothelial_mesangial,Lineage4,C1QC,2,0.15,0.0,12,12.0
Glomerular,endothelial_mesangial,Lineage4,C1QC,3,0.25,0.0032394748950246,10,10.0
Glomerular,endothelial_mesangial,Lineage4,C1QC,4,0.35,0.0,7,7.0
Glomerular,endothelial_mesangial,Lineage4,C1QC,5,0.45,0.0809014341356064,9,9.0
Glomerular,endothelial_mesangial,Lineage4,C1QC,6,0.55,0.0210513529149824,5,5.0
Glomerular,endothelial_mesangial,Lineage4,C1QC,7,0.6500000000000001,0.0,3,3.0
Glomerular,endothelial_mesangial,Lineage4,C1QC,8,0.75,0.0,5,5.0
Glomerular,endothelial_mesangial,Lineage4,C1QC,9,0.8500000000000001,0.0,3,3.0
Glomerular,endothelial_mesangial,Lineage4,C1QC,10,0.95,0.0,3,3.0
Glomerular,endothelial_mesangial,Lineage1,C1R,1,0.05,0.0332981397888087,30,22.392261111916422
Glomerular,endothelial_mesangial,Lineage1,C1R,2,0.15,0.1065507967220837,21,16.770508313234288
Glomerular,endothelial_mesangial,Lineage1,C1R,3,0.25,0.1216162263938396,41,27.881478252189556
Glomerular,endothelial_mesangial,Lineage1,C1R,4,0.35,0.130517557904318,35,28.01466208052067
Glomerular,endothelial_mesangial,Lineage1,C1R,5,0.45,0.1479924337382952,20,15.955623930152456
Glomerular,endothelial_mesangial,Lineage1,C1R,6,0.55,0.1609759626570525,18,18.0
Glomerular,endothelial_mesangial,Lineage1,C1R,7,0.6500000000000001,0.253632156852883,11,11.0
Glomerular,endothelial_mesangial,Lineage1,C1R,8,0.75,0.3603388992626186,5,4.548367492966558
Glomerular,endothelial_mesangial,Lineage1,C1R,9,0.8500000000000001,0.2082973096275443,3,3.0
Glomerular,endothelial_mesangial,Lineage1,C1R,10,0.95,0.1756120490989074,3,3.0
Glomerular,endothelial_mesangial,Lineage2,C1R,1,0.05,0.0347969515221399,19,16.87220874561517
Glomerular,endothelial_mesangial,Lineage2,C1R,2,0.15,0.0682319864514528,15,12.590230489830642
Glomerular,endothelial_mesangial,Lineage2,C1R,3,0.25,0.1165148093836144,8,7.828071142391974
Glomerular,endothelial_mesangial,Lineage2,C1R,4,0.35,0.0833919544884509,15,14.498697759948907
Glomerular,endothelial_mesangial,Lineage2,C1R,5,0.45,0.1626413562110183,56,37.22345151159875
Glomerular,endothelial_mesangial,Lineage2,C1R,6,0.55,0.1362242143206776,21,21.0
Glomerular,endothelial_mesangial,Lineage2,C1R,7,0.6500000000000001,0.0857678494470805,11,10.952273387833358
Glomerular,endothelial_mesangial,Lineage2,C1R,8,0.75,0.2581455889020251,15,15.0
Glomerular,endothelial_mesangial,Lineage2,C1R,9,0.8500000000000001,0.1253108623509223,11,10.507800541577003
Glomerular,endothelial_mesangial,Lineage2,C1R,10,0.95,0.164511285859766,3,3.0
Glomerular,endothelial_mesangial,Lineage3,C1R,1,0.05,0.0404134086570438,35,27.46777610508315
Glomerular,endothelial_mesangial,Lineage3,C1R,2,0.15,0.0964727942024233,26,19.29158406953158
Glomerular,endothelial_mesangial,Lineage3,C1R,3,0.25,0.1484442756737735,62,45.20052784423752
Glomerular,endothelial_mesangial,Lineage3,C1R,4,0.35,0.1536401692499192,28,23.465852899351027
Glomerular,endothelial_mesangial,Lineage3,C1R,5,0.45,0.1951436456339185,13,12.253402703634665
Glomerular,endothelial_mesangial,Lineage3,C1R,6,0.55,0.3395592584946137,7,7.0
Glomerular,endothelial_mesangial,Lineage3,C1R,7,0.6500000000000001,0.1427408363816319,7,7.0
Glomerular,endothelial_mesangial,Lineage3,C1R,8,0.75,0.075584416050836,6,6.0
Glomerular,endothelial_mesangial,Lineage3,C1R,9,0.8500000000000001,0.6040666881840446,5,5.0
Glomerular,endothelial_mesangial,Lineage3,C1R,10,0.95,0.2276367370431973,8,8.0
Glomerular,endothelial_mesangial,Lineage4,C1R,1,0.05,0.0427468707621651,21,15.981834425468282
Glomerular,endothelial_mesangial,Lineage4,C1R,2,0.15,0.0445364000115975,12,12.0
Glomerular,endothelial_mesangial,Lineage4,C1R,3,0.25,0.0736400464283574,10,10.0
Glomerular,endothelial_mesangial,Lineage4,C1R,4,0.35,0.0727428445760935,7,7.0
Glomerular,endothelial_mesangial,Lineage4,C1R,5,0.45,0.0470763806021498,9,9.0
Glomerular,endothelial_mesangial,Lineage4,C1R,6,0.55,0.0372679046004136,5,5.0
Glomerular,endothelial_mesangial,Lineage4,C1R,7,0.6500000000000001,0.0775580702401211,3,3.0
Glomerular,endothelial_mesangial,Lineage4,C1R,8,0.75,0.0,5,5.0
Glomerular,endothelial_mesangial,Lineage4,C1R,9,0.8500000000000001,0.0251096321265251,3,3.0
Glomerular,endothelial_mesangial,Lineage4,C1R,10,0.95,0.0320881666793404,3,3.0
Glomerular,endothelial_mesangial,Lineage1,C1S,1,0.05,0.2060853218001606,30,22.392261111916422
Glomerular,endothelial_mesangial,Lineage1,C1S,2,0.15,0.1915548006427949,21,16.770508313234288
Glomerular,endothelial_mesangial,Lineage1,C1S,3,0.25,0.2077051521966181,41,27.881478252189556
Glomerular,endothelial_mesangial,Lineage1,C1S,4,0.35,0.1809145205064636,35,28.01466208052067
Glomerular,endothelial_mesangial,Lineage1,C1S,5,0.45,0.1794843978741232,20,15.955623930152456
Glomerular,endothelial_mesangial,Lineage1,C1S,6,0.55,0.3391768244387033,18,18.0
Glomerular,endothelial_mesangial,Lineage1,C1S,7,0.6500000000000001,0.1964423492102754,11,11.0
Glomerular,endothelial_mesangial,Lineage1,C1S,8,0.75,0.3438144563586277,5,4.548367492966558
Glomerular,endothelial_mesangial,Lineage1,C1S,9,0.8500000000000001,0.3447830424899274,3,3.0
Glomerular,endothelial_mesangial,Lineage1,C1S,10,0.95,0.1872464368484916,3,3.0
Glomerular,endothelial_mesangial,Lineage2,C1S,1,0.05,0.2064201981587948,19,16.87220874561517
Glomerular,endothelial_mesangial,Lineage2,C1S,2,0.15,0.1840527193273584,15,12.590230489830642
Glomerular,endothelial_mesangial,Lineage2,C1S,3,0.25,0.1684315233796627,8,7.828071142391974
Glomerular,endothelial_mesangial,Lineage2,C1S,4,0.35,0.15406717087892,15,14.498697759948907
Glomerular,endothelial_mesangial,Lineage2,C1S,5,0.45,0.1967322914287386,56,37.22345151159875
Glomerular,endothelial_mesangial,Lineage2,C1S,6,0.55,0.1914807594763758,21,21.0
Glomerular,endothelial_mesangial,Lineage2,C1S,7,0.6500000000000001,0.2117613684630505,11,10.952273387833358
Glomerular,endothelial_mesangial,Lineage2,C1S,8,0.75,0.2670245325122049,15,15.0
Glomerular,endothelial_mesangial,Lineage2,C1S,9,0.8500000000000001,0.1666485517724304,11,10.507800541577003
Glomerular,endothelial_mesangial,Lineage2,C1S,10,0.95,0.2223244790601203,3,3.0
Glomerular,endothelial_mesangial,Lineage3,C1S,1,0.05,0.196803641303656,35,27.46777610508315
Glomerular,endothelial_mesangial,Lineage3,C1S,2,0.15,0.2035504297906789,26,19.29158406953158
Glomerular,endothelial_mesangial,Lineage3,C1S,3,0.25,0.194123750317613,62,45.20052784423752
Glomerular,endothelial_mesangial,Lineage3,C1S,4,0.35,0.1961166353854435,28,23.465852899351027
Glomerular,endothelial_mesangial,Lineage3,C1S,5,0.45,0.3330323080028652,13,12.253402703634665
Glomerular,endothelial_mesangial,Lineage3,C1S,6,0.55,0.3069052978770005,7,7.0
Glomerular,endothelial_mesangial,Lineage3,C1S,7,0.6500000000000001,0.2156194840447291,7,7.0
Glomerular,endothelial_mesangial,Lineage3,C1S,8,0.75,0.2434014422309207,6,6.0
Glomerular,endothelial_mesangial,Lineage3,C1S,9,0.8500000000000001,0.4939510098996628,5,5.0
Glomerular,endothelial_mesangial,Lineage3,C1S,10,0.95,0.1362107980422898,8,8.0
Glomerular,endothelial_mesangial,Lineage4,C1S,1,0.05,0.1920082911523052,21,15.981834425468282
Glomerular,endothelial_mesangial,Lineage4,C1S,2,0.15,0.2133303817725208,12,12.0
Glomerular,endothelial_mesangial,Lineage4,C1S,3,0.25,0.1783584052105032,10,10.0
Glomerular,endothelial_mesangial,Lineage4,C1S,4,0.35,0.1385459918084823,7,7.0
Glomerular,endothelial_mesangial,Lineage4,C1S,5,0.45,0.1849561664522392,9,9.0
Glomerular,endothelial_mesangial,Lineage4,C1S,6,0.55,0.1983717946173809,5,5.0
Glomerular,endothelial_mesangial,Lineage4,C1S,7,0.6500000000000001,0.1300814959293086,3,3.0
Glomerular,endothelial_mesangial,Lineage4,C1S,8,0.75,0.2021878811389572,5,5.0
Glomerular,endothelial_mesangial,Lineage4,C1S,9,0.8500000000000001,0.1838161217484964,3,3.0
Glomerular,endothelial_mesangial,Lineage4,C1S,10,0.95,0.1529904912647013,3,3.0
Glomerular,endothelial_mesangial,Lineage1,C2,1,0.05,0.0645976424473976,30,22.392261111916422
Glomerular,endothelial_mesangial,Lineage1,C2,2,0.15,0.0482575837437457,21,16.770508313234288
Glomerular,endothelial_mesangial,Lineage1,C2,3,0.25,0.0530510058375035,41,27.881478252189556
Glomerular,endothelial_mesangial,Lineage1,C2,4,0.35,0.0650183197363588,35,28.01466208052067
Glomerular,endothelial_mesangial,Lineage1,C2,5,0.45,0.0350841861581271,20,15.955623930152456
Glomerular,endothelial_mesangial,Lineage1,C2,6,0.55,0.0751843701399864,18,18.0
Glomerular,endothelial_mesangial,Lineage1,C2,7,0.6500000000000001,0.0869945048541102,11,11.0
Glomerular,endothelial_mesangial,Lineage1,C2,8,0.75,0.023224276816252,5,4.548367492966558
Glomerular,endothelial_mesangial,Lineage1,C2,9,0.8500000000000001,0.1413402100875503,3,3.0
Glomerular,endothelial_mesangial,Lineage1,C2,10,0.95,0.0523422243678069,3,3.0
Glomerular,endothelial_mesangial,Lineage2,C2,1,0.05,0.0668763456375581,19,16.87220874561517
Glomerular,endothelial_mesangial,Lineage2,C2,2,0.15,0.0692500970620149,15,12.590230489830642
Glomerular,endothelial_mesangial,Lineage2,C2,3,0.25,0.0206266113764463,8,7.828071142391974
Glomerular,endothelial_mesangial,Lineage2,C2,4,0.35,0.0404677547376385,15,14.498697759948907
Glomerular,endothelial_mesangial,Lineage2,C2,5,0.45,0.0720930433817341,56,37.22345151159875
Glomerular,endothelial_mesangial,Lineage2,C2,6,0.55,0.0519501371685429,21,21.0
Glomerular,endothelial_mesangial,Lineage2,C2,7,0.6500000000000001,0.0326033096456246,11,10.952273387833358
Glomerular,endothelial_mesangial,Lineage2,C2,8,0.75,0.0835754439889808,15,15.0
Glomerular,endothelial_mesangial,Lineage2,C2,9,0.8500000000000001,0.05834866388116,11,10.507800541577003
Glomerular,endothelial_mesangial,Lineage2,C2,10,0.95,0.047485527599307,3,3.0
Glomerular,endothelial_mesangial,Lineage3,C2,1,0.05,0.0711842226179607,35,27.46777610508315
Glomerular,endothelial_mesangial,Lineage3,C2,2,0.15,0.0507725990400441,26,19.29158406953158
Glomerular,endothelial_mesangial,Lineage3,C2,3,0.25,0.0557116305910474,62,45.20052784423752
Glomerular,endothelial_mesangial,Lineage3,C2,4,0.35,0.0592084616263246,28,23.465852899351027
Glomerular,endothelial_mesangial,Lineage3,C2,5,0.45,0.07303956192947,13,12.253402703634665
Glomerular,endothelial_mesangial,Lineage3,C2,6,0.55,0.1103643156406839,7,7.0
Glomerular,endothelial_mesangial,Lineage3,C2,7,0.6500000000000001,0.1331313966826803,7,7.0
Glomerular,endothelial_mesangial,Lineage3,C2,8,0.75,0.0911452297799085,6,6.0
Glomerular,endothelial_mesangial,Lineage3,C2,9,0.8500000000000001,0.0791826280269109,5,5.0
Glomerular,endothelial_mesangial,Lineage3,C2,10,0.95,0.0382089791748693,8,8.0
Glomerular,endothelial_mesangial,Lineage4,C2,1,0.05,0.0908604346005804,21,15.981834425468282
Glomerular,endothelial_mesangial,Lineage4,C2,2,0.15,0.034910344094612,12,12.0
Glomerular,endothelial_mesangial,Lineage4,C2,3,0.25,0.0644812406477978,10,10.0
Glomerular,endothelial_mesangial,Lineage4,C2,4,0.35,0.0308679814025349,7,7.0
Glomerular,endothelial_mesangial,Lineage4,C2,5,0.45,0.0630676715696141,9,9.0
Glomerular,endothelial_mesangial,Lineage4,C2,6,0.55,0.0198659566844867,5,5.0
Glomerular,endothelial_mesangial,Lineage4,C2,7,0.6500000000000001,0.0852864834242489,3,3.0
Glomerular,endothelial_mesangial,Lineage4,C2,8,0.75,0.1086289900724396,5,5.0
Glomerular,endothelial_mesangial,Lineage4,C2,9,0.8500000000000001,0.1309176009462233,3,3.0
Glomerular,endothelial_mesangial,Lineage4,C2,10,0.95,0.071298880730377,3,3.0
Glomerular,endothelial_mesangial,Lineage1,C4A,1,0.05,0.0013882140747048,30,22.392261111916422
Glomerular,endothelial_mesangial,Lineage1,C4A,2,0.15,0.0,21,16.770508313234288
Glomerular,endothelial_mesangial,Lineage1,C4A,3,0.25,0.0,41,27.881478252189556
Glomerular,endothelial_mesangial,Lineage1,C4A,4,0.35,0.0091387622067526,35,28.01466208052067
Glomerular,endothelial_mesangial,Lineage1,C4A,5,0.45,0.0,20,15.955623930152456
Glomerular,endothelial_mesangial,Lineage1,C4A,6,0.55,0.0,18,18.0
Glomerular,endothelial_mesangial,Lineage1,C4A,7,0.6500000000000001,0.0,11,11.0
Glomerular,endothelial_mesangial,Lineage1,C4A,8,0.75,0.0,5,4.548367492966558
Glomerular,endothelial_mesangial,Lineage1,C4A,9,0.8500000000000001,0.0,3,3.0
Glomerular,endothelial_mesangial,Lineage1,C4A,10,0.95,0.0,3,3.0
Glomerular,endothelial_mesangial,Lineage2,C4A,1,0.05,0.0,19,16.87220874561517
Glomerular,endothelial_mesangial,Lineage2,C4A,2,0.15,0.00169956519877,15,12.590230489830642
Glomerular,endothelial_mesangial,Lineage2,C4A,3,0.25,0.0,8,7.828071142391974
Glomerular,endothelial_mesangial,Lineage2,C4A,4,0.35,0.0,15,14.498697759948907
Glomerular,endothelial_mesangial,Lineage2,C4A,5,0.45,0.0068779042420779,56,37.22345151159875
Glomerular,endothelial_mesangial,Lineage2,C4A,6,0.55,0.0,21,21.0
Glomerular,endothelial_mesangial,Lineage2,C4A,7,0.6500000000000001,0.0,11,10.952273387833358
Glomerular,endothelial_mesangial,Lineage2,C4A,8,0.75,0.0130755232609799,15,15.0
Glomerular,endothelial_mesangial,Lineage2,C4A,9,0.8500000000000001,0.0,11,10.507800541577003
Glomerular,endothelial_mesangial,Lineage2,C4A,10,0.95,0.0,3,3.0
Glomerular,endothelial_mesangial,Lineage3,C4A,1,0.05,0.0011319878487189,35,27.46777610508315
Glomerular,endothelial_mesangial,Lineage3,C4A,2,0.15,0.0,26,19.29158406953158
Glomerular,endothelial_mesangial,Lineage3,C4A,3,0.25,0.0056640784359567,62,45.20052784423752
Glomerular,endothelial_mesangial,Lineage3,C4A,4,0.35,0.0,28,23.465852899351027
Glomerular,endothelial_mesangial,Lineage3,C4A,5,0.45,0.0,13,12.253402703634665
Glomerular,endothelial_mesangial,Lineage3,C4A,6,0.55,0.0,7,7.0
Glomerular,endothelial_mesangial,Lineage3,C4A,7,0.6500000000000001,0.0,7,7.0
Glomerular,endothelial_mesangial,Lineage3,C4A,8,0.75,0.0058728533657879,6,6.0
Glomerular,endothelial_mesangial,Lineage3,C4A,9,0.8500000000000001,0.0,5,5.0
Glomerular,endothelial_mesangial,Lineage3,C4A,10,0.95,0.0,8,8.0
Glomerular,endothelial_mesangial,Lineage4,C4A,1,0.05,0.0,21,15.981834425468282
Glomerular,endothelial_mesangial,Lineage4,C4A,2,0.15,0.0033373431182386,12,12.0
Glomerular,endothelial_mesangial,Lineage4,C4A,3,0.25,0.0,10,10.0
Glomerular,endothelial_mesangial,Lineage4,C4A,4,0.35,0.0,7,7.0
Glomerular,endothelial_mesangial,Lineage4,C4A,5,0.45,0.0042804534679958,9,9.0
Glomerular,endothelial_mesangial,Lineage4,C4A,6,0.55,0.0,5,5.0
Glomerular,endothelial_mesangial,Lineage4,C4A,7,0.6500000000000001,0.0,3,3.0
Glomerular,endothelial_mesangial,Lineage4,C4A,8,0.75,0.0,5,5.0
Glomerular,endothelial_mesangial,Lineage4,C4A,9,0.8500000000000001,0.0,3,3.0
Glomerular,endothelial_mesangial,Lineage4,C4A,10,0.95,0.0,3,3.0
Glomerular,endothelial_mesangial,Lineage1,C4B,1,0.05,0.0,30,22.392261111916422
Glomerular,endothelial_mesangial,Lineage1,C4B,2,0.15,0.0,21,16.770508313234288
Glomerular,endothelial_mesangial,Lineage1,C4B,3,0.25,0.0,41,27.881478252189556
Glomerular,endothelial_mesangial,Lineage1,C4B,4,0.35,0.0060598237055132,35,28.01466208052067
Glomerular,endothelial_mesangial,Lineage1,C4B,5,0.45,0.0025249602194584,20,15.955623930152456
Glomerular,endothelial_mesangial,Lineage1,C4B,6,0.55,0.0,18,18.0
Glomerular,endothelial_mesangial,Lineage1,C4B,7,0.6500000000000001,0.0,11,11.0
Glomerular,endothelial_mesangial,Lineage1,C4B,8,0.75,0.0,5,4.548367492966558
Glomerular,endothelial_mesangial,Lineage1,C4B,9,0.8500000000000001,0.0,3,3.0
Glomerular,endothelial_mesangial,Lineage1,C4B,10,0.95,0.0,3,3.0
Glomerular,endothelial_mesangial,Lineage2,C4B,1,0.05,0.0,19,16.87220874561517
Glomerular,endothelial_mesangial,Lineage2,C4B,2,0.15,0.0,15,12.590230489830642
Glomerular,endothelial_mesangial,Lineage2,C4B,3,0.25,0.0,8,7.828071142391974
Glomerular,endothelial_mesangial,Lineage2,C4B,4,0.35,0.0,15,14.498697759948907
Glomerular,endothelial_mesangial,Lineage2,C4B,5,0.45,0.0060757134703231,56,37.22345151159875
Glomerular,endothelial_mesangial,Lineage2,C4B,6,0.55,0.0,21,21.0
Glomerular,endothelial_mesangial,Lineage2,C4B,7,0.6500000000000001,0.0,11,10.952273387833358
Glomerular,endothelial_mesangial,Lineage2,C4B,8,0.75,0.0,15,15.0
Glomerular,endothelial_mesangial,Lineage2,C4B,9,0.8500000000000001,0.0054338387838064,11,10.507800541577003
Glomerular,endothelial_mesangial,Lineage2,C4B,10,0.95,0.0245876280122046,3,3.0
Glomerular,endothelial_mesangial,Lineage3,C4B,1,0.05,0.0,35,27.46777610508315
Glomerular,endothelial_mesangial,Lineage3,C4B,2,0.15,0.0,26,19.29158406953158
Glomerular,endothelial_mesangial,Lineage3,C4B,3,0.25,0.0047900260583535,62,45.20052784423752
Glomerular,endothelial_mesangial,Lineage3,C4B,4,0.35,0.0025943178743952,28,23.465852899351027
Glomerular,endothelial_mesangial,Lineage3,C4B,5,0.45,0.0,13,12.253402703634665
Glomerular,endothelial_mesangial,Lineage3,C4B,6,0.55,0.0,7,7.0
Glomerular,endothelial_mesangial,Lineage3,C4B,7,0.6500000000000001,0.0,7,7.0
Glomerular,endothelial_mesangial,Lineage3,C4B,8,0.75,0.0,6,6.0
Glomerular,endothelial_mesangial,Lineage3,C4B,9,0.8500000000000001,0.0,5,5.0
Glomerular,endothelial_mesangial,Lineage3,C4B,10,0.95,0.0,8,8.0
Glomerular,endothelial_mesangial,Lineage4,C4B,1,0.05,0.0,21,15.981834425468282
Glomerular,endothelial_mesangial,Lineage4,C4B,2,0.15,0.0,12,12.0
Glomerular,endothelial_mesangial,Lineage4,C4B,3,0.25,0.0122678623789278,10,10.0
Glomerular,endothelial_mesangial,Lineage4,C4B,4,0.35,0.0,7,7.0
Glomerular,endothelial_mesangial,Lineage4,C4B,5,0.45,0.0,9,9.0
Glomerular,endothelial_mesangial,Lineage4,C4B,6,0.55,0.0,5,5.0
Glomerular,endothelial_mesangial,Lineage4,C4B,7,0.6500000000000001,0.0,3,3.0
Glomerular,endothelial_mesangial,Lineage4,C4B,8,0.75,0.0,5,5.0
Glomerular,endothelial_mesangial,Lineage4,C4B,9,0.8500000000000001,0.0,3,3.0
Glomerular,endothelial_mesangial,Lineage4,C4B,10,0.95,0.0,3,3.0
Glomerular,endothelial_mesangial,Lineage1,C4BPA,1,0.05,0.0041631401336324,30,22.392261111916422
Glomerular,endothelial_mesangial,Lineage1,C4BPA,2,0.15,0.0,21,16.770508313234288
Glomerular,endothelial_mesangial,Lineage1,C4BPA,3,0.25,0.0059548756283311,41,27.881478252189556
Glomerular,endothelial_mesangial,Lineage1,C4BPA,4,0.35,0.0079553532881294,35,28.01466208052067
Glomerular,endothelial_mesangial,Lineage1,C4BPA,5,0.45,0.0,20,15.955623930152456
Glomerular,endothelial_mesangial,Lineage1,C4BPA,6,0.55,0.0122583485678564,18,18.0
Glomerular,endothelial_mesangial,Lineage1,C4BPA,7,0.6500000000000001,0.0,11,11.0
Glomerular,endothelial_mesangial,Lineage1,C4BPA,8,0.75,0.0028209299693218,5,4.548367492966558
Glomerular,endothelial_mesangial,Lineage1,C4BPA,9,0.8500000000000001,0.0,3,3.0
Glomerular,endothelial_mesangial,Lineage1,C4BPA,10,0.95,0.0,3,3.0
Glomerular,endothelial_mesangial,Lineage2,C4BPA,1,0.05,0.0,19,16.87220874561517
Glomerular,endothelial_mesangial,Lineage2,C4BPA,2,0.15,0.007368629891331,15,12.590230489830642
Glomerular,endothelial_mesangial,Lineage2,C4BPA,3,0.25,0.0029889688277797,8,7.828071142391974
Glomerular,endothelial_mesangial,Lineage2,C4BPA,4,0.35,0.0045522275641493,15,14.498697759948907
Glomerular,endothelial_mesangial,Lineage2,C4BPA,5,0.45,0.0108734065600297,56,37.22345151159875
Glomerular,endothelial_mesangial,Lineage2,C4BPA,6,0.55,0.0157158204916713,21,21.0
Glomerular,endothelial_mesangial,Lineage2,C4BPA,7,0.6500000000000001,0.0055781720367433,11,10.952273387833358
Glomerular,endothelial_mesangial,Lineage2,C4BPA,8,0.75,0.0108110211943985,15,15.0
Glomerular,endothelial_mesangial,Lineage2,C4BPA,9,0.8500000000000001,0.0,11,10.507800541577003
Glomerular,endothelial_mesangial,Lineage2,C4BPA,10,0.95,0.0306481309134573,3,3.0
Glomerular,endothelial_mesangial,Lineage3,C4BPA,1,0.05,0.0033774400011542,35,27.46777610508315
Glomerular,endothelial_mesangial,Lineage3,C4BPA,2,0.15,0.0011386477443304,26,19.29158406953158
Glomerular,endothelial_mesangial,Lineage3,C4BPA,3,0.25,0.0113752386309123,62,45.20052784423752
Glomerular,endothelial_mesangial,Lineage3,C4BPA,4,0.35,0.0141702751822603,28,23.465852899351027
Glomerular,endothelial_mesangial,Lineage3,C4BPA,5,0.45,0.008993709587027,13,12.253402703634665
Glomerular,endothelial_mesangial,Lineage3,C4BPA,6,0.55,0.0085709483000125,7,7.0
Glomerular,endothelial_mesangial,Lineage3,C4BPA,7,0.6500000000000001,0.0164933735952989,7,7.0
Glomerular,endothelial_mesangial,Lineage3,C4BPA,8,0.75,0.0,6,6.0
Glomerular,endothelial_mesangial,Lineage3,C4BPA,9,0.8500000000000001,0.0,5,5.0
Glomerular,endothelial_mesangial,Lineage3,C4BPA,10,0.95,0.0047921536923684,8,8.0
Glomerular,endothelial_mesangial,Lineage4,C4BPA,1,0.05,0.0,21,15.981834425468282
Glomerular,endothelial_mesangial,Lineage4,C4BPA,2,0.15,0.0099581514771714,12,12.0
Glomerular,endothelial_mesangial,Lineage4,C4BPA,3,0.25,0.0,10,10.0
Glomerular,endothelial_mesangial,Lineage4,C4BPA,4,0.35,0.0,7,7.0
Glomerular,endothelial_mesangial,Lineage4,C4BPA,5,0.45,0.0,9,9.0
Glomerular,endothelial_mesangial,Lineage4,C4BPA,6,0.55,0.0,5,5.0
Glomerular,endothelial_mesangial,Lineage4,C4BPA,7,0.6500000000000001,0.0,3,3.0
Glomerular,endothelial_mesangial,Lineage4,C4BPA,8,0.75,0.0,5,5.0
Glomerular,endothelial_mesangial,Lineage4,C4BPA,9,0.8500000000000001,0.0,3,3.0
Glomerular,endothelial_mesangial,Lineage4,C4BPA,10,0.95,0.0,3,3.0
Glomerular,endothelial_mesangial,Lineage1,C4BPB,1,0.05,0.0079434672563882,30,22.392261111916422
Glomerular,endothelial_mesangial,Lineage1,C4BPB,2,0.15,0.0,21,16.770508313234288
Glomerular,endothelial_mesangial,Lineage1,C4BPB,3,0.25,0.0023440332535242,41,27.881478252189556
Glomerular,endothelial_mesangial,Lineage1,C4BPB,4,0.35,0.0006289713982686,35,28.01466208052067
Glomerular,endothelial_mesangial,Lineage1,C4BPB,5,0.45,0.0,20,15.955623930152456
Glomerular,endothelial_mesangial,Lineage1,C4BPB,6,0.55,0.0148876698405762,18,18.0
Glomerular,endothelial_mesangial,Lineage1,C4BPB,7,0.6500000000000001,0.0,11,11.0
Glomerular,endothelial_mesangial,Lineage1,C4BPB,8,0.75,0.0,5,4.548367492966558
Glomerular,endothelial_mesangial,Lineage1,C4BPB,9,0.8500000000000001,0.0,3,3.0
Glomerular,endothelial_mesangial,Lineage1,C4BPB,10,0.95,0.0,3,3.0
Glomerular,endothelial_mesangial,Lineage2,C4BPB,1,0.05,0.0105835206538653,19,16.87220874561517
Glomerular,endothelial_mesangial,Lineage2,C4BPB,2,0.15,0.0,15,12.590230489830642
Glomerular,endothelial_mesangial,Lineage2,C4BPB,3,0.25,0.0,8,7.828071142391974
Glomerular,endothelial_mesangial,Lineage2,C4BPB,4,0.35,0.0,15,14.498697759948907
Glomerular,endothelial_mesangial,Lineage2,C4BPB,5,0.45,0.0012715841690509,56,37.22345151159875
Glomerular,endothelial_mesangial,Lineage2,C4BPB,6,0.55,0.0084247773327473,21,21.0
Glomerular,endothelial_mesangial,Lineage2,C4BPB,7,0.6500000000000001,0.0,11,10.952273387833358
Glomerular,endothelial_mesangial,Lineage2,C4BPB,8,0.75,0.0039492215970468,15,15.0
Glomerular,endothelial_mesangial,Lineage2,C4BPB,9,0.8500000000000001,0.0,11,10.507800541577003
Glomerular,endothelial_mesangial,Lineage2,C4BPB,10,0.95,0.0,3,3.0
Glomerular,endothelial_mesangial,Lineage3,C4BPB,1,0.05,0.0064883425819529,35,27.46777610508315
Glomerular,endothelial_mesangial,Lineage3,C4BPB,2,0.15,0.0,26,19.29158406953158
Glomerular,endothelial_mesangial,Lineage3,C4BPB,3,0.25,0.0013145936559023,62,45.20052784423752
Glomerular,endothelial_mesangial,Lineage3,C4BPB,4,0.35,0.0047438016465647,28,23.465852899351027
Glomerular,endothelial_mesangial,Lineage3,C4BPB,5,0.45,0.0,13,12.253402703634665
Glomerular,endothelial_mesangial,Lineage3,C4BPB,6,0.55,0.0,7,7.0
Glomerular,endothelial_mesangial,Lineage3,C4BPB,7,0.6500000000000001,0.0,7,7.0
Glomerular,endothelial_mesangial,Lineage3,C4BPB,8,0.75,0.0,6,6.0
Glomerular,endothelial_mesangial,Lineage3,C4BPB,9,0.8500000000000001,0.0,5,5.0
Glomerular,endothelial_mesangial,Lineage3,C4BPB,10,0.95,0.0,8,8.0
Glomerular,endothelial_mesangial,Lineage4,C4BPB,1,0.05,0.0109597804785796,21,15.981834425468282
Glomerular,endothelial_mesangial,Lineage4,C4BPB,2,0.15,0.0,12,12.0
Glomerular,endothelial_mesangial,Lineage4,C4BPB,3,0.25,0.0207058718281026,10,10.0
Glomerular,endothelial_mesangial,Lineage4,C4BPB,4,0.35,0.0104784000474781,7,7.0
Glomerular,endothelial_mesangial,Lineage4,C4BPB,5,0.45,0.0,9,9.0
Glomerular,endothelial_mesangial,Lineage4,C4BPB,6,0.55,0.0,5,5.0
Glomerular,endothelial_mesangial,Lineage4,C4BPB,7,0.6500000000000001,0.0,3,3.0
Glomerular,endothelial_mesangial,Lineage4,C4BPB,8,0.75,0.0,5,5.0
Glomerular,endothelial_mesangial,Lineage4,C4BPB,9,0.8500000000000001,0.0,3,3.0
Glomerular,endothelial_mesangial,Lineage4,C4BPB,10,0.95,0.0,3,3.0
Glomerular,endothelial_mesangial,Lineage1,MBL2,1,0.05,0.0,30,22.392261111916422
Glomerular,endothelial_mesangial,Lineage1,MBL2,2,0.15,0.0,21,16.770508313234288
Glomerular,endothelial_mesangial,Lineage1,MBL2,3,0.25,0.0,41,27.881478252189556
Glomerular,endothelial_mesangial,Lineage1,MBL2,4,0.35,0.0,35,28.01466208052067
Glomerular,endothelial_mesangial,Lineage1,MBL2,5,0.45,0.0,20,15.955623930152456
Glomerular,endothelial_mesangial,Lineage1,MBL2,6,0.55,0.0,18,18.0
Glomerular,endothelial_mesangial,Lineage1,MBL2,7,0.6500000000000001,0.0,11,11.0
Glomerular,endothelial_mesangial,Lineage1,MBL2,8,0.75,0.0,5,4.548367492966558
Glomerular,endothelial_mesangial,Lineage1,MBL2,9,0.8500000000000001,0.0,3,3.0
Glomerular,endothelial_mesangial,Lineage1,MBL2,10,0.95,0.0,3,3.0
Glomerular,endothelial_mesangial,Lineage2,MBL2,1,0.05,0.0,19,16.87220874561517
Glomerular,endothelial_mesangial,Lineage2,MBL2,2,0.15,0.0,15,12.590230489830642
Glomerular,endothelial_mesangial,Lineage2,MBL2,3,0.25,0.0,8,7.828071142391974
Glomerular,endothelial_mesangial,Lineage2,MBL2,4,0.35,0.0,15,14.498697759948907
Glomerular,endothelial_mesangial,Lineage2,MBL2,5,0.45,0.0,56,37.22345151159875
Glomerular,endothelial_mesangial,Lineage2,MBL2,6,0.55,0.0,21,21.0
Glomerular,endothelial_mesangial,Lineage2,MBL2,7,0.6500000000000001,0.0,11,10.952273387833358
Glomerular,endothelial_mesangial,Lineage2,MBL2,8,0.75,0.0,15,15.0
Glomerular,endothelial_mesangial,Lineage2,MBL2,9,0.8500000000000001,0.0,11,10.507800541577003
Glomerular,endothelial_mesangial,Lineage2,MBL2,10,0.95,0.0,3,3.0
Glomerular,endothelial_mesangial,Lineage3,MBL2,1,0.05,0.0,35,27.46777610508315
Glomerular,endothelial_mesangial,Lineage3,MBL2,2,0.15,0.0,26,19.29158406953158
Glomerular,endothelial_mesangial,Lineage3,MBL2,3,0.25,0.0,62,45.20052784423752
Glomerular,endothelial_mesangial,Lineage3,MBL2,4,0.35,0.0,28,23.465852899351027
Glomerular,endothelial_mesangial,Lineage3,MBL2,5,0.45,0.0,13,12.253402703634665
Glomerular,endothelial_mesangial,Lineage3,MBL2,6,0.55,0.0,7,7.0
Glomerular,endothelial_mesangial,Lineage3,MBL2,7,0.6500000000000001,0.0,7,7.0
Glomerular,endothelial_mesangial,Lineage3,MBL2,8,0.75,0.0,6,6.0
Glomerular,endothelial_mesangial,Lineage3,MBL2,9,0.8500000000000001,0.0,5,5.0
Glomerular,endothelial_mesangial,Lineage3,MBL2,10,0.95,0.0,8,8.0
Glomerular,endothelial_mesangial,Lineage4,MBL2,1,0.05,0.0,21,15.981834425468282
Glomerular,endothelial_mesangial,Lineage4,MBL2,2,0.15,0.0,12,12.0
Glomerular,endothelial_mesangial,Lineage4,MBL2,3,0.25,0.0,10,10.0
Glomerular,endothelial_mesangial,Lineage4,MBL2,4,0.35,0.0,7,7.0
Glomerular,endothelial_mesangial,Lineage4,MBL2,5,0.45,0.0,9,9.0
Glomerular,endothelial_mesangial,Lineage4,MBL2,6,0.55,0.0,5,5.0
Glomerular,endothelial_mesangial,Lineage4,MBL2,7,0.6500000000000001,0.0,3,3.0
Glomerular,endothelial_mesangial,Lineage4,MBL2,8,0.75,0.0,5,5.0
Glomerular,endothelial_mesangial,Lineage4,MBL2,9,0.8500000000000001,0.0,3,3.0
Glomerular,endothelial_mesangial,Lineage4,MBL2,10,0.95,0.0073519472535168,3,3.0
Glomerular,endothelial_mesangial,Lineage1,FCN1,1,0.05,0.0074512621372816,30,22.392261111916422
Glomerular,endothelial_mesangial,Lineage1,FCN1,2,0.15,0.0184396591942683,21,16.770508313234288
Glomerular,endothelial_mesangial,Lineage1,FCN1,3,0.25,0.0068139074914369,41,27.881478252189556
Glomerular,endothelial_mesangial,Lineage1,FCN1,4,0.35,0.0099875489717451,35,28.01466208052067
Glomerular,endothelial_mesangial,Lineage1,FCN1,5,0.45,0.0095113759832903,20,15.955623930152456
Glomerular,endothelial_mesangial,Lineage1,FCN1,6,0.55,0.0308038003746823,18,18.0
Glomerular,endothelial_mesangial,Lineage1,FCN1,7,0.6500000000000001,0.0,11,11.0
Glomerular,endothelial_mesangial,Lineage1,FCN1,8,0.75,0.0110517998235206,5,4.548367492966558
Glomerular,endothelial_mesangial,Lineage1,FCN1,9,0.8500000000000001,0.0,3,3.0
Glomerular,endothelial_mesangial,Lineage1,FCN1,10,0.95,0.0,3,3.0
Glomerular,endothelial_mesangial,Lineage2,FCN1,1,0.05,0.0102052426546362,19,16.87220874561517
Glomerular,endothelial_mesangial,Lineage2,FCN1,2,0.15,0.0166959366851719,15,12.590230489830642
Glomerular,endothelial_mesangial,Lineage2,FCN1,3,0.25,0.0085784072941216,8,7.828071142391974
Glomerular,endothelial_mesangial,Lineage2,FCN1,4,0.35,0.0132821972788272,15,14.498697759948907
Glomerular,endothelial_mesangial,Lineage2,FCN1,5,0.45,0.0100421477807703,56,37.22345151159875
Glomerular,endothelial_mesangial,Lineage2,FCN1,6,0.55,0.0,21,21.0
Glomerular,endothelial_mesangial,Lineage2,FCN1,7,0.6500000000000001,0.0,11,10.952273387833358
Glomerular,endothelial_mesangial,Lineage2,FCN1,8,0.75,0.0095829023397841,15,15.0
Glomerular,endothelial_mesangial,Lineage2,FCN1,9,0.8500000000000001,0.0041876674575805,11,10.507800541577003
Glomerular,endothelial_mesangial,Lineage2,FCN1,10,0.95,0.0,3,3.0
Glomerular,endothelial_mesangial,Lineage3,FCN1,1,0.05,0.0128625788045951,35,27.46777610508315
Glomerular,endothelial_mesangial,Lineage3,FCN1,2,0.15,0.0134809858697709,26,19.29158406953158
Glomerular,endothelial_mesangial,Lineage3,FCN1,3,0.25,0.0097167319152291,62,45.20052784423752
Glomerular,endothelial_mesangial,Lineage3,FCN1,4,0.35,0.0047005276552585,28,23.465852899351027
Glomerular,endothelial_mesangial,Lineage3,FCN1,5,0.45,0.008993709587027,13,12.253402703634665
Glomerular,endothelial_mesangial,Lineage3,FCN1,6,0.55,0.0,7,7.0
Glomerular,endothelial_mesangial,Lineage3,FCN1,7,0.6500000000000001,0.0261900653805276,7,7.0
Glomerular,endothelial_mesangial,Lineage3,FCN1,8,0.75,0.035860931145756,6,6.0
Glomerular,endothelial_mesangial,Lineage3,FCN1,9,0.8500000000000001,0.1702661585832146,5,5.0
Glomerular,endothelial_mesangial,Lineage3,FCN1,10,0.95,0.0047921536923684,8,8.0
Glomerular,endothelial_mesangial,Lineage4,FCN1,1,0.05,0.0213163644999177,21,15.981834425468282
Glomerular,endothelial_mesangial,Lineage4,FCN1,2,0.15,0.0,12,12.0
Glomerular,endothelial_mesangial,Lineage4,FCN1,3,0.25,0.0,10,10.0
Glomerular,endothelial_mesangial,Lineage4,FCN1,4,0.35,0.0117200114595264,7,7.0
Glomerular,endothelial_mesangial,Lineage4,FCN1,5,0.45,0.0,9,9.0
Glomerular,endothelial_mesangial,Lineage4,FCN1,6,0.55,0.0088416485111272,5,5.0
Glomerular,endothelial_mesangial,Lineage4,FCN1,7,0.6500000000000001,0.0,3,3.0
Glomerular,endothelial_mesangial,Lineage4,FCN1,8,0.75,0.0,5,5.0
Glomerular,endothelial_mesangial,Lineage4,FCN1,9,0.8500000000000001,0.0,3,3.0
Glomerular,endothelial_mesangial,Lineage4,FCN1,10,0.95,0.0,3,3.0
Glomerular,endothelial_mesangial,Lineage1,FCN2,1,0.05,0.0025826152174056,30,22.392261111916422
Glomerular,endothelial_mesangial,Lineage1,FCN2,2,0.15,0.0186426240600424,21,16.770508313234288
Glomerular,endothelial_mesangial,Lineage1,FCN2,3,0.25,0.0054157249442388,41,27.881478252189556
Glomerular,endothelial_mesangial,Lineage1,FCN2,4,0.35,0.0039262302428333,35,28.01466208052067
Glomerular,endothelial_mesangial,Lineage1,FCN2,5,0.45,0.0,20,15.955623930152456
Glomerular,endothelial_mesangial,Lineage1,FCN2,6,0.55,0.0,18,18.0
Glomerular,endothelial_mesangial,Lineage1,FCN2,7,0.6500000000000001,0.0,11,11.0
Glomerular,endothelial_mesangial,Lineage1,FCN2,8,0.75,0.0,5,4.548367492966558
Glomerular,endothelial_mesangial,Lineage1,FCN2,9,0.8500000000000001,0.0,3,3.0
Glomerular,endothelial_mesangial,Lineage1,FCN2,10,0.95,0.0,3,3.0
Glomerular,endothelial_mesangial,Lineage2,FCN2,1,0.05,0.003431896101756,19,16.87220874561517
Glomerular,endothelial_mesangial,Lineage2,FCN2,2,0.15,0.0,15,12.590230489830642
Glomerular,endothelial_mesangial,Lineage2,FCN2,3,0.25,0.0330724336823794,8,7.828071142391974
Glomerular,endothelial_mesangial,Lineage2,FCN2,4,0.35,0.0,15,14.498697759948907
Glomerular,endothelial_mesangial,Lineage2,FCN2,5,0.45,0.0029549117300157,56,37.22345151159875
Glomerular,endothelial_mesangial,Lineage2,FCN2,6,0.55,0.0056109655638429,21,21.0
Glomerular,endothelial_mesangial,Lineage2,FCN2,7,0.6500000000000001,0.0173998305102338,11,10.952273387833358
Glomerular,endothelial_mesangial,Lineage2,FCN2,8,0.75,0.0130827797534577,15,15.0
Glomerular,endothelial_mesangial,Lineage2,FCN2,9,0.8500000000000001,0.0061814319025494,11,10.507800541577003
Glomerular,endothelial_mesangial,Lineage2,FCN2,10,0.95,0.0,3,3.0
Glomerular,endothelial_mesangial,Lineage3,FCN2,1,0.05,0.0021027408221437,35,27.46777610508315
Glomerular,endothelial_mesangial,Lineage3,FCN2,2,0.15,0.0161438985963247,26,19.29158406953158
Glomerular,endothelial_mesangial,Lineage3,FCN2,3,0.25,0.0046290224265071,62,45.20052784423752
Glomerular,endothelial_mesangial,Lineage3,FCN2,4,0.35,0.0,28,23.465852899351027
Glomerular,endothelial_mesangial,Lineage3,FCN2,5,0.45,0.0043116927162378,13,12.253402703634665
Glomerular,endothelial_mesangial,Lineage3,FCN2,6,0.55,0.0,7,7.0
Glomerular,endothelial_mesangial,Lineage3,FCN2,7,0.6500000000000001,0.0,7,7.0
Glomerular,endothelial_mesangial,Lineage3,FCN2,8,0.75,0.0,6,6.0
Glomerular,endothelial_mesangial,Lineage3,FCN2,9,0.8500000000000001,0.0,5,5.0
Glomerular,endothelial_mesangial,Lineage3,FCN2,10,0.95,0.0,8,8.0
Glomerular,endothelial_mesangial,Lineage4,FCN2,1,0.05,0.0,21,15.981834425468282
Glomerular,endothelial_mesangial,Lineage4,FCN2,2,0.15,0.0068195158886876,12,12.0
Glomerular,endothelial_mesangial,Lineage4,FCN2,3,0.25,0.0341631065782944,10,10.0
Glomerular,endothelial_mesangial,Lineage4,FCN2,4,0.35,0.0,7,7.0
Glomerular,endothelial_mesangial,Lineage4,FCN2,5,0.45,0.0,9,9.0
Glomerular,endothelial_mesangial,Lineage4,FCN2,6,0.55,0.0088416485111272,5,5.0
Glomerular,endothelial_mesangial,Lineage4,FCN2,7,0.6500000000000001,0.0,3,3.0
Glomerular,endothelial_mesangial,Lineage4,FCN2,8,0.75,0.0,5,5.0
Glomerular,endothelial_mesangial,Lineage4,FCN2,9,0.8500000000000001,0.0,3,3.0
Glomerular,endothelial_mesangial,Lineage4,FCN2,10,0.95,0.0,3,3.0
Glomerular,endothelial_mesangial,Lineage1,FCN3,1,0.05,0.6401965233525581,30,22.392261111916422
Glomerular,endothelial_mesangial,Lineage1,FCN3,2,0.15,0.693792507671713,21,16.770508313234288
Glomerular,endothelial_mesangial,Lineage1,FCN3,3,0.25,0.6252842894012531,41,27.881478252189556
Glomerular,endothelial_mesangial,Lineage1,FCN3,4,0.35,0.6445400643322656,35,28.01466208052067
Glomerular,endothelial_mesangial,Lineage1,FCN3,5,0.45,0.5101042714390123,20,15.955623930152456
Glomerular,endothelial_mesangial,Lineage1,FCN3,6,0.55,0.1391607911619113,18,18.0
Glomerular,endothelial_mesangial,Lineage1,FCN3,7,0.6500000000000001,0.0691779781477792,11,11.0
Glomerular,endothelial_mesangial,Lineage1,FCN3,8,0.75,0.1496293323766835,5,4.548367492966558
Glomerular,endothelial_mesangial,Lineage1,FCN3,9,0.8500000000000001,0.0287817687345438,3,3.0
Glomerular,endothelial_mesangial,Lineage1,FCN3,10,0.95,0.0,3,3.0
Glomerular,endothelial_mesangial,Lineage2,FCN3,1,0.05,0.5152299625663004,19,16.87220874561517
Glomerular,endothelial_mesangial,Lineage2,FCN3,2,0.15,0.7309823860182365,15,12.590230489830642
Glomerular,endothelial_mesangial,Lineage2,FCN3,3,0.25,0.7156837137105652,8,7.828071142391974
Glomerular,endothelial_mesangial,Lineage2,FCN3,4,0.35,0.4566053685150892,15,14.498697759948907
Glomerular,endothelial_mesangial,Lineage2,FCN3,5,0.45,0.8474090388411799,56,37.22345151159875
Glomerular,endothelial_mesangial,Lineage2,FCN3,6,0.55,0.8857162321416748,21,21.0
Glomerular,endothelial_mesangial,Lineage2,FCN3,7,0.6500000000000001,0.7095224800646988,11,10.952273387833358
Glomerular,endothelial_mesangial,Lineage2,FCN3,8,0.75,1.5679999924228285,15,15.0
Glomerular,endothelial_mesangial,Lineage2,FCN3,9,0.8500000000000001,1.3836928402678212,11,10.507800541577003
Glomerular,endothelial_mesangial,Lineage2,FCN3,10,0.95,2.4098409718035665,3,3.0
Glomerular,endothelial_mesangial,Lineage3,FCN3,1,0.05,0.6330610428921084,35,27.46777610508315
Glomerular,endothelial_mesangial,Lineage3,FCN3,2,0.15,0.6593927323819198,26,19.29158406953158
Glomerular,endothelial_mesangial,Lineage3,FCN3,3,0.25,0.7219761194843725,62,45.20052784423752
Glomerular,endothelial_mesangial,Lineage3,FCN3,4,0.35,0.8784690884826469,28,23.465852899351027
Glomerular,endothelial_mesangial,Lineage3,FCN3,5,0.45,0.8286162331152385,13,12.253402703634665
Glomerular,endothelial_mesangial,Lineage3,FCN3,6,0.55,0.7504184011805677,7,7.0
Glomerular,endothelial_mesangial,Lineage3,FCN3,7,0.6500000000000001,0.7222634202223418,7,7.0
Glomerular,endothelial_mesangial,Lineage3,FCN3,8,0.75,0.2595885906722863,6,6.0
Glomerular,endothelial_mesangial,Lineage3,FCN3,9,0.8500000000000001,0.2168364768807695,5,5.0
Glomerular,endothelial_mesangial,Lineage3,FCN3,10,0.95,0.0523845144566468,8,8.0
Glomerular,endothelial_mesangial,Lineage4,FCN3,1,0.05,0.4897661873900412,21,15.981834425468282
Glomerular,endothelial_mesangial,Lineage4,FCN3,2,0.15,0.7279024033446322,12,12.0
Glomerular,endothelial_mesangial,Lineage4,FCN3,3,0.25,1.277440046508667,10,10.0
Glomerular,endothelial_mesangial,Lineage4,FCN3,4,0.35,0.756858816122744,7,7.0
Glomerular,endothelial_mesangial,Lineage4,FCN3,5,0.45,0.7974279211737313,9,9.0
Glomerular,endothelial_mesangial,Lineage4,FCN3,6,0.55,0.47065078502484,5,5.0
Glomerular,endothelial_mesangial,Lineage4,FCN3,7,0.6500000000000001,0.6919715246983102,3,3.0
Glomerular,endothelial_mesangial,Lineage4,FCN3,8,0.75,0.9204902467706356,5,5.0
Glomerular,endothelial_mesangial,Lineage4,FCN3,9,0.8500000000000001,0.5832452653603039,3,3.0
Glomerular,endothelial_mesangial,Lineage4,FCN3,10,0.95,0.1939004442773052,3,3.0
Glomerular,endothelial_mesangial,Lineage1,MASP1,1,0.05,0.0159373662250104,30,22.392261111916422
Glomerular,endothelial_mesangial,Lineage1,MASP1,2,0.15,0.030719073509677,21,16.770508313234288
Glomerular,endothelial_mesangial,Lineage1,MASP1,3,0.25,0.0233895702580365,41,27.881478252189556
Glomerular,endothelial_mesangial,Lineage1,MASP1,4,0.35,0.0585488208676975,35,28.01466208052067
Glomerular,endothelial_mesangial,Lineage1,MASP1,5,0.45,0.0612679714804391,20,15.955623930152456
Glomerular,endothelial_mesangial,Lineage1,MASP1,6,0.55,0.0031111998647124,18,18.0
Glomerular,endothelial_mesangial,Lineage1,MASP1,7,0.6500000000000001,0.0,11,11.0
Glomerular,endothelial_mesangial,Lineage1,MASP1,8,0.75,0.0082721809387258,5,4.548367492966558
Glomerular,endothelial_mesangial,Lineage1,MASP1,9,0.8500000000000001,0.0,3,3.0
Glomerular,endothelial_mesangial,Lineage1,MASP1,10,0.95,0.0,3,3.0
Glomerular,endothelial_mesangial,Lineage2,MASP1,1,0.05,0.0115334815128816,19,16.87220874561517
Glomerular,endothelial_mesangial,Lineage2,MASP1,2,0.15,0.0258577436495522,15,12.590230489830642
Glomerular,endothelial_mesangial,Lineage2,MASP1,3,0.25,0.0427842789746727,8,7.828071142391974
Glomerular,endothelial_mesangial,Lineage2,MASP1,4,0.35,0.0322475302233089,15,14.498697759948907
Glomerular,endothelial_mesangial,Lineage2,MASP1,5,0.45,0.0493552681140525,56,37.22345151159875
Glomerular,endothelial_mesangial,Lineage2,MASP1,6,0.55,0.0381621544300314,21,21.0
Glomerular,endothelial_mesangial,Lineage2,MASP1,7,0.6500000000000001,0.0,11,10.952273387833358
Glomerular,endothelial_mesangial,Lineage2,MASP1,8,0.75,0.0353097332534242,15,15.0
Glomerular,endothelial_mesangial,Lineage2,MASP1,9,0.8500000000000001,0.0424349074768985,11,10.507800541577003
Glomerular,endothelial_mesangial,Lineage2,MASP1,10,0.95,0.0689110847863,3,3.0
Glomerular,endothelial_mesangial,Lineage3,MASP1,1,0.05,0.0129791475732933,35,27.46777610508315
Glomerular,endothelial_mesangial,Lineage3,MASP1,2,0.15,0.0288239741768421,26,19.29158406953158
Glomerular,endothelial_mesangial,Lineage3,MASP1,3,0.25,0.042301630038629,62,45.20052784423752
Glomerular,endothelial_mesangial,Lineage3,MASP1,4,0.35,0.0533838099058237,28,23.465852899351027
Glomerular,endothelial_mesangial,Lineage3,MASP1,5,0.45,0.0413059848222885,13,12.253402703634665
Glomerular,endothelial_mesangial,Lineage3,MASP1,6,0.55,0.0167759017936809,7,7.0
Glomerular,endothelial_mesangial,Lineage3,MASP1,7,0.6500000000000001,0.1512565958617865,7,7.0
Glomerular,endothelial_mesangial,Lineage3,MASP1,8,0.75,0.0835110882436423,6,6.0
Glomerular,endothelial_mesangial,Lineage3,MASP1,9,0.8500000000000001,0.0651225203255196,5,5.0
Glomerular,endothelial_mesangial,Lineage3,MASP1,10,0.95,0.0130608873166505,8,8.0
Glomerular,endothelial_mesangial,Lineage4,MASP1,1,0.05,0.0080658941977565,21,15.981834425468282
Glomerular,endothelial_mesangial,Lineage4,MASP1,2,0.15,0.0238078713351772,12,12.0
Glomerular,endothelial_mesangial,Lineage4,MASP1,3,0.25,0.0236397886729513,10,10.0
Glomerular,endothelial_mesangial,Lineage4,MASP1,4,0.35,0.0,7,7.0
Glomerular,endothelial_mesangial,Lineage4,MASP1,5,0.45,0.0172898292395384,9,9.0
Glomerular,endothelial_mesangial,Lineage4,MASP1,6,0.55,0.019100047909408,5,5.0
Glomerular,endothelial_mesangial,Lineage4,MASP1,7,0.6500000000000001,0.0,3,3.0
Glomerular,endothelial_mesangial,Lineage4,MASP1,8,0.75,0.0,5,5.0
Glomerular,endothelial_mesangial,Lineage4,MASP1,9,0.8500000000000001,0.058946770557597,3,3.0
Glomerular,endothelial_mesangial,Lineage4,MASP1,10,0.95,0.0996613688265032,3,3.0
Glomerular,endothelial_mesangial,Lineage1,MASP2,1,0.05,0.000582969985597,30,22.392261111916422
Glomerular,endothelial_mesangial,Lineage1,MASP2,2,0.15,0.0060606692119169,21,16.770508313234288
Glomerular,endothelial_mesangial,Lineage1,MASP2,3,0.25,0.0061547408903555,41,27.881478252189556
Glomerular,endothelial_mesangial,Lineage1,MASP2,4,0.35,0.004056732711749,35,28.01466208052067
Glomerular,endothelial_mesangial,Lineage1,MASP2,5,0.45,0.0108515788026901,20,15.955623930152456
Glomerular,endothelial_mesangial,Lineage1,MASP2,6,0.55,0.0190445187026004,18,18.0
Glomerular,endothelial_mesangial,Lineage1,MASP2,7,0.6500000000000001,0.0112144517312409,11,11.0
Glomerular,endothelial_mesangial,Lineage1,MASP2,8,0.75,0.0028209299693218,5,4.548367492966558
Glomerular,endothelial_mesangial,Lineage1,MASP2,9,0.8500000000000001,0.0,3,3.0
Glomerular,endothelial_mesangial,Lineage1,MASP2,10,0.95,0.0,3,3.0
Glomerular,endothelial_mesangial,Lineage2,MASP2,1,0.05,0.0,19,16.87220874561517
Glomerular,endothelial_mesangial,Lineage2,MASP2,2,0.15,0.0,15,12.590230489830642
Glomerular,endothelial_mesangial,Lineage2,MASP2,3,0.25,0.0148506370002126,8,7.828071142391974
Glomerular,endothelial_mesangial,Lineage2,MASP2,4,0.35,0.0,15,14.498697759948907
Glomerular,endothelial_mesangial,Lineage2,MASP2,5,0.45,0.0049900333718336,56,37.22345151159875
Glomerular,endothelial_mesangial,Lineage2,MASP2,6,0.55,0.0162134113292285,21,21.0
Glomerular,endothelial_mesangial,Lineage2,MASP2,7,0.6500000000000001,0.0143453154530478,11,10.952273387833358
Glomerular,endothelial_mesangial,Lineage2,MASP2,8,0.75,0.0,15,15.0
Glomerular,endothelial_mesangial,Lineage2,MASP2,9,0.8500000000000001,0.0061528894270043,11,10.507800541577003
Glomerular,endothelial_mesangial,Lineage2,MASP2,10,0.95,0.0,3,3.0
Glomerular,endothelial_mesangial,Lineage3,MASP2,1,0.05,0.0004582182261365,35,27.46777610508315
Glomerular,endothelial_mesangial,Lineage3,MASP2,2,0.15,0.0068491166047843,26,19.29158406953158
Glomerular,endothelial_mesangial,Lineage3,MASP2,3,0.25,0.0064916825959936,62,45.20052784423752
Glomerular,endothelial_mesangial,Lineage3,MASP2,4,0.35,0.0215109634259222,28,23.465852899351027
Glomerular,endothelial_mesangial,Lineage3,MASP2,5,0.45,0.0043116927162378,13,12.253402703634665
Glomerular,endothelial_mesangial,Lineage3,MASP2,6,0.55,0.0,7,7.0
Glomerular,endothelial_mesangial,Lineage3,MASP2,7,0.6500000000000001,0.0,7,7.0
Glomerular,endothelial_mesangial,Lineage3,MASP2,8,0.75,0.0,6,6.0
Glomerular,endothelial_mesangial,Lineage3,MASP2,9,0.8500000000000001,0.0,5,5.0
Glomerular,endothelial_mesangial,Lineage3,MASP2,10,0.95,0.0,8,8.0
Glomerular,endothelial_mesangial,Lineage4,MASP2,1,0.05,0.0,21,15.981834425468282
Glomerular,endothelial_mesangial,Lineage4,MASP2,2,0.15,0.0,12,12.0
Glomerular,endothelial_mesangial,Lineage4,MASP2,3,0.25,0.0032394748950246,10,10.0
Glomerular,endothelial_mesangial,Lineage4,MASP2,4,0.35,0.0046257082278506,7,7.0
Glomerular,endothelial_mesangial,Lineage4,MASP2,5,0.45,0.0,9,9.0
Glomerular,endothelial_mesangial,Lineage4,MASP2,6,0.55,0.0,5,5.0
Glomerular,endothelial_mesangial,Lineage4,MASP2,7,0.6500000000000001,0.0447950125050597,3,3.0
Glomerular,endothelial_mesangial,Lineage4,MASP2,8,0.75,0.0103089038218768,5,5.0
Glomerular,endothelial_mesangial,Lineage4,MASP2,9,0.8500000000000001,0.0,3,3.0
Glomerular,endothelial_mesangial,Lineage4,MASP2,10,0.95,0.0073519472535168,3,3.0
Glomerular,endothelial_mesangial,Lineage1,C3,1,0.05,0.0236204248015425,30,22.392261111916422
Glomerular,endothelial_mesangial,Lineage1,C3,2,0.15,0.0304850342989443,21,16.770508313234288
Glomerular,endothelial_mesangial,Lineage1,C3,3,0.25,0.0752097603259601,41,27.881478252189556
Glomerular,endothelial_mesangial,Lineage1,C3,4,0.35,0.0840360191524195,35,28.01466208052067
Glomerular,endothelial_mesangial,Lineage1,C3,5,0.45,0.0711056930653852,20,15.955623930152456
Glomerular,endothelial_mesangial,Lineage1,C3,6,0.55,0.162926260919834,18,18.0
Glomerular,endothelial_mesangial,Lineage1,C3,7,0.6500000000000001,0.0230353879146383,11,11.0
Glomerular,endothelial_mesangial,Lineage1,C3,8,0.75,0.0227967665578021,5,4.548367492966558
Glomerular,endothelial_mesangial,Lineage1,C3,9,0.8500000000000001,0.0,3,3.0
Glomerular,endothelial_mesangial,Lineage1,C3,10,0.95,0.0,3,3.0
Glomerular,endothelial_mesangial,Lineage2,C3,1,0.05,0.0229330627483404,19,16.87220874561517
Glomerular,endothelial_mesangial,Lineage2,C3,2,0.15,0.0319747717514568,15,12.590230489830642
Glomerular,endothelial_mesangial,Lineage2,C3,3,0.25,0.0166168255433577,8,7.828071142391974
Glomerular,endothelial_mesangial,Lineage2,C3,4,0.35,0.0560613820894979,15,14.498697759948907
Glomerular,endothelial_mesangial,Lineage2,C3,5,0.45,0.1059673995902693,56,37.22345151159875
Glomerular,endothelial_mesangial,Lineage2,C3,6,0.55,0.0425103406521585,21,21.0
Glomerular,endothelial_mesangial,Lineage2,C3,7,0.6500000000000001,0.0753168998613942,11,10.952273387833358
Glomerular,endothelial_mesangial,Lineage2,C3,8,0.75,0.1198351475559582,15,15.0
Glomerular,endothelial_mesangial,Lineage2,C3,9,0.8500000000000001,0.0792555601251886,11,10.507800541577003
Glomerular,endothelial_mesangial,Lineage2,C3,10,0.95,0.1105600431127373,3,3.0
Glomerular,endothelial_mesangial,Lineage3,C3,1,0.05,0.0275314507125487,35,27.46777610508315
Glomerular,endothelial_mesangial,Lineage3,C3,2,0.15,0.02900088570258,26,19.29158406953158
Glomerular,endothelial_mesangial,Lineage3,C3,3,0.25,0.1051682498869933,62,45.20052784423752
Glomerular,endothelial_mesangial,Lineage3,C3,4,0.35,0.0098977973323733,28,23.465852899351027
Glomerular,endothelial_mesangial,Lineage3,C3,5,0.45,0.0885347866678342,13,12.253402703634665
Glomerular,endothelial_mesangial,Lineage3,C3,6,0.55,0.1294785784789587,7,7.0
Glomerular,endothelial_mesangial,Lineage3,C3,7,0.6500000000000001,0.0522079371840393,7,7.0
Glomerular,endothelial_mesangial,Lineage3,C3,8,0.75,0.0378749933126254,6,6.0
Glomerular,endothelial_mesangial,Lineage3,C3,9,0.8500000000000001,0.1933072306126093,5,5.0
Glomerular,endothelial_mesangial,Lineage3,C3,10,0.95,0.3026007509211436,8,8.0
Glomerular,endothelial_mesangial,Lineage4,C3,1,0.05,0.0232859944654357,21,15.981834425468282
Glomerular,endothelial_mesangial,Lineage4,C3,2,0.15,0.0275400775931888,12,12.0
Glomerular,endothelial_mesangial,Lineage4,C3,3,0.25,0.0295997341225785,10,10.0
Glomerular,endothelial_mesangial,Lineage4,C3,4,0.35,0.0210393234450622,7,7.0
Glomerular,endothelial_mesangial,Lineage4,C3,5,0.45,0.0818095903619798,9,9.0
Glomerular,endothelial_mesangial,Lineage4,C3,6,0.55,0.0401287699038434,5,5.0
Glomerular,endothelial_mesangial,Lineage4,C3,7,0.6500000000000001,0.0525234256891875,3,3.0
Glomerular,endothelial_mesangial,Lineage4,C3,8,0.75,0.0298223665185897,5,5.0
Glomerular,endothelial_mesangial,Lineage4,C3,9,0.8500000000000001,0.0251096321265251,3,3.0
Glomerular,endothelial_mesangial,Lineage4,C3,10,0.95,0.0,3,3.0
Glomerular,endothelial_mesangial,Lineage1,CFB,1,0.05,0.0385635426241926,30,22.392261111916422
Glomerular,endothelial_mesangial,Lineage1,CFB,2,0.15,0.0672632517701239,21,16.770508313234288
Glomerular,endothelial_mesangial,Lineage1,CFB,3,0.25,0.0502281354956666,41,27.881478252189556
Glomerular,endothelial_mesangial,Lineage1,CFB,4,0.35,0.0827082107909579,35,28.01466208052067
Glomerular,endothelial_mesangial,Lineage1,CFB,5,0.45,0.0478366528867262,20,15.955623930152456
Glomerular,endothelial_mesangial,Lineage1,CFB,6,0.55,0.0714107425029024,18,18.0
Glomerular,endothelial_mesangial,Lineage1,CFB,7,0.6500000000000001,0.0112144517312409,11,11.0
Glomerular,endothelial_mesangial,Lineage1,CFB,8,0.75,0.0621443325947639,5,4.548367492966558
Glomerular,endothelial_mesangial,Lineage1,CFB,9,0.8500000000000001,0.0287817687345438,3,3.0
Glomerular,endothelial_mesangial,Lineage1,CFB,10,0.95,0.0583853093438535,3,3.0
Glomerular,endothelial_mesangial,Lineage2,CFB,1,0.05,0.0461946546188011,19,16.87220874561517
Glomerular,endothelial_mesangial,Lineage2,CFB,2,0.15,0.0574665259724189,15,12.590230489830642
Glomerular,endothelial_mesangial,Lineage2,CFB,3,0.25,0.0250118568925299,8,7.828071142391974
Glomerular,endothelial_mesangial,Lineage2,CFB,4,0.35,0.03305743686447,15,14.498697759948907
Glomerular,endothelial_mesangial,Lineage2,CFB,5,0.45,0.0793423329159542,56,37.22345151159875
Glomerular,endothelial_mesangial,Lineage2,CFB,6,0.55,0.048309825193895,21,21.0
Glomerular,endothelial_mesangial,Lineage2,CFB,7,0.6500000000000001,0.0975533628861402,11,10.952273387833358
Glomerular,endothelial_mesangial,Lineage2,CFB,8,0.75,0.1192944457838867,15,15.0
Glomerular,endothelial_mesangial,Lineage2,CFB,9,0.8500000000000001,0.0842496490226117,11,10.507800541577003
Glomerular,endothelial_mesangial,Lineage2,CFB,10,0.95,0.1465755023727617,3,3.0
Glomerular,endothelial_mesangial,Lineage3,CFB,1,0.05,0.044052576463926,35,27.46777610508315
Glomerular,endothelial_mesangial,Lineage3,CFB,2,0.15,0.0507620482516755,26,19.29158406953158
Glomerular,endothelial_mesangial,Lineage3,CFB,3,0.25,0.081890248531103,62,45.20052784423752
Glomerular,endothelial_mesangial,Lineage3,CFB,4,0.35,0.0429388327994912,28,23.465852899351027
Glomerular,endothelial_mesangial,Lineage3,CFB,5,0.45,0.1084210671725639,13,12.253402703634665
Glomerular,endothelial_mesangial,Lineage3,CFB,6,0.55,0.039113619172407,7,7.0
Glomerular,endothelial_mesangial,Lineage3,CFB,7,0.6500000000000001,0.0966418605686325,7,7.0
Glomerular,endothelial_mesangial,Lineage3,CFB,8,0.75,0.0170319703596534,6,6.0
Glomerular,endothelial_mesangial,Lineage3,CFB,9,0.8500000000000001,0.0118521595590528,5,5.0
Glomerular,endothelial_mesangial,Lineage3,CFB,10,0.95,0.1887518652027517,8,8.0
Glomerular,endothelial_mesangial,Lineage4,CFB,1,0.05,0.0466362550504732,21,15.981834425468282
Glomerular,endothelial_mesangial,Lineage4,CFB,2,0.15,0.043379061520442,12,12.0
Glomerular,endothelial_mesangial,Lineage4,CFB,3,0.25,0.0348335719241259,10,10.0
Glomerular,endothelial_mesangial,Lineage4,CFB,4,0.35,0.0449878203398702,7,7.0
Glomerular,endothelial_mesangial,Lineage4,CFB,5,0.45,0.0520753446641663,9,9.0
Glomerular,endothelial_mesangial,Lineage4,CFB,6,0.55,0.0685732991771092,5,5.0
Glomerular,endothelial_mesangial,Lineage4,CFB,7,0.6500000000000001,0.0447950125050597,3,3.0
Glomerular,endothelial_mesangial,Lineage4,CFB,8,0.75,0.0148309409830366,5,5.0
Glomerular,endothelial_mesangial,Lineage4,CFB,9,0.8500000000000001,0.0,3,3.0
Glomerular,endothelial_mesangial,Lineage4,CFB,10,0.95,0.0125975122893469,3,3.0
Glomerular,endothelial_mesangial,Lineage1,CFD,1,0.05,0.0,30,22.392261111916422
Glomerular,endothelial_mesangial,Lineage1,CFD,2,0.15,0.0060161517028275,21,16.770508313234288
Glomerular,endothelial_mesangial,Lineage1,CFD,3,0.25,0.0169073987454589,41,27.881478252189556
Glomerular,endothelial_mesangial,Lineage1,CFD,4,0.35,0.0161757165849235,35,28.01466208052067
Glomerular,endothelial_mesangial,Lineage1,CFD,5,0.45,0.0136625881597995,20,15.955623930152456
Glomerular,endothelial_mesangial,Lineage1,CFD,6,0.55,0.0245806962873863,18,18.0
Glomerular,endothelial_mesangial,Lineage1,CFD,7,0.6500000000000001,0.0452776973936851,11,11.0
Glomerular,endothelial_mesangial,Lineage1,CFD,8,0.75,0.0,5,4.548367492966558
Glomerular,endothelial_mesangial,Lineage1,CFD,9,0.8500000000000001,0.0,3,3.0
Glomerular,endothelial_mesangial,Lineage1,CFD,10,0.95,0.0,3,3.0
Glomerular,endothelial_mesangial,Lineage2,CFD,1,0.05,0.0,19,16.87220874561517
Glomerular,endothelial_mesangial,Lineage2,CFD,2,0.15,0.0069945521250489,15,12.590230489830642
Glomerular,endothelial_mesangial,Lineage2,CFD,3,0.25,0.0,8,7.828071142391974
Glomerular,endothelial_mesangial,Lineage2,CFD,4,0.35,0.0155424809095477,15,14.498697759948907
Glomerular,endothelial_mesangial,Lineage2,CFD,5,0.45,0.0209009022288202,56,37.22345151159875
Glomerular,endothelial_mesangial,Lineage2,CFD,6,0.55,0.0331621730487629,21,21.0
Glomerular,endothelial_mesangial,Lineage2,CFD,7,0.6500000000000001,0.0,11,10.952273387833358
Glomerular,endothelial_mesangial,Lineage2,CFD,8,0.75,0.0547792920760634,15,15.0
Glomerular,endothelial_mesangial,Lineage2,CFD,9,0.8500000000000001,0.0627088653270373,11,10.507800541577003
Glomerular,endothelial_mesangial,Lineage2,CFD,10,0.95,0.2368746407243471,3,3.0
Glomerular,endothelial_mesangial,Lineage3,CFD,1,0.05,0.0,35,27.46777610508315
Glomerular,endothelial_mesangial,Lineage3,CFD,2,0.15,0.0112739151012193,26,19.29158406953158
Glomerular,endothelial_mesangial,Lineage3,CFD,3,0.25,0.0183767641422101,62,45.20052784423752
Glomerular,endothelial_mesangial,Lineage3,CFD,4,0.35,0.0123888967758717,28,23.465852899351027
Glomerular,endothelial_mesangial,Lineage3,CFD,5,0.45,0.0237294516039524,13,12.253402703634665
Glomerular,endothelial_mesangial,Lineage3,CFD,6,0.55,0.0,7,7.0
Glomerular,endothelial_mesangial,Lineage3,CFD,7,0.6500000000000001,0.0742094131537076,7,7.0
Glomerular,endothelial_mesangial,Lineage3,CFD,8,0.75,0.0058728533657879,6,6.0
Glomerular,endothelial_mesangial,Lineage3,CFD,9,0.8500000000000001,0.5440591743932253,5,5.0
Glomerular,endothelial_mesangial,Lineage3,CFD,10,0.95,0.0047921536923684,8,8.0
Glomerular,endothelial_mesangial,Lineage4,CFD,1,0.05,0.0026977225800452,21,15.981834425468282
Glomerular,endothelial_mesangial,Lineage4,CFD,2,0.15,0.0,12,12.0
Glomerular,endothelial_mesangial,Lineage4,CFD,3,0.25,0.0,10,10.0
Glomerular,endothelial_mesangial,Lineage4,CFD,4,0.35,0.0,7,7.0
Glomerular,endothelial_mesangial,Lineage4,CFD,5,0.45,0.0113065774928957,9,9.0
Glomerular,endothelial_mesangial,Lineage4,CFD,6,0.55,0.0088416485111272,5,5.0
Glomerular,endothelial_mesangial,Lineage4,CFD,7,0.6500000000000001,0.0,3,3.0
Glomerular,endothelial_mesangial,Lineage4,CFD,8,0.75,0.0,5,5.0
Glomerular,endothelial_mesangial,Lineage4,CFD,9,0.8500000000000001,0.0,3,3.0
Glomerular,endothelial_mesangial,Lineage4,CFD,10,0.95,0.0,3,3.0
Glomerular,endothelial_mesangial,Lineage1,CFP,1,0.05,0.0,30,22.392261111916422
Glomerular,endothelial_mesangial,Lineage1,CFP,2,0.15,0.0,21,16.770508313234288
Glomerular,endothelial_mesangial,Lineage1,CFP,3,0.25,0.0093482044419229,41,27.881478252189556
Glomerular,endothelial_mesangial,Lineage1,CFP,4,0.35,0.006678126450489,35,28.01466208052067
Glomerular,endothelial_mesangial,Lineage1,CFP,5,0.45,0.0042406887969482,20,15.955623930152456
Glomerular,endothelial_mesangial,Lineage1,CFP,6,0.55,0.0047396319795766,18,18.0
Glomerular,endothelial_mesangial,Lineage1,CFP,7,0.6500000000000001,0.0160041718663559,11,11.0
Glomerular,endothelial_mesangial,Lineage1,CFP,8,0.75,0.017773025846848,5,4.548367492966558
Glomerular,endothelial_mesangial,Lineage1,CFP,9,0.8500000000000001,0.0,3,3.0
Glomerular,endothelial_mesangial,Lineage1,CFP,10,0.95,0.0,3,3.0
Glomerular,endothelial_mesangial,Lineage2,CFP,1,0.05,0.0,19,16.87220874561517
Glomerular,endothelial_mesangial,Lineage2,CFP,2,0.15,0.0,15,12.590230489830642
Glomerular,endothelial_mesangial,Lineage2,CFP,3,0.25,0.0029889688277797,8,7.828071142391974
Glomerular,endothelial_mesangial,Lineage2,CFP,4,0.35,0.0045522275641493,15,14.498697759948907
Glomerular,endothelial_mesangial,Lineage2,CFP,5,0.45,0.0065990304748329,56,37.22345151159875
Glomerular,endothelial_mesangial,Lineage2,CFP,6,0.55,0.014217049766786,21,21.0
Glomerular,endothelial_mesangial,Lineage2,CFP,7,0.6500000000000001,0.0,11,10.952273387833358
Glomerular,endothelial_mesangial,Lineage2,CFP,8,0.75,0.0,15,15.0
Glomerular,endothelial_mesangial,Lineage2,CFP,9,0.8500000000000001,0.0054338387838064,11,10.507800541577003
Glomerular,endothelial_mesangial,Lineage2,CFP,10,0.95,0.0,3,3.0
Glomerular,endothelial_mesangial,Lineage3,CFP,1,0.05,0.0,35,27.46777610508315
Glomerular,endothelial_mesangial,Lineage3,CFP,2,0.15,0.0011386477443304,26,19.29158406953158
Glomerular,endothelial_mesangial,Lineage3,CFP,3,0.25,0.0078691212899975,62,45.20052784423752
Glomerular,endothelial_mesangial,Lineage3,CFP,4,0.35,0.0120350982970827,28,23.465852899351027
Glomerular,endothelial_mesangial,Lineage3,CFP,5,0.45,0.0043116927162378,13,12.253402703634665
Glomerular,endothelial_mesangial,Lineage3,CFP,6,0.55,0.0,7,7.0
Glomerular,endothelial_mesangial,Lineage3,CFP,7,0.6500000000000001,0.0,7,7.0
Glomerular,endothelial_mesangial,Lineage3,CFP,8,0.75,0.0,6,6.0
Glomerular,endothelial_mesangial,Lineage3,CFP,9,0.8500000000000001,0.0,5,5.0
Glomerular,endothelial_mesangial,Lineage3,CFP,10,0.95,0.0,8,8.0
Glomerular,endothelial_mesangial,Lineage4,CFP,1,0.05,0.0,21,15.981834425468282
Glomerular,endothelial_mesangial,Lineage4,CFP,2,0.15,0.0,12,12.0
Glomerular,endothelial_mesangial,Lineage4,CFP,3,0.25,0.0,10,10.0
Glomerular,endothelial_mesangial,Lineage4,CFP,4,0.35,0.0,7,7.0
Glomerular,endothelial_mesangial,Lineage4,CFP,5,0.45,0.0,9,9.0
Glomerular,endothelial_mesangial,Lineage4,CFP,6,0.55,0.0,5,5.0
Glomerular,endothelial_mesangial,Lineage4,CFP,7,0.6500000000000001,0.0,3,3.0
Glomerular,endothelial_mesangial,Lineage4,CFP,8,0.75,0.0,5,5.0
Glomerular,endothelial_mesangial,Lineage4,CFP,9,0.8500000000000001,0.0,3,3.0
Glomerular,endothelial_mesangial,Lineage4,CFP,10,0.95,0.0,3,3.0
Glomerular,endothelial_mesangial,Lineage1,C5,1,0.05,0.0476029344705803,30,22.392261111916422
Glomerular,endothelial_mesangial,Lineage1,C5,2,0.15,0.0575869957032691,21,16.770508313234288
Glomerular,endothelial_mesangial,Lineage1,C5,3,0.25,0.0438395046006366,41,27.881478252189556
Glomerular,endothelial_mesangial,Lineage1,C5,4,0.35,0.0558170933498822,35,28.01466208052067
Glomerular,endothelial_mesangial,Lineage1,C5,5,0.45,0.0997589184031237,20,15.955623930152456
Glomerular,endothelial_mesangial,Lineage1,C5,6,0.55,0.1653656726136721,18,18.0
Glomerular,endothelial_mesangial,Lineage1,C5,7,0.6500000000000001,0.1237952254862163,11,11.0
Glomerular,endothelial_mesangial,Lineage1,C5,8,0.75,0.3280447212995014,5,4.548367492966558
Glomerular,endothelial_mesangial,Lineage1,C5,9,0.8500000000000001,0.1048807523521395,3,3.0
Glomerular,endothelial_mesangial,Lineage1,C5,10,0.95,0.1625822298579294,3,3.0
Glomerular,endothelial_mesangial,Lineage2,C5,1,0.05,0.0522724915416502,19,16.87220874561517
Glomerular,endothelial_mesangial,Lineage2,C5,2,0.15,0.055864602727445,15,12.590230489830642
Glomerular,endothelial_mesangial,Lineage2,C5,3,0.25,0.0705764923678611,8,7.828071142391974
Glomerular,endothelial_mesangial,Lineage2,C5,4,0.35,0.049833437952447,15,14.498697759948907
Glomerular,endothelial_mesangial,Lineage2,C5,5,0.45,0.06973649460745,56,37.22345151159875
Glomerular,endothelial_mesangial,Lineage2,C5,6,0.55,0.0369487629392255,21,21.0
Glomerular,endothelial_mesangial,Lineage2,C5,7,0.6500000000000001,0.0734412935863295,11,10.952273387833358
Glomerular,endothelial_mesangial,Lineage2,C5,8,0.75,0.0395603496281014,15,15.0
Glomerular,endothelial_mesangial,Lineage2,C5,9,0.8500000000000001,0.0501189113910232,11,10.507800541577003
Glomerular,endothelial_mesangial,Lineage2,C5,10,0.95,0.0552357589256619,3,3.0
Glomerular,endothelial_mesangial,Lineage3,C5,1,0.05,0.0537606496495779,35,27.46777610508315
Glomerular,endothelial_mesangial,Lineage3,C5,2,0.15,0.0501393912946929,26,19.29158406953158
Glomerular,endothelial_mesangial,Lineage3,C5,3,0.25,0.0465489089630303,62,45.20052784423752
Glomerular,endothelial_mesangial,Lineage3,C5,4,0.35,0.0780350880566414,28,23.465852899351027
Glomerular,endothelial_mesangial,Lineage3,C5,5,0.45,0.1097137042524436,13,12.253402703634665
Glomerular,endothelial_mesangial,Lineage3,C5,6,0.55,0.0558895209660879,7,7.0
Glomerular,endothelial_mesangial,Lineage3,C5,7,0.6500000000000001,0.0982069578066227,7,7.0
Glomerular,endothelial_mesangial,Lineage3,C5,8,0.75,0.1212352239338687,6,6.0
Glomerular,endothelial_mesangial,Lineage3,C5,9,0.8500000000000001,0.1874689352958196,5,5.0
Glomerular,endothelial_mesangial,Lineage3,C5,10,0.95,0.0305349165214572,8,8.0
Glomerular,endothelial_mesangial,Lineage4,C5,1,0.05,0.0699581611838672,21,15.981834425468282
Glomerular,endothelial_mesangial,Lineage4,C5,2,0.15,0.0292405343546339,12,12.0
Glomerular,endothelial_mesangial,Lineage4,C5,3,0.25,0.0786371400071992,10,10.0
Glomerular,endothelial_mesangial,Lineage4,C5,4,0.35,0.095429159802874,7,7.0
Glomerular,endothelial_mesangial,Lineage4,C5,5,0.45,0.0395813225563428,9,9.0
Glomerular,endothelial_mesangial,Lineage4,C5,6,0.55,0.0846359390975425,5,5.0
Glomerular,endothelial_mesangial,Lineage4,C5,7,0.6500000000000001,0.0852864834242489,3,3.0
Glomerular,endothelial_mesangial,Lineage4,C5,8,0.75,0.0092267709237966,5,5.0
Glomerular,endothelial_mesangial,Lineage4,C5,9,0.8500000000000001,0.0338371384310718,3,3.0
Glomerular,endothelial_mesangial,Lineage4,C5,10,0.95,0.0653764813244118,3,3.0
Glomerular,endothelial_mesangial,Lineage1,C6,1,0.05,0.0291884252878076,30,22.392261111916422
Glomerular,endothelial_mesangial,Lineage1,C6,2,0.15,0.0030473472922889,21,16.770508313234288
Glomerular,endothelial_mesangial,Lineage1,C6,3,0.25,0.0270384686027194,41,27.881478252189556
Glomerular,endothelial_mesangial,Lineage1,C6,4,0.35,0.0118454614478,35,28.01466208052067
Glomerular,endothelial_mesangial,Lineage1,C6,5,0.45,0.0158168251906478,20,15.955623930152456
Glomerular,endothelial_mesangial,Lineage1,C6,6,0.55,0.0166386638346665,18,18.0
Glomerular,endothelial_mesangial,Lineage1,C6,7,0.6500000000000001,0.0160041718663559,11,11.0
Glomerular,endothelial_mesangial,Lineage1,C6,8,0.75,0.0396318857605687,5,4.548367492966558
Glomerular,endothelial_mesangial,Lineage1,C6,9,0.8500000000000001,0.0,3,3.0
Glomerular,endothelial_mesangial,Lineage1,C6,10,0.95,0.0,3,3.0
Glomerular,endothelial_mesangial,Lineage2,C6,1,0.05,0.0352647876500576,19,16.87220874561517
Glomerular,endothelial_mesangial,Lineage2,C6,2,0.15,0.0041214106637833,15,12.590230489830642
Glomerular,endothelial_mesangial,Lineage2,C6,3,0.25,0.0083950313491721,8,7.828071142391974
Glomerular,endothelial_mesangial,Lineage2,C6,4,0.35,0.0205969818184218,15,14.498697759948907
Glomerular,endothelial_mesangial,Lineage2,C6,5,0.45,0.0135665368822386,56,37.22345151159875
Glomerular,endothelial_mesangial,Lineage2,C6,6,0.55,0.0266464966705221,21,21.0
Glomerular,endothelial_mesangial,Lineage2,C6,7,0.6500000000000001,0.0108097171881325,11,10.952273387833358
Glomerular,endothelial_mesangial,Lineage2,C6,8,0.75,0.0134015464949869,15,15.0
Glomerular,endothelial_mesangial,Lineage2,C6,9,0.8500000000000001,0.0165014808465549,11,10.507800541577003
Glomerular,endothelial_mesangial,Lineage2,C6,10,0.95,0.0,3,3.0
Glomerular,endothelial_mesangial,Lineage3,C6,1,0.05,0.0245110435540155,35,27.46777610508315
Glomerular,endothelial_mesangial,Lineage3,C6,2,0.15,0.0056307577470728,26,19.29158406953158
Glomerular,endothelial_mesangial,Lineage3,C6,3,0.25,0.0213046260621794,62,45.20052784423752
Glomerular,endothelial_mesangial,Lineage3,C6,4,0.35,0.0224359950346665,28,23.465852899351027
Glomerular,endothelial_mesangial,Lineage3,C6,5,0.45,0.0297058263887329,13,12.253402703634665
Glomerular,endothelial_mesangial,Lineage3,C6,6,0.55,0.0242776848951896,7,7.0
Glomerular,endothelial_mesangial,Lineage3,C6,7,0.6500000000000001,0.0075805673613759,7,7.0
Glomerular,endothelial_mesangial,Lineage3,C6,8,0.75,0.061200887858259,6,6.0
Glomerular,endothelial_mesangial,Lineage3,C6,9,0.8500000000000001,0.0,5,5.0
Glomerular,endothelial_mesangial,Lineage3,C6,10,0.95,0.0335376244061849,8,8.0
Glomerular,endothelial_mesangial,Lineage4,C6,1,0.05,0.0298968318925331,21,15.981834425468282
Glomerular,endothelial_mesangial,Lineage4,C6,2,0.15,0.0133354583344203,12,12.0
Glomerular,endothelial_mesangial,Lineage4,C6,3,0.25,0.0116049948827885,10,10.0
Glomerular,endothelial_mesangial,Lineage4,C6,4,0.35,0.0225509880559947,7,7.0
Glomerular,endothelial_mesangial,Lineage4,C6,5,0.45,0.0085885910708235,9,9.0
Glomerular,endothelial_mesangial,Lineage4,C6,6,0.55,0.0,5,5.0
Glomerular,endothelial_mesangial,Lineage4,C6,7,0.6500000000000001,0.0167838986720722,3,3.0
Glomerular,endothelial_mesangial,Lineage4,C6,8,0.75,0.0103089038218768,5,5.0
Glomerular,endothelial_mesangial,Lineage4,C6,9,0.8500000000000001,0.0708267596979442,3,3.0
Glomerular,endothelial_mesangial,Lineage4,C6,10,0.95,0.0,3,3.0
Glomerular,endothelial_mesangial,Lineage1,C7,1,0.05,0.2345222174090362,30,22.392261111916422
Glomerular,endothelial_mesangial,Lineage1,C7,2,0.15,0.2137506581603908,21,16.770508313234288
Glomerular,endothelial_mesangial,Lineage1,C7,3,0.25,0.4697899884728123,41,27.881478252189556
Glomerular,endothelial_mesangial,Lineage1,C7,4,0.35,0.477695258094814,35,28.01466208052067
Glomerular,endothelial_mesangial,Lineage1,C7,5,0.45,0.5823812716793823,20,15.955623930152456
Glomerular,endothelial_mesangial,Lineage1,C7,6,0.55,0.9440002614097248,18,18.0
Glomerular,endothelial_mesangial,Lineage1,C7,7,0.6500000000000001,1.1644507006834977,11,11.0
Glomerular,endothelial_mesangial,Lineage1,C7,8,0.75,1.3323109136052984,5,4.548367492966558
Glomerular,endothelial_mesangial,Lineage1,C7,9,0.8500000000000001,1.093589778656059,3,3.0
Glomerular,endothelial_mesangial,Lineage1,C7,10,0.95,0.3505782720091432,3,3.0
Glomerular,endothelial_mesangial,Lineage2,C7,1,0.05,0.2676470340112777,19,16.87220874561517
Glomerular,endothelial_mesangial,Lineage2,C7,2,0.15,0.1241665026563776,15,12.590230489830642
Glomerular,endothelial_mesangial,Lineage2,C7,3,0.25,0.3927683493295631,8,7.828071142391974
Glomerular,endothelial_mesangial,Lineage2,C7,4,0.35,0.3798868300598347,15,14.498697759948907
Glomerular,endothelial_mesangial,Lineage2,C7,5,0.45,0.5980073382386932,56,37.22345151159875
Glomerular,endothelial_mesangial,Lineage2,C7,6,0.55,0.4872601175721596,21,21.0
Glomerular,endothelial_mesangial,Lineage2,C7,7,0.6500000000000001,0.2378863772517035,11,10.952273387833358
Glomerular,endothelial_mesangial,Lineage2,C7,8,0.75,0.6520279668314412,15,15.0
Glomerular,endothelial_mesangial,Lineage2,C7,9,0.8500000000000001,0.4863717087760504,11,10.507800541577003
Glomerular,endothelial_mesangial,Lineage2,C7,10,0.95,0.664919358886228,3,3.0
Glomerular,endothelial_mesangial,Lineage3,C7,1,0.05,0.2065553411015926,35,27.46777610508315
Glomerular,endothelial_mesangial,Lineage3,C7,2,0.15,0.3406549499344471,26,19.29158406953158
Glomerular,endothelial_mesangial,Lineage3,C7,3,0.25,0.5185795618557139,62,45.20052784423752
Glomerular,endothelial_mesangial,Lineage3,C7,4,0.35,0.5492988032092389,28,23.465852899351027
Glomerular,endothelial_mesangial,Lineage3,C7,5,0.45,0.8101369486630817,13,12.253402703634665
Glomerular,endothelial_mesangial,Lineage3,C7,6,0.55,0.4079348748075712,7,7.0
Glomerular,endothelial_mesangial,Lineage3,C7,7,0.6500000000000001,0.4058499503907758,7,7.0
Glomerular,endothelial_mesangial,Lineage3,C7,8,0.75,0.5125123602336602,6,6.0
Glomerular,endothelial_mesangial,Lineage3,C7,9,0.8500000000000001,0.7263753478590597,5,5.0
Glomerular,endothelial_mesangial,Lineage3,C7,10,0.95,0.2228908705294652,8,8.0
Glomerular,endothelial_mesangial,Lineage4,C7,1,0.05,0.2170981667192526,21,15.981834425468282
Glomerular,endothelial_mesangial,Lineage4,C7,2,0.15,0.2079706634843889,12,12.0
Glomerular,endothelial_mesangial,Lineage4,C7,3,0.25,0.186710512869397,10,10.0
Glomerular,endothelial_mesangial,Lineage4,C7,4,0.35,0.1713820567657539,7,7.0
Glomerular,endothelial_mesangial,Lineage4,C7,5,0.45,0.1703402774971517,9,9.0
Glomerular,endothelial_mesangial,Lineage4,C7,6,0.55,0.106320517684043,5,5.0
Glomerular,endothelial_mesangial,Lineage4,C7,7,0.6500000000000001,0.0,3,3.0
Glomerular,endothelial_mesangial,Lineage4,C7,8,0.75,0.0862238574507585,5,5.0
Glomerular,endothelial_mesangial,Lineage4,C7,9,0.8500000000000001,0.2320728738745672,3,3.0
Glomerular,endothelial_mesangial,Lineage4,C7,10,0.95,0.0082972556817145,3,3.0
Glomerular,endothelial_mesangial,Lineage1,C8A,1,0.05,0.0,30,22.392261111916422
Glomerular,endothelial_mesangial,Lineage1,C8A,2,0.15,0.0150627751798137,21,16.770508313234288
Glomerular,endothelial_mesangial,Lineage1,C8A,3,0.25,0.0028283721685687,41,27.881478252189556
Glomerular,endothelial_mesangial,Lineage1,C8A,4,0.35,0.0018102125027468,35,28.01466208052067
Glomerular,endothelial_mesangial,Lineage1,C8A,5,0.45,0.004853978517281,20,15.955623930152456
Glomerular,endothelial_mesangial,Lineage1,C8A,6,0.55,0.0,18,18.0
Glomerular,endothelial_mesangial,Lineage1,C8A,7,0.6500000000000001,0.0,11,11.0
Glomerular,endothelial_mesangial,Lineage1,C8A,8,0.75,0.0,5,4.548367492966558
Glomerular,endothelial_mesangial,Lineage1,C8A,9,0.8500000000000001,0.0,3,3.0
Glomerular,endothelial_mesangial,Lineage1,C8A,10,0.95,0.0,3,3.0
Glomerular,endothelial_mesangial,Lineage2,C8A,1,0.05,0.0,19,16.87220874561517
Glomerular,endothelial_mesangial,Lineage2,C8A,2,0.15,0.0200640009392587,15,12.590230489830642
Glomerular,endothelial_mesangial,Lineage2,C8A,3,0.25,0.0,8,7.828071142391974
Glomerular,endothelial_mesangial,Lineage2,C8A,4,0.35,0.0087144079407955,15,14.498697759948907
Glomerular,endothelial_mesangial,Lineage2,C8A,5,0.45,0.0020186831682124,56,37.22345151159875
Glomerular,endothelial_mesangial,Lineage2,C8A,6,0.55,0.0,21,21.0
Glomerular,endothelial_mesangial,Lineage2,C8A,7,0.6500000000000001,0.0,11,10.952273387833358
Glomerular,endothelial_mesangial,Lineage2,C8A,8,0.75,0.0,15,15.0
Glomerular,endothelial_mesangial,Lineage2,C8A,9,0.8500000000000001,0.0,11,10.507800541577003
Glomerular,endothelial_mesangial,Lineage2,C8A,10,0.95,0.0,3,3.0
Glomerular,endothelial_mesangial,Lineage3,C8A,1,0.05,0.0058802858995724,35,27.46777610508315
Glomerular,endothelial_mesangial,Lineage3,C8A,2,0.15,0.0047218527790043,26,19.29158406953158
Glomerular,endothelial_mesangial,Lineage3,C8A,3,0.25,0.0028737681069107,62,45.20052784423752
Glomerular,endothelial_mesangial,Lineage3,C8A,4,0.35,0.0032229844784897,28,23.465852899351027
Glomerular,endothelial_mesangial,Lineage3,C8A,5,0.45,0.0058910203258208,13,12.253402703634665
Glomerular,endothelial_mesangial,Lineage3,C8A,6,0.55,0.0,7,7.0
Glomerular,endothelial_mesangial,Lineage3,C8A,7,0.6500000000000001,0.0075805673613759,7,7.0
Glomerular,endothelial_mesangial,Lineage3,C8A,8,0.75,0.0,6,6.0
Glomerular,endothelial_mesangial,Lineage3,C8A,9,0.8500000000000001,0.0,5,5.0
Glomerular,endothelial_mesangial,Lineage3,C8A,10,0.95,0.0,8,8.0
Glomerular,endothelial_mesangial,Lineage4,C8A,1,0.05,0.008230911982225,21,15.981834425468282
Glomerular,endothelial_mesangial,Lineage4,C8A,2,0.15,0.0,12,12.0
Glomerular,endothelial_mesangial,Lineage4,C8A,3,0.25,0.0,10,10.0
Glomerular,endothelial_mesangial,Lineage4,C8A,4,0.35,0.0,7,7.0
Glomerular,endothelial_mesangial,Lineage4,C8A,5,0.45,0.0,9,9.0
Glomerular,endothelial_mesangial,Lineage4,C8A,6,0.55,0.0,5,5.0
Glomerular,endothelial_mesangial,Lineage4,C8A,7,0.6500000000000001,0.0,3,3.0
Glomerular,endothelial_mesangial,Lineage4,C8A,8,0.75,0.0,5,5.0
Glomerular,endothelial_mesangial,Lineage4,C8A,9,0.8500000000000001,0.0,3,3.0
Glomerular,endothelial_mesangial,Lineage4,C8A,10,0.95,0.0,3,3.0
Glomerular,endothelial_mesangial,Lineage1,C8B,1,0.05,0.0022617729276692,30,22.392261111916422
Glomerular,endothelial_mesangial,Lineage1,C8B,2,0.15,0.0,21,16.770508313234288
Glomerular,endothelial_mesangial,Lineage1,C8B,3,0.25,0.0,41,27.881478252189556
Glomerular,endothelial_mesangial,Lineage1,C8B,4,0.35,0.0,35,28.01466208052067
Glomerular,endothelial_mesangial,Lineage1,C8B,5,0.45,0.0,20,15.955623930152456
Glomerular,endothelial_mesangial,Lineage1,C8B,6,0.55,0.0,18,18.0
Glomerular,endothelial_mesangial,Lineage1,C8B,7,0.6500000000000001,0.0,11,11.0
Glomerular,endothelial_mesangial,Lineage1,C8B,8,0.75,0.0,5,4.548367492966558
Glomerular,endothelial_mesangial,Lineage1,C8B,9,0.8500000000000001,0.0,3,3.0
Glomerular,endothelial_mesangial,Lineage1,C8B,10,0.95,0.0,3,3.0
Glomerular,endothelial_mesangial,Lineage2,C8B,1,0.05,0.0022280540977839,19,16.87220874561517
Glomerular,endothelial_mesangial,Lineage2,C8B,2,0.15,0.0,15,12.590230489830642
Glomerular,endothelial_mesangial,Lineage2,C8B,3,0.25,0.0,8,7.828071142391974
Glomerular,endothelial_mesangial,Lineage2,C8B,4,0.35,0.0,15,14.498697759948907
Glomerular,endothelial_mesangial,Lineage2,C8B,5,0.45,0.0,56,37.22345151159875
Glomerular,endothelial_mesangial,Lineage2,C8B,6,0.55,0.0,21,21.0
Glomerular,endothelial_mesangial,Lineage2,C8B,7,0.6500000000000001,0.0,11,10.952273387833358
Glomerular,endothelial_mesangial,Lineage2,C8B,8,0.75,0.0,15,15.0
Glomerular,endothelial_mesangial,Lineage2,C8B,9,0.8500000000000001,0.0015655104030664,11,10.507800541577003
Glomerular,endothelial_mesangial,Lineage2,C8B,10,0.95,0.0,3,3.0
Glomerular,endothelial_mesangial,Lineage3,C8B,1,0.05,0.0018268107794804,35,27.46777610508315
Glomerular,endothelial_mesangial,Lineage3,C8B,2,0.15,0.0,26,19.29158406953158
Glomerular,endothelial_mesangial,Lineage3,C8B,3,0.25,0.0,62,45.20052784423752
Glomerular,endothelial_mesangial,Lineage3,C8B,4,0.35,0.0,28,23.465852899351027
Glomerular,endothelial_mesangial,Lineage3,C8B,5,0.45,0.0,13,12.253402703634665
Glomerular,endothelial_mesangial,Lineage3,C8B,6,0.55,0.0,7,7.0
Glomerular,endothelial_mesangial,Lineage3,C8B,7,0.6500000000000001,0.0,7,7.0
Glomerular,endothelial_mesangial,Lineage3,C8B,8,0.75,0.0,6,6.0
Glomerular,endothelial_mesangial,Lineage3,C8B,9,0.8500000000000001,0.0,5,5.0
Glomerular,endothelial_mesangial,Lineage3,C8B,10,0.95,0.0042027263055941,8,8.0
Glomerular,endothelial_mesangial,Lineage4,C8B,1,0.05,0.0,21,15.981834425468282
Glomerular,endothelial_mesangial,Lineage4,C8B,2,0.15,0.0031326828195278,12,12.0
Glomerular,endothelial_mesangial,Lineage4,C8B,3,0.25,0.0032394748950246,10,10.0
Glomerular,endothelial_mesangial,Lineage4,C8B,4,0.35,0.0,7,7.0
Glomerular,endothelial_mesangial,Lineage4,C8B,5,0.45,0.0,9,9.0
Glomerular,endothelial_mesangial,Lineage4,C8B,6,0.55,0.0,5,5.0
Glomerular,endothelial_mesangial,Lineage4,C8B,7,0.6500000000000001,0.0,3,3.0
Glomerular,endothelial_mesangial,Lineage4,C8B,8,0.75,0.0,5,5.0
Glomerular,endothelial_mesangial,Lineage4,C8B,9,0.8500000000000001,0.0,3,3.0
Glomerular,endothelial_mesangial,Lineage4,C8B,10,0.95,0.0,3,3.0
Glomerular,endothelial_mesangial,Lineage1,C8G,1,0.05,0.0029045218551933,30,22.392261111916422
Glomerular,endothelial_mesangial,Lineage1,C8G,2,0.15,0.0122434795758792,21,16.770508313234288
Glomerular,endothelial_mesangial,Lineage1,C8G,3,0.25,0.0059621238190896,41,27.881478252189556
Glomerular,endothelial_mesangial,Lineage1,C8G,4,0.35,0.0097757659222325,35,28.01466208052067
Glomerular,endothelial_mesangial,Lineage1,C8G,5,0.45,0.0007498124900964,20,15.955623930152456
Glomerular,endothelial_mesangial,Lineage1,C8G,6,0.55,0.0109978028154671,18,18.0
Glomerular,endothelial_mesangial,Lineage1,C8G,7,0.6500000000000001,0.0,11,11.0
Glomerular,endothelial_mesangial,Lineage1,C8G,8,0.75,0.0,5,4.548367492966558
Glomerular,endothelial_mesangial,Lineage1,C8G,9,0.8500000000000001,0.0,3,3.0
Glomerular,endothelial_mesangial,Lineage1,C8G,10,0.95,0.0,3,3.0
Glomerular,endothelial_mesangial,Lineage2,C8G,1,0.05,0.0030509255324885,19,16.87220874561517
Glomerular,endothelial_mesangial,Lineage2,C8G,2,0.15,0.0010711777411517,15,12.590230489830642
Glomerular,endothelial_mesangial,Lineage2,C8G,3,0.25,0.0225935320537661,8,7.828071142391974
Glomerular,endothelial_mesangial,Lineage2,C8G,4,0.35,0.0041621803766461,15,14.498697759948907
Glomerular,endothelial_mesangial,Lineage2,C8G,5,0.45,0.0046583160522501,56,37.22345151159875
Glomerular,endothelial_mesangial,Lineage2,C8G,6,0.55,0.0056662460932146,21,21.0
Glomerular,endothelial_mesangial,Lineage2,C8G,7,0.6500000000000001,0.0173693581773559,11,10.952273387833358
Glomerular,endothelial_mesangial,Lineage2,C8G,8,0.75,0.0,15,15.0
Glomerular,endothelial_mesangial,Lineage2,C8G,9,0.8500000000000001,0.0,11,10.507800541577003
Glomerular,endothelial_mesangial,Lineage2,C8G,10,0.95,0.0,3,3.0
Glomerular,endothelial_mesangial,Lineage3,C8G,1,0.05,0.0023564694896215,35,27.46777610508315
Glomerular,endothelial_mesangial,Lineage3,C8G,2,0.15,0.011482905430573,26,19.29158406953158
Glomerular,endothelial_mesangial,Lineage3,C8G,3,0.25,0.0061455334349214,62,45.20052784423752
Glomerular,endothelial_mesangial,Lineage3,C8G,4,0.35,0.0078266217101555,28,23.465852899351027
Glomerular,endothelial_mesangial,Lineage3,C8G,5,0.45,0.0086369065458675,13,12.253402703634665
Glomerular,endothelial_mesangial,Lineage3,C8G,6,0.55,0.0,7,7.0
Glomerular,endothelial_mesangial,Lineage3,C8G,7,0.6500000000000001,0.0,7,7.0
Glomerular,endothelial_mesangial,Lineage3,C8G,8,0.75,0.0,6,6.0
Glomerular,endothelial_mesangial,Lineage3,C8G,9,0.8500000000000001,0.0,5,5.0
Glomerular,endothelial_mesangial,Lineage3,C8G,10,0.95,0.0,8,8.0
Glomerular,endothelial_mesangial,Lineage4,C8G,1,0.05,0.0,21,15.981834425468282
Glomerular,endothelial_mesangial,Lineage4,C8G,2,0.15,0.0050197838154363,12,12.0
Glomerular,endothelial_mesangial,Lineage4,C8G,3,0.25,0.0039745805009647,10,10.0
Glomerular,endothelial_mesangial,Lineage4,C8G,4,0.35,0.0,7,7.0
Glomerular,endothelial_mesangial,Lineage4,C8G,5,0.45,0.0,9,9.0
Glomerular,endothelial_mesangial,Lineage4,C8G,6,0.55,0.0068903435055528,5,5.0
Glomerular,endothelial_mesangial,Lineage4,C8G,7,0.6500000000000001,0.0,3,3.0
Glomerular,endothelial_mesangial,Lineage4,C8G,8,0.75,0.0,5,5.0
Glomerular,endothelial_mesangial,Lineage4,C8G,9,0.8500000000000001,0.0,3,3.0
Glomerular,endothelial_mesangial,Lineage4,C8G,10,0.95,0.0,3,3.0
Glomerular,endothelial_mesangial,Lineage1,C9,1,0.05,0.0210073217674453,30,22.392261111916422
Glomerular,endothelial_mesangial,Lineage1,C9,2,0.15,0.0477759347419725,21,16.770508313234288
Glomerular,endothelial_mesangial,Lineage1,C9,3,0.25,0.07822886762945,41,27.881478252189556
Glomerular,endothelial_mesangial,Lineage1,C9,4,0.35,0.0850651238722996,35,28.01466208052067
Glomerular,endothelial_mesangial,Lineage1,C9,5,0.45,0.0784814872834202,20,15.955623930152456
Glomerular,endothelial_mesangial,Lineage1,C9,6,0.55,0.0435719892928573,18,18.0
Glomerular,endothelial_mesangial,Lineage1,C9,7,0.6500000000000001,0.0367693405817002,11,11.0
Glomerular,endothelial_mesangial,Lineage1,C9,8,0.75,0.0028209299693218,5,4.548367492966558
Glomerular,endothelial_mesangial,Lineage1,C9,9,0.8500000000000001,0.0544202792633887,3,3.0
Glomerular,endothelial_mesangial,Lineage1,C9,10,0.95,0.0,3,3.0
Glomerular,endothelial_mesangial,Lineage2,C9,1,0.05,0.022089952485514,19,16.87220874561517
Glomerular,endothelial_mesangial,Lineage2,C9,2,0.15,0.0362598125276514,15,12.590230489830642
Glomerular,endothelial_mesangial,Lineage2,C9,3,0.25,0.043221176388738,8,7.828071142391974
Glomerular,endothelial_mesangial,Lineage2,C9,4,0.35,0.0648112494959391,15,14.498697759948907
Glomerular,endothelial_mesangial,Lineage2,C9,5,0.45,0.0919166040518985,56,37.22345151159875
Glomerular,endothelial_mesangial,Lineage2,C9,6,0.55,0.0746067873865734,21,21.0
Glomerular,endothelial_mesangial,Lineage2,C9,7,0.6500000000000001,0.080247433907142,11,10.952273387833358
Glomerular,endothelial_mesangial,Lineage2,C9,8,0.75,0.0462505049340672,15,15.0
Glomerular,endothelial_mesangial,Lineage2,C9,9,0.8500000000000001,0.0205312198144635,11,10.507800541577003
Glomerular,endothelial_mesangial,Lineage2,C9,10,0.95,0.0911404737568149,3,3.0
Glomerular,endothelial_mesangial,Lineage3,C9,1,0.05,0.0249769763488527,35,27.46777610508315
Glomerular,endothelial_mesangial,Lineage3,C9,2,0.15,0.0538588420660814,26,19.29158406953158
Glomerular,endothelial_mesangial,Lineage3,C9,3,0.25,0.0906010639399831,62,45.20052784423752
Glomerular,endothelial_mesangial,Lineage3,C9,4,0.35,0.0709891846988358,28,23.465852899351027
Glomerular,endothelial_mesangial,Lineage3,C9,5,0.45,0.0730715382434472,13,12.253402703634665
Glomerular,endothelial_mesangial,Lineage3,C9,6,0.55,0.0109226942298619,7,7.0
Glomerular,endothelial_mesangial,Lineage3,C9,7,0.6500000000000001,0.0911584198739868,7,7.0
Glomerular,endothelial_mesangial,Lineage3,C9,8,0.75,0.0587415319462279,6,6.0
Glomerular,endothelial_mesangial,Lineage3,C9,9,0.8500000000000001,0.0230410720293947,5,5.0
Glomerular,endothelial_mesangial,Lineage3,C9,10,0.95,0.0180609273507806,8,8.0
Glomerular,endothelial_mesangial,Lineage4,C9,1,0.05,0.0378516509668612,21,15.981834425468282
Glomerular,endothelial_mesangial,Lineage4,C9,2,0.15,0.0066121800028893,12,12.0
Glomerular,endothelial_mesangial,Lineage4,C9,3,0.25,0.0683073397094206,10,10.0
Glomerular,endothelial_mesangial,Lineage4,C9,4,0.35,0.082874888021072,7,7.0
Glomerular,endothelial_mesangial,Lineage4,C9,5,0.45,0.0225555675016736,9,9.0
Glomerular,endothelial_mesangial,Lineage4,C9,6,0.55,0.0,5,5.0
Glomerular,endothelial_mesangial,Lineage4,C9,7,0.6500000000000001,0.0167838986720722,3,3.0
Glomerular,endothelial_mesangial,Lineage4,C9,8,0.75,0.0148309409830366,5,5.0
Glomerular,endothelial_mesangial,Lineage4,C9,9,0.8500000000000001,0.0116648885374489,3,3.0
Glomerular,endothelial_mesangial,Lineage4,C9,10,0.95,0.0673865884229389,3,3.0
Glomerular,endothelial_mesangial,Lineage1,C3AR1,1,0.05,0.0023045994411859,30,22.392261111916422
Glomerular,endothelial_mesangial,Lineage1,C3AR1,2,0.15,0.0057921569008233,21,16.770508313234288
Glomerular,endothelial_mesangial,Lineage1,C3AR1,3,0.25,0.0148081960760437,41,27.881478252189556
Glomerular,endothelial_mesangial,Lineage1,C3AR1,4,0.35,0.0135696074224566,35,28.01466208052067
Glomerular,endothelial_mesangial,Lineage1,C3AR1,5,0.45,0.0135221030270207,20,15.955623930152456
Glomerular,endothelial_mesangial,Lineage1,C3AR1,6,0.55,0.016997980547433,18,18.0
Glomerular,endothelial_mesangial,Lineage1,C3AR1,7,0.6500000000000001,0.0,11,11.0
Glomerular,endothelial_mesangial,Lineage1,C3AR1,8,0.75,0.0,5,4.548367492966558
Glomerular,endothelial_mesangial,Lineage1,C3AR1,9,0.8500000000000001,0.0191444196239779,3,3.0
Glomerular,endothelial_mesangial,Lineage1,C3AR1,10,0.95,0.0,3,3.0
Glomerular,endothelial_mesangial,Lineage2,C3AR1,1,0.05,0.0030509255324885,19,16.87220874561517
Glomerular,endothelial_mesangial,Lineage2,C3AR1,2,0.15,0.0,15,12.590230489830642
Glomerular,endothelial_mesangial,Lineage2,C3AR1,3,0.25,0.0085784072941216,8,7.828071142391974
Glomerular,endothelial_mesangial,Lineage2,C3AR1,4,0.35,0.0159589498093093,15,14.498697759948907
Glomerular,endothelial_mesangial,Lineage2,C3AR1,5,0.45,0.0150031077046567,56,37.22345151159875
Glomerular,endothelial_mesangial,Lineage2,C3AR1,6,0.55,0.0091269444410844,21,21.0
Glomerular,endothelial_mesangial,Lineage2,C3AR1,7,0.6500000000000001,0.0055066936153326,11,10.952273387833358
Glomerular,endothelial_mesangial,Lineage2,C3AR1,8,0.75,0.021643369134873,15,15.0
Glomerular,endothelial_mesangial,Lineage2,C3AR1,9,0.8500000000000001,0.0081988048557592,11,10.507800541577003
Glomerular,endothelial_mesangial,Lineage2,C3AR1,10,0.95,0.0570140126121776,3,3.0
Glomerular,endothelial_mesangial,Lineage3,C3AR1,1,0.05,0.0018693079448183,35,27.46777610508315
Glomerular,endothelial_mesangial,Lineage3,C3AR1,2,0.15,0.0062176404845296,26,19.29158406953158
Glomerular,endothelial_mesangial,Lineage3,C3AR1,3,0.25,0.016745740314553,62,45.20052784423752
Glomerular,endothelial_mesangial,Lineage3,C3AR1,4,0.35,0.0050455685704491,28,23.465852899351027
Glomerular,endothelial_mesangial,Lineage3,C3AR1,5,0.45,0.0043116927162378,13,12.253402703634665
Glomerular,endothelial_mesangial,Lineage3,C3AR1,6,0.55,0.0,7,7.0
Glomerular,endothelial_mesangial,Lineage3,C3AR1,7,0.6500000000000001,0.0,7,7.0
Glomerular,endothelial_mesangial,Lineage3,C3AR1,8,0.75,0.0058728533657879,6,6.0
Glomerular,endothelial_mesangial,Lineage3,C3AR1,9,0.8500000000000001,0.0,5,5.0
Glomerular,endothelial_mesangial,Lineage3,C3AR1,10,0.95,0.0,8,8.0
Glomerular,endothelial_mesangial,Lineage4,C3AR1,1,0.05,0.0,21,15.981834425468282
Glomerular,endothelial_mesangial,Lineage4,C3AR1,2,0.15,0.0050197838154363,12,12.0
Glomerular,endothelial_mesangial,Lineage4,C3AR1,3,0.25,0.0,10,10.0
Glomerular,endothelial_mesangial,Lineage4,C3AR1,4,0.35,0.0055573768947529,7,7.0
Glomerular,endothelial_mesangial,Lineage4,C3AR1,5,0.45,0.0,9,9.0
Glomerular,endothelial_mesangial,Lineage4,C3AR1,6,0.55,0.0,5,5.0
Glomerular,endothelial_mesangial,Lineage4,C3AR1,7,0.6500000000000001,0.0,3,3.0
Glomerular,endothelial_mesangial,Lineage4,C3AR1,8,0.75,0.0,5,5.0
Glomerular,endothelial_mesangial,Lineage4,C3AR1,9,0.8500000000000001,0.0,3,3.0
Glomerular,endothelial_mesangial,Lineage4,C3AR1,10,0.95,0.0,3,3.0
Glomerular,endothelial_mesangial,Lineage1,C5AR1,1,0.05,0.0421204884837739,30,22.392261111916422
Glomerular,endothelial_mesangial,Lineage1,C5AR1,2,0.15,0.0578845562202644,21,16.770508313234288
Glomerular,endothelial_mesangial,Lineage1,C5AR1,3,0.25,0.0321657976670298,41,27.881478252189556
Glomerular,endothelial_mesangial,Lineage1,C5AR1,4,0.35,0.0917973753570232,35,28.01466208052067
Glomerular,endothelial_mesangial,Lineage1,C5AR1,5,0.45,0.1310772598901889,20,15.955623930152456
Glomerular,endothelial_mesangial,Lineage1,C5AR1,6,0.55,0.053957473057835,18,18.0
Glomerular,endothelial_mesangial,Lineage1,C5AR1,7,0.6500000000000001,0.0821779406042655,11,11.0
Glomerular,endothelial_mesangial,Lineage1,C5AR1,8,0.75,0.0578588872892367,5,4.548367492966558
Glomerular,endothelial_mesangial,Lineage1,C5AR1,9,0.8500000000000001,0.0287817687345438,3,3.0
Glomerular,endothelial_mesangial,Lineage1,C5AR1,10,0.95,0.0439138293324553,3,3.0
Glomerular,endothelial_mesangial,Lineage2,C5AR1,1,0.05,0.0509874667003952,19,16.87220874561517
Glomerular,endothelial_mesangial,Lineage2,C5AR1,2,0.15,0.069706512628147,15,12.590230489830642
Glomerular,endothelial_mesangial,Lineage2,C5AR1,3,0.25,0.0207466225279565,8,7.828071142391974
Glomerular,endothelial_mesangial,Lineage2,C5AR1,4,0.35,0.0303940782086631,15,14.498697759948907
Glomerular,endothelial_mesangial,Lineage2,C5AR1,5,0.45,0.0693414152426672,56,37.22345151159875
Glomerular,endothelial_mesangial,Lineage2,C5AR1,6,0.55,0.0436880486540913,21,21.0
Glomerular,endothelial_mesangial,Lineage2,C5AR1,7,0.6500000000000001,0.0233239279149897,11,10.952273387833358
Glomerular,endothelial_mesangial,Lineage2,C5AR1,8,0.75,0.0305611278597129,15,15.0
Glomerular,endothelial_mesangial,Lineage2,C5AR1,9,0.8500000000000001,0.0276757592477276,11,10.507800541577003
Glomerular,endothelial_mesangial,Lineage2,C5AR1,10,0.95,0.0630745155134303,3,3.0
Glomerular,endothelial_mesangial,Lineage3,C5AR1,1,0.05,0.0627726184965229,35,27.46777610508315
Glomerular,endothelial_mesangial,Lineage3,C5AR1,2,0.15,0.0191927605544013,26,19.29158406953158
Glomerular,endothelial_mesangial,Lineage3,C5AR1,3,0.25,0.0647211131073699,62,45.20052784423752
Glomerular,endothelial_mesangial,Lineage3,C5AR1,4,0.35,0.0528479652617127,28,23.465852899351027
Glomerular,endothelial_mesangial,Lineage3,C5AR1,5,0.45,0.033258526570067,13,12.253402703634665
Glomerular,endothelial_mesangial,Lineage3,C5AR1,6,0.55,0.0242776848951896,7,7.0
Glomerular,endothelial_mesangial,Lineage3,C5AR1,7,0.6500000000000001,0.1277965540825378,7,7.0
Glomerular,endothelial_mesangial,Lineage3,C5AR1,8,0.75,0.2434595610509526,6,6.0
Glomerular,endothelial_mesangial,Lineage3,C5AR1,9,0.8500000000000001,0.0336370506815396,5,5.0
Glomerular,endothelial_mesangial,Lineage3,C5AR1,10,0.95,0.0042027263055941,8,8.0
Glomerular,endothelial_mesangial,Lineage4,C5AR1,1,0.05,0.0832058673584794,21,15.981834425468282
Glomerular,endothelial_mesangial,Lineage4,C5AR1,2,0.15,0.0295668235053739,12,12.0
Glomerular,endothelial_mesangial,Lineage4,C5AR1,3,0.25,0.0529597835388799,10,10.0
Glomerular,endothelial_mesangial,Lineage4,C5AR1,4,0.35,0.0468079772348227,7,7.0
Glomerular,endothelial_mesangial,Lineage4,C5AR1,5,0.45,0.0175448379960804,9,9.0
Glomerular,endothelial_mesangial,Lineage4,C5AR1,6,0.55,0.0648155710908469,5,5.0
Glomerular,endothelial_mesangial,Lineage4,C5AR1,7,0.6500000000000001,0.0167838986720722,3,3.0
Glomerular,endothelial_mesangial,Lineage4,C5AR1,8,0.75,0.0195356747456735,5,5.0
Glomerular,endothelial_mesangial,Lineage4,C5AR1,9,0.8500000000000001,0.0270534199454921,3,3.0
Glomerular,endothelial_mesangial,Lineage4,C5AR1,10,0.95,0.0,3,3.0
Glomerular,endothelial_mesangial,Lineage1,C5AR2,1,0.05,0.0221224751096304,30,22.392261111916422
Glomerular,endothelial_mesangial,Lineage1,C5AR2,2,0.15,0.0102859648584765,21,16.770508313234288
Glomerular,endothelial_mesangial,Lineage1,C5AR2,3,0.25,0.014967480259737,41,27.881478252189556
Glomerular,endothelial_mesangial,Lineage1,C5AR2,4,0.35,0.0265118703406394,35,28.01466208052067
Glomerular,endothelial_mesangial,Lineage1,C5AR2,5,0.45,0.0068988278012738,20,15.955623930152456
Glomerular,endothelial_mesangial,Lineage1,C5AR2,6,0.55,0.0121835953083787,18,18.0
Glomerular,endothelial_mesangial,Lineage1,C5AR2,7,0.6500000000000001,0.0282434947067381,11,11.0
Glomerular,endothelial_mesangial,Lineage1,C5AR2,8,0.75,0.0166291622642436,5,4.548367492966558
Glomerular,endothelial_mesangial,Lineage1,C5AR2,9,0.8500000000000001,0.0650884256317477,3,3.0
Glomerular,endothelial_mesangial,Lineage1,C5AR2,10,0.95,0.0,3,3.0
Glomerular,endothelial_mesangial,Lineage2,C5AR2,1,0.05,0.0276376962318083,19,16.87220874561517
Glomerular,endothelial_mesangial,Lineage2,C5AR2,2,0.15,0.0094163975900622,15,12.590230489830642
Glomerular,endothelial_mesangial,Lineage2,C5AR2,3,0.25,0.0113156606531596,8,7.828071142391974
Glomerular,endothelial_mesangial,Lineage2,C5AR2,4,0.35,0.0114861235736396,15,14.498697759948907
Glomerular,endothelial_mesangial,Lineage2,C5AR2,5,0.45,0.0302376035869614,56,37.22345151159875
Glomerular,endothelial_mesangial,Lineage2,C5AR2,6,0.55,0.0162081292553272,21,21.0
Glomerular,endothelial_mesangial,Lineage2,C5AR2,7,0.6500000000000001,0.0156481273617145,11,10.952273387833358
Glomerular,endothelial_mesangial,Lineage2,C5AR2,8,0.75,0.0,15,15.0
Glomerular,endothelial_mesangial,Lineage2,C5AR2,9,0.8500000000000001,0.0,11,10.507800541577003
Glomerular,endothelial_mesangial,Lineage2,C5AR2,10,0.95,0.0306481309134573,3,3.0
Glomerular,endothelial_mesangial,Lineage3,C5AR2,1,0.05,0.0180333182190444,35,27.46777610508315
Glomerular,endothelial_mesangial,Lineage3,C5AR2,2,0.15,0.0128611007463816,26,19.29158406953158
Glomerular,endothelial_mesangial,Lineage3,C5AR2,3,0.25,0.0257557716331936,62,45.20052784423752
Glomerular,endothelial_mesangial,Lineage3,C5AR2,4,0.35,0.0217998248503784,28,23.465852899351027
Glomerular,endothelial_mesangial,Lineage3,C5AR2,5,0.45,0.0193903762127569,13,12.253402703634665
Glomerular,endothelial_mesangial,Lineage3,C5AR2,6,0.55,0.0,7,7.0
Glomerular,endothelial_mesangial,Lineage3,C5AR2,7,0.6500000000000001,0.04801934777318,7,7.0
Glomerular,endothelial_mesangial,Lineage3,C5AR2,8,0.75,0.0403338501831716,6,6.0
Glomerular,endothelial_mesangial,Lineage3,C5AR2,9,0.8500000000000001,0.0118521595590528,5,5.0
Glomerular,endothelial_mesangial,Lineage3,C5AR2,10,0.95,0.0,8,8.0
Glomerular,endothelial_mesangial,Lineage4,C5AR2,1,0.05,0.028440897229412,21,15.981834425468282
Glomerular,endothelial_mesangial,Lineage4,C5AR2,2,0.15,0.0050197838154363,12,12.0
Glomerular,endothelial_mesangial,Lineage4,C5AR2,3,0.25,0.0083655199877639,10,10.0
Glomerular,endothelial_mesangial,Lineage4,C5AR2,4,0.35,0.0,7,7.0
Glomerular,endothelial_mesangial,Lineage4,C5AR2,5,0.45,0.0049208824183583,9,9.0
Glomerular,endothelial_mesangial,Lineage4,C5AR2,6,0.55,0.0,5,5.0
Glomerular,endothelial_mesangial,Lineage4,C5AR2,7,0.6500000000000001,0.0,3,3.0
Glomerular,endothelial_mesangial,Lineage4,C5AR2,8,0.75,0.044343970869964,5,5.0
Glomerular,endothelial_mesangial,Lineage4,C5AR2,9,0.8500000000000001,0.0,3,3.0
Glomerular,endothelial_mesangial,Lineage4,C5AR2,10,0.95,0.0125975122893469,3,3.0
Glomerular,endothelial_mesangial,Lineage1,CR1,1,0.05,0.0178393645788329,30,22.392261111916422
Glomerular,endothelial_mesangial,Lineage1,CR1,2,0.15,0.0124491958646076,21,16.770508313234288
Glomerular,endothelial_mesangial,Lineage1,CR1,3,0.25,0.0369798982971508,41,27.881478252189556
Glomerular,endothelial_mesangial,Lineage1,CR1,4,0.35,0.0339964872331343,35,28.01466208052067
Glomerular,endothelial_mesangial,Lineage1,CR1,5,0.45,0.0650206872409799,20,15.955623930152456
Glomerular,endothelial_mesangial,Lineage1,CR1,6,0.55,0.0751024478952415,18,18.0
Glomerular,endothelial_mesangial,Lineage1,CR1,7,0.6500000000000001,0.0120876520996592,11,11.0
Glomerular,endothelial_mesangial,Lineage1,CR1,8,0.75,0.0227967665578021,5,4.548367492966558
Glomerular,endothelial_mesangial,Lineage1,CR1,9,0.8500000000000001,0.0,3,3.0
Glomerular,endothelial_mesangial,Lineage1,CR1,10,0.95,0.0,3,3.0
Glomerular,endothelial_mesangial,Lineage2,CR1,1,0.05,0.0176245385759543,19,16.87220874561517
Glomerular,endothelial_mesangial,Lineage2,CR1,2,0.15,0.0139753776382422,15,12.590230489830642
Glomerular,endothelial_mesangial,Lineage2,CR1,3,0.25,0.0150340129451621,8,7.828071142391974
Glomerular,endothelial_mesangial,Lineage2,CR1,4,0.35,0.0349632371187078,15,14.498697759948907
Glomerular,endothelial_mesangial,Lineage2,CR1,5,0.45,0.0381676381428466,56,37.22345151159875
Glomerular,endothelial_mesangial,Lineage2,CR1,6,0.55,0.0510896924857758,21,21.0
Glomerular,endothelial_mesangial,Lineage2,CR1,7,0.6500000000000001,0.0162447020399129,11,10.952273387833358
Glomerular,endothelial_mesangial,Lineage2,CR1,8,0.75,0.0349874660049291,15,15.0
Glomerular,endothelial_mesangial,Lineage2,CR1,9,0.8500000000000001,0.027099690431751,11,10.507800541577003
Glomerular,endothelial_mesangial,Lineage2,CR1,10,0.95,0.0619761287122757,3,3.0
Glomerular,endothelial_mesangial,Lineage3,CR1,1,0.05,0.0145281787583334,35,27.46777610508315
Glomerular,endothelial_mesangial,Lineage3,CR1,2,0.15,0.0108223016828474,26,19.29158406953158
Glomerular,endothelial_mesangial,Lineage3,CR1,3,0.25,0.0418114662447885,62,45.20052784423752
Glomerular,endothelial_mesangial,Lineage3,CR1,4,0.35,0.0523114818696826,28,23.465852899351027
Glomerular,endothelial_mesangial,Lineage3,CR1,5,0.45,0.0611628605385973,13,12.253402703634665
Glomerular,endothelial_mesangial,Lineage3,CR1,6,0.55,0.1247329778759674,7,7.0
Glomerular,endothelial_mesangial,Lineage3,CR1,7,0.6500000000000001,0.1950878732767191,7,7.0
Glomerular,endothelial_mesangial,Lineage3,CR1,8,0.75,0.7549771653221339,6,6.0
Glomerular,endothelial_mesangial,Lineage3,CR1,9,0.8500000000000001,0.2057051712766575,5,5.0
Glomerular,endothelial_mesangial,Lineage3,CR1,10,0.95,0.1764093870148942,8,8.0
Glomerular,endothelial_mesangial,Lineage4,CR1,1,0.05,0.017393400248827,21,15.981834425468282
Glomerular,endothelial_mesangial,Lineage4,CR1,2,0.15,0.0134403242476204,12,12.0
Glomerular,endothelial_mesangial,Lineage4,CR1,3,0.25,0.0285314427787711,10,10.0
Glomerular,endothelial_mesangial,Lineage4,CR1,4,0.35,0.0109066336756562,7,7.0
Glomerular,endothelial_mesangial,Lineage4,CR1,5,0.45,0.0104417305576308,9,9.0
Glomerular,endothelial_mesangial,Lineage4,CR1,6,0.55,0.0461095531115409,5,5.0
Glomerular,endothelial_mesangial,Lineage4,CR1,7,0.6500000000000001,0.0480111291396967,3,3.0
Glomerular,endothelial_mesangial,Lineage4,CR1,8,0.75,0.0092267709237966,5,5.0
Glomerular,endothelial_mesangial,Lineage4,CR1,9,0.8500000000000001,0.0,3,3.0
Glomerular,endothelial_mesangial,Lineage4,CR1,10,0.95,0.0,3,3.0
Glomerular,endothelial_mesangial,Lineage1,CR2,1,0.05,0.019120189494691,30,22.392261111916422
Glomerular,endothelial_mesangial,Lineage1,CR2,2,0.15,0.0184433261756108,21,16.770508313234288
Glomerular,endothelial_mesangial,Lineage1,CR2,3,0.25,0.0042910327744956,41,27.881478252189556
Glomerular,endothelial_mesangial,Lineage1,CR2,4,0.35,0.0088535162634723,35,28.01466208052067
Glomerular,endothelial_mesangial,Lineage1,CR2,5,0.45,0.0255819733988725,20,15.955623930152456
Glomerular,endothelial_mesangial,Lineage1,CR2,6,0.55,0.0156688666037111,18,18.0
Glomerular,endothelial_mesangial,Lineage1,CR2,7,0.6500000000000001,0.0,11,11.0
Glomerular,endothelial_mesangial,Lineage1,CR2,8,0.75,0.0,5,4.548367492966558
Glomerular,endothelial_mesangial,Lineage1,CR2,9,0.8500000000000001,0.0,3,3.0
Glomerular,endothelial_mesangial,Lineage1,CR2,10,0.95,0.0138760355799828,3,3.0
Glomerular,endothelial_mesangial,Lineage2,CR2,1,0.05,0.0214082662492723,19,16.87220874561517
Glomerular,endothelial_mesangial,Lineage2,CR2,2,0.15,0.0273377240767329,15,12.590230489830642
Glomerular,endothelial_mesangial,Lineage2,CR2,3,0.25,0.0,8,7.828071142391974
Glomerular,endothelial_mesangial,Lineage2,CR2,4,0.35,0.0,15,14.498697759948907
Glomerular,endothelial_mesangial,Lineage2,CR2,5,0.45,0.014926789928784,56,37.22345151159875
Glomerular,endothelial_mesangial,Lineage2,CR2,6,0.55,0.0136684616979118,21,21.0
Glomerular,endothelial_mesangial,Lineage2,CR2,7,0.6500000000000001,0.0,11,10.952273387833358
Glomerular,endothelial_mesangial,Lineage2,CR2,8,0.75,0.0298238104418537,15,15.0
Glomerular,endothelial_mesangial,Lineage2,CR2,9,0.8500000000000001,0.01745628183719,11,10.507800541577003
Glomerular,endothelial_mesangial,Lineage2,CR2,10,0.95,0.0,3,3.0
Glomerular,endothelial_mesangial,Lineage3,CR2,1,0.05,0.0268571487858193,35,27.46777610508315
Glomerular,endothelial_mesangial,Lineage3,CR2,2,0.15,0.0,26,19.29158406953158
Glomerular,endothelial_mesangial,Lineage3,CR2,3,0.25,0.0099169757909809,62,45.20052784423752
Glomerular,endothelial_mesangial,Lineage3,CR2,4,0.35,0.0089267613691786,28,23.465852899351027
Glomerular,endothelial_mesangial,Lineage3,CR2,5,0.45,0.021697413330523,13,12.253402703634665
Glomerular,endothelial_mesangial,Lineage3,CR2,6,0.55,0.0,7,7.0
Glomerular,endothelial_mesangial,Lineage3,CR2,7,0.6500000000000001,0.0606049946208697,7,7.0
Glomerular,endothelial_mesangial,Lineage3,CR2,8,0.75,0.0,6,6.0
Glomerular,endothelial_mesangial,Lineage3,CR2,9,0.8500000000000001,0.0,5,5.0
Glomerular,endothelial_mesangial,Lineage3,CR2,10,0.95,0.0,8,8.0
Glomerular,endothelial_mesangial,Lineage4,CR2,1,0.05,0.041954426140387,21,15.981834425468282
Glomerular,endothelial_mesangial,Lineage4,CR2,2,0.15,0.0033373431182386,12,12.0
Glomerular,endothelial_mesangial,Lineage4,CR2,3,0.25,0.0039745805009647,10,10.0
Glomerular,endothelial_mesangial,Lineage4,CR2,4,0.35,0.0,7,7.0
Glomerular,endothelial_mesangial,Lineage4,CR2,5,0.45,0.0,9,9.0
Glomerular,endothelial_mesangial,Lineage4,CR2,6,0.55,0.0,5,5.0
Glomerular,endothelial_mesangial,Lineage4,CR2,7,0.6500000000000001,0.0,3,3.0
Glomerular,endothelial_mesangial,Lineage4,CR2,8,0.75,0.0,5,5.0
Glomerular,endothelial_mesangial,Lineage4,CR2,9,0.8500000000000001,0.0,3,3.0
Glomerular,endothelial_mesangial,Lineage4,CR2,10,0.95,0.0082972556817145,3,3.0
Glomerular,endothelial_mesangial,Lineage1,ITGAM,1,0.05,0.0201722121090181,30,22.392261111916422
Glomerular,endothelial_mesangial,Lineage1,ITGAM,2,0.15,0.0084790264130839,21,16.770508313234288
Glomerular,endothelial_mesangial,Lineage1,ITGAM,3,0.25,0.021194382956151,41,27.881478252189556
Glomerular,endothelial_mesangial,Lineage1,ITGAM,4,0.35,0.0117713481019709,35,28.01466208052067
Glomerular,endothelial_mesangial,Lineage1,ITGAM,5,0.45,0.0102042426061418,20,15.955623930152456
Glomerular,endothelial_mesangial,Lineage1,ITGAM,6,0.55,0.0,18,18.0
Glomerular,endothelial_mesangial,Lineage1,ITGAM,7,0.6500000000000001,0.0049698704181302,11,11.0
Glomerular,endothelial_mesangial,Lineage1,ITGAM,8,0.75,0.0,5,4.548367492966558
Glomerular,endothelial_mesangial,Lineage1,ITGAM,9,0.8500000000000001,0.0287817687345438,3,3.0
Glomerular,endothelial_mesangial,Lineage1,ITGAM,10,0.95,0.0,3,3.0
Glomerular,endothelial_mesangial,Lineage2,ITGAM,1,0.05,0.0227921103783996,19,16.87220874561517
Glomerular,endothelial_mesangial,Lineage2,ITGAM,2,0.15,0.0129041998970904,15,12.590230489830642
Glomerular,endothelial_mesangial,Lineage2,ITGAM,3,0.25,0.0054060625213924,8,7.828071142391974
Glomerular,endothelial_mesangial,Lineage2,ITGAM,4,0.35,0.021146360678547,15,14.498697759948907
Glomerular,endothelial_mesangial,Lineage2,ITGAM,5,0.45,0.0112674854242136,56,37.22345151159875
Glomerular,endothelial_mesangial,Lineage2,ITGAM,6,0.55,0.0136498619136916,21,21.0
Glomerular,endothelial_mesangial,Lineage2,ITGAM,7,0.6500000000000001,0.0,11,10.952273387833358
Glomerular,endothelial_mesangial,Lineage2,ITGAM,8,0.75,0.0,15,15.0
Glomerular,endothelial_mesangial,Lineage2,ITGAM,9,0.8500000000000001,0.0,11,10.507800541577003
Glomerular,endothelial_mesangial,Lineage2,ITGAM,10,0.95,0.0,3,3.0
Glomerular,endothelial_mesangial,Lineage3,ITGAM,1,0.05,0.0171607225002076,35,27.46777610508315
Glomerular,endothelial_mesangial,Lineage3,ITGAM,2,0.15,0.0092139627817467,26,19.29158406953158
Glomerular,endothelial_mesangial,Lineage3,ITGAM,3,0.25,0.018437384862238,62,45.20052784423752
Glomerular,endothelial_mesangial,Lineage3,ITGAM,4,0.35,0.0103364848731788,28,23.465852899351027
Glomerular,endothelial_mesangial,Lineage3,ITGAM,5,0.45,0.0,13,12.253402703634665
Glomerular,endothelial_mesangial,Lineage3,ITGAM,6,0.55,0.0133549906653277,7,7.0
Glomerular,endothelial_mesangial,Lineage3,ITGAM,7,0.6500000000000001,0.0260178718035117,7,7.0
Glomerular,endothelial_mesangial,Lineage3,ITGAM,8,0.75,0.0208665386336024,6,6.0
Glomerular,endothelial_mesangial,Lineage3,ITGAM,9,0.8500000000000001,0.0,5,5.0
Glomerular,endothelial_mesangial,Lineage3,ITGAM,10,0.95,0.0,8,8.0
Glomerular,endothelial_mesangial,Lineage4,ITGAM,1,0.05,0.0116310521985395,21,15.981834425468282
Glomerular,endothelial_mesangial,Lineage4,ITGAM,2,0.15,0.0273487420673844,12,12.0
Glomerular,endothelial_mesangial,Lineage4,ITGAM,3,0.25,0.0,10,10.0
Glomerular,endothelial_mesangial,Lineage4,ITGAM,4,0.35,0.0,7,7.0
Glomerular,endothelial_mesangial,Lineage4,ITGAM,5,0.45,0.0,9,9.0
Glomerular,endothelial_mesangial,Lineage4,ITGAM,6,0.55,0.0122097044038551,5,5.0
Glomerular,endothelial_mesangial,Lineage4,ITGAM,7,0.6500000000000001,0.0,3,3.0
Glomerular,endothelial_mesangial,Lineage4,ITGAM,8,0.75,0.0,5,5.0
Glomerular,endothelial_mesangial,Lineage4,ITGAM,9,0.8500000000000001,0.0,3,3.0
Glomerular,endothelial_mesangial,Lineage4,ITGAM,10,0.95,0.0,3,3.0
Glomerular,endothelial_mesangial,Lineage1,ITGAX,1,0.05,0.0091315010780686,30,22.392261111916422
Glomerular,endothelial_mesangial,Lineage1,ITGAX,2,0.15,0.0187153386007247,21,16.770508313234288
Glomerular,endothelial_mesangial,Lineage1,ITGAX,3,0.25,0.0213684495932428,41,27.881478252189556
Glomerular,endothelial_mesangial,Lineage1,ITGAX,4,0.35,0.0056180450850414,35,28.01466208052067
Glomerular,endothelial_mesangial,Lineage1,ITGAX,5,0.45,0.0268496623097727,20,15.955623930152456
Glomerular,endothelial_mesangial,Lineage1,ITGAX,6,0.55,0.0129871499729738,18,18.0
Glomerular,endothelial_mesangial,Lineage1,ITGAX,7,0.6500000000000001,0.0746412281575052,11,11.0
Glomerular,endothelial_mesangial,Lineage1,ITGAX,8,0.75,0.0266458159871144,5,4.548367492966558
Glomerular,endothelial_mesangial,Lineage1,ITGAX,9,0.8500000000000001,0.0191444196239779,3,3.0
Glomerular,endothelial_mesangial,Lineage1,ITGAX,10,0.95,0.0138760355799828,3,3.0
Glomerular,endothelial_mesangial,Lineage2,ITGAX,1,0.05,0.0115099596552795,19,16.87220874561517
Glomerular,endothelial_mesangial,Lineage2,ITGAX,2,0.15,0.0155406248800103,15,12.590230489830642
Glomerular,endothelial_mesangial,Lineage2,ITGAX,3,0.25,0.0165333719255883,8,7.828071142391974
Glomerular,endothelial_mesangial,Lineage2,ITGAX,4,0.35,0.0404911564481071,15,14.498697759948907
Glomerular,endothelial_mesangial,Lineage2,ITGAX,5,0.45,0.0044083306564181,56,37.22345151159875
Glomerular,endothelial_mesangial,Lineage2,ITGAX,6,0.55,0.0,21,21.0
Glomerular,endothelial_mesangial,Lineage2,ITGAX,7,0.6500000000000001,0.0,11,10.952273387833358
Glomerular,endothelial_mesangial,Lineage2,ITGAX,8,0.75,0.0044715386910699,15,15.0
Glomerular,endothelial_mesangial,Lineage2,ITGAX,9,0.8500000000000001,0.0,11,10.507800541577003
Glomerular,endothelial_mesangial,Lineage2,ITGAX,10,0.95,0.0,3,3.0
Glomerular,endothelial_mesangial,Lineage3,ITGAX,1,0.05,0.0145514367943212,35,27.46777610508315
Glomerular,endothelial_mesangial,Lineage3,ITGAX,2,0.15,0.0124001856652437,26,19.29158406953158
Glomerular,endothelial_mesangial,Lineage3,ITGAX,3,0.25,0.0135163807938322,62,45.20052784423752
Glomerular,endothelial_mesangial,Lineage3,ITGAX,4,0.35,0.0127238606460974,28,23.465852899351027
Glomerular,endothelial_mesangial,Lineage3,ITGAX,5,0.45,0.0385945905355118,13,12.253402703634665
Glomerular,endothelial_mesangial,Lineage3,ITGAX,6,0.55,0.2098186814293039,7,7.0
Glomerular,endothelial_mesangial,Lineage3,ITGAX,7,0.6500000000000001,0.0187837796958767,7,7.0
Glomerular,endothelial_mesangial,Lineage3,ITGAX,8,0.75,0.0394088928645611,6,6.0
Glomerular,endothelial_mesangial,Lineage3,ITGAX,9,0.8500000000000001,0.0,5,5.0
Glomerular,endothelial_mesangial,Lineage3,ITGAX,10,0.95,0.0181560029815868,8,8.0
Glomerular,endothelial_mesangial,Lineage4,ITGAX,1,0.05,0.0177152029297624,21,15.981834425468282
Glomerular,endothelial_mesangial,Lineage4,ITGAX,2,0.15,0.0097542918066579,12,12.0
Glomerular,endothelial_mesangial,Lineage4,ITGAX,3,0.25,0.0053849099166754,10,10.0
Glomerular,endothelial_mesangial,Lineage4,ITGAX,4,0.35,0.0055573768947529,7,7.0
Glomerular,endothelial_mesangial,Lineage4,ITGAX,5,0.45,0.0174678545825308,9,9.0
Glomerular,endothelial_mesangial,Lineage4,ITGAX,6,0.55,0.0479751898916099,5,5.0
Glomerular,endothelial_mesangial,Lineage4,ITGAX,7,0.6500000000000001,0.0615789111771319,3,3.0
Glomerular,endothelial_mesangial,Lineage4,ITGAX,8,0.75,0.0,5,5.0
Glomerular,endothelial_mesangial,Lineage4,ITGAX,9,0.8500000000000001,0.0,3,3.0
Glomerular,endothelial_mesangial,Lineage4,ITGAX,10,0.95,0.0,3,3.0
Glomerular,endothelial_mesangial,Lineage1,VSIG4,1,0.05,0.0023045994411859,30,22.392261111916422
Glomerular,endothelial_mesangial,Lineage1,VSIG4,2,0.15,0.0,21,16.770508313234288
Glomerular,endothelial_mesangial,Lineage1,VSIG4,3,0.25,0.0008407237343048,41,27.881478252189556
Glomerular,endothelial_mesangial,Lineage1,VSIG4,4,0.35,0.0135548745644452,35,28.01466208052067
Glomerular,endothelial_mesangial,Lineage1,VSIG4,5,0.45,0.0007498124900964,20,15.955623930152456
Glomerular,endothelial_mesangial,Lineage1,VSIG4,6,0.55,0.005828835647701,18,18.0
Glomerular,endothelial_mesangial,Lineage1,VSIG4,7,0.6500000000000001,0.0160041718663559,11,11.0
Glomerular,endothelial_mesangial,Lineage1,VSIG4,8,0.75,0.0,5,4.548367492966558
Glomerular,endothelial_mesangial,Lineage1,VSIG4,9,0.8500000000000001,0.0,3,3.0
Glomerular,endothelial_mesangial,Lineage1,VSIG4,10,0.95,0.0138760355799828,3,3.0
Glomerular,endothelial_mesangial,Lineage2,VSIG4,1,0.05,0.0030509255324885,19,16.87220874561517
Glomerular,endothelial_mesangial,Lineage2,VSIG4,2,0.15,0.0,15,12.590230489830642
Glomerular,endothelial_mesangial,Lineage2,VSIG4,3,0.25,0.0,8,7.828071142391974
Glomerular,endothelial_mesangial,Lineage2,VSIG4,4,0.35,0.0,15,14.498697759948907
Glomerular,endothelial_mesangial,Lineage2,VSIG4,5,0.45,0.0117790049893015,56,37.22345151159875
Glomerular,endothelial_mesangial,Lineage2,VSIG4,6,0.55,0.0026218171418984,21,21.0
Glomerular,endothelial_mesangial,Lineage2,VSIG4,7,0.6500000000000001,0.0,11,10.952273387833358
Glomerular,endothelial_mesangial,Lineage2,VSIG4,8,0.75,0.0,15,15.0
Glomerular,endothelial_mesangial,Lineage2,VSIG4,9,0.8500000000000001,0.0060145227271852,11,10.507800541577003
Glomerular,endothelial_mesangial,Lineage2,VSIG4,10,0.95,0.0306481309134573,3,3.0
Glomerular,endothelial_mesangial,Lineage3,VSIG4,1,0.05,0.0018693079448183,35,27.46777610508315
Glomerular,endothelial_mesangial,Lineage3,VSIG4,2,0.15,0.0,26,19.29158406953158
Glomerular,endothelial_mesangial,Lineage3,VSIG4,3,0.25,0.0069267479088627,62,45.20052784423752
Glomerular,endothelial_mesangial,Lineage3,VSIG4,4,0.35,0.0102983363412166,28,23.465852899351027
Glomerular,endothelial_mesangial,Lineage3,VSIG4,5,0.45,0.011385276858383,13,12.253402703634665
Glomerular,endothelial_mesangial,Lineage3,VSIG4,6,0.55,0.0,7,7.0
Glomerular,endothelial_mesangial,Lineage3,VSIG4,7,0.6500000000000001,0.0,7,7.0
Glomerular,endothelial_mesangial,Lineage3,VSIG4,8,0.75,0.0058728533657879,6,6.0
Glomerular,endothelial_mesangial,Lineage3,VSIG4,9,0.8500000000000001,0.0163616803185641,5,5.0
Glomerular,endothelial_mesangial,Lineage3,VSIG4,10,0.95,0.1858659839168099,8,8.0
Glomerular,endothelial_mesangial,Lineage4,VSIG4,1,0.05,0.0,21,15.981834425468282
Glomerular,endothelial_mesangial,Lineage4,VSIG4,2,0.15,0.0050197838154363,12,12.0
Glomerular,endothelial_mesangial,Lineage4,VSIG4,3,0.25,0.0062189759179715,10,10.0
Glomerular,endothelial_mesangial,Lineage4,VSIG4,4,0.35,0.0046257082278506,7,7.0
Glomerular,endothelial_mesangial,Lineage4,VSIG4,5,0.45,0.0215681296428654,9,9.0
Glomerular,endothelial_mesangial,Lineage4,VSIG4,6,0.55,0.0088416485111272,5,5.0
Glomerular,endothelial_mesangial,Lineage4,VSIG4,7,0.6500000000000001,0.0,3,3.0
Glomerular,endothelial_mesangial,Lineage4,VSIG4,8,0.75,0.0092267709237966,5,5.0
Glomerular,endothelial_mesangial,Lineage4,VSIG4,9,0.8500000000000001,0.0,3,3.0
Glomerular,endothelial_mesangial,Lineage4,VSIG4,10,0.95,0.0,3,3.0
Glomerular,endothelial_mesangial,Lineage1,CFH,1,0.05,0.0416156013798492,30,22.392261111916422
Glomerular,endothelial_mesangial,Lineage1,CFH,2,0.15,0.1171781518210954,21,16.770508313234288
Glomerular,endothelial_mesangial,Lineage1,CFH,3,0.25,0.1253501810993725,41,27.881478252189556
Glomerular,endothelial_mesangial,Lineage1,CFH,4,0.35,0.1231870820517602,35,28.01466208052067
Glomerular,endothelial_mesangial,Lineage1,CFH,5,0.45,0.139406701088765,20,15.955623930152456
Glomerular,endothelial_mesangial,Lineage1,CFH,6,0.55,0.5174928301378565,18,18.0
Glomerular,endothelial_mesangial,Lineage1,CFH,7,0.6500000000000001,0.5819643089439386,11,11.0
Glomerular,endothelial_mesangial,Lineage1,CFH,8,0.75,0.2961202398238285,5,4.548367492966558
Glomerular,endothelial_mesangial,Lineage1,CFH,9,0.8500000000000001,0.5788238809983143,3,3.0
Glomerular,endothelial_mesangial,Lineage1,CFH,10,0.95,0.4115853571190175,3,3.0
Glomerular,endothelial_mesangial,Lineage2,CFH,1,0.05,0.0467519463792251,19,16.87220874561517
Glomerular,endothelial_mesangial,Lineage2,CFH,2,0.15,0.0541978396987399,15,12.590230489830642
Glomerular,endothelial_mesangial,Lineage2,CFH,3,0.25,0.1474257388081731,8,7.828071142391974
Glomerular,endothelial_mesangial,Lineage2,CFH,4,0.35,0.1010295431871191,15,14.498697759948907
Glomerular,endothelial_mesangial,Lineage2,CFH,5,0.45,0.1364203506982748,56,37.22345151159875
Glomerular,endothelial_mesangial,Lineage2,CFH,6,0.55,0.1475660851431342,21,21.0
Glomerular,endothelial_mesangial,Lineage2,CFH,7,0.6500000000000001,0.1036845346420748,11,10.952273387833358
Glomerular,endothelial_mesangial,Lineage2,CFH,8,0.75,0.1454061397562112,15,15.0
Glomerular,endothelial_mesangial,Lineage2,CFH,9,0.8500000000000001,0.0822525057951315,11,10.507800541577003
Glomerular,endothelial_mesangial,Lineage2,CFH,10,0.95,0.1172118876379377,3,3.0
Glomerular,endothelial_mesangial,Lineage3,CFH,1,0.05,0.0489906393444272,35,27.46777610508315
Glomerular,endothelial_mesangial,Lineage3,CFH,2,0.15,0.1346111656439196,26,19.29158406953158
Glomerular,endothelial_mesangial,Lineage3,CFH,3,0.25,0.1344825899218435,62,45.20052784423752
Glomerular,endothelial_mesangial,Lineage3,CFH,4,0.35,0.1211267399515118,28,23.465852899351027
Glomerular,endothelial_mesangial,Lineage3,CFH,5,0.45,0.2581126744819469,13,12.253402703634665
Glomerular,endothelial_mesangial,Lineage3,CFH,6,0.55,0.2589177491078569,7,7.0
Glomerular,endothelial_mesangial,Lineage3,CFH,7,0.6500000000000001,0.8602315328058229,7,7.0
Glomerular,endothelial_mesangial,Lineage3,CFH,8,0.75,0.6698799501724709,6,6.0
Glomerular,endothelial_mesangial,Lineage3,CFH,9,0.8500000000000001,1.0274180829640776,5,5.0
Glomerular,endothelial_mesangial,Lineage3,CFH,10,0.95,1.0271085132999014,8,8.0
Glomerular,endothelial_mesangial,Lineage4,CFH,1,0.05,0.0578624866394142,21,15.981834425468282
Glomerular,endothelial_mesangial,Lineage4,CFH,2,0.15,0.035256888780899,12,12.0
Glomerular,endothelial_mesangial,Lineage4,CFH,3,0.25,0.1171530822399962,10,10.0
Glomerular,endothelial_mesangial,Lineage4,CFH,4,0.35,0.0973720786558678,7,7.0
Glomerular,endothelial_mesangial,Lineage4,CFH,5,0.45,0.1310566656936784,9,9.0
Glomerular,endothelial_mesangial,Lineage4,CFH,6,0.55,0.0581717924546539,5,5.0
Glomerular,endothelial_mesangial,Lineage4,CFH,7,0.6500000000000001,0.0625920945129255,3,3.0
Glomerular,endothelial_mesangial,Lineage4,CFH,8,0.75,0.0686013523216439,5,5.0
Glomerular,endothelial_mesangial,Lineage4,CFH,9,0.8500000000000001,0.1266771253434465,3,3.0
Glomerular,endothelial_mesangial,Lineage4,CFH,10,0.95,0.0442462030246862,3,3.0
Glomerular,endothelial_mesangial,Lineage1,CFI,1,0.05,0.0969142260441926,30,22.392261111916422
Glomerular,endothelial_mesangial,Lineage1,CFI,2,0.15,0.2446402887666889,21,16.770508313234288
Glomerular,endothelial_mesangial,Lineage1,CFI,3,0.25,0.2197856328805999,41,27.881478252189556
Glomerular,endothelial_mesangial,Lineage1,CFI,4,0.35,0.3092737281938524,35,28.01466208052067
Glomerular,endothelial_mesangial,Lineage1,CFI,5,0.45,0.2098535712427334,20,15.955623930152456
Glomerular,endothelial_mesangial,Lineage1,CFI,6,0.55,0.2748323348143233,18,18.0
Glomerular,endothelial_mesangial,Lineage1,CFI,7,0.6500000000000001,0.1211925943072644,11,11.0
Glomerular,endothelial_mesangial,Lineage1,CFI,8,0.75,0.2917766302863414,5,4.548367492966558
Glomerular,endothelial_mesangial,Lineage1,CFI,9,0.8500000000000001,0.062912152697477,3,3.0
Glomerular,endothelial_mesangial,Lineage1,CFI,10,0.95,0.0445092737638706,3,3.0
Glomerular,endothelial_mesangial,Lineage2,CFI,1,0.05,0.1048677684976651,19,16.87220874561517
Glomerular,endothelial_mesangial,Lineage2,CFI,2,0.15,0.1967886287077691,15,12.590230489830642
Glomerular,endothelial_mesangial,Lineage2,CFI,3,0.25,0.2341820571562582,8,7.828071142391974
Glomerular,endothelial_mesangial,Lineage2,CFI,4,0.35,0.189883021516632,15,14.498697759948907
Glomerular,endothelial_mesangial,Lineage2,CFI,5,0.45,0.3360691398260157,56,37.22345151159875
Glomerular,endothelial_mesangial,Lineage2,CFI,6,0.55,0.2581944553635207,21,21.0
Glomerular,endothelial_mesangial,Lineage2,CFI,7,0.6500000000000001,0.2966020764352312,11,10.952273387833358
Glomerular,endothelial_mesangial,Lineage2,CFI,8,0.75,0.3248378443045016,15,15.0
Glomerular,endothelial_mesangial,Lineage2,CFI,9,0.8500000000000001,0.3666578883158211,11,10.507800541577003
Glomerular,endothelial_mesangial,Lineage2,CFI,10,0.95,0.3301759323594075,3,3.0
Glomerular,endothelial_mesangial,Lineage3,CFI,1,0.05,0.1279425777717044,35,27.46777610508315
Glomerular,endothelial_mesangial,Lineage3,CFI,2,0.15,0.1935172176356966,26,19.29158406953158
Glomerular,endothelial_mesangial,Lineage3,CFI,3,0.25,0.2881845067497728,62,45.20052784423752
Glomerular,endothelial_mesangial,Lineage3,CFI,4,0.35,0.3528378971480077,28,23.465852899351027
Glomerular,endothelial_mesangial,Lineage3,CFI,5,0.45,0.4514293803409134,13,12.253402703634665
Glomerular,endothelial_mesangial,Lineage3,CFI,6,0.55,0.4864221228438,7,7.0
Glomerular,endothelial_mesangial,Lineage3,CFI,7,0.6500000000000001,0.3936926872561578,7,7.0
Glomerular,endothelial_mesangial,Lineage3,CFI,8,0.75,0.3428730304387837,6,6.0
Glomerular,endothelial_mesangial,Lineage3,CFI,9,0.8500000000000001,0.4109032543016188,5,5.0
Glomerular,endothelial_mesangial,Lineage3,CFI,10,0.95,0.4758067958981353,8,8.0
Glomerular,endothelial_mesangial,Lineage4,CFI,1,0.05,0.1556783972913121,21,15.981834425468282
Glomerular,endothelial_mesangial,Lineage4,CFI,2,0.15,0.1238474538098866,12,12.0
Glomerular,endothelial_mesangial,Lineage4,CFI,3,0.25,0.0870275959938066,10,10.0
Glomerular,endothelial_mesangial,Lineage4,CFI,4,0.35,0.1257984965326774,7,7.0
Glomerular,endothelial_mesangial,Lineage4,CFI,5,0.45,0.1291133385792396,9,9.0
Glomerular,endothelial_mesangial,Lineage4,CFI,6,0.55,0.1740777558897044,5,5.0
Glomerular,endothelial_mesangial,Lineage4,CFI,7,0.6500000000000001,0.0480111291396967,3,3.0
Glomerular,endothelial_mesangial,Lineage4,CFI,8,0.75,0.0,5,5.0
Glomerular,endothelial_mesangial,Lineage4,CFI,9,0.8500000000000001,0.0300978816319082,3,3.0
Glomerular,endothelial_mesangial,Lineage4,CFI,10,0.95,0.0289904965114102,3,3.0
Glomerular,endothelial_mesangial,Lineage1,CD46,1,0.05,0.836701931850208,30,22.392261111916422
Glomerular,endothelial_mesangial,Lineage1,CD46,2,0.15,0.9189875765524396,21,16.770508313234288
Glomerular,endothelial_mesangial,Lineage1,CD46,3,0.25,0.9538326168146508,41,27.881478252189556
Glomerular,endothelial_mesangial,Lineage1,CD46,4,0.35,0.9104941299012956,35,28.01466208052067
Glomerular,endothelial_mesangial,Lineage1,CD46,5,0.45,0.8618536980228131,20,15.955623930152456
Glomerular,endothelial_mesangial,Lineage1,CD46,6,0.55,0.8860786184168508,18,18.0
Glomerular,endothelial_mesangial,Lineage1,CD46,7,0.6500000000000001,0.8870211631833557,11,11.0
Glomerular,endothelial_mesangial,Lineage1,CD46,8,0.75,1.141336203798457,5,4.548367492966558
Glomerular,endothelial_mesangial,Lineage1,CD46,9,0.8500000000000001,1.1892014531870505,3,3.0
Glomerular,endothelial_mesangial,Lineage1,CD46,10,0.95,1.0889888531052778,3,3.0
Glomerular,endothelial_mesangial,Lineage2,CD46,1,0.05,0.8399540583454054,19,16.87220874561517
Glomerular,endothelial_mesangial,Lineage2,CD46,2,0.15,0.8246175979040914,15,12.590230489830642
Glomerular,endothelial_mesangial,Lineage2,CD46,3,0.25,0.970177052644902,8,7.828071142391974
Glomerular,endothelial_mesangial,Lineage2,CD46,4,0.35,0.8862504255703778,15,14.498697759948907
Glomerular,endothelial_mesangial,Lineage2,CD46,5,0.45,1.0124258456776374,56,37.22345151159875
Glomerular,endothelial_mesangial,Lineage2,CD46,6,0.55,1.027072573828759,21,21.0
Glomerular,endothelial_mesangial,Lineage2,CD46,7,0.6500000000000001,0.9790484531631958,11,10.952273387833358
Glomerular,endothelial_mesangial,Lineage2,CD46,8,0.75,1.1906036493961127,15,15.0
Glomerular,endothelial_mesangial,Lineage2,CD46,9,0.8500000000000001,1.169430424946139,11,10.507800541577003
Glomerular,endothelial_mesangial,Lineage2,CD46,10,0.95,1.489563728183562,3,3.0
Glomerular,endothelial_mesangial,Lineage3,CD46,1,0.05,0.8369307091205551,35,27.46777610508315
Glomerular,endothelial_mesangial,Lineage3,CD46,2,0.15,0.9324367903967724,26,19.29158406953158
Glomerular,endothelial_mesangial,Lineage3,CD46,3,0.25,0.9558931322911316,62,45.20052784423752
Glomerular,endothelial_mesangial,Lineage3,CD46,4,0.35,1.040857718563292,28,23.465852899351027
Glomerular,endothelial_mesangial,Lineage3,CD46,5,0.45,1.0574000745517873,13,12.253402703634665
Glomerular,endothelial_mesangial,Lineage3,CD46,6,0.55,0.8481586851702124,7,7.0
Glomerular,endothelial_mesangial,Lineage3,CD46,7,0.6500000000000001,1.0671784930073964,7,7.0
Glomerular,endothelial_mesangial,Lineage3,CD46,8,0.75,0.6018456053365945,6,6.0
Glomerular,endothelial_mesangial,Lineage3,CD46,9,0.8500000000000001,1.245204471163052,5,5.0
Glomerular,endothelial_mesangial,Lineage3,CD46,10,0.95,0.5801795696594382,8,8.0
Glomerular,endothelial_mesangial,Lineage4,CD46,1,0.05,0.8628961570008056,21,15.981834425468282
Glomerular,endothelial_mesangial,Lineage4,CD46,2,0.15,0.7928564785455015,12,12.0
Glomerular,endothelial_mesangial,Lineage4,CD46,3,0.25,0.7988151384456311,10,10.0
Glomerular,endothelial_mesangial,Lineage4,CD46,4,0.35,0.9338785778056492,7,7.0
Glomerular,endothelial_mesangial,Lineage4,CD46,5,0.45,0.9841085368477666,9,9.0
Glomerular,endothelial_mesangial,Lineage4,CD46,6,0.55,0.8929244629982005,5,5.0
Glomerular,endothelial_mesangial,Lineage4,CD46,7,0.6500000000000001,0.6657414845817842,3,3.0
Glomerular,endothelial_mesangial,Lineage4,CD46,8,0.75,0.858672091110844,5,5.0
Glomerular,endothelial_mesangial,Lineage4,CD46,9,0.8500000000000001,1.081881753152626,3,3.0
Glomerular,endothelial_mesangial,Lineage4,CD46,10,0.95,1.058399463296576,3,3.0
Glomerular,endothelial_mesangial,Lineage1,CD55,1,0.05,0.1297397597901328,30,22.392261111916422
Glomerular,endothelial_mesangial,Lineage1,CD55,2,0.15,0.1776977507758362,21,16.770508313234288
Glomerular,endothelial_mesangial,Lineage1,CD55,3,0.25,0.2064913597892857,41,27.881478252189556
Glomerular,endothelial_mesangial,Lineage1,CD55,4,0.35,0.1717985186579877,35,28.01466208052067
Glomerular,endothelial_mesangial,Lineage1,CD55,5,0.45,0.226421393597331,20,15.955623930152456
Glomerular,endothelial_mesangial,Lineage1,CD55,6,0.55,0.2708805639631456,18,18.0
Glomerular,endothelial_mesangial,Lineage1,CD55,7,0.6500000000000001,0.3283688617751528,11,11.0
Glomerular,endothelial_mesangial,Lineage1,CD55,8,0.75,0.3909880935120288,5,4.548367492966558
Glomerular,endothelial_mesangial,Lineage1,CD55,9,0.8500000000000001,0.2495003468526526,3,3.0
Glomerular,endothelial_mesangial,Lineage1,CD55,10,0.95,0.4956616267989037,3,3.0
Glomerular,endothelial_mesangial,Lineage2,CD55,1,0.05,0.1400257422174036,19,16.87220874561517
Glomerular,endothelial_mesangial,Lineage2,CD55,2,0.15,0.095622130235178,15,12.590230489830642
Glomerular,endothelial_mesangial,Lineage2,CD55,3,0.25,0.1974252270217706,8,7.828071142391974
Glomerular,endothelial_mesangial,Lineage2,CD55,4,0.35,0.2034126422317558,15,14.498697759948907
Glomerular,endothelial_mesangial,Lineage2,CD55,5,0.45,0.1873633706116014,56,37.22345151159875
Glomerular,endothelial_mesangial,Lineage2,CD55,6,0.55,0.2203374439284993,21,21.0
Glomerular,endothelial_mesangial,Lineage2,CD55,7,0.6500000000000001,0.2565971963399689,11,10.952273387833358
Glomerular,endothelial_mesangial,Lineage2,CD55,8,0.75,0.1736781233242456,15,15.0
Glomerular,endothelial_mesangial,Lineage2,CD55,9,0.8500000000000001,0.1502376190656007,11,10.507800541577003
Glomerular,endothelial_mesangial,Lineage2,CD55,10,0.95,0.0890422584925265,3,3.0
Glomerular,endothelial_mesangial,Lineage3,CD55,1,0.05,0.1256893978795291,35,27.46777610508315
Glomerular,endothelial_mesangial,Lineage3,CD55,2,0.15,0.2050976166205725,26,19.29158406953158
Glomerular,endothelial_mesangial,Lineage3,CD55,3,0.25,0.1805471591107474,62,45.20052784423752
Glomerular,endothelial_mesangial,Lineage3,CD55,4,0.35,0.2327391637815262,28,23.465852899351027
Glomerular,endothelial_mesangial,Lineage3,CD55,5,0.45,0.2964363894536787,13,12.253402703634665
Glomerular,endothelial_mesangial,Lineage3,CD55,6,0.55,0.2334575574573597,7,7.0
Glomerular,endothelial_mesangial,Lineage3,CD55,7,0.6500000000000001,0.1489303712663803,7,7.0
Glomerular,endothelial_mesangial,Lineage3,CD55,8,0.75,0.2377692603517256,6,6.0
Glomerular,endothelial_mesangial,Lineage3,CD55,9,0.8500000000000001,0.3227711007218885,5,5.0
Glomerular,endothelial_mesangial,Lineage3,CD55,10,0.95,0.1595676951380066,8,8.0
Glomerular,endothelial_mesangial,Lineage4,CD55,1,0.05,0.1336862235353719,21,15.981834425468282
Glomerular,endothelial_mesangial,Lineage4,CD55,2,0.15,0.1213204312579159,12,12.0
Glomerular,endothelial_mesangial,Lineage4,CD55,3,0.25,0.1229011756192229,10,10.0
Glomerular,endothelial_mesangial,Lineage4,CD55,4,0.35,0.1040576443056075,7,7.0
Glomerular,endothelial_mesangial,Lineage4,CD55,5,0.45,0.238120421324688,9,9.0
Glomerular,endothelial_mesangial,Lineage4,CD55,6,0.55,0.2059188119316655,5,5.0
Glomerular,endothelial_mesangial,Lineage4,CD55,7,0.6500000000000001,0.6390585343014711,3,3.0
Glomerular,endothelial_mesangial,Lineage4,CD55,8,0.75,0.8821000585331602,5,5.0
Glomerular,endothelial_mesangial,Lineage4,CD55,9,0.8500000000000001,0.1028435741496431,3,3.0
Glomerular,endothelial_mesangial,Lineage4,CD55,10,0.95,0.094701163093135,3,3.0
Glomerular,endothelial_mesangial,Lineage1,CD59,1,0.05,0.5853764712943258,30,22.392261111916422
Glomerular,endothelial_mesangial,Lineage1,CD59,2,0.15,0.6631596949503887,21,16.770508313234288
Glomerular,endothelial_mesangial,Lineage1,CD59,3,0.25,0.757937605092906,41,27.881478252189556
Glomerular,endothelial_mesangial,Lineage1,CD59,4,0.35,0.7303767042419741,35,28.01466208052067
Glomerular,endothelial_mesangial,Lineage1,CD59,5,0.45,0.6140725667310629,20,15.955623930152456
Glomerular,endothelial_mesangial,Lineage1,CD59,6,0.55,0.5921939558284317,18,18.0
Glomerular,endothelial_mesangial,Lineage1,CD59,7,0.6500000000000001,0.3972389064685306,11,11.0
Glomerular,endothelial_mesangial,Lineage1,CD59,8,0.75,0.5818386002498636,5,4.548367492966558
Glomerular,endothelial_mesangial,Lineage1,CD59,9,0.8500000000000001,0.5060436020332645,3,3.0
Glomerular,endothelial_mesangial,Lineage1,CD59,10,0.95,0.6050150054876376,3,3.0
Glomerular,endothelial_mesangial,Lineage2,CD59,1,0.05,0.500200083364969,19,16.87220874561517
Glomerular,endothelial_mesangial,Lineage2,CD59,2,0.15,0.583341929850465,15,12.590230489830642
Glomerular,endothelial_mesangial,Lineage2,CD59,3,0.25,0.8275456635354039,8,7.828071142391974
Glomerular,endothelial_mesangial,Lineage2,CD59,4,0.35,0.5866937143226892,15,14.498697759948907
Glomerular,endothelial_mesangial,Lineage2,CD59,5,0.45,0.9160515804482264,56,37.22345151159875
Glomerular,endothelial_mesangial,Lineage2,CD59,6,0.55,0.959555549856933,21,21.0
Glomerular,endothelial_mesangial,Lineage2,CD59,7,0.6500000000000001,0.7424678712821102,11,10.952273387833358
Glomerular,endothelial_mesangial,Lineage2,CD59,8,0.75,1.2001245927973303,15,15.0
Glomerular,endothelial_mesangial,Lineage2,CD59,9,0.8500000000000001,1.111231966177014,11,10.507800541577003
Glomerular,endothelial_mesangial,Lineage2,CD59,10,0.95,1.1470308318688556,3,3.0
Glomerular,endothelial_mesangial,Lineage3,CD59,1,0.05,0.558402714499431,35,27.46777610508315
Glomerular,endothelial_mesangial,Lineage3,CD59,2,0.15,0.7204407315417105,26,19.29158406953158
Glomerular,endothelial_mesangial,Lineage3,CD59,3,0.25,0.8153029330574156,62,45.20052784423752
Glomerular,endothelial_mesangial,Lineage3,CD59,4,0.35,0.913799009321476,28,23.465852899351027
Glomerular,endothelial_mesangial,Lineage3,CD59,5,0.45,0.8186805672046455,13,12.253402703634665
Glomerular,endothelial_mesangial,Lineage3,CD59,6,0.55,0.7350167479821638,7,7.0
Glomerular,endothelial_mesangial,Lineage3,CD59,7,0.6500000000000001,1.0271464120882785,7,7.0
Glomerular,endothelial_mesangial,Lineage3,CD59,8,0.75,0.6047041230309506,6,6.0
Glomerular,endothelial_mesangial,Lineage3,CD59,9,0.8500000000000001,1.2113667895288365,5,5.0
Glomerular,endothelial_mesangial,Lineage3,CD59,10,0.95,0.4863651665245725,8,8.0
Glomerular,endothelial_mesangial,Lineage4,CD59,1,0.05,0.4576054128252371,21,15.981834425468282
Glomerular,endothelial_mesangial,Lineage4,CD59,2,0.15,0.6479934723138351,12,12.0
Glomerular,endothelial_mesangial,Lineage4,CD59,3,0.25,0.8203639789316547,10,10.0
Glomerular,endothelial_mesangial,Lineage4,CD59,4,0.35,0.7195916715284224,7,7.0
Glomerular,endothelial_mesangial,Lineage4,CD59,5,0.45,1.0522499164906227,9,9.0
Glomerular,endothelial_mesangial,Lineage4,CD59,6,0.55,1.136198206617967,5,5.0
Glomerular,endothelial_mesangial,Lineage4,CD59,7,0.6500000000000001,1.120346375064811,3,3.0
Glomerular,endothelial_mesangial,Lineage4,CD59,8,0.75,1.6282220920794512,5,5.0
Glomerular,endothelial_mesangial,Lineage4,CD59,9,0.8500000000000001,0.8083629149844279,3,3.0
Glomerular,endothelial_mesangial,Lineage4,CD59,10,0.95,0.6757051948423808,3,3.0
Glomerular,endothelial_mesangial,Lineage1,SERPING1,1,0.05,0.2178719243803829,30,22.392261111916422
Glomerular,endothelial_mesangial,Lineage1,SERPING1,2,0.15,0.3626922216966897,21,16.770508313234288
Glomerular,endothelial_mesangial,Lineage1,SERPING1,3,0.25,0.4523975793373427,41,27.881478252189556
Glomerular,endothelial_mesangial,Lineage1,SERPING1,4,0.35,0.4292254586511567,35,28.01466208052067
Glomerular,endothelial_mesangial,Lineage1,SERPING1,5,0.45,0.3987213985288158,20,15.955623930152456
Glomerular,endothelial_mesangial,Lineage1,SERPING1,6,0.55,0.4166914075454627,18,18.0
Glomerular,endothelial_mesangial,Lineage1,SERPING1,7,0.6500000000000001,0.3760129527533177,11,11.0
Glomerular,endothelial_mesangial,Lineage1,SERPING1,8,0.75,0.418216292908624,5,4.548367492966558
Glomerular,endothelial_mesangial,Lineage1,SERPING1,9,0.8500000000000001,0.2879383446512724,3,3.0
Glomerular,endothelial_mesangial,Lineage1,SERPING1,10,0.95,0.4187209173194082,3,3.0
Glomerular,endothelial_mesangial,Lineage2,SERPING1,1,0.05,0.1703463641886752,19,16.87220874561517
Glomerular,endothelial_mesangial,Lineage2,SERPING1,2,0.15,0.2823630958220423,15,12.590230489830642
Glomerular,endothelial_mesangial,Lineage2,SERPING1,3,0.25,0.4075864333512336,8,7.828071142391974
Glomerular,endothelial_mesangial,Lineage2,SERPING1,4,0.35,0.3701925232631876,15,14.498697759948907
Glomerular,endothelial_mesangial,Lineage2,SERPING1,5,0.45,0.5069179103185928,56,37.22345151159875
Glomerular,endothelial_mesangial,Lineage2,SERPING1,6,0.55,0.510482637306411,21,21.0
Glomerular,endothelial_mesangial,Lineage2,SERPING1,7,0.6500000000000001,0.4673558477231587,11,10.952273387833358
Glomerular,endothelial_mesangial,Lineage2,SERPING1,8,0.75,0.8929432379489168,15,15.0
Glomerular,endothelial_mesangial,Lineage2,SERPING1,9,0.8500000000000001,0.7724883718032485,11,10.507800541577003
Glomerular,endothelial_mesangial,Lineage2,SERPING1,10,0.95,0.9130001815413772,3,3.0
Glomerular,endothelial_mesangial,Lineage3,SERPING1,1,0.05,0.2207508809930106,35,27.46777610508315
Glomerular,endothelial_mesangial,Lineage3,SERPING1,2,0.15,0.3801390312115216,26,19.29158406953158
Glomerular,endothelial_mesangial,Lineage3,SERPING1,3,0.25,0.4821024058123571,62,45.20052784423752
Glomerular,endothelial_mesangial,Lineage3,SERPING1,4,0.35,0.5019773897544276,28,23.465852899351027
Glomerular,endothelial_mesangial,Lineage3,SERPING1,5,0.45,0.5317021729093827,13,12.253402703634665
Glomerular,endothelial_mesangial,Lineage3,SERPING1,6,0.55,0.2943612991762086,7,7.0
Glomerular,endothelial_mesangial,Lineage3,SERPING1,7,0.6500000000000001,0.4815205261933066,7,7.0
Glomerular,endothelial_mesangial,Lineage3,SERPING1,8,0.75,0.2502495416867903,6,6.0
Glomerular,endothelial_mesangial,Lineage3,SERPING1,9,0.8500000000000001,0.6678998252109924,5,5.0
Glomerular,endothelial_mesangial,Lineage3,SERPING1,10,0.95,0.3317103086917231,8,8.0
Glomerular,endothelial_mesangial,Lineage4,SERPING1,1,0.05,0.1745212593892685,21,15.981834425468282
Glomerular,endothelial_mesangial,Lineage4,SERPING1,2,0.15,0.2615071672997431,12,12.0
Glomerular,endothelial_mesangial,Lineage4,SERPING1,3,0.25,0.3257368483731941,10,10.0
Glomerular,endothelial_mesangial,Lineage4,SERPING1,4,0.35,0.3888696614773854,7,7.0
Glomerular,endothelial_mesangial,Lineage4,SERPING1,5,0.45,0.5180043002343631,9,9.0
Glomerular,endothelial_mesangial,Lineage4,SERPING1,6,0.55,0.3194963122396738,5,5.0
Glomerular,endothelial_mesangial,Lineage4,SERPING1,7,0.6500000000000001,0.2052733455078638,3,3.0
Glomerular,endothelial_mesangial,Lineage4,SERPING1,8,0.75,0.1770246531789977,5,5.0
Glomerular,endothelial_mesangial,Lineage4,SERPING1,9,0.8500000000000001,0.2346495011894719,3,3.0
Glomerular,endothelial_mesangial,Lineage4,SERPING1,10,0.95,0.1688692746273802,3,3.0
Glomerular,endothelial_mesangial,Lineage1,CFHR1,1,0.05,0.0,30,22.392261111916422
Glomerular,endothelial_mesangial,Lineage1,CFHR1,2,0.15,0.0007650870491696,21,16.770508313234288
Glomerular,endothelial_mesangial,Lineage1,CFHR1,3,0.25,0.0067561218970907,41,27.881478252189556
Glomerular,endothelial_mesangial,Lineage1,CFHR1,4,0.35,0.0,35,28.01466208052067
Glomerular,endothelial_mesangial,Lineage1,CFHR1,5,0.45,0.0049049872501952,20,15.955623930152456
Glomerular,endothelial_mesangial,Lineage1,CFHR1,6,0.55,0.0,18,18.0
Glomerular,endothelial_mesangial,Lineage1,CFHR1,7,0.6500000000000001,0.0,11,11.0
Glomerular,endothelial_mesangial,Lineage1,CFHR1,8,0.75,0.0,5,4.548367492966558
Glomerular,endothelial_mesangial,Lineage1,CFHR1,9,0.8500000000000001,0.0287817687345438,3,3.0
Glomerular,endothelial_mesangial,Lineage1,CFHR1,10,0.95,0.0,3,3.0
Glomerular,endothelial_mesangial,Lineage2,CFHR1,1,0.05,0.0,19,16.87220874561517
Glomerular,endothelial_mesangial,Lineage2,CFHR1,2,0.15,0.0,15,12.590230489830642
Glomerular,endothelial_mesangial,Lineage2,CFHR1,3,0.25,0.0,8,7.828071142391974
Glomerular,endothelial_mesangial,Lineage2,CFHR1,4,0.35,0.0,15,14.498697759948907
Glomerular,endothelial_mesangial,Lineage2,CFHR1,5,0.45,0.0030757955594919,56,37.22345151159875
Glomerular,endothelial_mesangial,Lineage2,CFHR1,6,0.55,0.0094586239368342,21,21.0
Glomerular,endothelial_mesangial,Lineage2,CFHR1,7,0.6500000000000001,0.0070862574516279,11,10.952273387833358
Glomerular,endothelial_mesangial,Lineage2,CFHR1,8,0.75,0.0057189005806794,15,15.0
Glomerular,endothelial_mesangial,Lineage2,CFHR1,9,0.8500000000000001,0.0,11,10.507800541577003
Glomerular,endothelial_mesangial,Lineage2,CFHR1,10,0.95,0.0245876280122046,3,3.0
Glomerular,endothelial_mesangial,Lineage3,CFHR1,1,0.05,0.0,35,27.46777610508315
Glomerular,endothelial_mesangial,Lineage3,CFHR1,2,0.15,0.0006419183488586,26,19.29158406953158
Glomerular,endothelial_mesangial,Lineage3,CFHR1,3,0.25,0.0039150300527018,62,45.20052784423752
Glomerular,endothelial_mesangial,Lineage3,CFHR1,4,0.35,0.0050397214177067,28,23.465852899351027
Glomerular,endothelial_mesangial,Lineage3,CFHR1,5,0.45,0.0133054023032648,13,12.253402703634665
Glomerular,endothelial_mesangial,Lineage3,CFHR1,6,0.55,0.0,7,7.0
Glomerular,endothelial_mesangial,Lineage3,CFHR1,7,0.6500000000000001,0.0,7,7.0
Glomerular,endothelial_mesangial,Lineage3,CFHR1,8,0.75,0.0,6,6.0
Glomerular,endothelial_mesangial,Lineage3,CFHR1,9,0.8500000000000001,0.0,5,5.0
Glomerular,endothelial_mesangial,Lineage3,CFHR1,10,0.95,0.0,8,8.0
Glomerular,endothelial_mesangial,Lineage4,CFHR1,1,0.05,0.0,21,15.981834425468282
Glomerular,endothelial_mesangial,Lineage4,CFHR1,2,0.15,0.0,12,12.0
Glomerular,endothelial_mesangial,Lineage4,CFHR1,3,0.25,0.0,10,10.0
Glomerular,endothelial_mesangial,Lineage4,CFHR1,4,0.35,0.0,7,7.0
Glomerular,endothelial_mesangial,Lineage4,CFHR1,5,0.45,0.0,9,9.0
Glomerular,endothelial_mesangial,Lineage4,CFHR1,6,0.55,0.0,5,5.0
Glomerular,endothelial_mesangial,Lineage4,CFHR1,7,0.6500000000000001,0.0,3,3.0
Glomerular,endothelial_mesangial,Lineage4,CFHR1,8,0.75,0.0,5,5.0
Glomerular,endothelial_mesangial,Lineage4,CFHR1,9,0.8500000000000001,0.0,3,3.0
Glomerular,endothelial_mesangial,Lineage4,CFHR1,10,0.95,0.0073519472535168,3,3.0
Glomerular,endothelial_mesangial,Lineage1,CFHR2,1,0.05,0.0108230404016694,30,22.392261111916422
Glomerular,endothelial_mesangial,Lineage1,CFHR2,2,0.15,0.0,21,16.770508313234288
Glomerular,endothelial_mesangial,Lineage1,CFHR2,3,0.25,0.0,41,27.881478252189556
Glomerular,endothelial_mesangial,Lineage1,CFHR2,4,0.35,0.0,35,28.01466208052067
Glomerular,endothelial_mesangial,Lineage1,CFHR2,5,0.45,0.0,20,15.955623930152456
Glomerular,endothelial_mesangial,Lineage1,CFHR2,6,0.55,0.0,18,18.0
Glomerular,endothelial_mesangial,Lineage1,CFHR2,7,0.6500000000000001,0.0,11,11.0
Glomerular,endothelial_mesangial,Lineage1,CFHR2,8,0.75,0.0,5,4.548367492966558
Glomerular,endothelial_mesangial,Lineage1,CFHR2,9,0.8500000000000001,0.0,3,3.0
Glomerular,endothelial_mesangial,Lineage1,CFHR2,10,0.95,0.0,3,3.0
Glomerular,endothelial_mesangial,Lineage2,CFHR2,1,0.05,0.0143639964602729,19,16.87220874561517
Glomerular,endothelial_mesangial,Lineage2,CFHR2,2,0.15,0.0,15,12.590230489830642
Glomerular,endothelial_mesangial,Lineage2,CFHR2,3,0.25,0.0,8,7.828071142391974
Glomerular,endothelial_mesangial,Lineage2,CFHR2,4,0.35,0.0,15,14.498697759948907
Glomerular,endothelial_mesangial,Lineage2,CFHR2,5,0.45,0.0,56,37.22345151159875
Glomerular,endothelial_mesangial,Lineage2,CFHR2,6,0.55,0.0,21,21.0
Glomerular,endothelial_mesangial,Lineage2,CFHR2,7,0.6500000000000001,0.0,11,10.952273387833358
Glomerular,endothelial_mesangial,Lineage2,CFHR2,8,0.75,0.0,15,15.0
Glomerular,endothelial_mesangial,Lineage2,CFHR2,9,0.8500000000000001,0.0,11,10.507800541577003
Glomerular,endothelial_mesangial,Lineage2,CFHR2,10,0.95,0.0,3,3.0
Glomerular,endothelial_mesangial,Lineage3,CFHR2,1,0.05,0.0088231513818897,35,27.46777610508315
Glomerular,endothelial_mesangial,Lineage3,CFHR2,2,0.15,0.0,26,19.29158406953158
Glomerular,endothelial_mesangial,Lineage3,CFHR2,3,0.25,0.0,62,45.20052784423752
Glomerular,endothelial_mesangial,Lineage3,CFHR2,4,0.35,0.0,28,23.465852899351027
Glomerular,endothelial_mesangial,Lineage3,CFHR2,5,0.45,0.0,13,12.253402703634665
Glomerular,endothelial_mesangial,Lineage3,CFHR2,6,0.55,0.0,7,7.0
Glomerular,endothelial_mesangial,Lineage3,CFHR2,7,0.6500000000000001,0.0,7,7.0
Glomerular,endothelial_mesangial,Lineage3,CFHR2,8,0.75,0.0,6,6.0
Glomerular,endothelial_mesangial,Lineage3,CFHR2,9,0.8500000000000001,0.0,5,5.0
Glomerular,endothelial_mesangial,Lineage3,CFHR2,10,0.95,0.0,8,8.0
Glomerular,endothelial_mesangial,Lineage4,CFHR2,1,0.05,0.0151642383625746,21,15.981834425468282
Glomerular,endothelial_mesangial,Lineage4,CFHR2,2,0.15,0.0,12,12.0
Glomerular,endothelial_mesangial,Lineage4,CFHR2,3,0.25,0.0,10,10.0
Glomerular,endothelial_mesangial,Lineage4,CFHR2,4,0.35,0.0,7,7.0
Glomerular,endothelial_mesangial,Lineage4,CFHR2,5,0.45,0.0,9,9.0
Glomerular,endothelial_mesangial,Lineage4,CFHR2,6,0.55,0.0,5,5.0
Glomerular,endothelial_mesangial,Lineage4,CFHR2,7,0.6500000000000001,0.0,3,3.0
Glomerular,endothelial_mesangial,Lineage4,CFHR2,8,0.75,0.0,5,5.0
Glomerular,endothelial_mesangial,Lineage4,CFHR2,9,0.8500000000000001,0.0,3,3.0
Glomerular,endothelial_mesangial,Lineage4,CFHR2,10,0.95,0.0,3,3.0
Glomerular,endothelial_mesangial,Lineage1,CFHR3,1,0.05,0.0032226336360746,30,22.392261111916422
Glomerular,endothelial_mesangial,Lineage1,CFHR3,2,0.15,0.0,21,16.770508313234288
Glomerular,endothelial_mesangial,Lineage1,CFHR3,3,0.25,0.0,41,27.881478252189556
Glomerular,endothelial_mesangial,Lineage1,CFHR3,4,0.35,0.0,35,28.01466208052067
Glomerular,endothelial_mesangial,Lineage1,CFHR3,5,0.45,0.0,20,15.955623930152456
Glomerular,endothelial_mesangial,Lineage1,CFHR3,6,0.55,0.0,18,18.0
Glomerular,endothelial_mesangial,Lineage1,CFHR3,7,0.6500000000000001,0.0,11,11.0
Glomerular,endothelial_mesangial,Lineage1,CFHR3,8,0.75,0.0,5,4.548367492966558
Glomerular,endothelial_mesangial,Lineage1,CFHR3,9,0.8500000000000001,0.0287817687345438,3,3.0
Glomerular,endothelial_mesangial,Lineage1,CFHR3,10,0.95,0.0,3,3.0
Glomerular,endothelial_mesangial,Lineage2,CFHR3,1,0.05,0.0,19,16.87220874561517
Glomerular,endothelial_mesangial,Lineage2,CFHR3,2,0.15,0.0056690646925609,15,12.590230489830642
Glomerular,endothelial_mesangial,Lineage2,CFHR3,3,0.25,0.0,8,7.828071142391974
Glomerular,endothelial_mesangial,Lineage2,CFHR3,4,0.35,0.0,15,14.498697759948907
Glomerular,endothelial_mesangial,Lineage2,CFHR3,5,0.45,0.0017672202198507,56,37.22345151159875
Glomerular,endothelial_mesangial,Lineage2,CFHR3,6,0.55,0.0,21,21.0
Glomerular,endothelial_mesangial,Lineage2,CFHR3,7,0.6500000000000001,0.0,11,10.952273387833358
Glomerular,endothelial_mesangial,Lineage2,CFHR3,8,0.75,0.0,15,15.0
Glomerular,endothelial_mesangial,Lineage2,CFHR3,9,0.8500000000000001,0.0,11,10.507800541577003
Glomerular,endothelial_mesangial,Lineage2,CFHR3,10,0.95,0.0,3,3.0
Glomerular,endothelial_mesangial,Lineage3,CFHR3,1,0.05,0.0026127903237906,35,27.46777610508315
Glomerular,endothelial_mesangial,Lineage3,CFHR3,2,0.15,0.0,26,19.29158406953158
Glomerular,endothelial_mesangial,Lineage3,CFHR3,3,0.25,0.0,62,45.20052784423752
Glomerular,endothelial_mesangial,Lineage3,CFHR3,4,0.35,0.0,28,23.465852899351027
Glomerular,endothelial_mesangial,Lineage3,CFHR3,5,0.45,0.0262718811158904,13,12.253402703634665
Glomerular,endothelial_mesangial,Lineage3,CFHR3,6,0.55,0.0,7,7.0
Glomerular,endothelial_mesangial,Lineage3,CFHR3,7,0.6500000000000001,0.0,7,7.0
Glomerular,endothelial_mesangial,Lineage3,CFHR3,8,0.75,0.0223433029841448,6,6.0
Glomerular,endothelial_mesangial,Lineage3,CFHR3,9,0.8500000000000001,0.0,5,5.0
Glomerular,endothelial_mesangial,Lineage3,CFHR3,10,0.95,0.0,8,8.0
Glomerular,endothelial_mesangial,Lineage4,CFHR3,1,0.05,0.0,21,15.981834425468282
Glomerular,endothelial_mesangial,Lineage4,CFHR3,2,0.15,0.0066208083589328,12,12.0
Glomerular,endothelial_mesangial,Lineage4,CFHR3,3,0.25,0.0,10,10.0
Glomerular,endothelial_mesangial,Lineage4,CFHR3,4,0.35,0.0,7,7.0
Glomerular,endothelial_mesangial,Lineage4,CFHR3,5,0.45,0.0,9,9.0
Glomerular,endothelial_mesangial,Lineage4,CFHR3,6,0.55,0.0122097044038551,5,5.0
Glomerular,endothelial_mesangial,Lineage4,CFHR3,7,0.6500000000000001,0.0,3,3.0
Glomerular,endothelial_mesangial,Lineage4,CFHR3,8,0.75,0.0,5,5.0
Glomerular,endothelial_mesangial,Lineage4,CFHR3,9,0.8500000000000001,0.0,3,3.0
Glomerular,endothelial_mesangial,Lineage4,CFHR3,10,0.95,0.0,3,3.0
Glomerular,endothelial_mesangial,Lineage1,CFHR4,1,0.05,0.0,30,22.392261111916422
Glomerular,endothelial_mesangial,Lineage1,CFHR4,2,0.15,0.0,21,16.770508313234288
Glomerular,endothelial_mesangial,Lineage1,CFHR4,3,0.25,0.0,41,27.881478252189556
Glomerular,endothelial_mesangial,Lineage1,CFHR4,4,0.35,0.0013572969033353,35,28.01466208052067
Glomerular,endothelial_mesangial,Lineage1,CFHR4,5,0.45,0.0,20,15.955623930152456
Glomerular,endothelial_mesangial,Lineage1,CFHR4,6,0.55,0.0,18,18.0
Glomerular,endothelial_mesangial,Lineage1,CFHR4,7,0.6500000000000001,0.0,11,11.0
Glomerular,endothelial_mesangial,Lineage1,CFHR4,8,0.75,0.0,5,4.548367492966558
Glomerular,endothelial_mesangial,Lineage1,CFHR4,9,0.8500000000000001,0.0,3,3.0
Glomerular,endothelial_mesangial,Lineage1,CFHR4,10,0.95,0.0,3,3.0
Glomerular,endothelial_mesangial,Lineage2,CFHR4,1,0.05,0.0,19,16.87220874561517
Glomerular,endothelial_mesangial,Lineage2,CFHR4,2,0.15,0.0,15,12.590230489830642
Glomerular,endothelial_mesangial,Lineage2,CFHR4,3,0.25,0.0,8,7.828071142391974
Glomerular,endothelial_mesangial,Lineage2,CFHR4,4,0.35,0.0,15,14.498697759948907
Glomerular,endothelial_mesangial,Lineage2,CFHR4,5,0.45,0.0010215123140321,56,37.22345151159875
Glomerular,endothelial_mesangial,Lineage2,CFHR4,6,0.55,0.0,21,21.0
Glomerular,endothelial_mesangial,Lineage2,CFHR4,7,0.6500000000000001,0.0,11,10.952273387833358
Glomerular,endothelial_mesangial,Lineage2,CFHR4,8,0.75,0.0056860051386703,15,15.0
Glomerular,endothelial_mesangial,Lineage2,CFHR4,9,0.8500000000000001,0.0,11,10.507800541577003
Glomerular,endothelial_mesangial,Lineage2,CFHR4,10,0.95,0.0,3,3.0
Glomerular,endothelial_mesangial,Lineage3,CFHR4,1,0.05,0.0,35,27.46777610508315
Glomerular,endothelial_mesangial,Lineage3,CFHR4,2,0.15,0.0,26,19.29158406953158
Glomerular,endothelial_mesangial,Lineage3,CFHR4,3,0.25,0.0006990700489362,62,45.20052784423752
Glomerular,endothelial_mesangial,Lineage3,CFHR4,4,0.35,0.0,28,23.465852899351027
Glomerular,endothelial_mesangial,Lineage3,CFHR4,5,0.45,0.0082780932421239,13,12.253402703634665
Glomerular,endothelial_mesangial,Lineage3,CFHR4,6,0.55,0.0,7,7.0
Glomerular,endothelial_mesangial,Lineage3,CFHR4,7,0.6500000000000001,0.0,7,7.0
Glomerular,endothelial_mesangial,Lineage3,CFHR4,8,0.75,0.0,6,6.0
Glomerular,endothelial_mesangial,Lineage3,CFHR4,9,0.8500000000000001,0.0,5,5.0
Glomerular,endothelial_mesangial,Lineage3,CFHR4,10,0.95,0.0,8,8.0
Glomerular,endothelial_mesangial,Lineage4,CFHR4,1,0.05,0.0,21,15.981834425468282
Glomerular,endothelial_mesangial,Lineage4,CFHR4,2,0.15,0.0,12,12.0
Glomerular,endothelial_mesangial,Lineage4,CFHR4,3,0.25,0.0,10,10.0
Glomerular,endothelial_mesangial,Lineage4,CFHR4,4,0.35,0.0,7,7.0
Glomerular,endothelial_mesangial,Lineage4,CFHR4,5,0.45,0.0,9,9.0
Glomerular,endothelial_mesangial,Lineage4,CFHR4,6,0.55,0.0,5,5.0
Glomerular,endothelial_mesangial,Lineage4,CFHR4,7,0.6500000000000001,0.0,3,3.0
Glomerular,endothelial_mesangial,Lineage4,CFHR4,8,0.75,0.0,5,5.0
Glomerular,endothelial_mesangial,Lineage4,CFHR4,9,0.8500000000000001,0.0,3,3.0
Glomerular,endothelial_mesangial,Lineage4,CFHR4,10,0.95,0.0,3,3.0
Glomerular,endothelial_mesangial,Lineage1,CFHR5,1,0.05,0.0,30,22.392261111916422
Glomerular,endothelial_mesangial,Lineage1,CFHR5,2,0.15,0.0,21,16.770508313234288
Glomerular,endothelial_mesangial,Lineage1,CFHR5,3,0.25,0.0025989165015314,41,27.881478252189556
Glomerular,endothelial_mesangial,Lineage1,CFHR5,4,0.35,0.0015174838348137,35,28.01466208052067
Glomerular,endothelial_mesangial,Lineage1,CFHR5,5,0.45,0.0,20,15.955623930152456
Glomerular,endothelial_mesangial,Lineage1,CFHR5,6,0.55,0.0,18,18.0
Glomerular,endothelial_mesangial,Lineage1,CFHR5,7,0.6500000000000001,0.0,11,11.0
Glomerular,endothelial_mesangial,Lineage1,CFHR5,8,0.75,0.0,5,4.548367492966558
Glomerular,endothelial_mesangial,Lineage1,CFHR5,9,0.8500000000000001,0.0,3,3.0
Glomerular,endothelial_mesangial,Lineage1,CFHR5,10,0.95,0.0,3,3.0
Glomerular,endothelial_mesangial,Lineage2,CFHR5,1,0.05,0.0,19,16.87220874561517
Glomerular,endothelial_mesangial,Lineage2,CFHR5,2,0.15,0.0,15,12.590230489830642
Glomerular,endothelial_mesangial,Lineage2,CFHR5,3,0.25,0.0,8,7.828071142391974
Glomerular,endothelial_mesangial,Lineage2,CFHR5,4,0.35,0.0,15,14.498697759948907
Glomerular,endothelial_mesangial,Lineage2,CFHR5,5,0.45,0.0031617084631531,56,37.22345151159875
Glomerular,endothelial_mesangial,Lineage2,CFHR5,6,0.55,0.0026218171418984,21,21.0
Glomerular,endothelial_mesangial,Lineage2,CFHR5,7,0.6500000000000001,0.0,11,10.952273387833358
Glomerular,endothelial_mesangial,Lineage2,CFHR5,8,0.75,0.0,15,15.0
Glomerular,endothelial_mesangial,Lineage2,CFHR5,9,0.8500000000000001,0.0,11,10.507800541577003
Glomerular,endothelial_mesangial,Lineage2,CFHR5,10,0.95,0.0,3,3.0
Glomerular,endothelial_mesangial,Lineage3,CFHR5,1,0.05,0.0,35,27.46777610508315
Glomerular,endothelial_mesangial,Lineage3,CFHR5,2,0.15,0.0,26,19.29158406953158
Glomerular,endothelial_mesangial,Lineage3,CFHR5,3,0.25,0.0031664211861374,62,45.20052784423752
Glomerular,endothelial_mesangial,Lineage3,CFHR5,4,0.35,0.0,28,23.465852899351027
Glomerular,endothelial_mesangial,Lineage3,CFHR5,5,0.45,0.0,13,12.253402703634665
Glomerular,endothelial_mesangial,Lineage3,CFHR5,6,0.55,0.0,7,7.0
Glomerular,endothelial_mesangial,Lineage3,CFHR5,7,0.6500000000000001,0.0,7,7.0
Glomerular,endothelial_mesangial,Lineage3,CFHR5,8,0.75,0.0,6,6.0
Glomerular,endothelial_mesangial,Lineage3,CFHR5,9,0.8500000000000001,0.0,5,5.0
Glomerular,endothelial_mesangial,Lineage3,CFHR5,10,0.95,0.0,8,8.0
Glomerular,endothelial_mesangial,Lineage4,CFHR5,1,0.05,0.0,21,15.981834425468282
Glomerular,endothelial_mesangial,Lineage4,CFHR5,2,0.15,0.0,12,12.0
Glomerular,endothelial_mesangial,Lineage4,CFHR5,3,0.25,0.0,10,10.0
Glomerular,endothelial_mesangial,Lineage4,CFHR5,4,0.35,0.0,7,7.0
Glomerular,endothelial_mesangial,Lineage4,CFHR5,5,0.45,0.0,9,9.0
Glomerular,endothelial_mesangial,Lineage4,CFHR5,6,0.55,0.0,5,5.0
Glomerular,endothelial_mesangial,Lineage4,CFHR5,7,0.6500000000000001,0.0,3,3.0
Glomerular,endothelial_mesangial,Lineage4,CFHR5,8,0.75,0.0,5,5.0
Glomerular,endothelial_mesangial,Lineage4,CFHR5,9,0.8500000000000001,0.0,3,3.0
Glomerular,endothelial_mesangial,Lineage4,CFHR5,10,0.95,0.0073519472535168,3,3.0
