compartment,trajectory,metacell,umap1,umap2,identity,disease_group
PT,PT,163-6::SEACell-0,-2.031473,-0.6730203,dPT-S1,Control/Other
PT,PT,164-10::SEACell-0,-4.6156926,-2.6815643,PT-S1,Control/Other
PT,PT,164-10::SEACell-1,-2.2964742,13.736289,dPT-S1,Control/Other
PT,PT,164-10::SEACell-10,-2.2574766,14.771759,dPT-S1,Control/Other
PT,PT,164-10::SEACell-100,-2.5025556,15.639409,dPT-S1,Control/Other
PT,PT,164-10::SEACell-101,-0.6767999,-1.5793146,PT-S1,Control/Other
PT,PT,164-10::SEACell-102,-4.9714885,-2.7202554,dPT-S1,Control/Other
PT,PT,164-10::SEACell-103,-4.445967,0.6651031,PT-S3,Control/Other
PT,PT,164-10::SEACell-104,-4.073891,-2.340642,PT-S1,Control/Other
PT,PT,164-10::SEACell-105,-2.191275,16.121462,dPT-S1,Control/Other
PT,PT,164-10::SEACell-106,-0.82535326,-1.6292645,PT-S1,Control/Other
PT,PT,164-10::SEACell-107,-1.183606,-1.4392745,dPT-S1,Control/Other
PT,PT,164-10::SEACell-108,3.6993017,9.932514,aPT1,Control/Other
PT,PT,164-10::SEACell-11,-2.2604208,16.115679,dPT-S1,Control/Other
PT,PT,164-10::SEACell-12,4.0440125,9.86903,frPT-S1/S2,Control/Other
PT,PT,164-10::SEACell-13,-1.3681068,-1.4428118,PT-S1,Control/Other
PT,PT,164-10::SEACell-14,-2.6324222,-0.36305898,PT-S3,Control/Other
PT,PT,164-10::SEACell-15,-0.7436738,-1.6576592,PT-S1,Control/Other
PT,PT,164-10::SEACell-16,-2.4378195,15.2758465,dPT-S1,Control/Other
PT,PT,164-10::SEACell-17,-0.96657825,-1.7161385,PT-S1,Control/Other
PT,PT,164-10::SEACell-18,-0.83708334,-1.6198813,PT-S1,Control/Other
PT,PT,164-10::SEACell-19,-3.104738,0.17165267,PT-S3,Control/Other
PT,PT,164-10::SEACell-2,-2.7940917,13.918809,dPT-S1,Control/Other
PT,PT,164-10::SEACell-20,-2.3894827,15.8295555,dPT-S1,Control/Other
PT,PT,164-10::SEACell-21,-0.85675514,-1.5377032,PT-S1,Control/Other
PT,PT,164-10::SEACell-22,-2.1793787,15.734561,dPT-S1,Control/Other
PT,PT,164-10::SEACell-23,-1.2662336,-1.2655593,PT-S1,Control/Other
PT,PT,164-10::SEACell-24,-2.429905,14.585041,dPT-S1,Control/Other
PT,PT,164-10::SEACell-25,-5.327158,-2.7418597,PT-S1,Control/Other
PT,PT,164-10::SEACell-26,-4.582985,-4.517173,PT-S1,Control/Other
PT,PT,164-10::SEACell-27,-4.4859653,-4.7535124,PT-S1,Control/Other
PT,PT,164-10::SEACell-28,-2.40701,13.365121,dPT-S1,Control/Other
PT,PT,164-10::SEACell-29,-4.9794617,-3.114166,PT-S1,Control/Other
PT,PT,164-10::SEACell-3,-2.3499534,15.716706,dPT-S1,Control/Other
PT,PT,164-10::SEACell-30,-2.921552,-0.11186885,PT-S3,Control/Other
PT,PT,164-10::SEACell-31,-4.1103516,-3.0119917,dPT-S1,Control/Other
PT,PT,164-10::SEACell-32,-4.896327,0.7218895,PT-S3,Control/Other
PT,PT,164-10::SEACell-33,-2.9133415,-0.13512415,PT-S3,Control/Other
PT,PT,164-10::SEACell-34,-5.1140475,-3.817049,PT-S1,Control/Other
PT,PT,164-10::SEACell-35,-4.162303,1.4281449,PT-S3,Control/Other
PT,PT,164-10::SEACell-36,3.2188005,9.3216305,aPT1,Control/Other
PT,PT,164-10::SEACell-37,-1.4959536,-1.2448628,PT-S1,Control/Other
PT,PT,164-10::SEACell-38,-2.577237,14.356021,dPT-S1,Control/Other
PT,PT,164-10::SEACell-39,-4.761356,-4.3793545,PT-S1,Control/Other
PT,PT,164-10::SEACell-4,-2.3751998,12.832386,dPT-S1,Control/Other
PT,PT,164-10::SEACell-40,-0.75722677,11.232083,dPT-S1,Control/Other
PT,PT,164-10::SEACell-41,-2.4989204,13.596829,dPT-S1,Control/Other
PT,PT,164-10::SEACell-42,-5.358283,-1.8754119,PT-S1,Control/Other
PT,PT,164-10::SEACell-43,-2.5087216,15.902166,dPT-S1,Control/Other
PT,PT,164-10::SEACell-44,-1.6219572,-1.050502,PT-S2,Control/Other
PT,PT,164-10::SEACell-45,-2.6722848,15.281128,dPT-S1,Control/Other
PT,PT,164-10::SEACell-46,-2.2941055,13.526664,dPT-S1,Control/Other
PT,PT,164-10::SEACell-47,-2.5694642,13.972252,dPT-S1,Control/Other
PT,PT,164-10::SEACell-48,-2.4919548,15.767554,dPT-S1,Control/Other
PT,PT,164-10::SEACell-49,-2.6989443,15.25248,dPT-S1,Control/Other
PT,PT,164-10::SEACell-5,-4.843654,0.8145858,PT-S3,Control/Other
PT,PT,164-10::SEACell-50,-4.579426,-4.7985044,PT-S1,Control/Other
PT,PT,164-10::SEACell-51,-1.0999051,-1.6737381,PT-S1,Control/Other
PT,PT,164-10::SEACell-52,3.2494004,9.765546,aPT1,Control/Other
PT,PT,164-10::SEACell-53,-5.2115893,0.53075707,PT-S3,Control/Other
PT,PT,164-10::SEACell-54,-2.578354,14.721526,dPT-S1,Control/Other
PT,PT,164-10::SEACell-55,-2.4813488,14.584963,dPT-S1,Control/Other
PT,PT,164-10::SEACell-56,-2.012987,16.199839,dPT-S1,Control/Other
PT,PT,164-10::SEACell-57,-4.838101,-0.7632356,PT-S3,Control/Other
PT,PT,164-10::SEACell-58,4.129379,8.200573,aPT1,Control/Other
PT,PT,164-10::SEACell-59,-1.7788559,-1.4968549,dPT-S1,Control/Other
PT,PT,164-10::SEACell-6,-3.5338445,1.1509978,PT-S3,Control/Other
PT,PT,164-10::SEACell-60,-2.2745898,15.82485,dPT-S1,Control/Other
PT,PT,164-10::SEACell-61,-2.7405186,13.780698,dPT-S1,Control/Other
PT,PT,164-10::SEACell-62,-5.370273,-2.1537607,PT-S1,Control/Other
PT,PT,164-10::SEACell-63,-4.6952796,-3.0871923,dPT-S1,Control/Other
PT,PT,164-10::SEACell-64,-0.68231285,11.209534,aPT1,Control/Other
PT,PT,164-10::SEACell-65,-4.853503,-3.2032003,dPT-S1,Control/Other
PT,PT,164-10::SEACell-66,-2.8923416,14.082404,dPT-S1,Control/Other
PT,PT,164-10::SEACell-67,-5.0561337,-3.905559,PT-S1,Control/Other
PT,PT,164-10::SEACell-68,3.7060003,8.223374,aPT1,Control/Other
PT,PT,164-10::SEACell-69,-4.818824,-1.5965184,PT-S2,Control/Other
PT,PT,164-10::SEACell-7,-2.5626016,13.605308,dPT-S1,Control/Other
PT,PT,164-10::SEACell-70,-1.0648279,-1.5321448,PT-S1,Control/Other
PT,PT,164-10::SEACell-71,-5.052967,0.26519322,PT-S2,Control/Other
PT,PT,164-10::SEACell-72,-2.36941,15.609782,dPT-S1,Control/Other
PT,PT,164-10::SEACell-73,-5.0821095,-3.62368,PT-S1,Control/Other
PT,PT,164-10::SEACell-74,-4.296789,-4.7720838,PT-S1,Control/Other
PT,PT,164-10::SEACell-75,-5.1363244,-3.6878982,PT-S1,Control/Other
PT,PT,164-10::SEACell-76,-3.0665922,0.1784256,PT-S3,Control/Other
PT,PT,164-10::SEACell-77,-2.9705145,13.940435,dPT-S1,Control/Other
PT,PT,164-10::SEACell-78,-3.0322123,0.020101318,PT-S3,Control/Other
PT,PT,164-10::SEACell-79,-2.500709,-0.4444048,PT-S2,Control/Other
PT,PT,164-10::SEACell-8,-2.4923992,15.33901,dPT-S1,Control/Other
PT,PT,164-10::SEACell-80,-4.716796,-4.5227633,PT-S1,Control/Other
PT,PT,164-10::SEACell-81,-2.4527924,15.982656,dPT-S1,Control/Other
PT,PT,164-10::SEACell-82,-4.9055023,-4.337047,PT-S1,Control/Other
PT,PT,164-10::SEACell-83,-1.0793879,-1.4426228,PT-S1,Control/Other
PT,PT,164-10::SEACell-84,-4.49033,-4.42335,PT-S1,Control/Other
PT,PT,164-10::SEACell-85,-4.950941,0.714731,PT-S3,Control/Other
PT,PT,164-10::SEACell-86,-2.4000807,15.283674,dPT-S1,Control/Other
PT,PT,164-10::SEACell-87,-5.035375,-1.146609,PT-S1,Control/Other
PT,PT,164-10::SEACell-88,-2.628673,15.305345,dPT-S1,Control/Other
PT,PT,164-10::SEACell-89,-5.214126,-1.1661639,PT-S2,Control/Other
PT,PT,164-10::SEACell-9,-5.2020903,-0.5987103,PT-S2,Control/Other
PT,PT,164-10::SEACell-90,-2.3179998,15.495017,dPT-S1,Control/Other
PT,PT,164-10::SEACell-91,-2.3668346,15.767683,dPT-S1,Control/Other
PT,PT,164-10::SEACell-92,-5.062529,0.5382536,PT-S3,Control/Other
PT,PT,164-10::SEACell-93,-4.4798717,-4.7821493,PT-S1,Control/Other
PT,PT,164-10::SEACell-94,-2.359142,16.147589,dPT-S1,Control/Other
PT,PT,164-10::SEACell-95,-2.3850389,-0.607661,PT-S2,Control/Other
PT,PT,164-10::SEACell-96,-2.7762952,13.891427,dPT-S1,Control/Other
PT,PT,164-10::SEACell-97,-1.7003084,-0.77440655,PT-S2,Control/Other
PT,PT,164-10::SEACell-98,3.895288,8.510345,aPT1,Control/Other
PT,PT,164-10::SEACell-99,-5.1379795,0.4335092,PT-S3,Control/Other
PT,PT,164-11::SEACell-0,-2.3899593,-4.6347065,PT-S1,Control/Other
PT,PT,164-11::SEACell-1,-0.43931016,-3.4632676,PT-S1,Control/Other
PT,PT,164-11::SEACell-10,-2.1319664,-4.644997,PT-S1,Control/Other
PT,PT,164-11::SEACell-11,-1.3429291,-3.9833934,PT-S1,Control/Other
PT,PT,164-11::SEACell-12,-2.4622376,0.21370065,PT-S3,Control/Other
PT,PT,164-11::SEACell-13,0.51061165,-3.0641088,PT-S1,Control/Other
PT,PT,164-11::SEACell-14,-2.395316,-2.0667357,PT-S1,Control/Other
PT,PT,164-11::SEACell-15,-3.395378,-2.4792724,PT-S1,Control/Other
PT,PT,164-11::SEACell-16,3.735014,8.835379,aPT1,Control/Other
PT,PT,164-11::SEACell-17,-1.5294157,-4.3414836,PT-S1,Control/Other
PT,PT,164-11::SEACell-18,-2.7831674,-2.0089252,PT-S1,Control/Other
PT,PT,164-11::SEACell-19,-2.3092692,-1.9615084,PT-S1,Control/Other
PT,PT,164-11::SEACell-2,-2.3062537,-2.666836,PT-S1,Control/Other
PT,PT,164-11::SEACell-20,-2.2778451,14.891231,dPT-S1,Control/Other
PT,PT,164-11::SEACell-21,-2.0338967,0.037954416,PT-S3,Control/Other
PT,PT,164-11::SEACell-22,-2.4998777,-2.0620503,PT-S1,Control/Other
PT,PT,164-11::SEACell-23,-1.6971278,-4.3239574,PT-S1,Control/Other
PT,PT,164-11::SEACell-24,-2.2083554,-4.492188,PT-S1,Control/Other
PT,PT,164-11::SEACell-25,3.2583995,9.080634,aPT1,Control/Other
PT,PT,164-11::SEACell-26,-2.2586954,-4.141851,PT-S1,Control/Other
PT,PT,164-11::SEACell-27,-2.418996,0.010617556,PT-S3,Control/Other
PT,PT,164-11::SEACell-28,-2.9420252,0.32369152,PT-S3,Control/Other
PT,PT,164-11::SEACell-29,-2.3010564,16.064241,dPT-S1,Control/Other
PT,PT,164-11::SEACell-3,-1.6220622,-2.811789,PT-S1,Control/Other
PT,PT,164-11::SEACell-30,-2.2999313,15.102838,dPT-S1,Control/Other
PT,PT,164-11::SEACell-31,-2.932238,0.036055434,PT-S3,Control/Other
PT,PT,164-11::SEACell-32,-1.6343286,-2.4564812,PT-S1,Control/Other
PT,PT,164-11::SEACell-33,-2.3802013,0.13683607,PT-S3,Control/Other
PT,PT,164-11::SEACell-34,-1.1631563,-3.946602,PT-S1,Control/Other
PT,PT,164-11::SEACell-35,-4.4197254,-4.002807,dPT-S1,Control/Other
PT,PT,164-11::SEACell-36,-2.9757366,0.16675942,PT-S3,Control/Other
PT,PT,164-11::SEACell-37,-4.9762754,-2.9021146,dPT-S1,Control/Other
PT,PT,164-11::SEACell-38,-2.2807195,0.08038027,PT-S3,Control/Other
PT,PT,164-11::SEACell-39,-3.11696,-2.2115164,PT-S1,Control/Other
PT,PT,164-11::SEACell-4,-4.225341,-3.7806735,PT-S1,Control/Other
PT,PT,164-11::SEACell-40,-2.6818638,-0.20477524,PT-S3,Control/Other
PT,PT,164-11::SEACell-41,-2.3135989,-4.6520653,PT-S1,Control/Other
PT,PT,164-11::SEACell-42,-0.9383476,-3.8675158,PT-S1,Control/Other
PT,PT,164-11::SEACell-43,-1.21865,-4.072841,PT-S1,Control/Other
PT,PT,164-11::SEACell-44,-0.60495275,-3.6349542,PT-S1,Control/Other
PT,PT,164-11::SEACell-45,4.0288,9.016831,aPT1,Control/Other
PT,PT,164-11::SEACell-46,-1.9577082,-4.302999,PT-S1,Control/Other
PT,PT,164-11::SEACell-47,-2.058593,-2.4301863,PT-S1,Control/Other
PT,PT,164-11::SEACell-48,0.46180946,-3.235094,PT-S1,Control/Other
PT,PT,164-11::SEACell-49,-4.935928,-2.386975,dPT-S1,Control/Other
PT,PT,164-11::SEACell-5,-0.7327806,0.502128,PT-S2,Control/Other
PT,PT,164-11::SEACell-50,-2.238083,-2.3888588,PT-S1,Control/Other
PT,PT,164-11::SEACell-51,-2.2298887,-2.4000297,PT-S1,Control/Other
PT,PT,164-11::SEACell-52,-1.8899012,-3.7058408,PT-S1,Control/Other
PT,PT,164-11::SEACell-53,-1.660396,-3.9284997,PT-S1,Control/Other
PT,PT,164-11::SEACell-54,-2.6152818,-4.476698,PT-S1,Control/Other
PT,PT,164-11::SEACell-55,-4.2999434,0.17649232,PT-S1,Control/Other
PT,PT,164-11::SEACell-56,-0.47266552,-3.6901693,PT-S1,Control/Other
PT,PT,164-11::SEACell-57,4.2972274,9.335156,aPT1,Control/Other
PT,PT,164-11::SEACell-58,-2.0721264,-1.709648,PT-S2,Control/Other
PT,PT,164-11::SEACell-59,-4.8548007,-3.6971407,PT-S1,Control/Other
PT,PT,164-11::SEACell-6,-0.28673258,-3.5182874,PT-S1,Control/Other
PT,PT,164-11::SEACell-60,-2.5744197,-4.754456,PT-S1,Control/Other
PT,PT,164-11::SEACell-61,-2.6978188,-2.1995654,PT-S1,Control/Other
PT,PT,164-11::SEACell-62,-1.785207,-3.9421475,PT-S1,Control/Other
PT,PT,164-11::SEACell-63,-2.8290672,-1.8237528,PT-S1,Control/Other
PT,PT,164-11::SEACell-64,-2.7038767,-0.51766974,PT-S2,Control/Other
PT,PT,164-11::SEACell-65,-1.6397519,-4.3663177,PT-S1,Control/Other
PT,PT,164-11::SEACell-66,-1.5552198,-4.2613053,PT-S1,Control/Other
PT,PT,164-11::SEACell-67,-2.119299,-1.0267905,PT-S2,Control/Other
PT,PT,164-11::SEACell-68,-2.3155422,15.061382,dPT-S1,Control/Other
PT,PT,164-11::SEACell-69,3.663116,9.977235,aPT2,Control/Other
PT,PT,164-11::SEACell-7,-2.0362272,0.14806461,PT-S3,Control/Other
PT,PT,164-11::SEACell-70,-2.5341086,-4.160846,PT-S1,Control/Other
PT,PT,164-11::SEACell-71,0.6757526,-3.0487084,PT-S1,Control/Other
PT,PT,164-11::SEACell-72,-3.3006206,0.20612736,PT-S3,Control/Other
PT,PT,164-11::SEACell-73,-1.2342502,-3.3156266,PT-S1,Control/Other
PT,PT,164-11::SEACell-74,-1.6620816,-1.090756,PT-S2,Control/Other
PT,PT,164-11::SEACell-8,-2.0946944,-1.4522729,PT-S2,Control/Other
PT,PT,164-11::SEACell-9,-4.2929044,-1.3581418,PT-S1,Control/Other
PT,PT,164-12::SEACell-0,-2.8972468,13.878955,dPT-S1,Control/Other
PT,PT,164-12::SEACell-1,-4.6720767,0.94002813,PT-S3,Control/Other
PT,PT,164-12::SEACell-10,-4.5693955,0.6889542,PT-S3,Control/Other
PT,PT,164-12::SEACell-11,-5.361906,0.26406357,PT-S3,Control/Other
PT,PT,164-12::SEACell-12,-4.362351,-1.8613324,PT-S2,Control/Other
PT,PT,164-12::SEACell-13,-3.0034204,0.8741079,PT-S3,Control/Other
PT,PT,164-12::SEACell-14,-2.9535668,0.86608154,PT-S3,Control/Other
PT,PT,164-12::SEACell-15,-4.9307942,-4.807069,dPT-S1,Control/Other
PT,PT,164-12::SEACell-16,-2.9587717,-4.7672896,PT-S1,Control/Other
PT,PT,164-12::SEACell-17,-2.5396078,-4.4240966,PT-S1,Control/Other
PT,PT,164-12::SEACell-18,-4.5363655,-1.6494766,PT-S1,Control/Other
PT,PT,164-12::SEACell-19,-4.2859597,-1.8494191,PT-S1,Control/Other
PT,PT,164-12::SEACell-2,2.59297,10.260624,aPT1,Control/Other
PT,PT,164-12::SEACell-20,-3.3461351,0.6585961,PT-S3,Control/Other
PT,PT,164-12::SEACell-21,-3.4833486,-3.9232912,PT-S1,Control/Other
PT,PT,164-12::SEACell-22,-3.277282,0.9231106,PT-S3,Control/Other
PT,PT,164-12::SEACell-23,-4.036249,-2.23689,PT-S1,Control/Other
PT,PT,164-12::SEACell-24,-3.5385365,-0.7897486,PT-S2,Control/Other
PT,PT,164-12::SEACell-25,-2.2336278,15.278217,dPT-S1,Control/Other
PT,PT,164-12::SEACell-26,-5.320965,-2.0780988,dPT-S1,Control/Other
PT,PT,164-12::SEACell-27,-3.6962576,0.04109412,PT-S2,Control/Other
PT,PT,164-12::SEACell-28,3.1130123,7.6358147,aPT1,Control/Other
PT,PT,164-12::SEACell-29,-4.441928,-1.1704019,PT-S2,Control/Other
PT,PT,164-12::SEACell-3,-3.9900587,-2.981042,PT-S1,Control/Other
PT,PT,164-12::SEACell-30,-3.4788895,0.36349246,PT-S3,Control/Other
PT,PT,164-12::SEACell-31,-3.8855367,0.3320801,PT-S3,Control/Other
PT,PT,164-12::SEACell-32,-4.34567,-1.0856768,PT-S2,Control/Other
PT,PT,164-12::SEACell-33,-3.0904303,-3.7637718,PT-S1,Control/Other
PT,PT,164-12::SEACell-34,-3.1740725,0.8896653,PT-S3,Control/Other
PT,PT,164-12::SEACell-35,-2.1786103,15.36748,dPT-S1,Control/Other
PT,PT,164-12::SEACell-36,-3.6234176,0.592323,PT-S3,Control/Other
PT,PT,164-12::SEACell-37,-5.3994412,0.36838043,PT-S3,Control/Other
PT,PT,164-12::SEACell-38,-3.1462986,-4.742396,PT-S1,Control/Other
PT,PT,164-12::SEACell-39,-3.0295165,0.7670808,PT-S3,Control/Other
PT,PT,164-12::SEACell-4,3.7582242,9.909967,frPT-S1/S2,Control/Other
PT,PT,164-12::SEACell-40,-2.715487,14.843812,dPT-S1,Control/Other
PT,PT,164-12::SEACell-41,-4.1726665,-2.1328762,PT-S1,Control/Other
PT,PT,164-12::SEACell-42,-4.443141,-1.3298968,PT-S2,Control/Other
PT,PT,164-12::SEACell-43,-3.5662055,0.5315096,PT-S3,Control/Other
PT,PT,164-12::SEACell-44,-4.2422233,-3.3425503,PT-S1,Control/Other
PT,PT,164-12::SEACell-45,-3.6766703,1.0426302,PT-S3,Control/Other
PT,PT,164-12::SEACell-46,-3.3666513,-4.6434865,PT-S1,Control/Other
PT,PT,164-12::SEACell-47,-4.492684,-3.6674104,PT-S1,Control/Other
PT,PT,164-12::SEACell-48,-3.4684055,-4.1307063,PT-S1,Control/Other
PT,PT,164-12::SEACell-49,-3.66194,-0.7087764,PT-S2,Control/Other
PT,PT,164-12::SEACell-5,-4.5935225,-1.6285326,PT-S1,Control/Other
PT,PT,164-12::SEACell-50,-1.6348143,12.790838,PT-S1,Control/Other
PT,PT,164-12::SEACell-51,-4.072843,-3.6669652,PT-S1,Control/Other
PT,PT,164-12::SEACell-52,-3.6052353,0.62063414,PT-S3,Control/Other
PT,PT,164-12::SEACell-53,-3.422868,-4.7872696,PT-S1,Control/Other
PT,PT,164-12::SEACell-54,-3.2261546,0.7936209,PT-S3,Control/Other
PT,PT,164-12::SEACell-55,-4.279336,-1.9208101,PT-S1,Control/Other
PT,PT,164-12::SEACell-56,3.4285467,9.716304,frPT-S1/S2,Control/Other
PT,PT,164-12::SEACell-57,-3.4183168,1.8361542,aPT-S3,Control/Other
PT,PT,164-12::SEACell-6,-3.6597548,1.0951619,PT-S3,Control/Other
PT,PT,164-12::SEACell-7,-4.0915046,-0.914673,PT-S2,Control/Other
PT,PT,164-12::SEACell-8,-3.848677,0.33696246,PT-S3,Control/Other
PT,PT,164-12::SEACell-9,-4.4902625,-1.8074441,PT-S1,Control/Other
PT,PT,164-13::SEACell-0,-2.606165,-0.84290105,PT-S2,Control/Other
PT,PT,164-13::SEACell-1,-3.531513,1.2909069,PT-S3,Control/Other
PT,PT,164-13::SEACell-10,-3.081804,2.258339,aPT-S3,Control/Other
PT,PT,164-13::SEACell-11,-2.8208077,0.54679745,PT-S3,Control/Other
PT,PT,164-13::SEACell-12,-2.9275525,0.71324986,PT-S3,Control/Other
PT,PT,164-13::SEACell-13,-2.7389724,0.689129,PT-S3,Control/Other
PT,PT,164-13::SEACell-14,-1.5550776,-2.9064922,PT-S1,Control/Other
PT,PT,164-13::SEACell-15,-2.6675627,0.91779643,PT-S3,Control/Other
PT,PT,164-13::SEACell-16,-2.5399399,0.8386147,PT-S3,Control/Other
PT,PT,164-13::SEACell-17,-1.005154,-3.3883727,PT-S1,Control/Other
PT,PT,164-13::SEACell-18,3.198988,8.379294,aPT1,Control/Other
PT,PT,164-13::SEACell-19,-2.5962262,-0.6750717,dPT-S1,Control/Other
PT,PT,164-13::SEACell-2,-1.4873226,-2.7252882,PT-S1,Control/Other
PT,PT,164-13::SEACell-20,-2.9508367,1.1098286,PT-S3,Control/Other
PT,PT,164-13::SEACell-21,-2.3719425,15.834582,dPT-S1,Control/Other
PT,PT,164-13::SEACell-22,-1.6230128,-3.636982,PT-S1,Control/Other
PT,PT,164-13::SEACell-23,-1.6937823,-2.4568946,PT-S1,Control/Other
PT,PT,164-13::SEACell-24,-3.2880244,0.50043285,PT-S3,Control/Other
PT,PT,164-13::SEACell-25,-1.277574,0.06438723,PT-S2,Control/Other
PT,PT,164-13::SEACell-26,-2.3987143,0.5520944,PT-S3,Control/Other
PT,PT,164-13::SEACell-27,-1.2072405,-3.4773686,PT-S1,Control/Other
PT,PT,164-13::SEACell-28,-1.4415638,-2.8161533,PT-S1,Control/Other
PT,PT,164-13::SEACell-29,-0.43152726,-3.421844,PT-S1,Control/Other
PT,PT,164-13::SEACell-3,-0.6631596,0.1956877,PT-S2,Control/Other
PT,PT,164-13::SEACell-30,-0.44082066,-3.3822997,PT-S1,Control/Other
PT,PT,164-13::SEACell-31,-1.7965372,-4.386139,PT-S1,Control/Other
PT,PT,164-13::SEACell-32,-2.6252737,0.9514399,PT-S3,Control/Other
PT,PT,164-13::SEACell-33,-0.80215174,-3.659817,PT-S1,Control/Other
PT,PT,164-13::SEACell-34,-2.2601585,15.153055,dPT-S1,Control/Other
PT,PT,164-13::SEACell-35,-1.5967762,-2.200877,PT-S1,Control/Other
PT,PT,164-13::SEACell-36,-2.6715755,0.8876234,PT-S3,Control/Other
PT,PT,164-13::SEACell-37,-2.4385955,-0.33210966,PT-S2,Control/Other
PT,PT,164-13::SEACell-38,-1.9676744,15.399398,dPT-S1,Control/Other
PT,PT,164-13::SEACell-4,-1.3291454,-2.1834586,PT-S1,Control/Other
PT,PT,164-13::SEACell-5,-2.8658903,1.0712475,PT-S3,Control/Other
PT,PT,164-13::SEACell-6,3.7374709,10.021872,frPT-S1/S2,Control/Other
PT,PT,164-13::SEACell-7,-2.4741812,-0.45106155,PT-S3,Control/Other
PT,PT,164-13::SEACell-8,-3.2299976,0.9389916,PT-S3,Control/Other
PT,PT,164-13::SEACell-9,-0.15136106,-3.379021,PT-S1,Control/Other
PT,PT,164-14::SEACell-0,-2.1658907,-1.6197681,PT-S1,Control/Other
PT,PT,164-14::SEACell-1,-3.22849,2.3295805,aPT-S3,Control/Other
PT,PT,164-14::SEACell-10,-1.4906477,-3.2247992,PT-S1,Control/Other
PT,PT,164-14::SEACell-11,-1.8216403,-3.1853702,PT-S1,Control/Other
PT,PT,164-14::SEACell-12,-1.3304638,-3.5555623,PT-S1,Control/Other
PT,PT,164-14::SEACell-13,-2.640194,-2.9299877,PT-S1,Control/Other
PT,PT,164-14::SEACell-14,-2.7513683,-1.4396373,PT-S1,Control/Other
PT,PT,164-14::SEACell-15,-3.9989326,0.81700766,PT-S3,Control/Other
PT,PT,164-14::SEACell-16,3.1677637,8.241316,aPT1,Control/Other
PT,PT,164-14::SEACell-17,-3.9473064,0.933853,PT-S3,Control/Other
PT,PT,164-14::SEACell-18,-3.121481,-4.6932616,PT-S1,Control/Other
PT,PT,164-14::SEACell-19,-3.7476833,0.779004,PT-S3,Control/Other
PT,PT,164-14::SEACell-2,-3.738938,0.43188652,PT-S3,Control/Other
PT,PT,164-14::SEACell-20,-2.3379486,-2.4590955,PT-S1,Control/Other
PT,PT,164-14::SEACell-21,-2.6658716,0.92220974,PT-S3,Control/Other
PT,PT,164-14::SEACell-22,-3.9508312,0.6580419,PT-S3,Control/Other
PT,PT,164-14::SEACell-23,-3.0448353,0.52472866,PT-S3,Control/Other
PT,PT,164-14::SEACell-3,-3.7235153,0.63651526,PT-S3,Control/Other
PT,PT,164-14::SEACell-4,-2.0696583,-0.051238038,PT-S3,Control/Other
PT,PT,164-14::SEACell-5,-3.0069444,1.7709275,PT-S3,Control/Other
PT,PT,164-14::SEACell-6,-2.7862873,0.9076743,PT-S3,Control/Other
PT,PT,164-14::SEACell-7,-3.0846572,1.8309885,PT-S3,Control/Other
PT,PT,164-14::SEACell-8,-2.6294346,-1.3149104,PT-S2,Control/Other
PT,PT,164-14::SEACell-9,-4.558405,2.7779405,dPT-S1,Control/Other
PT,PT,164-15::SEACell-0,-3.5781343,1.1411508,PT-S3,Control/Other
PT,PT,164-15::SEACell-1,-4.2865014,1.4239069,PT-S3,Control/Other
PT,PT,164-15::SEACell-10,-2.1708922,14.880167,dPT-S1,Control/Other
PT,PT,164-15::SEACell-11,-3.4549265,0.9423972,PT-S3,Control/Other
PT,PT,164-15::SEACell-12,-2.09626,1.1155392,PT-S3,Control/Other
PT,PT,164-15::SEACell-13,-3.2916362,1.3063408,PT-S3,Control/Other
PT,PT,164-15::SEACell-14,-4.1888943,1.2979356,PT-S3,Control/Other
PT,PT,164-15::SEACell-15,-2.2730138,15.400118,dPT-S1,Control/Other
PT,PT,164-15::SEACell-16,-3.717995,1.6243287,PT-S3,Control/Other
PT,PT,164-15::SEACell-17,-1.7792978,-1.7596145,PT-S1,Control/Other
PT,PT,164-15::SEACell-18,-3.523865,1.3428751,PT-S3,Control/Other
PT,PT,164-15::SEACell-19,-1.2294685,-3.0055158,PT-S1,Control/Other
PT,PT,164-15::SEACell-2,-4.3912416,1.3738825,PT-S3,Control/Other
PT,PT,164-15::SEACell-20,-3.4385123,1.4895531,PT-S3,Control/Other
PT,PT,164-15::SEACell-21,-2.9214625,1.1509792,PT-S2,Control/Other
PT,PT,164-15::SEACell-22,-4.2022333,1.0663733,PT-S2,Control/Other
PT,PT,164-15::SEACell-23,-1.9493587,-1.8695428,PT-S1,Control/Other
PT,PT,164-15::SEACell-24,-2.8141282,2.481264,aPT-S3,Control/Other
PT,PT,164-15::SEACell-25,-0.9190814,-2.3158133,PT-S1,Control/Other
PT,PT,164-15::SEACell-26,-1.9773643,14.946607,dPT-S1,Control/Other
PT,PT,164-15::SEACell-27,-3.7382953,1.0306605,PT-S3,Control/Other
PT,PT,164-15::SEACell-28,-4.085084,1.4023141,PT-S3,Control/Other
PT,PT,164-15::SEACell-29,-3.7573507,1.3314886,PT-S3,Control/Other
PT,PT,164-15::SEACell-3,-3.268084,0.97596306,PT-S3,Control/Other
PT,PT,164-15::SEACell-30,-2.558377,14.338333,dPT-S1,Control/Other
PT,PT,164-15::SEACell-31,-3.8354888,1.6182772,PT-S3,Control/Other
PT,PT,164-15::SEACell-32,-4.0517793,1.5834026,PT-S3,Control/Other
PT,PT,164-15::SEACell-33,-2.8499384,1.401097,PT-S3,Control/Other
PT,PT,164-15::SEACell-4,-3.4393864,1.0906492,PT-S3,Control/Other
PT,PT,164-15::SEACell-5,3.00564,8.412076,aPT1,Control/Other
PT,PT,164-15::SEACell-6,-2.638354,1.2118605,PT-S3,Control/Other
PT,PT,164-15::SEACell-7,-3.6144714,1.7496034,PT-S3,Control/Other
PT,PT,164-15::SEACell-8,-3.8370185,1.3854203,PT-S3,Control/Other
PT,PT,164-15::SEACell-9,-3.674554,1.1097991,PT-S3,Control/Other
PT,PT,164-17::SEACell-0,-3.1078467,5.3788447,PT-S1,Control/Other
PT,PT,164-17::SEACell-1,-5.272693,6.5708294,PT-S1,Control/Other
PT,PT,164-17::SEACell-10,-4.841645,6.953103,PT-S1,Control/Other
PT,PT,164-17::SEACell-11,-5.173908,6.9363933,PT-S1,Control/Other
PT,PT,164-17::SEACell-12,-3.0256798,4.9263415,PT-S2,Control/Other
PT,PT,164-17::SEACell-13,-2.812227,5.4076495,PT-S2,Control/Other
PT,PT,164-17::SEACell-14,2.0829039,11.7516,aPT2,Control/Other
PT,PT,164-17::SEACell-15,-3.1824107,5.5209746,PT-S1,Control/Other
PT,PT,164-17::SEACell-16,-3.7218516,6.1980996,dPT-S1,Control/Other
PT,PT,164-17::SEACell-17,-1.6951878,16.029053,dPT-S1,Control/Other
PT,PT,164-17::SEACell-18,-2.8773768,5.266096,PT-S2,Control/Other
PT,PT,164-17::SEACell-19,1.8711812,10.132573,aPT1,Control/Other
PT,PT,164-17::SEACell-2,-3.0388167,4.967727,PT-S2,Control/Other
PT,PT,164-17::SEACell-20,-5.3875084,6.843441,PT-S1,Control/Other
PT,PT,164-17::SEACell-21,-4.777893,7.042964,PT-S1,Control/Other
PT,PT,164-17::SEACell-22,-5.5979743,6.8576283,PT-S1,Control/Other
PT,PT,164-17::SEACell-23,1.1102962,8.995033,aPT-S3,Control/Other
PT,PT,164-17::SEACell-3,-5.315798,6.666911,PT-S1,Control/Other
PT,PT,164-17::SEACell-4,-3.1757946,5.6827135,PT-S1,Control/Other
PT,PT,164-17::SEACell-5,-4.877223,6.6355247,PT-S1,Control/Other
PT,PT,164-17::SEACell-6,-2.862207,4.6845474,PT-S3,Control/Other
PT,PT,164-17::SEACell-7,-1.6885141,15.964782,dPT-S1,Control/Other
PT,PT,164-17::SEACell-8,-0.6164241,15.120485,dPT-S1,Control/Other
PT,PT,164-17::SEACell-9,-2.8888621,4.8931537,PT-S3,Control/Other
PT,PT,164-18::SEACell-0,-6.3319936,-0.3814682,PT-S3,Control/Other
PT,PT,164-18::SEACell-1,-6.1428494,-0.36630803,PT-S3,Control/Other
PT,PT,164-18::SEACell-10,2.933427,8.243433,aPT1,Control/Other
PT,PT,164-18::SEACell-11,-3.9914916,-4.6468334,PT-S1,Control/Other
PT,PT,164-18::SEACell-12,-5.425725,-0.51478356,PT-S3,Control/Other
PT,PT,164-18::SEACell-13,-4.2629523,-1.2752345,PT-S1,Control/Other
PT,PT,164-18::SEACell-14,-4.143139,-4.502669,PT-S1,Control/Other
PT,PT,164-18::SEACell-15,-4.0681257,-4.502847,PT-S1,Control/Other
PT,PT,164-18::SEACell-16,-3.9369278,-4.5488315,PT-S1,Control/Other
PT,PT,164-18::SEACell-17,-4.2927995,-3.886511,PT-S1,Control/Other
PT,PT,164-18::SEACell-18,-3.94106,-4.6319575,PT-S1,Control/Other
PT,PT,164-18::SEACell-19,-4.053781,-4.622967,PT-S1,Control/Other
PT,PT,164-18::SEACell-2,-6.097765,-0.24081217,PT-S3,Control/Other
PT,PT,164-18::SEACell-20,-5.9085836,-0.19739111,PT-S3,Control/Other
PT,PT,164-18::SEACell-21,-6.495941,-0.26481706,PT-S3,Control/Other
PT,PT,164-18::SEACell-22,-4.2218194,-3.9863448,PT-S1,Control/Other
PT,PT,164-18::SEACell-23,-4.749546,-0.9107429,PT-S2,Control/Other
PT,PT,164-18::SEACell-24,-4.243821,-0.7966014,PT-S3,Control/Other
PT,PT,164-18::SEACell-25,-4.2144346,-3.5857008,PT-S1,Control/Other
PT,PT,164-18::SEACell-26,2.8124235,9.470971,aPT1,Control/Other
PT,PT,164-18::SEACell-27,-6.4902787,-0.30694133,PT-S3,Control/Other
PT,PT,164-18::SEACell-28,-2.4399073,15.424017,dPT-S1,Control/Other
PT,PT,164-18::SEACell-29,-6.6829705,-0.097293444,PT-S3,Control/Other
PT,PT,164-18::SEACell-3,-6.450261,-0.21643715,PT-S3,Control/Other
PT,PT,164-18::SEACell-30,-3.8547692,-4.721287,PT-S1,Control/Other
PT,PT,164-18::SEACell-31,-4.215444,-1.0401648,PT-S2,Control/Other
PT,PT,164-18::SEACell-32,-4.223617,-3.9407823,PT-S1,Control/Other
PT,PT,164-18::SEACell-33,-4.5562425,-1.1199418,PT-S2,Control/Other
PT,PT,164-18::SEACell-34,-3.7511795,-4.5964055,PT-S1,Control/Other
PT,PT,164-18::SEACell-35,-4.3028445,-0.76805353,PT-S2,Control/Other
PT,PT,164-18::SEACell-36,-5.936428,-0.19208273,PT-S3,Control/Other
PT,PT,164-18::SEACell-37,-4.0276723,-4.535816,PT-S1,Control/Other
PT,PT,164-18::SEACell-38,-4.195997,-3.4278781,PT-S1,Control/Other
PT,PT,164-18::SEACell-39,-2.3763316,16.050543,dPT-S1,Control/Other
PT,PT,164-18::SEACell-4,-4.331737,-1.3085749,PT-S2,Control/Other
PT,PT,164-18::SEACell-40,-6.4333715,-0.26442975,PT-S3,Control/Other
PT,PT,164-18::SEACell-41,-4.5237403,-2.0627189,dPT-S1,Control/Other
PT,PT,164-18::SEACell-42,-6.6956286,-0.21501929,PT-S3,Control/Other
PT,PT,164-18::SEACell-43,-6.5401554,-0.27417788,PT-S3,Control/Other
PT,PT,164-18::SEACell-44,-6.621179,-0.3268967,PT-S3,Control/Other
PT,PT,164-18::SEACell-45,-6.436145,-0.22352006,PT-S3,Control/Other
PT,PT,164-18::SEACell-46,-4.0409617,-4.457518,PT-S1,Control/Other
PT,PT,164-18::SEACell-47,-4.1848,-4.2950845,PT-S1,Control/Other
PT,PT,164-18::SEACell-48,-6.2464867,-0.24834378,PT-S3,Control/Other
PT,PT,164-18::SEACell-49,-6.6053777,-0.13802847,PT-S3,Control/Other
PT,PT,164-18::SEACell-5,3.0068545,9.427644,aPT1,Control/Other
PT,PT,164-18::SEACell-50,-4.2176266,-3.874458,PT-S1,Control/Other
PT,PT,164-18::SEACell-51,-4.4111366,-0.75524586,PT-S2,Control/Other
PT,PT,164-18::SEACell-52,-3.8539138,-4.713553,PT-S1,Control/Other
PT,PT,164-18::SEACell-53,-6.6223044,-0.1693798,PT-S3,Control/Other
PT,PT,164-18::SEACell-54,-4.0918965,-1.8980641,PT-S1,Control/Other
PT,PT,164-18::SEACell-55,-6.120589,-0.16440827,PT-S3,Control/Other
PT,PT,164-18::SEACell-56,2.7517328,9.743879,aPT1,Control/Other
PT,PT,164-18::SEACell-57,-6.3756657,-0.33240047,PT-S3,Control/Other
PT,PT,164-18::SEACell-58,-4.3819838,-1.7458522,PT-S1,Control/Other
PT,PT,164-18::SEACell-59,-4.7391186,-0.71411437,PT-S3,Control/Other
PT,PT,164-18::SEACell-6,-3.924917,-4.402851,PT-S1,Control/Other
PT,PT,164-18::SEACell-60,-3.9000666,-4.6184216,PT-S1,Control/Other
PT,PT,164-18::SEACell-61,-6.6117983,-0.11272277,PT-S3,Control/Other
PT,PT,164-18::SEACell-62,-4.2250733,-1.6895766,PT-S1,Control/Other
PT,PT,164-18::SEACell-63,-4.646706,-1.0208932,PT-S2,Control/Other
PT,PT,164-18::SEACell-64,-4.2954483,-3.9594176,PT-S1,Control/Other
PT,PT,164-18::SEACell-65,-6.2160835,-0.14296053,PT-S3,Control/Other
PT,PT,164-18::SEACell-66,-3.784183,-4.4006176,PT-S1,Control/Other
PT,PT,164-18::SEACell-67,-5.936976,0.077428795,PT-S3,Control/Other
PT,PT,164-18::SEACell-68,-2.332821,15.995333,dPT-S1,Control/Other
PT,PT,164-18::SEACell-69,-6.673345,-0.18470442,PT-S3,Control/Other
PT,PT,164-18::SEACell-7,-5.832972,-0.47152343,PT-S2,Control/Other
PT,PT,164-18::SEACell-70,-6.551212,-0.23043956,PT-S3,Control/Other
PT,PT,164-18::SEACell-71,-6.557924,-0.16579255,aPT-S3,Control/Other
PT,PT,164-18::SEACell-72,-6.1339483,-0.38333896,PT-S3,Control/Other
PT,PT,164-18::SEACell-73,-4.135789,-1.7455577,PT-S1,Control/Other
PT,PT,164-18::SEACell-74,-6.4718504,-0.2201486,PT-S3,Control/Other
PT,PT,164-18::SEACell-75,-4.069404,-4.438288,PT-S1,Control/Other
PT,PT,164-18::SEACell-76,2.169033,10.930109,aPT2,Control/Other
PT,PT,164-18::SEACell-77,-6.639948,-0.29925138,PT-S3,Control/Other
PT,PT,164-18::SEACell-78,-4.4080815,-3.7769856,PT-S1,Control/Other
PT,PT,164-18::SEACell-79,-6.4715705,-0.18335971,PT-S3,Control/Other
PT,PT,164-18::SEACell-8,-4.272731,-3.8311062,PT-S1,Control/Other
PT,PT,164-18::SEACell-80,-4.0941634,-4.4453497,PT-S1,Control/Other
PT,PT,164-18::SEACell-81,-6.5553493,-0.26072928,PT-S3,Control/Other
PT,PT,164-18::SEACell-9,-5.4434876,-0.5146178,PT-S2,Control/Other
PT,PT,164-1::SEACell-0,5.2693095,4.7827206,frPT-S3,Control/Other
PT,PT,164-1::SEACell-1,3.831377,5.994414,PT-S3,Control/Other
PT,PT,164-1::SEACell-10,3.6340013,0.043061074,PT-S1,Control/Other
PT,PT,164-1::SEACell-11,2.84451,0.7126444,PT-S3,Control/Other
PT,PT,164-1::SEACell-12,-1.569985,11.781023,dPT-S1,Control/Other
PT,PT,164-1::SEACell-13,2.7520266,-0.8515907,PT-S1,Control/Other
PT,PT,164-1::SEACell-14,3.3495681,-0.16387597,PT-S1,Control/Other
PT,PT,164-1::SEACell-15,2.7764604,0.7979709,PT-S3,Control/Other
PT,PT,164-1::SEACell-16,3.7189355,0.08593858,PT-S1,Control/Other
PT,PT,164-1::SEACell-17,3.293439,0.1343083,PT-S1,Control/Other
PT,PT,164-1::SEACell-19,3.2202244,-0.44021788,PT-S1,Control/Other
PT,PT,164-1::SEACell-2,3.5128665,0.1866166,PT-S1,Control/Other
PT,PT,164-1::SEACell-20,-0.6817962,10.842154,PT-S1,Control/Other
PT,PT,164-1::SEACell-21,3.55829,0.029449537,PT-S1,Control/Other
PT,PT,164-1::SEACell-22,3.3108068,0.27830532,PT-S1,Control/Other
PT,PT,164-1::SEACell-23,3.6934664,0.17060494,PT-S1,Control/Other
PT,PT,164-1::SEACell-25,3.4447262,0.20606562,PT-S2,Control/Other
PT,PT,164-1::SEACell-27,3.502639,-0.05681288,PT-S1,Control/Other
PT,PT,164-1::SEACell-28,3.408988,-0.19220662,PT-S1,Control/Other
PT,PT,164-1::SEACell-29,3.0756483,-0.46023455,PT-S1,Control/Other
PT,PT,164-1::SEACell-3,2.3552184,0.74222916,PT-S3,Control/Other
PT,PT,164-1::SEACell-30,-0.44705015,11.141571,PT-S1,Control/Other
PT,PT,164-1::SEACell-4,3.6221097,0.21239863,PT-S1,Control/Other
PT,PT,164-1::SEACell-5,3.6167533,-0.009591904,PT-S1,Control/Other
PT,PT,164-1::SEACell-6,3.6460354,0.09504755,PT-S1,Control/Other
PT,PT,164-1::SEACell-7,5.616866,5.1777353,aPT1,Control/Other
PT,PT,164-1::SEACell-8,3.5872912,-0.111096025,PT-S1,Control/Other
PT,PT,164-1::SEACell-9,3.5082486,0.16834074,PT-S1,Control/Other
PT,PT,164-20::SEACell-0,-2.1067321,-4.0830383,PT-S1,Control/Other
PT,PT,164-20::SEACell-1,-2.5395844,0.49888837,PT-S3,Control/Other
PT,PT,164-20::SEACell-2,0.92714417,-1.86877,PT-S1,Control/Other
PT,PT,164-20::SEACell-3,-2.389964,-0.4470243,PT-S3,Control/Other
PT,PT,164-20::SEACell-4,-2.2969403,-1.3808658,PT-S1,Control/Other
PT,PT,164-20::SEACell-5,-3.707465,0.5529282,PT-S3,Control/Other
PT,PT,164-20::SEACell-6,-2.5509682,0.7020572,PT-S3,Control/Other
PT,PT,164-3::SEACell-0,-1.1314781,-1.596858,PT-S1,Control/Other
PT,PT,164-3::SEACell-1,-3.0198894,13.946497,dPT-S1,Control/Other
PT,PT,164-3::SEACell-10,-0.116099246,-1.7120038,PT-S1,Control/Other
PT,PT,164-3::SEACell-11,-2.665289,15.537125,dPT-S1,Control/Other
PT,PT,164-3::SEACell-12,-1.2669209,-1.1483849,PT-S2,Control/Other
PT,PT,164-3::SEACell-13,-1.4001598,-0.9909403,PT-S2,Control/Other
PT,PT,164-3::SEACell-14,-2.744237,15.225784,dPT-S1,Control/Other
PT,PT,164-3::SEACell-15,-0.50642914,0.13553639,PT-S3,Control/Other
PT,PT,164-3::SEACell-16,-0.8289465,-1.685012,PT-S1,Control/Other
PT,PT,164-3::SEACell-17,-1.5546758,-1.4252943,dPT-S1,Control/Other
PT,PT,164-3::SEACell-18,-0.59591454,-1.7253176,PT-S1,Control/Other
PT,PT,164-3::SEACell-19,-2.6286528,13.830754,dPT-S1,Control/Other
PT,PT,164-3::SEACell-2,-0.8486556,-1.6866319,PT-S1,Control/Other
PT,PT,164-3::SEACell-20,-1.0185982,-1.7970935,PT-S1,Control/Other
PT,PT,164-3::SEACell-21,-1.8892384,-0.88776,PT-S2,Control/Other
PT,PT,164-3::SEACell-22,-2.8465707,13.54931,dPT-S1,Control/Other
PT,PT,164-3::SEACell-23,-1.4867254,-1.2993062,PT-S2,Control/Other
PT,PT,164-3::SEACell-24,-1.4962633,-1.2491992,PT-S2,Control/Other
PT,PT,164-3::SEACell-25,-1.3862134,-1.4822894,PT-S1,Control/Other
PT,PT,164-3::SEACell-26,-1.6887231,-1.2889801,PT-S1,Control/Other
PT,PT,164-3::SEACell-27,-1.194426,-0.79060894,PT-S2,Control/Other
PT,PT,164-3::SEACell-28,1.7081065,-1.4165976,PT-S2,Control/Other
PT,PT,164-3::SEACell-29,0.9373544,-1.1819458,PT-S2,Control/Other
PT,PT,164-3::SEACell-3,-2.8941727,14.571376,dPT-S1,Control/Other
PT,PT,164-3::SEACell-30,-2.4199011,15.273892,dPT-S1,Control/Other
PT,PT,164-3::SEACell-31,-2.866526,14.128848,dPT-S1,Control/Other
PT,PT,164-3::SEACell-32,-1.3537571,-1.1072165,PT-S1,Control/Other
PT,PT,164-3::SEACell-33,-1.1860328,-1.6076169,PT-S1,Control/Other
PT,PT,164-3::SEACell-34,-1.8316836,-0.7363343,PT-S2,Control/Other
PT,PT,164-3::SEACell-35,-1.488803,-1.4532535,dPT-S1,Control/Other
PT,PT,164-3::SEACell-36,-2.843329,14.020856,dPT-S1,Control/Other
PT,PT,164-3::SEACell-37,-1.0315189,-1.7377142,PT-S1,Control/Other
PT,PT,164-3::SEACell-38,-2.3687656,-0.70920604,PT-S2,Control/Other
PT,PT,164-3::SEACell-39,4.443991,6.441067,aPT1,Control/Other
PT,PT,164-3::SEACell-4,-0.69061244,-1.714845,PT-S1,Control/Other
PT,PT,164-3::SEACell-40,-2.8175488,14.685432,dPT-S1,Control/Other
PT,PT,164-3::SEACell-41,-2.7727616,-0.29645404,PT-S3,Control/Other
PT,PT,164-3::SEACell-42,-0.41622248,-1.7983027,PT-S1,Control/Other
PT,PT,164-3::SEACell-5,5.0913224,5.4399114,aPT1,Control/Other
PT,PT,164-3::SEACell-6,-0.7402305,-1.7578893,PT-S1,Control/Other
PT,PT,164-3::SEACell-7,-2.0639932,-0.7077437,PT-S2,Control/Other
PT,PT,164-3::SEACell-8,-0.7541786,-0.34685957,PT-S2,Control/Other
PT,PT,164-3::SEACell-9,4.488577,6.6911645,aPT1,Control/Other
PT,PT,164-5::SEACell-0,-3.4908915,1.5388241,PT-S3,Control/Other
PT,PT,164-5::SEACell-1,-0.5179915,-1.6237935,PT-S1,Control/Other
PT,PT,164-5::SEACell-10,-0.69828576,-1.4651135,dPT-S1,Control/Other
PT,PT,164-5::SEACell-11,-3.0907626,2.109578,PT-S3,Control/Other
PT,PT,164-5::SEACell-12,-0.2789304,-1.7645857,PT-S1,Control/Other
PT,PT,164-5::SEACell-13,-1.2288944,-1.2745104,PT-S1,Control/Other
PT,PT,164-5::SEACell-14,-3.9650533,2.0938907,dPT-S3,Control/Other
PT,PT,164-5::SEACell-15,-3.2832747,1.4459012,PT-S3,Control/Other
PT,PT,164-5::SEACell-16,-1.1340792,-1.2714795,PT-S1,Control/Other
PT,PT,164-5::SEACell-17,-3.0659966,1.5943085,PT-S3,Control/Other
PT,PT,164-5::SEACell-18,-3.8655324,1.4466289,PT-S3,Control/Other
PT,PT,164-5::SEACell-19,-1.0371866,-1.2559178,PT-S1,Control/Other
PT,PT,164-5::SEACell-2,-3.2409382,1.5460216,PT-S3,Control/Other
PT,PT,164-5::SEACell-20,-2.3164885,14.435574,dPT-S1,Control/Other
PT,PT,164-5::SEACell-21,-2.6290917,15.015375,dPT-S1,Control/Other
PT,PT,164-5::SEACell-22,-0.93909717,1.8151224,PT-S3,Control/Other
PT,PT,164-5::SEACell-23,3.6484118,7.4061975,aPT-S3,Control/Other
PT,PT,164-5::SEACell-24,4.54234,6.500138,frPT-S1/S2,Control/Other
PT,PT,164-5::SEACell-25,-2.3270924,13.477717,dPT-S1,Control/Other
PT,PT,164-5::SEACell-3,-1.0906608,11.985601,dPT-S1,Control/Other
PT,PT,164-5::SEACell-4,-2.3527892,14.303128,dPT-S1,Control/Other
PT,PT,164-5::SEACell-5,-0.8053123,-1.5427022,PT-S1,Control/Other
PT,PT,164-5::SEACell-6,-2.445235,15.06941,dPT-S1,Control/Other
PT,PT,164-5::SEACell-7,-0.25714087,-1.5636674,PT-S1,Control/Other
PT,PT,164-5::SEACell-8,-3.5161047,1.8231889,PT-S3,Control/Other
PT,PT,164-5::SEACell-9,4.0519304,7.350347,aPT1,Control/Other
PT,PT,164-6::SEACell-0,-2.6493769,13.135504,dPT-S1,Control/Other
PT,PT,164-6::SEACell-1,2.315753,0.3014868,PT-S2,Control/Other
PT,PT,164-6::SEACell-10,5.267405,4.697133,aPT1,Control/Other
PT,PT,164-6::SEACell-11,-2.742103,13.714627,dPT-S1,Control/Other
PT,PT,164-6::SEACell-12,2.8321934,-2.2746956,PT-S1,Control/Other
PT,PT,164-6::SEACell-13,2.3118176,0.15025021,PT-S2,Control/Other
PT,PT,164-6::SEACell-14,1.9226019,0.5025231,PT-S3,Control/Other
PT,PT,164-6::SEACell-15,3.1203444,-1.216622,PT-S2,Control/Other
PT,PT,164-6::SEACell-16,-2.904945,13.919742,dPT-S1,Control/Other
PT,PT,164-6::SEACell-17,-2.73878,14.703915,dPT-S1,Control/Other
PT,PT,164-6::SEACell-18,-1.1894008,-1.4971573,PT-S1,Control/Other
PT,PT,164-6::SEACell-19,3.3860805,-1.3265792,PT-S1,Control/Other
PT,PT,164-6::SEACell-2,-1.4073548,-1.3696222,PT-S1,Control/Other
PT,PT,164-6::SEACell-20,1.659792,0.57045174,PT-S3,Control/Other
PT,PT,164-6::SEACell-21,-2.245647,-1.4891714,dPT-S1,Control/Other
PT,PT,164-6::SEACell-22,3.7079518,-2.224269,PT-S1,Control/Other
PT,PT,164-6::SEACell-23,2.0824642,0.5812444,PT-S3,Control/Other
PT,PT,164-6::SEACell-24,2.2255719,-0.99584144,PT-S1,Control/Other
PT,PT,164-6::SEACell-25,4.4787207,7.3706627,dPT-S1,Control/Other
PT,PT,164-6::SEACell-26,-2.8433096,12.90751,dPT-S1,Control/Other
PT,PT,164-6::SEACell-27,2.2800055,0.46406314,PT-S3,Control/Other
PT,PT,164-6::SEACell-28,2.6677437,-1.004545,PT-S2,Control/Other
PT,PT,164-6::SEACell-29,2.316617,-1.7611479,PT-S1,Control/Other
PT,PT,164-6::SEACell-3,0.961815,0.32285562,PT-S3,Control/Other
PT,PT,164-6::SEACell-30,3.0040114,-2.2717469,PT-S1,Control/Other
PT,PT,164-6::SEACell-31,1.345841,0.6400962,PT-S3,Control/Other
PT,PT,164-6::SEACell-32,3.0013433,-2.2879195,PT-S1,Control/Other
PT,PT,164-6::SEACell-33,5.5587173,5.5553255,aPT1,Control/Other
PT,PT,164-6::SEACell-34,-2.6036568,13.092977,dPT-S1,Control/Other
PT,PT,164-6::SEACell-35,-2.9217784,13.793159,dPT-S1,Control/Other
PT,PT,164-6::SEACell-36,2.4188397,0.1588821,PT-S2,Control/Other
PT,PT,164-6::SEACell-37,2.3771837,-0.7842852,PT-S2,Control/Other
PT,PT,164-6::SEACell-38,3.151982,-2.1042662,PT-S1,Control/Other
PT,PT,164-6::SEACell-4,-1.2777928,-1.5277711,dPT-S1,Control/Other
PT,PT,164-6::SEACell-5,2.408789,-1.8555149,PT-S1,Control/Other
PT,PT,164-6::SEACell-6,2.2640202,0.20382576,PT-S1,Control/Other
PT,PT,164-6::SEACell-7,3.7795775,-2.36169,PT-S1,Control/Other
PT,PT,164-6::SEACell-8,-2.6857572,13.242395,dPT-S1,Control/Other
PT,PT,164-6::SEACell-9,3.409878,-2.0365577,PT-S1,Control/Other
PT,PT,164-7::SEACell-0,2.455196,0.9798859,PT-S3,Control/Other
PT,PT,164-7::SEACell-1,2.5914545,1.1095625,PT-S2,Control/Other
PT,PT,164-7::SEACell-10,1.8740883,1.0136895,PT-S1,Control/Other
PT,PT,164-7::SEACell-11,0.33737573,0.9284796,dPT-S1,Control/Other
PT,PT,164-7::SEACell-12,1.1955642,1.5463991,PT-S3,Control/Other
PT,PT,164-7::SEACell-13,3.4235852,0.3224156,PT-S1,Control/Other
PT,PT,164-7::SEACell-14,0.37276587,1.1308964,PT-S3,Control/Other
PT,PT,164-7::SEACell-15,-1.847806,12.198613,dPT-S1,Control/Other
PT,PT,164-7::SEACell-16,2.7712073,1.0962163,PT-S3,Control/Other
PT,PT,164-7::SEACell-17,2.727946,-0.8987401,PT-S1,Control/Other
PT,PT,164-7::SEACell-18,2.5049808,1.1084085,PT-S3,Control/Other
PT,PT,164-7::SEACell-2,2.411986,1.058313,PT-S3,Control/Other
PT,PT,164-7::SEACell-3,5.3224726,4.6946654,aPT1,Control/Other
PT,PT,164-7::SEACell-4,2.6505938,1.0483867,PT-S3,Control/Other
PT,PT,164-7::SEACell-5,1.0583023,1.4081478,PT-S3,Control/Other
PT,PT,164-7::SEACell-6,2.5244486,1.0476257,PT-S3,Control/Other
PT,PT,164-7::SEACell-7,2.6040006,0.9959119,PT-S3,Control/Other
PT,PT,164-7::SEACell-8,5.107794,4.7327466,aPT1,Control/Other
PT,PT,164-7::SEACell-9,3.27309,0.41830504,PT-S2,Control/Other
PT,PT,164-8::SEACell-0,4.1161385,7.9337797,aPT1,Control/Other
PT,PT,164-8::SEACell-1,-2.5960178,15.56253,dPT-S1,Control/Other
PT,PT,164-8::SEACell-2,2.9554827,-1.1924657,PT-S1,Control/Other
PT,PT,164-8::SEACell-3,2.587484,-1.6220455,PT-S1,Control/Other
PT,PT,164-8::SEACell-4,0.36722007,1.0740701,PT-S3,Control/Other
PT,PT,164-8::SEACell-5,-2.3476245,16.039812,dPT-S1,Control/Other
PT,PT,164-8::SEACell-6,-2.497996,16.059444,dPT-S1,Control/Other
PT,PT,164-8::SEACell-7,-2.792091,14.291775,dPT-S1,Control/Other
PT,PT,164-8::SEACell-8,0.6993668,0.80620617,PT-S3,Control/Other
PT,PT,165-10::SEACell-0,3.945018,8.034884,aPT-S3,Control/Other
PT,PT,165-10::SEACell-1,3.4719706,8.771194,aPT1,Control/Other
PT,PT,165-10::SEACell-2,3.935009,7.7904105,aPT1,Control/Other
PT,PT,165-10::SEACell-3,-0.884032,11.844894,dPT-S1,Control/Other
PT,PT,165-11::SEACell-0,-2.1664479,-1.5299566,PT-S1,Control/Other
PT,PT,165-11::SEACell-1,-1.2937515,-1.2126634,PT-S1,Control/Other
PT,PT,165-11::SEACell-10,-1.7070904,-0.16213474,PT-S1,Control/Other
PT,PT,165-11::SEACell-11,-1.6726421,-0.033202507,PT-S1,Control/Other
PT,PT,165-11::SEACell-12,-1.6957737,0.10355424,PT-S2,Control/Other
PT,PT,165-11::SEACell-13,-1.8153362,0.9055757,PT-S3,Control/Other
PT,PT,165-11::SEACell-14,-1.8363426,0.94985414,PT-S3,Control/Other
PT,PT,165-11::SEACell-15,-1.6433128,0.2300174,PT-S2,Control/Other
PT,PT,165-11::SEACell-16,-2.1682518,-1.3512298,PT-S1,Control/Other
PT,PT,165-11::SEACell-17,-2.0929015,-1.4909753,PT-S1,Control/Other
PT,PT,165-11::SEACell-18,-1.6482059,0.23175782,PT-S1,Control/Other
PT,PT,165-11::SEACell-19,-1.517868,0.70364356,PT-S3,Control/Other
PT,PT,165-11::SEACell-2,-1.7343993,0.8888129,PT-S3,Control/Other
PT,PT,165-11::SEACell-20,-1.6737441,0.013266972,PT-S1,Control/Other
PT,PT,165-11::SEACell-21,-1.9260107,-0.6941884,PT-S1,Control/Other
PT,PT,165-11::SEACell-22,-2.320986,-1.658432,PT-S1,Control/Other
PT,PT,165-11::SEACell-23,-2.0512516,-1.3655801,PT-S1,Control/Other
PT,PT,165-11::SEACell-24,-2.1226537,-1.3579932,PT-S1,Control/Other
PT,PT,165-11::SEACell-25,-1.5179566,-0.73512596,dPT-S1,Control/Other
PT,PT,165-11::SEACell-26,-2.022935,-1.289299,PT-S1,Control/Other
PT,PT,165-11::SEACell-27,-1.7387198,0.8948315,PT-S3,Control/Other
PT,PT,165-11::SEACell-28,-1.7825876,0.8068863,PT-S3,Control/Other
PT,PT,165-11::SEACell-29,-1.8045613,-1.0171841,PT-S1,Control/Other
PT,PT,165-11::SEACell-3,-1.6646194,0.6923257,PT-S3,Control/Other
PT,PT,165-11::SEACell-30,-2.5233407,-2.091242,PT-S1,Control/Other
PT,PT,165-11::SEACell-31,-1.65109,0.37496835,PT-S2,Control/Other
PT,PT,165-11::SEACell-32,-1.6360154,-0.2847,PT-S1,Control/Other
PT,PT,165-11::SEACell-33,-1.8995624,-0.8814227,PT-S1,Control/Other
PT,PT,165-11::SEACell-34,-1.5989878,0.71357864,PT-S3,Control/Other
PT,PT,165-11::SEACell-35,-1.6249448,0.4096639,PT-S2,Control/Other
PT,PT,165-11::SEACell-36,3.4546056,9.2802725,frPT-S1/S2,Control/Other
PT,PT,165-11::SEACell-37,-1.7211101,-0.14891069,PT-S1,Control/Other
PT,PT,165-11::SEACell-38,-1.6432928,0.8078764,PT-S3,Control/Other
PT,PT,165-11::SEACell-39,-2.1597517,-1.8016483,PT-S1,Control/Other
PT,PT,165-11::SEACell-4,2.7136126,8.762536,aPT1,Control/Other
PT,PT,165-11::SEACell-5,-1.6864438,-0.38332155,PT-S1,Control/Other
PT,PT,165-11::SEACell-6,-1.7501136,-0.26665035,PT-S1,Control/Other
PT,PT,165-11::SEACell-7,-1.8615171,-0.8932061,PT-S1,Control/Other
PT,PT,165-11::SEACell-8,-2.1592402,-1.4691894,PT-S1,Control/Other
PT,PT,165-11::SEACell-9,-2.2957766,-1.8133149,PT-S1,Control/Other
PT,PT,165-13::SEACell-0,-1.7865851,-2.2127857,PT-S1,Control/Other
PT,PT,165-13::SEACell-1,-1.9927814,-3.2723603,PT-S1,Control/Other
PT,PT,165-13::SEACell-10,-2.5016923,-0.46568304,PT-S2,Control/Other
PT,PT,165-13::SEACell-11,-1.2850335,-1.72896,PT-S1,Control/Other
PT,PT,165-13::SEACell-12,-2.548989,-3.0091708,PT-S1,Control/Other
PT,PT,165-13::SEACell-13,-0.47772053,14.945193,dPT-S1,Control/Other
PT,PT,165-13::SEACell-14,-2.3869736,-3.1747317,PT-S1,Control/Other
PT,PT,165-13::SEACell-15,-2.3429515,-3.1478493,dPT-S1,Control/Other
PT,PT,165-13::SEACell-16,-2.137036,-3.1152973,PT-S1,Control/Other
PT,PT,165-13::SEACell-17,3.5909066,9.484654,aPT1,Control/Other
PT,PT,165-13::SEACell-18,-2.2029521,14.980235,dPT-S1,Control/Other
PT,PT,165-13::SEACell-19,-1.7215047,-0.71160537,PT-S2,Control/Other
PT,PT,165-13::SEACell-2,-1.850438,-3.4289665,PT-S1,Control/Other
PT,PT,165-13::SEACell-20,-2.6817844,1.2171137,PT-S3,Control/Other
PT,PT,165-13::SEACell-3,-2.3026893,-3.2000642,PT-S1,Control/Other
PT,PT,165-13::SEACell-4,-2.200867,-3.4451334,PT-S1,Control/Other
PT,PT,165-13::SEACell-5,-2.1565173,-0.21610212,PT-S3,Control/Other
PT,PT,165-13::SEACell-6,-2.367149,0.8960784,PT-S3,Control/Other
PT,PT,165-13::SEACell-7,-2.1008887,-0.980336,PT-S1,Control/Other
PT,PT,165-13::SEACell-8,-2.2632036,1.0766587,PT-S3,Control/Other
PT,PT,165-13::SEACell-9,-2.0019133,0.30849868,PT-S3,Control/Other
PT,PT,165-14::mc0,3.118899,10.216031,aPT-S3,Control/Other
PT,PT,165-15::SEACell-0,4.4492917,8.941431,aPT-S1/S2,Control/Other
PT,PT,165-15::SEACell-1,-0.9164678,10.915316,PT-S1,Control/Other
PT,PT,165-15::SEACell-2,1.0681325,-1.0568992,PT-S1,Control/Other
PT,PT,165-15::SEACell-3,0.9071939,-1.1007576,PT-S1,Control/Other
PT,PT,165-15::SEACell-4,0.9630016,-1.402295,PT-S1,Control/Other
PT,PT,165-15::SEACell-5,-1.1961924,-0.565329,PT-S2,Control/Other
PT,PT,165-15::SEACell-6,-0.99705297,11.121474,PT-S3,Control/Other
PT,PT,165-15::SEACell-7,-1.560686,-1.4764494,dPT-S1,Control/Other
PT,PT,165-7::SEACell-0,4.705786,6.322729,frPT-S1/S2,Control/Other
PT,PT,165-7::SEACell-1,0.66600275,1.5062939,PT-S3,Control/Other
PT,PT,165-7::SEACell-10,4.1842113,5.413532,aPT-S3,Control/Other
PT,PT,165-7::SEACell-11,-1.9219371,12.337431,dPT-S1,Control/Other
PT,PT,165-7::SEACell-12,0.8491299,1.3448927,PT-S3,Control/Other
PT,PT,165-7::SEACell-13,3.4694624,-0.91669136,PT-S1,Control/Other
PT,PT,165-7::SEACell-14,-2.1279302,11.875833,dPT-S1,Control/Other
PT,PT,165-7::SEACell-15,3.4197762,-1.1475172,PT-S1,Control/Other
PT,PT,165-7::SEACell-17,2.874487,-0.9296997,PT-S1,Control/Other
PT,PT,165-7::SEACell-18,3.6506922,-1.0340219,PT-S1,Control/Other
PT,PT,165-7::SEACell-19,0.26218116,1.3060105,PT-S3,Control/Other
PT,PT,165-7::SEACell-2,3.2637382,-1.2254816,PT-S1,Control/Other
PT,PT,165-7::SEACell-21,0.89714164,1.553428,PT-S3,Control/Other
PT,PT,165-7::SEACell-22,4.946362,5.4794774,aPT1,Control/Other
PT,PT,165-7::SEACell-24,0.027784176,1.2881631,PT-S3,Control/Other
PT,PT,165-7::SEACell-25,3.1001449,-1.228898,PT-S1,Control/Other
PT,PT,165-7::SEACell-27,3.6091542,-0.9382496,PT-S2,Control/Other
PT,PT,165-7::SEACell-28,-1.8568451,12.23135,dPT-S1,Control/Other
PT,PT,165-7::SEACell-29,-1.7290225,11.84521,dPT-S1,Control/Other
PT,PT,165-7::SEACell-3,-2.1201105,13.116206,dPT-S1,Control/Other
PT,PT,165-7::SEACell-30,5.2418704,4.9849067,frPT-S1/S2,Control/Other
PT,PT,165-7::SEACell-32,1.4403476,-1.041277,PT-S3,Control/Other
PT,PT,165-7::SEACell-33,3.4274237,-1.0516199,PT-S1,Control/Other
PT,PT,165-7::SEACell-34,0.6239432,1.4228076,PT-S3,Control/Other
PT,PT,165-7::SEACell-35,0.79875726,1.3301274,PT-S3,Control/Other
PT,PT,165-7::SEACell-36,0.6733702,1.3657857,PT-S3,Control/Other
PT,PT,165-7::SEACell-37,-0.7814501,-0.36670756,dPT-S1,Control/Other
PT,PT,165-7::SEACell-38,3.4578197,-0.95705587,PT-S1,Control/Other
PT,PT,165-7::SEACell-39,-2.1748052,12.389274,dPT-S1,Control/Other
PT,PT,165-7::SEACell-4,-1.9035554,11.821977,dPT-S1,Control/Other
PT,PT,165-7::SEACell-41,0.8549224,1.4794537,PT-S3,Control/Other
PT,PT,165-7::SEACell-42,5.321238,5.27553,aPT1,Control/Other
PT,PT,165-7::SEACell-43,0.76267684,1.4157907,PT-S3,Control/Other
PT,PT,165-7::SEACell-44,-2.3003473,12.461403,dPT-S1,Control/Other
PT,PT,165-7::SEACell-45,3.5183961,-1.0428548,PT-S1,Control/Other
PT,PT,165-7::SEACell-5,5.149925,5.300405,frPT-S1/S2,Control/Other
PT,PT,165-7::SEACell-6,3.5675786,-1.1101536,PT-S1,Control/Other
PT,PT,165-7::SEACell-7,0.4153247,1.4580863,PT-S3,Control/Other
PT,PT,165-7::SEACell-8,3.57065,-0.95900035,PT-S1,Control/Other
PT,PT,165-7::SEACell-9,4.828557,5.7163568,aPT1,Control/Other
PT,PT,165-9::SEACell-0,-3.3087626,1.8674092,PT-S3,Control/Other
PT,PT,165-9::SEACell-1,-2.0465312,12.852802,dPT-S1,Control/Other
PT,PT,165-9::SEACell-10,3.7457066,7.871545,aPT1,Control/Other
PT,PT,165-9::SEACell-11,-0.27939174,1.9868642,PT-S3,Control/Other
PT,PT,165-9::SEACell-2,-3.7541783,1.7610875,PT-S3,Control/Other
PT,PT,165-9::SEACell-3,-4.0391436,1.9133149,PT-S3,Control/Other
PT,PT,165-9::SEACell-4,-1.9173764,12.140685,dPT-S1,Control/Other
PT,PT,165-9::SEACell-5,-1.6342037,12.310008,PT-S3,Control/Other
PT,PT,165-9::SEACell-6,-4.4653544,2.0877004,PT-S3,Control/Other
PT,PT,165-9::SEACell-7,-3.330906,1.9220872,PT-S3,Control/Other
PT,PT,165-9::SEACell-8,-1.9193944,13.272386,dPT-S1,Control/Other
PT,PT,165-9::SEACell-9,-1.8359424,12.959916,dPT-S1,Control/Other
PT,PT,18-142::SEACell-0,2.9710574,-4.4492884,PT-S1,Control/Other
PT,PT,18-142::SEACell-1,2.9286785,-4.316581,PT-S1,Control/Other
PT,PT,18-142::SEACell-10,4.9085493,5.138741,aPT1,Control/Other
PT,PT,18-142::SEACell-11,3.129709,-4.448783,PT-S1,Control/Other
PT,PT,18-142::SEACell-12,3.9522543,-4.041011,PT-S2,Control/Other
PT,PT,18-142::SEACell-13,2.961489,-4.3483825,PT-S1,Control/Other
PT,PT,18-142::SEACell-14,4.9632063,4.90913,aPT1,Control/Other
PT,PT,18-142::SEACell-15,3.1833627,-4.553944,PT-S1,Control/Other
PT,PT,18-142::SEACell-16,2.999612,-4.412289,PT-S1,Control/Other
PT,PT,18-142::SEACell-17,2.6331775,-2.5688043,dPT-S1,Control/Other
PT,PT,18-142::SEACell-18,4.1527486,-3.7996387,PT-S2,Control/Other
PT,PT,18-142::SEACell-19,4.1244836,-3.9394386,PT-S2,Control/Other
PT,PT,18-142::SEACell-2,3.2779489,-4.642751,PT-S1,Control/Other
PT,PT,18-142::SEACell-20,4.0255914,-3.9978433,PT-S2,Control/Other
PT,PT,18-142::SEACell-21,2.7105136,-4.0557637,dPT-S1,Control/Other
PT,PT,18-142::SEACell-22,0.7818457,-2.171033,dPT-S1,Control/Other
PT,PT,18-142::SEACell-23,3.8731372,-4.0088224,PT-S2,Control/Other
PT,PT,18-142::SEACell-24,4.960124,4.8576145,aPT1,Control/Other
PT,PT,18-142::SEACell-25,-1.7322967,11.622492,dPT-S1,Control/Other
PT,PT,18-142::SEACell-26,5.1531925,4.812701,aPT1,Control/Other
PT,PT,18-142::SEACell-27,-1.4673173,11.635595,dPT-S1,Control/Other
PT,PT,18-142::SEACell-28,3.9597805,-4.0358725,PT-S2,Control/Other
PT,PT,18-142::SEACell-29,-1.7044129,11.511584,dPT-S1,Control/Other
PT,PT,18-142::SEACell-3,-0.624936,10.9243,dPT-S1,Control/Other
PT,PT,18-142::SEACell-30,3.0483487,-4.3792834,PT-S1,Control/Other
PT,PT,18-142::SEACell-31,3.3352892,-4.0579314,PT-S1,Control/Other
PT,PT,18-142::SEACell-32,3.1736395,-4.106187,PT-S1,Control/Other
PT,PT,18-142::SEACell-33,5.01853,4.8249497,aPT1,Control/Other
PT,PT,18-142::SEACell-34,5.1711326,4.641084,aPT1,Control/Other
PT,PT,18-142::SEACell-35,2.850938,-4.352861,PT-S1,Control/Other
PT,PT,18-142::SEACell-36,3.1086764,-4.45638,PT-S1,Control/Other
PT,PT,18-142::SEACell-37,4.1630535,-3.7865756,PT-S3,Control/Other
PT,PT,18-142::SEACell-38,3.109333,-4.5395837,PT-S1,Control/Other
PT,PT,18-142::SEACell-39,3.9856606,-3.9215932,PT-S2,Control/Other
PT,PT,18-142::SEACell-4,3.2247355,-4.046554,PT-S1,Control/Other
PT,PT,18-142::SEACell-40,5.3283896,4.837943,frPT-S1/S2,Control/Other
PT,PT,18-142::SEACell-41,-1.705732,11.412868,dPT-S1,Control/Other
PT,PT,18-142::SEACell-42,4.05682,-3.9285617,PT-S2,Control/Other
PT,PT,18-142::SEACell-43,-1.7469112,11.775685,dPT-S1,Control/Other
PT,PT,18-142::SEACell-44,2.7708583,-3.2896547,dPT-S1,Control/Other
PT,PT,18-142::SEACell-45,-0.57615805,10.869493,aPT1,Control/Other
PT,PT,18-142::SEACell-46,2.861988,-4.2689066,PT-S1,Control/Other
PT,PT,18-142::SEACell-47,2.5786564,-2.4042084,PT-S2,Control/Other
PT,PT,18-142::SEACell-48,5.3672557,5.3859773,frPT-S1/S2,Control/Other
PT,PT,18-142::SEACell-49,3.6467009,-3.7167253,PT-S2,Control/Other
PT,PT,18-142::SEACell-5,3.1026425,-4.5161915,PT-S1,Control/Other
PT,PT,18-142::SEACell-50,3.199061,-4.1884866,PT-S1,Control/Other
PT,PT,18-142::SEACell-51,3.145386,-4.5341396,PT-S1,Control/Other
PT,PT,18-142::SEACell-52,4.116536,-3.8420064,PT-S3,Control/Other
PT,PT,18-142::SEACell-53,5.62131,5.0345955,aPT1,Control/Other
PT,PT,18-142::SEACell-54,5.292838,5.0194316,aPT1,Control/Other
PT,PT,18-142::SEACell-55,4.0604267,-3.9466937,PT-S2,Control/Other
PT,PT,18-142::SEACell-56,4.021246,-4.013831,PT-S2,Control/Other
PT,PT,18-142::SEACell-57,5.417546,4.686999,frPT-S1/S2,Control/Other
PT,PT,18-142::SEACell-58,3.915331,-4.079989,PT-S2,Control/Other
PT,PT,18-142::SEACell-59,2.4530594,-2.8414347,dPT-S1,Control/Other
PT,PT,18-142::SEACell-6,0.6817158,-2.2989328,dPT-S1,Control/Other
PT,PT,18-142::SEACell-60,3.7260585,-3.8304098,PT-S2,Control/Other
PT,PT,18-142::SEACell-61,0.72306156,-2.1925004,dPT-S1,Control/Other
PT,PT,18-142::SEACell-62,2.9095387,-4.325789,PT-S1,Control/Other
PT,PT,18-142::SEACell-63,5.1502624,4.8103485,aPT1,Control/Other
PT,PT,18-142::SEACell-64,2.7604723,-2.894791,PT-S2,Control/Other
PT,PT,18-142::SEACell-65,-1.7657115,11.303632,dPT-S1,Control/Other
PT,PT,18-142::SEACell-66,4.041951,-3.80992,PT-S3,Control/Other
PT,PT,18-142::SEACell-67,4.0171485,-3.9702587,PT-S2,Control/Other
PT,PT,18-142::SEACell-68,3.9034498,-4.044442,PT-S2,Control/Other
PT,PT,18-142::SEACell-69,3.7665188,-4.003096,PT-S2,Control/Other
PT,PT,18-142::SEACell-7,3.1421173,-4.5541124,PT-S1,Control/Other
PT,PT,18-142::SEACell-70,3.712867,-4.073695,PT-S2,Control/Other
PT,PT,18-142::SEACell-71,4.0023704,-3.5732405,PT-S3,Control/Other
PT,PT,18-142::SEACell-72,3.93287,-4.031448,PT-S2,Control/Other
PT,PT,18-142::SEACell-73,3.6897488,-3.8770096,PT-S1,Control/Other
PT,PT,18-142::SEACell-74,5.48766,5.111604,frPT-S1/S2,Control/Other
PT,PT,18-142::SEACell-75,3.1928246,-4.4385924,PT-S1,Control/Other
PT,PT,18-142::SEACell-76,2.569773,-2.4974916,dPT-S3,Control/Other
PT,PT,18-142::SEACell-77,3.6245162,-4.045356,PT-S1,Control/Other
PT,PT,18-142::SEACell-78,3.1125584,-3.9982758,PT-S1,Control/Other
PT,PT,18-142::SEACell-79,-2.0625722,12.867447,dPT-S1,Control/Other
PT,PT,18-142::SEACell-8,3.097182,-4.0500407,PT-S1,Control/Other
PT,PT,18-142::SEACell-80,3.0043404,-4.3908224,PT-S1,Control/Other
PT,PT,18-142::SEACell-81,2.5985768,-2.6452203,PT-S2,Control/Other
PT,PT,18-142::SEACell-9,2.3860934,-1.3798833,aPT1,Control/Other
PT,PT,18-162::SEACell-0,3.5920842,6.494814,aPT1,Control/Other
PT,PT,18-162::SEACell-1,3.5309572,6.285989,aPT-S1/S2,Control/Other
PT,PT,18-162::SEACell-10,3.1715338,5.548671,PT-S1,Control/Other
PT,PT,18-162::SEACell-11,3.7264352,6.425447,aPT-S3,Control/Other
PT,PT,18-162::SEACell-12,-1.8778249,13.949481,dPT-S1,Control/Other
PT,PT,18-162::SEACell-13,4.963104,5.9556227,PT-S1,Control/Other
PT,PT,18-162::SEACell-14,3.1572165,6.7113338,aPT1,Control/Other
PT,PT,18-162::SEACell-15,3.4466913,6.2007637,aPT1,Control/Other
PT,PT,18-162::SEACell-16,5.163847,6.178545,PT-S1,Control/Other
PT,PT,18-162::SEACell-17,-1.3997825,2.9713624,PT-S3,Control/Other
PT,PT,18-162::SEACell-18,0.96568775,-1.4926156,PT-S1,Control/Other
PT,PT,18-162::SEACell-19,0.98041934,13.363679,dPT-S1,Control/Other
PT,PT,18-162::SEACell-2,3.5740678,7.0537343,frPT-S3,Control/Other
PT,PT,18-162::SEACell-3,0.004663121,2.2012022,PT-S3,Control/Other
PT,PT,18-162::SEACell-4,-1.1772718,2.4418519,PT-S3,Control/Other
PT,PT,18-162::SEACell-5,3.7163565,5.3550787,aPT-S3,Control/Other
PT,PT,18-162::SEACell-6,3.1110265,6.265025,aPT-S1/S2,Control/Other
PT,PT,18-162::SEACell-7,3.2095015,5.160886,PT-S3,Control/Other
PT,PT,18-162::SEACell-8,-0.71243197,-1.0514789,PT-S1,Control/Other
PT,PT,18-162::SEACell-9,3.4550872,6.3905544,aPT1,Control/Other
PT,PT,18-312::SEACell-0,1.0067725,13.262776,dPT-S1,Control/Other
PT,PT,18-312::SEACell-1,5.577839,6.883323,PT-S2,Control/Other
PT,PT,18-312::SEACell-10,5.1700497,6.9600697,aPT-S1/S2,Control/Other
PT,PT,18-312::SEACell-11,1.2678925,13.368796,dPT-S1,Control/Other
PT,PT,18-312::SEACell-12,5.56097,6.6765904,PT-S2,Control/Other
PT,PT,18-312::SEACell-13,2.966819,7.5116777,aPT1,Control/Other
PT,PT,18-312::SEACell-14,5.5384455,7.0622754,PT-S1,Control/Other
PT,PT,18-312::SEACell-15,1.1388606,13.420707,dPT-S1,Control/Other
PT,PT,18-312::SEACell-16,5.5482006,6.9488716,PT-S1,Control/Other
PT,PT,18-312::SEACell-17,4.410583,7.2908316,aPT2,Control/Other
PT,PT,18-312::SEACell-18,3.971364,6.7921424,aPT1,Control/Other
PT,PT,18-312::SEACell-19,1.1474802,13.2280655,dPT-S1,Control/Other
PT,PT,18-312::SEACell-2,5.4100695,6.9160357,PT-S2,Control/Other
PT,PT,18-312::SEACell-20,1.6067082,12.982217,dPT-S1,Control/Other
PT,PT,18-312::SEACell-21,4.7132463,7.196911,frPT-S1/S2,Control/Other
PT,PT,18-312::SEACell-22,4.485341,7.0389366,aPT-S1/S2,Control/Other
PT,PT,18-312::SEACell-23,5.5449586,6.641682,PT-S1,Control/Other
PT,PT,18-312::SEACell-24,1.4829979,13.343052,dPT-S1,Control/Other
PT,PT,18-312::SEACell-25,5.5993767,7.0459175,PT-S1,Control/Other
PT,PT,18-312::SEACell-26,4.852831,7.117831,frPT-S1/S2,Control/Other
PT,PT,18-312::SEACell-27,4.721457,7.000714,frPT-S1/S2,Control/Other
PT,PT,18-312::SEACell-28,1.2569263,13.253504,dPT-S1,Control/Other
PT,PT,18-312::SEACell-29,5.654611,6.9886165,PT-S1,Control/Other
PT,PT,18-312::SEACell-3,4.3905854,6.93433,aPT-S1/S2,Control/Other
PT,PT,18-312::SEACell-30,5.3049865,6.9620595,aPT-S1/S2,Control/Other
PT,PT,18-312::SEACell-31,4.7037077,7.1772027,frPT-S1/S2,Control/Other
PT,PT,18-312::SEACell-32,4.8533397,7.0422792,frPT-S1/S2,Control/Other
PT,PT,18-312::SEACell-33,1.3420799,13.392315,dPT-S1,Control/Other
PT,PT,18-312::SEACell-34,5.0298705,7.1988163,aPT-S1/S2,Control/Other
PT,PT,18-312::SEACell-35,1.3874077,13.292181,dPT-S1,Control/Other
PT,PT,18-312::SEACell-36,1.6385247,12.9036,aPT2,Control/Other
PT,PT,18-312::SEACell-37,1.08237,13.373791,dPT-S1,Control/Other
PT,PT,18-312::SEACell-38,0.35287654,0.38455346,dPT-S1,Control/Other
PT,PT,18-312::SEACell-39,4.909122,7.191919,aPT1,Control/Other
PT,PT,18-312::SEACell-4,5.7103133,7.0355835,PT-S1,Control/Other
PT,PT,18-312::SEACell-40,2.7966619,7.5297513,frPT-S1/S2,Control/Other
PT,PT,18-312::SEACell-41,4.6875553,7.1285725,frPT-S1/S2,Control/Other
PT,PT,18-312::SEACell-42,5.6523347,6.835552,PT-S2,Control/Other
PT,PT,18-312::SEACell-43,4.797024,7.1370516,frPT-S1/S2,Control/Other
PT,PT,18-312::SEACell-44,5.206881,7.055152,PT-S1,Control/Other
PT,PT,18-312::SEACell-45,5.1931286,6.9423933,aPT-S3,Control/Other
PT,PT,18-312::SEACell-46,5.1472483,7.0494094,aPT-S1/S2,Control/Other
PT,PT,18-312::SEACell-47,1.1973363,13.326988,dPT-S1,Control/Other
PT,PT,18-312::SEACell-48,5.1615705,6.5507345,aPT-S1/S2,Control/Other
PT,PT,18-312::SEACell-49,5.538423,6.878133,PT-S2,Control/Other
PT,PT,18-312::SEACell-5,4.644134,7.021169,frPT-S3,Control/Other
PT,PT,18-312::SEACell-50,0.7861487,13.35386,dPT-S1,Control/Other
PT,PT,18-312::SEACell-51,5.423016,6.8765616,PT-S2,Control/Other
PT,PT,18-312::SEACell-52,5.568997,7.1459937,PT-S1,Control/Other
PT,PT,18-312::SEACell-53,1.0370642,13.375554,dPT-S1,Control/Other
PT,PT,18-312::SEACell-54,1.5936439,13.052784,dPT-S1,Control/Other
PT,PT,18-312::SEACell-55,5.548709,7.1472154,PT-S1,Control/Other
PT,PT,18-312::SEACell-56,4.9265566,7.0316696,frPT-S1/S2,Control/Other
PT,PT,18-312::SEACell-57,5.6505804,7.040292,PT-S1,Control/Other
PT,PT,18-312::SEACell-58,0.9563957,13.62344,dPT-S1,Control/Other
PT,PT,18-312::SEACell-59,5.3683505,6.948956,PT-S3,Control/Other
PT,PT,18-312::SEACell-6,1.0211339,13.253309,dPT-S1,Control/Other
PT,PT,18-312::SEACell-60,5.627729,7.173592,PT-S1,Control/Other
PT,PT,18-312::SEACell-61,3.7505252,6.764166,aPT1,Control/Other
PT,PT,18-312::SEACell-7,4.941958,6.957548,aPT-S1/S2,Control/Other
PT,PT,18-312::SEACell-8,1.1457602,13.386851,dPT-S1,Control/Other
PT,PT,18-312::SEACell-9,0.951895,13.36003,dPT-S1,Control/Other
PT,PT,21-015::SEACell-0,2.4449985,5.81947,frPT-S1/S2,Control/Other
PT,PT,21-015::SEACell-1,0.18048039,-2.5503633,PT-S1,Control/Other
PT,PT,21-015::SEACell-10,0.36924782,-2.9766586,PT-S1,Control/Other
PT,PT,21-015::SEACell-100,0.026270116,-0.6404987,PT-S2,Control/Other
PT,PT,21-015::SEACell-101,-0.29629102,-0.9159416,PT-S1,Control/Other
PT,PT,21-015::SEACell-102,5.030744,5.4229655,aPT1,Control/Other
PT,PT,21-015::SEACell-103,0.2548811,-2.7415032,PT-S1,Control/Other
PT,PT,21-015::SEACell-104,-0.1425904,-1.1188177,PT-S1,Control/Other
PT,PT,21-015::SEACell-105,-0.04613672,-1.2268219,PT-S2,Control/Other
PT,PT,21-015::SEACell-106,-0.38804013,0.026260985,PT-S3,Control/Other
PT,PT,21-015::SEACell-107,4.4749255,5.7429094,aPT1,Control/Other
PT,PT,21-015::SEACell-108,0.16946124,-2.902012,PT-S1,Control/Other
PT,PT,21-015::SEACell-11,0.23392145,-2.9807599,PT-S1,Control/Other
PT,PT,21-015::SEACell-12,0.0871481,-2.6530282,PT-S1,Control/Other
PT,PT,21-015::SEACell-13,-0.3227034,0.56494975,PT-S3,Control/Other
PT,PT,21-015::SEACell-14,-0.31836143,-0.1985028,PT-S2,Control/Other
PT,PT,21-015::SEACell-15,-0.31718117,0.22914308,PT-S3,Control/Other
PT,PT,21-015::SEACell-16,-0.85667384,-2.2523663,PT-S1,Control/Other
PT,PT,21-015::SEACell-17,-0.008114024,-1.1589277,PT-S2,Control/Other
PT,PT,21-015::SEACell-18,-0.38818556,-0.68448687,PT-S1,Control/Other
PT,PT,21-015::SEACell-19,-0.048457198,-1.3407444,PT-S1,Control/Other
PT,PT,21-015::SEACell-2,-0.2382471,-0.46695763,PT-S2,Control/Other
PT,PT,21-015::SEACell-20,0.30133995,-2.856805,PT-S1,Control/Other
PT,PT,21-015::SEACell-21,-0.2193244,-0.29087248,PT-S2,Control/Other
PT,PT,21-015::SEACell-22,0.11688062,-2.985041,PT-S1,Control/Other
PT,PT,21-015::SEACell-23,-0.29734504,-0.55639696,PT-S2,Control/Other
PT,PT,21-015::SEACell-24,-0.10168077,-0.71814555,PT-S2,Control/Other
PT,PT,21-015::SEACell-25,-0.4154667,-0.9644999,PT-S1,Control/Other
PT,PT,21-015::SEACell-26,-0.95798826,-2.5076685,PT-S1,Control/Other
PT,PT,21-015::SEACell-27,-0.16820113,-0.92605305,PT-S1,Control/Other
PT,PT,21-015::SEACell-28,0.23328948,-3.041672,PT-S1,Control/Other
PT,PT,21-015::SEACell-29,0.12866203,-1.513583,PT-S1,Control/Other
PT,PT,21-015::SEACell-3,5.036104,5.4003515,aPT1,Control/Other
PT,PT,21-015::SEACell-30,0.08118752,-2.0203264,PT-S1,Control/Other
PT,PT,21-015::SEACell-31,-0.9600077,-2.2728903,PT-S1,Control/Other
PT,PT,21-015::SEACell-32,0.1573188,-1.3529452,PT-S1,Control/Other
PT,PT,21-015::SEACell-33,0.051350188,-2.159131,PT-S1,Control/Other
PT,PT,21-015::SEACell-34,-4.3196254,5.1558495,PT-S1,Control/Other
PT,PT,21-015::SEACell-35,-0.37328297,-1.2544963,PT-S1,Control/Other
PT,PT,21-015::SEACell-36,0.21553138,-2.9765618,PT-S1,Control/Other
PT,PT,21-015::SEACell-37,-1.0593908,-2.5062144,PT-S1,Control/Other
PT,PT,21-015::SEACell-38,0.24652037,-1.1951852,PT-S1,Control/Other
PT,PT,21-015::SEACell-39,4.761804,5.600842,aPT1,Control/Other
PT,PT,21-015::SEACell-4,0.28852358,-1.485745,PT-S1,Control/Other
PT,PT,21-015::SEACell-40,-0.2910875,-0.56576335,PT-S2,Control/Other
PT,PT,21-015::SEACell-41,-0.45792922,-0.12066252,PT-S2,Control/Other
PT,PT,21-015::SEACell-42,4.124291,9.064545,frPT-S1/S2,Control/Other
PT,PT,21-015::SEACell-43,-0.874805,0.368885,PT-S3,Control/Other
PT,PT,21-015::SEACell-44,0.2497218,-1.6738728,PT-S1,Control/Other
PT,PT,21-015::SEACell-45,-0.17219682,-1.2273636,PT-S1,Control/Other
PT,PT,21-015::SEACell-46,0.17392313,-1.1795777,PT-S1,Control/Other
PT,PT,21-015::SEACell-47,-0.66268194,-0.6177492,dPT-S1,Control/Other
PT,PT,21-015::SEACell-48,-1.2071195,-3.2557945,PT-S1,Control/Other
PT,PT,21-015::SEACell-49,-0.01931967,-0.43022722,PT-S2,Control/Other
PT,PT,21-015::SEACell-5,0.09783546,-1.3847213,PT-S1,Control/Other
PT,PT,21-015::SEACell-50,0.11573985,-1.476708,PT-S1,Control/Other
PT,PT,21-015::SEACell-51,0.6423883,2.830859,PT-S3,Control/Other
PT,PT,21-015::SEACell-52,-1.4995042,-3.4544816,PT-S1,Control/Other
PT,PT,21-015::SEACell-53,-0.07588961,-1.151372,PT-S1,Control/Other
PT,PT,21-015::SEACell-54,4.649613,5.727159,aPT1,Control/Other
PT,PT,21-015::SEACell-55,-0.19950111,-0.8931765,PT-S1,Control/Other
PT,PT,21-015::SEACell-56,0.11132523,-2.8689046,PT-S1,Control/Other
PT,PT,21-015::SEACell-57,-0.40531188,-1.1842505,PT-S1,Control/Other
PT,PT,21-015::SEACell-58,5.724631,4.875768,aPT1,Control/Other
PT,PT,21-015::SEACell-59,-0.44547445,-0.8675768,PT-S2,Control/Other
PT,PT,21-015::SEACell-6,4.762879,5.4060884,aPT1,Control/Other
PT,PT,21-015::SEACell-60,-0.8009501,-2.0325468,PT-S1,Control/Other
PT,PT,21-015::SEACell-61,-0.47533664,-0.66136694,PT-S1,Control/Other
PT,PT,21-015::SEACell-62,0.1399544,-2.9512708,PT-S1,Control/Other
PT,PT,21-015::SEACell-63,-0.72450256,-2.5031629,PT-S1,Control/Other
PT,PT,21-015::SEACell-64,0.07798225,-1.7311596,PT-S1,Control/Other
PT,PT,21-015::SEACell-65,0.17921002,-2.53695,PT-S1,Control/Other
PT,PT,21-015::SEACell-66,-0.1513129,-1.000284,PT-S1,Control/Other
PT,PT,21-015::SEACell-67,-0.10844465,-2.2550309,PT-S1,Control/Other
PT,PT,21-015::SEACell-68,0.024691638,-0.46512783,PT-S2,Control/Other
PT,PT,21-015::SEACell-69,-0.2750175,-0.30279648,PT-S2,Control/Other
PT,PT,21-015::SEACell-7,0.11467294,-2.758158,PT-S1,Control/Other
PT,PT,21-015::SEACell-70,-0.07626279,-1.1208467,PT-S1,Control/Other
PT,PT,21-015::SEACell-71,0.09142709,-1.2534784,PT-S1,Control/Other
PT,PT,21-015::SEACell-72,0.08506192,-2.4055288,PT-S1,Control/Other
PT,PT,21-015::SEACell-73,-0.3744125,0.20778738,PT-S3,Control/Other
PT,PT,21-015::SEACell-74,4.410895,5.514604,aPT1,Control/Other
PT,PT,21-015::SEACell-75,0.06649615,-2.126562,PT-S1,Control/Other
PT,PT,21-015::SEACell-76,-0.09708121,-1.1595231,PT-S1,Control/Other
PT,PT,21-015::SEACell-77,-0.32043123,-0.33119604,PT-S2,Control/Other
PT,PT,21-015::SEACell-78,-0.45597124,-0.42733306,PT-S2,Control/Other
PT,PT,21-015::SEACell-79,-0.102328256,-1.2174528,PT-S1,Control/Other
PT,PT,21-015::SEACell-8,-0.47937518,0.054060694,PT-S3,Control/Other
PT,PT,21-015::SEACell-80,-0.32123676,-0.1541178,PT-S2,Control/Other
PT,PT,21-015::SEACell-81,0.0661031,-1.839517,PT-S1,Control/Other
PT,PT,21-015::SEACell-82,-0.3860734,-0.2955248,PT-S2,Control/Other
PT,PT,21-015::SEACell-83,5.1722016,6.0964956,aPT1,Control/Other
PT,PT,21-015::SEACell-84,0.11542292,-2.304246,PT-S1,Control/Other
PT,PT,21-015::SEACell-85,-0.03330996,-1.3124287,PT-S1,Control/Other
PT,PT,21-015::SEACell-86,0.21356487,-2.771243,PT-S1,Control/Other
PT,PT,21-015::SEACell-87,0.06036575,-1.5443088,PT-S1,Control/Other
PT,PT,21-015::SEACell-88,-0.4560463,-0.46348053,PT-S2,Control/Other
PT,PT,21-015::SEACell-89,0.03615987,-2.6195402,PT-S1,Control/Other
PT,PT,21-015::SEACell-9,-0.51873094,0.3929282,PT-S3,Control/Other
PT,PT,21-015::SEACell-90,-0.52091676,-0.4719062,PT-S2,Control/Other
PT,PT,21-015::SEACell-91,0.0905728,-1.7051517,PT-S1,Control/Other
PT,PT,21-015::SEACell-92,3.3376706,8.803421,aPT1,Control/Other
PT,PT,21-015::SEACell-93,-0.017343411,-0.9528828,PT-S2,Control/Other
PT,PT,21-015::SEACell-94,0.13272448,-2.7685096,PT-S1,Control/Other
PT,PT,21-015::SEACell-95,4.238511,6.5673566,aPT1,Control/Other
PT,PT,21-015::SEACell-96,4.8361278,5.611664,aPT1,Control/Other
PT,PT,21-015::SEACell-97,0.018748492,-2.1952097,PT-S1,Control/Other
PT,PT,21-015::SEACell-98,-0.28556198,-0.00033553885,PT-S2,Control/Other
PT,PT,21-015::SEACell-99,0.27181116,-2.1031408,PT-S1,Control/Other
PT,PT,21-016::SEACell-0,0.19289158,-2.243665,PT-S1,Control/Other
PT,PT,21-016::SEACell-1,-0.032110624,-0.52588516,PT-S2,Control/Other
PT,PT,21-016::SEACell-10,0.45591176,-0.47163573,PT-S2,Control/Other
PT,PT,21-016::SEACell-11,0.2029425,-0.53036207,PT-S2,Control/Other
PT,PT,21-016::SEACell-12,0.46763083,-1.4090004,PT-S1,Control/Other
PT,PT,21-016::SEACell-13,0.5643233,-2.5592175,PT-S1,Control/Other
PT,PT,21-016::SEACell-14,0.4356884,-2.9514804,PT-S1,Control/Other
PT,PT,21-016::SEACell-15,0.000329633,-2.9830415,PT-S1,Control/Other
PT,PT,21-016::SEACell-16,0.45420307,-2.0496788,PT-S1,Control/Other
PT,PT,21-016::SEACell-17,2.033881,0.60710216,PT-S2,Control/Other
PT,PT,21-016::SEACell-18,-0.09122333,0.17105874,PT-S2,Control/Other
PT,PT,21-016::SEACell-19,0.48302346,-1.1361357,PT-S1,Control/Other
PT,PT,21-016::SEACell-2,0.6425617,-0.05892098,PT-S2,Control/Other
PT,PT,21-016::SEACell-20,0.7271039,-0.6854392,PT-S2,Control/Other
PT,PT,21-016::SEACell-21,0.2393626,-1.8442243,PT-S1,Control/Other
PT,PT,21-016::SEACell-22,-0.28691208,-1.00615,PT-S1,Control/Other
PT,PT,21-016::SEACell-23,0.7074944,-2.8405516,PT-S1,Control/Other
PT,PT,21-016::SEACell-24,-0.11626548,0.4354495,PT-S3,Control/Other
PT,PT,21-016::SEACell-3,0.46206665,-0.9486679,PT-S1,Control/Other
PT,PT,21-016::SEACell-4,-0.107213505,-0.49634206,PT-S2,Control/Other
PT,PT,21-016::SEACell-5,-0.21058515,-0.90572596,PT-S1,Control/Other
PT,PT,21-016::SEACell-6,-3.495813,6.268652,dPT-S1,Control/Other
PT,PT,21-016::SEACell-7,2.9312208,8.4842005,aPT1,Control/Other
PT,PT,21-016::SEACell-8,0.39187118,-0.6688936,PT-S2,Control/Other
PT,PT,21-016::SEACell-9,0.055808313,-1.0686347,PT-S1,Control/Other
PT,PT,21-019::SEACell-0,2.6847436,9.345076,dPT-S1,Control/Other
PT,PT,21-019::SEACell-1,4.118645,7.684917,aPT1,Control/Other
PT,PT,21-019::SEACell-10,-3.1267633,2.149749,PT-S3,Control/Other
PT,PT,21-019::SEACell-100,0.20853667,2.0943177,PT-S3,Control/Other
PT,PT,21-019::SEACell-101,3.350488,7.732356,aPT1,Control/Other
PT,PT,21-019::SEACell-102,-1.542511,-1.929293,PT-S1,Control/Other
PT,PT,21-019::SEACell-103,0.29677793,1.1837897,PT-S3,Control/Other
PT,PT,21-019::SEACell-104,1.7552984,-1.2725459,PT-S1,Control/Other
PT,PT,21-019::SEACell-105,1.8723538,-2.2574077,PT-S1,Control/Other
PT,PT,21-019::SEACell-106,4.4046483,6.5294023,aPT1,Control/Other
PT,PT,21-019::SEACell-107,-1.4625516,13.775899,dPT-S1,Control/Other
PT,PT,21-019::SEACell-108,-2.0103295,-2.1689754,dPT-S1,Control/Other
PT,PT,21-019::SEACell-109,3.845436,8.442154,aPT1,Control/Other
PT,PT,21-019::SEACell-11,0.15133929,1.1914049,PT-S3,Control/Other
PT,PT,21-019::SEACell-110,3.976884,6.561156,aPT1,Control/Other
PT,PT,21-019::SEACell-111,0.060698137,1.0547718,PT-S3,Control/Other
PT,PT,21-019::SEACell-112,-0.27942348,1.1634259,PT-S3,Control/Other
PT,PT,21-019::SEACell-113,2.0222766,-1.970113,PT-S1,Control/Other
PT,PT,21-019::SEACell-114,1.9649906,-2.2416344,PT-S1,Control/Other
PT,PT,21-019::SEACell-115,2.1347854,-1.7448583,PT-S1,Control/Other
PT,PT,21-019::SEACell-116,2.0653367,-1.7937727,PT-S1,Control/Other
PT,PT,21-019::SEACell-117,1.7625288,-1.7006178,PT-S1,Control/Other
PT,PT,21-019::SEACell-118,-1.2151432,12.25349,PT-S1,Control/Other
PT,PT,21-019::SEACell-119,-0.0013206718,1.6503631,PT-S3,Control/Other
PT,PT,21-019::SEACell-12,-1.3501072,13.882774,dPT-S1,Control/Other
PT,PT,21-019::SEACell-120,-1.4150399,13.780323,dPT-S1,Control/Other
PT,PT,21-019::SEACell-121,-1.286913,13.4560795,dPT-S1,Control/Other
PT,PT,21-019::SEACell-122,-1.5703804,13.481737,dPT-S1,Control/Other
PT,PT,21-019::SEACell-123,2.0171716,-1.6603411,PT-S1,Control/Other
PT,PT,21-019::SEACell-124,4.628086,5.929105,aPT1,Control/Other
PT,PT,21-019::SEACell-125,-1.5196189,14.177932,dPT-S1,Control/Other
PT,PT,21-019::SEACell-126,4.213132,5.7623305,aPT-S3,Control/Other
PT,PT,21-019::SEACell-127,4.045965,5.993347,PT-S3,Control/Other
PT,PT,21-019::SEACell-128,-1.4414055,13.903236,dPT-S1,Control/Other
PT,PT,21-019::SEACell-129,1.9248178,-1.712153,PT-S1,Control/Other
PT,PT,21-019::SEACell-13,-1.4081031,13.959813,dPT-S1,Control/Other
PT,PT,21-019::SEACell-130,1.8654262,-1.5790231,PT-S1,Control/Other
PT,PT,21-019::SEACell-131,1.0646719,-1.35947,PT-S1,Control/Other
PT,PT,21-019::SEACell-132,-2.22847,-2.3085072,PT-S1,Control/Other
PT,PT,21-019::SEACell-133,1.6035208,0.47525913,PT-S2,Control/Other
PT,PT,21-019::SEACell-14,0.18642582,1.3113861,PT-S3,Control/Other
PT,PT,21-019::SEACell-15,-1.2403893,13.701792,dPT-S1,Control/Other
PT,PT,21-019::SEACell-16,1.7689247,-1.4806973,PT-S1,Control/Other
PT,PT,21-019::SEACell-17,0.5629841,-1.4362698,PT-S1,Control/Other
PT,PT,21-019::SEACell-18,1.8797276,-1.7722005,PT-S1,Control/Other
PT,PT,21-019::SEACell-19,3.4312854,7.656683,aPT-S3,Control/Other
PT,PT,21-019::SEACell-2,4.662087,5.684737,aPT1,Control/Other
PT,PT,21-019::SEACell-20,-2.2649088,-2.3398776,PT-S1,Control/Other
PT,PT,21-019::SEACell-21,-1.8109083,-2.0445817,dPT-S1,Control/Other
PT,PT,21-019::SEACell-22,4.2934275,8.46248,aPT1,Control/Other
PT,PT,21-019::SEACell-23,0.054983586,1.3575095,PT-S3,Control/Other
PT,PT,21-019::SEACell-24,1.7856336,-1.5081,PT-S1,Control/Other
PT,PT,21-019::SEACell-25,2.2109458,-1.7104679,PT-S1,Control/Other
PT,PT,21-019::SEACell-26,-3.2775052,1.9545587,PT-S3,Control/Other
PT,PT,21-019::SEACell-27,1.4188509,-1.4540825,PT-S1,Control/Other
PT,PT,21-019::SEACell-28,2.0866003,-1.8199501,PT-S1,Control/Other
PT,PT,21-019::SEACell-29,0.57797927,1.0584644,PT-S3,Control/Other
PT,PT,21-019::SEACell-3,-0.605756,14.038738,dPT-S1,Control/Other
PT,PT,21-019::SEACell-30,-1.2961084,13.703315,dPT-S1,Control/Other
PT,PT,21-019::SEACell-31,-1.4737616,-2.032402,PT-S1,Control/Other
PT,PT,21-019::SEACell-32,-1.9008392,14.556133,dPT-S1,Control/Other
PT,PT,21-019::SEACell-33,-2.1728706,14.5377035,dPT-S1,Control/Other
PT,PT,21-019::SEACell-34,2.1385992,-1.2793913,PT-S1,Control/Other
PT,PT,21-019::SEACell-35,2.0350013,-1.8746147,PT-S1,Control/Other
PT,PT,21-019::SEACell-36,4.1732183,6.1052847,aPT1,Control/Other
PT,PT,21-019::SEACell-37,0.72113526,-0.67695755,PT-S1,Control/Other
PT,PT,21-019::SEACell-38,-1.5132202,-1.5447621,PT-S2,Control/Other
PT,PT,21-019::SEACell-39,-1.1766366,13.497982,dPT-S1,Control/Other
PT,PT,21-019::SEACell-4,0.8452765,1.1732323,PT-S3,Control/Other
PT,PT,21-019::SEACell-40,1.851048,-1.6783377,PT-S1,Control/Other
PT,PT,21-019::SEACell-41,-0.7691327,1.2345933,PT-S3,Control/Other
PT,PT,21-019::SEACell-42,-1.7570586,-1.9065443,PT-S1,Control/Other
PT,PT,21-019::SEACell-43,-1.9366329,-2.1070366,PT-S1,Control/Other
PT,PT,21-019::SEACell-44,-1.1335398,13.675313,dPT-S1,Control/Other
PT,PT,21-019::SEACell-45,3.7716894,7.9544473,aPT1,Control/Other
PT,PT,21-019::SEACell-46,-2.3162982,12.848605,dPT-S1,Control/Other
PT,PT,21-019::SEACell-47,-1.6562521,14.104452,dPT-S1,Control/Other
PT,PT,21-019::SEACell-48,2.058533,-1.9591812,PT-S1,Control/Other
PT,PT,21-019::SEACell-49,4.873309,5.333425,frPT-S1/S2,Control/Other
PT,PT,21-019::SEACell-5,4.1511445,8.579258,aPT-S1/S2,Control/Other
PT,PT,21-019::SEACell-50,-0.041539047,1.9538391,PT-S3,Control/Other
PT,PT,21-019::SEACell-51,-1.7446406,-2.0630257,PT-S1,Control/Other
PT,PT,21-019::SEACell-52,1.9091182,-1.3616532,PT-S1,Control/Other
PT,PT,21-019::SEACell-53,1.0367857,-0.7959282,PT-S2,Control/Other
PT,PT,21-019::SEACell-54,-1.3760334,12.640221,dPT-S1,Control/Other
PT,PT,21-019::SEACell-55,5.498623,5.3510623,frPT-S1/S2,Control/Other
PT,PT,21-019::SEACell-56,0.030689875,0.67191994,PT-S2,Control/Other
PT,PT,21-019::SEACell-57,2.1151686,-1.7985789,PT-S1,Control/Other
PT,PT,21-019::SEACell-58,3.382621,7.771284,aPT1,Control/Other
PT,PT,21-019::SEACell-59,1.1450751,-1.2416103,PT-S1,Control/Other
PT,PT,21-019::SEACell-6,-2.2072504,-2.3523989,PT-S1,Control/Other
PT,PT,21-019::SEACell-60,4.27364,6.478193,aPT1,Control/Other
PT,PT,21-019::SEACell-61,2.6680226,10.079274,dPT-S1,Control/Other
PT,PT,21-019::SEACell-62,0.36693668,0.97071147,PT-S3,Control/Other
PT,PT,21-019::SEACell-63,0.78358203,-1.4450889,PT-S1,Control/Other
PT,PT,21-019::SEACell-64,3.555366,7.4873204,aPT-S3,Control/Other
PT,PT,21-019::SEACell-65,-1.4402632,13.874827,dPT-S1,Control/Other
PT,PT,21-019::SEACell-66,3.8406327,7.2476115,aPT1,Control/Other
PT,PT,21-019::SEACell-67,3.750347,7.943344,frPT-S3,Control/Other
PT,PT,21-019::SEACell-68,-1.6516411,-1.972231,PT-S1,Control/Other
PT,PT,21-019::SEACell-69,1.8035188,-1.8007809,PT-S1,Control/Other
PT,PT,21-019::SEACell-7,1.5685331,-1.3797711,PT-S1,Control/Other
PT,PT,21-019::SEACell-70,2.0576375,-1.6542901,PT-S1,Control/Other
PT,PT,21-019::SEACell-71,3.60154,7.279663,aPT-S3,Control/Other
PT,PT,21-019::SEACell-72,1.895134,-1.4970862,PT-S1,Control/Other
PT,PT,21-019::SEACell-73,3.5568497,8.056689,aPT1,Control/Other
PT,PT,21-019::SEACell-74,1.8783107,-1.6939442,PT-S1,Control/Other
PT,PT,21-019::SEACell-75,0.92438644,-1.0982112,PT-S1,Control/Other
PT,PT,21-019::SEACell-76,1.4456855,-0.22573745,PT-S2,Control/Other
PT,PT,21-019::SEACell-77,-0.10273011,0.70373297,PT-S2,Control/Other
PT,PT,21-019::SEACell-78,-0.40472153,1.399185,PT-S3,Control/Other
PT,PT,21-019::SEACell-79,0.88766575,0.057149153,PT-S2,Control/Other
PT,PT,21-019::SEACell-8,2.0968552,-1.5157131,PT-S1,Control/Other
PT,PT,21-019::SEACell-80,-1.3564512,-2.0387695,PT-S1,Control/Other
PT,PT,21-019::SEACell-81,-1.8721983,13.928703,dPT-S1,Control/Other
PT,PT,21-019::SEACell-82,1.917303,-1.2993294,PT-S1,Control/Other
PT,PT,21-019::SEACell-83,-0.08979358,1.1355534,PT-S3,Control/Other
PT,PT,21-019::SEACell-84,3.3262966,7.269807,PT-S3,Control/Other
PT,PT,21-019::SEACell-85,-1.3307894,12.987505,dPT-S1,Control/Other
PT,PT,21-019::SEACell-86,-1.475887,13.721781,dPT-S1,Control/Other
PT,PT,21-019::SEACell-87,4.233927,6.333613,aPT1,Control/Other
PT,PT,21-019::SEACell-88,4.139766,5.7607937,aPT-S3,Control/Other
PT,PT,21-019::SEACell-89,3.6899288,7.3988004,aPT-S3,Control/Other
PT,PT,21-019::SEACell-9,4.1559234,7.975544,frPT-S1/S2,Control/Other
PT,PT,21-019::SEACell-90,-1.6453526,13.914926,dPT-S1,Control/Other
PT,PT,21-019::SEACell-91,1.3543674,-1.4466062,PT-S1,Control/Other
PT,PT,21-019::SEACell-92,1.9867526,-1.562349,PT-S1,Control/Other
PT,PT,21-019::SEACell-93,0.7473875,-1.1625443,PT-S2,Control/Other
PT,PT,21-019::SEACell-94,2.123604,-1.7968842,PT-S1,Control/Other
PT,PT,21-019::SEACell-95,1.1310527,-1.5170739,PT-S1,Control/Other
PT,PT,21-019::SEACell-96,4.7270765,5.9402127,aPT1,Control/Other
PT,PT,21-019::SEACell-97,-0.09447996,1.0781603,PT-S3,Control/Other
PT,PT,21-019::SEACell-98,-0.39536852,0.76175994,PT-S2,Control/Other
PT,PT,21-019::SEACell-99,1.4594966,-1.2737653,PT-S1,Control/Other
PT,PT,21-020::SEACell-0,4.1639066,7.0306587,aPT1,Control/Other
PT,PT,21-020::SEACell-1,1.0106975,-1.8941593,PT-S1,Control/Other
PT,PT,21-020::SEACell-10,0.08016188,0.974946,PT-S3,Control/Other
PT,PT,21-020::SEACell-100,1.105753,-2.8455057,PT-S1,Control/Other
PT,PT,21-020::SEACell-101,0.23638803,-2.7755687,PT-S1,Control/Other
PT,PT,21-020::SEACell-11,-2.4515853,-0.6401657,PT-S3,Control/Other
PT,PT,21-020::SEACell-12,5.2373385,6.2334185,aPT-S1/S2,Control/Other
PT,PT,21-020::SEACell-13,0.9771553,-2.0959218,PT-S1,Control/Other
PT,PT,21-020::SEACell-14,0.1333958,0.8730082,PT-S3,Control/Other
PT,PT,21-020::SEACell-15,1.2150902,-2.1032054,PT-S1,Control/Other
PT,PT,21-020::SEACell-16,0.32997522,-3.2342,PT-S1,Control/Other
PT,PT,21-020::SEACell-17,0.62779444,1.8971817,PT-S3,Control/Other
PT,PT,21-020::SEACell-18,-0.5883148,-1.6469121,PT-S1,Control/Other
PT,PT,21-020::SEACell-19,1.0763968,-2.086406,PT-S1,Control/Other
PT,PT,21-020::SEACell-2,0.91450495,-3.0364447,PT-S1,Control/Other
PT,PT,21-020::SEACell-20,3.8071957,5.9492855,aPT-S3,Control/Other
PT,PT,21-020::SEACell-21,0.38501334,-2.931747,PT-S1,Control/Other
PT,PT,21-020::SEACell-23,0.46191618,0.8914948,PT-S3,Control/Other
PT,PT,21-020::SEACell-24,0.22978671,0.68490964,PT-S3,Control/Other
PT,PT,21-020::SEACell-25,1.3833176,-1.7884812,PT-S1,Control/Other
PT,PT,21-020::SEACell-26,0.77899855,-2.1135113,PT-S1,Control/Other
PT,PT,21-020::SEACell-27,-0.3148648,10.768616,PT-S3,Control/Other
PT,PT,21-020::SEACell-28,1.2129322,-1.4030583,PT-S2,Control/Other
PT,PT,21-020::SEACell-29,3.4416385,8.236222,aPT1,Control/Other
PT,PT,21-020::SEACell-3,0.16932727,1.4383116,PT-S3,Control/Other
PT,PT,21-020::SEACell-30,0.31171066,1.6709853,PT-S3,Control/Other
PT,PT,21-020::SEACell-31,1.2647723,-2.4056203,PT-S1,Control/Other
PT,PT,21-020::SEACell-32,-0.14472538,-1.4760444,PT-S2,Control/Other
PT,PT,21-020::SEACell-33,3.7167945,8.109699,frPT-S3,Control/Other
PT,PT,21-020::SEACell-34,0.89289284,-2.0823684,PT-S1,Control/Other
PT,PT,21-020::SEACell-35,0.8785511,0.27418542,PT-S2,Control/Other
PT,PT,21-020::SEACell-36,0.7818019,-3.0233421,PT-S1,Control/Other
PT,PT,21-020::SEACell-37,0.42122477,0.81606185,PT-S3,Control/Other
PT,PT,21-020::SEACell-38,0.27195048,-3.21063,PT-S1,Control/Other
PT,PT,21-020::SEACell-39,1.0171269,-2.5521383,PT-S1,Control/Other
PT,PT,21-020::SEACell-4,1.0166005,-2.3141446,PT-S1,Control/Other
PT,PT,21-020::SEACell-40,4.340925,6.5840898,aPT1,Control/Other
PT,PT,21-020::SEACell-41,0.8821776,-2.5294724,PT-S1,Control/Other
PT,PT,21-020::SEACell-42,0.442057,0.43165967,PT-S3,Control/Other
PT,PT,21-020::SEACell-43,-2.1834407,14.366861,dPT-S1,Control/Other
PT,PT,21-020::SEACell-44,1.5076977,-2.1216354,PT-S1,Control/Other
PT,PT,21-020::SEACell-45,5.4543624,6.247452,frPT-S1/S2,Control/Other
PT,PT,21-020::SEACell-46,1.194292,-1.5499078,PT-S2,Control/Other
PT,PT,21-020::SEACell-47,4.738551,6.4406495,aPT1,Control/Other
PT,PT,21-020::SEACell-48,1.3014734,-1.0282491,PT-S2,Control/Other
PT,PT,21-020::SEACell-49,1.1525807,-2.8947415,PT-S1,Control/Other
PT,PT,21-020::SEACell-5,-2.424043,14.616869,dPT-S1,Control/Other
PT,PT,21-020::SEACell-50,-0.58156735,-1.2873408,PT-S2,Control/Other
PT,PT,21-020::SEACell-51,4.312382,6.4477496,aPT1,Control/Other
PT,PT,21-020::SEACell-52,1.3306289,-2.5995762,PT-S1,Control/Other
PT,PT,21-020::SEACell-53,1.1064954,-2.4270637,PT-S1,Control/Other
PT,PT,21-020::SEACell-54,-1.2665452,13.555367,dPT-S1,Control/Other
PT,PT,21-020::SEACell-55,-0.7219322,-1.3622656,PT-S1,Control/Other
PT,PT,21-020::SEACell-56,0.7112411,-2.5796585,PT-S1,Control/Other
PT,PT,21-020::SEACell-57,4.607034,6.366471,aPT1,Control/Other
PT,PT,21-020::SEACell-58,4.590087,5.134044,aPT1,Control/Other
PT,PT,21-020::SEACell-59,0.13548012,1.8993459,PT-S3,Control/Other
PT,PT,21-020::SEACell-6,0.746078,-3.1496882,PT-S1,Control/Other
PT,PT,21-020::SEACell-60,3.912181,7.641619,aPT1,Control/Other
PT,PT,21-020::SEACell-61,0.015580353,-3.3876405,PT-S1,Control/Other
PT,PT,21-020::SEACell-62,0.87043065,-2.4241326,PT-S1,Control/Other
PT,PT,21-020::SEACell-63,1.2144144,-2.326536,PT-S1,Control/Other
PT,PT,21-020::SEACell-64,-1.7325515,12.939979,dPT-S1,Control/Other
PT,PT,21-020::SEACell-65,4.0310903,5.3848987,aPT1,Control/Other
PT,PT,21-020::SEACell-66,3.6841369,8.032675,frPT-S3,Control/Other
PT,PT,21-020::SEACell-67,-1.3779604,-2.4519114,PT-S1,Control/Other
PT,PT,21-020::SEACell-68,-0.84920937,11.501448,PT-S1,Control/Other
PT,PT,21-020::SEACell-69,1.0223522,-2.1576908,PT-S1,Control/Other
PT,PT,21-020::SEACell-7,-0.35021704,-3.4917998,PT-S1,Control/Other
PT,PT,21-020::SEACell-70,1.2071666,-0.17156136,PT-S2,Control/Other
PT,PT,21-020::SEACell-71,5.306972,5.5027575,aPT1,Control/Other
PT,PT,21-020::SEACell-72,0.94445366,-2.0526283,PT-S1,Control/Other
PT,PT,21-020::SEACell-73,5.0476937,6.2677755,frPT-S1/S2,Control/Other
PT,PT,21-020::SEACell-74,1.2610868,-2.2822058,PT-S1,Control/Other
PT,PT,21-020::SEACell-75,-1.8121943,13.007142,dPT-S1,Control/Other
PT,PT,21-020::SEACell-76,4.5804424,6.1983294,aPT1,Control/Other
PT,PT,21-020::SEACell-77,0.0018882456,1.4515692,PT-S3,Control/Other
PT,PT,21-020::SEACell-78,-0.047880314,1.6371145,PT-S3,Control/Other
PT,PT,21-020::SEACell-79,0.34338617,0.2204401,PT-S2,Control/Other
PT,PT,21-020::SEACell-8,0.8219275,-1.9030443,PT-S1,Control/Other
PT,PT,21-020::SEACell-80,0.98475,-1.952755,PT-S1,Control/Other
PT,PT,21-020::SEACell-81,5.1847587,6.608064,frPT-S1/S2,Control/Other
PT,PT,21-020::SEACell-82,-1.3186488,-2.452761,PT-S1,Control/Other
PT,PT,21-020::SEACell-83,0.039265707,1.2336199,PT-S3,Control/Other
PT,PT,21-020::SEACell-84,-0.5900205,1.630782,PT-S3,Control/Other
PT,PT,21-020::SEACell-85,3.9166195,6.9553266,frPT-S3,Control/Other
PT,PT,21-020::SEACell-86,4.1610384,6.345941,frPT-S1/S2,Control/Other
PT,PT,21-020::SEACell-87,0.788091,-2.6913667,PT-S1,Control/Other
PT,PT,21-020::SEACell-88,1.0394467,-2.3848443,PT-S1,Control/Other
PT,PT,21-020::SEACell-89,3.8484395,7.981655,frPT-S3,Control/Other
PT,PT,21-020::SEACell-9,3.7089121,6.849949,aPT-S3,Control/Other
PT,PT,21-020::SEACell-90,1.166919,-1.8989598,PT-S1,Control/Other
PT,PT,21-020::SEACell-91,3.4990327,7.01119,frPT-S3,Control/Other
PT,PT,21-020::SEACell-92,1.0279909,-1.7277995,PT-S1,Control/Other
PT,PT,21-020::SEACell-94,-2.396447,14.785058,dPT-S1,Control/Other
PT,PT,21-020::SEACell-95,0.97764826,-1.2267716,PT-S2,Control/Other
PT,PT,21-020::SEACell-96,4.4917197,6.5394726,frPT-S3,Control/Other
PT,PT,21-020::SEACell-97,-0.7682318,-2.0531652,PT-S1,Control/Other
PT,PT,21-020::SEACell-98,0.45343748,1.7292175,PT-S3,Control/Other
PT,PT,21-020::SEACell-99,1.2626693,-2.8832214,PT-S1,Control/Other
PT,PT,21-021::SEACell-0,2.301447,-0.3780932,PT-S1,Control/Other
PT,PT,21-021::SEACell-1,4.474026,5.786807,frPT-S1/S2,Control/Other
PT,PT,21-021::SEACell-10,2.6646264,-0.035741124,PT-S1,Control/Other
PT,PT,21-021::SEACell-11,0.06255364,1.5254203,PT-S3,Control/Other
PT,PT,21-021::SEACell-12,4.377823,6.2177863,frPT-S1/S2,Control/Other
PT,PT,21-021::SEACell-13,1.8903493,0.73212403,PT-S2,Control/Other
PT,PT,21-021::SEACell-14,2.0400698,-0.70448065,PT-S1,Control/Other
PT,PT,21-021::SEACell-2,2.290154,1.6928139,PT-S3,Control/Other
PT,PT,21-021::SEACell-3,2.0855775,-0.6899636,PT-S1,Control/Other
PT,PT,21-021::SEACell-4,4.2733054,6.7210274,frPT-S3,Control/Other
PT,PT,21-021::SEACell-5,4.2658386,5.9403114,aPT1,Control/Other
PT,PT,21-021::SEACell-6,1.9782318,-0.53051466,PT-S1,Control/Other
PT,PT,21-021::SEACell-7,2.0577977,-0.55190086,PT-S1,Control/Other
PT,PT,21-021::SEACell-8,2.132878,1.0040154,PT-S1,Control/Other
PT,PT,21-021::SEACell-9,1.9120603,-0.79070073,PT-S1,Control/Other
PT,PT,27-10039::SEACell-0,2.4855175,4.747969,PT-S1,CKD
PT,PT,27-10039::SEACell-10,3.1912665,5.659762,frPT-S1/S2,CKD
PT,PT,27-10039::SEACell-11,3.285828,5.368628,frPT-S1/S2,CKD
PT,PT,27-10039::SEACell-13,-0.8210556,11.909498,dPT-S1,CKD
PT,PT,27-10039::SEACell-14,-0.8218741,13.241721,dPT-S1,CKD
PT,PT,27-10039::SEACell-15,3.4470258,5.572701,frPT-S3,CKD
PT,PT,27-10039::SEACell-16,3.4527676,5.4952507,aPT1,CKD
PT,PT,27-10039::SEACell-17,3.4602625,5.162354,frPT-S1/S2,CKD
PT,PT,27-10039::SEACell-18,1.2381499,4.125543,PT-S1,CKD
PT,PT,27-10039::SEACell-19,-0.5523057,4.8801737,dPT-S1,CKD
PT,PT,27-10039::SEACell-2,1.1862029,4.1776667,PT-S1,CKD
PT,PT,27-10039::SEACell-21,3.5217044,5.1456466,aPT1,CKD
PT,PT,27-10039::SEACell-22,2.9777267,5.3545866,frPT-S1/S2,CKD
PT,PT,27-10039::SEACell-23,3.494676,5.7582617,frPT-S3,CKD
PT,PT,27-10039::SEACell-3,0.91464573,4.128135,PT-S1,CKD
PT,PT,27-10039::SEACell-4,3.521432,5.6147346,frPT-S3,CKD
PT,PT,27-10039::SEACell-5,1.2462468,4.2570996,PT-S1,CKD
PT,PT,27-10039::SEACell-6,2.895685,5.076258,aPT-S3,CKD
PT,PT,27-10039::SEACell-7,-1.4446627,13.224396,dPT-S1,CKD
PT,PT,27-10039::SEACell-8,2.6715453,4.8111415,PT-S3,CKD
PT,PT,27-10039::SEACell-9,2.9216626,4.9418426,PT-S3,CKD
PT,PT,27-10041::SEACell-0,-1.0607796,13.532867,dPT-S1,CKD
PT,PT,27-10041::SEACell-1,2.5727746,5.1345134,PT-S1,CKD
PT,PT,27-10041::SEACell-10,3.0130744,6.553501,frPT-S1/S2,CKD
PT,PT,27-10041::SEACell-11,2.7299163,5.3387566,frPT-S3,CKD
PT,PT,27-10041::SEACell-12,3.0438797,5.0718307,PT-S2,CKD
PT,PT,27-10041::SEACell-13,1.1603862,4.0820355,PT-S2,CKD
PT,PT,27-10041::SEACell-14,3.028802,6.0854177,aPT1,CKD
PT,PT,27-10041::SEACell-15,1.8304597,4.344639,PT-S2,CKD
PT,PT,27-10041::SEACell-16,-0.84547573,13.294249,dPT-S1,CKD
PT,PT,27-10041::SEACell-17,3.6255333,5.213536,aPT-S1/S2,CKD
PT,PT,27-10041::SEACell-18,2.6121898,5.5876756,frPT-S1/S2,CKD
PT,PT,27-10041::SEACell-19,2.4257145,5.5016747,aPT-S1/S2,CKD
PT,PT,27-10041::SEACell-2,2.2770855,5.684099,aPT-S1/S2,CKD
PT,PT,27-10041::SEACell-20,1.1348943,4.2619104,PT-S1,CKD
PT,PT,27-10041::SEACell-21,1.906032,5.724449,aPT-S1/S2,CKD
PT,PT,27-10041::SEACell-22,2.1445851,5.6795306,aPT-S1/S2,CKD
PT,PT,27-10041::SEACell-23,-0.86523545,12.575488,dPT-S1,CKD
PT,PT,27-10041::SEACell-24,2.7291331,5.962617,aPT1,CKD
PT,PT,27-10041::SEACell-3,2.782389,5.7387567,aPT1,CKD
PT,PT,27-10041::SEACell-4,0.39585328,4.699307,PT-S1,CKD
PT,PT,27-10041::SEACell-5,2.787185,4.9526167,PT-S2,CKD
PT,PT,27-10041::SEACell-6,2.460315,5.6557417,frPT-S1/S2,CKD
PT,PT,27-10041::SEACell-7,-0.032641143,4.4946933,PT-S1,CKD
PT,PT,27-10041::SEACell-8,-1.2850244,11.722084,dPT-S1,CKD
PT,PT,27-10041::SEACell-9,0.015347163,4.803949,dPT-S1,CKD
PT,PT,27-10043::SEACell-0,-0.00041039757,3.7722766,PT-S2,CKD
PT,PT,27-10043::SEACell-1,2.442963,5.366293,aPT-S1/S2,CKD
PT,PT,27-10043::SEACell-10,-0.7343987,4.5250354,dPT-S1,CKD
PT,PT,27-10043::SEACell-11,-1.5964516,13.133558,dPT-S1,CKD
PT,PT,27-10043::SEACell-12,2.8012154,5.364215,frPT-S1/S2,CKD
PT,PT,27-10043::SEACell-13,3.0385907,4.8071327,aPT-S3,CKD
PT,PT,27-10043::SEACell-14,-0.17576358,4.1229925,PT-S2,CKD
PT,PT,27-10043::SEACell-15,-2.1564622,13.891866,dPT-S1,CKD
PT,PT,27-10043::SEACell-16,3.239234,5.4177628,aPT1,CKD
PT,PT,27-10043::SEACell-17,2.3177485,5.341809,aPT-S1/S2,CKD
PT,PT,27-10043::SEACell-18,2.2537746,4.059295,PT-S1,CKD
PT,PT,27-10043::SEACell-19,0.07317591,3.5818243,PT-S1,CKD
PT,PT,27-10043::SEACell-2,0.14400826,4.1847625,PT-S2,CKD
PT,PT,27-10043::SEACell-20,-0.38698813,4.3260336,PT-S2,CKD
PT,PT,27-10043::SEACell-21,2.6216025,5.5067987,frPT-S1/S2,CKD
PT,PT,27-10043::SEACell-22,-1.6202545,12.980891,dPT-S1,CKD
PT,PT,27-10043::SEACell-23,-0.7716233,4.4248986,PT-S1,CKD
PT,PT,27-10043::SEACell-24,-0.68261635,10.8355,dPT-S1,CKD
PT,PT,27-10043::SEACell-25,-1.3504975,13.007592,dPT-S1,CKD
PT,PT,27-10043::SEACell-26,0.05075551,3.7738867,PT-S1,CKD
PT,PT,27-10043::SEACell-27,-2.0339234,13.833105,dPT-S1,CKD
PT,PT,27-10043::SEACell-28,2.6027112,5.2066574,aPT-S1/S2,CKD
PT,PT,27-10043::SEACell-29,-0.28287172,4.332368,PT-S2,CKD
PT,PT,27-10043::SEACell-3,0.2837097,4.184432,PT-S2,CKD
PT,PT,27-10043::SEACell-30,2.542574,5.2918105,frPT-S1/S2,CKD
PT,PT,27-10043::SEACell-4,-0.12286877,4.219331,PT-S2,CKD
PT,PT,27-10043::SEACell-5,3.1468177,5.8821225,frPT-S3,CKD
PT,PT,27-10043::SEACell-6,2.1275992,5.195878,aPT-S1/S2,CKD
PT,PT,27-10043::SEACell-7,-0.24306718,4.108749,PT-S1,CKD
PT,PT,27-10043::SEACell-8,-1.7705961,13.804041,dPT-S1,CKD
PT,PT,27-10043::SEACell-9,0.81450003,4.4484572,PT-S1,CKD
PT,PT,27-10066::SEACell-0,-2.1703002,3.948819,PT-S3,CKD
PT,PT,27-10066::SEACell-1,-1.9169416,3.9193294,PT-S2,CKD
PT,PT,27-10066::SEACell-2,-0.30058295,3.05926,PT-S3,CKD
PT,PT,27-10066::SEACell-3,-4.2631836,5.20162,PT-S1,CKD
PT,PT,27-10066::SEACell-4,-1.5545548,3.199492,PT-S3,CKD
PT,PT,27-10066::SEACell-5,-4.517971,7.0472374,PT-S1,CKD
PT,PT,27-10066::SEACell-6,-2.6986742,4.3289075,PT-S2,CKD
PT,PT,27-10067::mc0,2.7855844,11.840372,aPT-S3,CKD
PT,PT,27-10074::SEACell-0,-1.5541904,13.447736,dPT-S1,CKD
PT,PT,27-10074::SEACell-1,2.3580084,6.5364876,PT-S1,CKD
PT,PT,27-10074::SEACell-10,2.2858894,7.7562227,aPT1,CKD
PT,PT,27-10074::SEACell-11,0.08026394,4.0109797,PT-S2,CKD
PT,PT,27-10074::SEACell-12,2.5361931,7.019155,aPT-S1/S2,CKD
PT,PT,27-10074::SEACell-13,-0.7171401,3.5381873,PT-S3,CKD
PT,PT,27-10074::SEACell-14,2.8014038,7.02498,frPT-S3,CKD
PT,PT,27-10074::SEACell-15,-1.9035362,14.306375,dPT-S1,CKD
PT,PT,27-10074::SEACell-2,-1.3119293,15.076048,dPT-S1,CKD
PT,PT,27-10074::SEACell-3,-0.42268997,3.792687,PT-S2,CKD
PT,PT,27-10074::SEACell-4,2.3572652,6.9962516,aPT1,CKD
PT,PT,27-10074::SEACell-5,-0.986755,13.987379,dPT-S1,CKD
PT,PT,27-10074::SEACell-6,-0.24557184,4.3051424,PT-S1,CKD
PT,PT,27-10074::SEACell-7,-0.10292805,3.5568476,PT-S2,CKD
PT,PT,27-10074::SEACell-8,2.7677329,6.873461,aPT1,CKD
PT,PT,27-10074::SEACell-9,-0.98720825,14.933183,dPT-S1,CKD
PT,PT,27-10088::SEACell-0,1.4821332,3.6341743,PT-S3,Control/Other
PT,PT,27-10088::SEACell-1,2.9486103,4.9697256,aPT-S3,Control/Other
PT,PT,27-10088::SEACell-10,0.95799935,3.3218977,PT-S1,Control/Other
PT,PT,27-10088::SEACell-11,1.1559135,3.205702,PT-S3,Control/Other
PT,PT,27-10088::SEACell-12,1.0518032,3.044491,PT-S3,Control/Other
PT,PT,27-10088::SEACell-13,1.0108389,3.3402078,PT-S1,Control/Other
PT,PT,27-10088::SEACell-14,2.3085299,4.627852,aPT-S3,Control/Other
PT,PT,27-10088::SEACell-15,3.240763,5.124144,aPT1,Control/Other
PT,PT,27-10088::SEACell-16,1.0511715,3.089954,PT-S1,Control/Other
PT,PT,27-10088::SEACell-17,0.11361411,3.0472426,PT-S3,Control/Other
PT,PT,27-10088::SEACell-18,0.98157555,3.158651,PT-S1,Control/Other
PT,PT,27-10088::SEACell-19,2.5907705,4.7499185,aPT-S3,Control/Other
PT,PT,27-10088::SEACell-2,3.0367868,6.6003036,PT-S1,Control/Other
PT,PT,27-10088::SEACell-20,-0.7982985,11.866613,dPT-S1,Control/Other
PT,PT,27-10088::SEACell-21,0.25662717,3.0122066,PT-S3,Control/Other
PT,PT,27-10088::SEACell-22,1.1484095,3.2183087,PT-S3,Control/Other
PT,PT,27-10088::SEACell-3,1.2944388,3.3191342,PT-S3,Control/Other
PT,PT,27-10088::SEACell-4,0.56552845,3.15356,PT-S3,Control/Other
PT,PT,27-10088::SEACell-5,1.0220243,3.2570884,PT-S3,Control/Other
PT,PT,27-10088::SEACell-6,0.8765982,3.0043879,PT-S3,Control/Other
PT,PT,27-10088::SEACell-7,0.83178675,3.0657394,PT-S3,Control/Other
PT,PT,27-10088::SEACell-9,3.088623,6.632984,aPT1,Control/Other
PT,PT,27-10089::SEACell-0,3.134535,5.2785034,aPT1,Control/Other
PT,PT,27-10089::SEACell-1,-0.10747929,4.5690203,PT-S1,Control/Other
PT,PT,27-10089::SEACell-10,3.3354614,6.4860964,frPT-S3,Control/Other
PT,PT,27-10089::SEACell-11,-0.23993698,4.812477,PT-S1,Control/Other
PT,PT,27-10089::SEACell-12,-1.4499903,13.476961,dPT-S1,Control/Other
PT,PT,27-10089::SEACell-2,3.351421,5.726604,frPT-S3,Control/Other
PT,PT,27-10089::SEACell-3,0.79307765,4.176727,PT-S1,Control/Other
PT,PT,27-10089::SEACell-4,-0.13192356,4.7467203,PT-S1,Control/Other
PT,PT,27-10089::SEACell-5,3.2813082,5.357392,frPT-S1/S2,Control/Other
PT,PT,27-10089::SEACell-6,3.3411222,6.302912,aPT1,Control/Other
PT,PT,27-10089::SEACell-7,1.5930914,5.491087,PT-S1,Control/Other
PT,PT,27-10089::SEACell-8,-0.18933834,4.5760813,PT-S1,Control/Other
PT,PT,27-10089::SEACell-9,0.408392,4.363962,PT-S1,Control/Other
PT,PT,27-10094::SEACell-0,-0.6244464,2.9967592,PT-S3,CKD
PT,PT,27-10094::SEACell-1,-2.1449187,15.431634,dPT-S1,CKD
PT,PT,27-10094::SEACell-2,-0.41092938,11.168717,dPT-S1,CKD
PT,PT,27-10094::SEACell-3,-0.71945804,3.3229642,PT-S2,CKD
PT,PT,27-10094::SEACell-4,3.1094034,6.684461,frPT-S3,CKD
PT,PT,27-10094::SEACell-5,3.3325896,6.2730017,aPT1,CKD
PT,PT,27-10094::SEACell-6,2.6711402,6.916836,frPT-S1/S2,CKD
PT,PT,27-10094::SEACell-7,0.22754318,3.2266955,PT-S3,CKD
PT,PT,27-10094::SEACell-8,-2.140289,14.613722,dPT-S1,CKD
PT,PT,27-10104::SEACell-0,3.1542828,5.627011,frPT-S1/S2,CKD
PT,PT,27-10104::SEACell-1,-0.648012,4.604297,PT-S1,CKD
PT,PT,27-10104::SEACell-2,2.7614377,6.382765,frPT-S1/S2,CKD
PT,PT,27-10104::SEACell-3,0.71915424,4.156116,PT-S2,CKD
PT,PT,27-10104::SEACell-4,2.8412366,5.892405,aPT1,CKD
PT,PT,27-10104::SEACell-5,-1.6268289,12.956189,dPT-S1,CKD
PT,PT,27-10104::SEACell-6,3.1806693,6.978598,frPT-S3,CKD
PT,PT,27-10104::SEACell-7,0.72916883,4.0187407,PT-S1,CKD
PT,PT,27-10104::SEACell-8,2.4443762,5.1859326,PT-S2,CKD
PT,PT,27-10104::SEACell-9,-0.4480377,4.544711,PT-S1,CKD
PT,PT,27-10154::SEACell-0,-1.4578931,6.9939594,PT-S1,CKD
PT,PT,27-10154::SEACell-1,1.9460622,10.050759,aPT2,CKD
PT,PT,27-10154::SEACell-10,-1.6730725,6.326275,PT-S1,CKD
PT,PT,27-10154::SEACell-11,-2.4618344,6.152741,PT-S1,CKD
PT,PT,27-10154::SEACell-12,-2.577545,6.552786,PT-S1,CKD
PT,PT,27-10154::SEACell-13,-3.0660465,5.8446693,PT-S1,CKD
PT,PT,27-10154::SEACell-14,1.9032209,9.354944,aPT2,CKD
PT,PT,27-10154::SEACell-15,-2.945408,6.3624606,dPT-S1,CKD
PT,PT,27-10154::SEACell-16,1.7794023,9.411739,aPT2,CKD
PT,PT,27-10154::SEACell-17,-3.2741454,5.2565017,PT-S1,CKD
PT,PT,27-10154::SEACell-18,-4.2754903,5.371412,PT-S1,CKD
PT,PT,27-10154::SEACell-19,1.564846,9.103192,frPT-S1/S2,CKD
PT,PT,27-10154::SEACell-2,-2.2330482,6.2451963,PT-S1,CKD
PT,PT,27-10154::SEACell-20,-2.138817,7.035902,PT-S1,CKD
PT,PT,27-10154::SEACell-21,1.9209286,10.53742,aPT2,CKD
PT,PT,27-10154::SEACell-3,-1.944396,6.5576477,PT-S2,CKD
PT,PT,27-10154::SEACell-4,-2.606998,6.2512503,PT-S1,CKD
PT,PT,27-10154::SEACell-5,-0.32558027,6.010149,PT-S1,CKD
PT,PT,27-10154::SEACell-6,-2.44023,6.257916,PT-S1,CKD
PT,PT,27-10154::SEACell-7,1.8850802,11.895217,dPT-S1,CKD
PT,PT,27-10154::SEACell-8,1.8001969,8.67013,frPT-S1/S2,CKD
PT,PT,27-10154::SEACell-9,-2.2532227,6.1880655,PT-S1,CKD
PT,PT,27-10163::SEACell-0,-5.318772,7.2008095,PT-S1,Control/Other
PT,PT,27-10163::SEACell-1,-5.768421,7.1074314,PT-S1,Control/Other
PT,PT,27-10163::SEACell-10,-4.21383,5.892963,PT-S1,Control/Other
PT,PT,27-10163::SEACell-11,-3.9527564,5.730203,dPT-S1,Control/Other
PT,PT,27-10163::SEACell-12,-4.888021,6.4840975,PT-S1,Control/Other
PT,PT,27-10163::SEACell-13,-4.9809437,6.4314947,PT-S1,Control/Other
PT,PT,27-10163::SEACell-14,-5.643393,7.266916,PT-S1,Control/Other
PT,PT,27-10163::SEACell-15,-4.284027,6.061036,PT-S1,Control/Other
PT,PT,27-10163::SEACell-16,-5.4591556,7.059706,PT-S1,Control/Other
PT,PT,27-10163::SEACell-17,1.8512702,9.106358,aPT1,Control/Other
PT,PT,27-10163::SEACell-18,-4.419554,5.974959,PT-S1,Control/Other
PT,PT,27-10163::SEACell-19,-5.6806965,6.9426837,PT-S1,Control/Other
PT,PT,27-10163::SEACell-2,-5.6384044,7.1306486,PT-S1,Control/Other
PT,PT,27-10163::SEACell-20,-4.2285285,5.663457,PT-S2,Control/Other
PT,PT,27-10163::SEACell-21,-5.109417,7.5293183,PT-S1,Control/Other
PT,PT,27-10163::SEACell-22,-4.188486,5.947418,PT-S1,Control/Other
PT,PT,27-10163::SEACell-23,-5.7836,7.0012507,PT-S1,Control/Other
PT,PT,27-10163::SEACell-24,-4.038683,5.5120683,PT-S2,Control/Other
PT,PT,27-10163::SEACell-25,-0.5655433,4.589593,dPT-S1,Control/Other
PT,PT,27-10163::SEACell-26,-4.352112,5.8642507,PT-S1,Control/Other
PT,PT,27-10163::SEACell-27,-4.5382395,5.7492847,PT-S2,Control/Other
PT,PT,27-10163::SEACell-28,-3.7098858,5.087442,PT-S2,Control/Other
PT,PT,27-10163::SEACell-29,2.0892618,8.522878,aPT1,Control/Other
PT,PT,27-10163::SEACell-3,-4.4474072,6.0358024,PT-S1,Control/Other
PT,PT,27-10163::SEACell-30,-4.936129,6.249662,PT-S1,Control/Other
PT,PT,27-10163::SEACell-31,-5.664285,7.083861,PT-S1,Control/Other
PT,PT,27-10163::SEACell-32,-4.0906644,5.5057707,PT-S2,Control/Other
PT,PT,27-10163::SEACell-33,-5.058772,6.1951137,PT-S1,Control/Other
PT,PT,27-10163::SEACell-34,-3.998641,5.2649565,PT-S2,Control/Other
PT,PT,27-10163::SEACell-4,-3.410095,3.5084884,PT-S3,Control/Other
PT,PT,27-10163::SEACell-5,-4.7184114,6.193556,PT-S1,Control/Other
PT,PT,27-10163::SEACell-6,-3.8789525,5.5394826,PT-S2,Control/Other
PT,PT,27-10163::SEACell-7,-2.4090643,3.6912463,PT-S3,Control/Other
PT,PT,27-10163::SEACell-8,-5.090776,7.19452,PT-S1,Control/Other
PT,PT,27-10163::SEACell-9,-4.6604233,5.9917326,PT-S1,Control/Other
PT,PT,27-10165::SEACell-0,-3.3598313,5.2513437,PT-S2,Control/Other
PT,PT,27-10165::SEACell-1,-4.0895014,6.000149,PT-S1,Control/Other
PT,PT,27-10165::SEACell-10,-4.8033156,6.5560246,PT-S1,Control/Other
PT,PT,27-10165::SEACell-11,-4.2841477,6.32549,PT-S1,Control/Other
PT,PT,27-10165::SEACell-12,-2.3992167,4.41094,aPT-S3,Control/Other
PT,PT,27-10165::SEACell-13,2.2939954,10.378425,aPT1,Control/Other
PT,PT,27-10165::SEACell-14,-4.764195,7.1431127,PT-S1,Control/Other
PT,PT,27-10165::SEACell-15,-3.691108,6.147296,PT-S1,Control/Other
PT,PT,27-10165::SEACell-16,-5.421076,7.321638,PT-S1,Control/Other
PT,PT,27-10165::SEACell-17,-3.9270606,5.585297,PT-S1,Control/Other
PT,PT,27-10165::SEACell-18,-2.0790694,3.7411346,PT-S3,Control/Other
PT,PT,27-10165::SEACell-19,-2.144869,3.5725822,PT-S3,Control/Other
PT,PT,27-10165::SEACell-2,-2.954384,4.099064,PT-S3,Control/Other
PT,PT,27-10165::SEACell-20,2.4282587,10.833373,aPT1,Control/Other
PT,PT,27-10165::SEACell-21,-3.082837,3.6431763,aPT-S3,Control/Other
PT,PT,27-10165::SEACell-22,-3.7391763,2.8642652,PT-S3,Control/Other
PT,PT,27-10165::SEACell-23,-4.8480344,7.235738,PT-S1,Control/Other
PT,PT,27-10165::SEACell-24,-0.6975098,14.814759,dPT-S1,Control/Other
PT,PT,27-10165::SEACell-25,-3.0249867,3.2658577,PT-S3,Control/Other
PT,PT,27-10165::SEACell-26,-3.5691724,5.3645873,PT-S2,Control/Other
PT,PT,27-10165::SEACell-27,1.929062,11.631969,aPT1,Control/Other
PT,PT,27-10165::SEACell-28,-2.8660276,3.7172453,PT-S3,Control/Other
PT,PT,27-10165::SEACell-29,-3.907801,3.5683343,dPT-S3,Control/Other
PT,PT,27-10165::SEACell-3,-1.3582237,14.625257,dPT-S1,Control/Other
PT,PT,27-10165::SEACell-4,-5.502701,6.8899307,PT-S1,Control/Other
PT,PT,27-10165::SEACell-5,-2.5041437,4.1663165,PT-S3,Control/Other
PT,PT,27-10165::SEACell-6,-3.0519772,3.6571748,aPT-S3,Control/Other
PT,PT,27-10165::SEACell-7,-4.9441285,6.9397073,PT-S1,Control/Other
PT,PT,27-10165::SEACell-8,-3.457977,4.786918,PT-S2,Control/Other
PT,PT,27-10165::SEACell-9,-3.2411196,4.7467513,PT-S2,Control/Other
PT,PT,27-10166::SEACell-0,-4.5155983,6.411845,PT-S1,Control/Other
PT,PT,27-10166::SEACell-1,-2.1182585,5.433392,aPT1,Control/Other
PT,PT,27-10166::SEACell-2,-3.9185925,5.8567395,PT-S1,Control/Other
PT,PT,27-10166::SEACell-3,-3.232036,3.3971417,PT-S3,Control/Other
PT,PT,27-10166::SEACell-4,-4.9479327,7.663604,PT-S1,Control/Other
PT,PT,27-10166::SEACell-5,-3.8528461,6.113122,PT-S2,Control/Other
PT,PT,27-10166::SEACell-6,-4.3825674,6.964026,PT-S1,Control/Other
PT,PT,27-10166::SEACell-7,-3.8707078,5.654919,PT-S1,Control/Other
PT,PT,27-10166::SEACell-8,-3.4391954,4.6928673,PT-S2,Control/Other
PT,PT,27-10166::SEACell-9,-4.9444838,7.683354,PT-S1,Control/Other
PT,PT,27-10171::SEACell-0,-4.2741375,2.4288645,PT-S3,Control/Other
PT,PT,27-10171::SEACell-1,-3.931421,6.028644,PT-S1,Control/Other
PT,PT,27-10171::SEACell-10,-3.8900983,2.4923196,PT-S3,Control/Other
PT,PT,27-10171::SEACell-11,-3.9797843,5.7799673,PT-S1,Control/Other
PT,PT,27-10171::SEACell-12,-4.0605454,5.954058,PT-S1,Control/Other
PT,PT,27-10171::SEACell-13,-4.3822675,5.9294057,PT-S1,Control/Other
PT,PT,27-10171::SEACell-14,-4.1120706,6.1351714,PT-S1,Control/Other
PT,PT,27-10171::SEACell-15,-4.059239,5.8788133,PT-S1,Control/Other
PT,PT,27-10171::SEACell-16,2.0054488,10.216903,aPT1,Control/Other
PT,PT,27-10171::SEACell-17,-3.9354637,5.0555444,PT-S1,Control/Other
PT,PT,27-10171::SEACell-18,-2.2462754,15.217767,dPT-S1,Control/Other
PT,PT,27-10171::SEACell-19,-4.0221314,4.791313,PT-S2,Control/Other
PT,PT,27-10171::SEACell-2,-4.2902646,2.1316388,dPT-S3,Control/Other
PT,PT,27-10171::SEACell-20,-4.294836,6.095181,PT-S1,Control/Other
PT,PT,27-10171::SEACell-21,-3.5407908,4.530143,PT-S2,Control/Other
PT,PT,27-10171::SEACell-22,-4.082996,2.2899647,PT-S3,Control/Other
PT,PT,27-10171::SEACell-23,-4.047089,2.2108634,PT-S3,Control/Other
PT,PT,27-10171::SEACell-24,-4.99498,7.556892,PT-S1,Control/Other
PT,PT,27-10171::SEACell-25,-3.8050873,2.3805392,PT-S3,Control/Other
PT,PT,27-10171::SEACell-26,-5.0816765,7.6151886,PT-S1,Control/Other
PT,PT,27-10171::SEACell-27,-4.257129,2.1714685,PT-S3,Control/Other
PT,PT,27-10171::SEACell-28,2.114864,10.610962,aPT1,Control/Other
PT,PT,27-10171::SEACell-3,-3.919567,2.3155859,PT-S3,Control/Other
PT,PT,27-10171::SEACell-4,-3.9498508,5.2639484,PT-S1,Control/Other
PT,PT,27-10171::SEACell-5,-5.1740956,7.517398,PT-S1,Control/Other
PT,PT,27-10171::SEACell-6,-3.9816227,5.3198347,PT-S2,Control/Other
PT,PT,27-10171::SEACell-7,-3.237055,3.5976949,aPT-S3,Control/Other
PT,PT,27-10171::SEACell-8,-5.256911,7.5733395,PT-S1,Control/Other
PT,PT,27-10171::SEACell-9,-5.311016,7.305235,PT-S1,Control/Other
PT,PT,27-10185::SEACell-0,-4.951979,7.3094344,PT-S1,Control/Other
PT,PT,27-10185::SEACell-1,-3.9377377,5.4311748,PT-S2,Control/Other
PT,PT,27-10185::SEACell-2,1.3144143,8.439088,aPT1,Control/Other
PT,PT,27-10185::SEACell-3,-3.602944,4.4612365,PT-S3,Control/Other
PT,PT,27-10185::SEACell-4,-5.1023197,6.6541634,PT-S1,Control/Other
PT,PT,27-10185::SEACell-5,-4.259736,5.5718913,PT-S1,Control/Other
PT,PT,27-10185::SEACell-6,-4.5921087,6.0607147,PT-S1,Control/Other
PT,PT,27-10185::SEACell-7,-3.6237426,4.4266057,PT-S2,Control/Other
PT,PT,27-10185::SEACell-8,-4.2602487,5.206227,PT-S1,Control/Other
PT,PT,27-10201::SEACell-0,-4.3771377,5.488055,PT-S2,Control/Other
PT,PT,27-10201::SEACell-1,-5.834843,6.361712,PT-S1,Control/Other
PT,PT,27-10201::SEACell-10,-5.5261607,6.386318,PT-S1,Control/Other
PT,PT,27-10201::SEACell-11,0.60254043,8.542348,aPT1,Control/Other
PT,PT,27-10201::SEACell-12,-5.617589,5.87841,PT-S1,Control/Other
PT,PT,27-10201::SEACell-13,-5.9788675,6.218617,PT-S1,Control/Other
PT,PT,27-10201::SEACell-14,-5.133966,5.9051046,PT-S1,Control/Other
PT,PT,27-10201::SEACell-15,-4.4452953,6.525956,PT-S1,Control/Other
PT,PT,27-10201::SEACell-16,-4.628752,7.046912,dPT-S1,Control/Other
PT,PT,27-10201::SEACell-2,-4.9238143,6.259578,PT-S1,Control/Other
PT,PT,27-10201::SEACell-3,-2.7109835,4.0303946,PT-S3,Control/Other
PT,PT,27-10201::SEACell-4,-4.6176534,5.8609495,PT-S2,Control/Other
PT,PT,27-10201::SEACell-5,-4.8130097,6.238613,PT-S1,Control/Other
PT,PT,27-10201::SEACell-6,-4.5942516,6.4594984,PT-S1,Control/Other
PT,PT,27-10201::SEACell-7,-5.404667,6.1684866,PT-S1,Control/Other
PT,PT,27-10201::SEACell-8,-5.5271616,6.7445927,PT-S1,Control/Other
PT,PT,27-10201::SEACell-9,-3.195076,4.9309115,PT-S3,Control/Other
PT,PT,27-10206::SEACell-0,-5.8347135,6.755665,PT-S1,Control/Other
PT,PT,27-10206::SEACell-1,-4.428175,5.557121,PT-S1,Control/Other
PT,PT,27-10206::SEACell-10,-3.9090343,4.9266696,PT-S2,Control/Other
PT,PT,27-10206::SEACell-11,-5.526021,6.6824775,PT-S1,Control/Other
PT,PT,27-10206::SEACell-12,-5.4393673,6.0199604,PT-S1,Control/Other
PT,PT,27-10206::SEACell-13,-1.9826943,4.1349792,PT-S3,Control/Other
PT,PT,27-10206::SEACell-14,-1.6760385,4.48693,aPT2,Control/Other
PT,PT,27-10206::SEACell-15,-1.9190952,3.5411785,PT-S3,Control/Other
PT,PT,27-10206::SEACell-16,-3.7872968,4.9276958,PT-S2,Control/Other
PT,PT,27-10206::SEACell-17,-4.2741113,5.2574143,PT-S1,Control/Other
PT,PT,27-10206::SEACell-18,-5.406552,7.3016143,PT-S1,Control/Other
PT,PT,27-10206::SEACell-19,2.044381,7.4673758,aPT1,Control/Other
PT,PT,27-10206::SEACell-2,-3.0787556,4.314293,PT-S3,Control/Other
PT,PT,27-10206::SEACell-20,-5.5697985,7.116717,PT-S1,Control/Other
PT,PT,27-10206::SEACell-21,-3.8024232,5.0768347,PT-S2,Control/Other
PT,PT,27-10206::SEACell-22,-3.2660346,3.0705607,PT-S3,Control/Other
PT,PT,27-10206::SEACell-23,-2.2607565,3.920876,PT-S3,Control/Other
PT,PT,27-10206::SEACell-24,-2.4798768,3.3263903,PT-S3,Control/Other
PT,PT,27-10206::SEACell-25,-5.998546,6.2463202,PT-S1,Control/Other
PT,PT,27-10206::SEACell-26,-3.0683753,3.2588105,PT-S3,Control/Other
PT,PT,27-10206::SEACell-27,-5.6880198,7.000055,PT-S1,Control/Other
PT,PT,27-10206::SEACell-28,-3.2409248,3.9825978,PT-S3,Control/Other
PT,PT,27-10206::SEACell-29,-5.4101043,6.229065,PT-S1,Control/Other
PT,PT,27-10206::SEACell-3,-4.38119,6.271289,dPT-S1,Control/Other
PT,PT,27-10206::SEACell-30,-5.172653,7.0024962,PT-S1,Control/Other
PT,PT,27-10206::SEACell-31,-5.2186804,6.036543,PT-S1,Control/Other
PT,PT,27-10206::SEACell-32,-4.582615,4.79199,PT-S2,Control/Other
PT,PT,27-10206::SEACell-4,-4.4283195,5.519998,PT-S1,Control/Other
PT,PT,27-10206::SEACell-5,-6.185397,6.3298316,PT-S1,Control/Other
PT,PT,27-10206::SEACell-6,-4.571447,6.5307903,PT-S1,Control/Other
PT,PT,27-10206::SEACell-7,-3.6743069,4.799353,PT-S2,Control/Other
PT,PT,27-10206::SEACell-8,-3.8976827,5.150052,PT-S3,Control/Other
PT,PT,27-10206::SEACell-9,-4.4939804,5.432368,PT-S1,Control/Other
PT,PT,27-10207::SEACell-0,-5.3527107,6.198118,PT-S1,Control/Other
PT,PT,27-10207::SEACell-1,-4.5611744,6.3567233,PT-S1,Control/Other
PT,PT,27-10207::SEACell-2,-3.2418392,4.9184866,PT-S2,Control/Other
PT,PT,27-10207::SEACell-3,-5.4372196,7.465111,PT-S1,Control/Other
PT,PT,27-10207::SEACell-4,-3.6530623,5.603972,PT-S2,Control/Other
PT,PT,27-10207::SEACell-5,-4.811265,7.3978186,PT-S1,Control/Other
PT,PT,27-10207::SEACell-6,-1.3127022,16.050617,dPT-S1,Control/Other
PT,PT,27-10231::SEACell-0,-4.9789457,5.446634,PT-S1,Control/Other
PT,PT,27-10231::SEACell-1,-4.528563,5.4286685,PT-S1,Control/Other
PT,PT,27-10231::SEACell-10,-3.4975302,5.1490326,PT-S2,Control/Other
PT,PT,27-10231::SEACell-11,1.1368241,8.485522,frPT-S1/S2,Control/Other
PT,PT,27-10231::SEACell-12,-4.386123,6.817833,PT-S1,Control/Other
PT,PT,27-10231::SEACell-13,-4.352676,5.6583295,PT-S1,Control/Other
PT,PT,27-10231::SEACell-14,-5.0948167,6.1840305,PT-S1,Control/Other
PT,PT,27-10231::SEACell-2,-4.3910475,6.137808,PT-S1,Control/Other
PT,PT,27-10231::SEACell-3,-4.7305975,5.7033205,PT-S1,Control/Other
PT,PT,27-10231::SEACell-4,-4.049381,5.97865,PT-S2,Control/Other
PT,PT,27-10231::SEACell-5,-5.507122,6.1440473,PT-S1,Control/Other
PT,PT,27-10231::SEACell-6,-2.0764866,3.5871222,PT-S3,Control/Other
PT,PT,27-10231::SEACell-7,-4.1024356,6.3507314,dPT-S1,Control/Other
PT,PT,27-10231::SEACell-8,-4.8862033,5.6354284,PT-S1,Control/Other
PT,PT,27-10231::SEACell-9,-5.9085693,6.539783,PT-S1,Control/Other
PT,PT,28-10051::SEACell-0,-2.1356595,13.893459,dPT-S1,CKD
PT,PT,28-10051::SEACell-1,-0.5535142,4.0442634,PT-S2,CKD
PT,PT,28-10051::SEACell-10,-1.5201639,12.763598,dPT-S1,CKD
PT,PT,28-10051::SEACell-11,-0.23990892,2.6608267,PT-S2,CKD
PT,PT,28-10051::SEACell-12,-1.9725213,15.097918,dPT-S1,CKD
PT,PT,28-10051::SEACell-13,-1.6148283,12.734667,dPT-S1,CKD
PT,PT,28-10051::SEACell-14,2.4997218,5.9869266,aPT1,CKD
PT,PT,28-10051::SEACell-15,-0.55839235,4.364494,PT-S2,CKD
PT,PT,28-10051::SEACell-16,0.67908454,3.7622252,PT-S2,CKD
PT,PT,28-10051::SEACell-17,0.4552572,3.1379542,PT-S3,CKD
PT,PT,28-10051::SEACell-18,-0.4320965,2.0460837,PT-S3,CKD
PT,PT,28-10051::SEACell-19,-1.5107648,13.255451,dPT-S1,CKD
PT,PT,28-10051::SEACell-2,0.14034,3.1713579,PT-S1,CKD
PT,PT,28-10051::SEACell-20,-0.59152335,4.4321966,dPT-S1,CKD
PT,PT,28-10051::SEACell-21,-0.47868013,4.4952064,dPT-S1,CKD
PT,PT,28-10051::SEACell-22,-1.875344,13.339955,dPT-S1,CKD
PT,PT,28-10051::SEACell-23,2.8134553,6.112366,aPT1,CKD
PT,PT,28-10051::SEACell-24,0.04842211,2.1679409,PT-S3,CKD
PT,PT,28-10051::SEACell-25,3.1982427,6.0888076,frPT-S1/S2,CKD
PT,PT,28-10051::SEACell-26,-2.2400703,14.538236,dPT-S1,CKD
PT,PT,28-10051::SEACell-27,-2.0351,13.467468,dPT-S1,CKD
PT,PT,28-10051::SEACell-3,-0.52057254,4.1438923,PT-S1,CKD
PT,PT,28-10051::SEACell-4,3.2175107,5.824246,frPT-S3,CKD
PT,PT,28-10051::SEACell-5,-2.3052433,14.982047,dPT-S1,CKD
PT,PT,28-10051::SEACell-6,-0.604809,4.500857,dPT-S1,CKD
PT,PT,28-10051::SEACell-7,-2.4794712,14.881349,dPT-S1,CKD
PT,PT,28-10051::SEACell-8,-0.18094648,3.9300036,PT-S1,CKD
PT,PT,28-10051::SEACell-9,2.9744904,5.6536317,frPT-S1/S2,CKD
PT,PT,28-10109::SEACell-0,-1.3228688,5.2054906,PT-S1,CKD
PT,PT,28-10109::SEACell-1,2.3797052,5.533177,aPT-S1/S2,CKD
PT,PT,28-10109::SEACell-11,0.3295544,5.994787,PT-S1,CKD
PT,PT,28-10109::SEACell-12,2.5961494,5.7450857,aPT-S1/S2,CKD
PT,PT,28-10109::SEACell-13,2.8680282,4.8766975,aPT-S1/S2,CKD
PT,PT,28-10109::SEACell-14,1.8870177,7.374534,aPT-S1/S2,CKD
PT,PT,28-10109::SEACell-15,2.9966264,6.1137533,frPT-S3,CKD
PT,PT,28-10109::SEACell-16,2.5304296,5.7071238,aPT1,CKD
PT,PT,28-10109::SEACell-17,2.2099438,5.566931,aPT-S1/S2,CKD
PT,PT,28-10109::SEACell-18,2.0304873,5.6166735,aPT-S1/S2,CKD
PT,PT,28-10109::SEACell-19,2.2331507,5.9500675,aPT-S1/S2,CKD
PT,PT,28-10109::SEACell-2,2.1852036,5.707092,aPT-S1/S2,CKD
PT,PT,28-10109::SEACell-20,2.1393464,5.915681,aPT-S1/S2,CKD
PT,PT,28-10109::SEACell-21,1.5801365,5.573693,PT-S1,CKD
PT,PT,28-10109::SEACell-22,-1.7285554,13.55242,dPT-S1,CKD
PT,PT,28-10109::SEACell-23,2.8242288,5.686303,aPT-S1/S2,CKD
PT,PT,28-10109::SEACell-24,-1.6307526,13.235678,dPT-S1,CKD
PT,PT,28-10109::SEACell-25,-2.0092535,13.53796,dPT-S1,CKD
PT,PT,28-10109::SEACell-26,2.0270057,7.5425625,frPT-S3,CKD
PT,PT,28-10109::SEACell-27,2.3036098,5.4836993,aPT-S1/S2,CKD
PT,PT,28-10109::SEACell-28,-0.56333864,5.0120177,dPT-S1,CKD
PT,PT,28-10109::SEACell-29,2.3222198,6.617846,frPT-S1/S2,CKD
PT,PT,28-10109::SEACell-3,-1.3792061,13.583327,dPT-S1,CKD
PT,PT,28-10109::SEACell-30,2.7915273,6.367436,frPT-S1/S2,CKD
PT,PT,28-10109::SEACell-31,-0.54173625,5.016099,PT-S1,CKD
PT,PT,28-10109::SEACell-32,-0.15442298,5.0362897,PT-S1,CKD
PT,PT,28-10109::SEACell-33,-3.0411785,6.261727,PT-S1,CKD
PT,PT,28-10109::SEACell-34,3.2076313,5.005147,aPT-S1/S2,CKD
PT,PT,28-10109::SEACell-35,2.2849562,5.4373765,aPT-S1/S2,CKD
PT,PT,28-10109::SEACell-36,2.5076566,6.0068355,frPT-S3,CKD
PT,PT,28-10109::SEACell-37,-1.7079444,13.508851,dPT-S1,CKD
PT,PT,28-10109::SEACell-4,-0.034640823,5.6185594,PT-S1,CKD
PT,PT,28-10109::SEACell-5,-0.5456786,4.9399686,PT-S1,CKD
PT,PT,28-10109::SEACell-6,-0.5544227,10.9775505,aPT1,CKD
PT,PT,28-10109::SEACell-7,-0.2981472,5.054137,PT-S1,CKD
PT,PT,28-10109::SEACell-8,1.7177911,5.4822416,PT-S1,CKD
PT,PT,28-10109::SEACell-9,-1.6694658,13.51186,dPT-S1,CKD
PT,PT,28-11515::SEACell-0,-3.849923,6.747971,PT-S1,CKD
PT,PT,28-11515::SEACell-1,-2.1465678,5.4961977,PT-S3,CKD
PT,PT,28-11515::SEACell-2,-5.2719083,6.6932845,PT-S1,CKD
PT,PT,28-11515::SEACell-3,-2.9233706,5.1447964,PT-S3,CKD
PT,PT,28-12178::SEACell-0,2.3467684,6.9742928,frPT-S1/S2,CKD
PT,PT,28-12178::SEACell-1,2.685735,6.8573904,frPT-S3,CKD
PT,PT,28-12178::SEACell-2,-0.91112226,4.428273,PT-S1,CKD
PT,PT,28-12265::SEACell-0,-2.670863,0.59313345,PT-S3,CKD
PT,PT,28-12265::SEACell-1,-2.3859007,-4.5334272,PT-S1,CKD
PT,PT,28-12265::SEACell-10,-2.8325226,-1.1083369,PT-S2,CKD
PT,PT,28-12265::SEACell-11,-3.501037,0.8243133,PT-S3,CKD
PT,PT,28-12265::SEACell-12,-2.7339227,-0.377461,PT-S3,CKD
PT,PT,28-12265::SEACell-13,-3.2827432,2.7630792,aPT-S3,CKD
PT,PT,28-12265::SEACell-14,-2.5668223,-0.4832574,PT-S3,CKD
PT,PT,28-12265::SEACell-15,-2.218194,0.056597624,PT-S3,CKD
PT,PT,28-12265::SEACell-16,-2.428841,15.82789,dPT-S1,CKD
PT,PT,28-12265::SEACell-17,-3.4632516,0.78594047,PT-S3,CKD
PT,PT,28-12265::SEACell-18,-2.5711153,-2.09658,PT-S1,CKD
PT,PT,28-12265::SEACell-19,-3.522161,0.32165298,PT-S3,CKD
PT,PT,28-12265::SEACell-2,-1.7587662,-3.9453075,PT-S1,CKD
PT,PT,28-12265::SEACell-20,-3.0872772,0.59221834,PT-S3,CKD
PT,PT,28-12265::SEACell-21,-2.6641488,1.3051232,aPT-S3,CKD
PT,PT,28-12265::SEACell-22,-2.0908625,-3.780949,PT-S1,CKD
PT,PT,28-12265::SEACell-3,-2.8581455,0.9154663,PT-S3,CKD
PT,PT,28-12265::SEACell-4,-2.488325,-2.0578928,PT-S1,CKD
PT,PT,28-12265::SEACell-5,-2.697852,-2.1406915,PT-S1,CKD
PT,PT,28-12265::SEACell-6,-2.971015,-3.3060598,dPT-S1,CKD
PT,PT,28-12265::SEACell-7,-1.842183,-3.7052562,PT-S1,CKD
PT,PT,28-12265::SEACell-8,-2.7712054,-4.624407,PT-S1,CKD
PT,PT,28-12265::SEACell-9,-1.8892579,-3.8925977,PT-S1,CKD
PT,PT,28-12372::SEACell-0,-3.470074,6.5949636,PT-S1,CKD
PT,PT,28-12372::SEACell-1,1.8529431,11.342037,aPT2,CKD
PT,PT,28-12372::SEACell-10,1.9729035,11.629407,aPT2,CKD
PT,PT,28-12372::SEACell-11,-3.8157353,7.0262012,PT-S1,CKD
PT,PT,28-12372::SEACell-12,1.697601,10.044584,aPT1,CKD
PT,PT,28-12372::SEACell-13,-3.7192,6.6499414,PT-S2,CKD
PT,PT,28-12372::SEACell-14,-4.040181,7.1936693,PT-S1,CKD
PT,PT,28-12372::SEACell-15,-3.3123157,5.5809355,PT-S2,CKD
PT,PT,28-12372::SEACell-2,-3.457693,6.4580264,PT-S2,CKD
PT,PT,28-12372::SEACell-3,-4.8787193,7.5274673,PT-S1,CKD
PT,PT,28-12372::SEACell-4,1.7638716,10.926263,aPT1,CKD
PT,PT,28-12372::SEACell-5,-3.3675318,6.233173,PT-S2,CKD
PT,PT,28-12372::SEACell-6,-3.2437773,4.9075837,PT-S3,CKD
PT,PT,28-12372::SEACell-7,-3.729833,6.8990626,PT-S1,CKD
PT,PT,28-12372::SEACell-8,-3.581466,6.7298007,PT-S1,CKD
PT,PT,28-12372::SEACell-9,-3.7947128,6.773624,PT-S1,CKD
PT,PT,28-12412::SEACell-0,-0.9767738,4.859767,PT-S1,CKD
PT,PT,28-12412::SEACell-1,-1.7328631,4.7306967,PT-S1,CKD
PT,PT,28-12412::SEACell-10,-6.326929,5.741228,PT-S1,CKD
PT,PT,28-12412::SEACell-11,1.3222721,6.5412407,aPT1,CKD
PT,PT,28-12412::SEACell-12,-5.039108,5.212027,PT-S1,CKD
PT,PT,28-12412::SEACell-13,-6.2845707,5.913216,PT-S1,CKD
PT,PT,28-12412::SEACell-14,-1.6232764,4.3096404,PT-S3,CKD
PT,PT,28-12412::SEACell-15,-5.466716,6.06112,PT-S1,CKD
PT,PT,28-12412::SEACell-16,-4.938976,4.950484,PT-S2,CKD
PT,PT,28-12412::SEACell-17,-4.116596,6.067635,PT-S1,CKD
PT,PT,28-12412::SEACell-18,-6.3648252,5.7317896,PT-S1,CKD
PT,PT,28-12412::SEACell-19,-6.2981877,5.813628,PT-S1,CKD
PT,PT,28-12412::SEACell-2,-5.146146,5.1000896,PT-S2,CKD
PT,PT,28-12412::SEACell-20,-6.4026904,5.6714478,PT-S1,CKD
PT,PT,28-12412::SEACell-21,1.9157604,7.556042,aPT1,CKD
PT,PT,28-12412::SEACell-22,-2.0156844,3.6667244,PT-S3,CKD
PT,PT,28-12412::SEACell-3,-0.7082311,5.2342405,PT-S1,CKD
PT,PT,28-12412::SEACell-4,-3.9470067,6.105773,PT-S1,CKD
PT,PT,28-12412::SEACell-5,-1.1654164,14.57023,dPT-S1,CKD
PT,PT,28-12412::SEACell-6,-4.2108145,6.258752,PT-S1,CKD
PT,PT,28-12412::SEACell-7,-6.319544,5.6830277,PT-S1,CKD
PT,PT,28-12412::SEACell-8,-2.045095,3.8332365,PT-S3,CKD
PT,PT,28-12412::SEACell-9,-2.0657876,15.924856,dPT-S1,CKD
PT,PT,28-12510::mc0,-0.67042476,11.308863,dPT-S1,CKD
PT,PT,28-12546::SEACell-0,0.6305103,8.0342455,PT-S3,CKD
PT,PT,28-12558::SEACell-0,-2.4421499,3.4062302,PT-S3,CKD
PT,PT,28-12558::SEACell-1,-5.831196,5.784796,PT-S1,CKD
PT,PT,28-12558::SEACell-10,-5.3175173,5.7431765,PT-S1,CKD
PT,PT,28-12558::SEACell-11,-4.353273,5.1027513,PT-S2,CKD
PT,PT,28-12558::SEACell-12,-2.1065063,3.888906,PT-S3,CKD
PT,PT,28-12558::SEACell-13,-2.0488114,3.7115214,PT-S3,CKD
PT,PT,28-12558::SEACell-14,-4.9902062,5.611147,PT-S1,CKD
PT,PT,28-12558::SEACell-15,-6.214158,6.152946,PT-S1,CKD
PT,PT,28-12558::SEACell-16,-1.9764928,3.8361423,PT-S3,CKD
PT,PT,28-12558::SEACell-17,-5.3573747,6.5936265,PT-S1,CKD
PT,PT,28-12558::SEACell-18,-5.466465,5.4215713,PT-S1,CKD
PT,PT,28-12558::SEACell-19,-3.6345775,4.8324084,PT-S2,CKD
PT,PT,28-12558::SEACell-2,-2.637769,3.64146,PT-S3,CKD
PT,PT,28-12558::SEACell-20,-5.672387,5.796721,PT-S1,CKD
PT,PT,28-12558::SEACell-21,-5.9577255,6.1805515,PT-S1,CKD
PT,PT,28-12558::SEACell-22,-2.2896554,3.3475542,PT-S3,CKD
PT,PT,28-12558::SEACell-23,-1.9847417,3.670512,PT-S3,CKD
PT,PT,28-12558::SEACell-24,-6.028327,6.4030004,PT-S1,CKD
PT,PT,28-12558::SEACell-25,-3.9816196,5.045418,PT-S2,CKD
PT,PT,28-12558::SEACell-26,-6.2063417,5.532825,PT-S1,CKD
PT,PT,28-12558::SEACell-27,-6.306723,6.111004,PT-S1,CKD
PT,PT,28-12558::SEACell-28,-5.1349645,5.1092234,PT-S1,CKD
PT,PT,28-12558::SEACell-29,-3.156898,4.7959237,PT-S3,CKD
PT,PT,28-12558::SEACell-3,-5.2348747,5.075816,PT-S1,CKD
PT,PT,28-12558::SEACell-30,-5.244132,7.078363,PT-S1,CKD
PT,PT,28-12558::SEACell-31,-6.1798844,5.7391086,PT-S1,CKD
PT,PT,28-12558::SEACell-32,-2.173408,3.8380659,PT-S3,CKD
PT,PT,28-12558::SEACell-33,-2.5640807,3.4438524,PT-S3,CKD
PT,PT,28-12558::SEACell-34,1.1137624,6.6561317,aPT1,CKD
PT,PT,28-12558::SEACell-35,-5.4386563,7.137216,PT-S1,CKD
PT,PT,28-12558::SEACell-36,-4.527774,5.0118065,PT-S1,CKD
PT,PT,28-12558::SEACell-37,-4.878224,4.897535,PT-S2,CKD
PT,PT,28-12558::SEACell-38,-2.2847562,5.9427457,aPT1,CKD
PT,PT,28-12558::SEACell-39,-6.1265426,6.1377034,PT-S1,CKD
PT,PT,28-12558::SEACell-4,-5.1787024,5.2956243,PT-S1,CKD
PT,PT,28-12558::SEACell-40,-5.4521017,6.294539,PT-S1,CKD
PT,PT,28-12558::SEACell-41,-2.0700216,3.716073,PT-S3,CKD
PT,PT,28-12558::SEACell-42,-4.9687424,5.0607886,PT-S2,CKD
PT,PT,28-12558::SEACell-43,-3.2079492,5.186549,PT-S2,CKD
PT,PT,28-12558::SEACell-44,-2.0979667,3.619566,PT-S3,CKD
PT,PT,28-12558::SEACell-45,-6.3227186,5.814834,PT-S1,CKD
PT,PT,28-12558::SEACell-46,-2.0543654,3.8428814,PT-S3,CKD
PT,PT,28-12558::SEACell-47,-6.2724338,6.0361524,PT-S1,CKD
PT,PT,28-12558::SEACell-48,-5.720573,6.5374985,PT-S1,CKD
PT,PT,28-12558::SEACell-5,-2.1078858,3.7560081,PT-S3,CKD
PT,PT,28-12558::SEACell-6,-5.0650554,5.2498016,PT-S1,CKD
PT,PT,28-12558::SEACell-7,-4.870854,5.3191285,PT-S1,CKD
PT,PT,28-12558::SEACell-8,-5.3555417,5.8245296,PT-S1,CKD
PT,PT,28-12558::SEACell-9,-4.8991947,5.378633,PT-S1,CKD
PT,PT,28-12579::SEACell-0,-2.3792515,6.393838,PT-S1,CKD
PT,PT,28-12579::SEACell-1,0.66598904,7.94681,PT-S3,CKD
PT,PT,28-12579::SEACell-10,-0.99086833,14.890832,dPT-S1,CKD
PT,PT,28-12579::SEACell-11,-3.3052306,7.0654364,PT-S1,CKD
PT,PT,28-12579::SEACell-12,-3.6967664,6.443929,PT-S1,CKD
PT,PT,28-12579::SEACell-13,2.130859,11.740694,aPT2,CKD
PT,PT,28-12579::SEACell-14,1.0699146,8.16367,aPT-S3,CKD
PT,PT,28-12579::SEACell-15,-3.127562,7.0379024,PT-S1,CKD
PT,PT,28-12579::SEACell-16,-3.1484647,7.058026,PT-S1,CKD
PT,PT,28-12579::SEACell-17,2.1469915,11.570885,aPT2,CKD
PT,PT,28-12579::SEACell-18,-3.5228484,6.8536277,PT-S1,CKD
PT,PT,28-12579::SEACell-19,-2.3833094,5.0655904,PT-S2,CKD
PT,PT,28-12579::SEACell-2,2.1086457,11.304659,frPT-S3,CKD
PT,PT,28-12579::SEACell-20,-3.159768,6.774068,PT-S2,CKD
PT,PT,28-12579::SEACell-21,-2.2753136,5.3200874,PT-S3,CKD
PT,PT,28-12579::SEACell-22,-4.2822843,7.619165,PT-S1,CKD
PT,PT,28-12579::SEACell-23,-3.6184413,7.002848,PT-S1,CKD
PT,PT,28-12579::SEACell-24,-3.2478101,6.789893,PT-S1,CKD
PT,PT,28-12579::SEACell-25,1.7578831,10.600612,frPT-S1/S2,CKD
PT,PT,28-12579::SEACell-26,-3.087119,5.1479974,PT-S3,CKD
PT,PT,28-12579::SEACell-3,1.07447,8.690111,aPT1,CKD
PT,PT,28-12579::SEACell-4,1.7844206,10.838834,aPT2,CKD
PT,PT,28-12579::SEACell-5,-3.308204,7.063908,PT-S1,CKD
PT,PT,28-12579::SEACell-6,-3.059161,5.4773946,PT-S3,CKD
PT,PT,28-12579::SEACell-7,1.6203402,9.846632,aPT1,CKD
PT,PT,28-12579::SEACell-8,-3.2393458,6.711454,PT-S1,CKD
PT,PT,28-12579::SEACell-9,-0.46513548,15.423397,dPT-S1,CKD
PT,PT,29-10006::SEACell-0,-0.8757168,10.639388,PT-S1,CKD
PT,PT,29-10006::SEACell-1,1.5915451,6.1189966,PT-S1,CKD
PT,PT,29-10008::SEACell-0,2.4633393,6.9574833,aPT1,CKD
PT,PT,29-10008::SEACell-1,0.050543822,3.4288125,PT-S3,CKD
PT,PT,29-10008::SEACell-10,-0.94369125,3.1323404,PT-S3,CKD
PT,PT,29-10008::SEACell-11,-0.79300845,2.7495768,PT-S3,CKD
PT,PT,29-10008::SEACell-12,-0.53840744,4.904118,PT-S1,CKD
PT,PT,29-10008::SEACell-13,0.17703709,3.5535624,PT-S2,CKD
PT,PT,29-10008::SEACell-14,1.9820648,8.399931,frPT-S1/S2,CKD
PT,PT,29-10008::SEACell-15,-0.35473529,2.8563206,PT-S3,CKD
PT,PT,29-10008::SEACell-16,2.2944813,7.274152,frPT-S1/S2,CKD
PT,PT,29-10008::SEACell-17,-0.70865846,3.9288251,PT-S1,CKD
PT,PT,29-10008::SEACell-18,-2.154515,14.693226,dPT-S1,CKD
PT,PT,29-10008::SEACell-19,-0.8966701,2.7465918,PT-S3,CKD
PT,PT,29-10008::SEACell-2,-2.0168464,15.208482,dPT-S1,CKD
PT,PT,29-10008::SEACell-20,-0.67619306,4.8386407,PT-S1,CKD
PT,PT,29-10008::SEACell-21,2.2734866,5.491603,frPT-S1/S2,CKD
PT,PT,29-10008::SEACell-22,2.6656284,6.148891,aPT1,CKD
PT,PT,29-10008::SEACell-23,-2.0362256,15.059236,dPT-S1,CKD
PT,PT,29-10008::SEACell-24,-0.22411998,2.865084,PT-S3,CKD
PT,PT,29-10008::SEACell-3,3.0115316,5.7699738,aPT1,CKD
PT,PT,29-10008::SEACell-4,1.4774225,6.1421022,aPT-S1/S2,CKD
PT,PT,29-10008::SEACell-5,-2.0581846,15.379141,dPT-S1,CKD
PT,PT,29-10008::SEACell-6,0.5665881,2.888067,PT-S3,CKD
PT,PT,29-10008::SEACell-7,-2.0183742,14.219021,dPT-S1,CKD
PT,PT,29-10008::SEACell-8,2.6652591,6.526044,aPT1,CKD
PT,PT,29-10008::SEACell-9,-0.2250522,4.325687,PT-S2,CKD
PT,PT,29-10010::SEACell-0,2.0373156,6.056873,PT-S3,CKD
PT,PT,29-10010::SEACell-1,1.226352,3.5980608,PT-S1,CKD
PT,PT,29-10011::SEACell-0,-1.1822596,12.623536,dPT-S1,CKD
PT,PT,29-10011::SEACell-1,-1.1673654,16.051659,dPT-S1,CKD
PT,PT,29-10011::SEACell-10,2.7570872,6.1894693,frPT-S3,CKD
PT,PT,29-10011::SEACell-11,-1.1512364,16.1062,dPT-S1,CKD
PT,PT,29-10011::SEACell-12,2.1881714,7.2577424,frPT-S1/S2,CKD
PT,PT,29-10011::SEACell-13,-1.4272324,13.271463,dPT-S1,CKD
PT,PT,29-10011::SEACell-14,-1.0541466,5.3115053,PT-S1,CKD
PT,PT,29-10011::SEACell-15,-1.4373394,16.097818,dPT-S1,CKD
PT,PT,29-10011::SEACell-16,0.8929864,5.884925,dPT-S1,CKD
PT,PT,29-10011::SEACell-17,2.5716825,5.648076,aPT-S1/S2,CKD
PT,PT,29-10011::SEACell-18,-0.63169366,5.1468387,dPT-S1,CKD
PT,PT,29-10011::SEACell-19,-0.60344714,4.972515,PT-S1,CKD
PT,PT,29-10011::SEACell-2,2.8206966,3.032047,PT-S1,CKD
PT,PT,29-10011::SEACell-20,-1.1965603,16.16531,dPT-S1,CKD
PT,PT,29-10011::SEACell-21,2.3835669,7.1263623,frPT-S1/S2,CKD
PT,PT,29-10011::SEACell-22,2.9930499,6.169567,aPT1,CKD
PT,PT,29-10011::SEACell-23,2.4941056,6.2245073,aPT-S1/S2,CKD
PT,PT,29-10011::SEACell-24,-1.076149,16.119865,dPT-S1,CKD
PT,PT,29-10011::SEACell-25,-1.1908512,12.869284,dPT-S1,CKD
PT,PT,29-10011::SEACell-26,-1.0029769,16.141262,dPT-S1,CKD
PT,PT,29-10011::SEACell-27,-0.9107443,5.386244,PT-S1,CKD
PT,PT,29-10011::SEACell-28,2.3133051,6.0072746,aPT-S1/S2,CKD
PT,PT,29-10011::SEACell-29,-1.1474696,16.139505,dPT-S1,CKD
PT,PT,29-10011::SEACell-3,2.6280026,6.4671144,aPT1,CKD
PT,PT,29-10011::SEACell-30,-1.2774324,5.26282,PT-S1,CKD
PT,PT,29-10011::SEACell-31,-1.1094393,16.124584,dPT-S1,CKD
PT,PT,29-10011::SEACell-32,-0.6339956,5.167144,PT-S1,CKD
PT,PT,29-10011::SEACell-4,2.0097957,5.6564693,aPT-S1/S2,CKD
PT,PT,29-10011::SEACell-5,2.8771663,6.578272,frPT-S3,CKD
PT,PT,29-10011::SEACell-6,3.7837234,7.1183267,aPT1,CKD
PT,PT,29-10011::SEACell-7,-0.1379852,15.34321,dPT-S1,CKD
PT,PT,29-10011::SEACell-8,-0.93825847,16.141264,dPT-S1,CKD
PT,PT,29-10011::SEACell-9,-0.5438171,4.899762,PT-S2,CKD
PT,PT,29-10012::SEACell-0,2.7744582,7.2021794,aPT1,CKD
PT,PT,29-10012::SEACell-1,2.9143019,6.9912834,frPT-S1/S2,CKD
PT,PT,29-10012::SEACell-10,2.4176338,6.8741684,aPT1,CKD
PT,PT,29-10012::SEACell-11,-1.3323767,3.5982132,PT-S3,CKD
PT,PT,29-10012::SEACell-12,2.9919086,6.838065,frPT-S3,CKD
PT,PT,29-10012::SEACell-13,-1.4234524,3.7270908,PT-S2,CKD
PT,PT,29-10012::SEACell-14,-0.09849032,13.0230255,dPT-S1,CKD
PT,PT,29-10012::SEACell-15,2.9494214,6.680006,frPT-S1/S2,CKD
PT,PT,29-10012::SEACell-16,-1.3232386,4.00677,PT-S2,CKD
PT,PT,29-10012::SEACell-17,2.1934304,7.494082,aPT1,CKD
PT,PT,29-10012::SEACell-18,-0.61470157,15.86035,dPT-S1,CKD
PT,PT,29-10012::SEACell-19,-1.1826173,4.105182,PT-S2,CKD
PT,PT,29-10012::SEACell-2,0.059518408,5.035913,PT-S1,CKD
PT,PT,29-10012::SEACell-21,-0.3152465,3.4639192,PT-S3,CKD
PT,PT,29-10012::SEACell-22,2.2242198,7.112122,aPT1,CKD
PT,PT,29-10012::SEACell-23,2.3099406,7.060335,aPT1,CKD
PT,PT,29-10012::SEACell-24,-0.5394215,5.291308,PT-S1,CKD
PT,PT,29-10012::SEACell-25,-1.5819288,14.510542,dPT-S1,CKD
PT,PT,29-10012::SEACell-26,-1.4195309,15.232602,dPT-S1,CKD
PT,PT,29-10012::SEACell-27,2.4204292,7.325214,frPT-S1/S2,CKD
PT,PT,29-10012::SEACell-28,2.8637311,6.7729955,frPT-S3,CKD
PT,PT,29-10012::SEACell-29,-0.41994402,5.007128,PT-S1,CKD
PT,PT,29-10012::SEACell-3,-0.52497023,5.4330106,PT-S1,CKD
PT,PT,29-10012::SEACell-30,-1.6748838,15.471713,dPT-S1,CKD
PT,PT,29-10012::SEACell-31,-1.0073897,4.091702,PT-S1,CKD
PT,PT,29-10012::SEACell-32,-1.774976,3.980861,PT-S3,CKD
PT,PT,29-10012::SEACell-33,-0.84416276,3.4972587,PT-S3,CKD
PT,PT,29-10012::SEACell-34,-1.1440153,15.055639,dPT-S1,CKD
PT,PT,29-10012::SEACell-35,-0.742997,15.827428,dPT-S1,CKD
PT,PT,29-10012::SEACell-36,3.0137978,6.730043,frPT-S1/S2,CKD
PT,PT,29-10012::SEACell-37,1.1704643,8.982168,dPT-S1,CKD
PT,PT,29-10012::SEACell-4,-1.2251158,15.10832,dPT-S1,CKD
PT,PT,29-10012::SEACell-5,1.5584725,8.4652405,dPT-S1,CKD
PT,PT,29-10012::SEACell-6,-0.3258822,15.474202,dPT-S1,CKD
PT,PT,29-10012::SEACell-7,2.787406,6.899794,frPT-S3,CKD
PT,PT,29-10012::SEACell-8,-1.6059072,3.8696504,PT-S2,CKD
PT,PT,29-10012::SEACell-9,1.601851,8.155398,dPT-S1,CKD
PT,PT,29-10013::SEACell-0,-2.1019344,14.756898,dPT-S1,CKD
PT,PT,29-10013::SEACell-1,3.123237,10.191964,frPT-S3,CKD
PT,PT,29-10013::SEACell-2,-2.8730083,2.9313407,PT-S3,CKD
PT,PT,29-10013::SEACell-3,2.8655264,7.930821,aPT-S3,CKD
PT,PT,29-10013::SEACell-4,-3.0736449,2.7961538,PT-S3,CKD
PT,PT,29-10013::SEACell-5,-2.7671785,2.8957736,PT-S3,CKD
PT,PT,29-10013::SEACell-6,-0.61649173,4.7350283,PT-S1,CKD
PT,PT,29-10013::SEACell-7,-1.9529264,13.56988,dPT-S1,CKD
PT,PT,29-10013::SEACell-8,-1.7902789,14.2323,dPT-S1,CKD
PT,PT,29-10016::SEACell-0,3.330256,5.85236,aPT1,CKD
PT,PT,29-10016::SEACell-1,1.8673552,4.031226,aPT-S3,CKD
PT,PT,29-10016::SEACell-10,0.4817909,3.8679721,PT-S2,CKD
PT,PT,29-10016::SEACell-11,3.3544734,5.734024,frPT-S3,CKD
PT,PT,29-10016::SEACell-12,0.024938352,3.4608915,PT-S3,CKD
PT,PT,29-10016::SEACell-13,3.1974509,5.451961,aPT1,CKD
PT,PT,29-10016::SEACell-14,0.07898889,3.0793116,PT-S3,CKD
PT,PT,29-10016::SEACell-15,0.17206822,4.4254913,PT-S1,CKD
PT,PT,29-10016::SEACell-16,-2.192606,13.791855,dPT-S1,CKD
PT,PT,29-10016::SEACell-17,-2.1039762,14.037191,dPT-S1,CKD
PT,PT,29-10016::SEACell-18,-2.0274384,14.411027,dPT-S1,CKD
PT,PT,29-10016::SEACell-19,-0.30457187,4.479956,PT-S1,CKD
PT,PT,29-10016::SEACell-2,3.3047874,5.7518883,aPT-S3,CKD
PT,PT,29-10016::SEACell-20,-0.4255858,3.0355046,PT-S3,CKD
PT,PT,29-10016::SEACell-21,0.2799265,3.0070417,PT-S3,CKD
PT,PT,29-10016::SEACell-22,-0.40282962,4.602265,PT-S1,CKD
PT,PT,29-10016::SEACell-23,0.34124154,4.24861,PT-S1,CKD
PT,PT,29-10016::SEACell-24,-2.069414,14.736554,dPT-S1,CKD
PT,PT,29-10016::SEACell-25,-1.7484254,14.899596,dPT-S1,CKD
PT,PT,29-10016::SEACell-26,0.66527814,2.973779,PT-S3,CKD
PT,PT,29-10016::SEACell-27,3.014157,5.3045864,aPT-S3,CKD
PT,PT,29-10016::SEACell-28,0.42796084,3.072019,PT-S3,CKD
PT,PT,29-10016::SEACell-29,-2.1838222,14.739347,dPT-S1,CKD
PT,PT,29-10016::SEACell-3,0.40957794,2.9504337,PT-S3,CKD
PT,PT,29-10016::SEACell-30,1.3374939,4.0683985,PT-S1,CKD
PT,PT,29-10016::SEACell-31,3.2605236,5.328831,aPT1,CKD
PT,PT,29-10016::SEACell-32,-0.2629223,3.980072,PT-S2,CKD
PT,PT,29-10016::SEACell-33,-1.7746825,12.772402,dPT-S1,CKD
PT,PT,29-10016::SEACell-34,-1.6897634,14.7946,dPT-S1,CKD
PT,PT,29-10016::SEACell-35,-2.0409825,14.611195,dPT-S1,CKD
PT,PT,29-10016::SEACell-36,3.1654859,5.1785593,aPT1,CKD
PT,PT,29-10016::SEACell-37,-0.43379477,4.6927648,PT-S1,CKD
PT,PT,29-10016::SEACell-39,0.14974497,2.9895241,PT-S3,CKD
PT,PT,29-10016::SEACell-4,3.26175,5.5427155,frPT-S1/S2,CKD
PT,PT,29-10016::SEACell-40,3.232782,6.9331927,frPT-S3,CKD
PT,PT,29-10016::SEACell-41,0.5356473,4.0138035,PT-S1,CKD
PT,PT,29-10016::SEACell-5,-0.26388425,4.6355577,PT-S1,CKD
PT,PT,29-10016::SEACell-6,-4.159106,3.4420173,dPT-S3,CKD
PT,PT,29-10016::SEACell-7,0.029896254,3.7651389,PT-S1,CKD
PT,PT,29-10016::SEACell-8,-2.0617454,14.726465,dPT-S1,CKD
PT,PT,29-10016::SEACell-9,-0.1825407,14.187496,dPT-S1,CKD
PT,PT,29-10276::SEACell-0,2.2522383,4.704503,aPT-S1/S2,CKD
PT,PT,29-10276::SEACell-1,-0.43264928,11.141806,aPT1,CKD
PT,PT,29-10276::SEACell-10,-1.9633058,14.396265,dPT-S1,CKD
PT,PT,29-10276::SEACell-11,-1.774185,13.716605,dPT-S1,CKD
PT,PT,29-10276::SEACell-12,-1.6449044,12.942266,dPT-S1,CKD
PT,PT,29-10276::SEACell-13,-2.240462,13.918607,dPT-S1,CKD
PT,PT,29-10276::SEACell-2,-1.9190223,14.017218,dPT-S1,CKD
PT,PT,29-10276::SEACell-3,0.8855653,3.0818582,PT-S3,CKD
PT,PT,29-10276::SEACell-4,1.1617514,4.147687,PT-S1,CKD
PT,PT,29-10276::SEACell-5,1.2286533,4.0420456,PT-S3,CKD
PT,PT,29-10276::SEACell-6,5.0376835,4.7502766,aPT1,CKD
PT,PT,29-10276::SEACell-7,-1.6848972,12.851794,dPT-S1,CKD
PT,PT,29-10276::SEACell-8,1.0367091,3.1676538,PT-S3,CKD
PT,PT,29-10276::SEACell-9,1.3137175,3.791471,PT-S2,CKD
PT,PT,29-10277::SEACell-0,-2.1636674,14.253255,dPT-S1,CKD
PT,PT,29-10277::SEACell-1,-0.091813445,4.3075967,PT-S1,CKD
PT,PT,29-10277::SEACell-10,2.7985406,7.214241,aPT1,CKD
PT,PT,29-10277::SEACell-11,-0.21215652,4.3560567,PT-S1,CKD
PT,PT,29-10277::SEACell-12,-0.47382534,4.20496,PT-S2,CKD
PT,PT,29-10277::SEACell-13,-1.5912803,13.964046,dPT-S1,CKD
PT,PT,29-10277::SEACell-14,1.1586264,3.6423333,PT-S2,CKD
PT,PT,29-10277::SEACell-15,3.3731015,5.377355,aPT-S3,CKD
PT,PT,29-10277::SEACell-16,2.9240603,6.221798,aPT1,CKD
PT,PT,29-10277::SEACell-17,-1.5861928,3.6466262,PT-S1,CKD
PT,PT,29-10277::SEACell-18,3.1865592,6.7438693,frPT-S1/S2,CKD
PT,PT,29-10277::SEACell-19,3.111724,6.7304444,frPT-S3,CKD
PT,PT,29-10277::SEACell-2,2.480238,7.56046,frPT-S1/S2,CKD
PT,PT,29-10277::SEACell-20,-1.959297,13.959638,dPT-S1,CKD
PT,PT,29-10277::SEACell-21,-0.13833009,4.195901,PT-S1,CKD
PT,PT,29-10277::SEACell-22,-0.93066686,4.535733,PT-S1,CKD
PT,PT,29-10277::SEACell-23,-1.2833685,13.930015,dPT-S1,CKD
PT,PT,29-10277::SEACell-24,-0.44902268,4.812765,PT-S1,CKD
PT,PT,29-10277::SEACell-25,-0.52633417,3.0412765,PT-S2,CKD
PT,PT,29-10277::SEACell-26,-0.80682737,4.8589025,PT-S1,CKD
PT,PT,29-10277::SEACell-27,-1.429051,13.509693,dPT-S1,CKD
PT,PT,29-10277::SEACell-28,3.1913972,5.6916485,frPT-S1/S2,CKD
PT,PT,29-10277::SEACell-3,-0.87343824,3.1028345,PT-S3,CKD
PT,PT,29-10277::SEACell-4,3.4304087,6.083735,frPT-S3,CKD
PT,PT,29-10277::SEACell-5,-2.1720865,14.096596,dPT-S1,CKD
PT,PT,29-10277::SEACell-6,0.14646664,2.9815702,PT-S3,CKD
PT,PT,29-10277::SEACell-7,-0.35543466,10.902099,frPT-S3,CKD
PT,PT,29-10277::SEACell-8,-0.995218,5.011204,PT-S1,CKD
PT,PT,29-10277::SEACell-9,-1.9867736,15.233194,dPT-S1,CKD
PT,PT,29-10280::SEACell-0,2.8731124,6.0107756,frPT-S3,CKD
PT,PT,29-10280::SEACell-1,-1.2353169,13.212788,dPT-S1,CKD
PT,PT,29-10280::SEACell-2,2.1569707,7.6120005,frPT-S1/S2,CKD
PT,PT,29-10280::SEACell-3,0.8566184,4.5475397,PT-S1,CKD
PT,PT,29-10280::SEACell-4,-0.85434717,10.686604,dPT-S1,CKD
PT,PT,29-10280::SEACell-5,0.50461435,4.4701633,PT-S1,CKD
PT,PT,29-10380::SEACell-0,0.5291331,2.4578288,PT-S3,CKD
PT,PT,29-10380::SEACell-1,3.3003328,4.666255,aPT-S1/S2,CKD
PT,PT,29-10380::SEACell-10,0.8831266,2.7053354,PT-S3,CKD
PT,PT,29-10380::SEACell-11,3.6042402,5.520759,frPT-S3,CKD
PT,PT,29-10380::SEACell-12,-1.2729291,2.6132815,PT-S3,CKD
PT,PT,29-10380::SEACell-13,3.4613981,5.069632,aPT-S1/S2,CKD
PT,PT,29-10380::SEACell-14,3.4866517,5.398055,aPT1,CKD
PT,PT,29-10380::SEACell-15,3.58438,5.2828355,aPT1,CKD
PT,PT,29-10380::SEACell-16,-2.0526447,14.720173,dPT-S1,CKD
PT,PT,29-10380::SEACell-17,-0.8530472,2.641203,PT-S3,CKD
PT,PT,29-10380::SEACell-18,-0.04772779,2.3048778,PT-S3,CKD
PT,PT,29-10380::SEACell-19,-1.9161036,15.585396,dPT-S1,CKD
PT,PT,29-10380::SEACell-2,0.11813672,2.5640838,PT-S3,CKD
PT,PT,29-10380::SEACell-20,-2.0208387,14.698316,dPT-S1,CKD
PT,PT,29-10380::SEACell-21,3.4781537,6.056155,aPT1,CKD
PT,PT,29-10380::SEACell-22,2.9485073,5.2329826,aPT-S1/S2,CKD
PT,PT,29-10380::SEACell-23,-2.061591,14.040262,dPT-S1,CKD
PT,PT,29-10380::SEACell-3,0.49452308,4.263408,PT-S1,CKD
PT,PT,29-10380::SEACell-4,0.8681662,4.098875,PT-S2,CKD
PT,PT,29-10380::SEACell-5,-1.5213457,12.840352,dPT-S1,CKD
PT,PT,29-10380::SEACell-6,-0.47086704,2.517458,PT-S3,CKD
PT,PT,29-10380::SEACell-7,-1.8432064,14.319385,dPT-S1,CKD
PT,PT,29-10380::SEACell-8,3.4020448,5.179398,frPT-S1/S2,CKD
PT,PT,29-10380::SEACell-9,3.55037,4.1563616,aPT-S1/S2,CKD
PT,PT,29-10393::mc0,2.9902976,10.033744,aPT1,CKD
PT,PT,29-10395::SEACell-0,-4.8140354,6.29173,PT-S1,CKD
PT,PT,29-10395::SEACell-1,-3.0245228,4.920206,PT-S2,CKD
PT,PT,29-10395::SEACell-2,-3.6881216,5.859752,PT-S1,CKD
PT,PT,29-10395::SEACell-3,-3.928018,5.3566837,PT-S2,CKD
PT,PT,29-10395::SEACell-4,-3.802222,6.2494397,PT-S1,CKD
PT,PT,29-10395::SEACell-5,1.6822963,10.519423,aPT1,CKD
PT,PT,29-10395::SEACell-6,-3.504743,5.4424653,PT-S1,CKD
PT,PT,29-10399::SEACell-0,-2.8564143,4.3851323,PT-S3,CKD
PT,PT,29-10399::SEACell-1,-2.4493716,4.146327,PT-S3,CKD
PT,PT,29-10399::SEACell-10,-3.3650072,5.07945,PT-S1,CKD
PT,PT,29-10399::SEACell-11,-2.0591507,3.9602695,PT-S3,CKD
PT,PT,29-10399::SEACell-12,-3.1202283,5.154119,PT-S2,CKD
PT,PT,29-10399::SEACell-13,-3.0648942,6.475694,dPT-S1,CKD
PT,PT,29-10399::SEACell-14,-2.4409792,4.226628,PT-S3,CKD
PT,PT,29-10399::SEACell-15,-3.5848773,5.8062954,PT-S1,CKD
PT,PT,29-10399::SEACell-16,-2.7258625,6.2088094,aPT1,CKD
PT,PT,29-10399::SEACell-17,-3.752351,5.77537,PT-S1,CKD
PT,PT,29-10399::SEACell-18,-3.7021556,5.7458553,PT-S1,CKD
PT,PT,29-10399::SEACell-19,-3.5938563,5.8768454,PT-S1,CKD
PT,PT,29-10399::SEACell-2,-5.2397895,5.4819403,PT-S1,CKD
PT,PT,29-10399::SEACell-20,-3.286913,5.31263,PT-S2,CKD
PT,PT,29-10399::SEACell-3,-3.1134164,4.6959,PT-S2,CKD
PT,PT,29-10399::SEACell-4,0.5436316,9.049024,aPT2,CKD
PT,PT,29-10399::SEACell-5,-3.6056304,5.0912004,PT-S2,CKD
PT,PT,29-10399::SEACell-6,-3.4630854,5.526133,PT-S1,CKD
PT,PT,29-10399::SEACell-7,-4.6258497,5.692255,PT-S1,CKD
PT,PT,29-10399::SEACell-8,-4.7887626,5.526674,PT-S1,CKD
PT,PT,29-10399::SEACell-9,-2.7502797,4.4380565,PT-S3,CKD
PT,PT,29-10400::SEACell-0,-1.0291076,13.174821,dPT-S1,CKD
PT,PT,29-10400::SEACell-1,-0.76792103,3.0779452,PT-S3,CKD
PT,PT,29-10400::SEACell-10,3.0735214,6.3612657,frPT-S3,CKD
PT,PT,29-10400::SEACell-11,-1.8606559,14.521849,dPT-S1,CKD
PT,PT,29-10400::SEACell-12,1.1002964,6.0653067,PT-S1,CKD
PT,PT,29-10400::SEACell-13,-0.7647851,3.0042875,PT-S3,CKD
PT,PT,29-10400::SEACell-14,0.6358425,3.6245775,PT-S2,CKD
PT,PT,29-10400::SEACell-15,-0.313754,3.3768764,PT-S3,CKD
PT,PT,29-10400::SEACell-16,-1.5910889,5.3204546,dPT-S1,CKD
PT,PT,29-10400::SEACell-17,-2.065817,14.233178,dPT-S1,CKD
PT,PT,29-10400::SEACell-18,-0.6150148,3.0242822,PT-S3,CKD
PT,PT,29-10400::SEACell-19,2.9539766,5.9142375,aPT1,CKD
PT,PT,29-10400::SEACell-2,2.6798468,5.9611006,frPT-S1/S2,CKD
PT,PT,29-10400::SEACell-20,-2.3465936,14.393706,dPT-S3,CKD
PT,PT,29-10400::SEACell-21,-1.6547726,13.069653,dPT-S1,CKD
PT,PT,29-10400::SEACell-22,2.468864,3.9322228,PT-S1,CKD
PT,PT,29-10400::SEACell-23,-1.6840311,13.97891,dPT-S1,CKD
PT,PT,29-10400::SEACell-24,2.7953687,6.5299106,frPT-S1/S2,CKD
PT,PT,29-10400::SEACell-25,-0.6450587,3.0328639,PT-S3,CKD
PT,PT,29-10400::SEACell-3,-0.9954562,3.0744305,PT-S3,CKD
PT,PT,29-10400::SEACell-4,-1.4329253,13.254333,dPT-S1,CKD
PT,PT,29-10400::SEACell-5,2.9356418,6.146312,aPT1,CKD
PT,PT,29-10400::SEACell-6,2.214475,7.4879932,aPT1,CKD
PT,PT,29-10400::SEACell-7,3.1541576,6.678742,frPT-S3,CKD
PT,PT,29-10400::SEACell-8,-0.44870496,3.1200926,PT-S3,CKD
PT,PT,29-10400::SEACell-9,-0.56300735,4.9125557,PT-S1,CKD
PT,PT,29-10401::SEACell-0,0.95422596,3.8470385,PT-S3,CKD
PT,PT,29-10402::SEACell-0,-4.295022,7.255254,PT-S1,CKD
PT,PT,29-10402::SEACell-1,1.663625,10.42538,frPT-S1/S2,CKD
PT,PT,29-10402::SEACell-10,1.6310927,9.524664,aPT-S1/S2,CKD
PT,PT,29-10402::SEACell-11,-2.9559252,7.147378,PT-S1,CKD
PT,PT,29-10402::SEACell-12,1.6542394,10.865762,aPT2,CKD
PT,PT,29-10402::SEACell-13,-2.6094534,7.162677,PT-S1,CKD
PT,PT,29-10402::SEACell-14,1.0332221,8.924271,aPT1,CKD
PT,PT,29-10402::SEACell-15,-2.8302426,7.1970825,PT-S1,CKD
PT,PT,29-10402::SEACell-16,-3.808062,7.1287003,PT-S1,CKD
PT,PT,29-10402::SEACell-17,-2.8690572,7.126772,PT-S1,CKD
PT,PT,29-10402::SEACell-18,1.5191673,9.951228,aPT-S1/S2,CKD
PT,PT,29-10402::SEACell-19,1.6846396,10.834427,frPT-S1/S2,CKD
PT,PT,29-10402::SEACell-2,-2.7454135,7.1789207,PT-S1,CKD
PT,PT,29-10402::SEACell-20,-2.8087785,7.130074,PT-S1,CKD
PT,PT,29-10402::SEACell-21,1.7513587,11.237808,aPT2,CKD
PT,PT,29-10402::SEACell-22,1.904509,11.453461,aPT2,CKD
PT,PT,29-10402::SEACell-23,-3.3693795,7.1070137,PT-S1,CKD
PT,PT,29-10402::SEACell-24,0.8148589,8.757502,aPT-S1/S2,CKD
PT,PT,29-10402::SEACell-25,-4.480739,7.536706,PT-S1,CKD
PT,PT,29-10402::SEACell-26,-2.6904109,7.136637,PT-S1,CKD
PT,PT,29-10402::SEACell-27,1.8385618,11.824391,aPT2,CKD
PT,PT,29-10402::SEACell-28,-3.7771704,6.932112,PT-S1,CKD
PT,PT,29-10402::SEACell-29,1.7489173,10.631154,frPT-S3,CKD
PT,PT,29-10402::SEACell-3,-1.7865237,7.642922,PT-S1,CKD
PT,PT,29-10402::SEACell-30,-2.50754,7.0627937,aPT-S1/S2,CKD
PT,PT,29-10402::SEACell-31,-2.7948632,7.1331744,PT-S1,CKD
PT,PT,29-10402::SEACell-32,-4.300106,7.1014094,PT-S1,CKD
PT,PT,29-10402::SEACell-33,1.739622,11.810133,aPT2,CKD
PT,PT,29-10402::SEACell-4,-4.2692914,7.3142476,PT-S1,CKD
PT,PT,29-10402::SEACell-5,-2.72914,6.936471,PT-S1,CKD
PT,PT,29-10402::SEACell-6,-2.2490199,7.478467,PT-S1,CKD
PT,PT,29-10402::SEACell-7,-2.375944,7.3471837,PT-S1,CKD
PT,PT,29-10402::SEACell-8,-2.6365569,7.0213284,PT-S1,CKD
PT,PT,29-10402::SEACell-9,1.8689518,11.581073,aPT2,CKD
PT,PT,29-10404::SEACell-0,-3.7401154,6.066427,dPT-S1,CKD
PT,PT,29-10404::SEACell-1,-5.7415204,7.1036386,PT-S1,CKD
PT,PT,29-10404::SEACell-10,-5.13654,5.9882226,aPT-S1/S2,CKD
PT,PT,29-10404::SEACell-11,-4.11271,6.496969,PT-S2,CKD
PT,PT,29-10404::SEACell-12,-3.5772676,5.5661526,PT-S2,CKD
PT,PT,29-10404::SEACell-13,-4.62765,6.96624,PT-S1,CKD
PT,PT,29-10404::SEACell-14,-5.823631,7.2215524,PT-S1,CKD
PT,PT,29-10404::SEACell-15,-5.2050705,7.2444367,PT-S1,CKD
PT,PT,29-10404::SEACell-16,-3.3516638,5.009898,PT-S3,CKD
PT,PT,29-10404::SEACell-17,-5.897372,6.5758853,PT-S1,CKD
PT,PT,29-10404::SEACell-18,-4.707661,6.7361,PT-S1,CKD
PT,PT,29-10404::SEACell-19,-5.7640815,7.2584295,PT-S1,CKD
PT,PT,29-10404::SEACell-2,1.982423,12.076829,aPT2,CKD
PT,PT,29-10404::SEACell-20,1.8672163,12.380076,aPT2,CKD
PT,PT,29-10404::SEACell-21,2.1968646,12.020327,aPT2,CKD
PT,PT,29-10404::SEACell-22,-5.7520494,7.0557947,PT-S1,CKD
PT,PT,29-10404::SEACell-23,-5.4921937,7.2121754,PT-S1,CKD
PT,PT,29-10404::SEACell-24,-3.2501118,4.984348,PT-S3,CKD
PT,PT,29-10404::SEACell-25,-4.7553916,6.9714055,PT-S1,CKD
PT,PT,29-10404::SEACell-26,-5.6990657,7.2689486,PT-S1,CKD
PT,PT,29-10404::SEACell-27,1.9807129,12.053274,aPT2,CKD
PT,PT,29-10404::SEACell-28,-5.87913,6.6797023,PT-S1,CKD
PT,PT,29-10404::SEACell-29,-4.2294846,6.6282067,PT-S2,CKD
PT,PT,29-10404::SEACell-3,-4.919717,7.145198,PT-S1,CKD
PT,PT,29-10404::SEACell-4,-5.6766458,7.2141304,PT-S1,CKD
PT,PT,29-10404::SEACell-5,-3.872932,6.349683,PT-S2,CKD
PT,PT,29-10404::SEACell-6,-5.5325723,7.196507,PT-S1,CKD
PT,PT,29-10404::SEACell-7,2.0869918,11.412686,aPT1,CKD
PT,PT,29-10404::SEACell-8,-3.4353096,5.370928,PT-S2,CKD
PT,PT,29-10404::SEACell-9,-5.32263,7.058854,PT-S1,CKD
PT,PT,29-10406::SEACell-0,3.380481,10.630102,frPT-S3,CKD
PT,PT,29-10406::SEACell-1,3.2613068,10.90106,aPT1,CKD
PT,PT,29-10410::SEACell-0,-4.9069448,7.5187836,PT-S1,CKD
PT,PT,29-10410::SEACell-1,2.156668,11.766926,aPT2,CKD
PT,PT,29-10410::SEACell-10,-3.4699078,4.8438363,PT-S3,CKD
PT,PT,29-10410::SEACell-11,2.1263993,11.879562,aPT2,CKD
PT,PT,29-10410::SEACell-2,-3.5261183,5.3664646,PT-S2,CKD
PT,PT,29-10410::SEACell-3,-4.974126,7.378859,PT-S1,CKD
PT,PT,29-10410::SEACell-4,-4.12703,7.2158847,PT-S1,CKD
PT,PT,29-10410::SEACell-5,-2.9913259,6.174397,PT-S1,CKD
PT,PT,29-10410::SEACell-6,-3.3741024,4.811395,PT-S2,CKD
PT,PT,29-10410::SEACell-7,-4.037296,6.4470935,PT-S1,CKD
PT,PT,29-10410::SEACell-8,1.8056097,11.224651,aPT2,CKD
PT,PT,29-10410::SEACell-9,1.4311725,9.440598,aPT-S1/S2,CKD
PT,PT,29-10422::SEACell-0,-4.7653694,6.907954,PT-S1,CKD
PT,PT,29-10422::SEACell-1,0.946537,8.6585245,frPT-S1/S2,CKD
PT,PT,29-10422::SEACell-2,-4.7669716,7.5828314,PT-S1,CKD
PT,PT,29-10422::SEACell-3,-4.2502966,6.9008365,PT-S1,CKD
PT,PT,29-10422::SEACell-4,0.51306427,8.864354,aPT2,CKD
PT,PT,29-10422::SEACell-5,-3.5119293,6.6974874,PT-S1,CKD
PT,PT,29-10422::SEACell-6,-3.113748,6.654405,PT-S1,CKD
PT,PT,29-10422::SEACell-7,-5.44448,6.234086,PT-S1,CKD
PT,PT,29-10422::SEACell-8,-3.7895846,6.655189,PT-S1,CKD
PT,PT,29-10422::SEACell-9,-5.3204675,6.9548144,PT-S1,CKD
PT,PT,29-10439::SEACell-0,-0.25849137,8.523908,PT-S1,CKD
PT,PT,29-10439::SEACell-1,-0.9066674,15.163992,dPT-S1,CKD
PT,PT,29-10439::SEACell-2,-3.3700085,4.7614994,PT-S2,CKD
PT,PT,29-10662::SEACell-0,1.7370265,8.394712,aPT-S3,CKD
PT,PT,29-10662::SEACell-1,-3.7303054,6.8889174,PT-S1,CKD
PT,PT,29-10662::SEACell-10,-4.833524,5.960636,PT-S1,CKD
PT,PT,29-10662::SEACell-11,1.93852,8.939134,aPT1,CKD
PT,PT,29-10662::SEACell-12,-3.5881588,7.0137405,PT-S1,CKD
PT,PT,29-10662::SEACell-13,1.2001731,8.813479,aPT2,CKD
PT,PT,29-10662::SEACell-14,1.6033579,7.6779876,aPT-S3,CKD
PT,PT,29-10662::SEACell-15,-2.7647119,4.618184,PT-S3,CKD
PT,PT,29-10662::SEACell-16,-2.8337748,5.630154,PT-S1,CKD
PT,PT,29-10662::SEACell-17,-3.3925357,6.8603954,PT-S1,CKD
PT,PT,29-10662::SEACell-18,-2.9509912,5.8007197,PT-S1,CKD
PT,PT,29-10662::SEACell-19,1.8646563,8.024838,aPT1,CKD
PT,PT,29-10662::SEACell-2,-3.0549057,5.166834,PT-S3,CKD
PT,PT,29-10662::SEACell-20,-5.532972,5.60689,PT-S1,CKD
PT,PT,29-10662::SEACell-21,-1.0205617,14.710586,dPT-S1,CKD
PT,PT,29-10662::SEACell-22,0.90887517,6.5538883,PT-S2,CKD
PT,PT,29-10662::SEACell-23,-4.3503957,6.2604103,PT-S1,CKD
PT,PT,29-10662::SEACell-24,1.4507818,10.027369,aPT2,CKD
PT,PT,29-10662::SEACell-25,1.2935762,8.670899,frPT-S1/S2,CKD
PT,PT,29-10662::SEACell-26,1.017721,8.930965,aPT2,CKD
PT,PT,29-10662::SEACell-27,-2.8447604,3.668419,PT-S3,CKD
PT,PT,29-10662::SEACell-28,-3.2298858,7.0389953,PT-S1,CKD
PT,PT,29-10662::SEACell-29,-2.7563193,3.469082,PT-S3,CKD
PT,PT,29-10662::SEACell-3,1.4469348,7.5867715,aPT1,CKD
PT,PT,29-10662::SEACell-30,0.38131246,8.82335,PT-S1,CKD
PT,PT,29-10662::SEACell-31,2.0562541,8.721681,frPT-S3,CKD
PT,PT,29-10662::SEACell-32,-3.4174209,5.8272743,PT-S1,CKD
PT,PT,29-10662::SEACell-33,1.9003221,8.571416,aPT1,CKD
PT,PT,29-10662::SEACell-4,1.5300523,7.7819295,aPT-S3,CKD
PT,PT,29-10662::SEACell-5,-3.061096,3.9292145,PT-S3,CKD
PT,PT,29-10662::SEACell-6,1.2882924,7.091315,aPT1,CKD
PT,PT,29-10662::SEACell-7,-3.158117,3.89493,PT-S3,CKD
PT,PT,29-10662::SEACell-8,1.8522067,8.898584,frPT-S3,CKD
PT,PT,29-10662::SEACell-9,1.2205051,8.158353,frPT-S1/S2,CKD
PT,PT,30-10018::SEACell-0,3.148439,6.3227277,aPT1,AKI
PT,PT,30-10018::SEACell-1,3.3968558,6.030691,frPT-S3,AKI
PT,PT,30-10018::SEACell-10,3.2366848,6.3206005,frPT-S3,AKI
PT,PT,30-10018::SEACell-11,3.0245311,6.8641686,aPT1,AKI
PT,PT,30-10018::SEACell-13,2.81136,6.044265,dPT,AKI
PT,PT,30-10018::SEACell-2,0.72537875,8.823444,dPT-S1,AKI
PT,PT,30-10018::SEACell-3,3.012623,6.7896185,aPT1,AKI
PT,PT,30-10018::SEACell-4,3.1555052,6.4337344,frPT-S1/S2,AKI
PT,PT,30-10018::SEACell-5,1.4959593,4.2296243,PT-S3,AKI
PT,PT,30-10018::SEACell-6,-0.49079847,11.125674,dPT-S1,AKI
PT,PT,30-10018::SEACell-7,2.9497583,6.590425,aPT1,AKI
PT,PT,30-10018::SEACell-8,2.0317044,8.547398,dPT-S1,AKI
PT,PT,30-10018::SEACell-9,2.098369,4.952905,PT-S1,AKI
PT,PT,30-10034::SEACell-0,1.956395,7.482884,frPT-S1/S2,AKI
PT,PT,30-10034::SEACell-1,1.3702772,5.745616,PT-S1,AKI
PT,PT,30-10034::SEACell-10,-5.577339,5.401818,PT-S2,AKI
PT,PT,30-10034::SEACell-11,2.010307,5.9275136,aPT1,AKI
PT,PT,30-10034::SEACell-12,1.8234366,7.240685,frPT-S1/S2,AKI
PT,PT,30-10034::SEACell-13,-0.29231513,13.785742,dPT-S1,AKI
PT,PT,30-10034::SEACell-14,2.0850194,6.64905,aPT1,AKI
PT,PT,30-10034::SEACell-15,-4.1158996,5.202584,PT-S2,AKI
PT,PT,30-10034::SEACell-16,0.43309975,5.7319674,PT-S1,AKI
PT,PT,30-10034::SEACell-17,0.067780405,14.149296,dPT-S1,AKI
PT,PT,30-10034::SEACell-18,2.099024,6.12537,frPT-S1/S2,AKI
PT,PT,30-10034::SEACell-19,2.0155606,7.0869327,frPT-S1/S2,AKI
PT,PT,30-10034::SEACell-2,1.0536311,5.5226526,PT-S1,AKI
PT,PT,30-10034::SEACell-20,1.864166,7.465004,frPT-S3,AKI
PT,PT,30-10034::SEACell-21,1.8890265,7.899126,frPT-S3,AKI
PT,PT,30-10034::SEACell-22,1.926402,7.032894,frPT-S1/S2,AKI
PT,PT,30-10034::SEACell-23,-0.3517215,15.289918,dPT-S1,AKI
PT,PT,30-10034::SEACell-24,1.8919632,6.0031085,frPT-S1/S2,AKI
PT,PT,30-10034::SEACell-25,1.7945509,7.343824,aPT-S1/S2,AKI
PT,PT,30-10034::SEACell-3,1.0376391,5.6991735,PT-S1,AKI
PT,PT,30-10034::SEACell-4,2.2407737,7.3266783,frPT-S1/S2,AKI
PT,PT,30-10034::SEACell-5,1.9137622,5.812459,aPT-S1/S2,AKI
PT,PT,30-10034::SEACell-6,0.1534569,6.1330314,PT-S1,AKI
PT,PT,30-10034::SEACell-7,1.0846492,8.702263,aPT-S1/S2,AKI
PT,PT,30-10034::SEACell-8,0.99961406,6.634549,PT-S1,AKI
PT,PT,30-10034::SEACell-9,-4.553432,5.9798446,PT-S1,AKI
PT,PT,30-10044::SEACell-0,-1.0554887,3.0389423,PT-S3,AKI
PT,PT,30-10044::SEACell-1,-1.1389936,11.938832,dPT-S1,AKI
PT,PT,30-10044::SEACell-2,-1.6163092,13.026656,dPT-S1,AKI
PT,PT,30-10044::SEACell-3,0.8364532,3.011885,PT-S3,AKI
PT,PT,30-10044::SEACell-5,2.642644,4.570075,PT-S3,AKI
PT,PT,30-10044::SEACell-6,-0.8054069,2.850908,PT-S1,AKI
PT,PT,30-10044::SEACell-7,1.1494896,3.185618,PT-S3,AKI
PT,PT,30-10044::SEACell-8,0.65099794,4.074285,PT-S1,AKI
PT,PT,30-10044::SEACell-9,1.3694512,3.4593012,PT-S3,AKI
PT,PT,30-10125::SEACell-0,0.31923065,9.896406,aPT2,AKI
PT,PT,30-10125::SEACell-1,-0.6526906,8.6694355,aPT-S1/S2,AKI
PT,PT,30-10125::SEACell-10,-2.1032927,9.091571,PT-S1,AKI
PT,PT,30-10125::SEACell-2,-0.3812212,9.100854,PT-S1,AKI
PT,PT,30-10125::SEACell-3,-0.74390626,8.10965,aPT-S1/S2,AKI
PT,PT,30-10125::SEACell-4,-1.3486668,7.5265036,PT-S1,AKI
PT,PT,30-10125::SEACell-5,1.4687577,9.858725,frPT-S1/S2,AKI
PT,PT,30-10125::SEACell-6,-0.16979061,9.5616,aPT2,AKI
PT,PT,30-10125::SEACell-7,-0.5998442,8.9523,PT-S1,AKI
PT,PT,30-10125::SEACell-8,-0.40355876,8.139398,aPT-S1/S2,AKI
PT,PT,30-10125::SEACell-9,-0.8002381,8.752871,aPT-S1/S2,AKI
PT,PT,30-10631::SEACell-0,-0.30780932,15.779227,dPT-S1,AKI
PT,PT,30-10631::SEACell-1,-0.23092398,15.592661,dPT-S1,AKI
PT,PT,30-10631::SEACell-10,-3.5089335,6.1110826,PT-S1,AKI
PT,PT,30-10631::SEACell-100,-0.6052015,15.004216,dPT-S1,AKI
PT,PT,30-10631::SEACell-101,-0.17237361,15.601399,dPT-S1,AKI
PT,PT,30-10631::SEACell-102,-2.9148123,4.566602,PT-S3,AKI
PT,PT,30-10631::SEACell-103,-0.3663867,15.937923,dPT-S1,AKI
PT,PT,30-10631::SEACell-104,2.2795851,8.541319,frPT-S3,AKI
PT,PT,30-10631::SEACell-105,2.7883048,7.225165,frPT-S3,AKI
PT,PT,30-10631::SEACell-106,2.480419,3.3997648,PT-S1,AKI
PT,PT,30-10631::SEACell-107,-3.1182997,5.2021804,PT-S2,AKI
PT,PT,30-10631::SEACell-108,-2.9552133,4.6512575,PT-S2,AKI
PT,PT,30-10631::SEACell-11,0.07847452,15.354689,dPT-S1,AKI
PT,PT,30-10631::SEACell-13,2.7132049,6.0683346,aPT-S1/S2,AKI
PT,PT,30-10631::SEACell-14,-0.28464696,15.860662,dPT-S1,AKI
PT,PT,30-10631::SEACell-15,-3.772703,6.41054,PT-S1,AKI
PT,PT,30-10631::SEACell-16,-0.2627435,15.514752,dPT-S1,AKI
PT,PT,30-10631::SEACell-17,1.9921292,10.067556,dPT-S1,AKI
PT,PT,30-10631::SEACell-18,3.0437708,6.4001274,aPT1,AKI
PT,PT,30-10631::SEACell-19,2.7591002,6.5012584,aPT1,AKI
PT,PT,30-10631::SEACell-2,-0.37672254,15.846422,dPT-S1,AKI
PT,PT,30-10631::SEACell-20,-3.599087,6.660052,PT-S1,AKI
PT,PT,30-10631::SEACell-21,-0.4878755,15.245619,dPT-S1,AKI
PT,PT,30-10631::SEACell-22,-0.7398779,5.180839,PT-S2,AKI
PT,PT,30-10631::SEACell-23,-0.32447997,15.361651,dPT-S1,AKI
PT,PT,30-10631::SEACell-24,-0.36296442,15.159051,dPT-S1,AKI
PT,PT,30-10631::SEACell-25,-0.7971403,14.56353,dPT-S1,AKI
PT,PT,30-10631::SEACell-26,2.2815907,7.092694,aPT1,AKI
PT,PT,30-10631::SEACell-27,-0.8407859,14.254128,dPT-S1,AKI
PT,PT,30-10631::SEACell-28,-0.21975002,15.529514,dPT-S1,AKI
PT,PT,30-10631::SEACell-29,2.7776074,6.756701,frPT-S3,AKI
PT,PT,30-10631::SEACell-3,-0.80100346,14.385237,dPT-S1,AKI
PT,PT,30-10631::SEACell-30,-3.2517748,6.1569505,PT-S2,AKI
PT,PT,30-10631::SEACell-31,-3.338491,6.208868,PT-S2,AKI
PT,PT,30-10631::SEACell-32,-3.5687938,6.2902136,PT-S1,AKI
PT,PT,30-10631::SEACell-33,2.0915663,9.560511,frPT-S3,AKI
PT,PT,30-10631::SEACell-34,-3.3283327,6.5532646,dPT-S1,AKI
PT,PT,30-10631::SEACell-35,2.8345068,6.8020453,frPT-S1/S2,AKI
PT,PT,30-10631::SEACell-36,-0.4659036,15.885703,dPT-S1,AKI
PT,PT,30-10631::SEACell-37,-0.62373924,3.4822264,PT-S2,AKI
PT,PT,30-10631::SEACell-38,2.7502587,6.758822,frPT-S3,AKI
PT,PT,30-10631::SEACell-39,-3.4204879,6.7235065,PT-S1,AKI
PT,PT,30-10631::SEACell-4,3.0178766,6.320921,PT-S1,AKI
PT,PT,30-10631::SEACell-40,-0.27585387,5.707782,PT-S1,AKI
PT,PT,30-10631::SEACell-41,-1.0345398,3.5223238,PT-S2,AKI
PT,PT,30-10631::SEACell-42,2.6524785,7.0353775,frPT-S1/S2,AKI
PT,PT,30-10631::SEACell-43,-0.26307946,15.858448,dPT-S1,AKI
PT,PT,30-10631::SEACell-44,2.1124299,9.1644125,frPT-S3,AKI
PT,PT,30-10631::SEACell-45,-3.0627687,4.948252,PT-S2,AKI
PT,PT,30-10631::SEACell-46,2.965321,4.0042114,PT-S1,AKI
PT,PT,30-10631::SEACell-47,2.5200953,3.5269892,PT-S1,AKI
PT,PT,30-10631::SEACell-48,1.8751137,8.334869,frPT-S1/S2,AKI
PT,PT,30-10631::SEACell-49,1.9789548,9.577414,aPT2,AKI
PT,PT,30-10631::SEACell-5,2.733192,6.5680437,frPT-S1/S2,AKI
PT,PT,30-10631::SEACell-50,2.4202998,7.7791615,frPT-S1/S2,AKI
PT,PT,30-10631::SEACell-51,-2.9288247,4.9155602,PT-S3,AKI
PT,PT,30-10631::SEACell-52,-3.0980718,4.704955,dPT-S3,AKI
PT,PT,30-10631::SEACell-53,2.7452462,6.5897064,frPT-S1/S2,AKI
PT,PT,30-10631::SEACell-54,-0.24737123,15.572685,dPT-S1,AKI
PT,PT,30-10631::SEACell-55,-0.0788053,15.572353,dPT-S1,AKI
PT,PT,30-10631::SEACell-56,-3.6027172,6.7198234,PT-S1,AKI
PT,PT,30-10631::SEACell-57,-0.26971364,15.447818,dPT-S1,AKI
PT,PT,30-10631::SEACell-58,2.1070802,5.8660526,aPT-S1/S2,AKI
PT,PT,30-10631::SEACell-59,1.927377,7.976696,frPT-S1/S2,AKI
PT,PT,30-10631::SEACell-6,-0.22575341,15.458265,dPT-S1,AKI
PT,PT,30-10631::SEACell-60,2.2283332,3.361261,PT-S2,AKI
PT,PT,30-10631::SEACell-61,-0.2667555,15.333655,dPT-S1,AKI
PT,PT,30-10631::SEACell-62,-0.3085054,5.3812747,PT-S2,AKI
PT,PT,30-10631::SEACell-63,-0.51314384,15.198283,dPT-S1,AKI
PT,PT,30-10631::SEACell-64,2.0873778,9.3064785,frPT-S3,AKI
PT,PT,30-10631::SEACell-65,-2.9624846,4.596328,PT-S3,AKI
PT,PT,30-10631::SEACell-66,-3.231387,6.30488,PT-S2,AKI
PT,PT,30-10631::SEACell-67,2.140181,3.7592611,PT-S1,AKI
PT,PT,30-10631::SEACell-69,-3.160205,5.785721,PT-S2,AKI
PT,PT,30-10631::SEACell-7,-3.4049914,6.15882,PT-S2,AKI
PT,PT,30-10631::SEACell-70,-2.9177616,4.8432136,PT-S2,AKI
PT,PT,30-10631::SEACell-71,-0.08954222,15.447838,dPT-S1,AKI
PT,PT,30-10631::SEACell-72,2.3450274,8.249061,dPT-S1,AKI
PT,PT,30-10631::SEACell-73,2.7537072,6.9746003,aPT1,AKI
PT,PT,30-10631::SEACell-74,-3.0821362,6.11222,PT-S2,AKI
PT,PT,30-10631::SEACell-75,2.7179182,6.8643403,frPT-S3,AKI
PT,PT,30-10631::SEACell-76,-0.34844396,15.952031,dPT-S1,AKI
PT,PT,30-10631::SEACell-77,-0.16128987,15.440136,dPT-S1,AKI
PT,PT,30-10631::SEACell-78,2.5136094,3.224018,PT-S2,AKI
PT,PT,30-10631::SEACell-79,-1.8456243,5.6503587,PT-S1,AKI
PT,PT,30-10631::SEACell-8,-0.4947615,15.489624,dPT-S1,AKI
PT,PT,30-10631::SEACell-80,-0.13926801,15.377564,dPT-S1,AKI
PT,PT,30-10631::SEACell-81,-0.2938822,15.631386,dPT-S1,AKI
PT,PT,30-10631::SEACell-82,-3.2252805,6.4005604,dPT-S1,AKI
PT,PT,30-10631::SEACell-83,-0.24227248,15.760703,dPT-S1,AKI
PT,PT,30-10631::SEACell-84,-0.63844556,14.912618,dPT-S1,AKI
PT,PT,30-10631::SEACell-85,-3.7468202,6.816805,PT-S1,AKI
PT,PT,30-10631::SEACell-86,-0.16237329,15.273554,dPT-S1,AKI
PT,PT,30-10631::SEACell-87,-3.147116,6.041842,PT-S2,AKI
PT,PT,30-10631::SEACell-88,2.8108702,6.9549303,frPT-S3,AKI
PT,PT,30-10631::SEACell-89,-0.3667132,15.419149,dPT-S1,AKI
PT,PT,30-10631::SEACell-9,-3.4422817,6.475641,PT-S1,AKI
PT,PT,30-10631::SEACell-90,-2.8424218,4.5938716,PT-S2,AKI
PT,PT,30-10631::SEACell-91,1.9684608,11.300212,aPT2,AKI
PT,PT,30-10631::SEACell-92,2.7080214,6.713815,frPT-S3,AKI
PT,PT,30-10631::SEACell-93,-3.2980707,5.927071,PT-S2,AKI
PT,PT,30-10631::SEACell-94,-1.1884296,3.5399225,PT-S3,AKI
PT,PT,30-10631::SEACell-95,-3.3077955,6.467655,dPT-S1,AKI
PT,PT,30-10631::SEACell-96,-0.7323109,11.554842,PT-S1,AKI
PT,PT,30-10631::SEACell-97,-0.27123898,3.4161062,PT-S3,AKI
PT,PT,30-10631::SEACell-98,1.873895,9.1205225,aPT2,AKI
PT,PT,30-10631::SEACell-99,2.925833,6.312383,frPT-S1/S2,AKI
PT,PT,30-10868::SEACell-0,2.1910474,11.231701,aPT1,AKI
PT,PT,30-10868::SEACell-1,0.72257864,12.231369,PT-S1,AKI
PT,PT,30-10868::SEACell-10,-2.373374,9.33035,PT-S1,AKI
PT,PT,30-10868::SEACell-11,-0.99897414,9.227065,dPT-S1,AKI
PT,PT,30-10868::SEACell-12,-2.5815492,9.455723,PT-S1,AKI
PT,PT,30-10868::SEACell-2,2.3285651,11.564514,aPT2,AKI
PT,PT,30-10868::SEACell-3,1.9460348,10.732226,frPT-S1/S2,AKI
PT,PT,30-10868::SEACell-4,2.2951035,11.431705,aPT1,AKI
PT,PT,30-10868::SEACell-5,-2.7040906,7.135132,PT-S2,AKI
PT,PT,30-10868::SEACell-6,-0.89729357,9.326736,aPT-S1/S2,AKI
PT,PT,30-10868::SEACell-7,-1.9414545,9.339383,PT-S1,AKI
PT,PT,30-10868::SEACell-8,2.12098,11.709886,aPT2,AKI
PT,PT,30-10868::SEACell-9,2.2974796,11.497834,aPT2,AKI
PT,PT,30-10929::SEACell-0,0.05113574,6.23466,PT-S1,AKI
PT,PT,30-10929::SEACell-1,2.118773,6.9751735,frPT-S1/S2,AKI
PT,PT,30-10929::SEACell-10,-0.9554623,13.790667,dPT-S1,AKI
PT,PT,30-10929::SEACell-11,-2.8041623,5.993924,PT-S1,AKI
PT,PT,30-10929::SEACell-12,0.23142514,5.1904645,PT-S1,AKI
PT,PT,30-10929::SEACell-13,-1.9186476,4.690518,PT-S3,AKI
PT,PT,30-10929::SEACell-14,-1.869069,5.0649753,PT-S2,AKI
PT,PT,30-10929::SEACell-15,2.2027917,7.9531784,aPT1,AKI
PT,PT,30-10929::SEACell-16,1.9677796,7.7416325,aPT1,AKI
PT,PT,30-10929::SEACell-17,-2.1749983,4.9553175,PT-S1,AKI
PT,PT,30-10929::SEACell-18,-0.5567014,5.6078405,PT-S1,AKI
PT,PT,30-10929::SEACell-19,-2.4342508,5.303737,dPT-S1,AKI
PT,PT,30-10929::SEACell-2,0.3887852,5.2160707,PT-S1,AKI
PT,PT,30-10929::SEACell-20,2.0803347,7.860103,frPT-S1/S2,AKI
PT,PT,30-10929::SEACell-21,2.0796583,8.153044,aPT1,AKI
PT,PT,30-10929::SEACell-22,1.8998874,9.074592,aPT2,AKI
PT,PT,30-10929::SEACell-23,1.3754448,6.911496,aPT-S1/S2,AKI
PT,PT,30-10929::SEACell-24,1.600253,7.3918753,PT-S1,AKI
PT,PT,30-10929::SEACell-25,1.9367393,8.268906,frPT-S1/S2,AKI
PT,PT,30-10929::SEACell-26,1.8098401,8.071523,aPT-S1/S2,AKI
PT,PT,30-10929::SEACell-27,1.9231722,8.391272,frPT-S1/S2,AKI
PT,PT,30-10929::SEACell-28,1.9180554,9.676259,frPT-S1/S2,AKI
PT,PT,30-10929::SEACell-29,-2.4572575,4.912941,PT-S3,AKI
PT,PT,30-10929::SEACell-3,2.1665595,7.8628807,aPT1,AKI
PT,PT,30-10929::SEACell-31,-1.6999356,4.5023527,PT-S2,AKI
PT,PT,30-10929::SEACell-32,-1.9208654,4.693535,PT-S3,AKI
PT,PT,30-10929::SEACell-33,1.9156481,8.054556,frPT-S1/S2,AKI
PT,PT,30-10929::SEACell-4,-1.6466426,4.285745,PT-S3,AKI
PT,PT,30-10929::SEACell-5,1.8722044,9.305918,frPT-S1/S2,AKI
PT,PT,30-10929::SEACell-6,-0.1800311,5.6650553,PT-S1,AKI
PT,PT,30-10929::SEACell-7,-0.15853763,5.7722235,PT-S2,AKI
PT,PT,30-10929::SEACell-8,1.8367565,8.4223,frPT-S1/S2,AKI
PT,PT,30-10929::SEACell-9,0.42287874,5.350901,PT-S1,AKI
PT,PT,30-11051::SEACell-0,-2.8847864,4.9070077,PT-S3,AKI
PT,PT,30-11051::SEACell-1,-3.362481,7.4277782,PT-S1,AKI
PT,PT,30-11051::SEACell-2,-3.1921456,7.4438252,PT-S1,AKI
PT,PT,30-11051::SEACell-3,-3.77042,8.328993,PT-S1,AKI
PT,PT,30-11051::SEACell-4,-2.3659651,8.033986,PT-S1,AKI
PT,PT,30-11051::SEACell-5,-4.095179,8.383099,PT-S1,AKI
PT,PT,30-11080::SEACell-0,-4.2988477,8.0595455,PT-S1,AKI
PT,PT,30-11080::SEACell-1,-4.6425786,7.7338285,PT-S1,AKI
PT,PT,30-11080::SEACell-2,0.6280187,8.52935,frPT-S1/S2,AKI
PT,PT,30-11080::SEACell-3,1.7046442,12.319997,aPT2,AKI
PT,PT,30-11080::SEACell-4,-2.5430543,4.4437485,PT-S3,AKI
PT,PT,30-11080::SEACell-5,-4.541425,7.475319,PT-S1,AKI
PT,PT,30-11080::SEACell-6,-2.2303083,6.181751,PT-S1,AKI
PT,PT,30-11081::SEACell-0,-2.5426626,7.480711,PT-S1,AKI
PT,PT,30-11081::SEACell-1,1.2591093,11.30515,aPT-S1/S2,AKI
PT,PT,30-11081::SEACell-2,-2.2127805,5.5750794,PT-S3,AKI
PT,PT,30-11081::SEACell-3,-2.2789316,5.4415436,PT-S2,AKI
PT,PT,30-11081::SEACell-4,1.4902706,10.67829,PT-S2,AKI
PT,PT,30-11084::SEACell-0,-3.7226756,-2.4229486,PT-S1,AKI
PT,PT,30-11084::SEACell-1,-3.448854,-4.21583,PT-S1,AKI
PT,PT,30-11084::SEACell-10,-3.3373613,-4.0626373,PT-S1,AKI
PT,PT,30-11084::SEACell-11,-3.9811718,-2.460067,PT-S1,AKI
PT,PT,30-11084::SEACell-12,-3.9099786,-1.9330682,PT-S1,AKI
PT,PT,30-11084::SEACell-13,-4.2047687,-2.3049583,PT-S1,AKI
PT,PT,30-11084::SEACell-14,2.0747316,11.528016,frPT-S3,AKI
PT,PT,30-11084::SEACell-15,-4.0570045,-2.0556111,PT-S1,AKI
PT,PT,30-11084::SEACell-16,-3.8649054,-2.627824,PT-S1,AKI
PT,PT,30-11084::SEACell-17,-3.7152622,-3.5967896,PT-S1,AKI
PT,PT,30-11084::SEACell-18,-3.3457403,-4.2069755,PT-S1,AKI
PT,PT,30-11084::SEACell-19,2.154407,11.499822,aPT2,AKI
PT,PT,30-11084::SEACell-2,-3.9947567,-2.803225,PT-S1,AKI
PT,PT,30-11084::SEACell-20,-3.8357086,-1.7714494,PT-S2,AKI
PT,PT,30-11084::SEACell-21,-3.9028811,-3.310319,PT-S1,AKI
PT,PT,30-11084::SEACell-22,-4.556139,0.32591665,PT-S3,AKI
PT,PT,30-11084::SEACell-23,-3.8722613,-3.6262124,PT-S1,AKI
PT,PT,30-11084::SEACell-24,1.9288716,11.876104,aPT2,AKI
PT,PT,30-11084::SEACell-25,-4.6160345,1.1337839,PT-S3,AKI
PT,PT,30-11084::SEACell-26,2.0578196,11.075578,frPT-S1/S2,AKI
PT,PT,30-11084::SEACell-27,-3.3803103,-3.9306405,PT-S1,AKI
PT,PT,30-11084::SEACell-28,-4.595125,-2.3964036,dPT-S1,AKI
PT,PT,30-11084::SEACell-29,-3.851333,-2.112126,PT-S1,AKI
PT,PT,30-11084::SEACell-3,-3.5864992,-1.7524132,PT-S2,AKI
PT,PT,30-11084::SEACell-30,-4.1390576,-2.366095,PT-S2,AKI
PT,PT,30-11084::SEACell-31,-3.7305424,-1.9019364,PT-S1,AKI
PT,PT,30-11084::SEACell-32,1.7936873,10.090248,aPT1,AKI
PT,PT,30-11084::SEACell-4,-4.443984,0.24784352,PT-S3,AKI
PT,PT,30-11084::SEACell-5,-3.5344675,-4.199157,PT-S1,AKI
PT,PT,30-11084::SEACell-6,-3.3727627,-4.2956843,PT-S1,AKI
PT,PT,30-11084::SEACell-7,-4.215011,-0.32698745,PT-S3,AKI
PT,PT,30-11084::SEACell-8,-4.0271444,-2.163421,PT-S2,AKI
PT,PT,30-11084::SEACell-9,-4.2126813,-2.4714293,dPT-S1,AKI
PT,PT,31-10000::SEACell-0,-2.110301,2.8267565,PT-S3,CKD
PT,PT,31-10000::SEACell-1,-1.5217437,3.9713814,PT-S1,CKD
PT,PT,31-10000::SEACell-10,3.3153589,7.372719,frPT-S3,CKD
PT,PT,31-10000::SEACell-11,-1.9226952,2.8976965,PT-S3,CKD
PT,PT,31-10000::SEACell-12,2.8739927,7.396649,aPT-S1/S2,CKD
PT,PT,31-10000::SEACell-13,-2.9337142,2.7251015,dPT-S3,CKD
PT,PT,31-10000::SEACell-14,-1.1021514,15.711369,dPT-S1,CKD
PT,PT,31-10000::SEACell-15,-1.2765346,2.975796,PT-S3,CKD
PT,PT,31-10000::SEACell-16,3.3416395,7.350254,frPT-S3,CKD
PT,PT,31-10000::SEACell-17,-1.7274154,3.0811424,PT-S3,CKD
PT,PT,31-10000::SEACell-18,3.2056327,7.3420305,frPT-S3,CKD
PT,PT,31-10000::SEACell-19,-2.2485263,2.8718536,PT-S3,CKD
PT,PT,31-10000::SEACell-2,-1.4282457,15.069221,dPT-S1,CKD
PT,PT,31-10000::SEACell-3,-0.77817756,15.658818,dPT-S1,CKD
PT,PT,31-10000::SEACell-4,2.6431024,7.737673,aPT-S3,CKD
PT,PT,31-10000::SEACell-5,2.8353467,7.7329493,aPT1,CKD
PT,PT,31-10000::SEACell-6,2.9229534,7.194474,aPT1,CKD
PT,PT,31-10000::SEACell-7,-1.8419679,2.855558,PT-S3,CKD
PT,PT,31-10000::SEACell-8,-1.8491527,15.413413,dPT-S1,CKD
PT,PT,31-10000::SEACell-9,-1.5993688,15.095051,dPT-S1,CKD
PT,PT,31-10001::SEACell-0,3.6945155,7.5443177,frPT-S3,CKD
PT,PT,31-10001::SEACell-1,1.1496913,6.1423597,PT-S1,CKD
PT,PT,31-10001::SEACell-10,-2.0856879,5.385147,PT-S1,CKD
PT,PT,31-10001::SEACell-11,2.8644216,6.5427837,frPT-S1/S2,CKD
PT,PT,31-10001::SEACell-12,0.42997098,4.4794164,PT-S1,CKD
PT,PT,31-10001::SEACell-2,-1.0990838,4.2715306,PT-S2,CKD
PT,PT,31-10001::SEACell-3,-1.6194152,15.274913,dPT-S1,CKD
PT,PT,31-10001::SEACell-4,0.43469632,3.6672194,PT-S2,CKD
PT,PT,31-10001::SEACell-5,-1.929112,14.721316,dPT-S1,CKD
PT,PT,31-10001::SEACell-6,-0.3681941,4.8933554,PT-S1,CKD
PT,PT,31-10001::SEACell-7,0.26975584,3.2377808,PT-S3,CKD
PT,PT,31-10001::SEACell-8,-1.8863295,14.052517,dPT-S1,CKD
PT,PT,31-10001::SEACell-9,-1.5537211,15.540956,dPT-S1,CKD
PT,PT,31-10006::SEACell-0,2.4643002,8.462464,aPT1,CKD
PT,PT,31-10006::SEACell-1,-3.370243,3.5706978,dPT-S1,CKD
PT,PT,31-10006::SEACell-2,3.2310019,10.803283,aPT-S3,CKD
PT,PT,31-10006::SEACell-3,-3.0498157,3.274064,PT-S3,CKD
PT,PT,31-10006::SEACell-4,-3.1498005,3.1912737,PT-S3,CKD
PT,PT,31-10006::SEACell-5,2.7332447,8.614022,aPT1,CKD
PT,PT,31-10013::SEACell-0,3.3907914,7.7982335,aPT-S3,CKD
PT,PT,31-10013::SEACell-1,-3.224873,5.9853096,PT-S1,CKD
PT,PT,31-10013::SEACell-10,-1.5978782,14.754696,dPT-S1,CKD
PT,PT,31-10013::SEACell-11,-2.372668,2.8912997,PT-S3,CKD
PT,PT,31-10013::SEACell-12,-3.764343,3.0263495,PT-S3,CKD
PT,PT,31-10013::SEACell-13,-3.6415908,4.8397346,PT-S1,CKD
PT,PT,31-10013::SEACell-14,-1.7386669,15.125472,dPT-S1,CKD
PT,PT,31-10013::SEACell-15,-1.5617603,4.120353,PT-S2,CKD
PT,PT,31-10013::SEACell-16,2.5884073,7.4055724,aPT1,CKD
PT,PT,31-10013::SEACell-17,-3.552243,2.8534784,PT-S3,CKD
PT,PT,31-10013::SEACell-18,-2.5193887,2.840436,PT-S3,CKD
PT,PT,31-10013::SEACell-19,-1.1003292,15.091692,dPT-S1,CKD
PT,PT,31-10013::SEACell-2,-1.2402195,3.4998872,PT-S3,CKD
PT,PT,31-10013::SEACell-20,-1.7401524,14.620087,dPT-S1,CKD
PT,PT,31-10013::SEACell-21,-1.234646,15.191124,dPT-S1,CKD
PT,PT,31-10013::SEACell-3,-5.3854194,1.9429913,PT-S1,CKD
PT,PT,31-10013::SEACell-4,3.556966,7.9737115,frPT-S3,CKD
PT,PT,31-10013::SEACell-5,-3.1383188,4.5152693,PT-S2,CKD
PT,PT,31-10013::SEACell-6,-1.2305789,15.00848,dPT-S1,CKD
PT,PT,31-10013::SEACell-7,-2.6755443,2.836087,PT-S3,CKD
PT,PT,31-10013::SEACell-8,-0.738106,15.710648,dPT-S1,CKD
PT,PT,31-10013::SEACell-9,-1.2237504,14.510484,dPT-S1,CKD
PT,PT,31-10035::SEACell-0,-1.0549015,11.02707,PT-S1,CKD
PT,PT,31-10035::SEACell-1,1.4125345,4.475277,PT-S1,CKD
PT,PT,31-10035::SEACell-10,-0.44523114,11.06393,aPT1,CKD
PT,PT,31-10035::SEACell-12,1.524929,4.439018,PT-S1,CKD
PT,PT,31-10035::SEACell-13,-0.40807202,11.134813,PT-S1,CKD
PT,PT,31-10035::SEACell-14,-0.41256192,11.093727,aPT1,CKD
PT,PT,31-10035::SEACell-15,-0.8352189,12.366587,dPT-S1,CKD
PT,PT,31-10035::SEACell-17,-0.61960447,10.735262,PT-S1,CKD
PT,PT,31-10035::SEACell-18,1.4304782,4.3022456,PT-S1,CKD
PT,PT,31-10035::SEACell-19,-0.4751668,10.551293,aPT1,CKD
PT,PT,31-10035::SEACell-2,1.4455528,4.5087156,PT-S1,CKD
PT,PT,31-10035::SEACell-20,-0.3644791,10.522744,aPT1,CKD
PT,PT,31-10035::SEACell-21,-0.5700364,11.035534,PT-S1,CKD
PT,PT,31-10035::SEACell-22,-0.47633547,10.946859,aPT1,CKD
PT,PT,31-10035::SEACell-23,1.3289853,4.35634,PT-S1,CKD
PT,PT,31-10035::SEACell-24,-0.50322384,11.357329,aPT1,CKD
PT,PT,31-10035::SEACell-26,1.4290986,4.384418,PT-S1,CKD
PT,PT,31-10035::SEACell-3,1.3984549,4.4839597,PT-S1,CKD
PT,PT,31-10035::SEACell-32,1.4547657,4.441973,PT-S1,CKD
PT,PT,31-10035::SEACell-33,-0.6106823,11.112764,PT-S2,CKD
PT,PT,31-10035::SEACell-35,2.6410177,4.8310924,frPT-S1/S2,CKD
PT,PT,31-10035::SEACell-39,1.0180815,4.2683396,PT-S1,CKD
PT,PT,31-10035::SEACell-41,1.4062904,4.417132,PT-S1,CKD
PT,PT,31-10035::SEACell-42,1.6288047,4.540343,aPT1,CKD
PT,PT,31-10035::SEACell-45,1.367625,4.374181,PT-S1,CKD
PT,PT,31-10035::SEACell-5,1.9356599,4.5330524,frPT-S1/S2,CKD
PT,PT,31-10035::SEACell-50,2.2480373,4.750326,aPT1,CKD
PT,PT,31-10035::SEACell-51,1.5060706,4.377555,PT-S1,CKD
PT,PT,31-10035::SEACell-54,1.4485952,4.4454136,PT-S1,CKD
PT,PT,31-10035::SEACell-55,1.4790682,4.5826907,PT-S1,CKD
PT,PT,31-10035::SEACell-58,-0.3592056,11.128465,PT-S1,CKD
PT,PT,31-10035::SEACell-62,-0.5236933,10.804397,PT-S1,CKD
PT,PT,31-10035::SEACell-63,1.3399583,4.3094344,PT-S1,CKD
PT,PT,31-10035::SEACell-64,-0.5634168,10.801949,aPT1,CKD
PT,PT,31-10035::SEACell-66,-0.4867957,10.937133,PT-S1,CKD
PT,PT,31-10035::SEACell-68,1.5307627,4.554032,PT-S1,CKD
PT,PT,31-10035::SEACell-69,-0.6776801,10.771223,PT-S1,CKD
PT,PT,31-10035::SEACell-7,0.11185147,5.1277995,dPT-S1,CKD
PT,PT,31-10035::SEACell-8,-0.9519155,10.946874,dPT-S1,CKD
PT,PT,31-10035::SEACell-9,-0.36893716,11.185049,PT-S1,CKD
PT,PT,31-10061::SEACell-0,1.3654464,4.227953,PT-S1,CKD
PT,PT,31-10061::SEACell-1,3.593763,5.1554856,frPT-S1/S2,CKD
PT,PT,31-10061::SEACell-10,1.3889817,3.8433108,PT-S2,CKD
PT,PT,31-10061::SEACell-11,3.3993192,5.064053,frPT-S1/S2,CKD
PT,PT,31-10061::SEACell-12,1.4549177,3.9566767,PT-S1,CKD
PT,PT,31-10061::SEACell-13,3.4176974,5.0512376,frPT-S1/S2,CKD
PT,PT,31-10061::SEACell-2,3.4789927,4.893748,aPT1,CKD
PT,PT,31-10061::SEACell-3,3.3161373,5.0167737,aPT-S1/S2,CKD
PT,PT,31-10061::SEACell-4,1.5175979,4.133549,PT-S2,CKD
PT,PT,31-10061::SEACell-5,3.5231993,5.3248343,frPT-S1/S2,CKD
PT,PT,31-10061::SEACell-6,1.8000263,4.477356,PT-S2,CKD
PT,PT,31-10061::SEACell-7,3.564637,5.1128564,aPT1,CKD
PT,PT,31-10061::SEACell-8,3.3527513,6.2729445,dPT-S1,CKD
PT,PT,31-10061::SEACell-9,3.6270156,5.5184517,frPT-S3,CKD
PT,PT,31-10063::SEACell-0,2.9601824,4.8088493,aPT1,CKD
PT,PT,31-10063::SEACell-1,0.095115,3.9050713,PT-S1,CKD
PT,PT,31-10063::SEACell-11,-1.7751515,13.037348,dPT-S1,CKD
PT,PT,31-10063::SEACell-12,0.09370675,2.962985,PT-S3,CKD
PT,PT,31-10063::SEACell-13,-2.0228333,13.996594,dPT-S1,CKD
PT,PT,31-10063::SEACell-2,1.7671417,3.9133992,PT-S1,CKD
PT,PT,31-10063::SEACell-3,3.6855972,6.2481503,aPT1,CKD
PT,PT,31-10063::SEACell-4,3.552561,8.215799,frPT-S3,CKD
PT,PT,31-10063::SEACell-5,0.34932378,3.2784734,PT-S3,CKD
PT,PT,31-10063::SEACell-6,0.4502616,3.1866822,PT-S3,CKD
PT,PT,31-10063::SEACell-7,0.9223644,2.9733927,PT-S3,CKD
PT,PT,31-10063::SEACell-8,0.2484604,4.1712875,PT-S1,CKD
PT,PT,31-10063::SEACell-9,1.35993,3.6895852,PT-S2,CKD
PT,PT,31-10078::SEACell-0,-3.2877927,6.381701,PT-S1,CKD
PT,PT,31-10078::SEACell-1,-5.1564984,5.6485205,PT-S1,CKD
PT,PT,31-10078::SEACell-10,1.9259149,11.765261,aPT2,CKD
PT,PT,31-10078::SEACell-2,1.7133623,9.675533,aPT1,CKD
PT,PT,31-10078::SEACell-3,1.8823402,11.57248,aPT2,CKD
PT,PT,31-10078::SEACell-4,1.9887292,11.165763,frPT-S1/S2,CKD
PT,PT,31-10078::SEACell-5,-4.987245,5.797615,dPT-S1,CKD
PT,PT,31-10078::SEACell-6,-4.105448,7.134117,PT-S1,CKD
PT,PT,31-10078::SEACell-7,-5.55604,6.0480375,PT-S1,CKD
PT,PT,31-10078::SEACell-8,-3.4556916,6.5974674,PT-S1,CKD
PT,PT,31-10078::SEACell-9,-3.0991569,5.8661294,PT-S2,CKD
PT,PT,31-10081::SEACell-0,0.9283334,3.9695778,PT-S1,CKD
PT,PT,31-10081::SEACell-1,2.7072215,5.611973,aPT1,CKD
PT,PT,31-10081::SEACell-2,3.079933,6.6218085,frPT-S3,CKD
PT,PT,31-10081::SEACell-3,3.2153766,4.942707,frPT-S1/S2,CKD
PT,PT,31-10081::SEACell-4,1.1695385,3.9710922,PT-S2,CKD
PT,PT,31-10081::SEACell-5,2.4157887,4.6997623,PT-S1,CKD
PT,PT,31-10081::SEACell-6,1.2485335,3.6645806,PT-S3,CKD
PT,PT,31-10081::SEACell-7,2.8138423,4.856576,aPT-S1/S2,CKD
PT,PT,31-10081::SEACell-8,-2.1719735,14.096576,dPT-S1,CKD
PT,PT,31-10081::SEACell-9,2.8791542,4.647291,aPT-S1/S2,CKD
PT,PT,31-10090::SEACell-0,1.9019499,11.595547,dPT-S1,CKD
PT,PT,31-10090::SEACell-1,-5.7163167,6.0936027,PT-S1,CKD
PT,PT,31-10090::SEACell-10,-5.7113295,5.5180526,PT-S1,CKD
PT,PT,31-10090::SEACell-11,0.8843041,8.5941725,aPT-S1/S2,CKD
PT,PT,31-10090::SEACell-12,-5.5407286,6.607908,PT-S1,CKD
PT,PT,31-10090::SEACell-2,-4.7532864,5.643009,PT-S1,CKD
PT,PT,31-10090::SEACell-3,-5.296873,5.286608,PT-S1,CKD
PT,PT,31-10090::SEACell-5,-3.081314,4.655461,PT-S2,CKD
PT,PT,31-10090::SEACell-6,2.6644578,11.508564,dPT-S1,CKD
PT,PT,31-10090::SEACell-7,-2.9228902,5.8350997,PT-S1,CKD
PT,PT,31-10091::SEACell-0,1.7102821,4.598702,PT-S1,CKD
PT,PT,31-10091::SEACell-1,-1.3832189,13.10328,dPT-S1,CKD
PT,PT,31-10091::SEACell-2,1.9319868,4.5460687,aPT1,CKD
PT,PT,31-10100::SEACell-0,-2.9665685,4.1532855,PT-S3,CKD
PT,PT,31-10100::SEACell-1,2.1336513,11.353112,aPT2,CKD
PT,PT,31-10100::SEACell-10,-4.189064,7.0299478,PT-S1,CKD
PT,PT,31-10100::SEACell-11,-2.4282353,5.2767353,PT-S3,CKD
PT,PT,31-10100::SEACell-12,-4.354011,6.977639,PT-S1,CKD
PT,PT,31-10100::SEACell-13,-2.8109689,3.9965944,PT-S3,CKD
PT,PT,31-10100::SEACell-14,-3.262553,5.399359,PT-S2,CKD
PT,PT,31-10100::SEACell-15,-2.7272112,6.0997276,PT-S1,CKD
PT,PT,31-10100::SEACell-16,-2.4227788,4.978837,dPT-S3,CKD
PT,PT,31-10100::SEACell-17,1.9705743,10.969867,aPT2,CKD
PT,PT,31-10100::SEACell-18,-4.63441,7.3712387,PT-S1,CKD
PT,PT,31-10100::SEACell-19,0.72223085,8.144305,aPT1,CKD
PT,PT,31-10100::SEACell-2,-5.188434,7.4777336,PT-S1,CKD
PT,PT,31-10100::SEACell-20,0.5563439,7.936073,aPT-S3,CKD
PT,PT,31-10100::SEACell-21,-2.3767366,5.9827485,aPT-S1/S2,CKD
PT,PT,31-10100::SEACell-22,-4.170534,6.9734077,PT-S1,CKD
PT,PT,31-10100::SEACell-23,-2.3797665,4.745674,PT-S2,CKD
PT,PT,31-10100::SEACell-24,-2.1235602,4.6489844,PT-S3,CKD
PT,PT,31-10100::SEACell-25,-2.4610703,5.571393,PT-S1,CKD
PT,PT,31-10100::SEACell-26,-2.633958,4.233612,PT-S3,CKD
PT,PT,31-10100::SEACell-27,-2.5159035,4.6554046,PT-S2,CKD
PT,PT,31-10100::SEACell-28,-0.7504215,15.709711,dPT-S1,CKD
PT,PT,31-10100::SEACell-29,-0.8187759,15.878728,dPT-S1,CKD
PT,PT,31-10100::SEACell-3,-4.3260922,7.3957095,PT-S1,CKD
PT,PT,31-10100::SEACell-30,-2.5085678,4.144877,PT-S3,CKD
PT,PT,31-10100::SEACell-31,-3.2913828,6.0631485,PT-S1,CKD
PT,PT,31-10100::SEACell-32,-3.6516483,6.216161,dPT-S1,CKD
PT,PT,31-10100::SEACell-33,-0.74757105,14.597285,dPT-S1,CKD
PT,PT,31-10100::SEACell-34,1.6304562,9.861984,aPT1,CKD
PT,PT,31-10100::SEACell-35,-2.908708,4.2829123,PT-S2,CKD
PT,PT,31-10100::SEACell-36,-2.2753222,4.2097507,PT-S3,CKD
PT,PT,31-10100::SEACell-4,-2.171805,3.8941877,PT-S3,CKD
PT,PT,31-10100::SEACell-5,1.9873588,11.2259,aPT2,CKD
PT,PT,31-10100::SEACell-6,-2.194614,4.029343,PT-S3,CKD
PT,PT,31-10100::SEACell-7,-1.9974947,4.20715,PT-S3,CKD
PT,PT,31-10100::SEACell-8,1.6075338,9.628017,aPT1,CKD
PT,PT,31-10100::SEACell-9,-2.31364,4.4473395,PT-S3,CKD
PT,PT,31-10105::SEACell-0,2.9738953,4.879562,aPT-S3,CKD
PT,PT,31-10105::SEACell-1,-1.0934942,10.898015,dPT-S1,CKD
PT,PT,31-10105::SEACell-2,-0.7021568,10.622994,dPT-S1,CKD
PT,PT,31-10105::SEACell-3,3.0973797,5.9927006,frPT-S1/S2,CKD
PT,PT,31-10105::SEACell-4,3.1475635,5.2740684,frPT-S3,CKD
PT,PT,31-10169::mc0,-3.8969178,6.683247,PT-S1,CKD
PT,PT,31-10177::SEACell-0,3.1941879,5.7961245,aPT-S1/S2,CKD
PT,PT,31-10177::SEACell-1,3.4886372,5.8038144,frPT-S3,CKD
PT,PT,31-10177::SEACell-2,1.6276035,4.6795435,PT-S1,CKD
PT,PT,31-10177::SEACell-4,3.482886,5.8765473,aPT1,CKD
PT,PT,31-10177::SEACell-5,3.5571432,5.2731724,frPT-S1/S2,CKD
PT,PT,31-10177::SEACell-6,3.2705767,5.967247,aPT-S1/S2,CKD
PT,PT,31-10210::SEACell-0,-4.641688,7.160396,PT-S1,CKD
PT,PT,31-10210::SEACell-1,-2.898543,3.3381984,PT-S3,CKD
PT,PT,31-10210::SEACell-10,-4.961164,7.4854693,PT-S1,CKD
PT,PT,31-10210::SEACell-11,3.4224455,7.5739493,aPT1,CKD
PT,PT,31-10210::SEACell-12,-2.1183228,2.8681786,PT-S3,CKD
PT,PT,31-10210::SEACell-13,-2.723032,4.114623,PT-S3,CKD
PT,PT,31-10210::SEACell-14,-4.933853,7.2803316,PT-S1,CKD
PT,PT,31-10210::SEACell-15,-4.590757,7.3973694,PT-S1,CKD
PT,PT,31-10210::SEACell-2,-0.81999147,2.9239213,PT-S3,CKD
PT,PT,31-10210::SEACell-3,-1.1547741,3.5895412,PT-S1,CKD
PT,PT,31-10210::SEACell-4,3.4098582,7.7666326,aPT1,CKD
PT,PT,31-10210::SEACell-5,-4.6184154,7.599435,PT-S1,CKD
PT,PT,31-10210::SEACell-6,-3.055561,3.75599,PT-S3,CKD
PT,PT,31-10210::SEACell-7,-2.6450331,4.660952,PT-S3,CKD
PT,PT,31-10210::SEACell-8,-1.0176072,11.702988,dPT-S1,CKD
PT,PT,31-10210::SEACell-9,-1.9694164,14.469812,dPT-S1,CKD
PT,PT,31-10221::SEACell-0,-5.9314313,5.838891,PT-S1,CKD
PT,PT,31-10221::SEACell-1,-6.1455693,6.359096,PT-S1,CKD
PT,PT,31-10221::SEACell-10,1.7376215,7.381347,aPT1,CKD
PT,PT,31-10221::SEACell-11,-5.1367545,6.984538,PT-S1,CKD
PT,PT,31-10221::SEACell-12,-5.101133,5.2820053,PT-S1,CKD
PT,PT,31-10221::SEACell-13,-5.9014735,6.0604296,PT-S1,CKD
PT,PT,31-10221::SEACell-14,-3.6163814,4.739957,PT-S1,CKD
PT,PT,31-10221::SEACell-15,-3.1916003,4.5786567,PT-S3,CKD
PT,PT,31-10221::SEACell-16,0.021113101,4.454913,PT-S1,CKD
PT,PT,31-10221::SEACell-17,-5.5874453,6.134658,PT-S1,CKD
PT,PT,31-10221::SEACell-18,-2.1410334,3.4636612,PT-S3,CKD
PT,PT,31-10221::SEACell-19,-4.7276015,4.9061933,PT-S2,CKD
PT,PT,31-10221::SEACell-2,-3.3145804,4.68907,PT-S1,CKD
PT,PT,31-10221::SEACell-20,-2.0200474,14.274648,dPT-S1,CKD
PT,PT,31-10221::SEACell-21,-4.31084,5.858478,PT-S1,CKD
PT,PT,31-10221::SEACell-22,-5.1311436,5.6045847,PT-S1,CKD
PT,PT,31-10221::SEACell-23,-4.4510427,4.969377,PT-S2,CKD
PT,PT,31-10221::SEACell-24,-6.210339,6.1319404,PT-S1,CKD
PT,PT,31-10221::SEACell-25,-3.5346634,4.7374616,PT-S2,CKD
PT,PT,31-10221::SEACell-26,-6.3554444,5.6447988,PT-S1,CKD
PT,PT,31-10221::SEACell-27,-4.869859,5.4541597,PT-S1,CKD
PT,PT,31-10221::SEACell-28,-5.1346974,5.6184077,PT-S1,CKD
PT,PT,31-10221::SEACell-29,-6.0411916,6.319643,PT-S1,CKD
PT,PT,31-10221::SEACell-3,2.1827843,9.808175,aPT2,CKD
PT,PT,31-10221::SEACell-30,1.8544012,7.5880604,aPT1,CKD
PT,PT,31-10221::SEACell-31,-5.3520007,5.5963464,PT-S1,CKD
PT,PT,31-10221::SEACell-32,-4.3828697,4.8950906,PT-S2,CKD
PT,PT,31-10221::SEACell-33,-0.99745345,13.230847,dPT-S1,CKD
PT,PT,31-10221::SEACell-34,-5.9155073,6.3098874,PT-S1,CKD
PT,PT,31-10221::SEACell-35,-2.6822815,3.2863855,PT-S3,CKD
PT,PT,31-10221::SEACell-36,-5.8674927,6.363307,PT-S1,CKD
PT,PT,31-10221::SEACell-37,-2.4865687,3.9818077,PT-S3,CKD
PT,PT,31-10221::SEACell-38,-1.9010544,3.5470605,PT-S3,CKD
PT,PT,31-10221::SEACell-39,1.2052485,7.0082517,aPT1,CKD
PT,PT,31-10221::SEACell-4,-5.827931,6.3984904,PT-S1,CKD
PT,PT,31-10221::SEACell-40,-4.748608,5.0856714,PT-S1,CKD
PT,PT,31-10221::SEACell-41,1.8567526,7.7920637,aPT1,CKD
PT,PT,31-10221::SEACell-42,-2.2070735,3.5050642,PT-S3,CKD
PT,PT,31-10221::SEACell-43,-5.412033,5.607161,PT-S1,CKD
PT,PT,31-10221::SEACell-44,2.1455262,9.662561,aPT2,CKD
PT,PT,31-10221::SEACell-45,-5.181247,6.0107846,PT-S1,CKD
PT,PT,31-10221::SEACell-5,-2.2716177,4.0767255,PT-S2,CKD
PT,PT,31-10221::SEACell-6,-4.043802,4.836647,PT-S2,CKD
PT,PT,31-10221::SEACell-7,-4.802384,5.6491523,PT-S1,CKD
PT,PT,31-10221::SEACell-8,1.3799717,8.94118,frPT-S1/S2,CKD
PT,PT,31-10221::SEACell-9,-5.64847,6.1572385,PT-S1,CKD
PT,PT,31-10236::SEACell-0,-3.011937,7.1764026,PT-S1,CKD
PT,PT,31-10236::SEACell-1,-2.8369596,6.5580716,PT-S2,CKD
PT,PT,31-10236::SEACell-10,0.8195644,7.9795046,PT-S3,CKD
PT,PT,31-10236::SEACell-11,-2.994323,4.447385,dPT-S3,CKD
PT,PT,31-10236::SEACell-12,2.0216293,11.300237,aPT-S3,CKD
PT,PT,31-10236::SEACell-13,1.8464184,11.0067425,aPT1,CKD
PT,PT,31-10236::SEACell-14,-3.7826395,7.5873017,PT-S1,CKD
PT,PT,31-10236::SEACell-15,-3.4784424,7.485396,PT-S1,CKD
PT,PT,31-10236::SEACell-16,1.6414242,10.290531,aPT1,CKD
PT,PT,31-10236::SEACell-17,-3.1977534,7.107238,PT-S1,CKD
PT,PT,31-10236::SEACell-18,2.2038238,11.478471,aPT1,CKD
PT,PT,31-10236::SEACell-19,2.1407351,11.319644,frPT-S3,CKD
PT,PT,31-10236::SEACell-2,-3.2181072,7.3946834,PT-S1,CKD
PT,PT,31-10236::SEACell-20,-2.443546,5.3519554,PT-S3,CKD
PT,PT,31-10236::SEACell-21,1.9347624,10.936738,aPT-S3,CKD
PT,PT,31-10236::SEACell-22,-3.378419,7.25972,dPT-S1,CKD
PT,PT,31-10236::SEACell-3,-2.4667842,5.1649356,PT-S3,CKD
PT,PT,31-10236::SEACell-4,-3.0537484,6.8356876,PT-S2,CKD
PT,PT,31-10236::SEACell-5,1.9433687,11.574983,aPT2,CKD
PT,PT,31-10236::SEACell-6,2.0964005,11.343698,aPT1,CKD
PT,PT,31-10236::SEACell-7,-3.2123735,7.0835752,PT-S1,CKD
PT,PT,31-10236::SEACell-8,1.8985068,11.120066,aPT1,CKD
PT,PT,31-10236::SEACell-9,1.6839889,10.420567,aPT1,CKD
PT,PT,31-10322::SEACell-0,-3.5098658,6.9693284,PT-S1,CKD
PT,PT,31-10322::SEACell-1,-3.196844,5.651707,PT-S2,CKD
PT,PT,31-10322::SEACell-10,-3.35941,6.483481,PT-S2,CKD
PT,PT,31-10322::SEACell-11,-4.0839972,7.361647,PT-S1,CKD
PT,PT,31-10322::SEACell-12,-3.893173,7.1238227,PT-S1,CKD
PT,PT,31-10322::SEACell-13,-4.1923695,7.332572,PT-S1,CKD
PT,PT,31-10322::SEACell-14,-3.3122535,6.5134063,PT-S1,CKD
PT,PT,31-10322::SEACell-15,-3.2254343,6.615538,PT-S2,CKD
PT,PT,31-10322::SEACell-16,-4.4029727,7.369074,PT-S1,CKD
PT,PT,31-10322::SEACell-17,-3.4636326,6.5051613,PT-S1,CKD
PT,PT,31-10322::SEACell-18,-3.5922549,6.7124653,PT-S1,CKD
PT,PT,31-10322::SEACell-19,-4.2807527,7.234203,PT-S1,CKD
PT,PT,31-10322::SEACell-2,-2.9988961,6.0864816,dPT-S1,CKD
PT,PT,31-10322::SEACell-3,-4.1920657,7.4920754,PT-S1,CKD
PT,PT,31-10322::SEACell-4,-3.3715584,6.526478,PT-S1,CKD
PT,PT,31-10322::SEACell-5,-4.765198,7.788062,PT-S1,CKD
PT,PT,31-10322::SEACell-6,-2.8241808,5.5557356,PT-S3,CKD
PT,PT,31-10322::SEACell-7,-4.105209,7.320048,PT-S1,CKD
PT,PT,31-10322::SEACell-8,-4.7828093,7.966585,PT-S1,CKD
PT,PT,31-10322::SEACell-9,0.83472633,9.330472,frPT-S1/S2,CKD
PT,PT,31-10340::SEACell-0,-2.784149,5.972512,PT-S1,CKD
PT,PT,32-10003::SEACell-1,-0.72918767,9.264651,dPT-S1,AKI
PT,PT,32-10003::SEACell-10,-0.7766549,8.276232,aPT-S1/S2,AKI
PT,PT,32-10003::SEACell-11,-1.2958279,7.4841723,PT-S2,AKI
PT,PT,32-10003::SEACell-12,-0.106817946,8.005275,aPT1,AKI
PT,PT,32-10003::SEACell-13,-0.74624145,8.564792,PT-S1,AKI
PT,PT,32-10003::SEACell-14,-0.7641758,7.8322177,aPT-S1/S2,AKI
PT,PT,32-10003::SEACell-15,0.27592656,13.016148,dPT-S1,AKI
PT,PT,32-10003::SEACell-16,-1.2017927,7.987617,PT-S1,AKI
PT,PT,32-10003::SEACell-17,-0.70571357,9.071919,dPT-S1,AKI
PT,PT,32-10003::SEACell-18,-1.1407552,7.828265,aPT-S1/S2,AKI
PT,PT,32-10003::SEACell-19,-3.2852724,8.190138,PT-S1,AKI
PT,PT,32-10003::SEACell-2,-0.78499156,7.9133263,aPT-S1/S2,AKI
PT,PT,32-10003::SEACell-20,0.2685634,13.166536,dPT-S1,AKI
PT,PT,32-10003::SEACell-21,-1.3457241,7.741102,PT-S2,AKI
PT,PT,32-10003::SEACell-22,-1.7849923,7.58709,PT-S1,AKI
PT,PT,32-10003::SEACell-23,-1.005143,8.508649,PT-S1,AKI
PT,PT,32-10003::SEACell-24,-1.0911689,8.521891,PT-S1,AKI
PT,PT,32-10003::SEACell-25,-0.8996345,8.42449,aPT-S1/S2,AKI
PT,PT,32-10003::SEACell-26,-0.9615034,8.032724,aPT-S1/S2,AKI
PT,PT,32-10003::SEACell-27,-1.1434133,7.8311253,PT-S1,AKI
PT,PT,32-10003::SEACell-28,0.43387678,14.603795,dPT-S1,AKI
PT,PT,32-10003::SEACell-29,-0.841144,9.112674,dPT-S1,AKI
PT,PT,32-10003::SEACell-3,-1.0956655,7.650612,PT-S2,AKI
PT,PT,32-10003::SEACell-31,-0.9597837,8.696362,PT-S1,AKI
PT,PT,32-10003::SEACell-33,0.7766472,13.375978,dPT-S1,AKI
PT,PT,32-10003::SEACell-34,-0.86955845,8.035009,aPT-S1/S2,AKI
PT,PT,32-10003::SEACell-35,0.05307462,15.088903,dPT-S1,AKI
PT,PT,32-10003::SEACell-36,-0.59092784,9.3435335,aPT2,AKI
PT,PT,32-10003::SEACell-37,-1.1443629,7.841829,PT-S1,AKI
PT,PT,32-10003::SEACell-38,0.1481771,6.701273,dPT-S1,AKI
PT,PT,32-10003::SEACell-4,0.79275256,13.898555,dPT-S1,AKI
PT,PT,32-10003::SEACell-40,-1.2956829,7.795091,PT-S1,AKI
PT,PT,32-10003::SEACell-41,-1.3352933,7.802857,PT-S2,AKI
PT,PT,32-10003::SEACell-5,-0.866604,8.186751,aPT-S1/S2,AKI
PT,PT,32-10003::SEACell-6,-1.2026663,7.712283,PT-S2,AKI
PT,PT,32-10003::SEACell-7,-1.2347349,7.9260354,PT-S1,AKI
PT,PT,32-10003::SEACell-8,-1.5473258,7.359488,PT-S2,AKI
PT,PT,32-10003::SEACell-9,-1.1487055,7.7693706,PT-S2,AKI
PT,PT,32-10034::SEACell-0,2.2846115,7.8214912,frPT-S1/S2,AKI
PT,PT,32-10034::SEACell-1,2.5888581,3.8118339,PT-S1,AKI
PT,PT,32-10034::SEACell-10,3.3701503,5.667757,aPT1,AKI
PT,PT,32-10034::SEACell-11,0.55514014,8.999458,aPT1,AKI
PT,PT,32-10034::SEACell-12,2.8954914,6.7789154,frPT-S3,AKI
PT,PT,32-10034::SEACell-13,2.5779316,4.772815,PT-S2,AKI
PT,PT,32-10034::SEACell-14,2.4392593,7.4887166,aPT-S1/S2,AKI
PT,PT,32-10034::SEACell-15,-0.3183715,11.084214,dPT-S1,AKI
PT,PT,32-10034::SEACell-16,0.46000326,12.967729,dPT-S1,AKI
PT,PT,32-10034::SEACell-17,2.886653,6.88438,frPT-S3,AKI
PT,PT,32-10034::SEACell-18,-0.36969227,12.331672,dPT-S1,AKI
PT,PT,32-10034::SEACell-19,2.1480896,7.782754,frPT-S1/S2,AKI
PT,PT,32-10034::SEACell-2,2.8946996,5.6037188,aPT-S1/S2,AKI
PT,PT,32-10034::SEACell-20,0.60133815,12.442713,aPT2,AKI
PT,PT,32-10034::SEACell-21,2.7100585,7.130973,frPT-S3,AKI
PT,PT,32-10034::SEACell-22,2.6189618,2.9454782,PT-S1,AKI
PT,PT,32-10034::SEACell-23,2.7088983,4.875751,PT-S1,AKI
PT,PT,32-10034::SEACell-24,0.11317506,13.753543,dPT-S1,AKI
PT,PT,32-10034::SEACell-25,-0.26109198,6.1328826,dPT-S1,AKI
PT,PT,32-10034::SEACell-26,0.30502352,12.670123,dPT-S1,AKI
PT,PT,32-10034::SEACell-27,0.027094245,12.6219845,dPT-S1,AKI
PT,PT,32-10034::SEACell-28,2.9834814,5.7204523,aPT-S1/S2,AKI
PT,PT,32-10034::SEACell-3,2.5421815,4.421403,PT-S1,AKI
PT,PT,32-10034::SEACell-4,2.91224,5.7385883,aPT-S1/S2,AKI
PT,PT,32-10034::SEACell-5,0.6405798,8.181041,dPT-S1,AKI
PT,PT,32-10034::SEACell-6,2.6395354,4.258218,PT-S2,AKI
PT,PT,32-10034::SEACell-7,2.5927749,4.2586665,PT-S2,AKI
PT,PT,32-10034::SEACell-8,0.45268437,13.127607,dPT-S1,AKI
PT,PT,32-10034::SEACell-9,-0.5607013,11.7439785,dPT-S1,AKI
PT,PT,32-10074::SEACell-0,-1.204607,8.555121,aPT-S1/S2,AKI
PT,PT,32-10074::SEACell-1,-2.201463,9.218198,PT-S1,AKI
PT,PT,32-10074::SEACell-2,-0.62761307,9.217774,PT-S1,AKI
PT,PT,32-10205::SEACell-0,3.3971345,4.642709,aPT-S1/S2,AKI
PT,PT,32-10205::SEACell-1,2.9119956,4.6254315,PT-S3,AKI
PT,PT,32-10205::SEACell-10,2.4038901,4.434752,PT-S3,AKI
PT,PT,32-10205::SEACell-11,2.6443503,4.3288503,PT-S3,AKI
PT,PT,32-10205::SEACell-12,3.7392118,5.418794,frPT-S3,AKI
PT,PT,32-10205::SEACell-13,3.4117727,4.3577747,PT-S1,AKI
PT,PT,32-10205::SEACell-14,3.4315934,4.6757536,aPT-S1/S2,AKI
PT,PT,32-10205::SEACell-15,2.7872722,4.565573,PT-S3,AKI
PT,PT,32-10205::SEACell-16,3.4156468,4.43722,PT-S1,AKI
PT,PT,32-10205::SEACell-18,3.6573331,4.9957867,aPT-S1/S2,AKI
PT,PT,32-10205::SEACell-19,3.6147954,5.5950828,frPT-S3,AKI
PT,PT,32-10205::SEACell-2,0.73661035,7.4235797,dPT-S1,AKI
PT,PT,32-10205::SEACell-20,3.619394,4.999118,frPT-S1/S2,AKI
PT,PT,32-10205::SEACell-21,2.985678,5.29249,aPT-S1/S2,AKI
PT,PT,32-10205::SEACell-22,3.3423035,4.34085,aPT-S1/S2,AKI
PT,PT,32-10205::SEACell-23,3.3391707,4.677801,aPT-S1/S2,AKI
PT,PT,32-10205::SEACell-24,-0.4426606,11.13732,dPT-S1,AKI
PT,PT,32-10205::SEACell-25,2.7447221,4.980997,PT-S1,AKI
PT,PT,32-10205::SEACell-26,1.1345409,8.982571,dPT-S1,AKI
PT,PT,32-10205::SEACell-27,2.9730825,4.5781207,aPT-S1/S2,AKI
PT,PT,32-10205::SEACell-28,3.0337327,4.8556824,aPT-S1/S2,AKI
PT,PT,32-10205::SEACell-29,3.2261372,4.402322,PT-S1,AKI
PT,PT,32-10205::SEACell-3,3.6177614,5.620915,aPT1,AKI
PT,PT,32-10205::SEACell-30,2.5862544,4.303994,PT-S3,AKI
PT,PT,32-10205::SEACell-31,1.0953097,7.541733,dPT-S1,AKI
PT,PT,32-10205::SEACell-32,3.6378317,5.3582745,aPT1,AKI
PT,PT,32-10205::SEACell-33,3.3470635,4.2289004,PT-S1,AKI
PT,PT,32-10205::SEACell-34,3.2745943,4.3748345,PT-S1,AKI
PT,PT,32-10205::SEACell-4,2.524133,4.373606,aPT1,AKI
PT,PT,32-10205::SEACell-5,3.4642258,4.658635,aPT-S1/S2,AKI
PT,PT,32-10205::SEACell-6,3.502671,4.924834,aPT1,AKI
PT,PT,32-10205::SEACell-7,3.4799364,4.386838,PT-S1,AKI
PT,PT,32-10205::SEACell-8,3.411371,4.470007,aPT-S1/S2,AKI
PT,PT,32-10205::SEACell-9,0.06727728,10.726848,dPT-S1,AKI
PT,PT,32-10333::SEACell-0,-0.39121157,14.750483,dPT-S1,AKI
PT,PT,32-10333::SEACell-1,-0.2750622,13.158705,dPT-S1,AKI
PT,PT,32-10333::SEACell-2,1.436663,2.0571516,PT-S1,AKI
PT,PT,32-10333::SEACell-3,3.8782506,5.8738837,frPT-S3,AKI
PT,PT,32-10333::SEACell-4,0.073473155,1.6302018,PT-S3,AKI
PT,PT,32-10333::SEACell-5,1.4480007,2.4987907,dPT-S1,AKI
PT,PT,32-10333::SEACell-6,-0.41872865,12.857295,dPT-S1,AKI
PT,PT,32-10333::SEACell-7,1.5698034,2.264367,PT-S1,AKI
PT,PT,32-10333::SEACell-8,2.2403586,2.4807076,aPT-S1/S2,AKI
PT,PT,32-10333::SEACell-9,-0.33823246,14.02481,dPT-S1,AKI
PT,PT,32-10346::mc0,-0.6184847,7.5893383,PT-S1,AKI
PT,PT,32-10419::SEACell-0,-1.6161491,8.816599,PT-S1,AKI
PT,PT,32-10419::SEACell-1,-0.5140775,9.440033,aPT2,AKI
PT,PT,32-10419::SEACell-10,-1.3790052,8.901453,PT-S1,AKI
PT,PT,32-10419::SEACell-11,-0.7164819,8.811477,aPT-S1/S2,AKI
PT,PT,32-10419::SEACell-12,-2.963392,7.4278207,PT-S3,AKI
PT,PT,32-10419::SEACell-13,-2.3727682,8.897469,PT-S1,AKI
PT,PT,32-10419::SEACell-14,-2.1611755,6.759542,PT-S3,AKI
PT,PT,32-10419::SEACell-2,0.9432133,9.293585,aPT1,AKI
PT,PT,32-10419::SEACell-3,-0.47937468,8.928594,PT-S1,AKI
PT,PT,32-10419::SEACell-4,1.907599,11.96131,aPT2,AKI
PT,PT,32-10419::SEACell-5,-1.3162109,8.691705,PT-S1,AKI
PT,PT,32-10419::SEACell-6,-0.6038953,9.092819,aPT-S1/S2,AKI
PT,PT,32-10419::SEACell-7,-1.4497255,7.3007054,PT-S2,AKI
PT,PT,32-10419::SEACell-8,-0.9601126,8.882106,aPT-S1/S2,AKI
PT,PT,32-10419::SEACell-9,1.117405,9.146478,aPT-S3,AKI
PT,PT,32-10456::SEACell-0,0.5562143,7.7446046,PT-S3,AKI
PT,PT,32-10458::SEACell-0,1.1817248,8.7778,aPT-S1/S2,AKI
PT,PT,32-10458::SEACell-1,1.2637969,8.823698,aPT-S1/S2,AKI
PT,PT,32-10458::SEACell-2,0.7424506,8.406344,aPT-S1/S2,AKI
PT,PT,32-10458::SEACell-3,1.5538684,9.034776,frPT-S1/S2,AKI
PT,PT,32-10458::SEACell-4,0.3436975,7.919157,PT-S3,AKI
PT,PT,32-2::SEACell-0,1.2885562,13.54531,dPT-S1,AKI
PT,PT,32-2::SEACell-1,0.70378727,13.265894,dPT-S1,AKI
PT,PT,32-2::SEACell-2,0.8896167,7.32589,PT-S2,AKI
PT,PT,32-2::SEACell-3,-0.28549176,8.11149,PT-S1,AKI
PT,PT,32-2::SEACell-4,0.52557963,7.0395184,PT-S2,AKI
PT,PT,32-2::SEACell-5,0.95558584,6.461583,PT-S1,AKI
PT,PT,32-2::SEACell-6,1.0667106,12.852059,dPT-S1,AKI
PT,PT,32-2::SEACell-7,0.030295374,6.9363403,PT-S1,AKI
PT,PT,33-10005::SEACell-0,0.8581002,5.62652,frPT-S1/S2,AKI
PT,PT,33-10005::SEACell-1,2.4930618,5.610503,aPT-S1/S2,AKI
PT,PT,33-10005::SEACell-10,-0.6064908,13.279502,dPT-S1,AKI
PT,PT,33-10005::SEACell-11,3.2747455,10.09271,frPT-S3,AKI
PT,PT,33-10005::SEACell-12,-0.3749098,5.9563584,PT-S2,AKI
PT,PT,33-10005::SEACell-13,2.026416,5.5489593,aPT-S1/S2,AKI
PT,PT,33-10005::SEACell-2,-0.7871243,11.078417,dPT-S1,AKI
PT,PT,33-10005::SEACell-3,-0.8851599,14.347122,dPT-S1,AKI
PT,PT,33-10005::SEACell-4,-0.53141326,5.8306684,PT-S1,AKI
PT,PT,33-10005::SEACell-5,-0.39344832,14.3730135,dPT-S1,AKI
PT,PT,33-10005::SEACell-6,0.16114007,5.6483483,PT-S2,AKI
PT,PT,33-10005::SEACell-7,2.8332405,9.869127,aPT-S3,AKI
PT,PT,33-10005::SEACell-8,-1.097391,3.6272383,PT-S3,AKI
PT,PT,33-10005::SEACell-9,0.34884134,14.553983,dPT-S1,AKI
PT,PT,33-10006::SEACell-0,1.0944017,13.234256,dPT-S1,AKI
PT,PT,33-10006::SEACell-1,1.2875715,13.2428875,dPT-S1,AKI
PT,PT,33-10006::SEACell-10,1.7294996,5.701713,aPT-S1/S2,AKI
PT,PT,33-10006::SEACell-11,1.4264864,13.052972,dPT-S1,AKI
PT,PT,33-10006::SEACell-12,1.8504764,6.2792625,aPT-S1/S2,AKI
PT,PT,33-10006::SEACell-13,1.7866812,6.1912675,aPT-S1/S2,AKI
PT,PT,33-10006::SEACell-14,2.5847907,4.214987,PT-S1,AKI
PT,PT,33-10006::SEACell-15,1.3028326,13.07844,aPT-S1/S2,AKI
PT,PT,33-10006::SEACell-16,1.6358719,6.215287,aPT-S1/S2,AKI
PT,PT,33-10006::SEACell-17,0.62603676,7.043357,dPT-S1,AKI
PT,PT,33-10006::SEACell-18,1.177185,13.544719,dPT-S1,AKI
PT,PT,33-10006::SEACell-19,0.7124211,14.163518,dPT-S1,AKI
PT,PT,33-10006::SEACell-2,1.165784,13.232741,dPT-S1,AKI
PT,PT,33-10006::SEACell-20,0.9092519,13.136254,dPT-S1,AKI
PT,PT,33-10006::SEACell-21,1.32152,13.614275,dPT-S1,AKI
PT,PT,33-10006::SEACell-22,1.3872371,13.015423,aPT-S1/S2,AKI
PT,PT,33-10006::SEACell-23,1.3551961,13.330937,dPT-S1,AKI
PT,PT,33-10006::SEACell-24,1.0845256,13.920352,dPT-S1,AKI
PT,PT,33-10006::SEACell-26,1.8684744,5.417935,PT-S1,AKI
PT,PT,33-10006::SEACell-27,2.200017,4.8763084,PT-S1,AKI
PT,PT,33-10006::SEACell-28,1.5570449,5.7273583,aPT-S1/S2,AKI
PT,PT,33-10006::SEACell-29,1.6438574,5.8594866,aPT-S1/S2,AKI
PT,PT,33-10006::SEACell-3,1.2488978,13.4670725,dPT-S1,AKI
PT,PT,33-10006::SEACell-30,1.752522,5.669817,PT-S2,AKI
PT,PT,33-10006::SEACell-31,1.9028821,3.8084998,PT-S3,AKI
PT,PT,33-10006::SEACell-32,2.1460736,6.4436173,aPT1,AKI
PT,PT,33-10006::SEACell-33,1.8667045,6.2244177,aPT1,AKI
PT,PT,33-10006::SEACell-34,1.8085842,6.115866,aPT-S1/S2,AKI
PT,PT,33-10006::SEACell-35,1.3813711,13.067675,aPT2,AKI
PT,PT,33-10006::SEACell-36,1.2884376,13.206528,dPT-S1,AKI
PT,PT,33-10006::SEACell-37,1.2414058,13.402979,dPT-S1,AKI
PT,PT,33-10006::SEACell-4,1.1204014,12.952586,dPT-S1,AKI
PT,PT,33-10006::SEACell-5,1.379679,13.489917,dPT-S1,AKI
PT,PT,33-10006::SEACell-6,1.6125554,5.9030457,aPT-S1/S2,AKI
PT,PT,33-10006::SEACell-7,1.6965963,6.009027,frPT-S1/S2,AKI
PT,PT,33-10006::SEACell-8,1.3363287,13.055771,dPT-S1,AKI
PT,PT,33-10006::SEACell-9,1.8027599,5.3970284,PT-S2,AKI
PT,PT,33-10331::SEACell-0,1.1462421,6.573251,PT-S2,AKI
PT,PT,33-10331::SEACell-1,1.339409,6.5030417,aPT-S1/S2,AKI
PT,PT,33-10331::SEACell-10,0.87709373,6.731267,PT-S1,AKI
PT,PT,33-10331::SEACell-11,0.7304159,6.9936166,PT-S1,AKI
PT,PT,33-10331::SEACell-12,0.93536824,6.5356693,PT-S1,AKI
PT,PT,33-10331::SEACell-13,1.1860833,7.438555,PT-S2,AKI
PT,PT,33-10331::SEACell-14,1.3817753,6.2045016,aPT-S1/S2,AKI
PT,PT,33-10331::SEACell-16,0.9498196,6.70279,aPT-S1/S2,AKI
PT,PT,33-10331::SEACell-2,1.296536,6.1643324,aPT-S1/S2,AKI
PT,PT,33-10331::SEACell-3,0.66323334,7.0817885,aPT2,AKI
PT,PT,33-10331::SEACell-4,1.1906052,6.6014714,aPT-S1/S2,AKI
PT,PT,33-10331::SEACell-5,0.8923574,6.713933,PT-S1,AKI
PT,PT,33-10331::SEACell-6,1.0902467,6.736066,aPT-S1/S2,AKI
PT,PT,33-10331::SEACell-7,1.3531187,6.8170576,aPT1,AKI
PT,PT,33-10331::SEACell-8,1.4390491,6.239246,PT-S3,AKI
PT,PT,33-10331::SEACell-9,1.3173038,6.616699,aPT1,AKI
PT,PT,33-10376::SEACell-0,-2.4314418,8.518186,dPT-S1,AKI
PT,PT,33-10376::SEACell-1,-2.3382132,9.025179,PT-S1,AKI
PT,PT,33-10376::SEACell-2,-0.67737144,6.250863,PT-S3,AKI
PT,PT,33-10376::SEACell-3,-1.3662872,7.446089,PT-S3,AKI
PT,PT,33-10376::SEACell-4,-1.9281907,8.090227,dPT-S1,AKI
PT,PT,33-10376::SEACell-5,-2.8256357,9.421563,PT-S1,AKI
PT,PT,33-10376::SEACell-6,1.6019787,9.747776,aPT1,AKI
PT,PT,33-10376::SEACell-7,-2.424522,8.343274,PT-S1,AKI
PT,PT,33-10376::SEACell-8,-1.0201818,6.070525,PT-S3,AKI
PT,PT,3374::mc0,-0.22795716,11.083095,frPT-S3,Control/Other
PT,PT,34-10050::SEACell-0,3.490962,4.363767,PT-S1,AKI
PT,PT,34-10050::SEACell-1,0.8726759,13.365969,dPT-S1,AKI
PT,PT,34-10050::SEACell-2,3.3780184,3.841903,PT-S1,AKI
PT,PT,34-10050::SEACell-3,3.4803813,4.178051,aPT-S1/S2,AKI
PT,PT,34-10050::SEACell-4,0.6838375,7.9899817,dPT-S1,AKI
PT,PT,34-10050::SEACell-5,3.4793618,4.927696,frPT-S1/S2,AKI
PT,PT,34-10184::SEACell-0,0.18432172,2.7993343,PT-S3,AKI
PT,PT,34-10184::SEACell-1,0.007555585,2.6447148,PT-S3,AKI
PT,PT,34-10184::SEACell-10,3.5338762,8.401872,frPT-S3,AKI
PT,PT,34-10184::SEACell-11,-0.9783907,2.9746604,PT-S3,AKI
PT,PT,34-10184::SEACell-12,3.4894106,6.631611,aPT-S3,AKI
PT,PT,34-10184::SEACell-13,-2.1584487,14.789997,dPT-S1,AKI
PT,PT,34-10184::SEACell-14,-1.5385932,3.0449455,PT-S3,AKI
PT,PT,34-10184::SEACell-15,0.60439533,2.911495,PT-S2,AKI
PT,PT,34-10184::SEACell-2,3.3319929,5.518301,aPT1,AKI
PT,PT,34-10184::SEACell-3,0.2698872,2.744235,PT-S3,AKI
PT,PT,34-10184::SEACell-4,3.4404702,7.967848,aPT-S3,AKI
PT,PT,34-10184::SEACell-5,-0.3225217,10.93501,dPT-S1,AKI
PT,PT,34-10184::SEACell-6,-0.46467218,2.906274,PT-S2,AKI
PT,PT,34-10184::SEACell-7,0.034539152,4.097326,PT-S2,AKI
PT,PT,34-10184::SEACell-8,3.2918642,5.434837,PT-S3,AKI
PT,PT,34-10184::SEACell-9,-0.79986197,15.816191,dPT-S1,AKI
PT,PT,34-10187::SEACell-0,3.2259262,3.2062068,PT-S1,AKI
PT,PT,34-10187::SEACell-1,-0.3961712,12.545941,dPT-S1,AKI
PT,PT,34-10187::SEACell-10,3.4633322,3.7415147,aPT-S1/S2,AKI
PT,PT,34-10187::SEACell-11,2.7932904,3.0873556,PT-S2,AKI
PT,PT,34-10187::SEACell-12,-0.7233178,6.0253844,dPT-S1,AKI
PT,PT,34-10187::SEACell-13,-0.4001292,13.004138,dPT-S1,AKI
PT,PT,34-10187::SEACell-14,-3.5163105,3.2902727,dPT-S1,AKI
PT,PT,34-10187::SEACell-15,3.388831,3.9504943,aPT1,AKI
PT,PT,34-10187::SEACell-16,1.3088878,3.3067958,PT-S3,AKI
PT,PT,34-10187::SEACell-17,2.9817936,2.8065946,PT-S1,AKI
PT,PT,34-10187::SEACell-19,3.5419672,3.3335958,PT-S1,AKI
PT,PT,34-10187::SEACell-2,-0.47200564,12.522129,dPT-S1,AKI
PT,PT,34-10187::SEACell-21,-0.30623397,13.2993145,dPT-S1,AKI
PT,PT,34-10187::SEACell-22,3.3303614,2.758208,PT-S1,AKI
PT,PT,34-10187::SEACell-23,2.2202451,3.351624,PT-S3,AKI
PT,PT,34-10187::SEACell-24,-0.52401257,5.363375,dPT-S1,AKI
PT,PT,34-10187::SEACell-26,0.9560186,3.036435,PT-S3,AKI
PT,PT,34-10187::SEACell-27,2.8392057,2.8557549,PT-S1,AKI
PT,PT,34-10187::SEACell-28,-0.450452,13.388091,dPT-S1,AKI
PT,PT,34-10187::SEACell-29,-1.2495271,13.226735,dPT-S1,AKI
PT,PT,34-10187::SEACell-3,-0.3812971,15.039476,dPT-S1,AKI
PT,PT,34-10187::SEACell-4,3.5519652,2.904854,PT-S1,AKI
PT,PT,34-10187::SEACell-5,-1.4297673,3.9384353,dPT-S1,AKI
PT,PT,34-10187::SEACell-6,3.5574706,3.5923345,PT-S1,AKI
PT,PT,34-10187::SEACell-7,3.6464372,3.270269,PT-S1,AKI
PT,PT,34-10187::SEACell-8,3.5699368,3.4726603,PT-S1,AKI
PT,PT,34-10187::SEACell-9,2.7952635,2.8601484,PT-S1,AKI
PT,PT,34-10209::SEACell-0,2.4159975,7.375338,PT-S3,AKI
PT,PT,34-10209::SEACell-1,2.3474853,7.740059,frPT-S3,AKI
PT,PT,34-10209::SEACell-10,2.7359955,7.3082447,frPT-S3,AKI
PT,PT,34-10209::SEACell-11,2.57139,7.4587617,frPT-S1/S2,AKI
PT,PT,34-10209::SEACell-12,0.8340553,14.573166,dPT-S1,AKI
PT,PT,34-10209::SEACell-13,2.0718412,6.4824553,PT-S1,AKI
PT,PT,34-10209::SEACell-2,2.5680106,7.0554013,aPT-S3,AKI
PT,PT,34-10209::SEACell-3,0.33827013,12.5402155,dPT-S1,AKI
PT,PT,34-10209::SEACell-4,0.52185434,14.822231,dPT-S1,AKI
PT,PT,34-10209::SEACell-5,2.233814,7.8547797,frPT-S1/S2,AKI
PT,PT,34-10209::SEACell-6,2.3154302,7.606949,frPT-S1/S2,AKI
PT,PT,34-10209::SEACell-7,0.6660348,14.679564,dPT-S1,AKI
PT,PT,34-10209::SEACell-8,2.0943134,8.333664,aPT-S1/S2,AKI
PT,PT,34-10209::SEACell-9,0.9779141,13.876937,dPT-S1,AKI
PT,PT,34-10240::SEACell-0,-1.7943957,7.998033,PT-S1,AKI
PT,PT,34-10240::SEACell-1,-0.81226987,9.185879,dPT-S1,AKI
PT,PT,34-10306::SEACell-1,-0.54177433,9.262712,aPT-S1/S2,AKI
PT,PT,34-10306::SEACell-10,-0.35098645,9.274149,aPT-S1/S2,AKI
PT,PT,34-10306::SEACell-11,-1.8768419,9.189864,PT-S1,AKI
PT,PT,34-10306::SEACell-12,-0.82521576,8.759456,PT-S2,AKI
PT,PT,34-10306::SEACell-13,0.10376155,8.0791855,PT-S3,AKI
PT,PT,34-10306::SEACell-14,1.439089,9.392652,aPT1,AKI
PT,PT,34-10306::SEACell-15,-0.68990844,9.234683,aPT-S1/S2,AKI
PT,PT,34-10306::SEACell-16,-0.76622933,8.931607,PT-S1,AKI
PT,PT,34-10306::SEACell-17,-0.8565008,9.268395,PT-S1,AKI
PT,PT,34-10306::SEACell-18,-0.63199157,9.298091,aPT-S1/S2,AKI
PT,PT,34-10306::SEACell-19,0.60745305,8.331504,PT-S3,AKI
PT,PT,34-10306::SEACell-2,0.3910315,8.036659,PT-S3,AKI
PT,PT,34-10306::SEACell-3,-0.4518109,8.950981,PT-S1,AKI
PT,PT,34-10306::SEACell-4,-1.0297279,8.681503,PT-S1,AKI
PT,PT,34-10306::SEACell-5,0.8014381,8.5087805,aPT-S3,AKI
PT,PT,34-10306::SEACell-6,-0.32611614,8.865556,aPT-S1/S2,AKI
PT,PT,34-10306::SEACell-7,-0.50587654,9.107267,aPT-S1/S2,AKI
PT,PT,34-10306::SEACell-8,-0.576997,9.348369,dPT-S1,AKI
PT,PT,34-10306::SEACell-9,1.1412114,8.927443,aPT1,AKI
PT,PT,34-10331::SEACell-0,-0.7960275,8.584938,PT-S1,AKI
PT,PT,34-10331::SEACell-1,-0.5761022,8.484409,PT-S1,AKI
PT,PT,34-10393::SEACell-0,-2.1104875,7.027458,PT-S1,AKI
PT,PT,34-10393::SEACell-1,-2.1572669,6.173674,PT-S3,AKI
PT,PT,34-10393::SEACell-10,-2.6362495,4.2351127,PT-S3,AKI
PT,PT,34-10393::SEACell-11,-1.0485657,8.133437,aPT-S1/S2,AKI
PT,PT,34-10393::SEACell-12,-2.1630049,7.9632382,PT-S1,AKI
PT,PT,34-10393::SEACell-13,-1.6918491,7.3819966,PT-S2,AKI
PT,PT,34-10393::SEACell-14,-2.0873964,7.362631,PT-S1,AKI
PT,PT,34-10393::SEACell-15,-2.1988966,6.6372538,PT-S2,AKI
PT,PT,34-10393::SEACell-16,-2.3460116,7.88814,PT-S1,AKI
PT,PT,34-10393::SEACell-17,-2.2146785,6.7847457,aPT2,AKI
PT,PT,34-10393::SEACell-18,-2.3435194,6.6557274,PT-S1,AKI
PT,PT,34-10393::SEACell-19,-2.4961028,6.243332,PT-S1,AKI
PT,PT,34-10393::SEACell-2,-2.50866,8.007507,PT-S1,AKI
PT,PT,34-10393::SEACell-20,-1.4828387,7.204785,PT-S1,AKI
PT,PT,34-10393::SEACell-21,-2.4724498,8.598466,PT-S1,AKI
PT,PT,34-10393::SEACell-22,-2.7361193,8.716314,PT-S1,AKI
PT,PT,34-10393::SEACell-23,-1.8817362,7.614907,PT-S1,AKI
PT,PT,34-10393::SEACell-24,0.07144235,15.173945,dPT-S1,AKI
PT,PT,34-10393::SEACell-25,-1.5927348,5.059915,PT-S3,AKI
PT,PT,34-10393::SEACell-26,-1.9809881,8.126545,PT-S1,AKI
PT,PT,34-10393::SEACell-27,-1.178994,7.8567076,aPT-S1/S2,AKI
PT,PT,34-10393::SEACell-28,-1.78184,7.1916127,PT-S2,AKI
PT,PT,34-10393::SEACell-29,-1.2594416,5.0468855,PT-S3,AKI
PT,PT,34-10393::SEACell-3,-1.7456839,7.26513,PT-S1,AKI
PT,PT,34-10393::SEACell-30,-1.0042173,8.090871,PT-S1,AKI
PT,PT,34-10393::SEACell-31,-2.2587073,6.7448797,dPT-S1,AKI
PT,PT,34-10393::SEACell-32,-2.4122162,8.199519,PT-S1,AKI
PT,PT,34-10393::SEACell-33,-1.8727167,4.7751536,PT-S3,AKI
PT,PT,34-10393::SEACell-34,-1.1221094,5.5504055,PT-S3,AKI
PT,PT,34-10393::SEACell-35,-2.3125608,7.6805005,PT-S1,AKI
PT,PT,34-10393::SEACell-36,-2.7288642,8.346644,PT-S1,AKI
PT,PT,34-10393::SEACell-37,-2.1384935,6.648653,PT-S2,AKI
PT,PT,34-10393::SEACell-38,-1.9416342,4.405453,PT-S3,AKI
PT,PT,34-10393::SEACell-39,-2.6595325,5.051213,PT-S1,AKI
PT,PT,34-10393::SEACell-4,-2.777805,3.6523464,PT-S3,AKI
PT,PT,34-10393::SEACell-40,-2.1009555,6.7869816,PT-S2,AKI
PT,PT,34-10393::SEACell-41,-2.3746374,7.577315,PT-S1,AKI
PT,PT,34-10393::SEACell-5,-1.83936,6.985223,PT-S1,AKI
PT,PT,34-10393::SEACell-6,-1.861783,4.4203663,PT-S3,AKI
PT,PT,34-10393::SEACell-7,-2.1080966,8.343178,PT-S1,AKI
PT,PT,34-10393::SEACell-8,1.7934569,3.9321427,aPT-S1/S2,AKI
PT,PT,34-10393::SEACell-9,0.34502083,14.916899,dPT-S1,AKI
PT,PT,34-10579::SEACell-0,0.069080435,5.563777,PT-S1,AKI
PT,PT,34-10579::SEACell-1,0.685764,8.509463,aPT-S1/S2,AKI
PT,PT,34-10579::SEACell-2,1.8184714,11.063922,aPT2,AKI
PT,PT,3477::SEACell-0,1.5592824,3.7414682,PT-S3,CKD
PT,PT,3477::SEACell-1,3.2283435,5.548048,aPT1,CKD
PT,PT,3477::SEACell-2,1.299309,2.9980652,PT-S1,CKD
PT,PT,3477::SEACell-3,3.3237522,6.045707,frPT-S3,CKD
PT,PT,3479::SEACell-0,-0.48580095,2.0942066,PT-S3,CKD
PT,PT,3479::SEACell-1,-0.26888978,1.6759515,PT-S3,CKD
PT,PT,3479::SEACell-10,1.1862711,-0.8586017,PT-S1,CKD
PT,PT,3479::SEACell-11,3.8319309,6.5159616,aPT1,CKD
PT,PT,3479::SEACell-12,-0.77502215,1.6676579,PT-S3,CKD
PT,PT,3479::SEACell-13,-0.18892701,1.7641951,PT-S3,CKD
PT,PT,3479::SEACell-14,1.0657525,-2.2149215,PT-S1,CKD
PT,PT,3479::SEACell-15,5.3692064,6.4482937,aPT-S1/S2,CKD
PT,PT,3479::SEACell-2,-0.12365378,0.69361085,PT-S2,CKD
PT,PT,3479::SEACell-3,-0.16636705,1.2094702,PT-S3,CKD
PT,PT,3479::SEACell-4,-0.07850668,1.5430632,PT-S3,CKD
PT,PT,3479::SEACell-5,-0.27003622,1.3365892,PT-S3,CKD
PT,PT,3479::SEACell-6,5.1963477,6.0522704,aPT-S1/S2,CKD
PT,PT,3479::SEACell-7,-0.5341611,1.7417016,PT-S3,CKD
PT,PT,3479::SEACell-8,3.683258,5.5154347,aPT1,CKD
PT,PT,3479::SEACell-9,-0.46910825,1.8087301,PT-S3,CKD
PT,PT,3487::SEACell-0,3.973225,6.415127,PT-S1,CKD
PT,PT,3487::SEACell-1,3.722224,3.1643019,PT-S1,CKD
PT,PT,3487::SEACell-10,2.4989643,6.3806214,aPT1,CKD
PT,PT,3487::SEACell-11,2.6523178,3.4149325,PT-S3,CKD
PT,PT,3487::SEACell-12,3.131629,5.011043,PT-S1,CKD
PT,PT,3487::SEACell-13,3.8673804,6.6988754,frPT-S1/S2,CKD
PT,PT,3487::SEACell-14,3.6379635,6.6980467,aPT1,CKD
PT,PT,3487::SEACell-15,3.8772414,3.340571,PT-S1,CKD
PT,PT,3487::SEACell-16,3.6831791,5.129204,PT-S1,CKD
PT,PT,3487::SEACell-2,3.0876284,2.3984601,PT-S1,CKD
PT,PT,3487::SEACell-3,2.231234,3.2661104,PT-S1,CKD
PT,PT,3487::SEACell-4,2.6186395,-0.3627928,PT-S1,CKD
PT,PT,3487::SEACell-5,3.5776799,6.602472,aPT1,CKD
PT,PT,3487::SEACell-6,3.6161938,3.9390266,PT-S1,CKD
PT,PT,3487::SEACell-7,3.0075169,2.2679186,PT-S1,CKD
PT,PT,3487::SEACell-8,4.0978017,6.712958,frPT-S1/S2,CKD
PT,PT,3487::SEACell-9,3.80097,3.1727085,PT-S2,CKD
PT,PT,3490::mc0,3.3724449,10.71889,aPT-S3,Control/Other
PT,PT,3499::SEACell-0,2.1662376,4.041574,PT-S3,Control/Other
PT,PT,3499::SEACell-2,-0.7844718,12.960973,dPT-S1,Control/Other
PT,PT,3504::SEACell-0,1.9513937,-1.3275741,PT-S1,Control/Other
PT,PT,3504::SEACell-1,-0.9648469,12.318316,dPT-S1,Control/Other
PT,PT,3504::SEACell-2,0.6075285,0.076471806,PT-S2,Control/Other
PT,PT,3504::SEACell-3,3.755703,5.6400876,PT-S3,Control/Other
PT,PT,3504::SEACell-4,4.004525,6.000834,aPT-S3,Control/Other
PT,PT,3504::SEACell-5,4.0051465,5.6639767,PT-S3,Control/Other
PT,PT,3510::SEACell-0,-1.3594135,2.223607,aPT1,Control/Other
PT,PT,3510::SEACell-1,-1.9170561,1.5647668,PT-S3,Control/Other
PT,PT,3510::SEACell-10,-0.98932403,12.230716,dPT-S1,Control/Other
PT,PT,3510::SEACell-11,2.1522074,8.888987,aPT1,Control/Other
PT,PT,3510::SEACell-12,-1.6529125,1.7596307,PT-S2,Control/Other
PT,PT,3510::SEACell-13,-1.2440913,2.5235896,aPT1,Control/Other
PT,PT,3510::SEACell-14,-1.5682281,2.132847,PT-S1,Control/Other
PT,PT,3510::SEACell-15,2.5605936,8.512959,aPT1,Control/Other
PT,PT,3510::SEACell-16,-1.3311975,2.1321812,aPT1,Control/Other
PT,PT,3510::SEACell-17,2.5119886,9.054146,aPT1,Control/Other
PT,PT,3510::SEACell-18,-1.5230483,2.2030716,PT-S1,Control/Other
PT,PT,3510::SEACell-19,-1.5504414,1.9568485,PT-S1,Control/Other
PT,PT,3510::SEACell-2,-1.7702465,1.8094075,PT-S2,Control/Other
PT,PT,3510::SEACell-20,-1.6146271,2.3810208,PT-S1,Control/Other
PT,PT,3510::SEACell-21,-1.6523254,2.2037585,PT-S1,Control/Other
PT,PT,3510::SEACell-22,-1.3969603,2.24194,aPT-S1/S2,Control/Other
PT,PT,3510::SEACell-23,-1.2865317,2.5164862,aPT1,Control/Other
PT,PT,3510::SEACell-24,2.1676123,9.127709,aPT1,Control/Other
PT,PT,3510::SEACell-25,-2.0604436,1.5636055,PT-S3,Control/Other
PT,PT,3510::SEACell-26,-1.5618048,1.6252708,PT-S2,Control/Other
PT,PT,3510::SEACell-27,-1.7246625,1.7256889,PT-S2,Control/Other
PT,PT,3510::SEACell-28,-1.6851679,1.9556614,PT-S1,Control/Other
PT,PT,3510::SEACell-29,2.5296903,8.112283,aPT1,Control/Other
PT,PT,3510::SEACell-3,-2.2880824,1.8753866,PT-S3,Control/Other
PT,PT,3510::SEACell-30,2.4142947,9.064756,aPT1,Control/Other
PT,PT,3510::SEACell-31,-1.6900162,2.1409566,PT-S1,Control/Other
PT,PT,3510::SEACell-32,-1.1913902,2.5279648,aPT1,Control/Other
PT,PT,3510::SEACell-33,-1.688728,2.1925516,PT-S1,Control/Other
PT,PT,3510::SEACell-34,2.210651,8.6092415,frPT-S3,Control/Other
PT,PT,3510::SEACell-35,-1.7868896,1.6470094,PT-S2,Control/Other
PT,PT,3510::SEACell-36,-1.5662333,1.9159248,PT-S1,Control/Other
PT,PT,3510::SEACell-37,-1.6487274,1.7179893,PT-S2,Control/Other
PT,PT,3510::SEACell-38,-2.0129519,1.7379533,PT-S3,Control/Other
PT,PT,3510::SEACell-39,-1.6068872,1.80518,PT-S1,Control/Other
PT,PT,3510::SEACell-4,-1.2745025,2.3760612,aPT1,Control/Other
PT,PT,3510::SEACell-40,-1.7523775,1.814243,dPT-S1,Control/Other
PT,PT,3510::SEACell-41,-1.4807209,2.2713714,PT-S1,Control/Other
PT,PT,3510::SEACell-42,2.4519713,9.250037,aPT1,Control/Other
PT,PT,3510::SEACell-43,-1.7237588,2.1360714,PT-S1,Control/Other
PT,PT,3510::SEACell-44,-1.3716471,2.3185132,aPT1,Control/Other
PT,PT,3510::SEACell-45,-2.0244098,1.6071446,PT-S3,Control/Other
PT,PT,3510::SEACell-46,-1.5872897,2.1764534,PT-S1,Control/Other
PT,PT,3510::SEACell-47,-1.880992,1.6891402,PT-S3,Control/Other
PT,PT,3510::SEACell-48,-1.7081108,1.8449594,PT-S2,Control/Other
PT,PT,3510::SEACell-49,2.654563,8.780365,aPT1,Control/Other
PT,PT,3510::SEACell-5,-1.5699716,1.8700787,PT-S1,Control/Other
PT,PT,3510::SEACell-50,2.6008053,9.181637,aPT1,Control/Other
PT,PT,3510::SEACell-51,-1.3072075,2.482012,aPT1,Control/Other
PT,PT,3510::SEACell-52,-1.7699788,2.1253054,PT-S1,Control/Other
PT,PT,3510::SEACell-53,2.3122604,9.095403,aPT1,Control/Other
PT,PT,3510::SEACell-54,-1.6111461,1.8945487,PT-S1,Control/Other
PT,PT,3510::SEACell-55,2.3521361,8.793433,aPT1,Control/Other
PT,PT,3510::SEACell-56,-1.4461079,2.2091224,aPT-S1/S2,Control/Other
PT,PT,3510::SEACell-57,-1.3087914,2.2406104,aPT1,Control/Other
PT,PT,3510::SEACell-58,-1.4882755,1.8263955,PT-S2,Control/Other
PT,PT,3510::SEACell-59,-2.065214,1.6732669,PT-S3,Control/Other
PT,PT,3510::SEACell-6,-1.5371591,1.9966719,PT-S1,Control/Other
PT,PT,3510::SEACell-60,2.4423225,9.11834,aPT1,Control/Other
PT,PT,3510::SEACell-61,-1.5336666,1.7172145,PT-S2,Control/Other
PT,PT,3510::SEACell-62,-1.5601101,2.0764666,PT-S1,Control/Other
PT,PT,3510::SEACell-63,-1.3266227,2.3116252,aPT1,Control/Other
PT,PT,3510::SEACell-64,-2.1752412,1.6603454,PT-S3,Control/Other
PT,PT,3510::SEACell-65,2.3909984,8.971082,aPT1,Control/Other
PT,PT,3510::SEACell-7,2.2457743,9.27797,aPT1,Control/Other
PT,PT,3510::SEACell-8,-2.0760603,1.710932,PT-S3,Control/Other
PT,PT,3510::SEACell-9,-1.3796651,2.252421,aPT1,Control/Other
PT,PT,3535::SEACell-0,1.5913224,-2.1620235,PT-S1,Control/Other
PT,PT,3535::SEACell-1,4.200714,6.7104173,aPT1,Control/Other
PT,PT,3535::SEACell-10,3.8347545,5.9873953,aPT1,Control/Other
PT,PT,3535::SEACell-100,-3.5636485,-3.3818703,dPT-S1,Control/Other
PT,PT,3535::SEACell-101,5.3122573,6.3851757,dPT-S1,Control/Other
PT,PT,3535::SEACell-102,-1.7552946,13.362853,dPT-S1,Control/Other
PT,PT,3535::SEACell-103,1.0954181,-0.10471112,PT-S2,Control/Other
PT,PT,3535::SEACell-104,-0.2556707,12.892847,dPT-S1,Control/Other
PT,PT,3535::SEACell-105,5.060277,6.547205,aPT-S1/S2,Control/Other
PT,PT,3535::SEACell-106,4.660385,5.884639,frPT-S1/S2,Control/Other
PT,PT,3535::SEACell-107,1.2744492,-2.5872798,PT-S1,Control/Other
PT,PT,3535::SEACell-108,-1.2853069,12.573649,dPT-S1,Control/Other
PT,PT,3535::SEACell-109,-1.0623374,12.165009,dPT-S1,Control/Other
PT,PT,3535::SEACell-11,4.20204,6.826469,frPT-S3,Control/Other
PT,PT,3535::SEACell-110,1.1139596,-0.20063259,PT-S2,Control/Other
PT,PT,3535::SEACell-111,-2.1038043,13.515486,dPT-S1,Control/Other
PT,PT,3535::SEACell-112,3.4572873,6.6714916,aPT1,Control/Other
PT,PT,3535::SEACell-113,4.5873413,6.3202443,frPT-S1/S2,Control/Other
PT,PT,3535::SEACell-114,1.0784132,-0.71473294,PT-S1,Control/Other
PT,PT,3535::SEACell-115,-0.9966729,12.234664,dPT-S1,Control/Other
PT,PT,3535::SEACell-116,1.8058026,-0.085810326,PT-S2,Control/Other
PT,PT,3535::SEACell-12,0.674359,-0.85271615,PT-S1,Control/Other
PT,PT,3535::SEACell-13,1.844853,-1.1784039,PT-S1,Control/Other
PT,PT,3535::SEACell-14,0.46070635,-1.8475212,PT-S1,Control/Other
PT,PT,3535::SEACell-15,1.351949,-0.91345745,PT-S1,Control/Other
PT,PT,3535::SEACell-16,3.5650945,6.3867545,aPT1,Control/Other
PT,PT,3535::SEACell-17,0.7033645,1.1910694,PT-S3,Control/Other
PT,PT,3535::SEACell-18,0.8306112,1.434801,PT-S3,Control/Other
PT,PT,3535::SEACell-19,0.64702314,0.37184364,PT-S3,Control/Other
PT,PT,3535::SEACell-2,0.94414353,0.22026666,PT-S2,Control/Other
PT,PT,3535::SEACell-20,1.8644193,-2.3908067,PT-S1,Control/Other
PT,PT,3535::SEACell-21,5.4504576,5.5863156,aPT-S1/S2,Control/Other
PT,PT,3535::SEACell-22,1.182802,-2.7547734,PT-S1,Control/Other
PT,PT,3535::SEACell-23,0.63513845,1.0167427,PT-S3,Control/Other
PT,PT,3535::SEACell-24,-3.151515,-2.7853587,dPT-S1,Control/Other
PT,PT,3535::SEACell-25,5.337665,5.5153146,aPT1,Control/Other
PT,PT,3535::SEACell-26,-1.3626988,12.176234,dPT-S1,Control/Other
PT,PT,3535::SEACell-27,1.4540932,-1.4655594,PT-S2,Control/Other
PT,PT,3535::SEACell-28,1.4123751,-2.3812132,PT-S1,Control/Other
PT,PT,3535::SEACell-29,5.358794,5.573829,aPT1,Control/Other
PT,PT,3535::SEACell-3,2.1326234,-1.4170369,PT-S1,Control/Other
PT,PT,3535::SEACell-30,5.375515,5.5393233,aPT1,Control/Other
PT,PT,3535::SEACell-31,-0.015230851,1.475177,PT-S3,Control/Other
PT,PT,3535::SEACell-32,3.9650676,5.322226,aPT-S3,Control/Other
PT,PT,3535::SEACell-33,1.2363759,-1.9550961,PT-S1,Control/Other
PT,PT,3535::SEACell-34,0.5877046,0.45883405,PT-S2,Control/Other
PT,PT,3535::SEACell-35,1.4039837,-1.7219089,PT-S1,Control/Other
PT,PT,3535::SEACell-36,1.2481629,-2.0623891,PT-S1,Control/Other
PT,PT,3535::SEACell-37,5.547364,6.474029,PT-S1,Control/Other
PT,PT,3535::SEACell-38,4.812112,6.019385,frPT-S3,Control/Other
PT,PT,3535::SEACell-39,5.3772016,5.7983727,frPT-S1/S2,Control/Other
PT,PT,3535::SEACell-4,1.2109125,-0.29412976,PT-S1,Control/Other
PT,PT,3535::SEACell-40,1.423026,-2.817143,PT-S1,Control/Other
PT,PT,3535::SEACell-41,1.2780954,-0.73176765,PT-S1,Control/Other
PT,PT,3535::SEACell-42,0.33802637,1.0511353,PT-S3,Control/Other
PT,PT,3535::SEACell-43,4.088783,7.214066,frPT-S3,Control/Other
PT,PT,3535::SEACell-44,4.1163816,6.207689,aPT1,Control/Other
PT,PT,3535::SEACell-45,5.610329,5.7361345,aPT-S1/S2,Control/Other
PT,PT,3535::SEACell-46,1.6090934,-2.468676,PT-S1,Control/Other
PT,PT,3535::SEACell-47,0.23707741,-0.6752172,PT-S1,Control/Other
PT,PT,3535::SEACell-48,1.2039129,-1.7949109,PT-S1,Control/Other
PT,PT,3535::SEACell-49,1.8410288,-1.8571596,PT-S1,Control/Other
PT,PT,3535::SEACell-5,0.5075941,1.6439296,PT-S3,Control/Other
PT,PT,3535::SEACell-50,0.70281285,-1.0438457,PT-S1,Control/Other
PT,PT,3535::SEACell-51,5.2308307,5.8565903,frPT-S1/S2,Control/Other
PT,PT,3535::SEACell-52,1.0349776,0.1561554,PT-S2,Control/Other
PT,PT,3535::SEACell-53,4.7310357,6.1466627,frPT-S1/S2,Control/Other
PT,PT,3535::SEACell-54,1.4686074,-0.034722418,PT-S2,Control/Other
PT,PT,3535::SEACell-55,5.1007586,5.347575,aPT1,Control/Other
PT,PT,3535::SEACell-56,5.4075804,6.2511196,PT-S1,Control/Other
PT,PT,3535::SEACell-57,4.1328163,6.947872,frPT-S3,Control/Other
PT,PT,3535::SEACell-58,3.7988272,6.1384735,aPT1,Control/Other
PT,PT,3535::SEACell-59,1.4676042,-2.46593,PT-S1,Control/Other
PT,PT,3535::SEACell-6,1.3696986,-1.6602074,PT-S2,Control/Other
PT,PT,3535::SEACell-60,1.3785853,-2.3216677,PT-S1,Control/Other
PT,PT,3535::SEACell-61,5.390131,6.022042,aPT-S1/S2,Control/Other
PT,PT,3535::SEACell-62,1.3810807,-2.521418,PT-S1,Control/Other
PT,PT,3535::SEACell-63,0.16361445,1.4487015,PT-S3,Control/Other
PT,PT,3535::SEACell-64,5.1856265,5.937022,frPT-S1/S2,Control/Other
PT,PT,3535::SEACell-65,-1.699654,11.835254,dPT-S1,Control/Other
PT,PT,3535::SEACell-66,1.4129963,-0.93781734,PT-S2,Control/Other
PT,PT,3535::SEACell-67,5.1180925,5.81933,frPT-S3,Control/Other
PT,PT,3535::SEACell-68,3.8946311,6.623037,aPT1,Control/Other
PT,PT,3535::SEACell-69,5.2139754,5.332618,frPT-S1/S2,Control/Other
PT,PT,3535::SEACell-7,5.449359,6.2953587,aPT-S1/S2,Control/Other
PT,PT,3535::SEACell-70,-0.76924497,10.964576,dPT-S1,Control/Other
PT,PT,3535::SEACell-71,1.6557637,-0.8670873,PT-S2,Control/Other
PT,PT,3535::SEACell-72,1.1949718,-0.83405465,PT-S2,Control/Other
PT,PT,3535::SEACell-73,1.6007252,-0.77861875,PT-S2,Control/Other
PT,PT,3535::SEACell-74,1.299101,-0.89419407,PT-S2,Control/Other
PT,PT,3535::SEACell-75,0.88607454,-1.9143983,PT-S1,Control/Other
PT,PT,3535::SEACell-76,0.99688846,-1.0494696,PT-S1,Control/Other
PT,PT,3535::SEACell-77,-1.1829891,12.390361,dPT-S1,Control/Other
PT,PT,3535::SEACell-78,0.67417157,-0.3169091,PT-S1,Control/Other
PT,PT,3535::SEACell-79,-1.5127228,12.390368,dPT-S1,Control/Other
PT,PT,3535::SEACell-8,5.476607,5.856616,aPT-S1/S2,Control/Other
PT,PT,3535::SEACell-80,1.3801057,-1.4927776,PT-S2,Control/Other
PT,PT,3535::SEACell-81,-1.9077717,13.217069,dPT-S1,Control/Other
PT,PT,3535::SEACell-82,4.8604884,5.2315254,aPT1,Control/Other
PT,PT,3535::SEACell-83,1.3937943,-0.51923215,PT-S2,Control/Other
PT,PT,3535::SEACell-84,-2.0142336,13.445685,dPT-S1,Control/Other
PT,PT,3535::SEACell-85,0.52499056,0.69521034,PT-S2,Control/Other
PT,PT,3535::SEACell-86,1.3393294,-0.9427939,PT-S2,Control/Other
PT,PT,3535::SEACell-87,4.0620065,5.895584,aPT1,Control/Other
PT,PT,3535::SEACell-88,5.3076253,6.4627233,aPT-S1/S2,Control/Other
PT,PT,3535::SEACell-89,2.6533518,8.385506,aPT1,Control/Other
PT,PT,3535::SEACell-9,1.2081096,-0.7369025,PT-S1,Control/Other
PT,PT,3535::SEACell-90,0.7749858,0.97829676,PT-S3,Control/Other
PT,PT,3535::SEACell-91,3.6871085,6.09908,aPT1,Control/Other
PT,PT,3535::SEACell-92,4.759187,5.959143,frPT-S1/S2,Control/Other
PT,PT,3535::SEACell-93,3.535138,6.750969,aPT1,Control/Other
PT,PT,3535::SEACell-94,-2.4430797,14.415906,dPT-S1,Control/Other
PT,PT,3535::SEACell-95,1.113997,-0.5083186,PT-S1,Control/Other
PT,PT,3535::SEACell-96,0.40122485,1.1651132,PT-S3,Control/Other
PT,PT,3535::SEACell-97,-1.2359775,12.795387,dPT-S1,Control/Other
PT,PT,3535::SEACell-98,5.4580684,5.4120255,aPT1,Control/Other
PT,PT,3535::SEACell-99,1.1365436,-0.5842765,PT-S1,Control/Other
PT,PT,3579::SEACell-0,-0.55094874,3.8944829,PT-S1,Control/Other
PT,PT,3579::SEACell-1,3.7776113,7.7037053,aPT1,Control/Other
PT,PT,3579::SEACell-2,-3.5227404,1.8815931,PT-S3,Control/Other
PT,PT,3579::SEACell-3,-2.1742089,13.482993,dPT-S1,Control/Other
PT,PT,3579::SEACell-4,-0.2733434,3.8270066,PT-S1,Control/Other
PT,PT,3579::SEACell-5,-2.0819714,14.85397,dPT-S1,Control/Other
PT,PT,3579::SEACell-6,-0.2535007,3.9189277,PT-S1,Control/Other
PT,PT,3593::SEACell-0,3.2001545,9.997544,frPT-S3,Control/Other
PT,PT,3593::SEACell-1,3.8743,7.696382,aPT-S3,Control/Other
PT,PT,3593::SEACell-11,3.208016,9.092975,aPT-S3,Control/Other
PT,PT,3593::SEACell-12,3.366799,8.923855,aPT-S3,Control/Other
PT,PT,3593::SEACell-13,3.826151,7.398722,aPT-S3,Control/Other
PT,PT,3593::SEACell-14,1.2242002,15.116434,dPT-S1,Control/Other
PT,PT,3593::SEACell-15,3.6031928,8.584476,frPT-S3,Control/Other
PT,PT,3593::SEACell-16,3.0476296,8.584308,PT-S3,Control/Other
PT,PT,3593::SEACell-17,3.6774666,8.135173,aPT-S3,Control/Other
PT,PT,3593::SEACell-18,2.3612347,8.26911,PT-S3,Control/Other
PT,PT,3593::SEACell-19,3.6386538,8.150467,aPT1,Control/Other
PT,PT,3593::SEACell-2,3.3009188,10.6076145,frPT-S3,Control/Other
PT,PT,3593::SEACell-20,3.8194735,7.9156065,aPT-S3,Control/Other
PT,PT,3593::SEACell-21,-0.56352526,11.035602,PT-S3,Control/Other
PT,PT,3593::SEACell-22,2.9487245,7.073917,PT-S3,Control/Other
PT,PT,3593::SEACell-23,0.036171835,10.564393,PT-S3,Control/Other
PT,PT,3593::SEACell-24,3.789473,7.775406,aPT-S3,Control/Other
PT,PT,3593::SEACell-25,3.2941978,10.586091,aPT1,Control/Other
PT,PT,3593::SEACell-3,3.7785144,7.425594,aPT1,Control/Other
PT,PT,3593::SEACell-4,3.662662,8.3557825,aPT-S3,Control/Other
PT,PT,3593::SEACell-5,3.6131852,8.649193,aPT1,Control/Other
PT,PT,3593::SEACell-6,2.6777496,8.219086,PT-S3,Control/Other
PT,PT,3593::SEACell-7,3.670338,6.212248,PT-S3,Control/Other
PT,PT,3593::SEACell-8,3.0110238,8.562853,PT-S3,Control/Other
PT,PT,3593::SEACell-9,1.2242484,3.4313002,PT-S3,Control/Other
PT,PT,3609::SEACell-0,5.386668,4.9314613,frPT-S1/S2,CKD
PT,PT,3609::SEACell-1,5.4901776,5.462559,PT-S1,CKD
PT,PT,3609::SEACell-10,2.5111487,0.0919611,PT-S2,CKD
PT,PT,3609::SEACell-11,5.6989737,5.054774,frPT-S1/S2,CKD
PT,PT,3609::SEACell-12,3.261073,-0.8191205,PT-S1,CKD
PT,PT,3609::SEACell-13,4.480841,4.9793086,aPT1,CKD
PT,PT,3609::SEACell-14,2.606498,0.38246647,PT-S3,CKD
PT,PT,3609::SEACell-15,2.594668,0.59611654,PT-S3,CKD
PT,PT,3609::SEACell-16,3.0385108,-0.1989782,PT-S1,CKD
PT,PT,3609::SEACell-17,3.0761774,-0.5113917,PT-S1,CKD
PT,PT,3609::SEACell-18,2.8167598,0.10649772,PT-S2,CKD
PT,PT,3609::SEACell-19,3.1748571,-0.39939886,PT-S1,CKD
PT,PT,3609::SEACell-2,1.2293742,-0.33255193,PT-S1,CKD
PT,PT,3609::SEACell-20,3.0272784,-0.6664642,PT-S1,CKD
PT,PT,3609::SEACell-21,2.6114209,0.12637892,PT-S2,CKD
PT,PT,3609::SEACell-22,3.377981,-0.44560385,PT-S1,CKD
PT,PT,3609::SEACell-23,2.741222,0.28878328,PT-S2,CKD
PT,PT,3609::SEACell-24,3.0934641,-0.58735037,PT-S1,CKD
PT,PT,3609::SEACell-25,2.4496741,0.9460737,PT-S3,CKD
PT,PT,3609::SEACell-26,3.1086557,-0.14916183,PT-S1,CKD
PT,PT,3609::SEACell-27,5.6587305,4.9134736,frPT-S1/S2,CKD
PT,PT,3609::SEACell-28,3.204505,-0.48881742,PT-S1,CKD
PT,PT,3609::SEACell-29,3.1668487,-0.47261414,PT-S1,CKD
PT,PT,3609::SEACell-3,5.508259,4.8482037,frPT-S1/S2,CKD
PT,PT,3609::SEACell-30,5.789657,5.078708,frPT-S1/S2,CKD
PT,PT,3609::SEACell-4,3.373493,-0.74471354,PT-S1,CKD
PT,PT,3609::SEACell-5,3.2761018,-0.68034554,PT-S1,CKD
PT,PT,3609::SEACell-6,5.3804245,4.719975,frPT-S1/S2,CKD
PT,PT,3609::SEACell-7,3.0403986,-0.2062343,PT-S1,CKD
PT,PT,3609::SEACell-8,3.3286653,-0.46181676,PT-S1,CKD
PT,PT,3609::SEACell-9,3.1223717,-0.33599588,PT-S1,CKD
PT,PT,3611::mc0,3.8026652,7.67808,aPT1,Control/Other
PT,PT,3612::SEACell-0,1.5392311,3.8185813,PT-S1,CKD
PT,PT,3612::SEACell-1,4.565702,5.1225123,frPT-S3,CKD
PT,PT,3612::SEACell-10,2.9376402,4.561913,frPT-S1/S2,CKD
PT,PT,3612::SEACell-11,3.0133443,3.3031628,PT-S1,CKD
PT,PT,3612::SEACell-12,4.233844,5.2179937,frPT-S1/S2,CKD
PT,PT,3612::SEACell-13,3.1406586,2.7692482,PT-S1,CKD
PT,PT,3612::SEACell-14,3.596872,5.4270015,frPT-S1/S2,CKD
PT,PT,3612::SEACell-15,2.502904,2.7847853,PT-S1,CKD
PT,PT,3612::SEACell-16,2.926158,2.7120266,PT-S1,CKD
PT,PT,3612::SEACell-17,2.5654478,2.9606507,PT-S1,CKD
PT,PT,3612::SEACell-18,2.0383708,3.321699,PT-S1,CKD
PT,PT,3612::SEACell-19,3.001717,2.8812695,PT-S1,CKD
PT,PT,3612::SEACell-2,1.6502739,3.5219283,PT-S3,CKD
PT,PT,3612::SEACell-20,1.4288403,3.772374,PT-S1,CKD
PT,PT,3612::SEACell-21,2.1826272,4.2674475,aPT-S3,CKD
PT,PT,3612::SEACell-22,1.3787822,3.44788,PT-S3,CKD
PT,PT,3612::SEACell-23,1.5968312,3.536774,PT-S3,CKD
PT,PT,3612::SEACell-24,3.9747202,4.7924,frPT-S1/S2,CKD
PT,PT,3612::SEACell-25,1.4923209,3.5296736,PT-S3,CKD
PT,PT,3612::SEACell-26,2.1575484,3.981521,PT-S2,CKD
PT,PT,3612::SEACell-3,1.4239331,3.4024868,PT-S3,CKD
PT,PT,3612::SEACell-4,3.5591657,4.9850545,frPT-S1/S2,CKD
PT,PT,3612::SEACell-5,2.3997161,4.0326695,aPT-S1/S2,CKD
PT,PT,3612::SEACell-6,3.1019993,3.0723882,PT-S1,CKD
PT,PT,3612::SEACell-7,1.9749651,3.9613483,PT-S3,CKD
PT,PT,3612::SEACell-8,3.1682987,3.1500387,PT-S1,CKD
PT,PT,3612::SEACell-9,2.9779837,2.897578,PT-S1,CKD
PT,PT,3613::SEACell-0,1.1924341,15.250703,dPT-S1,Control/Other
PT,PT,3613::SEACell-1,3.3346996,9.63834,aPT1,Control/Other
PT,PT,3613::SEACell-2,3.2383082,11.457188,dPT-S1,Control/Other
PT,PT,3613::SEACell-3,1.2574207,15.376316,dPT-S1,Control/Other
PT,PT,3619::SEACell-0,-2.8342896,-0.3586512,PT-S2,Control/Other
PT,PT,3619::SEACell-1,-0.9241564,-0.8878929,PT-S1,Control/Other
PT,PT,3619::SEACell-10,-3.517835,1.569485,PT-S3,Control/Other
PT,PT,3619::SEACell-11,-0.9597381,-1.5990375,PT-S1,Control/Other
PT,PT,3619::SEACell-12,3.9485705,7.6027317,aPT1,Control/Other
PT,PT,3619::SEACell-13,-2.5498908,14.771001,dPT-S1,Control/Other
PT,PT,3619::SEACell-14,-3.5575776,1.2581666,PT-S3,Control/Other
PT,PT,3619::SEACell-15,-1.0855833,-1.642604,PT-S1,Control/Other
PT,PT,3619::SEACell-2,-4.286163,2.5307055,dPT-S3,Control/Other
PT,PT,3619::SEACell-3,-2.5861554,14.395393,dPT-S1,Control/Other
PT,PT,3619::SEACell-4,-2.3752968,1.0434843,PT-S3,Control/Other
PT,PT,3619::SEACell-5,-3.3701103,1.0037491,PT-S3,Control/Other
PT,PT,3619::SEACell-6,-1.3523962,-1.3731773,aPT1,Control/Other
PT,PT,3619::SEACell-7,-3.5897393,1.2683761,PT-S3,Control/Other
PT,PT,3619::SEACell-8,-3.195052,0.3385107,PT-S2,Control/Other
PT,PT,3619::SEACell-9,-2.4913206,13.366995,dPT-S1,Control/Other
PT,PT,3620::SEACell-0,3.0210557,10.530965,dPT-S1,Control/Other
PT,PT,3620::SEACell-1,-0.7668711,10.942515,PT-S2,Control/Other
PT,PT,3621::SEACell-0,-0.44147265,11.206264,dPT-S1,Control/Other
PT,PT,3621::SEACell-1,3.645669,2.6026165,PT-S1,Control/Other
PT,PT,3621::SEACell-10,1.1812931,3.0740798,PT-S3,Control/Other
PT,PT,3621::SEACell-11,3.3466105,2.8446324,PT-S1,Control/Other
PT,PT,3621::SEACell-12,-0.18006931,14.557653,dPT-S1,Control/Other
PT,PT,3621::SEACell-13,3.5287447,2.4956667,PT-S1,Control/Other
PT,PT,3621::SEACell-14,-0.6947055,12.717409,dPT-S1,Control/Other
PT,PT,3621::SEACell-15,-0.73940873,13.876009,dPT-S1,Control/Other
PT,PT,3621::SEACell-16,3.2939546,3.2716498,PT-S1,Control/Other
PT,PT,3621::SEACell-17,-0.81914604,13.049878,dPT-S1,Control/Other
PT,PT,3621::SEACell-18,-1.0735383,12.976318,dPT-S1,Control/Other
PT,PT,3621::SEACell-19,-0.72339064,12.579258,dPT-S1,Control/Other
PT,PT,3621::SEACell-2,4.1616154,4.725842,aPT1,Control/Other
PT,PT,3621::SEACell-20,-0.8092553,12.728245,dPT-S1,Control/Other
PT,PT,3621::SEACell-21,0.22708225,2.464572,PT-S3,Control/Other
PT,PT,3621::SEACell-22,0.658575,2.7320828,PT-S3,Control/Other
PT,PT,3621::SEACell-23,-0.07209263,2.6549184,PT-S3,Control/Other
PT,PT,3621::SEACell-24,3.5272133,4.6581097,frPT-S1/S2,Control/Other
PT,PT,3621::SEACell-25,-0.7308107,13.379926,dPT-S1,Control/Other
PT,PT,3621::SEACell-26,-0.79465455,12.757674,dPT-S1,Control/Other
PT,PT,3621::SEACell-27,-0.7440223,12.777122,dPT-S1,Control/Other
PT,PT,3621::SEACell-28,1.7053752,3.5353227,PT-S1,Control/Other
PT,PT,3621::SEACell-29,-0.77270573,11.495063,dPT-S1,Control/Other
PT,PT,3621::SEACell-3,1.9673005,3.4017515,PT-S2,Control/Other
PT,PT,3621::SEACell-30,3.5362358,2.7934158,PT-S1,Control/Other
PT,PT,3621::SEACell-31,-0.7519944,12.569642,dPT-S1,Control/Other
PT,PT,3621::SEACell-32,-0.7691873,13.154661,dPT-S1,Control/Other
PT,PT,3621::SEACell-33,-0.7597749,12.591379,dPT-S1,Control/Other
PT,PT,3621::SEACell-34,-0.00018542905,14.0646925,dPT-S1,Control/Other
PT,PT,3621::SEACell-35,-0.23122376,12.973107,dPT-S1,Control/Other
PT,PT,3621::SEACell-36,3.7214966,2.5081966,PT-S1,Control/Other
PT,PT,3621::SEACell-37,-0.62362003,14.3722515,dPT-S1,Control/Other
PT,PT,3621::SEACell-38,-0.28725165,2.593095,PT-S3,Control/Other
PT,PT,3621::SEACell-4,-0.67244637,13.051956,dPT-S1,Control/Other
PT,PT,3621::SEACell-5,3.293981,3.07979,PT-S1,Control/Other
PT,PT,3621::SEACell-6,3.591263,2.5488346,PT-S1,Control/Other
PT,PT,3621::SEACell-7,-0.67578,12.697449,dPT-S1,Control/Other
PT,PT,3621::SEACell-8,3.5818684,2.8743274,PT-S1,Control/Other
PT,PT,3621::SEACell-9,4.194461,4.857497,aPT1,Control/Other
PT,PT,3622::SEACell-0,-2.7515397,1.8797913,PT-S3,Control/Other
PT,PT,3622::SEACell-1,-0.5964729,1.6989604,PT-S3,Control/Other
PT,PT,3622::SEACell-10,4.0056186,7.3181252,aPT1,Control/Other
PT,PT,3622::SEACell-11,-3.56669,2.0181913,PT-S3,Control/Other
PT,PT,3622::SEACell-12,-0.7270173,3.3215828,PT-S1,Control/Other
PT,PT,3622::SEACell-13,-0.6774684,3.5089233,PT-S1,Control/Other
PT,PT,3622::SEACell-14,4.038733,6.759135,aPT1,Control/Other
PT,PT,3622::SEACell-15,4.2023644,6.7082677,aPT1,Control/Other
PT,PT,3622::SEACell-16,-3.4322996,2.0055833,PT-S3,Control/Other
PT,PT,3622::SEACell-17,-1.3469718,12.443054,dPT-S1,Control/Other
PT,PT,3622::SEACell-18,-3.743409,1.7888428,PT-S2,Control/Other
PT,PT,3622::SEACell-19,0.23146734,-0.3080293,PT-S1,Control/Other
PT,PT,3622::SEACell-2,-0.21448229,0.20162037,PT-S2,Control/Other
PT,PT,3622::SEACell-20,-0.97098434,3.1742153,PT-S1,Control/Other
PT,PT,3622::SEACell-3,0.49202934,2.4483497,aPT-S3,Control/Other
PT,PT,3622::SEACell-4,-0.7257815,1.3384153,PT-S3,Control/Other
PT,PT,3622::SEACell-5,-0.41415372,3.3802214,PT-S1,Control/Other
PT,PT,3622::SEACell-6,-4.359109,1.7653153,PT-S2,Control/Other
PT,PT,3622::SEACell-7,0.46579856,0.049069084,PT-S1,Control/Other
PT,PT,3622::SEACell-8,-0.2768623,3.1413848,PT-S1,Control/Other
PT,PT,3622::SEACell-9,3.807109,7.2920103,frPT-S1/S2,Control/Other
PT,PT,3623::mc0,3.3397446,9.452255,dPT-S1,Control/Other
PT,PT,3625::SEACell-0,5.2914042,4.651726,aPT1,Control/Other
PT,PT,3625::SEACell-1,2.6791253,0.96239007,PT-S3,Control/Other
PT,PT,3625::SEACell-10,3.0645943,0.6011956,PT-S2,Control/Other
PT,PT,3625::SEACell-11,1.857519,1.1181759,PT-S3,Control/Other
PT,PT,3625::SEACell-12,1.7495444,1.1626866,PT-S3,Control/Other
PT,PT,3625::SEACell-13,3.541941,-0.2472305,PT-S1,Control/Other
PT,PT,3625::SEACell-14,2.8731523,0.86994547,PT-S3,Control/Other
PT,PT,3625::SEACell-15,3.5025308,0.3443043,PT-S2,Control/Other
PT,PT,3625::SEACell-16,-0.8777308,11.241365,dPT-S1,Control/Other
PT,PT,3625::SEACell-17,2.381476,1.0347283,PT-S3,Control/Other
PT,PT,3625::SEACell-18,5.409116,4.698321,aPT1,Control/Other
PT,PT,3625::SEACell-19,3.4566627,0.32974172,PT-S2,Control/Other
PT,PT,3625::SEACell-2,5.50626,4.5051765,aPT1,Control/Other
PT,PT,3625::SEACell-20,3.622982,-0.13012561,PT-S1,Control/Other
PT,PT,3625::SEACell-21,2.518745,0.9977165,PT-S3,Control/Other
PT,PT,3625::SEACell-22,3.6462326,-0.01338362,PT-S1,Control/Other
PT,PT,3625::SEACell-23,2.706658,0.9997738,PT-S3,Control/Other
PT,PT,3625::SEACell-24,-0.83640677,11.120911,dPT-S1,Control/Other
PT,PT,3625::SEACell-3,5.3550324,4.630389,frPT-S1/S2,Control/Other
PT,PT,3625::SEACell-4,3.7534885,-0.18664761,PT-S1,Control/Other
PT,PT,3625::SEACell-5,2.720576,0.9908634,PT-S3,Control/Other
PT,PT,3625::SEACell-6,3.6381686,-0.40164858,PT-S1,Control/Other
PT,PT,3625::SEACell-7,3.5221574,-0.3064094,PT-S1,Control/Other
PT,PT,3625::SEACell-8,3.7075572,-0.1140541,PT-S1,Control/Other
PT,PT,3625::SEACell-9,-0.9799598,11.264694,dPT-S1,Control/Other
PT,PT,3626::SEACell-0,-0.20183514,1.54554,PT-S3,Control/Other
PT,PT,3626::SEACell-1,-2.4699612,13.859833,dPT-S1,Control/Other
PT,PT,3626::SEACell-10,-2.5079749,13.676063,dPT-S1,Control/Other
PT,PT,3626::SEACell-11,-1.4422741,-0.59423554,PT-S1,Control/Other
PT,PT,3626::SEACell-12,-0.63897765,1.3318253,PT-S3,Control/Other
PT,PT,3626::SEACell-13,-2.5356169,13.441856,dPT-S1,Control/Other
PT,PT,3626::SEACell-14,-2.8435395,13.497866,dPT-S1,Control/Other
PT,PT,3626::SEACell-15,-0.18459386,1.0685176,PT-S3,Control/Other
PT,PT,3626::SEACell-16,-0.428322,1.1132894,PT-S3,Control/Other
PT,PT,3626::SEACell-17,-5.46395,0.92151105,dPT-S1,Control/Other
PT,PT,3626::SEACell-18,-2.6974206,14.271264,dPT-S1,Control/Other
PT,PT,3626::SEACell-19,0.39794403,-1.104912,PT-S1,Control/Other
PT,PT,3626::SEACell-2,-0.24538955,1.4304786,PT-S3,Control/Other
PT,PT,3626::SEACell-20,0.86556095,-0.60670376,PT-S1,Control/Other
PT,PT,3626::SEACell-21,0.3802164,-0.15391706,PT-S2,Control/Other
PT,PT,3626::SEACell-22,0.6787116,0.048889887,PT-S2,Control/Other
PT,PT,3626::SEACell-23,-0.9692944,1.1910094,PT-S3,Control/Other
PT,PT,3626::SEACell-24,-0.08328484,-0.06787319,PT-S2,Control/Other
PT,PT,3626::SEACell-25,-0.8452819,1.0467027,PT-S3,Control/Other
PT,PT,3626::SEACell-26,-2.849292,14.199007,dPT-S1,Control/Other
PT,PT,3626::SEACell-27,-1.068764,1.1553918,PT-S3,Control/Other
PT,PT,3626::SEACell-28,4.855946,5.084181,aPT1,Control/Other
PT,PT,3626::SEACell-29,-1.0420157,0.0689374,PT-S2,Control/Other
PT,PT,3626::SEACell-3,-0.9618391,1.1789998,PT-S3,Control/Other
PT,PT,3626::SEACell-30,-2.6063359,13.754482,dPT-S1,Control/Other
PT,PT,3626::SEACell-4,-0.3330597,1.3353353,PT-S3,Control/Other
PT,PT,3626::SEACell-5,-0.14054479,-0.21555062,PT-S1,Control/Other
PT,PT,3626::SEACell-6,4.6507607,5.2976055,aPT1,Control/Other
PT,PT,3626::SEACell-7,0.9215511,-0.66949517,PT-S1,Control/Other
PT,PT,3626::SEACell-8,-2.6921954,14.167892,dPT-S1,Control/Other
PT,PT,3626::SEACell-9,-0.20064886,1.8245064,PT-S3,Control/Other
PT,PT,3627::SEACell-0,1.1541104,-1.418619,PT-S1,Control/Other
PT,PT,3627::SEACell-1,-1.3300873,1.3635665,PT-S3,Control/Other
PT,PT,3627::SEACell-10,0.004216561,-0.61034966,PT-S1,Control/Other
PT,PT,3627::SEACell-11,0.20202513,1.7333069,PT-S3,Control/Other
PT,PT,3627::SEACell-12,0.06539301,1.217689,PT-S3,Control/Other
PT,PT,3627::SEACell-13,4.409261,5.0992923,aPT1,Control/Other
PT,PT,3627::SEACell-14,-2.505667,14.04643,dPT-S1,Control/Other
PT,PT,3627::SEACell-15,-0.122626685,1.6329794,PT-S3,Control/Other
PT,PT,3627::SEACell-16,1.1172814,-0.7396072,PT-S1,Control/Other
PT,PT,3627::SEACell-17,-2.9049025,13.922598,dPT-S1,Control/Other
PT,PT,3627::SEACell-18,0.21145123,1.433183,PT-S3,Control/Other
PT,PT,3627::SEACell-19,-2.4907367,14.797953,dPT-S1,Control/Other
PT,PT,3627::SEACell-2,-0.81289893,0.082089245,PT-S2,Control/Other
PT,PT,3627::SEACell-20,-2.421006,14.316229,dPT-S1,Control/Other
PT,PT,3627::SEACell-21,-2.4356594,15.269964,dPT-S1,Control/Other
PT,PT,3627::SEACell-22,-0.7989261,1.3222454,PT-S3,Control/Other
PT,PT,3627::SEACell-23,0.44968802,2.0197065,PT-S3,Control/Other
PT,PT,3627::SEACell-24,-0.4804975,-1.253478,PT-S1,Control/Other
PT,PT,3627::SEACell-25,-2.4206312,15.494153,dPT-S1,Control/Other
PT,PT,3627::SEACell-26,0.6474164,-1.1717494,PT-S1,Control/Other
PT,PT,3627::SEACell-27,-1.1761291,-0.39571714,PT-S2,Control/Other
PT,PT,3627::SEACell-28,-1.2986449,1.1794091,PT-S3,Control/Other
PT,PT,3627::SEACell-29,-2.3941412,14.364367,dPT-S1,Control/Other
PT,PT,3627::SEACell-3,-0.1383811,1.5707172,PT-S3,Control/Other
PT,PT,3627::SEACell-30,-0.17453018,1.5262368,PT-S3,Control/Other
PT,PT,3627::SEACell-31,0.46759194,1.9436706,PT-S3,Control/Other
PT,PT,3627::SEACell-4,0.6321212,-1.5326979,PT-S1,Control/Other
PT,PT,3627::SEACell-5,0.906431,2.4571888,aPT-S3,Control/Other
PT,PT,3627::SEACell-6,0.7875516,-0.17212123,PT-S2,Control/Other
PT,PT,3627::SEACell-7,0.566454,2.2120283,aPT-S3,Control/Other
PT,PT,3627::SEACell-8,-0.24204206,1.515356,PT-S3,Control/Other
PT,PT,3627::SEACell-9,4.767768,5.1690307,frPT-S1/S2,Control/Other
PT,PT,3630::SEACell-0,-0.016080473,-2.2523699,PT-S1,Control/Other
PT,PT,3630::SEACell-1,0.118947,1.5541223,PT-S3,Control/Other
PT,PT,3630::SEACell-10,-0.85392964,-2.4530313,PT-S1,Control/Other
PT,PT,3630::SEACell-11,4.6280494,5.2584195,frPT-S1/S2,Control/Other
PT,PT,3630::SEACell-12,0.03701439,0.7003616,PT-S2,Control/Other
PT,PT,3630::SEACell-13,1.2577966,-0.05881896,PT-S1,Control/Other
PT,PT,3630::SEACell-14,0.04861881,-0.062005475,PT-S1,Control/Other
PT,PT,3630::SEACell-15,-0.97535056,-0.02735606,PT-S2,Control/Other
PT,PT,3630::SEACell-16,0.9943389,-0.25009692,PT-S1,Control/Other
PT,PT,3630::SEACell-17,0.8264586,-1.1592324,PT-S1,Control/Other
PT,PT,3630::SEACell-18,-0.6296046,1.7670478,dPT-S1,Control/Other
PT,PT,3630::SEACell-19,0.96321964,-0.7938264,PT-S1,Control/Other
PT,PT,3630::SEACell-2,4.347752,6.1069145,aPT1,Control/Other
PT,PT,3630::SEACell-20,4.6051254,5.5500374,aPT1,Control/Other
PT,PT,3630::SEACell-21,0.39401636,0.42035356,PT-S2,Control/Other
PT,PT,3630::SEACell-22,-0.33529696,1.7152785,PT-S3,Control/Other
PT,PT,3630::SEACell-23,3.9410853,8.655663,aPT1,Control/Other
PT,PT,3630::SEACell-24,4.24769,5.4109383,aPT1,Control/Other
PT,PT,3630::SEACell-25,-0.5929202,1.3762981,PT-S3,Control/Other
PT,PT,3630::SEACell-26,-1.036497,-2.2437453,PT-S1,Control/Other
PT,PT,3630::SEACell-27,0.06208721,0.6140453,PT-S2,Control/Other
PT,PT,3630::SEACell-28,-0.47638425,0.13828906,PT-S3,Control/Other
PT,PT,3630::SEACell-29,4.38533,5.15201,aPT1,Control/Other
PT,PT,3630::SEACell-3,0.019741697,-0.20326255,PT-S1,Control/Other
PT,PT,3630::SEACell-30,1.1618934,-0.3870511,PT-S1,Control/Other
PT,PT,3630::SEACell-31,-0.22601865,1.4069551,PT-S3,Control/Other
PT,PT,3630::SEACell-32,-0.5875737,1.3180195,PT-S3,Control/Other
PT,PT,3630::SEACell-33,-0.7524671,1.4146483,PT-S3,Control/Other
PT,PT,3630::SEACell-34,0.6955068,0.6438065,PT-S2,Control/Other
PT,PT,3630::SEACell-35,0.52724916,-0.87630844,PT-S1,Control/Other
PT,PT,3630::SEACell-36,0.30871212,0.29540637,PT-S2,Control/Other
PT,PT,3630::SEACell-37,-0.85485697,1.2337575,PT-S3,Control/Other
PT,PT,3630::SEACell-38,-0.26669976,-0.019105349,PT-S1,Control/Other
PT,PT,3630::SEACell-39,-2.232803,1.1455356,PT-S3,Control/Other
PT,PT,3630::SEACell-4,-0.5776493,0.7308659,PT-S2,Control/Other
PT,PT,3630::SEACell-40,-0.060463887,1.6555291,PT-S3,Control/Other
PT,PT,3630::SEACell-41,0.867866,-0.8686309,PT-S1,Control/Other
PT,PT,3630::SEACell-42,-1.6411985,12.420581,dPT-S1,Control/Other
PT,PT,3630::SEACell-43,-0.23624896,1.1446878,PT-S1,Control/Other
PT,PT,3630::SEACell-44,-0.3952622,-2.3600986,PT-S1,Control/Other
PT,PT,3630::SEACell-45,-0.2816627,1.4651951,PT-S3,Control/Other
PT,PT,3630::SEACell-46,0.80979586,-0.82917255,PT-S1,Control/Other
PT,PT,3630::SEACell-47,0.5205627,-0.93186706,PT-S1,Control/Other
PT,PT,3630::SEACell-48,-0.4656332,1.2555455,PT-S3,Control/Other
PT,PT,3630::SEACell-49,-0.6582549,0.54514146,PT-S3,Control/Other
PT,PT,3630::SEACell-5,0.57239485,-1.0139421,PT-S1,Control/Other
PT,PT,3630::SEACell-50,1.2948256,-0.46875387,PT-S1,Control/Other
PT,PT,3630::SEACell-51,4.074051,5.5097632,aPT-S3,Control/Other
PT,PT,3630::SEACell-52,0.7288082,1.2418687,PT-S2,Control/Other
PT,PT,3630::SEACell-53,-0.4077161,1.5664693,PT-S3,Control/Other
PT,PT,3630::SEACell-54,-0.042451397,-1.89205,PT-S1,Control/Other
PT,PT,3630::SEACell-55,-1.484702,12.399471,dPT-S1,Control/Other
PT,PT,3630::SEACell-56,-0.9973059,-1.5254397,PT-S1,Control/Other
PT,PT,3630::SEACell-57,-0.8058275,-0.2516626,PT-S1,Control/Other
PT,PT,3630::SEACell-58,-0.4462524,-0.1975299,PT-S2,Control/Other
PT,PT,3630::SEACell-59,1.4109827,-0.47339258,PT-S1,Control/Other
PT,PT,3630::SEACell-6,-0.12781575,0.28814206,PT-S2,Control/Other
PT,PT,3630::SEACell-60,0.078938164,0.3597532,PT-S2,Control/Other
PT,PT,3630::SEACell-61,-0.18549326,1.6811165,PT-S3,Control/Other
PT,PT,3630::SEACell-62,-0.50409794,1.2250513,PT-S3,Control/Other
PT,PT,3630::SEACell-63,0.8423962,-0.800711,PT-S1,Control/Other
PT,PT,3630::SEACell-64,-1.7287073,12.613418,dPT-S1,Control/Other
PT,PT,3630::SEACell-7,-1.6299446,12.547243,dPT-S1,Control/Other
PT,PT,3630::SEACell-8,-0.88049364,0.3217594,PT-S2,Control/Other
PT,PT,3630::SEACell-9,-0.3069098,1.6807184,PT-S3,Control/Other
PT,PT,3631::SEACell-0,0.88969463,0.67680085,PT-S2,Control/Other
PT,PT,3631::SEACell-1,-1.9352756,14.31668,dPT-S1,Control/Other
PT,PT,3631::SEACell-10,1.0426893,0.4978216,PT-S1,Control/Other
PT,PT,3631::SEACell-11,4.152741,5.122916,aPT1,Control/Other
PT,PT,3631::SEACell-12,4.567279,5.3182344,aPT1,Control/Other
PT,PT,3631::SEACell-13,1.4919107,0.014450382,PT-S1,Control/Other
PT,PT,3631::SEACell-14,1.1874695,0.46045756,PT-S2,Control/Other
PT,PT,3631::SEACell-15,-1.9702978,13.446796,dPT-S1,Control/Other
PT,PT,3631::SEACell-16,-1.994011,13.336342,dPT-S1,Control/Other
PT,PT,3631::SEACell-17,1.5671563,0.07067381,PT-S1,Control/Other
PT,PT,3631::SEACell-18,0.883541,0.6375709,PT-S2,Control/Other
PT,PT,3631::SEACell-19,0.89781684,0.5816583,PT-S2,Control/Other
PT,PT,3631::SEACell-2,0.60902494,1.4057649,PT-S3,Control/Other
PT,PT,3631::SEACell-20,0.83711994,0.6540666,PT-S2,Control/Other
PT,PT,3631::SEACell-21,-1.7995121,13.649792,dPT-S1,Control/Other
PT,PT,3631::SEACell-22,1.380809,-0.026241299,PT-S1,Control/Other
PT,PT,3631::SEACell-23,0.46211988,1.4745466,PT-S3,Control/Other
PT,PT,3631::SEACell-24,-1.9057508,13.397742,dPT-S1,Control/Other
PT,PT,3631::SEACell-25,1.5382,-0.056625366,PT-S1,Control/Other
PT,PT,3631::SEACell-26,-1.6430528,13.866749,dPT-S1,Control/Other
PT,PT,3631::SEACell-27,-2.2299123,13.765206,dPT-S1,Control/Other
PT,PT,3631::SEACell-28,-1.412549,13.703287,dPT-S1,Control/Other
PT,PT,3631::SEACell-3,-2.4139862,14.110896,PT-S3,Control/Other
PT,PT,3631::SEACell-4,1.4517752,0.033452317,PT-S1,Control/Other
PT,PT,3631::SEACell-5,0.7292995,1.0477858,PT-S3,Control/Other
PT,PT,3631::SEACell-6,-2.1982956,13.563605,dPT-S1,Control/Other
PT,PT,3631::SEACell-7,1.5354933,0.11247887,PT-S1,Control/Other
PT,PT,3631::SEACell-8,1.340272,-0.14309028,PT-S1,Control/Other
PT,PT,3631::SEACell-9,1.3477066,-0.1755165,PT-S1,Control/Other
PT,PT,3632::SEACell-0,-0.5596827,11.965768,aPT1,Control/Other
PT,PT,3673::SEACell-0,3.7491179,2.5936506,PT-S1,AKI
PT,PT,3673::SEACell-1,3.7899647,4.3941827,aPT1,AKI
PT,PT,3673::SEACell-10,3.1634328,3.2225552,PT-S1,AKI
PT,PT,3673::SEACell-11,3.273936,2.679395,PT-S1,AKI
PT,PT,3673::SEACell-12,2.5652475,3.5406976,PT-S1,AKI
PT,PT,3673::SEACell-13,3.3987074,4.0734863,aPT1,AKI
PT,PT,3673::SEACell-14,2.0846221,3.6621964,PT-S3,AKI
PT,PT,3673::SEACell-15,3.2819283,2.8504958,PT-S1,AKI
PT,PT,3673::SEACell-16,3.480871,2.6558816,PT-S1,AKI
PT,PT,3673::SEACell-17,2.5287504,3.7607608,PT-S3,AKI
PT,PT,3673::SEACell-18,3.568567,2.7316978,PT-S1,AKI
PT,PT,3673::SEACell-19,2.2997174,3.4582336,PT-S3,AKI
PT,PT,3673::SEACell-2,3.273332,3.7524195,PT-S2,AKI
PT,PT,3673::SEACell-20,3.441047,4.1331005,aPT-S1/S2,AKI
PT,PT,3673::SEACell-21,3.4142256,2.6838317,PT-S1,AKI
PT,PT,3673::SEACell-22,1.495204,3.7902203,PT-S3,AKI
PT,PT,3673::SEACell-23,-0.054338187,5.9119983,dPT-S1,AKI
PT,PT,3673::SEACell-3,2.3338733,3.9016397,PT-S3,AKI
PT,PT,3673::SEACell-4,2.0430982,3.5665016,PT-S3,AKI
PT,PT,3673::SEACell-5,2.8438208,4.2814226,aPT1,AKI
PT,PT,3673::SEACell-6,3.0347419,3.3375585,PT-S2,AKI
PT,PT,3673::SEACell-7,1.991255,3.7017121,PT-S3,AKI
PT,PT,3673::SEACell-8,3.6939888,3.1437638,PT-S1,AKI
PT,PT,3673::SEACell-9,2.6101966,3.4208055,PT-S2,AKI
PT,PT,3675::mc0,3.5814977,6.755559,PT-S3,Control/Other
PT,PT,3691::SEACell-0,3.266873,10.24753,aPT1,Control/Other
PT,PT,3691::SEACell-1,-1.3199714,0.66348654,PT-S2,Control/Other
PT,PT,3691::SEACell-2,-1.6508904,-2.6264727,dPT-S1,Control/Other
PT,PT,3691::SEACell-3,-1.2327578,0.86888635,PT-S3,Control/Other
PT,PT,3691::SEACell-4,2.9032056,9.993035,aPT1,Control/Other
PT,PT,3691::SEACell-5,1.1366123,-0.71465504,PT-S1,Control/Other
PT,PT,3691::SEACell-6,0.84946823,-1.1264374,PT-S1,Control/Other
PT,PT,3691::SEACell-7,0.49133885,-2.450136,PT-S1,Control/Other
PT,PT,3693::SEACell-0,3.1557724,10.551001,aPT1,Control/Other
PT,PT,3693::SEACell-1,3.298716,10.718502,frPT-S3,Control/Other
PT,PT,3704::SEACell-0,-2.8406563,4.5620403,PT-S3,Control/Other
PT,PT,3704::SEACell-1,-3.1138237,7.857077,PT-S2,Control/Other
PT,PT,3704::SEACell-10,-4.3026514,8.123006,PT-S1,Control/Other
PT,PT,3704::SEACell-100,-0.62742525,8.319392,aPT-S1/S2,Control/Other
PT,PT,3704::SEACell-101,1.215042,7.9188886,aPT1,Control/Other
PT,PT,3704::SEACell-102,-4.131103,8.084141,PT-S1,Control/Other
PT,PT,3704::SEACell-103,-4.3030005,8.250895,PT-S1,Control/Other
PT,PT,3704::SEACell-104,-5.689376,8.9318075,PT-S1,Control/Other
PT,PT,3704::SEACell-105,-4.765614,8.67466,PT-S1,Control/Other
PT,PT,3704::SEACell-106,-3.6114976,3.292095,PT-S3,Control/Other
PT,PT,3704::SEACell-107,-2.3794646,4.6585402,PT-S3,Control/Other
PT,PT,3704::SEACell-108,-1.0670217,7.367907,aPT-S1/S2,Control/Other
PT,PT,3704::SEACell-109,1.1356467,7.8536906,aPT-S3,Control/Other
PT,PT,3704::SEACell-11,-3.3307257,3.370644,PT-S3,Control/Other
PT,PT,3704::SEACell-110,-4.487295,8.388496,PT-S1,Control/Other
PT,PT,3704::SEACell-111,-1.6921998,7.493952,PT-S1,Control/Other
PT,PT,3704::SEACell-112,0.60278183,8.510656,dPT-S1,Control/Other
PT,PT,3704::SEACell-113,-4.6714287,8.31621,PT-S1,Control/Other
PT,PT,3704::SEACell-114,-3.0953553,3.6289911,PT-S3,Control/Other
PT,PT,3704::SEACell-115,-4.7673316,8.747639,PT-S1,Control/Other
PT,PT,3704::SEACell-117,-4.589279,8.232225,PT-S1,Control/Other
PT,PT,3704::SEACell-118,-4.0033193,3.1537678,PT-S3,Control/Other
PT,PT,3704::SEACell-119,-2.9876652,3.9925177,PT-S3,Control/Other
PT,PT,3704::SEACell-12,-3.6965754,7.770178,PT-S1,Control/Other
PT,PT,3704::SEACell-120,-4.6436653,8.557057,PT-S1,Control/Other
PT,PT,3704::SEACell-121,-0.19997364,9.737481,frPT-S1/S2,Control/Other
PT,PT,3704::SEACell-122,-2.8520448,8.22135,PT-S1,Control/Other
PT,PT,3704::SEACell-13,-4.8827977,8.679947,PT-S1,Control/Other
PT,PT,3704::SEACell-14,-3.8022337,8.052138,PT-S2,Control/Other
PT,PT,3704::SEACell-15,-3.0512486,3.5553954,PT-S3,Control/Other
PT,PT,3704::SEACell-16,-2.921926,3.8509052,PT-S3,Control/Other
PT,PT,3704::SEACell-17,0.6989882,7.353243,PT-S3,Control/Other
PT,PT,3704::SEACell-18,-3.1534996,3.867331,PT-S3,Control/Other
PT,PT,3704::SEACell-19,-5.197715,8.845316,PT-S1,Control/Other
PT,PT,3704::SEACell-2,-4.928624,8.760708,PT-S1,Control/Other
PT,PT,3704::SEACell-20,1.6347594,10.19719,frPT-S1/S2,Control/Other
PT,PT,3704::SEACell-21,-2.8714511,3.565496,PT-S3,Control/Other
PT,PT,3704::SEACell-22,-4.6818514,7.785129,PT-S1,Control/Other
PT,PT,3704::SEACell-23,-4.2963443,7.936864,PT-S1,Control/Other
PT,PT,3704::SEACell-24,-4.217866,8.320056,PT-S1,Control/Other
PT,PT,3704::SEACell-25,-4.496215,8.244222,PT-S1,Control/Other
PT,PT,3704::SEACell-26,-1.5069939,9.219644,aPT-S1/S2,Control/Other
PT,PT,3704::SEACell-27,-1.6907037,9.126844,PT-S1,Control/Other
PT,PT,3704::SEACell-28,1.6052235,9.849273,aPT1,Control/Other
PT,PT,3704::SEACell-29,-3.1720831,3.688283,PT-S3,Control/Other
PT,PT,3704::SEACell-3,-3.4649546,3.213021,PT-S3,Control/Other
PT,PT,3704::SEACell-30,-2.6494164,4.872712,PT-S2,Control/Other
PT,PT,3704::SEACell-31,-2.3253274,4.4040327,PT-S3,Control/Other
PT,PT,3704::SEACell-32,-3.5376139,3.246799,PT-S3,Control/Other
PT,PT,3704::SEACell-33,-4.964717,8.84439,PT-S1,Control/Other
PT,PT,3704::SEACell-34,-3.1999397,3.4512959,PT-S3,Control/Other
PT,PT,3704::SEACell-35,-1.9494616,7.8058395,dPT-S1,Control/Other
PT,PT,3704::SEACell-36,-4.961563,8.449694,PT-S1,Control/Other
PT,PT,3704::SEACell-37,-2.9904287,3.5775669,PT-S3,Control/Other
PT,PT,3704::SEACell-38,-3.1329396,3.7346072,PT-S3,Control/Other
PT,PT,3704::SEACell-39,-2.815511,9.205144,PT-S1,Control/Other
PT,PT,3704::SEACell-4,-4.545273,8.545317,PT-S1,Control/Other
PT,PT,3704::SEACell-40,-0.3155184,9.748168,aPT2,Control/Other
PT,PT,3704::SEACell-41,-1.0307814,9.371989,aPT-S1/S2,Control/Other
PT,PT,3704::SEACell-42,-4.668802,8.385454,PT-S1,Control/Other
PT,PT,3704::SEACell-43,-4.48906,8.270697,PT-S1,Control/Other
PT,PT,3704::SEACell-44,-3.5713089,7.797466,PT-S2,Control/Other
PT,PT,3704::SEACell-45,-4.2189355,8.282033,PT-S1,Control/Other
PT,PT,3704::SEACell-46,-4.8749514,8.814396,PT-S1,Control/Other
PT,PT,3704::SEACell-47,-3.9881537,6.0784287,PT-S2,Control/Other
PT,PT,3704::SEACell-48,2.042171,8.635943,aPT1,Control/Other
PT,PT,3704::SEACell-49,-2.971443,3.7549865,PT-S3,Control/Other
PT,PT,3704::SEACell-5,-4.84632,7.6147947,PT-S1,Control/Other
PT,PT,3704::SEACell-50,-4.6780624,8.495093,PT-S1,Control/Other
PT,PT,3704::SEACell-51,-2.824267,3.885156,PT-S3,Control/Other
PT,PT,3704::SEACell-52,-4.559308,8.549199,PT-S1,Control/Other
PT,PT,3704::SEACell-53,-2.9538455,4.513506,PT-S3,Control/Other
PT,PT,3704::SEACell-54,-4.5795517,8.539237,PT-S1,Control/Other
PT,PT,3704::SEACell-55,-3.9034429,7.8508253,PT-S1,Control/Other
PT,PT,3704::SEACell-56,3.5995805,11.93263,aPT2,Control/Other
PT,PT,3704::SEACell-57,-2.8153334,3.9539175,PT-S3,Control/Other
PT,PT,3704::SEACell-58,3.718642,11.812044,dPT,Control/Other
PT,PT,3704::SEACell-59,-2.1928213,4.5445275,PT-S3,Control/Other
PT,PT,3704::SEACell-6,-4.4768786,8.4208,PT-S1,Control/Other
PT,PT,3704::SEACell-60,-4.679661,8.772089,PT-S1,Control/Other
PT,PT,3704::SEACell-61,-4.830563,8.747138,PT-S1,Control/Other
PT,PT,3704::SEACell-62,-3.9506161,8.114467,PT-S1,Control/Other
PT,PT,3704::SEACell-63,-4.6436706,8.651234,PT-S1,Control/Other
PT,PT,3704::SEACell-64,-4.1184974,3.1113968,PT-S3,Control/Other
PT,PT,3704::SEACell-65,-4.323494,8.30675,PT-S1,Control/Other
PT,PT,3704::SEACell-66,-2.4149945,4.657831,PT-S3,Control/Other
PT,PT,3704::SEACell-67,-1.4394606,8.779674,aPT-S1/S2,Control/Other
PT,PT,3704::SEACell-68,-4.0760016,8.1043005,PT-S1,Control/Other
PT,PT,3704::SEACell-69,1.107743,9.861399,frPT-S1/S2,Control/Other
PT,PT,3704::SEACell-7,-2.8341565,4.000625,PT-S3,Control/Other
PT,PT,3704::SEACell-70,-5.4062104,8.92559,PT-S1,Control/Other
PT,PT,3704::SEACell-71,0.44494635,7.597765,aPT1,Control/Other
PT,PT,3704::SEACell-72,-0.65807277,9.486616,aPT-S1/S2,Control/Other
PT,PT,3704::SEACell-73,-3.9137766,7.631224,PT-S2,Control/Other
PT,PT,3704::SEACell-74,-3.5794203,8.074546,PT-S1,Control/Other
PT,PT,3704::SEACell-75,-2.3676121,5.224939,PT-S3,Control/Other
PT,PT,3704::SEACell-76,-0.050822813,8.862456,aPT1,Control/Other
PT,PT,3704::SEACell-77,-1.4192841,8.7225485,PT-S1,Control/Other
PT,PT,3704::SEACell-78,1.7381483,8.130651,aPT1,Control/Other
PT,PT,3704::SEACell-79,-4.224621,8.226122,PT-S1,Control/Other
PT,PT,3704::SEACell-8,1.8449748,8.506097,aPT1,Control/Other
PT,PT,3704::SEACell-80,-4.1055646,7.969515,PT-S1,Control/Other
PT,PT,3704::SEACell-81,-3.841975,7.939236,PT-S1,Control/Other
PT,PT,3704::SEACell-82,-4.758227,8.772162,PT-S1,Control/Other
PT,PT,3704::SEACell-83,-4.74945,8.703285,PT-S1,Control/Other
PT,PT,3704::SEACell-84,-2.684085,4.2808757,PT-S3,Control/Other
PT,PT,3704::SEACell-85,0.2576886,9.59915,aPT1,Control/Other
PT,PT,3704::SEACell-86,-4.620561,8.863604,PT-S1,Control/Other
PT,PT,3704::SEACell-87,-1.4096569,9.2012825,aPT-S1/S2,Control/Other
PT,PT,3704::SEACell-88,-4.6974792,8.551507,PT-S1,Control/Other
PT,PT,3704::SEACell-89,2.091493,11.903055,aPT2,Control/Other
PT,PT,3704::SEACell-9,-1.751701,9.005846,PT-S1,Control/Other
PT,PT,3704::SEACell-90,-4.2369127,7.8480434,PT-S1,Control/Other
PT,PT,3704::SEACell-91,-4.974633,8.473522,PT-S1,Control/Other
PT,PT,3704::SEACell-92,-4.708085,8.8056135,PT-S1,Control/Other
PT,PT,3704::SEACell-93,-4.397893,7.913136,PT-S1,Control/Other
PT,PT,3704::SEACell-94,1.6940542,9.9290085,aPT2,Control/Other
PT,PT,3704::SEACell-95,-1.9161997,8.977492,aPT-S1/S2,Control/Other
PT,PT,3704::SEACell-96,-3.1507728,7.601752,dPT-S1,Control/Other
PT,PT,3704::SEACell-97,-3.5990376,3.234449,PT-S3,Control/Other
PT,PT,3704::SEACell-98,3.6539943,11.985682,aPT1,Control/Other
PT,PT,3704::SEACell-99,3.4898424,12.145487,dPT-S1,Control/Other
PT,PT,3711::SEACell-0,1.7392224,10.146791,aPT1,Control/Other
PT,PT,3711::SEACell-1,1.5001154,9.67624,aPT1,Control/Other
PT,PT,3711::SEACell-10,1.6195357,9.446453,aPT1,Control/Other
PT,PT,3711::SEACell-11,-2.6424518,9.711582,PT-S1,Control/Other
PT,PT,3711::SEACell-12,-1.6098953,8.536342,PT-S1,Control/Other
PT,PT,3711::SEACell-13,1.3197268,8.852068,aPT1,Control/Other
PT,PT,3711::SEACell-14,-1.6449786,8.434698,PT-S1,Control/Other
PT,PT,3711::SEACell-15,-2.3546605,9.579922,PT-S1,Control/Other
PT,PT,3711::SEACell-16,1.3506299,8.341962,aPT1,Control/Other
PT,PT,3711::SEACell-17,2.1650057,10.774143,aPT1,Control/Other
PT,PT,3711::SEACell-18,0.69292927,8.071361,aPT1,Control/Other
PT,PT,3711::SEACell-19,0.07438717,7.0429263,PT-S3,Control/Other
PT,PT,3711::SEACell-2,0.15130608,7.0972366,PT-S3,Control/Other
PT,PT,3711::SEACell-20,-1.9042598,8.367958,PT-S1,Control/Other
PT,PT,3711::SEACell-21,2.0449417,11.025859,aPT2,Control/Other
PT,PT,3711::SEACell-22,-0.79086035,8.316303,aPT-S1/S2,Control/Other
PT,PT,3711::SEACell-23,-2.4301698,9.289391,PT-S1,Control/Other
PT,PT,3711::SEACell-24,2.3247368,11.806092,aPT2,Control/Other
PT,PT,3711::SEACell-25,1.3031641,9.4623785,aPT2,Control/Other
PT,PT,3711::SEACell-26,-1.546275,8.077477,PT-S2,Control/Other
PT,PT,3711::SEACell-27,1.6946878,9.97956,frPT-S1/S2,Control/Other
PT,PT,3711::SEACell-28,1.3323587,9.179835,frPT-S1/S2,Control/Other
PT,PT,3711::SEACell-29,1.759563,9.703175,frPT-S1/S2,Control/Other
PT,PT,3711::SEACell-3,1.8393142,10.281586,aPT1,Control/Other
PT,PT,3711::SEACell-30,1.2975312,8.224613,aPT1,Control/Other
PT,PT,3711::SEACell-31,-2.035797,8.371411,PT-S1,Control/Other
PT,PT,3711::SEACell-33,-0.8791528,8.144778,aPT-S1/S2,Control/Other
PT,PT,3711::SEACell-34,-2.3834267,9.6198435,PT-S1,Control/Other
PT,PT,3711::SEACell-35,-0.23359533,6.7014747,PT-S3,Control/Other
PT,PT,3711::SEACell-36,-0.593357,8.373613,dPT-S1,Control/Other
PT,PT,3711::SEACell-37,0.37133163,7.4396467,PT-S3,Control/Other
PT,PT,3711::SEACell-38,-1.3482682,8.333377,PT-S1,Control/Other
PT,PT,3711::SEACell-39,1.2267492,8.89021,aPT-S1/S2,Control/Other
PT,PT,3711::SEACell-4,1.6047313,9.836181,frPT-S1/S2,Control/Other
PT,PT,3711::SEACell-40,-0.9742093,8.0931835,aPT-S1/S2,Control/Other
PT,PT,3711::SEACell-41,-2.685896,9.900591,PT-S1,Control/Other
PT,PT,3711::SEACell-42,3.4431906,11.821277,aPT1,Control/Other
PT,PT,3711::SEACell-43,-0.17122364,6.73757,PT-S3,Control/Other
PT,PT,3711::SEACell-44,-2.2984536,9.538207,PT-S1,Control/Other
PT,PT,3711::SEACell-45,3.4768398,11.296677,aPT-S3,Control/Other
PT,PT,3711::SEACell-46,-1.0664088,8.248045,PT-S1,Control/Other
PT,PT,3711::SEACell-47,-2.103261,9.316427,PT-S1,Control/Other
PT,PT,3711::SEACell-48,-1.4882962,8.215386,PT-S1,Control/Other
PT,PT,3711::SEACell-49,-1.2860742,7.7757335,aPT-S1/S2,Control/Other
PT,PT,3711::SEACell-5,-0.36584958,8.331073,aPT-S1/S2,Control/Other
PT,PT,3711::SEACell-50,0.7410077,9.056386,aPT2,Control/Other
PT,PT,3711::SEACell-51,0.014043641,6.998781,PT-S3,Control/Other
PT,PT,3711::SEACell-52,-1.0049409,8.325786,PT-S1,Control/Other
PT,PT,3711::SEACell-53,1.8404893,10.326455,frPT-S1/S2,Control/Other
PT,PT,3711::SEACell-54,2.08901,11.117778,aPT2,Control/Other
PT,PT,3711::SEACell-55,3.5932057,11.773148,dPT,Control/Other
PT,PT,3711::SEACell-56,-0.2152373,6.583525,PT-S3,Control/Other
PT,PT,3711::SEACell-57,0.90056396,8.568829,frPT-S1/S2,Control/Other
PT,PT,3711::SEACell-58,-1.7597964,8.283734,PT-S1,Control/Other
PT,PT,3711::SEACell-59,0.832222,7.708359,aPT-S3,Control/Other
PT,PT,3711::SEACell-6,1.5059958,9.453073,aPT1,Control/Other
PT,PT,3711::SEACell-60,-1.6257972,7.827393,dPT-S1,Control/Other
PT,PT,3711::SEACell-61,-1.5311254,8.551342,PT-S1,Control/Other
PT,PT,3711::SEACell-62,1.2603798,9.337723,frPT-S1/S2,Control/Other
PT,PT,3711::SEACell-63,-1.0607697,6.6065516,dPT-S1,Control/Other
PT,PT,3711::SEACell-64,0.513984,7.6706867,PT-S3,Control/Other
PT,PT,3711::SEACell-65,3.3498302,11.721222,aPT2,Control/Other
PT,PT,3711::SEACell-66,-2.1468499,9.293649,PT-S1,Control/Other
PT,PT,3711::SEACell-67,0.66190296,7.6571436,aPT-S3,Control/Other
PT,PT,3711::SEACell-68,-2.633937,9.832796,PT-S1,Control/Other
PT,PT,3711::SEACell-69,1.3610213,8.9830265,aPT-S1/S2,Control/Other
PT,PT,3711::SEACell-7,-1.2267272,5.7332096,PT-S3,Control/Other
PT,PT,3711::SEACell-70,1.9795707,10.630357,frPT-S1/S2,Control/Other
PT,PT,3711::SEACell-71,3.1826594,11.518075,aPT1,Control/Other
PT,PT,3711::SEACell-72,-0.7142082,13.164556,dPT-S1,Control/Other
PT,PT,3711::SEACell-73,-1.7316246,8.557944,PT-S1,Control/Other
PT,PT,3711::SEACell-74,-0.23424579,8.409139,aPT-S1/S2,Control/Other
PT,PT,3711::SEACell-75,-2.540542,9.776721,PT-S1,Control/Other
PT,PT,3711::SEACell-76,-1.5187888,7.999575,PT-S2,Control/Other
PT,PT,3711::SEACell-77,-1.7016834,8.434712,PT-S1,Control/Other
PT,PT,3711::SEACell-78,1.6833789,10.057642,frPT-S1/S2,Control/Other
PT,PT,3711::SEACell-79,-2.534363,9.904173,PT-S1,Control/Other
PT,PT,3711::SEACell-8,-2.1370654,9.217581,PT-S1,Control/Other
PT,PT,3711::SEACell-80,0.15238032,7.0973425,PT-S3,Control/Other
PT,PT,3711::SEACell-81,1.513175,9.954738,frPT-S1/S2,Control/Other
PT,PT,3711::SEACell-82,2.1720257,11.531629,aPT2,Control/Other
PT,PT,3711::SEACell-83,-2.4869685,9.542444,PT-S1,Control/Other
PT,PT,3711::SEACell-84,-1.4613296,7.5922084,PT-S2,Control/Other
PT,PT,3711::SEACell-85,3.6031673,11.7392235,dPT,Control/Other
PT,PT,3711::SEACell-86,0.34275728,7.2615104,aPT-S3,Control/Other
PT,PT,3711::SEACell-87,-1.783895,7.91376,PT-S2,Control/Other
PT,PT,3711::SEACell-9,0.59430265,7.47852,aPT-S3,Control/Other
PT,PT,3712::SEACell-0,-1.7226461,-2.8824728,PT-S1,Control/Other
PT,PT,3712::SEACell-1,3.0732896,9.216159,aPT1,Control/Other
PT,PT,3712::SEACell-10,-1.5189589,-4.1751556,PT-S1,Control/Other
PT,PT,3712::SEACell-11,-2.5977213,0.76108307,PT-S3,Control/Other
PT,PT,3712::SEACell-12,-3.3677502,2.2165322,PT-S3,Control/Other
PT,PT,3712::SEACell-13,-3.4048173,2.0044394,PT-S3,Control/Other
PT,PT,3712::SEACell-14,-2.3898711,-4.6927176,PT-S1,Control/Other
PT,PT,3712::SEACell-15,-4.0688396,1.7062017,PT-S3,Control/Other
PT,PT,3712::SEACell-16,-2.2061179,-2.567238,PT-S1,Control/Other
PT,PT,3712::SEACell-17,-2.5626583,1.0894833,PT-S3,Control/Other
PT,PT,3712::SEACell-18,-3.1598198,2.094769,PT-S3,Control/Other
PT,PT,3712::SEACell-19,2.889169,8.976421,aPT-S3,Control/Other
PT,PT,3712::SEACell-2,-2.673686,1.1323324,PT-S3,Control/Other
PT,PT,3712::SEACell-20,-1.1231532,-3.9994102,PT-S1,Control/Other
PT,PT,3712::SEACell-21,-0.89804024,-3.677966,PT-S1,Control/Other
PT,PT,3712::SEACell-22,-4.0110674,0.84038156,PT-S3,Control/Other
PT,PT,3712::SEACell-23,2.7404857,8.451613,PT-S3,Control/Other
PT,PT,3712::SEACell-24,-3.5305336,2.1079147,PT-S3,Control/Other
PT,PT,3712::SEACell-25,-1.7441355,-2.551112,PT-S1,Control/Other
PT,PT,3712::SEACell-26,-3.5917845,2.045532,PT-S3,Control/Other
PT,PT,3712::SEACell-27,2.7356856,8.821895,aPT1,Control/Other
PT,PT,3712::SEACell-28,-3.1397378,-0.20399813,PT-S3,Control/Other
PT,PT,3712::SEACell-29,-4.3753724,2.118049,PT-S3,Control/Other
PT,PT,3712::SEACell-3,-2.653083,-1.9450215,PT-S2,Control/Other
PT,PT,3712::SEACell-30,-1.9095334,-2.513502,PT-S1,Control/Other
PT,PT,3712::SEACell-31,-3.384196,1.5435815,PT-S3,Control/Other
PT,PT,3712::SEACell-32,3.011491,8.58095,aPT-S1/S2,Control/Other
PT,PT,3712::SEACell-33,-3.4170697,2.1774433,PT-S3,Control/Other
PT,PT,3712::SEACell-34,-2.4300935,0.6956323,PT-S3,Control/Other
PT,PT,3712::SEACell-35,3.0965197,8.688479,aPT1,Control/Other
PT,PT,3712::SEACell-36,-1.754183,-3.7301767,PT-S1,Control/Other
PT,PT,3712::SEACell-37,-2.6392543,-2.3243957,PT-S1,Control/Other
PT,PT,3712::SEACell-38,-2.360759,-1.4511768,PT-S1,Control/Other
PT,PT,3712::SEACell-39,-2.6331723,0.53861505,PT-S3,Control/Other
PT,PT,3712::SEACell-4,-2.4401734,1.0981467,PT-S3,Control/Other
PT,PT,3712::SEACell-40,3.0187364,9.320402,aPT-S3,Control/Other
PT,PT,3712::SEACell-41,-2.1940608,-2.2455113,PT-S1,Control/Other
PT,PT,3712::SEACell-42,-2.436245,-1.2139109,PT-S2,Control/Other
PT,PT,3712::SEACell-43,-2.0263526,-2.7170842,PT-S1,Control/Other
PT,PT,3712::SEACell-44,2.998929,8.52731,aPT1,Control/Other
PT,PT,3712::SEACell-45,3.8009944,8.825279,aPT1,Control/Other
PT,PT,3712::SEACell-46,-1.6103498,-4.326585,PT-S1,Control/Other
PT,PT,3712::SEACell-47,-3.3414867,-2.3241625,PT-S1,Control/Other
PT,PT,3712::SEACell-48,-2.1056967,-1.2099887,PT-S2,Control/Other
PT,PT,3712::SEACell-49,4.3590055,9.216075,frPT-S1/S2,Control/Other
PT,PT,3712::SEACell-5,-4.024041,2.0516365,PT-S3,Control/Other
PT,PT,3712::SEACell-50,-2.0460632,-4.490811,PT-S1,Control/Other
PT,PT,3712::SEACell-51,-1.3911272,-4.004884,PT-S1,Control/Other
PT,PT,3712::SEACell-52,-2.274077,-2.4922616,PT-S1,Control/Other
PT,PT,3712::SEACell-53,-1.4431528,-2.810727,PT-S1,Control/Other
PT,PT,3712::SEACell-54,3.2702763,11.022929,aPT1,Control/Other
PT,PT,3712::SEACell-55,3.648897,11.79717,dPT,Control/Other
PT,PT,3712::SEACell-56,-1.5995411,12.408496,dPT-S1,Control/Other
PT,PT,3712::SEACell-57,-3.6054509,2.0862722,PT-S3,Control/Other
PT,PT,3712::SEACell-58,-2.8951442,-4.7858667,PT-S1,Control/Other
PT,PT,3712::SEACell-59,-1.7542526,13.034164,PT-S3,Control/Other
PT,PT,3712::SEACell-6,-3.1074438,-1.0281763,PT-S2,Control/Other
PT,PT,3712::SEACell-60,-3.3758242,1.8824986,PT-S3,Control/Other
PT,PT,3712::SEACell-61,3.1265404,8.757694,aPT1,Control/Other
PT,PT,3712::SEACell-62,2.8276484,8.738041,aPT1,Control/Other
PT,PT,3712::SEACell-63,-1.8662429,-3.24133,PT-S1,Control/Other
PT,PT,3712::SEACell-64,-2.5683362,1.2488005,PT-S3,Control/Other
PT,PT,3712::SEACell-65,-4.719575,2.2977715,PT-S3,Control/Other
PT,PT,3712::SEACell-66,-3.6735592,1.687664,PT-S3,Control/Other
PT,PT,3712::SEACell-67,-1.8772161,-4.189986,PT-S1,Control/Other
PT,PT,3712::SEACell-68,-2.5807683,0.9050766,PT-S3,Control/Other
PT,PT,3712::SEACell-69,2.876116,8.764676,aPT-S3,Control/Other
PT,PT,3712::SEACell-7,-3.355247,1.9474682,PT-S3,Control/Other
PT,PT,3712::SEACell-71,3.0014148,8.896397,aPT-S3,Control/Other
PT,PT,3712::SEACell-72,-1.8325533,-3.2507193,PT-S1,Control/Other
PT,PT,3712::SEACell-73,-3.517566,2.1306975,PT-S3,Control/Other
PT,PT,3712::SEACell-74,-2.5586598,-1.0514679,PT-S2,Control/Other
PT,PT,3712::SEACell-75,-4.5049486,2.094213,PT-S3,Control/Other
PT,PT,3712::SEACell-8,-1.7091854,-4.404825,PT-S1,Control/Other
PT,PT,3712::SEACell-9,-2.4482493,-1.6471372,PT-S2,Control/Other
PT,PT,3715::SEACell-0,3.0148835,9.906501,aPT1,Control/Other
PT,PT,3715::SEACell-1,3.0995896,10.109518,aPT1,Control/Other
PT,PT,3716::SEACell-0,-1.067333,6.8645434,PT-S1,CKD
PT,PT,3716::SEACell-1,0.56818014,8.328098,dPT-S1,CKD
PT,PT,3716::SEACell-10,3.2352598,10.2035,frPT-S3,CKD
PT,PT,3716::SEACell-11,1.5237027,8.213124,aPT-S1/S2,CKD
PT,PT,3716::SEACell-12,1.4484518,8.0751705,aPT-S1/S2,CKD
PT,PT,3716::SEACell-13,0.9953313,8.241936,aPT-S1/S2,CKD
PT,PT,3716::SEACell-14,0.89754504,7.631001,dPT-S1,CKD
PT,PT,3716::SEACell-15,0.30963835,13.313038,dPT-S1,CKD
PT,PT,3716::SEACell-16,0.7342509,13.7386465,dPT-S1,CKD
PT,PT,3716::SEACell-17,1.0139916,8.043813,PT-S1,CKD
PT,PT,3716::SEACell-18,0.67625606,7.6829467,PT-S3,CKD
PT,PT,3716::SEACell-19,2.0517025,8.733257,frPT-S3,CKD
PT,PT,3716::SEACell-2,1.107079,7.6943827,PT-S3,CKD
PT,PT,3716::SEACell-20,0.89798474,14.496098,dPT-S1,CKD
PT,PT,3716::SEACell-21,1.4552404,8.0389805,aPT-S1/S2,CKD
PT,PT,3716::SEACell-22,1.114773,7.895151,PT-S2,CKD
PT,PT,3716::SEACell-23,1.5156643,8.480589,frPT-S3,CKD
PT,PT,3716::SEACell-24,1.8340888,8.392272,aPT1,CKD
PT,PT,3716::SEACell-25,1.3622092,7.959154,dPT-S1,CKD
PT,PT,3716::SEACell-26,1.1170104,8.393978,PT-S1,CKD
PT,PT,3716::SEACell-27,-0.5341367,14.402856,dPT-S1,CKD
PT,PT,3716::SEACell-28,-0.3679639,12.968826,dPT-S1,CKD
PT,PT,3716::SEACell-29,1.9277668,8.417831,aPT1,CKD
PT,PT,3716::SEACell-3,1.8172262,8.28353,aPT1,CKD
PT,PT,3716::SEACell-31,1.000595,7.8700004,PT-S3,CKD
PT,PT,3716::SEACell-32,1.8437577,8.507843,aPT1,CKD
PT,PT,3716::SEACell-33,1.0430833,8.305059,PT-S1,CKD
PT,PT,3716::SEACell-34,-0.4466512,15.010062,dPT-S1,CKD
PT,PT,3716::SEACell-4,0.42708468,15.377536,dPT-S1,CKD
PT,PT,3716::SEACell-5,1.0642451,8.273385,dPT-S1,CKD
PT,PT,3716::SEACell-6,1.8214736,7.767689,PT-S3,CKD
PT,PT,3716::SEACell-7,1.7710593,8.622276,frPT-S1/S2,CKD
PT,PT,3716::SEACell-8,1.4971262,8.291558,aPT-S1/S2,CKD
PT,PT,3716::SEACell-9,2.127091,8.429637,aPT1,CKD
PT,PT,3723::SEACell-0,-4.1724176,-2.9638898,PT-S1,Control/Other
PT,PT,3723::SEACell-1,-3.1721022,-3.2708242,PT-S1,Control/Other
PT,PT,3723::SEACell-10,-5.19174,2.1514196,PT-S3,Control/Other
PT,PT,3723::SEACell-100,-3.3804598,-4.0803084,PT-S1,Control/Other
PT,PT,3723::SEACell-101,3.414763,8.559036,aPT1,Control/Other
PT,PT,3723::SEACell-102,1.0437245,-2.1483855,PT-S1,Control/Other
PT,PT,3723::SEACell-103,1.1813856,-2.7227209,PT-S1,Control/Other
PT,PT,3723::SEACell-104,0.20092039,0.85542583,PT-S3,Control/Other
PT,PT,3723::SEACell-105,4.1509995,9.465482,frPT-S1/S2,Control/Other
PT,PT,3723::SEACell-106,-5.044319,2.2266884,PT-S3,Control/Other
PT,PT,3723::SEACell-107,-5.03014,2.3634305,PT-S3,Control/Other
PT,PT,3723::SEACell-108,3.269067,8.552628,aPT-S3,Control/Other
PT,PT,3723::SEACell-109,-3.4552965,-3.340082,PT-S1,Control/Other
PT,PT,3723::SEACell-11,3.4532616,9.223976,aPT1,Control/Other
PT,PT,3723::SEACell-110,-4.217219,-4.3675494,PT-S1,Control/Other
PT,PT,3723::SEACell-111,-3.096933,-3.2701104,PT-S1,Control/Other
PT,PT,3723::SEACell-112,-3.3269978,2.7682037,aPT-S3,Control/Other
PT,PT,3723::SEACell-113,4.294807,9.344228,aPT1,Control/Other
PT,PT,3723::SEACell-114,-3.0848825,-3.4381459,PT-S1,Control/Other
PT,PT,3723::SEACell-115,-3.4336116,-3.3393886,PT-S1,Control/Other
PT,PT,3723::SEACell-116,-5.0125995,2.0476043,PT-S3,Control/Other
PT,PT,3723::SEACell-117,4.093185,9.2246895,frPT-S1/S2,Control/Other
PT,PT,3723::SEACell-118,3.3814797,8.535745,aPT1,Control/Other
PT,PT,3723::SEACell-119,1.1248147,-1.2244763,PT-S1,Control/Other
PT,PT,3723::SEACell-12,0.9972469,-2.2210546,PT-S1,Control/Other
PT,PT,3723::SEACell-120,-4.851676,2.247527,PT-S3,Control/Other
PT,PT,3723::SEACell-121,-3.0808785,-3.6862404,PT-S1,Control/Other
PT,PT,3723::SEACell-122,3.3592532,8.325414,aPT1,Control/Other
PT,PT,3723::SEACell-123,-5.0511003,2.3314326,PT-S3,Control/Other
PT,PT,3723::SEACell-124,-1.7656461,1.2467552,PT-S3,Control/Other
PT,PT,3723::SEACell-125,3.670407,8.8310175,aPT1,Control/Other
PT,PT,3723::SEACell-126,3.8254974,9.253185,aPT1,Control/Other
PT,PT,3723::SEACell-127,1.4334893,-2.2030816,PT-S1,Control/Other
PT,PT,3723::SEACell-128,-3.3059042,-3.88112,PT-S1,Control/Other
PT,PT,3723::SEACell-129,-5.3118806,2.163098,PT-S3,Control/Other
PT,PT,3723::SEACell-13,1.276409,-1.0170422,PT-S1,Control/Other
PT,PT,3723::SEACell-130,-3.647426,-3.0240648,PT-S1,Control/Other
PT,PT,3723::SEACell-131,-4.8695984,1.3882008,PT-S2,Control/Other
PT,PT,3723::SEACell-132,3.6629317,12.015487,frPT-S3,Control/Other
PT,PT,3723::SEACell-133,-4.1126285,-2.9934165,dPT-S1,Control/Other
PT,PT,3723::SEACell-134,3.6786888,9.558648,frPT-S1/S2,Control/Other
PT,PT,3723::SEACell-135,3.8029737,8.7523155,aPT1,Control/Other
PT,PT,3723::SEACell-136,-4.7020125,2.0228555,PT-S3,Control/Other
PT,PT,3723::SEACell-137,-3.2649148,-3.9705465,PT-S1,Control/Other
PT,PT,3723::SEACell-138,0.84164834,-2.5547948,PT-S1,Control/Other
PT,PT,3723::SEACell-139,-3.5608125,-3.063244,PT-S1,Control/Other
PT,PT,3723::SEACell-140,3.9740016,8.840204,aPT1,Control/Other
PT,PT,3723::SEACell-141,0.13490331,1.3092521,PT-S3,Control/Other
PT,PT,3723::SEACell-142,-3.4220626,-3.245764,PT-S1,Control/Other
PT,PT,3723::SEACell-143,3.3844712,8.4313,aPT-S3,Control/Other
PT,PT,3723::SEACell-144,-4.8835816,2.2951052,PT-S3,Control/Other
PT,PT,3723::SEACell-145,-5.2381554,2.071951,PT-S3,Control/Other
PT,PT,3723::SEACell-146,4.155992,8.953462,frPT-S1/S2,Control/Other
PT,PT,3723::SEACell-147,-4.9322977,1.5039369,PT-S2,Control/Other
PT,PT,3723::SEACell-148,-3.3545325,-2.9165282,PT-S1,Control/Other
PT,PT,3723::SEACell-149,-3.300571,-3.1918302,PT-S1,Control/Other
PT,PT,3723::SEACell-15,-5.2889056,1.550329,dPT-S1,Control/Other
PT,PT,3723::SEACell-150,-3.4380686,-3.2162583,PT-S1,Control/Other
PT,PT,3723::SEACell-151,-5.1947627,0.9110506,PT-S2,Control/Other
PT,PT,3723::SEACell-152,3.5865574,8.626218,aPT2,Control/Other
PT,PT,3723::SEACell-153,-4.3683004,1.7799792,PT-S3,Control/Other
PT,PT,3723::SEACell-154,-3.2001035,-3.940846,PT-S1,Control/Other
PT,PT,3723::SEACell-155,-5.0767617,2.4304357,PT-S3,Control/Other
PT,PT,3723::SEACell-156,-4.322642,2.502595,PT-S3,Control/Other
PT,PT,3723::SEACell-157,-3.569242,-3.820752,PT-S1,Control/Other
PT,PT,3723::SEACell-158,-3.3354712,-3.3871956,PT-S1,Control/Other
PT,PT,3723::SEACell-159,-3.7574246,-2.987529,dPT-S1,Control/Other
PT,PT,3723::SEACell-16,-4.9714856,2.1522195,PT-S3,Control/Other
PT,PT,3723::SEACell-160,-4.486386,-4.495127,PT-S1,Control/Other
PT,PT,3723::SEACell-161,3.6267586,9.28778,aPT1,Control/Other
PT,PT,3723::SEACell-162,4.322689,9.299214,aPT1,Control/Other
PT,PT,3723::SEACell-163,3.2102048,9.615931,dPT-S1,Control/Other
PT,PT,3723::SEACell-164,-3.1514628,-3.6398153,PT-S1,Control/Other
PT,PT,3723::SEACell-165,-3.9639938,-2.8771253,PT-S1,Control/Other
PT,PT,3723::SEACell-166,-3.6324136,-3.8172584,PT-S1,Control/Other
PT,PT,3723::SEACell-167,-2.4003356,-2.652649,PT-S1,Control/Other
PT,PT,3723::SEACell-168,-5.1434813,1.9246498,PT-S3,Control/Other
PT,PT,3723::SEACell-169,-4.678051,2.4119549,PT-S3,Control/Other
PT,PT,3723::SEACell-17,3.5231693,9.507083,frPT-S1/S2,Control/Other
PT,PT,3723::SEACell-170,-3.574136,-3.1619828,PT-S1,Control/Other
PT,PT,3723::SEACell-171,4.165724,9.289217,frPT-S1/S2,Control/Other
PT,PT,3723::SEACell-172,3.8737454,9.458061,frPT-S1/S2,Control/Other
PT,PT,3723::SEACell-173,0.43685013,0.2613885,PT-S2,Control/Other
PT,PT,3723::SEACell-174,-4.88504,1.6775538,PT-S2,Control/Other
PT,PT,3723::SEACell-175,-5.2941303,1.3078607,PT-S2,Control/Other
PT,PT,3723::SEACell-176,-3.2980602,-2.9767978,PT-S1,Control/Other
PT,PT,3723::SEACell-177,-3.1098008,-3.6965673,PT-S1,Control/Other
PT,PT,3723::SEACell-178,-3.1189082,-3.6758616,PT-S1,Control/Other
PT,PT,3723::SEACell-179,3.9934657,9.1818695,frPT-S1/S2,Control/Other
PT,PT,3723::SEACell-18,-3.2619925,-3.6034243,PT-S1,Control/Other
PT,PT,3723::SEACell-180,-3.4119189,-2.9919925,PT-S1,Control/Other
PT,PT,3723::SEACell-181,-3.048031,-3.705975,PT-S1,Control/Other
PT,PT,3723::SEACell-182,-4.9923525,2.2492716,PT-S3,Control/Other
PT,PT,3723::SEACell-183,3.3970282,8.355301,aPT1,Control/Other
PT,PT,3723::SEACell-184,4.0592446,9.612177,frPT-S1/S2,Control/Other
PT,PT,3723::SEACell-185,4.3497458,9.033324,frPT-S1/S2,Control/Other
PT,PT,3723::SEACell-186,-3.0511231,-3.847632,PT-S1,Control/Other
PT,PT,3723::SEACell-187,-5.1785016,1.7143635,PT-S3,Control/Other
PT,PT,3723::SEACell-188,-4.8710175,2.2490604,PT-S3,Control/Other
PT,PT,3723::SEACell-189,-5.1523747,2.2053812,PT-S3,Control/Other
PT,PT,3723::SEACell-19,-3.1504214,-3.8885853,PT-S1,Control/Other
PT,PT,3723::SEACell-190,-3.3781857,-4.056647,PT-S1,Control/Other
PT,PT,3723::SEACell-2,-3.3223495,-3.8098474,PT-S1,Control/Other
PT,PT,3723::SEACell-20,-3.0707052,-3.6913857,PT-S1,Control/Other
PT,PT,3723::SEACell-21,-3.7895231,-3.344483,PT-S1,Control/Other
PT,PT,3723::SEACell-22,-3.3837886,-4.048232,PT-S1,Control/Other
PT,PT,3723::SEACell-23,-3.3843422,-2.8951735,PT-S1,Control/Other
PT,PT,3723::SEACell-25,-5.198262,2.1934705,PT-S3,Control/Other
PT,PT,3723::SEACell-26,-4.806242,1.7197881,PT-S3,Control/Other
PT,PT,3723::SEACell-27,-3.20264,-3.866368,PT-S1,Control/Other
PT,PT,3723::SEACell-28,-3.4736984,-3.9371083,PT-S1,Control/Other
PT,PT,3723::SEACell-29,-4.772026,2.240282,PT-S3,Control/Other
PT,PT,3723::SEACell-30,-3.3110163,-2.928247,PT-S1,Control/Other
PT,PT,3723::SEACell-31,-1.3155601,-2.3699167,PT-S1,Control/Other
PT,PT,3723::SEACell-32,3.8578367,9.405362,frPT-S1/S2,Control/Other
PT,PT,3723::SEACell-33,-3.6384015,-3.720055,PT-S1,Control/Other
PT,PT,3723::SEACell-34,-4.9190946,2.2849886,PT-S3,Control/Other
PT,PT,3723::SEACell-35,-5.1027384,1.5835557,PT-S2,Control/Other
PT,PT,3723::SEACell-36,-3.5115051,-3.7356305,PT-S1,Control/Other
PT,PT,3723::SEACell-37,5.268801,6.0358787,frPT-S1/S2,Control/Other
PT,PT,3723::SEACell-38,4.2421694,9.501876,aPT2,Control/Other
PT,PT,3723::SEACell-39,-4.811178,1.6254824,PT-S2,Control/Other
PT,PT,3723::SEACell-4,-3.6264987,-3.4462883,PT-S1,Control/Other
PT,PT,3723::SEACell-40,-3.2064252,-3.8489525,PT-S1,Control/Other
PT,PT,3723::SEACell-41,-5.0904627,1.7368271,PT-S2,Control/Other
PT,PT,3723::SEACell-42,-5.0547357,1.443942,PT-S2,Control/Other
PT,PT,3723::SEACell-43,-3.3402019,-3.2622216,PT-S1,Control/Other
PT,PT,3723::SEACell-44,-5.0824604,1.6742141,PT-S3,Control/Other
PT,PT,3723::SEACell-45,-3.299032,-3.1558692,PT-S1,Control/Other
PT,PT,3723::SEACell-46,-4.612796,2.4551718,PT-S3,Control/Other
PT,PT,3723::SEACell-47,-4.778814,2.2645338,PT-S3,Control/Other
PT,PT,3723::SEACell-48,1.0436698,-0.6215886,PT-S2,Control/Other
PT,PT,3723::SEACell-49,4.073075,9.359547,frPT-S1/S2,Control/Other
PT,PT,3723::SEACell-5,-3.3253956,-3.501069,PT-S1,Control/Other
PT,PT,3723::SEACell-50,3.840754,8.412224,aPT1,Control/Other
PT,PT,3723::SEACell-51,-3.5104287,-3.6014907,PT-S1,Control/Other
PT,PT,3723::SEACell-52,-2.9606216,-3.4896574,PT-S1,Control/Other
PT,PT,3723::SEACell-54,-4.6471424,2.1881244,PT-S3,Control/Other
PT,PT,3723::SEACell-55,-3.4564219,-3.1848779,PT-S1,Control/Other
PT,PT,3723::SEACell-56,-5.115675,2.3633754,PT-S3,Control/Other
PT,PT,3723::SEACell-57,-5.312945,2.131862,PT-S3,Control/Other
PT,PT,3723::SEACell-58,-3.3427157,-2.899245,PT-S1,Control/Other
PT,PT,3723::SEACell-59,-4.9864135,1.4913198,PT-S2,Control/Other
PT,PT,3723::SEACell-6,-3.6809902,-3.3318365,PT-S1,Control/Other
PT,PT,3723::SEACell-60,-3.2993116,-3.265058,PT-S1,Control/Other
PT,PT,3723::SEACell-61,-3.50696,-4.085454,PT-S1,Control/Other
PT,PT,3723::SEACell-62,-4.9548244,2.2628396,PT-S3,Control/Other
PT,PT,3723::SEACell-63,3.0101476,7.981763,aPT-S3,Control/Other
PT,PT,3723::SEACell-64,-4.8996615,1.9948384,PT-S3,Control/Other
PT,PT,3723::SEACell-65,-3.138621,-3.4415834,PT-S1,Control/Other
PT,PT,3723::SEACell-66,3.9185624,9.745512,frPT-S1/S2,Control/Other
PT,PT,3723::SEACell-67,-5.0814867,2.2349122,PT-S3,Control/Other
PT,PT,3723::SEACell-68,-4.887394,2.4059682,PT-S3,Control/Other
PT,PT,3723::SEACell-69,-4.899269,2.3233702,PT-S3,Control/Other
PT,PT,3723::SEACell-7,3.5550618,8.745556,aPT1,Control/Other
PT,PT,3723::SEACell-70,-3.4675913,-3.3283663,PT-S1,Control/Other
PT,PT,3723::SEACell-71,-3.5072315,-3.7829545,PT-S1,Control/Other
PT,PT,3723::SEACell-72,-4.8133726,2.1187851,PT-S3,Control/Other
PT,PT,3723::SEACell-73,3.195133,7.9603486,aPT-S3,Control/Other
PT,PT,3723::SEACell-74,-5.1000657,1.3531916,PT-S2,Control/Other
PT,PT,3723::SEACell-75,-3.1210625,-3.8565261,PT-S1,Control/Other
PT,PT,3723::SEACell-76,-3.7464824,2.6424756,aPT-S3,Control/Other
PT,PT,3723::SEACell-77,-3.2062206,-3.6806324,PT-S1,Control/Other
PT,PT,3723::SEACell-78,-4.933488,2.2822418,PT-S3,Control/Other
PT,PT,3723::SEACell-79,-3.4080296,-3.3358634,PT-S1,Control/Other
PT,PT,3723::SEACell-8,3.4984927,8.557634,aPT1,Control/Other
PT,PT,3723::SEACell-80,-3.1888201,-3.3597202,PT-S1,Control/Other
PT,PT,3723::SEACell-81,3.5233774,9.709422,aPT1,Control/Other
PT,PT,3723::SEACell-82,3.938667,9.516443,frPT-S1/S2,Control/Other
PT,PT,3723::SEACell-83,-5.587562,1.1319312,dPT-S1,Control/Other
PT,PT,3723::SEACell-84,-3.3753586,-1.9007181,PT-S2,Control/Other
PT,PT,3723::SEACell-85,-5.258178,2.3794413,PT-S3,Control/Other
PT,PT,3723::SEACell-86,2.9596903,9.412485,aPT1,Control/Other
PT,PT,3723::SEACell-87,3.4278438,8.90009,aPT1,Control/Other
PT,PT,3723::SEACell-88,3.6304348,8.801921,aPT1,Control/Other
PT,PT,3723::SEACell-89,-4.7946186,1.6367047,PT-S3,Control/Other
PT,PT,3723::SEACell-9,2.1187398,8.966118,aPT1,Control/Other
PT,PT,3723::SEACell-90,-3.6945693,-3.8950415,PT-S1,Control/Other
PT,PT,3723::SEACell-91,-5.2527833,2.143416,PT-S3,Control/Other
PT,PT,3723::SEACell-92,4.433756,9.471357,frPT-S1/S2,Control/Other
PT,PT,3723::SEACell-93,3.036458,7.9433413,aPT-S3,Control/Other
PT,PT,3723::SEACell-94,-3.728044,-1.7148013,PT-S2,Control/Other
PT,PT,3723::SEACell-95,-4.6124454,2.346588,PT-S3,Control/Other
PT,PT,3723::SEACell-96,-4.325163,2.3939428,PT-S3,Control/Other
PT,PT,3723::SEACell-97,-3.2907581,-3.296712,PT-S1,Control/Other
PT,PT,3723::SEACell-98,-4.9053426,1.7418971,PT-S3,Control/Other
PT,PT,3723::SEACell-99,3.4580884,9.306846,aPT1,Control/Other
PT,PT,3728::SEACell-0,-4.604212,-2.7711413,dPT-S1,Control/Other
PT,PT,3728::SEACell-1,-4.5359845,-3.302278,PT-S1,Control/Other
PT,PT,3728::SEACell-10,-3.0046105,2.5091407,PT-S3,Control/Other
PT,PT,3728::SEACell-11,4.355505,8.860972,aPT1,Control/Other
PT,PT,3728::SEACell-12,-3.3183756,2.4041162,PT-S3,Control/Other
PT,PT,3728::SEACell-13,-3.061053,-2.381986,PT-S1,Control/Other
PT,PT,3728::SEACell-14,-2.9735081,3.1497867,aPT-S3,Control/Other
PT,PT,3728::SEACell-15,-4.5272803,2.7524252,PT-S3,Control/Other
PT,PT,3728::SEACell-16,-3.8757656,-2.807545,PT-S1,Control/Other
PT,PT,3728::SEACell-17,-4.1246786,2.5329719,PT-S3,Control/Other
PT,PT,3728::SEACell-18,-4.026184,-3.4038653,PT-S1,Control/Other
PT,PT,3728::SEACell-19,-3.5915349,-2.991878,PT-S1,Control/Other
PT,PT,3728::SEACell-2,-3.3183455,2.713466,PT-S3,Control/Other
PT,PT,3728::SEACell-20,4.22015,9.1478615,frPT-S1/S2,Control/Other
PT,PT,3728::SEACell-21,-3.823943,-3.4726868,PT-S1,Control/Other
PT,PT,3728::SEACell-22,-4.8526826,-2.8373585,dPT-S1,Control/Other
PT,PT,3728::SEACell-23,-3.174401,2.4045494,PT-S3,Control/Other
PT,PT,3728::SEACell-24,-4.4787807,-3.6607652,PT-S1,Control/Other
PT,PT,3728::SEACell-25,-0.8673604,14.817652,dPT-S1,Control/Other
PT,PT,3728::SEACell-26,-4.921005,-1.5044057,PT-S2,Control/Other
PT,PT,3728::SEACell-27,3.4380734,10.938522,dPT,Control/Other
PT,PT,3728::SEACell-28,-3.605929,-4.0987606,PT-S1,Control/Other
PT,PT,3728::SEACell-29,-1.1755075,14.843806,dPT-S1,Control/Other
PT,PT,3728::SEACell-3,-0.8562087,14.15919,dPT-S1,Control/Other
PT,PT,3728::SEACell-30,-1.9349426,-3.9121587,PT-S1,Control/Other
PT,PT,3728::SEACell-31,-3.529793,-3.1033561,PT-S1,Control/Other
PT,PT,3728::SEACell-32,-4.3049574,-2.847952,dPT-S1,Control/Other
PT,PT,3728::SEACell-33,-2.6686943,-2.987034,PT-S1,Control/Other
PT,PT,3728::SEACell-34,-1.3008695,14.298865,dPT-S1,Control/Other
PT,PT,3728::SEACell-35,-3.0400085,-3.38088,PT-S1,Control/Other
PT,PT,3728::SEACell-36,-2.9731941,-0.88286495,PT-S3,Control/Other
PT,PT,3728::SEACell-37,-3.7101805,-2.6638823,PT-S1,Control/Other
PT,PT,3728::SEACell-38,-3.6452634,-4.566594,PT-S1,Control/Other
PT,PT,3728::SEACell-39,3.4283166,8.837861,aPT1,Control/Other
PT,PT,3728::SEACell-4,-2.3101974,-4.5797653,PT-S1,Control/Other
PT,PT,3728::SEACell-40,-4.8699446,-2.8399093,dPT-S1,Control/Other
PT,PT,3728::SEACell-41,3.1159008,8.127917,aPT1,Control/Other
PT,PT,3728::SEACell-42,-3.5418584,-2.8876448,PT-S1,Control/Other
PT,PT,3728::SEACell-43,-4.616699,2.9362009,PT-S3,Control/Other
PT,PT,3728::SEACell-44,-2.542218,-4.564264,PT-S1,Control/Other
PT,PT,3728::SEACell-45,-3.828255,-4.1141105,PT-S1,Control/Other
PT,PT,3728::SEACell-46,-3.8588467,-3.188761,PT-S1,Control/Other
PT,PT,3728::SEACell-47,-1.2653987,14.706976,dPT-S1,Control/Other
PT,PT,3728::SEACell-48,-3.613995,-3.29495,PT-S1,Control/Other
PT,PT,3728::SEACell-49,-4.2074113,-4.170715,PT-S1,Control/Other
PT,PT,3728::SEACell-5,-3.0502548,2.7877793,aPT-S3,Control/Other
PT,PT,3728::SEACell-50,-4.852337,-1.8252659,dPT-S1,Control/Other
PT,PT,3728::SEACell-51,-4.6856413,2.8879745,PT-S3,Control/Other
PT,PT,3728::SEACell-52,-4.5356426,3.0518541,PT-S3,Control/Other
PT,PT,3728::SEACell-53,-4.6927285,2.9548151,PT-S3,Control/Other
PT,PT,3728::SEACell-54,-4.544125,-3.029229,PT-S1,Control/Other
PT,PT,3728::SEACell-55,-1.3615488,14.702637,dPT-S1,Control/Other
PT,PT,3728::SEACell-56,-3.2237866,-3.5761173,PT-S1,Control/Other
PT,PT,3728::SEACell-57,4.1105886,9.127806,frPT-S1/S2,Control/Other
PT,PT,3728::SEACell-58,-4.9374914,-1.9240618,PT-S2,Control/Other
PT,PT,3728::SEACell-6,-2.3954268,-4.4888816,PT-S1,Control/Other
PT,PT,3728::SEACell-7,-4.50321,3.0532858,PT-S3,Control/Other
PT,PT,3728::SEACell-8,-4.4332075,2.871146,PT-S3,Control/Other
PT,PT,3728::SEACell-9,-2.9612792,-4.762907,PT-S1,Control/Other
PT,PT,3775::SEACell-0,4.482352,5.001851,aPT1,Control/Other
PT,PT,3775::SEACell-1,2.419363,-0.39774257,PT-S1,Control/Other
PT,PT,3775::SEACell-10,5.0818043,4.9560933,aPT1,Control/Other
PT,PT,3775::SEACell-11,3.3065088,-0.79430324,PT-S1,Control/Other
PT,PT,3775::SEACell-12,0.81992364,1.045754,PT-S3,Control/Other
PT,PT,3775::SEACell-13,2.6300433,-0.532956,PT-S1,Control/Other
PT,PT,3775::SEACell-14,1.4047732,1.531556,PT-S3,Control/Other
PT,PT,3775::SEACell-15,1.8810889,0.75250065,PT-S2,Control/Other
PT,PT,3775::SEACell-16,1.6082934,1.3560907,PT-S3,Control/Other
PT,PT,3775::SEACell-17,0.5830522,1.6533332,PT-S3,Control/Other
PT,PT,3775::SEACell-18,3.2843468,-1.1112993,PT-S1,Control/Other
PT,PT,3775::SEACell-19,2.3540606,-0.2502646,PT-S2,Control/Other
PT,PT,3775::SEACell-2,2.2758796,-0.10664595,PT-S2,Control/Other
PT,PT,3775::SEACell-3,4.497837,5.0018225,aPT1,Control/Other
PT,PT,3775::SEACell-4,2.8434546,-0.799193,PT-S1,Control/Other
PT,PT,3775::SEACell-5,1.5406116,1.3668466,PT-S3,Control/Other
PT,PT,3775::SEACell-6,1.0819107,1.5174842,PT-S3,Control/Other
PT,PT,3775::SEACell-7,2.698911,-0.6792873,PT-S1,Control/Other
PT,PT,3775::SEACell-8,0.6412367,1.4386796,PT-S3,Control/Other
PT,PT,3775::SEACell-9,1.5303789,1.4092243,PT-S3,Control/Other
PT,PT,3778::SEACell-0,-2.2631726,8.455915,PT-S1,Control/Other
PT,PT,3778::SEACell-1,4.211156,2.0699284,PT-S1,Control/Other
PT,PT,3778::SEACell-10,-2.1706123,8.7373705,PT-S1,Control/Other
PT,PT,3778::SEACell-100,0.93293124,14.873121,dPT-S1,Control/Other
PT,PT,3778::SEACell-101,1.8076383,4.289195,aPT1,Control/Other
PT,PT,3778::SEACell-102,4.1020584,2.1493468,PT-S1,Control/Other
PT,PT,3778::SEACell-103,2.1539137,3.6003282,PT-S3,Control/Other
PT,PT,3778::SEACell-104,-0.6542241,12.613296,dPT-S1,Control/Other
PT,PT,3778::SEACell-105,0.8411533,15.326697,dPT-S1,Control/Other
PT,PT,3778::SEACell-106,2.064742,3.560177,PT-S3,Control/Other
PT,PT,3778::SEACell-107,3.357352,10.870798,aPT1,Control/Other
PT,PT,3778::SEACell-108,2.7714584,2.9514067,PT-S2,Control/Other
PT,PT,3778::SEACell-109,-2.424868,8.539364,PT-S1,Control/Other
PT,PT,3778::SEACell-11,3.0278633,2.7234952,PT-S1,Control/Other
PT,PT,3778::SEACell-110,-0.5222088,12.775223,dPT-S1,Control/Other
PT,PT,3778::SEACell-111,4.127183,2.1158378,PT-S1,Control/Other
PT,PT,3778::SEACell-112,3.7991345,2.3132222,PT-S1,Control/Other
PT,PT,3778::SEACell-113,-2.3293302,9.03731,PT-S1,Control/Other
PT,PT,3778::SEACell-114,2.9437342,2.6895325,PT-S2,Control/Other
PT,PT,3778::SEACell-115,-0.9933847,6.8465014,aPT-S1/S2,Control/Other
PT,PT,3778::SEACell-116,-3.132157,9.248451,PT-S1,Control/Other
PT,PT,3778::SEACell-117,-2.9254396,9.100741,PT-S1,Control/Other
PT,PT,3778::SEACell-118,3.003701,2.836531,PT-S2,Control/Other
PT,PT,3778::SEACell-119,-2.9038413,8.932829,PT-S1,Control/Other
PT,PT,3778::SEACell-12,3.7731597,2.2532876,PT-S1,Control/Other
PT,PT,3778::SEACell-120,-0.46350595,6.8404064,PT-S3,Control/Other
PT,PT,3778::SEACell-121,-0.33421403,7.0790777,PT-S3,Control/Other
PT,PT,3778::SEACell-122,-1.6931081,8.090535,dPT-S1,Control/Other
PT,PT,3778::SEACell-123,4.0396733,2.21086,PT-S1,Control/Other
PT,PT,3778::SEACell-124,-2.5541463,9.610945,PT-S1,Control/Other
PT,PT,3778::SEACell-125,-0.36890283,6.544001,PT-S3,Control/Other
PT,PT,3778::SEACell-126,-2.9133763,8.930144,PT-S1,Control/Other
PT,PT,3778::SEACell-127,-0.1459913,7.3952556,aPT-S3,Control/Other
PT,PT,3778::SEACell-128,-0.26745424,7.0782967,aPT-S3,Control/Other
PT,PT,3778::SEACell-129,-2.0427504,8.46138,dPT-S1,Control/Other
PT,PT,3778::SEACell-13,-2.2203767,8.368534,PT-S1,Control/Other
PT,PT,3778::SEACell-130,-0.77362686,12.033234,dPT-S1,Control/Other
PT,PT,3778::SEACell-133,-2.526414,9.601046,PT-S1,Control/Other
PT,PT,3778::SEACell-134,1.1406811,15.320519,dPT-S1,Control/Other
PT,PT,3778::SEACell-135,-0.7324633,6.9315133,PT-S2,Control/Other
PT,PT,3778::SEACell-136,3.1605015,2.553708,PT-S1,Control/Other
PT,PT,3778::SEACell-137,2.0375845,3.5112908,PT-S3,Control/Other
PT,PT,3778::SEACell-138,2.9131377,2.953662,PT-S2,Control/Other
PT,PT,3778::SEACell-139,4.050349,2.173652,PT-S1,Control/Other
PT,PT,3778::SEACell-14,3.9767869,2.239734,PT-S1,Control/Other
PT,PT,3778::SEACell-140,-2.804417,9.368451,PT-S1,Control/Other
PT,PT,3778::SEACell-141,-1.9593192,8.247738,PT-S2,Control/Other
PT,PT,3778::SEACell-142,3.9324675,2.3161974,PT-S1,Control/Other
PT,PT,3778::SEACell-143,-0.3594406,7.0894027,PT-S3,Control/Other
PT,PT,3778::SEACell-144,-0.5098591,6.6815934,PT-S3,Control/Other
PT,PT,3778::SEACell-145,-0.55534106,6.7082424,PT-S3,Control/Other
PT,PT,3778::SEACell-146,-0.6020675,6.6745315,PT-S3,Control/Other
PT,PT,3778::SEACell-147,-2.4206543,9.478091,PT-S1,Control/Other
PT,PT,3778::SEACell-148,-2.9917145,9.270808,PT-S1,Control/Other
PT,PT,3778::SEACell-149,1.1747129,15.255512,dPT-S1,Control/Other
PT,PT,3778::SEACell-15,2.952277,2.761358,PT-S2,Control/Other
PT,PT,3778::SEACell-150,-0.07708148,13.633806,dPT-S1,Control/Other
PT,PT,3778::SEACell-151,-2.7522168,9.809981,dPT-S1,Control/Other
PT,PT,3778::SEACell-152,1.7151499,8.572832,aPT1,Control/Other
PT,PT,3778::SEACell-153,3.1578577,2.8958526,PT-S2,Control/Other
PT,PT,3778::SEACell-154,3.9045703,2.5179603,aPT-S1/S2,Control/Other
PT,PT,3778::SEACell-155,3.010634,10.740837,aPT1,Control/Other
PT,PT,3778::SEACell-156,-1.9199667,8.25471,PT-S2,Control/Other
PT,PT,3778::SEACell-157,3.722271,2.3918984,PT-S1,Control/Other
PT,PT,3778::SEACell-158,2.3491857,4.195107,aPT1,Control/Other
PT,PT,3778::SEACell-159,-2.9853873,9.222126,PT-S1,Control/Other
PT,PT,3778::SEACell-16,-3.0522618,9.482676,PT-S1,Control/Other
PT,PT,3778::SEACell-160,-2.771129,9.356994,PT-S1,Control/Other
PT,PT,3778::SEACell-161,-0.679469,6.469426,PT-S3,Control/Other
PT,PT,3778::SEACell-162,1.8214746,3.4638698,PT-S3,Control/Other
PT,PT,3778::SEACell-163,2.5199714,3.7885506,aPT-S3,Control/Other
PT,PT,3778::SEACell-164,4.0940194,2.156606,PT-S1,Control/Other
PT,PT,3778::SEACell-165,-2.2103348,8.417004,PT-S1,Control/Other
PT,PT,3778::SEACell-166,-2.7747076,9.874566,PT-S1,Control/Other
PT,PT,3778::SEACell-167,-3.134738,9.025131,PT-S1,Control/Other
PT,PT,3778::SEACell-169,-0.666785,12.779874,dPT-S1,Control/Other
PT,PT,3778::SEACell-17,-2.8843935,9.5720625,PT-S1,Control/Other
PT,PT,3778::SEACell-170,1.8653613,8.834441,aPT-S3,Control/Other
PT,PT,3778::SEACell-171,2.9203618,2.9154246,PT-S2,Control/Other
PT,PT,3778::SEACell-172,3.3232584,11.489611,aPT1,Control/Other
PT,PT,3778::SEACell-174,-3.0503216,9.547735,PT-S1,Control/Other
PT,PT,3778::SEACell-175,1.0579505,15.419273,dPT-S1,Control/Other
PT,PT,3778::SEACell-176,1.8060181,4.2979393,aPT1,Control/Other
PT,PT,3778::SEACell-177,3.367664,10.956813,aPT1,Control/Other
PT,PT,3778::SEACell-178,-2.4129813,8.604976,PT-S1,Control/Other
PT,PT,3778::SEACell-179,1.8528578,3.7124622,PT-S3,Control/Other
PT,PT,3778::SEACell-18,4.057524,2.1937346,PT-S1,Control/Other
PT,PT,3778::SEACell-180,-2.7106228,9.493593,PT-S1,Control/Other
PT,PT,3778::SEACell-181,-2.6148572,9.74456,PT-S1,Control/Other
PT,PT,3778::SEACell-182,3.2615538,3.292119,frPT-S1/S2,Control/Other
PT,PT,3778::SEACell-183,-2.497837,8.973503,PT-S1,Control/Other
PT,PT,3778::SEACell-184,0.46718815,14.40156,dPT-S1,Control/Other
PT,PT,3778::SEACell-185,3.350884,2.5733848,PT-S2,Control/Other
PT,PT,3778::SEACell-186,-2.935112,9.153182,PT-S1,Control/Other
PT,PT,3778::SEACell-187,-0.7154334,6.6004634,PT-S3,Control/Other
PT,PT,3778::SEACell-188,3.9355915,5.441495,frPT-S1/S2,Control/Other
PT,PT,3778::SEACell-189,4.1173472,2.1382642,PT-S1,Control/Other
PT,PT,3778::SEACell-19,-0.59788984,6.595297,PT-S3,Control/Other
PT,PT,3778::SEACell-190,3.2865787,11.594299,aPT1,Control/Other
PT,PT,3778::SEACell-191,-0.040310655,7.1828337,aPT2,Control/Other
PT,PT,3778::SEACell-192,-1.3864129,7.335631,PT-S1,Control/Other
PT,PT,3778::SEACell-193,2.964361,2.924927,PT-S1,Control/Other
PT,PT,3778::SEACell-194,1.7235438,3.3684769,PT-S3,Control/Other
PT,PT,3778::SEACell-195,3.0766795,2.8017535,PT-S1,Control/Other
PT,PT,3778::SEACell-197,4.118822,2.1254954,PT-S1,Control/Other
PT,PT,3778::SEACell-198,3.428858,11.54189,frPT-S3,Control/Other
PT,PT,3778::SEACell-199,1.5259163,8.72859,aPT1,Control/Other
PT,PT,3778::SEACell-2,-2.2049541,8.709109,PT-S2,Control/Other
PT,PT,3778::SEACell-20,-2.3440034,8.8512,PT-S1,Control/Other
PT,PT,3778::SEACell-200,3.4835966,2.4995267,PT-S1,Control/Other
PT,PT,3778::SEACell-201,1.1175232,15.336179,dPT-S1,Control/Other
PT,PT,3778::SEACell-202,-0.3129991,6.842377,PT-S3,Control/Other
PT,PT,3778::SEACell-203,3.4874084,11.274341,dPT-S1,Control/Other
PT,PT,3778::SEACell-204,1.9258746,11.060011,aPT2,Control/Other
PT,PT,3778::SEACell-205,4.2023306,2.0516536,PT-S1,Control/Other
PT,PT,3778::SEACell-206,1.0180615,15.298329,dPT-S1,Control/Other
PT,PT,3778::SEACell-207,3.1675432,2.699912,PT-S1,Control/Other
PT,PT,3778::SEACell-208,-0.54343194,7.10016,PT-S3,Control/Other
PT,PT,3778::SEACell-209,4.027468,2.220983,PT-S1,Control/Other
PT,PT,3778::SEACell-21,-2.5117683,8.500474,PT-S1,Control/Other
PT,PT,3778::SEACell-210,-1.2657552,7.1577344,PT-S1,Control/Other
PT,PT,3778::SEACell-211,4.037508,2.218579,PT-S1,Control/Other
PT,PT,3778::SEACell-212,-0.7659126,13.030574,dPT-S1,Control/Other
PT,PT,3778::SEACell-213,1.2156062,15.269953,dPT-S1,Control/Other
PT,PT,3778::SEACell-214,2.6442912,9.826881,aPT-S3,Control/Other
PT,PT,3778::SEACell-215,2.742795,2.8782876,PT-S2,Control/Other
PT,PT,3778::SEACell-216,3.289584,2.5283976,PT-S1,Control/Other
PT,PT,3778::SEACell-217,-0.45180154,6.6078014,PT-S3,Control/Other
PT,PT,3778::SEACell-218,-0.50267166,6.6561465,PT-S3,Control/Other
PT,PT,3778::SEACell-219,-2.7892148,9.457465,PT-S1,Control/Other
PT,PT,3778::SEACell-22,-2.3247182,9.083729,PT-S1,Control/Other
PT,PT,3778::SEACell-220,0.9436843,14.906609,dPT-S1,Control/Other
PT,PT,3778::SEACell-223,-0.52701795,6.58159,PT-S3,Control/Other
PT,PT,3778::SEACell-224,1.2034235,15.312046,dPT-S1,Control/Other
PT,PT,3778::SEACell-225,3.300303,11.378206,aPT2,Control/Other
PT,PT,3778::SEACell-226,3.593291,2.4400754,PT-S1,Control/Other
PT,PT,3778::SEACell-227,-1.8445532,8.07748,PT-S1,Control/Other
PT,PT,3778::SEACell-228,1.1648524,15.103117,dPT-S1,Control/Other
PT,PT,3778::SEACell-229,-0.5104859,6.521319,PT-S3,Control/Other
PT,PT,3778::SEACell-23,3.2887206,11.433567,aPT1,Control/Other
PT,PT,3778::SEACell-230,3.3157156,2.586686,PT-S2,Control/Other
PT,PT,3778::SEACell-231,3.7386754,2.4088278,PT-S1,Control/Other
PT,PT,3778::SEACell-232,-2.3424444,9.088391,PT-S1,Control/Other
PT,PT,3778::SEACell-233,1.1081293,15.25077,dPT-S1,Control/Other
PT,PT,3778::SEACell-234,-2.6242883,9.521695,PT-S1,Control/Other
PT,PT,3778::SEACell-235,1.9854983,3.5168092,PT-S3,Control/Other
PT,PT,3778::SEACell-236,3.8044465,2.3719313,PT-S1,Control/Other
PT,PT,3778::SEACell-237,4.0253983,2.2185304,PT-S1,Control/Other
PT,PT,3778::SEACell-238,3.2625115,2.626531,PT-S2,Control/Other
PT,PT,3778::SEACell-239,-0.56909436,6.5562806,PT-S3,Control/Other
PT,PT,3778::SEACell-24,-0.55760384,13.451855,dPT-S1,Control/Other
PT,PT,3778::SEACell-240,3.8324335,5.5468807,aPT1,Control/Other
PT,PT,3778::SEACell-241,-0.11151064,13.533387,dPT-S1,Control/Other
PT,PT,3778::SEACell-242,3.4798598,11.444487,aPT-S3,Control/Other
PT,PT,3778::SEACell-243,-0.0860482,12.881654,dPT-S1,Control/Other
PT,PT,3778::SEACell-244,-2.7069635,9.609001,PT-S1,Control/Other
PT,PT,3778::SEACell-245,0.26379856,13.480746,dPT-S1,Control/Other
PT,PT,3778::SEACell-246,-0.46739995,6.4414697,PT-S3,Control/Other
PT,PT,3778::SEACell-247,2.2268872,3.4603891,PT-S3,Control/Other
PT,PT,3778::SEACell-248,2.629523,4.1760945,aPT1,Control/Other
PT,PT,3778::SEACell-249,-3.0516484,9.037091,PT-S1,Control/Other
PT,PT,3778::SEACell-25,3.2059984,2.7563517,PT-S1,Control/Other
PT,PT,3778::SEACell-250,-2.8036184,9.620603,PT-S1,Control/Other
PT,PT,3778::SEACell-251,3.5597215,2.4728808,PT-S1,Control/Other
PT,PT,3778::SEACell-252,2.0712073,3.5482793,PT-S3,Control/Other
PT,PT,3778::SEACell-253,-2.2705054,8.432443,PT-S2,Control/Other
PT,PT,3778::SEACell-254,4.070134,2.1546688,PT-S1,Control/Other
PT,PT,3778::SEACell-255,-2.777899,8.965328,PT-S1,Control/Other
PT,PT,3778::SEACell-256,-0.043634053,7.3477507,aPT1,Control/Other
PT,PT,3778::SEACell-257,-2.761223,9.541622,PT-S1,Control/Other
PT,PT,3778::SEACell-258,4.214902,2.0639336,PT-S1,Control/Other
PT,PT,3778::SEACell-259,3.9999237,2.2061832,PT-S1,Control/Other
PT,PT,3778::SEACell-26,-2.5854425,9.56525,PT-S1,Control/Other
PT,PT,3778::SEACell-27,-2.4060075,9.198717,PT-S1,Control/Other
PT,PT,3778::SEACell-28,-3.0753996,9.034788,PT-S1,Control/Other
PT,PT,3778::SEACell-29,2.2603807,3.4653673,PT-S3,Control/Other
PT,PT,3778::SEACell-3,3.7783434,2.373409,PT-S1,Control/Other
PT,PT,3778::SEACell-30,-2.6527462,8.806246,PT-S1,Control/Other
PT,PT,3778::SEACell-31,-0.6409631,6.4611554,PT-S3,Control/Other
PT,PT,3778::SEACell-32,3.2822506,2.827351,PT-S1,Control/Other
PT,PT,3778::SEACell-33,2.69386,3.1923566,PT-S2,Control/Other
PT,PT,3778::SEACell-34,3.7353222,2.5797067,PT-S1,Control/Other
PT,PT,3778::SEACell-35,-3.096762,9.113985,PT-S1,Control/Other
PT,PT,3778::SEACell-36,1.2038671,15.067699,dPT-S1,Control/Other
PT,PT,3778::SEACell-37,0.28579798,13.762625,dPT-S1,Control/Other
PT,PT,3778::SEACell-38,-0.71986747,12.910712,dPT-S1,Control/Other
PT,PT,3778::SEACell-4,-2.2361596,8.873235,PT-S1,Control/Other
PT,PT,3778::SEACell-40,-2.3445995,9.278114,dPT-S1,Control/Other
PT,PT,3778::SEACell-41,-2.1972666,8.693167,PT-S1,Control/Other
PT,PT,3778::SEACell-42,3.234725,2.603726,PT-S1,Control/Other
PT,PT,3778::SEACell-43,2.2883718,9.849453,aPT1,Control/Other
PT,PT,3778::SEACell-44,-0.7792929,6.897674,PT-S3,Control/Other
PT,PT,3778::SEACell-45,2.3555443,3.4355304,PT-S3,Control/Other
PT,PT,3778::SEACell-46,4.1767955,2.0940163,PT-S1,Control/Other
PT,PT,3778::SEACell-47,-0.27995616,13.467413,dPT-S1,Control/Other
PT,PT,3778::SEACell-48,-2.3085868,8.957782,PT-S1,Control/Other
PT,PT,3778::SEACell-49,-0.5313689,6.4659476,PT-S3,Control/Other
PT,PT,3778::SEACell-5,1.023394,15.329944,dPT-S1,Control/Other
PT,PT,3778::SEACell-50,2.1493604,3.679092,PT-S3,Control/Other
PT,PT,3778::SEACell-51,1.9068593,3.5791378,PT-S3,Control/Other
PT,PT,3778::SEACell-52,-2.7828753,9.259245,PT-S1,Control/Other
PT,PT,3778::SEACell-53,0.5436335,7.605669,aPT-S3,Control/Other
PT,PT,3778::SEACell-54,3.3053596,2.5800843,PT-S1,Control/Other
PT,PT,3778::SEACell-55,-2.3889558,8.921397,PT-S1,Control/Other
PT,PT,3778::SEACell-56,-0.4655374,6.7794876,PT-S3,Control/Other
PT,PT,3778::SEACell-57,1.893966,3.5665274,PT-S3,Control/Other
PT,PT,3778::SEACell-58,-0.2271378,11.054404,aPT2,Control/Other
PT,PT,3778::SEACell-59,-2.1545,9.030946,PT-S1,Control/Other
PT,PT,3778::SEACell-6,-2.4394221,8.348898,dPT-S1,Control/Other
PT,PT,3778::SEACell-60,1.6612059,8.817757,frPT-S1/S2,Control/Other
PT,PT,3778::SEACell-61,3.9953015,2.249819,PT-S1,Control/Other
PT,PT,3778::SEACell-62,4.115188,2.127682,PT-S1,Control/Other
PT,PT,3778::SEACell-63,-0.49874645,6.576849,PT-S3,Control/Other
PT,PT,3778::SEACell-64,-2.5300424,9.091433,PT-S1,Control/Other
PT,PT,3778::SEACell-65,3.192636,11.390548,aPT1,Control/Other
PT,PT,3778::SEACell-66,-3.0095959,8.964421,PT-S1,Control/Other
PT,PT,3778::SEACell-67,2.4647155,3.9327202,aPT1,Control/Other
PT,PT,3778::SEACell-68,-0.51075745,6.481014,PT-S3,Control/Other
PT,PT,3778::SEACell-69,-0.31051663,12.694831,dPT-S1,Control/Other
PT,PT,3778::SEACell-7,-1.970622,8.074845,PT-S2,Control/Other
PT,PT,3778::SEACell-70,-0.31062979,14.501057,dPT-S1,Control/Other
PT,PT,3778::SEACell-71,3.3480291,2.5301971,PT-S1,Control/Other
PT,PT,3778::SEACell-72,2.812388,2.8982463,PT-S2,Control/Other
PT,PT,3778::SEACell-73,-2.7067854,9.489762,PT-S1,Control/Other
PT,PT,3778::SEACell-74,3.024655,3.0190203,PT-S2,Control/Other
PT,PT,3778::SEACell-75,-2.2719476,8.800996,dPT-S1,Control/Other
PT,PT,3778::SEACell-76,-0.6296788,12.211938,dPT-S1,Control/Other
PT,PT,3778::SEACell-77,4.018634,2.1585078,PT-S1,Control/Other
PT,PT,3778::SEACell-78,-2.439123,9.114844,PT-S1,Control/Other
PT,PT,3778::SEACell-79,0.9555392,15.253751,dPT-S1,Control/Other
PT,PT,3778::SEACell-8,2.9486845,2.6350622,PT-S2,Control/Other
PT,PT,3778::SEACell-80,-2.7649374,9.77805,PT-S1,Control/Other
PT,PT,3778::SEACell-81,-2.1268337,8.736884,PT-S1,Control/Other
PT,PT,3778::SEACell-82,-2.689901,9.761808,PT-S1,Control/Other
PT,PT,3778::SEACell-83,-2.9890761,9.172448,PT-S1,Control/Other
PT,PT,3778::SEACell-84,3.6881418,2.4155557,PT-S1,Control/Other
PT,PT,3778::SEACell-85,-2.8587904,9.61611,PT-S1,Control/Other
PT,PT,3778::SEACell-86,-1.9828951,8.532708,PT-S1,Control/Other
PT,PT,3778::SEACell-87,4.153639,2.074788,PT-S1,Control/Other
PT,PT,3778::SEACell-88,4.0808125,2.2028859,PT-S1,Control/Other
PT,PT,3778::SEACell-89,-1.476169,7.611075,PT-S2,Control/Other
PT,PT,3778::SEACell-9,-0.6519475,6.895399,PT-S3,Control/Other
PT,PT,3778::SEACell-90,-0.6549163,6.5176854,PT-S3,Control/Other
PT,PT,3778::SEACell-91,1.189645,15.326357,dPT-S1,Control/Other
PT,PT,3778::SEACell-92,2.8471987,11.16771,aPT2,Control/Other
PT,PT,3778::SEACell-93,-2.2707705,8.80389,PT-S1,Control/Other
PT,PT,3778::SEACell-94,-0.7963609,6.847957,PT-S2,Control/Other
PT,PT,3778::SEACell-95,3.6755183,5.961734,frPT-S1/S2,Control/Other
PT,PT,3778::SEACell-96,3.377178,2.6172442,PT-S1,Control/Other
PT,PT,3778::SEACell-97,-2.9265466,9.596328,PT-S1,Control/Other
PT,PT,3778::SEACell-98,-2.2184722,8.901849,PT-S1,Control/Other
PT,PT,3778::SEACell-99,3.941007,2.1980903,PT-S1,Control/Other
PT,PT,3781::SEACell-0,1.4088287,0.22010289,PT-S2,Control/Other
PT,PT,3781::SEACell-1,-0.5586021,-0.34602413,PT-S2,Control/Other
PT,PT,3781::SEACell-10,1.4743577,0.45087427,PT-S2,Control/Other
PT,PT,3781::SEACell-11,1.5466232,0.4726996,PT-S2,Control/Other
PT,PT,3781::SEACell-12,2.3392925,9.482442,aPT2,Control/Other
PT,PT,3781::SEACell-13,1.6440041,-0.19211613,PT-S1,Control/Other
PT,PT,3781::SEACell-14,-0.18224092,-2.0713708,PT-S1,Control/Other
PT,PT,3781::SEACell-15,1.5962554,-0.2196862,PT-S1,Control/Other
PT,PT,3781::SEACell-16,1.456255,-0.05383878,PT-S1,Control/Other
PT,PT,3781::SEACell-17,3.5183945,11.980708,aPT2,Control/Other
PT,PT,3781::SEACell-18,-3.4605606,2.2538056,PT-S3,Control/Other
PT,PT,3781::SEACell-19,-4.301703,3.022792,dPT-S1,Control/Other
PT,PT,3781::SEACell-2,-1.5438148,1.1600688,PT-S1,Control/Other
PT,PT,3781::SEACell-20,-1.4634833,1.3270558,PT-S1,Control/Other
PT,PT,3781::SEACell-21,1.9339414,0.49237534,PT-S1,Control/Other
PT,PT,3781::SEACell-22,-1.9377782,-4.1376605,PT-S1,Control/Other
PT,PT,3781::SEACell-23,-3.5874317,2.4056752,PT-S3,Control/Other
PT,PT,3781::SEACell-24,1.460967,0.48633954,PT-S2,Control/Other
PT,PT,3781::SEACell-25,1.1765748,1.6674871,PT-S3,Control/Other
PT,PT,3781::SEACell-26,1.6712564,0.06200184,PT-S1,Control/Other
PT,PT,3781::SEACell-27,1.7849652,-0.20820533,PT-S1,Control/Other
PT,PT,3781::SEACell-28,-3.7251942,2.475657,PT-S3,Control/Other
PT,PT,3781::SEACell-29,4.908338,4.9033427,frPT-S1/S2,Control/Other
PT,PT,3781::SEACell-3,0.67459524,2.1236084,PT-S3,Control/Other
PT,PT,3781::SEACell-30,-2.6668143,3.0080075,PT-S3,Control/Other
PT,PT,3781::SEACell-31,4.209514,5.449163,aPT1,Control/Other
PT,PT,3781::SEACell-32,3.4236734,10.906604,aPT-S3,Control/Other
PT,PT,3781::SEACell-33,0.98225504,-0.3777771,PT-S1,Control/Other
PT,PT,3781::SEACell-34,3.238673,10.537464,aPT1,Control/Other
PT,PT,3781::SEACell-35,-2.9587474,2.673733,PT-S3,Control/Other
PT,PT,3781::SEACell-37,1.7053999,-0.058054008,PT-S1,Control/Other
PT,PT,3781::SEACell-38,1.6065682,-0.20878959,PT-S1,Control/Other
PT,PT,3781::SEACell-39,0.22952847,1.9294367,PT-S3,Control/Other
PT,PT,3781::SEACell-4,-2.5982876,3.204149,PT-S2,Control/Other
PT,PT,3781::SEACell-40,1.7226183,-0.12599272,PT-S1,Control/Other
PT,PT,3781::SEACell-41,-0.8019918,-1.6668304,PT-S1,Control/Other
PT,PT,3781::SEACell-42,-1.528132,-3.1626375,PT-S1,Control/Other
PT,PT,3781::SEACell-43,1.716351,0.2810902,PT-S1,Control/Other
PT,PT,3781::SEACell-44,1.761343,0.4067378,PT-S2,Control/Other
PT,PT,3781::SEACell-45,4.2047453,5.1628957,aPT1,Control/Other
PT,PT,3781::SEACell-46,-1.3570249,-2.9779315,PT-S1,Control/Other
PT,PT,3781::SEACell-47,-1.1565777,0.69314337,PT-S2,Control/Other
PT,PT,3781::SEACell-48,1.7144595,-0.079883,PT-S1,Control/Other
PT,PT,3781::SEACell-49,1.682161,0.6908808,PT-S2,Control/Other
PT,PT,3781::SEACell-5,1.7416453,-0.17030239,PT-S1,Control/Other
PT,PT,3781::SEACell-50,0.73455435,1.6471795,PT-S3,Control/Other
PT,PT,3781::SEACell-51,1.6804191,0.6033017,PT-S2,Control/Other
PT,PT,3781::SEACell-52,-3.8208082,2.879531,PT-S3,Control/Other
PT,PT,3781::SEACell-53,1.7421708,-0.021262133,PT-S1,Control/Other
PT,PT,3781::SEACell-54,2.8318715,9.663725,aPT2,Control/Other
PT,PT,3781::SEACell-55,-3.7793756,4.1601524,PT-S3,Control/Other
PT,PT,3781::SEACell-56,-2.1138902,3.3559265,PT-S3,Control/Other
PT,PT,3781::SEACell-57,3.2141178,10.686412,aPT-S3,Control/Other
PT,PT,3781::SEACell-58,1.2734371,-0.45937848,PT-S1,Control/Other
PT,PT,3781::SEACell-59,4.246251,5.2911286,aPT1,Control/Other
PT,PT,3781::SEACell-6,-1.1909492,-2.5261314,PT-S1,Control/Other
PT,PT,3781::SEACell-60,-1.6960552,-3.7148848,PT-S1,Control/Other
PT,PT,3781::SEACell-61,-0.8240189,10.838481,aPT1,Control/Other
PT,PT,3781::SEACell-62,2.6465008,9.593786,aPT2,Control/Other
PT,PT,3781::SEACell-7,1.6326237,11.379179,aPT1,Control/Other
PT,PT,3781::SEACell-8,3.5681698,11.896822,aPT1,Control/Other
PT,PT,3781::SEACell-9,1.6534228,-0.5501838,PT-S1,Control/Other
PT,PT,3782::SEACell-0,1.808726,8.835072,aPT1,AKI
PT,PT,3782::SEACell-1,1.8744146,9.965287,aPT1,AKI
PT,PT,3782::SEACell-10,-0.6690682,9.340209,PT-S1,AKI
PT,PT,3782::SEACell-11,-0.109029666,8.783124,PT-S2,AKI
PT,PT,3782::SEACell-12,0.12422542,6.905031,PT-S3,AKI
PT,PT,3782::SEACell-13,-0.6837206,9.027702,PT-S1,AKI
PT,PT,3782::SEACell-14,0.13833806,9.334256,PT-S1,AKI
PT,PT,3782::SEACell-15,-0.30428436,9.171747,PT-S2,AKI
PT,PT,3782::SEACell-16,-0.49374062,11.185855,dPT-S1,AKI
PT,PT,3782::SEACell-17,3.1612444,10.463393,aPT1,AKI
PT,PT,3782::SEACell-18,-0.66996,9.375226,PT-S1,AKI
PT,PT,3782::SEACell-19,3.4406145,11.515428,aPT1,AKI
PT,PT,3782::SEACell-2,-0.5273065,9.130952,PT-S2,AKI
PT,PT,3782::SEACell-20,1.1247184,10.069472,aPT1,AKI
PT,PT,3782::SEACell-21,-0.27753523,9.143004,PT-S2,AKI
PT,PT,3782::SEACell-23,0.43200764,7.572006,PT-S3,AKI
PT,PT,3782::SEACell-24,-0.5136215,9.0843525,PT-S2,AKI
PT,PT,3782::SEACell-25,-1.1583127,8.943272,PT-S1,AKI
PT,PT,3782::SEACell-26,0.12220853,9.636851,aPT-S1/S2,AKI
PT,PT,3782::SEACell-27,3.3818011,11.598323,aPT1,AKI
PT,PT,3782::SEACell-28,3.4929814,11.786819,dPT-S1,AKI
PT,PT,3782::SEACell-29,-0.8444588,9.291844,PT-S2,AKI
PT,PT,3782::SEACell-3,3.252812,10.374028,aPT-S3,AKI
PT,PT,3782::SEACell-31,-0.63129973,9.441349,PT-S1,AKI
PT,PT,3782::SEACell-32,-0.5526153,9.397593,PT-S1,AKI
PT,PT,3782::SEACell-33,-0.15034385,9.637689,aPT-S1/S2,AKI
PT,PT,3782::SEACell-35,-0.29110736,9.155822,PT-S2,AKI
PT,PT,3782::SEACell-36,-0.7949013,9.3753195,PT-S1,AKI
PT,PT,3782::SEACell-37,1.5601526,9.876055,aPT1,AKI
PT,PT,3782::SEACell-38,1.8369143,9.31386,aPT1,AKI
PT,PT,3782::SEACell-39,-0.41539386,8.898795,PT-S2,AKI
PT,PT,3782::SEACell-40,3.3719685,11.572019,aPT1,AKI
PT,PT,3782::SEACell-42,3.2980304,11.817969,aPT1,AKI
PT,PT,3782::SEACell-5,2.0047598,9.282273,aPT1,AKI
PT,PT,3782::SEACell-6,-0.56420004,9.206064,PT-S1,AKI
PT,PT,3782::SEACell-7,1.8611526,8.851977,aPT1,AKI
PT,PT,3782::SEACell-8,-0.54601747,9.493494,PT-S1,AKI
PT,PT,3782::SEACell-9,0.08153842,9.414486,aPT-S1/S2,AKI
PT,PT,3785::SEACell-0,2.0105584,9.669666,PT-S1,Control/Other
PT,PT,3785::SEACell-1,2.404587,9.05399,frPT-S3,Control/Other
PT,PT,3785::SEACell-2,2.1627755,9.254611,aPT-S1/S2,Control/Other
PT,PT,3800::SEACell-0,3.8456059,5.924938,aPT1,Control/Other
PT,PT,3800::SEACell-1,-2.2649288,-2.111646,PT-S2,Control/Other
PT,PT,3800::SEACell-10,-1.397747,-3.0184069,PT-S1,Control/Other
PT,PT,3800::SEACell-11,-1.6871792,-0.14124978,PT-S2,Control/Other
PT,PT,3800::SEACell-12,5.333986,6.3045883,aPT1,Control/Other
PT,PT,3800::SEACell-13,-1.8513981,-2.8292642,PT-S1,Control/Other
PT,PT,3800::SEACell-14,-1.9749087,-2.2325764,PT-S1,Control/Other
PT,PT,3800::SEACell-15,3.9629364,8.836285,aPT1,Control/Other
PT,PT,3800::SEACell-16,-1.9106628,-2.4069881,PT-S2,Control/Other
PT,PT,3800::SEACell-17,-2.0464513,-3.6090589,PT-S1,Control/Other
PT,PT,3800::SEACell-18,-3.0036385,-0.27060992,PT-S3,Control/Other
PT,PT,3800::SEACell-19,-2.4138327,-2.0183148,PT-S2,Control/Other
PT,PT,3800::SEACell-2,-2.1128953,-4.2127576,PT-S1,Control/Other
PT,PT,3800::SEACell-20,-1.5846797,-2.716368,PT-S1,Control/Other
PT,PT,3800::SEACell-21,3.6824372,7.2955675,frPT-S3,Control/Other
PT,PT,3800::SEACell-22,-1.9413484,-4.3533683,PT-S1,Control/Other
PT,PT,3800::SEACell-23,3.0387747,9.69927,aPT1,Control/Other
PT,PT,3800::SEACell-24,-2.178588,-0.17973904,PT-S2,Control/Other
PT,PT,3800::SEACell-25,-3.5175035,1.3084981,PT-S3,Control/Other
PT,PT,3800::SEACell-27,-3.820737,1.1531497,PT-S3,Control/Other
PT,PT,3800::SEACell-28,-1.8454084,-4.114123,PT-S1,Control/Other
PT,PT,3800::SEACell-29,-0.6792866,-3.6506195,PT-S1,Control/Other
PT,PT,3800::SEACell-3,-2.5311394,-4.684461,PT-S1,Control/Other
PT,PT,3800::SEACell-30,-1.888738,-4.3291054,PT-S1,Control/Other
PT,PT,3800::SEACell-31,4.2278233,7.559898,aPT1,Control/Other
PT,PT,3800::SEACell-32,-3.2231507,-0.34669337,PT-S3,Control/Other
PT,PT,3800::SEACell-33,3.8247433,8.607258,frPT-S3,Control/Other
PT,PT,3800::SEACell-34,4.001468,8.964961,aPT1,Control/Other
PT,PT,3800::SEACell-35,-3.502072,0.9294264,PT-S3,Control/Other
PT,PT,3800::SEACell-36,-3.5179658,0.1334165,PT-S3,Control/Other
PT,PT,3800::SEACell-37,-2.67499,-1.4414991,PT-S2,Control/Other
PT,PT,3800::SEACell-38,-1.9698156,-2.3421097,PT-S2,Control/Other
PT,PT,3800::SEACell-39,5.1755943,6.417199,aPT1,Control/Other
PT,PT,3800::SEACell-4,-2.1816583,0.0138127655,PT-S3,Control/Other
PT,PT,3800::SEACell-40,-3.4821842,-2.2555413,PT-S1,Control/Other
PT,PT,3800::SEACell-41,-1.8495102,-2.574731,PT-S1,Control/Other
PT,PT,3800::SEACell-42,-1.8492963,-2.7617161,PT-S1,Control/Other
PT,PT,3800::SEACell-43,-1.6609118,-2.7708445,PT-S1,Control/Other
PT,PT,3800::SEACell-44,3.3160474,7.381016,aPT1,Control/Other
PT,PT,3800::SEACell-45,-3.6809764,0.015664328,PT-S3,Control/Other
PT,PT,3800::SEACell-46,-2.1259685,-1.8163903,PT-S2,Control/Other
PT,PT,3800::SEACell-47,-2.3818371,-2.5467982,PT-S1,Control/Other
PT,PT,3800::SEACell-48,-2.3376896,-2.2951024,PT-S1,Control/Other
PT,PT,3800::SEACell-49,-3.5750344,-2.0436635,PT-S2,Control/Other
PT,PT,3800::SEACell-5,-3.7452748,1.3698674,PT-S3,Control/Other
PT,PT,3800::SEACell-50,-1.6716172,-3.0277839,PT-S1,Control/Other
PT,PT,3800::SEACell-51,-2.1410599,-3.7869751,PT-S1,Control/Other
PT,PT,3800::SEACell-52,-1.8766783,-4.41753,PT-S1,Control/Other
PT,PT,3800::SEACell-53,-1.68286,-4.087857,PT-S1,Control/Other
PT,PT,3800::SEACell-54,-1.7251654,-4.0690784,PT-S1,Control/Other
PT,PT,3800::SEACell-55,4.2670965,8.739912,frPT-S1/S2,Control/Other
PT,PT,3800::SEACell-56,-1.7617439,-3.8622282,PT-S1,Control/Other
PT,PT,3800::SEACell-57,4.430655,9.039318,aPT1,Control/Other
PT,PT,3800::SEACell-58,-3.0542488,1.7490752,PT-S3,Control/Other
PT,PT,3800::SEACell-59,-2.2314222,-3.5690575,PT-S1,Control/Other
PT,PT,3800::SEACell-6,-2.7626605,1.0914094,PT-S3,Control/Other
PT,PT,3800::SEACell-60,-2.6745968,1.5184667,PT-S3,Control/Other
PT,PT,3800::SEACell-61,-1.6269248,-4.083431,PT-S1,Control/Other
PT,PT,3800::SEACell-62,-3.357617,0.40266308,PT-S3,Control/Other
PT,PT,3800::SEACell-63,-1.7941331,-3.4132364,PT-S1,Control/Other
PT,PT,3800::SEACell-64,3.290319,8.37184,aPT-S3,Control/Other
PT,PT,3800::SEACell-65,-3.607359,0.8635509,PT-S3,Control/Other
PT,PT,3800::SEACell-66,-2.3191912,-1.822657,PT-S2,Control/Other
PT,PT,3800::SEACell-67,3.4647086,7.5569935,aPT1,Control/Other
PT,PT,3800::SEACell-68,-4.0291243,-1.8049613,dPT-S1,Control/Other
PT,PT,3800::SEACell-69,-2.9700072,2.5286195,aPT-S3,Control/Other
PT,PT,3800::SEACell-7,-2.0326734,-3.7099788,PT-S1,Control/Other
PT,PT,3800::SEACell-70,0.4096141,-2.866424,PT-S1,Control/Other
PT,PT,3800::SEACell-71,-3.5186641,1.0428951,PT-S3,Control/Other
PT,PT,3800::SEACell-72,-2.5120876,-3.8403208,PT-S1,Control/Other
PT,PT,3800::SEACell-73,-2.3970177,-0.20913982,PT-S3,Control/Other
PT,PT,3800::SEACell-74,-1.8126885,-3.6371982,PT-S1,Control/Other
PT,PT,3800::SEACell-75,3.6056104,7.730977,aPT1,Control/Other
PT,PT,3800::SEACell-76,-2.5158746,-1.5808523,PT-S2,Control/Other
PT,PT,3800::SEACell-77,-3.660618,1.7347147,PT-S3,Control/Other
PT,PT,3800::SEACell-78,4.3497047,9.189054,aPT1,Control/Other
PT,PT,3800::SEACell-79,-1.7712371,-2.4296105,PT-S1,Control/Other
PT,PT,3800::SEACell-8,-1.8890032,-3.722216,PT-S1,Control/Other
PT,PT,3800::SEACell-80,-2.6033719,-0.3240554,PT-S2,Control/Other
PT,PT,3800::SEACell-81,4.0154214,7.8896,frPT-S3,Control/Other
PT,PT,3800::SEACell-82,-1.9481211,-4.3485274,PT-S1,Control/Other
PT,PT,3800::SEACell-83,-2.8275776,1.7892431,PT-S3,Control/Other
PT,PT,3800::SEACell-84,-2.5071003,-3.914002,PT-S1,Control/Other
PT,PT,3800::SEACell-85,-0.8381167,11.358978,dPT-S1,Control/Other
PT,PT,3800::SEACell-9,-2.721034,-0.9186064,PT-S2,Control/Other
PT,PT,3804::mc0,3.0977554,5.406512,PT-S1,CKD
PT,PT,3814::SEACell-0,2.3844063,8.628998,frPT-S3,CKD
PT,PT,3824::SEACell-0,3.0921252,9.642389,aPT-S3,Control/Other
PT,PT,3824::SEACell-1,-4.945117,7.3387575,PT-S1,Control/Other
PT,PT,3824::SEACell-10,0.7118831,8.453601,aPT1,Control/Other
PT,PT,3824::SEACell-11,-4.778571,7.1869984,PT-S1,Control/Other
PT,PT,3824::SEACell-12,-3.1757216,2.7152572,PT-S3,Control/Other
PT,PT,3824::SEACell-13,3.1311448,11.320849,dPT-S1,Control/Other
PT,PT,3824::SEACell-14,-3.5617251,2.7815032,PT-S3,Control/Other
PT,PT,3824::SEACell-15,-3.1059387,3.1457424,PT-S3,Control/Other
PT,PT,3824::SEACell-16,-3.332624,2.4931765,PT-S3,Control/Other
PT,PT,3824::SEACell-17,-4.766964,7.4874105,PT-S1,Control/Other
PT,PT,3824::SEACell-18,-2.9762924,3.2694364,PT-S3,Control/Other
PT,PT,3824::SEACell-19,-3.6623397,5.156778,PT-S2,Control/Other
PT,PT,3824::SEACell-2,-4.536553,6.8491197,PT-S1,Control/Other
PT,PT,3824::SEACell-20,-2.82115,3.1392777,aPT-S3,Control/Other
PT,PT,3824::SEACell-21,3.318918,10.709182,aPT1,Control/Other
PT,PT,3824::SEACell-22,-4.620695,6.9679127,PT-S1,Control/Other
PT,PT,3824::SEACell-23,-3.5459456,2.5342593,PT-S3,Control/Other
PT,PT,3824::SEACell-24,-3.7455504,2.5630407,PT-S3,Control/Other
PT,PT,3824::SEACell-25,2.577641,8.567696,aPT1,Control/Other
PT,PT,3824::SEACell-3,-2.9398751,2.8497272,aPT-S3,Control/Other
PT,PT,3824::SEACell-4,-3.573483,2.8790283,PT-S3,Control/Other
PT,PT,3824::SEACell-5,-4.9516244,7.2352185,PT-S1,Control/Other
PT,PT,3824::SEACell-6,2.5854027,8.199075,aPT1,Control/Other
PT,PT,3824::SEACell-8,-4.622768,7.0036063,PT-S1,Control/Other
PT,PT,3824::SEACell-9,-4.5176444,6.8800735,PT-S1,Control/Other
PT,PT,3825::SEACell-0,-1.9700086,10.3651085,PT-S1,Control/Other
PT,PT,3825::SEACell-1,-0.7553417,8.719309,PT-S2,Control/Other
PT,PT,3825::SEACell-10,-2.0736752,10.525654,PT-S1,Control/Other
PT,PT,3825::SEACell-11,-2.0352173,10.37044,PT-S1,Control/Other
PT,PT,3825::SEACell-12,-0.5346966,8.241204,PT-S2,Control/Other
PT,PT,3825::SEACell-13,-1.4090939,9.654824,PT-S2,Control/Other
PT,PT,3825::SEACell-14,-1.9746876,10.422628,PT-S1,Control/Other
PT,PT,3825::SEACell-15,-1.9652289,10.275757,PT-S1,Control/Other
PT,PT,3825::SEACell-16,-1.9968969,10.413297,PT-S1,Control/Other
PT,PT,3825::SEACell-17,-0.40680775,8.121648,PT-S3,Control/Other
PT,PT,3825::SEACell-18,-0.8098954,8.605503,PT-S2,Control/Other
PT,PT,3825::SEACell-19,-0.47333476,8.331236,PT-S2,Control/Other
PT,PT,3825::SEACell-2,-0.1414726,7.705127,aPT1,Control/Other
PT,PT,3825::SEACell-20,-2.0030954,10.489472,PT-S1,Control/Other
PT,PT,3825::SEACell-21,3.4533675,11.810384,aPT1,Control/Other
PT,PT,3825::SEACell-22,-2.0211446,10.436497,PT-S1,Control/Other
PT,PT,3825::SEACell-23,-2.0733423,10.417241,PT-S1,Control/Other
PT,PT,3825::SEACell-24,-0.19059289,7.7894263,aPT-S3,Control/Other
PT,PT,3825::SEACell-25,-0.31700635,8.018659,PT-S3,Control/Other
PT,PT,3825::SEACell-26,2.907562,8.935243,frPT-S3,Control/Other
PT,PT,3825::SEACell-27,1.8962067,10.88484,aPT2,Control/Other
PT,PT,3825::SEACell-28,-0.2780084,7.812997,PT-S3,Control/Other
PT,PT,3825::SEACell-29,-1.8986005,9.830801,PT-S1,Control/Other
PT,PT,3825::SEACell-3,-0.23712571,7.6213484,PT-S3,Control/Other
PT,PT,3825::SEACell-30,-0.30911678,8.142071,PT-S3,Control/Other
PT,PT,3825::SEACell-31,-1.8953648,10.304916,PT-S1,Control/Other
PT,PT,3825::SEACell-32,0.38168013,8.155365,aPT1,Control/Other
PT,PT,3825::SEACell-33,-1.5583545,9.8109045,PT-S2,Control/Other
PT,PT,3825::SEACell-34,-0.622441,8.483288,PT-S2,Control/Other
PT,PT,3825::SEACell-36,1.8637722,8.520403,frPT-S1/S2,Control/Other
PT,PT,3825::SEACell-37,-1.6333277,9.977283,PT-S1,Control/Other
PT,PT,3825::SEACell-38,-1.3729637,9.709572,PT-S2,Control/Other
PT,PT,3825::SEACell-39,-1.5742221,9.851175,PT-S1,Control/Other
PT,PT,3825::SEACell-4,-2.0300605,10.427995,PT-S1,Control/Other
PT,PT,3825::SEACell-40,-2.071768,10.4368515,PT-S1,Control/Other
PT,PT,3825::SEACell-41,-0.34236786,7.908375,PT-S3,Control/Other
PT,PT,3825::SEACell-42,-1.6756145,10.129042,PT-S1,Control/Other
PT,PT,3825::SEACell-43,0.10856545,7.84889,aPT1,Control/Other
PT,PT,3825::SEACell-44,-0.28828228,7.4679418,aPT-S3,Control/Other
PT,PT,3825::SEACell-45,-1.5162693,9.893371,PT-S1,Control/Other
PT,PT,3825::SEACell-46,3.432464,12.107162,aPT2,Control/Other
PT,PT,3825::SEACell-47,-0.3998426,7.843078,PT-S3,Control/Other
PT,PT,3825::SEACell-48,1.718885,8.9008255,frPT-S1/S2,Control/Other
PT,PT,3825::SEACell-49,-0.42117742,8.245779,PT-S3,Control/Other
PT,PT,3825::SEACell-5,-2.121221,10.571303,PT-S1,Control/Other
PT,PT,3825::SEACell-51,-1.4986929,9.861923,PT-S1,Control/Other
PT,PT,3825::SEACell-52,-0.24403335,7.9678407,PT-S3,Control/Other
PT,PT,3825::SEACell-54,-1.8761581,10.1704235,PT-S1,Control/Other
PT,PT,3825::SEACell-55,-1.55067,9.822984,PT-S1,Control/Other
PT,PT,3825::SEACell-56,2.1363413,10.70851,frPT-S3,Control/Other
PT,PT,3825::SEACell-57,2.338619,8.824834,aPT1,Control/Other
PT,PT,3825::SEACell-58,1.9319061,8.777113,frPT-S1/S2,Control/Other
PT,PT,3825::SEACell-59,-1.998042,10.488494,PT-S1,Control/Other
PT,PT,3825::SEACell-6,-1.3211157,9.578585,PT-S2,Control/Other
PT,PT,3825::SEACell-60,-0.5240878,8.424269,PT-S2,Control/Other
PT,PT,3825::SEACell-61,-2.1187494,10.5944605,PT-S1,Control/Other
PT,PT,3825::SEACell-62,2.700746,10.982236,aPT1,Control/Other
PT,PT,3825::SEACell-63,-0.52162075,8.420468,PT-S2,Control/Other
PT,PT,3825::SEACell-64,-1.5669518,9.944916,PT-S1,Control/Other
PT,PT,3825::SEACell-65,-0.6415248,8.690096,PT-S3,Control/Other
PT,PT,3825::SEACell-66,-0.22147524,7.44507,PT-S3,Control/Other
PT,PT,3825::SEACell-67,-0.14994642,7.4563284,aPT-S3,Control/Other
PT,PT,3825::SEACell-68,-2.0353744,10.5418825,PT-S1,Control/Other
PT,PT,3825::SEACell-69,-1.3499242,9.596832,PT-S2,Control/Other
PT,PT,3825::SEACell-7,3.5131404,11.986533,aPT2,Control/Other
PT,PT,3825::SEACell-71,-1.7906144,10.190288,PT-S1,Control/Other
PT,PT,3825::SEACell-72,-0.21719256,7.7824664,PT-S3,Control/Other
PT,PT,3825::SEACell-73,2.1740615,9.0445595,frPT-S1/S2,Control/Other
PT,PT,3825::SEACell-74,-2.0959291,10.562183,PT-S1,Control/Other
PT,PT,3825::SEACell-8,-0.5709618,8.452934,PT-S3,Control/Other
PT,PT,3825::SEACell-9,-0.3044654,8.128222,PT-S3,Control/Other
PT,PT,3830::SEACell-0,-0.0044066785,5.0218644,PT-S1,Control/Other
PT,PT,3830::SEACell-1,-0.17532654,4.9357657,PT-S1,Control/Other
PT,PT,3830::SEACell-2,-0.18772975,5.0061307,PT-S1,Control/Other
PT,PT,3830::SEACell-3,-0.5071932,2.3709567,PT-S3,Control/Other
PT,PT,3830::SEACell-4,1.1000775,3.7359126,PT-S2,Control/Other
PT,PT,3830::SEACell-5,0.35108814,4.799139,PT-S2,Control/Other
PT,PT,3830::SEACell-6,0.017164908,4.7935815,PT-S1,Control/Other
PT,PT,3830::SEACell-7,-0.029040366,5.0257225,PT-S1,Control/Other
PT,PT,3830::SEACell-8,2.5890486,5.819429,aPT1,Control/Other
PT,PT,3830::SEACell-9,0.3976311,4.141553,PT-S1,Control/Other
PT,PT,3893::SEACell-0,0.36734653,0.3743815,PT-S2,Control/Other
PT,PT,3893::SEACell-1,0.66948545,0.52342457,PT-S1,Control/Other
PT,PT,3893::SEACell-10,0.8200773,-1.683035,PT-S1,Control/Other
PT,PT,3893::SEACell-11,1.1842058,0.024933828,PT-S1,Control/Other
PT,PT,3893::SEACell-12,2.4184585,1.9482827,PT-S1,Control/Other
PT,PT,3893::SEACell-13,1.1314598,2.4205003,PT-S1,Control/Other
PT,PT,3893::SEACell-14,2.5827076,2.1838703,PT-S1,Control/Other
PT,PT,3893::SEACell-15,-0.007011129,1.7690572,PT-S3,Control/Other
PT,PT,3893::SEACell-2,5.10456,5.479392,aPT1,Control/Other
PT,PT,3893::SEACell-3,1.0390503,0.50444365,PT-S1,Control/Other
PT,PT,3893::SEACell-4,1.2897615,-0.120906375,PT-S1,Control/Other
PT,PT,3893::SEACell-5,0.060994517,0.58369404,PT-S2,Control/Other
PT,PT,3893::SEACell-6,3.40301,5.7072735,aPT-S3,Control/Other
PT,PT,3893::SEACell-7,1.0525227,-1.3572204,PT-S1,Control/Other
PT,PT,3893::SEACell-8,1.1741314,1.6720355,PT-S1,Control/Other
PT,PT,3893::SEACell-9,-0.21057044,1.7958127,PT-S3,Control/Other
PT,PT,3898::SEACell-0,2.5782897,-0.3914614,PT-S1,Control/Other
PT,PT,3898::SEACell-1,3.0256226,-0.72654486,PT-S1,Control/Other
PT,PT,3898::SEACell-10,4.0737596,5.094724,aPT1,Control/Other
PT,PT,3898::SEACell-11,1.6553769,1.5254031,PT-S3,Control/Other
PT,PT,3898::SEACell-12,1.5402459,1.5876349,PT-S3,Control/Other
PT,PT,3898::SEACell-13,1.4458961,1.3798336,PT-S3,Control/Other
PT,PT,3898::SEACell-14,1.7990243,0.6853985,PT-S2,Control/Other
PT,PT,3898::SEACell-15,1.7535672,1.403343,PT-S3,Control/Other
PT,PT,3898::SEACell-16,2.1823447,-0.9262713,PT-S1,Control/Other
PT,PT,3898::SEACell-17,2.9945545,-0.50205064,PT-S1,Control/Other
PT,PT,3898::SEACell-18,2.9488838,-0.9778742,PT-S1,Control/Other
PT,PT,3898::SEACell-19,1.5946769,1.4803871,PT-S3,Control/Other
PT,PT,3898::SEACell-2,-0.22360295,2.0193167,PT-S3,Control/Other
PT,PT,3898::SEACell-20,2.8322098,-0.64082116,PT-S1,Control/Other
PT,PT,3898::SEACell-21,2.2299523,0.7161312,PT-S1,Control/Other
PT,PT,3898::SEACell-22,2.18533,1.150144,PT-S3,Control/Other
PT,PT,3898::SEACell-23,2.9040637,-0.6312456,PT-S1,Control/Other
PT,PT,3898::SEACell-24,4.181127,5.0860558,aPT1,Control/Other
PT,PT,3898::SEACell-25,3.0815349,-0.7317594,PT-S1,Control/Other
PT,PT,3898::SEACell-3,-0.30887973,10.789165,PT-S3,Control/Other
PT,PT,3898::SEACell-4,1.7766374,1.2031816,PT-S3,Control/Other
PT,PT,3898::SEACell-5,2.3172903,0.12297868,PT-S1,Control/Other
PT,PT,3898::SEACell-6,2.8810747,-0.85771716,PT-S1,Control/Other
PT,PT,3898::SEACell-7,2.8306134,-0.5424416,PT-S1,Control/Other
PT,PT,3898::SEACell-8,2.3565965,0.21891733,PT-S3,Control/Other
PT,PT,3898::SEACell-9,2.7755554,-0.6405177,PT-S1,Control/Other
PT,PT,3900::SEACell-0,-4.7133493,3.102365,PT-S3,Control/Other
PT,PT,3900::SEACell-1,3.664741,11.917887,aPT1,Control/Other
PT,PT,3900::SEACell-10,-4.3328304,2.8202164,PT-S3,Control/Other
PT,PT,3900::SEACell-11,-4.444374,6.1507516,PT-S1,Control/Other
PT,PT,3900::SEACell-12,-4.165133,4.4421077,PT-S2,Control/Other
PT,PT,3900::SEACell-13,-4.254485,6.861991,PT-S1,Control/Other
PT,PT,3900::SEACell-14,-4.27598,4.6941414,PT-S1,Control/Other
PT,PT,3900::SEACell-15,-4.1344213,6.908998,PT-S1,Control/Other
PT,PT,3900::SEACell-16,3.4717162,11.849325,aPT1,Control/Other
PT,PT,3900::SEACell-17,-4.0511203,4.660771,PT-S1,Control/Other
PT,PT,3900::SEACell-18,-4.2534194,6.6235037,PT-S1,Control/Other
PT,PT,3900::SEACell-19,-3.4571612,2.4471111,PT-S3,Control/Other
PT,PT,3900::SEACell-2,-4.2064533,2.5881371,PT-S3,Control/Other
PT,PT,3900::SEACell-20,-3.8173175,6.770807,PT-S1,Control/Other
PT,PT,3900::SEACell-21,-4.5032544,3.1311858,PT-S3,Control/Other
PT,PT,3900::SEACell-22,-4.1697187,4.6945095,PT-S1,Control/Other
PT,PT,3900::SEACell-23,2.6749063,11.374475,aPT1,Control/Other
PT,PT,3900::SEACell-24,3.3130617,11.20216,aPT-S3,Control/Other
PT,PT,3900::SEACell-25,-4.467066,3.0051355,PT-S3,Control/Other
PT,PT,3900::SEACell-26,-3.7272654,7.006029,PT-S1,Control/Other
PT,PT,3900::SEACell-27,-3.7677078,2.300789,PT-S3,Control/Other
PT,PT,3900::SEACell-29,-4.074958,4.2851663,PT-S1,Control/Other
PT,PT,3900::SEACell-3,-4.044746,6.81824,PT-S1,Control/Other
PT,PT,3900::SEACell-30,-3.8879423,7.079725,dPT-S1,Control/Other
PT,PT,3900::SEACell-31,-4.0158753,4.4730163,PT-S1,Control/Other
PT,PT,3900::SEACell-32,3.6703203,8.814217,frPT-S1/S2,Control/Other
PT,PT,3900::SEACell-33,-4.24679,6.9125905,PT-S1,Control/Other
PT,PT,3900::SEACell-34,-4.251213,4.573414,PT-S1,Control/Other
PT,PT,3900::SEACell-35,-0.924458,13.78864,dPT-S1,Control/Other
PT,PT,3900::SEACell-36,-4.31342,2.1840818,PT-S3,Control/Other
PT,PT,3900::SEACell-37,-4.5350685,3.201563,PT-S3,Control/Other
PT,PT,3900::SEACell-38,-3.6650395,1.9881768,PT-S3,Control/Other
PT,PT,3900::SEACell-39,-4.405259,2.6766846,PT-S3,Control/Other
PT,PT,3900::SEACell-4,-4.167593,4.3898163,PT-S2,Control/Other
PT,PT,3900::SEACell-40,-3.2515368,6.3284683,PT-S1,Control/Other
PT,PT,3900::SEACell-41,-3.8745797,7.038883,PT-S1,Control/Other
PT,PT,3900::SEACell-42,4.0683503,9.167263,frPT-S1/S2,Control/Other
PT,PT,3900::SEACell-44,-4.413058,6.9168673,PT-S1,Control/Other
PT,PT,3900::SEACell-45,-3.4144187,1.6963619,PT-S3,Control/Other
PT,PT,3900::SEACell-46,4.0094776,8.724488,frPT-S1/S2,Control/Other
PT,PT,3900::SEACell-47,-3.9197323,7.155727,PT-S1,Control/Other
PT,PT,3900::SEACell-48,-3.8478944,3.8513317,PT-S1,Control/Other
PT,PT,3900::SEACell-49,3.0188134,7.706384,aPT1,Control/Other
PT,PT,3900::SEACell-5,-4.0253963,2.1384392,PT-S3,Control/Other
PT,PT,3900::SEACell-50,-4.655308,3.0595746,PT-S3,Control/Other
PT,PT,3900::SEACell-51,-4.15607,4.3068976,PT-S2,Control/Other
PT,PT,3900::SEACell-52,-4.5726395,3.0447268,PT-S3,Control/Other
PT,PT,3900::SEACell-53,-4.005849,3.7805798,PT-S2,Control/Other
PT,PT,3900::SEACell-54,-4.0773826,4.5797744,PT-S2,Control/Other
PT,PT,3900::SEACell-55,-4.4375086,2.9043956,PT-S3,Control/Other
PT,PT,3900::SEACell-56,-3.813857,7.1307297,PT-S1,Control/Other
PT,PT,3900::SEACell-57,3.2550454,8.902236,aPT1,Control/Other
PT,PT,3900::SEACell-58,-4.5651965,6.1456823,PT-S1,Control/Other
PT,PT,3900::SEACell-59,-4.120383,4.357901,PT-S2,Control/Other
PT,PT,3900::SEACell-6,-3.4861045,3.1615887,PT-S3,Control/Other
PT,PT,3900::SEACell-60,-4.242789,4.8055987,PT-S1,Control/Other
PT,PT,3900::SEACell-61,-4.545667,3.0728652,PT-S3,Control/Other
PT,PT,3900::SEACell-62,-4.306596,5.4250817,PT-S1,Control/Other
PT,PT,3900::SEACell-63,-4.2518816,2.7480383,PT-S3,Control/Other
PT,PT,3900::SEACell-64,-4.7315564,2.989792,PT-S3,Control/Other
PT,PT,3900::SEACell-65,-4.3469734,6.70964,PT-S1,Control/Other
PT,PT,3900::SEACell-66,-4.2292466,6.6761065,PT-S1,Control/Other
PT,PT,3900::SEACell-67,3.4805148,11.5635605,aPT-S3,Control/Other
PT,PT,3900::SEACell-69,-3.630274,6.6999955,dPT-S1,Control/Other
PT,PT,3900::SEACell-7,-4.1825547,4.4029083,PT-S2,Control/Other
PT,PT,3900::SEACell-70,-4.1707335,4.2078953,PT-S2,Control/Other
PT,PT,3900::SEACell-71,-3.9082375,4.0231686,PT-S2,Control/Other
PT,PT,3900::SEACell-72,-4.7081804,3.085319,PT-S3,Control/Other
PT,PT,3900::SEACell-8,-4.1276536,2.8945844,aPT-S3,Control/Other
PT,PT,3900::SEACell-9,-3.4982762,1.5027761,PT-S3,Control/Other
PT,PT,3903::SEACell-0,4.184593,5.3426485,aPT1,CKD
PT,PT,3903::SEACell-1,2.9295352,5.78889,aPT1,CKD
PT,PT,3903::SEACell-10,3.6703525,5.603021,aPT1,CKD
PT,PT,3903::SEACell-11,-0.44372687,2.0916662,PT-S3,CKD
PT,PT,3903::SEACell-12,3.1825671,6.807357,aPT1,CKD
PT,PT,3903::SEACell-13,-0.718012,2.0954564,PT-S3,CKD
PT,PT,3903::SEACell-14,0.3436741,3.69671,PT-S1,CKD
PT,PT,3903::SEACell-15,0.44919714,3.2665093,PT-S1,CKD
PT,PT,3903::SEACell-16,1.0486836,2.827418,PT-S1,CKD
PT,PT,3903::SEACell-17,1.7026321,3.1888773,PT-S2,CKD
PT,PT,3903::SEACell-18,0.45522165,3.512892,PT-S1,CKD
PT,PT,3903::SEACell-19,1.3151077,2.5332184,PT-S1,CKD
PT,PT,3903::SEACell-2,-0.67173445,2.1292782,PT-S3,CKD
PT,PT,3903::SEACell-20,1.6653423,2.457799,PT-S1,CKD
PT,PT,3903::SEACell-21,3.8228035,5.4946165,frPT-S1/S2,CKD
PT,PT,3903::SEACell-22,1.3012619,2.5485334,PT-S1,CKD
PT,PT,3903::SEACell-23,1.3168153,2.3404646,PT-S2,CKD
PT,PT,3903::SEACell-24,-0.47494388,2.1696217,PT-S3,CKD
PT,PT,3903::SEACell-25,0.62922937,3.2950444,PT-S1,CKD
PT,PT,3903::SEACell-26,1.5809969,1.8413211,PT-S1,CKD
PT,PT,3903::SEACell-27,3.879105,5.6393957,frPT-S1/S2,CKD
PT,PT,3903::SEACell-28,-0.3968321,2.154777,PT-S3,CKD
PT,PT,3903::SEACell-3,0.7554535,3.3992152,PT-S1,CKD
PT,PT,3903::SEACell-4,0.3147599,3.5089781,PT-S1,CKD
PT,PT,3903::SEACell-5,4.382217,5.311084,aPT1,CKD
PT,PT,3903::SEACell-6,3.6033053,7.981424,aPT1,CKD
PT,PT,3903::SEACell-7,-0.18432154,1.9843247,PT-S3,CKD
PT,PT,3903::SEACell-8,0.67961586,1.6288522,PT-S1,CKD
PT,PT,3903::SEACell-9,0.48199072,3.1266513,PT-S3,CKD
PT,PT,3904::SEACell-0,1.8718127,9.560242,aPT-S1/S2,CKD
PT,PT,3904::SEACell-1,4.228648,9.51472,PT-S1,CKD
PT,PT,3904::SEACell-10,2.5231433,9.577025,aPT-S1/S2,CKD
PT,PT,3904::SEACell-11,2.5315995,8.662613,frPT-S3,CKD
PT,PT,3904::SEACell-2,2.053859,9.399786,PT-S3,CKD
PT,PT,3904::SEACell-3,2.9099045,9.238914,frPT-S3,CKD
PT,PT,3904::SEACell-4,2.3867652,8.845731,frPT-S3,CKD
PT,PT,3904::SEACell-5,2.3943067,9.545066,aPT-S1/S2,CKD
PT,PT,3904::SEACell-6,3.2730346,9.322056,frPT-S3,CKD
PT,PT,3904::SEACell-7,1.8380244,9.900664,aPT1,CKD
PT,PT,3904::SEACell-8,3.4075336,9.580377,PT-S1,CKD
PT,PT,3904::SEACell-9,3.1774857,8.710295,frPT-S3,CKD
PT,PT,3907::SEACell-0,-2.5471475,-3.431839,PT-S1,Control/Other
PT,PT,3907::SEACell-1,-3.7537398,-4.4818745,PT-S1,Control/Other
PT,PT,3907::SEACell-10,-3.3311214,-2.1598244,PT-S1,Control/Other
PT,PT,3907::SEACell-11,4.2168164,9.453413,aPT1,Control/Other
PT,PT,3907::SEACell-12,-2.8273623,-2.224337,PT-S1,Control/Other
PT,PT,3907::SEACell-13,3.5659902,11.946889,dPT,Control/Other
PT,PT,3907::SEACell-14,-3.3009799,-2.5530295,PT-S1,Control/Other
PT,PT,3907::SEACell-15,3.4430778,11.100436,frPT-S3,Control/Other
PT,PT,3907::SEACell-16,-4.1775007,0.07337319,PT-S3,Control/Other
PT,PT,3907::SEACell-17,-2.7763944,-4.637966,PT-S1,Control/Other
PT,PT,3907::SEACell-18,-3.8597493,-4.3958573,PT-S1,Control/Other
PT,PT,3907::SEACell-19,-4.709922,1.0925362,PT-S3,Control/Other
PT,PT,3907::SEACell-2,-2.110772,-3.9551759,PT-S1,Control/Other
PT,PT,3907::SEACell-20,-4.3729715,1.398816,PT-S3,Control/Other
PT,PT,3907::SEACell-21,-4.329512,1.0959822,PT-S3,Control/Other
PT,PT,3907::SEACell-22,3.1591086,7.9129267,aPT1,Control/Other
PT,PT,3907::SEACell-23,-4.2032046,1.32737,PT-S3,Control/Other
PT,PT,3907::SEACell-24,2.247607,9.90382,frPT-S1/S2,Control/Other
PT,PT,3907::SEACell-25,-4.454508,1.2524284,PT-S3,Control/Other
PT,PT,3907::SEACell-26,3.0956159,8.197461,aPT1,Control/Other
PT,PT,3907::SEACell-27,2.2167163,11.071269,aPT1,Control/Other
PT,PT,3907::SEACell-28,3.0076733,8.668602,aPT1,Control/Other
PT,PT,3907::SEACell-29,-3.6424863,0.46259913,PT-S2,Control/Other
PT,PT,3907::SEACell-3,-4.960554,1.008623,PT-S3,Control/Other
PT,PT,3907::SEACell-30,-3.467412,-2.3693714,PT-S1,Control/Other
PT,PT,3907::SEACell-31,-3.3095555,2.0347142,PT-S3,Control/Other
PT,PT,3907::SEACell-32,-3.350032,1.1251407,PT-S3,Control/Other
PT,PT,3907::SEACell-33,-1.8498466,-2.4918048,PT-S1,Control/Other
PT,PT,3907::SEACell-34,-2.7316928,-4.5250564,PT-S1,Control/Other
PT,PT,3907::SEACell-36,-3.8982139,-3.7092016,PT-S1,Control/Other
PT,PT,3907::SEACell-37,-3.886782,-0.85959417,PT-S3,Control/Other
PT,PT,3907::SEACell-38,-3.071093,-4.4180303,PT-S1,Control/Other
PT,PT,3907::SEACell-39,3.2905734,10.846097,aPT1,Control/Other
PT,PT,3907::SEACell-4,-3.6811976,-4.0255847,PT-S1,Control/Other
PT,PT,3907::SEACell-40,-4.259823,-2.0940197,PT-S2,Control/Other
PT,PT,3907::SEACell-41,-3.6058047,-2.7902772,PT-S1,Control/Other
PT,PT,3907::SEACell-42,2.6597192,9.972763,aPT2,Control/Other
PT,PT,3907::SEACell-43,-3.4914606,-1.874397,PT-S2,Control/Other
PT,PT,3907::SEACell-44,-2.3786304,-4.0278745,PT-S1,Control/Other
PT,PT,3907::SEACell-45,-4.198859,-2.3772945,PT-S2,Control/Other
PT,PT,3907::SEACell-46,-3.7669675,-4.1803203,dPT-S1,Control/Other
PT,PT,3907::SEACell-47,-3.9862587,1.2577962,PT-S3,Control/Other
PT,PT,3907::SEACell-48,-2.2841218,-4.1928124,PT-S1,Control/Other
PT,PT,3907::SEACell-49,-3.7106776,-3.7824512,PT-S1,Control/Other
PT,PT,3907::SEACell-5,-3.2076907,-2.2867599,PT-S1,Control/Other
PT,PT,3907::SEACell-50,-3.1676693,-3.79035,PT-S1,Control/Other
PT,PT,3907::SEACell-51,3.502409,11.743582,aPT1,Control/Other
PT,PT,3907::SEACell-52,-3.3373613,1.848057,PT-S3,Control/Other
PT,PT,3907::SEACell-53,-1.4973409,12.664044,dPT-S1,Control/Other
PT,PT,3907::SEACell-6,3.2605999,7.804499,aPT1,Control/Other
PT,PT,3907::SEACell-7,-4.229439,-0.4030291,PT-S3,Control/Other
PT,PT,3907::SEACell-8,-3.3277144,-2.2598748,PT-S2,Control/Other
PT,PT,3907::SEACell-9,3.6499817,9.405024,frPT-S1/S2,Control/Other
PT,PT,3916::SEACell-0,-0.829223,11.103978,PT-S1,CKD
PT,PT,3916::SEACell-1,-1.6857787,11.663716,dPT-S1,CKD
PT,PT,3916::SEACell-2,-1.1054279,2.5193632,PT-S3,CKD
PT,PT,3918::SEACell-0,-2.3048697,-3.4500015,PT-S1,Control/Other
PT,PT,3918::SEACell-1,3.5282152,9.215259,frPT-S1/S2,Control/Other
PT,PT,3918::SEACell-10,-1.4307634,-3.4786017,PT-S1,Control/Other
PT,PT,3918::SEACell-11,-2.212237,-2.922722,PT-S1,Control/Other
PT,PT,3918::SEACell-12,-2.0418565,-3.389913,PT-S1,Control/Other
PT,PT,3918::SEACell-13,2.7178047,9.360206,aPT1,Control/Other
PT,PT,3918::SEACell-14,-2.87774,-1.6288145,PT-S2,Control/Other
PT,PT,3918::SEACell-15,-2.0978758,-3.1083994,PT-S1,Control/Other
PT,PT,3918::SEACell-16,1.3817321,12.278255,aPT2,Control/Other
PT,PT,3918::SEACell-17,2.634627,9.543698,frPT-S1/S2,Control/Other
PT,PT,3918::SEACell-18,-2.7837327,-0.46106842,PT-S3,Control/Other
PT,PT,3918::SEACell-19,1.9373381,9.580195,frPT-S1/S2,Control/Other
PT,PT,3918::SEACell-2,-3.3683772,-1.1894634,PT-S3,Control/Other
PT,PT,3918::SEACell-20,-2.7243378,-1.1904238,PT-S2,Control/Other
PT,PT,3918::SEACell-21,-3.7511213,-2.8041615,dPT-S1,Control/Other
PT,PT,3918::SEACell-22,-2.8450599,-0.96403223,PT-S2,Control/Other
PT,PT,3918::SEACell-23,-2.5050461,1.0206038,PT-S3,Control/Other
PT,PT,3918::SEACell-24,1.4195563,10.309431,aPT1,Control/Other
PT,PT,3918::SEACell-25,-2.536449,-2.7540271,PT-S1,Control/Other
PT,PT,3918::SEACell-26,2.3527782,9.804275,aPT2,Control/Other
PT,PT,3918::SEACell-27,-2.7225587,-3.762669,PT-S1,Control/Other
PT,PT,3918::SEACell-28,-2.7299707,-2.5008936,PT-S1,Control/Other
PT,PT,3918::SEACell-29,-2.0638387,-3.5422244,PT-S1,Control/Other
PT,PT,3918::SEACell-3,-3.552349,0.45973244,PT-S3,Control/Other
PT,PT,3918::SEACell-30,1.3001285,14.096555,dPT-S1,Control/Other
PT,PT,3918::SEACell-31,-3.766986,-2.5869448,PT-S1,Control/Other
PT,PT,3918::SEACell-32,3.7224212,8.951711,aPT1,Control/Other
PT,PT,3918::SEACell-33,-2.1251764,-0.313309,PT-S3,Control/Other
PT,PT,3918::SEACell-34,-2.5309463,0.71489465,PT-S3,Control/Other
PT,PT,3918::SEACell-35,-2.5488024,-2.941314,PT-S1,Control/Other
PT,PT,3918::SEACell-36,2.113543,9.415834,frPT-S1/S2,Control/Other
PT,PT,3918::SEACell-37,-2.7102509,-2.5672538,PT-S1,Control/Other
PT,PT,3918::SEACell-38,2.4653943,8.133567,aPT1,Control/Other
PT,PT,3918::SEACell-39,2.3654585,9.738033,aPT1,Control/Other
PT,PT,3918::SEACell-4,-3.1329322,0.5666546,PT-S3,Control/Other
PT,PT,3918::SEACell-40,-2.8655858,-1.9899852,PT-S1,Control/Other
PT,PT,3918::SEACell-41,-3.1385567,-1.5894117,PT-S2,Control/Other
PT,PT,3918::SEACell-42,-2.3973556,-3.4925437,PT-S1,Control/Other
PT,PT,3918::SEACell-43,-3.658673,-2.9085877,PT-S1,Control/Other
PT,PT,3918::SEACell-44,-3.44816,-0.34321943,PT-S3,Control/Other
PT,PT,3918::SEACell-45,-2.6172714,-2.944596,PT-S1,Control/Other
PT,PT,3918::SEACell-46,3.243017,9.163907,frPT-S1/S2,Control/Other
PT,PT,3918::SEACell-47,2.2341259,8.928662,PT-S1,Control/Other
PT,PT,3918::SEACell-48,-3.5723207,-2.664108,PT-S1,Control/Other
PT,PT,3918::SEACell-49,-2.012503,-3.5331953,PT-S1,Control/Other
PT,PT,3918::SEACell-5,-2.692077,0.56343377,PT-S3,Control/Other
PT,PT,3918::SEACell-50,1.855626,8.827622,aPT1,Control/Other
PT,PT,3918::SEACell-51,-2.214688,-3.1240351,PT-S1,Control/Other
PT,PT,3918::SEACell-52,0.5716813,14.785082,dPT-S1,Control/Other
PT,PT,3918::SEACell-53,-0.24092016,14.0485525,dPT-S1,Control/Other
PT,PT,3918::SEACell-54,-2.617109,-2.6198277,PT-S1,Control/Other
PT,PT,3918::SEACell-55,-1.9369985,-3.2916691,PT-S1,Control/Other
PT,PT,3918::SEACell-56,-3.1336577,-0.7407886,PT-S2,Control/Other
PT,PT,3918::SEACell-57,-2.075534,-3.3876255,PT-S1,Control/Other
PT,PT,3918::SEACell-58,3.0236006,9.757162,aPT2,Control/Other
PT,PT,3918::SEACell-59,-3.7300544,-1.6367503,PT-S1,Control/Other
PT,PT,3918::SEACell-6,2.0654843,9.320821,aPT1,Control/Other
PT,PT,3918::SEACell-60,-3.1951036,0.57408416,PT-S3,Control/Other
PT,PT,3918::SEACell-61,-2.3831859,-2.8626873,PT-S1,Control/Other
PT,PT,3918::SEACell-62,1.5433083,13.033915,aPT2,Control/Other
PT,PT,3918::SEACell-63,2.5929627,7.961016,aPT-S3,Control/Other
PT,PT,3918::SEACell-64,1.715706,11.188441,aPT2,Control/Other
PT,PT,3918::SEACell-65,-2.4212437,-2.7624917,PT-S1,Control/Other
PT,PT,3918::SEACell-66,-2.3203652,0.14736682,PT-S3,Control/Other
PT,PT,3918::SEACell-67,-3.1073704,0.7822657,PT-S3,Control/Other
PT,PT,3918::SEACell-68,-3.0427706,-1.2006646,PT-S2,Control/Other
PT,PT,3918::SEACell-69,-0.6139041,13.452974,dPT-S1,Control/Other
PT,PT,3918::SEACell-7,-1.7487061,-3.4829223,PT-S1,Control/Other
PT,PT,3918::SEACell-70,3.080338,9.3637,frPT-S1/S2,Control/Other
PT,PT,3918::SEACell-71,-2.4456565,-3.104226,PT-S1,Control/Other
PT,PT,3918::SEACell-72,-2.562937,-3.239965,PT-S1,Control/Other
PT,PT,3918::SEACell-73,-2.5100982,-2.6774924,PT-S1,Control/Other
PT,PT,3918::SEACell-74,1.6690204,11.141975,aPT2,Control/Other
PT,PT,3918::SEACell-75,-3.2957573,-2.0782971,dPT-S1,Control/Other
PT,PT,3918::SEACell-76,-2.477655,-2.963347,PT-S1,Control/Other
PT,PT,3918::SEACell-77,-0.016246762,14.464934,dPT-S1,Control/Other
PT,PT,3918::SEACell-78,4.0970097,8.854896,frPT-S1/S2,Control/Other
PT,PT,3918::SEACell-79,-0.49601805,11.242109,PT-S1,Control/Other
PT,PT,3918::SEACell-8,-2.4049754,-3.0787747,PT-S1,Control/Other
PT,PT,3918::SEACell-80,-3.138404,-1.0379772,PT-S1,Control/Other
PT,PT,3918::SEACell-81,-2.0112405,-3.4292786,PT-S1,Control/Other
PT,PT,3918::SEACell-9,-2.1734939,-3.319316,PT-S1,Control/Other
PT,PT,3948::SEACell-0,-5.531545,10.478415,PT-S1,Control/Other
PT,PT,3948::SEACell-1,-6.2813153,10.069457,PT-S1,Control/Other
PT,PT,3948::SEACell-100,2.178538,1.5767497,PT-S1,Control/Other
PT,PT,3948::SEACell-101,3.406809,10.94487,aPT-S3,Control/Other
PT,PT,3948::SEACell-102,-5.534922,10.530945,PT-S2,Control/Other
PT,PT,3948::SEACell-103,1.3751737,14.14874,aPT2,Control/Other
PT,PT,3948::SEACell-104,1.4288603,10.419071,aPT1,Control/Other
PT,PT,3948::SEACell-105,-3.582775,3.0980186,PT-S3,Control/Other
PT,PT,3948::SEACell-106,0.17408997,15.426027,dPT-S1,Control/Other
PT,PT,3948::SEACell-107,-5.233264,10.349764,PT-S2,Control/Other
PT,PT,3948::SEACell-108,-6.0551896,9.749756,dPT-S1,Control/Other
PT,PT,3948::SEACell-109,0.7558535,10.095768,aPT1,Control/Other
PT,PT,3948::SEACell-11,-5.6573772,10.303908,dPT-S1,Control/Other
PT,PT,3948::SEACell-110,1.540353,8.172321,aPT1,Control/Other
PT,PT,3948::SEACell-111,1.8063173,12.146891,aPT2,Control/Other
PT,PT,3948::SEACell-112,-5.6639657,10.321192,PT-S1,Control/Other
PT,PT,3948::SEACell-113,1.5137234,12.003632,aPT2,Control/Other
PT,PT,3948::SEACell-114,-3.4994597,3.2354214,PT-S3,Control/Other
PT,PT,3948::SEACell-115,-3.6058931,3.4983199,PT-S3,Control/Other
PT,PT,3948::SEACell-116,-6.4394965,9.114976,PT-S1,Control/Other
PT,PT,3948::SEACell-117,-5.382089,10.306394,PT-S2,Control/Other
PT,PT,3948::SEACell-118,-6.227376,9.152839,PT-S1,Control/Other
PT,PT,3948::SEACell-119,1.5063157,10.5574875,frPT-S1/S2,Control/Other
PT,PT,3948::SEACell-12,-6.222924,10.122808,PT-S1,Control/Other
PT,PT,3948::SEACell-120,-6.0588727,10.035405,PT-S1,Control/Other
PT,PT,3948::SEACell-121,1.1863699,11.016593,aPT2,Control/Other
PT,PT,3948::SEACell-122,-3.047318,9.745674,aPT-S1/S2,Control/Other
PT,PT,3948::SEACell-123,-5.320255,10.548953,PT-S2,Control/Other
PT,PT,3948::SEACell-124,-6.137567,10.037867,PT-S1,Control/Other
PT,PT,3948::SEACell-125,-5.617486,10.36739,PT-S1,Control/Other
PT,PT,3948::SEACell-126,2.0274909,1.3491988,PT-S1,Control/Other
PT,PT,3948::SEACell-127,1.1108217,10.575834,aPT1,Control/Other
PT,PT,3948::SEACell-128,3.333918,2.6761842,aPT1,Control/Other
PT,PT,3948::SEACell-129,0.57892686,14.972523,dPT-S1,Control/Other
PT,PT,3948::SEACell-13,-6.5325465,9.227956,PT-S1,Control/Other
PT,PT,3948::SEACell-130,1.6547384,8.125884,aPT1,Control/Other
PT,PT,3948::SEACell-131,-5.86303,10.308681,PT-S1,Control/Other
PT,PT,3948::SEACell-132,1.7784283,12.448345,aPT2,Control/Other
PT,PT,3948::SEACell-133,2.7588289,2.0734339,PT-S2,Control/Other
PT,PT,3948::SEACell-134,0.6601637,10.414399,frPT-S1/S2,Control/Other
PT,PT,3948::SEACell-135,2.089961,9.47472,aPT1,Control/Other
PT,PT,3948::SEACell-136,2.2288504,9.434501,aPT1,Control/Other
PT,PT,3948::SEACell-137,3.5960746,3.1490042,PT-S1,Control/Other
PT,PT,3948::SEACell-138,2.893104,9.031814,aPT1,Control/Other
PT,PT,3948::SEACell-139,1.0724813,10.480308,aPT1,Control/Other
PT,PT,3948::SEACell-14,-5.957482,9.886307,PT-S1,Control/Other
PT,PT,3948::SEACell-140,-6.504016,9.251797,PT-S1,Control/Other
PT,PT,3948::SEACell-141,-3.1444166,3.5155628,aPT-S3,Control/Other
PT,PT,3948::SEACell-142,-6.213473,9.142394,PT-S1,Control/Other
PT,PT,3948::SEACell-143,-0.9041671,14.925435,dPT-S1,Control/Other
PT,PT,3948::SEACell-144,1.348896,9.79841,aPT1,Control/Other
PT,PT,3948::SEACell-145,0.32882187,10.062216,aPT-S1/S2,Control/Other
PT,PT,3948::SEACell-146,-6.138116,9.306559,PT-S1,Control/Other
PT,PT,3948::SEACell-147,1.793507,11.624505,frPT-S3,Control/Other
PT,PT,3948::SEACell-148,1.5203635,11.701043,aPT2,Control/Other
PT,PT,3948::SEACell-149,-3.7020888,3.6519709,PT-S3,Control/Other
PT,PT,3948::SEACell-15,-3.617594,3.7350392,PT-S3,Control/Other
PT,PT,3948::SEACell-150,-5.7439117,10.450577,PT-S1,Control/Other
PT,PT,3948::SEACell-151,-6.144519,10.122809,dPT-S1,Control/Other
PT,PT,3948::SEACell-152,-5.386519,10.585828,PT-S2,Control/Other
PT,PT,3948::SEACell-153,-6.138997,9.467758,PT-S1,Control/Other
PT,PT,3948::SEACell-154,-0.14940117,15.41593,dPT-S1,Control/Other
PT,PT,3948::SEACell-155,-1.3058908,14.703559,dPT-S1,Control/Other
PT,PT,3948::SEACell-156,1.4454948,10.919319,frPT-S1/S2,Control/Other
PT,PT,3948::SEACell-157,1.5442837,13.4162655,aPT2,Control/Other
PT,PT,3948::SEACell-158,-0.005189316,9.836916,aPT-S1/S2,Control/Other
PT,PT,3948::SEACell-159,-6.4851484,9.365947,PT-S1,Control/Other
PT,PT,3948::SEACell-16,1.321709,10.520203,aPT1,Control/Other
PT,PT,3948::SEACell-160,-6.0144787,9.821703,PT-S1,Control/Other
PT,PT,3948::SEACell-161,-6.3227196,9.496522,PT-S1,Control/Other
PT,PT,3948::SEACell-162,0.33954164,15.136088,dPT-S1,Control/Other
PT,PT,3948::SEACell-163,-5.48903,10.585044,PT-S2,Control/Other
PT,PT,3948::SEACell-164,-3.4611878,3.8816214,PT-S3,Control/Other
PT,PT,3948::SEACell-165,-6.2370887,9.896961,PT-S1,Control/Other
PT,PT,3948::SEACell-166,1.276841,14.317231,aPT2,Control/Other
PT,PT,3948::SEACell-167,-5.425547,10.449569,PT-S2,Control/Other
PT,PT,3948::SEACell-168,-5.4966307,10.632046,PT-S2,Control/Other
PT,PT,3948::SEACell-169,2.958387,2.2691934,PT-S1,Control/Other
PT,PT,3948::SEACell-17,1.2907257,11.528064,frPT-S1/S2,Control/Other
PT,PT,3948::SEACell-170,0.2293112,9.912339,aPT-S1/S2,Control/Other
PT,PT,3948::SEACell-171,-6.5610266,9.196756,dPT-S1,Control/Other
PT,PT,3948::SEACell-172,0.23267604,9.940633,aPT-S1/S2,Control/Other
PT,PT,3948::SEACell-173,-3.4031322,3.4853044,PT-S3,Control/Other
PT,PT,3948::SEACell-174,2.2744315,9.148727,aPT1,Control/Other
PT,PT,3948::SEACell-175,0.31297842,10.108624,aPT-S1/S2,Control/Other
PT,PT,3948::SEACell-176,-5.341934,10.537297,PT-S2,Control/Other
PT,PT,3948::SEACell-177,-6.543494,9.258574,PT-S1,Control/Other
PT,PT,3948::SEACell-178,1.0968997,10.144809,aPT1,Control/Other
PT,PT,3948::SEACell-179,5.5434566,4.7988524,frPT-S3,Control/Other
PT,PT,3948::SEACell-18,-6.1945605,9.122566,PT-S1,Control/Other
PT,PT,3948::SEACell-180,1.3749003,11.48269,frPT-S1/S2,Control/Other
PT,PT,3948::SEACell-181,-5.9287663,10.2729845,PT-S1,Control/Other
PT,PT,3948::SEACell-182,2.0957112,1.7625027,PT-S1,Control/Other
PT,PT,3948::SEACell-183,0.1322081,9.924388,aPT-S1/S2,Control/Other
PT,PT,3948::SEACell-184,-3.3939497,3.212438,PT-S3,Control/Other
PT,PT,3948::SEACell-185,0.1879479,10.018105,frPT-S1/S2,Control/Other
PT,PT,3948::SEACell-186,-5.4826365,10.566432,PT-S2,Control/Other
PT,PT,3948::SEACell-187,-5.74339,10.271864,PT-S1,Control/Other
PT,PT,3948::SEACell-188,-6.1919613,10.196464,PT-S1,Control/Other
PT,PT,3948::SEACell-189,-6.3797164,9.143899,PT-S1,Control/Other
PT,PT,3948::SEACell-19,-5.364036,10.586696,PT-S2,Control/Other
PT,PT,3948::SEACell-190,1.516041,10.081524,aPT1,Control/Other
PT,PT,3948::SEACell-191,-6.1732926,10.042044,PT-S1,Control/Other
PT,PT,3948::SEACell-192,0.012021684,9.58126,aPT-S1/S2,Control/Other
PT,PT,3948::SEACell-193,0.3035226,10.082539,aPT-S1/S2,Control/Other
PT,PT,3948::SEACell-194,-6.358082,9.149063,PT-S1,Control/Other
PT,PT,3948::SEACell-195,-6.5421524,9.246731,PT-S1,Control/Other
PT,PT,3948::SEACell-196,1.3918935,13.923326,aPT2,Control/Other
PT,PT,3948::SEACell-197,0.9694746,10.796475,aPT1,Control/Other
PT,PT,3948::SEACell-198,1.2360524,11.385818,aPT2,Control/Other
PT,PT,3948::SEACell-199,-3.6772797,3.6278028,PT-S3,Control/Other
PT,PT,3948::SEACell-2,-5.39098,10.515687,PT-S2,Control/Other
PT,PT,3948::SEACell-20,-0.23781733,2.2079232,PT-S3,Control/Other
PT,PT,3948::SEACell-200,-6.5627236,9.210246,PT-S1,Control/Other
PT,PT,3948::SEACell-201,-5.3818765,10.4749975,PT-S2,Control/Other
PT,PT,3948::SEACell-202,2.3892524,1.8244543,PT-S1,Control/Other
PT,PT,3948::SEACell-203,0.025137225,3.9252687,PT-S1,Control/Other
PT,PT,3948::SEACell-204,1.2591059,10.789289,aPT1,Control/Other
PT,PT,3948::SEACell-205,-6.1009274,10.069279,PT-S1,Control/Other
PT,PT,3948::SEACell-206,-5.526689,10.339796,PT-S1,Control/Other
PT,PT,3948::SEACell-207,2.197521,9.388513,aPT1,Control/Other
PT,PT,3948::SEACell-208,-3.37279,2.798189,PT-S3,Control/Other
PT,PT,3948::SEACell-209,-6.047196,10.081751,PT-S1,Control/Other
PT,PT,3948::SEACell-21,-5.855103,10.246481,PT-S1,Control/Other
PT,PT,3948::SEACell-210,1.123702,10.240237,aPT1,Control/Other
PT,PT,3948::SEACell-211,1.3415468,10.700761,aPT1,Control/Other
PT,PT,3948::SEACell-212,-3.7190897,2.8964639,PT-S3,Control/Other
PT,PT,3948::SEACell-213,1.7748712,12.2244625,aPT2,Control/Other
PT,PT,3948::SEACell-214,-5.9166985,10.3561535,PT-S1,Control/Other
PT,PT,3948::SEACell-215,-0.7190825,15.656237,dPT-S1,Control/Other
PT,PT,3948::SEACell-216,-3.573864,3.4276245,PT-S3,Control/Other
PT,PT,3948::SEACell-217,-6.0993695,9.25533,PT-S1,Control/Other
PT,PT,3948::SEACell-218,-5.3007336,10.163425,PT-S1,Control/Other
PT,PT,3948::SEACell-219,-6.038137,10.154477,PT-S1,Control/Other
PT,PT,3948::SEACell-22,2.1658857,1.6405281,PT-S1,Control/Other
PT,PT,3948::SEACell-220,0.19068177,15.066988,dPT-S1,Control/Other
PT,PT,3948::SEACell-221,-5.6713953,9.194822,PT-S1,Control/Other
PT,PT,3948::SEACell-222,1.4486859,11.729924,aPT2,Control/Other
PT,PT,3948::SEACell-223,2.6836863,8.519917,aPT1,Control/Other
PT,PT,3948::SEACell-224,-6.254338,9.216471,PT-S1,Control/Other
PT,PT,3948::SEACell-225,-5.515615,10.512096,PT-S1,Control/Other
PT,PT,3948::SEACell-226,0.26392293,10.021404,frPT-S1/S2,Control/Other
PT,PT,3948::SEACell-227,0.6369074,10.318729,aPT1,Control/Other
PT,PT,3948::SEACell-228,-0.06417617,15.615771,dPT-S1,Control/Other
PT,PT,3948::SEACell-229,0.08649817,9.876689,aPT-S1/S2,Control/Other
PT,PT,3948::SEACell-23,-3.6311128,3.7222402,PT-S3,Control/Other
PT,PT,3948::SEACell-230,1.9293414,12.44816,aPT2,Control/Other
PT,PT,3948::SEACell-231,1.1864048,10.827662,aPT1,Control/Other
PT,PT,3948::SEACell-232,-6.073458,9.650328,dPT-S1,Control/Other
PT,PT,3948::SEACell-233,-3.7966855,2.9559479,PT-S3,Control/Other
PT,PT,3948::SEACell-234,1.9191984,1.9988979,PT-S1,Control/Other
PT,PT,3948::SEACell-236,-6.2530456,9.939247,PT-S1,Control/Other
PT,PT,3948::SEACell-237,1.3766004,14.148005,aPT2,Control/Other
PT,PT,3948::SEACell-238,-3.7107959,3.4906764,PT-S3,Control/Other
PT,PT,3948::SEACell-239,0.14091355,15.222953,dPT-S1,Control/Other
PT,PT,3948::SEACell-24,-5.366376,9.237564,PT-S1,Control/Other
PT,PT,3948::SEACell-240,-6.5636377,9.213621,PT-S1,Control/Other
PT,PT,3948::SEACell-241,-3.1343448,3.2543793,aPT-S3,Control/Other
PT,PT,3948::SEACell-25,-6.344929,9.42468,PT-S1,Control/Other
PT,PT,3948::SEACell-26,3.6000738,11.072099,dPT,Control/Other
PT,PT,3948::SEACell-27,-6.4913588,9.209095,PT-S1,Control/Other
PT,PT,3948::SEACell-28,-6.00919,10.301908,PT-S1,Control/Other
PT,PT,3948::SEACell-29,-3.5360887,3.492681,PT-S3,Control/Other
PT,PT,3948::SEACell-3,1.4759792,10.995171,aPT1,Control/Other
PT,PT,3948::SEACell-30,-3.6390815,3.5959988,PT-S3,Control/Other
PT,PT,3948::SEACell-31,1.342756,14.144225,aPT2,Control/Other
PT,PT,3948::SEACell-32,0.806746,10.723046,aPT1,Control/Other
PT,PT,3948::SEACell-33,3.929568,3.4895837,aPT1,Control/Other
PT,PT,3948::SEACell-34,-6.279283,9.753142,dPT-S1,Control/Other
PT,PT,3948::SEACell-35,1.1999589,10.187248,aPT1,Control/Other
PT,PT,3948::SEACell-36,-6.520039,9.257476,PT-S1,Control/Other
PT,PT,3948::SEACell-37,1.7755308,12.249424,aPT2,Control/Other
PT,PT,3948::SEACell-38,1.2861311,11.724806,aPT2,Control/Other
PT,PT,3948::SEACell-39,-5.732779,10.578557,PT-S2,Control/Other
PT,PT,3948::SEACell-4,1.1320072,11.077707,aPT1,Control/Other
PT,PT,3948::SEACell-40,-5.6084437,10.427282,PT-S1,Control/Other
PT,PT,3948::SEACell-41,1.2952923,10.534704,aPT1,Control/Other
PT,PT,3948::SEACell-42,1.9040561,12.044451,aPT2,Control/Other
PT,PT,3948::SEACell-43,-3.6591756,3.5384521,PT-S3,Control/Other
PT,PT,3948::SEACell-44,-5.955292,9.238226,PT-S1,Control/Other
PT,PT,3948::SEACell-45,4.287278,3.9227464,aPT1,Control/Other
PT,PT,3948::SEACell-46,-6.0413356,9.385644,PT-S1,Control/Other
PT,PT,3948::SEACell-47,0.75433344,10.069578,aPT1,Control/Other
PT,PT,3948::SEACell-48,-5.548403,10.572749,PT-S2,Control/Other
PT,PT,3948::SEACell-49,-6.171553,10.004056,PT-S1,Control/Other
PT,PT,3948::SEACell-5,-5.3033214,10.419797,PT-S1,Control/Other
PT,PT,3948::SEACell-50,1.6958685,9.678585,aPT1,Control/Other
PT,PT,3948::SEACell-51,1.4203714,11.367446,frPT-S1/S2,Control/Other
PT,PT,3948::SEACell-52,1.2305826,14.363921,aPT2,Control/Other
PT,PT,3948::SEACell-53,1.4607866,11.204484,aPT2,Control/Other
PT,PT,3948::SEACell-54,-5.4153886,10.550229,PT-S2,Control/Other
PT,PT,3948::SEACell-55,1.3758576,14.348704,aPT2,Control/Other
PT,PT,3948::SEACell-56,2.7917395,2.1119597,PT-S1,Control/Other
PT,PT,3948::SEACell-57,-5.9136147,9.197649,PT-S1,Control/Other
PT,PT,3948::SEACell-58,-6.1277113,9.124701,PT-S1,Control/Other
PT,PT,3948::SEACell-59,0.4157409,10.0517435,aPT1,Control/Other
PT,PT,3948::SEACell-6,1.1457189,11.15795,aPT1,Control/Other
PT,PT,3948::SEACell-60,-6.17648,10.121112,PT-S1,Control/Other
PT,PT,3948::SEACell-61,-6.103475,10.153901,PT-S1,Control/Other
PT,PT,3948::SEACell-62,0.16258457,9.957207,aPT-S1/S2,Control/Other
PT,PT,3948::SEACell-63,-5.649183,10.440188,PT-S1,Control/Other
PT,PT,3948::SEACell-64,-5.697819,10.266612,PT-S1,Control/Other
PT,PT,3948::SEACell-65,-3.48033,3.8602085,PT-S3,Control/Other
PT,PT,3948::SEACell-66,-6.5931015,9.251176,PT-S1,Control/Other
PT,PT,3948::SEACell-67,-6.1707244,9.199304,PT-S1,Control/Other
PT,PT,3948::SEACell-68,-5.733688,10.513324,PT-S2,Control/Other
PT,PT,3948::SEACell-69,2.2186625,1.7223151,PT-S1,Control/Other
PT,PT,3948::SEACell-7,-3.1919644,3.3340652,PT-S3,Control/Other
PT,PT,3948::SEACell-70,-6.1558385,10.232064,PT-S1,Control/Other
PT,PT,3948::SEACell-71,1.9210328,12.528662,aPT2,Control/Other
PT,PT,3948::SEACell-72,1.4745533,10.660976,aPT1,Control/Other
PT,PT,3948::SEACell-73,-6.1103,10.128111,PT-S1,Control/Other
PT,PT,3948::SEACell-74,0.4028798,9.985764,aPT1,Control/Other
PT,PT,3948::SEACell-75,-0.43975595,14.207607,dPT-S1,Control/Other
PT,PT,3948::SEACell-76,0.023630349,15.401494,dPT-S1,Control/Other
PT,PT,3948::SEACell-77,-3.7173698,3.4512298,PT-S3,Control/Other
PT,PT,3948::SEACell-78,-6.1594696,9.91353,PT-S1,Control/Other
PT,PT,3948::SEACell-79,-5.423342,10.468384,PT-S2,Control/Other
PT,PT,3948::SEACell-8,0.8665194,9.867752,aPT1,Control/Other
PT,PT,3948::SEACell-80,1.959974,12.441095,aPT2,Control/Other
PT,PT,3948::SEACell-81,1.269986,10.166384,aPT1,Control/Other
PT,PT,3948::SEACell-82,-6.685474,9.365247,PT-S1,Control/Other
PT,PT,3948::SEACell-83,1.576184,11.94769,aPT2,Control/Other
PT,PT,3948::SEACell-84,1.4573328,11.271126,frPT-S1/S2,Control/Other
PT,PT,3948::SEACell-85,-3.5047352,3.7286172,PT-S3,Control/Other
PT,PT,3948::SEACell-86,1.4754399,11.9771185,aPT2,Control/Other
PT,PT,3948::SEACell-87,2.2915668,1.2918912,PT-S3,Control/Other
PT,PT,3948::SEACell-88,1.7131054,11.975949,aPT2,Control/Other
PT,PT,3948::SEACell-89,-3.6770275,3.0310347,PT-S3,Control/Other
PT,PT,3948::SEACell-9,-6.5811515,9.169735,PT-S1,Control/Other
PT,PT,3948::SEACell-90,0.85358757,10.524812,aPT1,Control/Other
PT,PT,3948::SEACell-91,-5.652662,10.249081,PT-S1,Control/Other
PT,PT,3948::SEACell-92,-6.037211,10.22912,PT-S1,Control/Other
PT,PT,3948::SEACell-93,-3.97185,3.196734,PT-S3,Control/Other
PT,PT,3948::SEACell-94,-3.624251,3.1662583,PT-S3,Control/Other
PT,PT,3948::SEACell-95,0.39036968,10.14141,aPT-S1/S2,Control/Other
PT,PT,3948::SEACell-96,1.3266965,9.867804,aPT1,Control/Other
PT,PT,3948::SEACell-97,0.34174678,10.066928,aPT1,Control/Other
PT,PT,3948::SEACell-98,1.853083,12.296257,aPT2,Control/Other
PT,PT,3948::SEACell-99,-6.215586,9.696914,PT-S1,Control/Other
PT,PT,3965::SEACell-0,-1.5051512,6.6701374,PT-S1,Control/Other
PT,PT,3965::SEACell-1,-1.6628261,7.1911325,PT-S1,Control/Other
PT,PT,3965::SEACell-10,-1.0789196,6.198129,PT-S2,Control/Other
PT,PT,3965::SEACell-100,0.3655523,14.610201,dPT-S1,Control/Other
PT,PT,3965::SEACell-101,0.2161289,6.743427,aPT1,Control/Other
PT,PT,3965::SEACell-102,0.3277107,14.973295,dPT-S1,Control/Other
PT,PT,3965::SEACell-103,-2.7796595,7.9655914,PT-S1,Control/Other
PT,PT,3965::SEACell-104,-0.29260755,13.910292,dPT-S1,Control/Other
PT,PT,3965::SEACell-105,0.11027112,14.300686,dPT-S1,Control/Other
PT,PT,3965::SEACell-106,0.094407685,14.7897005,dPT-S1,Control/Other
PT,PT,3965::SEACell-107,-0.4182452,14.131921,dPT-S1,Control/Other
PT,PT,3965::SEACell-108,-1.8092505,7.0259166,PT-S2,Control/Other
PT,PT,3965::SEACell-109,-1.6272944,4.3935533,PT-S3,Control/Other
PT,PT,3965::SEACell-11,-0.71361285,6.790477,aPT1,Control/Other
PT,PT,3965::SEACell-110,0.17825526,14.870084,dPT-S1,Control/Other
PT,PT,3965::SEACell-111,-3.0120535,8.107207,PT-S1,Control/Other
PT,PT,3965::SEACell-112,0.6052751,13.862274,dPT-S1,Control/Other
PT,PT,3965::SEACell-113,0.09070473,14.974508,dPT-S1,Control/Other
PT,PT,3965::SEACell-114,-0.085827634,14.177533,dPT-S1,Control/Other
PT,PT,3965::SEACell-115,-1.5086839,7.1978707,aPT-S1/S2,Control/Other
PT,PT,3965::SEACell-116,-2.2645984,7.627054,PT-S1,Control/Other
PT,PT,3965::SEACell-117,-3.1812735,8.284559,PT-S1,Control/Other
PT,PT,3965::SEACell-118,-2.711773,7.873509,PT-S1,Control/Other
PT,PT,3965::SEACell-119,-2.6720996,7.8932996,PT-S1,Control/Other
PT,PT,3965::SEACell-12,0.19712007,14.924832,dPT-S1,Control/Other
PT,PT,3965::SEACell-120,0.37430257,14.88281,dPT-S1,Control/Other
PT,PT,3965::SEACell-121,1.8116298,7.191905,aPT1,Control/Other
PT,PT,3965::SEACell-122,-1.2489614,6.3676004,PT-S2,Control/Other
PT,PT,3965::SEACell-123,-2.3158963,7.4105983,PT-S1,Control/Other
PT,PT,3965::SEACell-124,-0.2780306,13.950696,dPT-S1,Control/Other
PT,PT,3965::SEACell-125,0.40701842,15.050238,dPT-S1,Control/Other
PT,PT,3965::SEACell-126,1.6107023,8.795736,frPT-S1/S2,Control/Other
PT,PT,3965::SEACell-127,-1.3900341,5.3094125,PT-S3,Control/Other
PT,PT,3965::SEACell-128,-1.3531525,6.12399,PT-S2,Control/Other
PT,PT,3965::SEACell-129,-2.3679745,7.588864,PT-S1,Control/Other
PT,PT,3965::SEACell-13,-2.1926944,7.510733,PT-S1,Control/Other
PT,PT,3965::SEACell-130,-0.1707426,14.024066,dPT-S1,Control/Other
PT,PT,3965::SEACell-131,-0.7714863,6.7138343,PT-S1,Control/Other
PT,PT,3965::SEACell-132,-0.30021077,6.1917915,dPT-S1,Control/Other
PT,PT,3965::SEACell-133,0.20166628,15.19755,dPT-S1,Control/Other
PT,PT,3965::SEACell-134,-0.025389304,14.756555,dPT-S1,Control/Other
PT,PT,3965::SEACell-135,-1.371671,4.5420303,PT-S3,Control/Other
PT,PT,3965::SEACell-136,0.16716184,14.529009,dPT-S1,Control/Other
PT,PT,3965::SEACell-137,-1.2663895,6.7254972,PT-S1,Control/Other
PT,PT,3965::SEACell-138,-2.4860003,7.3807526,dPT-S1,Control/Other
PT,PT,3965::SEACell-139,-2.3861344,7.668147,PT-S1,Control/Other
PT,PT,3965::SEACell-14,-1.6518928,6.8904634,PT-S1,Control/Other
PT,PT,3965::SEACell-140,0.40972275,15.07027,dPT-S1,Control/Other
PT,PT,3965::SEACell-141,-3.0383062,8.144485,PT-S1,Control/Other
PT,PT,3965::SEACell-142,-2.5931406,7.7807274,PT-S1,Control/Other
PT,PT,3965::SEACell-143,1.311161,7.474448,frPT-S1/S2,Control/Other
PT,PT,3965::SEACell-144,-1.8927091,6.47016,PT-S2,Control/Other
PT,PT,3965::SEACell-15,-1.5129206,6.8230844,PT-S1,Control/Other
PT,PT,3965::SEACell-16,-0.5595516,14.605747,dPT-S1,Control/Other
PT,PT,3965::SEACell-17,-1.355228,4.11013,PT-S3,Control/Other
PT,PT,3965::SEACell-18,-0.820291,13.53698,dPT-S1,Control/Other
PT,PT,3965::SEACell-19,-1.4534684,6.506891,PT-S2,Control/Other
PT,PT,3965::SEACell-2,-0.53635806,13.565819,dPT-S1,Control/Other
PT,PT,3965::SEACell-20,-1.7080871,6.9753413,PT-S1,Control/Other
PT,PT,3965::SEACell-21,0.3353681,14.795598,dPT-S1,Control/Other
PT,PT,3965::SEACell-22,-0.00985135,14.928031,dPT-S1,Control/Other
PT,PT,3965::SEACell-23,-2.7104776,7.427769,dPT-S1,Control/Other
PT,PT,3965::SEACell-24,-0.06753461,14.022804,dPT-S1,Control/Other
PT,PT,3965::SEACell-25,-0.15941408,14.226334,dPT-S1,Control/Other
PT,PT,3965::SEACell-26,-0.0438843,14.684232,dPT-S1,Control/Other
PT,PT,3965::SEACell-27,-1.3626841,5.6685433,PT-S3,Control/Other
PT,PT,3965::SEACell-28,-2.6874254,7.9138446,PT-S1,Control/Other
PT,PT,3965::SEACell-29,-3.9363065,5.4185934,PT-S2,Control/Other
PT,PT,3965::SEACell-3,-3.3977509,8.350064,PT-S1,Control/Other
PT,PT,3965::SEACell-30,-2.6570735,7.8102236,PT-S1,Control/Other
PT,PT,3965::SEACell-31,-0.029592918,14.925572,dPT-S1,Control/Other
PT,PT,3965::SEACell-32,-1.0899634,6.947059,aPT-S1/S2,Control/Other
PT,PT,3965::SEACell-33,-1.269007,6.72464,PT-S2,Control/Other
PT,PT,3965::SEACell-34,0.09790233,14.7613945,dPT-S1,Control/Other
PT,PT,3965::SEACell-35,-0.21293505,6.7533245,aPT-S1/S2,Control/Other
PT,PT,3965::SEACell-36,0.15016063,14.806645,dPT-S1,Control/Other
PT,PT,3965::SEACell-37,1.3572092,7.030415,frPT-S1/S2,Control/Other
PT,PT,3965::SEACell-38,-0.38173935,14.090688,dPT-S1,Control/Other
PT,PT,3965::SEACell-39,-0.2569966,14.0563135,dPT-S1,Control/Other
PT,PT,3965::SEACell-4,-2.7474754,7.8904824,PT-S1,Control/Other
PT,PT,3965::SEACell-40,-3.2149534,8.27439,PT-S1,Control/Other
PT,PT,3965::SEACell-41,-0.29653925,14.116525,dPT-S1,Control/Other
PT,PT,3965::SEACell-42,-1.6031138,4.4472375,PT-S3,Control/Other
PT,PT,3965::SEACell-43,-0.8327084,6.9742427,aPT-S1/S2,Control/Other
PT,PT,3965::SEACell-44,-1.657677,5.530518,PT-S3,Control/Other
PT,PT,3965::SEACell-45,0.17951274,14.878475,dPT-S1,Control/Other
PT,PT,3965::SEACell-46,0.33547795,14.8457155,dPT-S1,Control/Other
PT,PT,3965::SEACell-47,-1.4448876,4.603112,PT-S3,Control/Other
PT,PT,3965::SEACell-48,-0.6025715,13.392376,dPT-S1,Control/Other
PT,PT,3965::SEACell-49,-2.924285,7.983413,PT-S1,Control/Other
PT,PT,3965::SEACell-5,0.13550855,14.943655,dPT-S1,Control/Other
PT,PT,3965::SEACell-50,0.9136556,13.785904,dPT-S1,Control/Other
PT,PT,3965::SEACell-51,-3.187667,8.242241,PT-S1,Control/Other
PT,PT,3965::SEACell-52,0.28970358,14.73592,dPT-S1,Control/Other
PT,PT,3965::SEACell-53,-1.6618642,4.148792,PT-S3,Control/Other
PT,PT,3965::SEACell-54,-0.1492288,14.034379,dPT-S1,Control/Other
PT,PT,3965::SEACell-55,-0.11801212,14.42359,dPT-S1,Control/Other
PT,PT,3965::SEACell-56,-1.8268529,6.908775,PT-S1,Control/Other
PT,PT,3965::SEACell-57,-0.11762977,15.160611,dPT-S1,Control/Other
PT,PT,3965::SEACell-58,-2.535447,7.775918,PT-S1,Control/Other
PT,PT,3965::SEACell-59,-1.4491184,6.6810637,PT-S2,Control/Other
PT,PT,3965::SEACell-6,-1.4481113,5.68583,PT-S3,Control/Other
PT,PT,3965::SEACell-60,-2.9880397,8.08016,PT-S1,Control/Other
PT,PT,3965::SEACell-61,-3.3288898,8.379478,PT-S1,Control/Other
PT,PT,3965::SEACell-62,-0.7712944,6.7430186,aPT-S1/S2,Control/Other
PT,PT,3965::SEACell-63,-0.032141946,14.405886,dPT-S1,Control/Other
PT,PT,3965::SEACell-64,-1.5914531,6.854106,PT-S1,Control/Other
PT,PT,3965::SEACell-65,1.1895103,8.119795,frPT-S1/S2,Control/Other
PT,PT,3965::SEACell-66,-0.21496826,14.010028,dPT-S1,Control/Other
PT,PT,3965::SEACell-67,-0.22696783,14.991144,dPT-S1,Control/Other
PT,PT,3965::SEACell-68,-0.87750065,6.895508,dPT-S1,Control/Other
PT,PT,3965::SEACell-69,0.9523026,6.9522543,aPT1,Control/Other
PT,PT,3965::SEACell-7,-1.6701701,6.8071756,PT-S1,Control/Other
PT,PT,3965::SEACell-70,-0.13580231,14.18564,dPT-S1,Control/Other
PT,PT,3965::SEACell-71,-0.47937196,6.9091973,aPT-S1/S2,Control/Other
PT,PT,3965::SEACell-72,-1.5022619,5.791022,PT-S3,Control/Other
PT,PT,3965::SEACell-73,-3.2593317,8.29018,PT-S1,Control/Other
PT,PT,3965::SEACell-74,0.25591332,14.786163,dPT-S1,Control/Other
PT,PT,3965::SEACell-75,0.55555046,14.73992,dPT-S1,Control/Other
PT,PT,3965::SEACell-76,-2.8583264,7.973577,PT-S1,Control/Other
PT,PT,3965::SEACell-77,1.3483813,7.08299,frPT-S1/S2,Control/Other
PT,PT,3965::SEACell-78,0.11471374,14.792954,dPT-S1,Control/Other
PT,PT,3965::SEACell-79,-2.9916868,8.101771,PT-S1,Control/Other
PT,PT,3965::SEACell-8,-0.3547894,13.85719,dPT-S1,Control/Other
PT,PT,3965::SEACell-80,-0.4855733,6.8854947,aPT-S1/S2,Control/Other
PT,PT,3965::SEACell-81,0.053829502,14.533464,dPT-S1,Control/Other
PT,PT,3965::SEACell-82,0.5656511,6.8053336,aPT1,Control/Other
PT,PT,3965::SEACell-83,-3.1806011,8.249162,PT-S1,Control/Other
PT,PT,3965::SEACell-84,-1.7250918,7.050202,PT-S1,Control/Other
PT,PT,3965::SEACell-85,-0.26716524,14.179962,dPT-S1,Control/Other
PT,PT,3965::SEACell-86,-1.5360729,4.231933,PT-S3,Control/Other
PT,PT,3965::SEACell-87,0.43706626,15.155039,dPT-S1,Control/Other
PT,PT,3965::SEACell-88,-0.3593846,14.641747,dPT-S1,Control/Other
PT,PT,3965::SEACell-89,-1.222186,6.449995,PT-S2,Control/Other
PT,PT,3965::SEACell-9,-2.657447,8.087922,PT-S1,Control/Other
PT,PT,3965::SEACell-90,-2.562907,7.733037,PT-S1,Control/Other
PT,PT,3965::SEACell-91,-1.7573617,5.43178,PT-S3,Control/Other
PT,PT,3965::SEACell-92,0.36279622,6.6243253,aPT1,Control/Other
PT,PT,3965::SEACell-93,-0.07882601,14.188723,dPT-S1,Control/Other
PT,PT,3965::SEACell-94,-3.1307259,8.231137,PT-S1,Control/Other
PT,PT,3965::SEACell-95,-1.5959848,6.7021027,PT-S2,Control/Other
PT,PT,3965::SEACell-96,-2.9803274,8.044306,PT-S1,Control/Other
PT,PT,3965::SEACell-97,-1.8846047,7.130786,PT-S1,Control/Other
PT,PT,3965::SEACell-98,-1.4596678,6.5457883,PT-S2,Control/Other
PT,PT,3965::SEACell-99,-1.5771396,6.6153417,PT-S2,Control/Other
PT,PT,933-10003::SEACell-0,1.5579827,9.7514515,aPT1,CKD
PT,PT,933-10003::SEACell-1,0.62628055,8.4425955,PT-S1,CKD
PT,PT,933-10003::SEACell-2,-2.907445,4.368522,PT-S2,CKD
PT,PT,933-10003::SEACell-3,0.91014963,14.502487,dPT-S1,CKD
PT,PT,933-10003::SEACell-4,-3.466967,5.510591,PT-S2,CKD
PT,PT,933-10003::SEACell-5,-5.0879235,7.1762085,PT-S1,CKD
PT,PT,933-10003::SEACell-6,-2.3279662,4.6195655,PT-S3,CKD
PT,PT,933-10003::SEACell-7,1.8968204,10.976769,aPT2,CKD
PT,PT,933-10010::SEACell-0,1.3526245,9.636917,aPT2,CKD
PT,PT,933-10010::SEACell-1,-6.185134,5.72824,PT-S1,CKD
PT,PT,933-10010::SEACell-2,-4.4768953,5.6892323,PT-S2,CKD
PT,PT,934-10016::SEACell-0,-2.508111,3.698731,PT-S3,CKD
PT,PT,934-10016::SEACell-1,-4.205757,4.943998,PT-S2,CKD
PT,PT,934-10016::SEACell-10,-3.5823336,6.580873,dPT-S1,CKD
PT,PT,934-10016::SEACell-11,-6.3539405,5.585168,PT-S1,CKD
PT,PT,934-10016::SEACell-12,-1.9958332,3.9084074,PT-S3,CKD
PT,PT,934-10016::SEACell-13,-4.828661,5.4316387,PT-S1,CKD
PT,PT,934-10016::SEACell-14,-4.6267567,5.2125945,PT-S1,CKD
PT,PT,934-10016::SEACell-15,-1.9284267,3.666235,PT-S3,CKD
PT,PT,934-10016::SEACell-16,-1.9769691,3.5058475,PT-S3,CKD
PT,PT,934-10016::SEACell-17,-5.8887396,6.0752025,PT-S1,CKD
PT,PT,934-10016::SEACell-18,-6.114349,6.177409,PT-S1,CKD
PT,PT,934-10016::SEACell-19,-2.7430658,4.4012113,PT-S3,CKD
PT,PT,934-10016::SEACell-2,1.1595472,6.678267,aPT1,CKD
PT,PT,934-10016::SEACell-20,-5.244367,5.902064,PT-S1,CKD
PT,PT,934-10016::SEACell-21,-4.695212,6.3360457,PT-S1,CKD
PT,PT,934-10016::SEACell-22,-4.3742356,5.287513,PT-S1,CKD
PT,PT,934-10016::SEACell-23,1.7374853,7.319303,aPT1,CKD
PT,PT,934-10016::SEACell-24,-5.4685097,5.8371124,PT-S1,CKD
PT,PT,934-10016::SEACell-25,-1.9555007,3.5968502,PT-S3,CKD
PT,PT,934-10016::SEACell-26,0.71270263,5.1239896,PT-S1,CKD
PT,PT,934-10016::SEACell-27,1.3094003,8.676477,aPT1,CKD
PT,PT,934-10016::SEACell-28,-5.780564,5.6588197,PT-S1,CKD
PT,PT,934-10016::SEACell-29,-3.9749796,5.156647,PT-S2,CKD
PT,PT,934-10016::SEACell-3,-4.392979,5.1324987,PT-S1,CKD
PT,PT,934-10016::SEACell-30,-4.8017707,5.7851553,PT-S1,CKD
PT,PT,934-10016::SEACell-31,-2.417676,3.3344316,PT-S3,CKD
PT,PT,934-10016::SEACell-32,-5.1594405,6.5272565,PT-S1,CKD
PT,PT,934-10016::SEACell-4,-2.187196,4.3654766,PT-S3,CKD
PT,PT,934-10016::SEACell-5,1.6341913,7.086318,aPT1,CKD
PT,PT,934-10016::SEACell-6,-3.6784656,4.875025,PT-S2,CKD
PT,PT,934-10016::SEACell-7,-1.3529221,14.583648,dPT-S1,CKD
PT,PT,934-10016::SEACell-8,1.1689491,8.8512945,aPT2,CKD
PT,PT,934-10016::SEACell-9,-6.042437,5.8043556,PT-S1,CKD
PT,PT,934-10022::SEACell-0,-2.519792,4.970769,PT-S3,CKD
PT,PT,934-10022::SEACell-1,-2.333583,5.0292253,PT-S2,CKD
PT,PT,934-10022::SEACell-2,-2.4542027,5.099387,PT-S3,CKD
PT,PT,934-10022::SEACell-3,-2.3816135,5.1650066,PT-S2,CKD
PT,PT,934-10022::SEACell-4,-2.5065098,5.5047526,PT-S3,CKD
PT,PT,934-10022::SEACell-5,-0.84200066,11.505247,dPT-S1,CKD
PT,PT,934-10022::SEACell-6,-2.453956,4.636617,PT-S3,CKD
PT,PT,934-10022::SEACell-7,-4.592114,7.8317604,PT-S1,CKD
PT,PT,934-10022::SEACell-8,0.38607293,7.760096,aPT1,CKD
PT,PT,934-10022::SEACell-9,-3.4630256,6.73332,PT-S1,CKD
PT,PT,934-10023::SEACell-0,-2.7986434,6.3872485,PT-S1,CKD
PT,PT,934-10023::SEACell-1,-3.5577726,7.211207,PT-S1,CKD
PT,PT,934-10023::SEACell-10,-2.3018262,5.121705,PT-S3,CKD
PT,PT,934-10023::SEACell-11,0.8199167,8.506185,aPT1,CKD
PT,PT,934-10023::SEACell-12,-2.3717096,5.1834297,PT-S3,CKD
PT,PT,934-10023::SEACell-13,-4.4976454,7.628311,PT-S1,CKD
PT,PT,934-10023::SEACell-14,1.9073082,10.9662075,aPT2,CKD
PT,PT,934-10023::SEACell-15,-4.375054,7.43134,PT-S1,CKD
PT,PT,934-10023::SEACell-16,-2.4665878,5.083784,PT-S3,CKD
PT,PT,934-10023::SEACell-17,-4.2203045,7.5458083,PT-S1,CKD
PT,PT,934-10023::SEACell-18,-3.2672539,6.7718177,PT-S2,CKD
PT,PT,934-10023::SEACell-19,1.6396062,10.180655,aPT2,CKD
PT,PT,934-10023::SEACell-2,-3.9434798,7.296752,PT-S1,CKD
PT,PT,934-10023::SEACell-20,-2.334506,4.989153,PT-S3,CKD
PT,PT,934-10023::SEACell-3,-2.3906724,4.831399,PT-S3,CKD
PT,PT,934-10023::SEACell-4,-2.3591511,5.321431,PT-S3,CKD
PT,PT,934-10023::SEACell-5,-4.575195,7.565731,PT-S1,CKD
PT,PT,934-10023::SEACell-6,1.1712266,8.213708,aPT1,CKD
PT,PT,934-10023::SEACell-7,1.5867518,10.718112,dPT-S1,CKD
PT,PT,934-10023::SEACell-8,-2.194295,4.9366417,PT-S3,CKD
PT,PT,934-10023::SEACell-9,-2.2692974,5.0654798,PT-S3,CKD
PT,PT,934-10032::SEACell-0,-4.058832,5.119184,PT-S1,CKD
PT,PT,934-10032::SEACell-1,-4.20977,6.550844,PT-S1,CKD
PT,PT,934-10032::SEACell-10,-4.736114,7.674124,PT-S1,CKD
PT,PT,934-10032::SEACell-11,-2.7015767,3.5947995,PT-S3,CKD
PT,PT,934-10032::SEACell-12,-1.2005293,15.096117,dPT-S1,CKD
PT,PT,934-10032::SEACell-13,-5.9593916,6.347563,PT-S1,CKD
PT,PT,934-10032::SEACell-14,-6.226489,6.442585,PT-S1,CKD
PT,PT,934-10032::SEACell-15,-4.617742,6.7334695,PT-S1,CKD
PT,PT,934-10032::SEACell-16,-4.1041446,4.8658457,PT-S2,CKD
PT,PT,934-10032::SEACell-2,-4.0247912,6.2223625,PT-S2,CKD
PT,PT,934-10032::SEACell-3,-4.772219,6.8854384,PT-S1,CKD
PT,PT,934-10032::SEACell-4,-6.0563793,6.18639,PT-S1,CKD
PT,PT,934-10032::SEACell-5,-5.482338,7.228668,PT-S1,CKD
PT,PT,934-10032::SEACell-6,-4.169147,6.507038,PT-S1,CKD
PT,PT,934-10032::SEACell-7,-1.7042824,16.09952,dPT-S1,CKD
PT,PT,934-10032::SEACell-8,1.2835838,7.9557023,aPT1,CKD
PT,PT,934-10032::SEACell-9,-3.3984115,3.4090047,PT-S3,CKD
PT,PT,936-10002::SEACell-0,-5.1807,5.5480924,PT-S1,CKD
PT,PT,936-10002::SEACell-1,-5.3770814,6.1519547,PT-S1,CKD
PT,PT,936-10002::SEACell-10,-2.0553105,3.6124623,PT-S3,CKD
PT,PT,936-10002::SEACell-11,-1.9704442,3.6587713,PT-S3,CKD
PT,PT,936-10002::SEACell-12,-4.206973,6.346254,PT-S1,CKD
PT,PT,936-10002::SEACell-13,0.9756964,6.9593444,aPT1,CKD
PT,PT,936-10002::SEACell-14,-4.3974547,5.8342795,PT-S1,CKD
PT,PT,936-10002::SEACell-15,-0.051613577,6.1461697,PT-S1,CKD
PT,PT,936-10002::SEACell-16,-5.097078,5.497486,PT-S1,CKD
PT,PT,936-10002::SEACell-17,-5.4270453,5.3887277,PT-S1,CKD
PT,PT,936-10002::SEACell-18,0.96896505,8.933472,aPT2,CKD
PT,PT,936-10002::SEACell-19,-5.144607,5.4138284,PT-S1,CKD
PT,PT,936-10002::SEACell-2,-0.6003422,4.8138022,dPT-S1,CKD
PT,PT,936-10002::SEACell-20,1.1777533,7.4635863,aPT1,CKD
PT,PT,936-10002::SEACell-21,-3.8889754,5.7396355,PT-S2,CKD
PT,PT,936-10002::SEACell-22,-4.4734216,6.497655,PT-S1,CKD
PT,PT,936-10002::SEACell-23,-4.28127,5.722824,PT-S1,CKD
PT,PT,936-10002::SEACell-24,-3.722778,5.4900193,PT-S1,CKD
PT,PT,936-10002::SEACell-25,-3.966259,5.473668,PT-S1,CKD
PT,PT,936-10002::SEACell-26,1.4792562,7.1263757,aPT1,CKD
PT,PT,936-10002::SEACell-27,-5.5005727,5.738638,PT-S1,CKD
PT,PT,936-10002::SEACell-28,-4.220139,6.5450015,PT-S1,CKD
PT,PT,936-10002::SEACell-29,-2.3250268,3.67577,PT-S3,CKD
PT,PT,936-10002::SEACell-3,-5.0266495,5.6171656,PT-S1,CKD
PT,PT,936-10002::SEACell-30,-3.4557161,5.8877387,PT-S2,CKD
PT,PT,936-10002::SEACell-31,-3.4950986,4.8476458,PT-S2,CKD
PT,PT,936-10002::SEACell-32,-2.546401,4.491186,PT-S3,CKD
PT,PT,936-10002::SEACell-33,-4.0377026,6.6277666,PT-S1,CKD
PT,PT,936-10002::SEACell-34,-2.5342197,3.575787,PT-S3,CKD
PT,PT,936-10002::SEACell-35,-5.681809,5.5998263,PT-S1,CKD
PT,PT,936-10002::SEACell-36,-4.4584117,6.3510604,PT-S1,CKD
PT,PT,936-10002::SEACell-37,-5.2845736,6.178811,PT-S1,CKD
PT,PT,936-10002::SEACell-38,-4.0501037,5.3295617,PT-S1,CKD
PT,PT,936-10002::SEACell-39,-4.4682717,5.4744964,PT-S1,CKD
PT,PT,936-10002::SEACell-4,0.4988871,5.990636,aPT1,CKD
PT,PT,936-10002::SEACell-40,1.748013,9.876395,frPT-S1/S2,CKD
PT,PT,936-10002::SEACell-41,-4.821236,6.5637846,PT-S1,CKD
PT,PT,936-10002::SEACell-42,0.71693677,6.516546,aPT1,CKD
PT,PT,936-10002::SEACell-43,-0.81063575,10.599661,dPT-S1,CKD
PT,PT,936-10002::SEACell-44,-5.024027,6.9058,PT-S1,CKD
PT,PT,936-10002::SEACell-45,1.3986744,10.192765,aPT2,CKD
PT,PT,936-10002::SEACell-46,-5.945265,5.5465136,PT-S1,CKD
PT,PT,936-10002::SEACell-47,-2.5133834,3.6726177,PT-S3,CKD
PT,PT,936-10002::SEACell-48,-3.2640135,5.437059,PT-S1,CKD
PT,PT,936-10002::SEACell-49,-1.8707365,3.5464835,PT-S3,CKD
PT,PT,936-10002::SEACell-5,-4.7246156,6.236448,PT-S1,CKD
PT,PT,936-10002::SEACell-6,-4.6762867,5.781708,PT-S1,CKD
PT,PT,936-10002::SEACell-7,-0.8705982,4.9006433,dPT-S1,CKD
PT,PT,936-10002::SEACell-8,-2.774007,4.5897293,PT-S3,CKD
PT,PT,936-10002::SEACell-9,-6.2400737,5.571052,PT-S1,CKD
PT,PT,936-10003::SEACell-0,-2.617156,4.8330445,PT-S2,CKD
PT,PT,936-10003::SEACell-1,-3.0987198,4.391369,PT-S3,CKD
PT,PT,936-10003::SEACell-2,-5.2465353,6.509853,PT-S1,CKD
PT,PT,936-10003::SEACell-3,-2.2101912,5.5566525,PT-S3,CKD
PT,PT,936-10006::SEACell-0,-2.3151233,4.985126,PT-S2,CKD
PT,PT,936-10006::SEACell-1,1.862891,11.184138,aPT1,CKD
PT,PT,936-10006::SEACell-10,-0.032657836,15.346513,dPT-S1,CKD
PT,PT,936-10006::SEACell-11,-2.2627668,5.1437516,PT-S3,CKD
PT,PT,936-10006::SEACell-12,-3.7080724,7.327277,PT-S1,CKD
PT,PT,936-10006::SEACell-2,-2.3053021,5.663636,PT-S3,CKD
PT,PT,936-10006::SEACell-3,-2.7875211,5.585736,PT-S1,CKD
PT,PT,936-10006::SEACell-4,-0.09354483,7.424002,PT-S3,CKD
PT,PT,936-10006::SEACell-5,1.7899117,10.33748,aPT2,CKD
PT,PT,936-10006::SEACell-6,-4.003058,7.556456,PT-S1,CKD
PT,PT,936-10006::SEACell-7,1.1592863,7.941406,aPT-S3,CKD
PT,PT,936-10006::SEACell-8,-2.2522955,5.260537,PT-S3,CKD
PT,PT,936-10006::SEACell-9,-2.3396995,4.8812337,PT-S2,CKD
PT,PT,COV-02-0002::SEACell-0,1.932562,8.100962,aPT2,AKI
PT,PT,COV-02-0002::SEACell-1,2.490065,2.620889,PT-S1,AKI
PT,PT,COV-02-0002::SEACell-10,1.2156812,13.536324,dPT-S1,AKI
PT,PT,COV-02-0002::SEACell-11,2.5701404,2.6631815,PT-S1,AKI
PT,PT,COV-02-0002::SEACell-12,-0.14815712,12.532716,dPT-S1,AKI
PT,PT,COV-02-0002::SEACell-13,3.2060053,2.4987986,PT-S1,AKI
PT,PT,COV-02-0002::SEACell-14,3.3414526,2.653836,PT-S1,AKI
PT,PT,COV-02-0002::SEACell-15,2.7476006,2.5879514,PT-S1,AKI
PT,PT,COV-02-0002::SEACell-16,3.4692397,3.6067681,aPT-S1/S2,AKI
PT,PT,COV-02-0002::SEACell-2,3.2412398,2.6711278,PT-S2,AKI
PT,PT,COV-02-0002::SEACell-3,2.3132038,2.7260165,PT-S2,AKI
PT,PT,COV-02-0002::SEACell-4,2.1768057,2.5945022,PT-S2,AKI
PT,PT,COV-02-0002::SEACell-5,3.4743865,2.8683412,PT-S2,AKI
PT,PT,COV-02-0002::SEACell-6,2.3408384,2.59462,PT-S1,AKI
PT,PT,COV-02-0002::SEACell-7,3.492813,2.5186415,PT-S1,AKI
PT,PT,COV-02-0002::SEACell-8,2.3524888,2.6357348,PT-S1,AKI
PT,PT,COV-02-0002::SEACell-9,2.0334733,2.5711708,PT-S1,AKI
PT,PT,COV-02-0010::SEACell-0,4.1973696,3.3948631,PT-S2,AKI
PT,PT,COV-02-0010::SEACell-1,4.4420557,3.4025872,PT-S2,AKI
PT,PT,COV-02-0010::SEACell-10,3.9569373,3.3618548,PT-S2,AKI
PT,PT,COV-02-0010::SEACell-11,4.499927,3.691956,PT-S2,AKI
PT,PT,COV-02-0010::SEACell-12,3.942761,3.80299,PT-S1,AKI
PT,PT,COV-02-0010::SEACell-13,-0.33148426,12.923313,dPT-S1,AKI
PT,PT,COV-02-0010::SEACell-14,4.0913334,3.4904513,PT-S1,AKI
PT,PT,COV-02-0010::SEACell-15,-0.4306175,11.2726755,dPT-S1,AKI
PT,PT,COV-02-0010::SEACell-16,4.083884,3.3934681,PT-S2,AKI
PT,PT,COV-02-0010::SEACell-17,3.972902,3.317174,PT-S2,AKI
PT,PT,COV-02-0010::SEACell-18,4.4923496,3.4300187,PT-S2,AKI
PT,PT,COV-02-0010::SEACell-19,3.881151,3.3447268,PT-S1,AKI
PT,PT,COV-02-0010::SEACell-2,4.494811,3.7354164,PT-S2,AKI
PT,PT,COV-02-0010::SEACell-20,3.865358,3.2692964,PT-S1,AKI
PT,PT,COV-02-0010::SEACell-21,4.403177,3.4061627,PT-S2,AKI
PT,PT,COV-02-0010::SEACell-22,4.4131393,3.7076192,aPT-S1/S2,AKI
PT,PT,COV-02-0010::SEACell-3,4.1383033,4.354402,aPT1,AKI
PT,PT,COV-02-0010::SEACell-4,3.9583077,3.283696,PT-S1,AKI
PT,PT,COV-02-0010::SEACell-5,5.0525703,5.9837785,frPT-S1/S2,AKI
PT,PT,COV-02-0010::SEACell-6,4.351068,3.458314,PT-S2,AKI
PT,PT,COV-02-0010::SEACell-7,4.335635,4.158304,aPT1,AKI
PT,PT,COV-02-0010::SEACell-8,3.9649045,3.4856298,PT-S1,AKI
PT,PT,COV-02-0010::SEACell-9,3.7794285,3.716838,PT-S2,AKI
PT,PT,COV-02-0094::SEACell-0,2.9525445,3.998255,aPT-S1/S2,AKI
PT,PT,COV-02-0094::SEACell-1,2.4863544,3.5189867,PT-S2,AKI
PT,PT,COV-02-0094::SEACell-10,2.9664743,4.019457,aPT-S1/S2,AKI
PT,PT,COV-02-0094::SEACell-11,1.0984095,14.138514,dPT-S1,AKI
PT,PT,COV-02-0094::SEACell-12,2.9003613,3.965537,aPT-S1/S2,AKI
PT,PT,COV-02-0094::SEACell-13,1.1211587,14.425082,dPT-S1,AKI
PT,PT,COV-02-0094::SEACell-14,0.85584,14.408688,dPT-S1,AKI
PT,PT,COV-02-0094::SEACell-15,0.98586255,14.316824,dPT-S1,AKI
PT,PT,COV-02-0094::SEACell-16,1.9582182,9.238035,aPT-S3,AKI
PT,PT,COV-02-0094::SEACell-17,0.9989425,13.976737,dPT-S1,AKI
PT,PT,COV-02-0094::SEACell-18,0.9148098,14.03844,dPT-S1,AKI
PT,PT,COV-02-0094::SEACell-19,3.2680633,3.8573353,aPT-S1/S2,AKI
PT,PT,COV-02-0094::SEACell-2,2.7142963,3.6119254,PT-S2,AKI
PT,PT,COV-02-0094::SEACell-20,3.0332735,3.8706086,aPT-S1/S2,AKI
PT,PT,COV-02-0094::SEACell-21,2.914808,3.8558948,PT-S1,AKI
PT,PT,COV-02-0094::SEACell-22,2.0261288,3.2959301,PT-S1,AKI
PT,PT,COV-02-0094::SEACell-23,3.2079012,3.3003116,PT-S1,AKI
PT,PT,COV-02-0094::SEACell-24,2.0267634,8.693212,aPT1,AKI
PT,PT,COV-02-0094::SEACell-25,2.8623517,4.088777,aPT-S1/S2,AKI
PT,PT,COV-02-0094::SEACell-26,3.0269253,3.3299088,PT-S1,AKI
PT,PT,COV-02-0094::SEACell-27,2.8946838,4.077404,aPT-S1/S2,AKI
PT,PT,COV-02-0094::SEACell-3,3.0890927,3.2163863,PT-S1,AKI
PT,PT,COV-02-0094::SEACell-4,2.1162968,9.342079,aPT1,AKI
PT,PT,COV-02-0094::SEACell-5,2.8704476,3.978368,PT-S1,AKI
PT,PT,COV-02-0094::SEACell-6,1.0149316,14.383801,dPT-S1,AKI
PT,PT,COV-02-0094::SEACell-7,3.2094774,3.2409182,PT-S1,AKI
PT,PT,COV-02-0094::SEACell-8,2.935444,3.4840019,PT-S2,AKI
PT,PT,COV-02-0094::SEACell-9,2.9868724,3.5340211,PT-S1,AKI
PT,PT,COV-02-0096::SEACell-0,0.09703612,2.4542632,PT-S3,AKI
PT,PT,COV-02-0096::SEACell-1,-0.54811895,2.1947668,PT-S1,AKI
PT,PT,COV-02-0096::SEACell-10,0.050394528,2.2986696,PT-S3,AKI
PT,PT,COV-02-0096::SEACell-11,-1.813399,15.126009,dPT-S1,AKI
PT,PT,COV-02-0096::SEACell-12,0.90431976,2.8561194,PT-S3,AKI
PT,PT,COV-02-0096::SEACell-13,0.0002560693,4.711235,PT-S1,AKI
PT,PT,COV-02-0096::SEACell-14,0.50905424,2.4604146,PT-S3,AKI
PT,PT,COV-02-0096::SEACell-15,-0.58674085,14.538514,dPT-S1,AKI
PT,PT,COV-02-0096::SEACell-2,0.37205577,2.5503755,PT-S3,AKI
PT,PT,COV-02-0096::SEACell-3,-0.12772994,2.121263,PT-S3,AKI
PT,PT,COV-02-0096::SEACell-4,-0.37123367,2.1246173,PT-S2,AKI
PT,PT,COV-02-0096::SEACell-5,-0.12689194,5.4860744,frPT-S1/S2,AKI
PT,PT,COV-02-0096::SEACell-6,0.5405163,2.514736,PT-S3,AKI
PT,PT,COV-02-0096::SEACell-7,4.062283,5.39066,aPT-S3,AKI
PT,PT,COV-02-0096::SEACell-8,-1.8912717,15.502684,dPT-S1,AKI
PT,PT,COV-02-0096::SEACell-9,-0.3499323,2.2040515,PT-S2,AKI
PT,PT,D_080::SEACell-0,1.5071626,0.66956145,PT-S2,Control/Other
PT,PT,D_080::SEACell-1,-4.6370425,0.56671095,PT-S3,Control/Other
PT,PT,D_080::SEACell-10,-4.3921595,-4.2194695,PT-S1,Control/Other
PT,PT,D_080::SEACell-100,-4.4248424,-0.025462816,PT-S2,Control/Other
PT,PT,D_080::SEACell-101,-5.0028815,0.35801527,PT-S3,Control/Other
PT,PT,D_080::SEACell-102,1.3250178,1.2141945,PT-S3,Control/Other
PT,PT,D_080::SEACell-103,-4.7635946,-4.5461044,PT-S1,Control/Other
PT,PT,D_080::SEACell-104,-5.3926435,-4.6512847,dPT-S1,Control/Other
PT,PT,D_080::SEACell-105,-3.7043846,-4.8504925,PT-S1,Control/Other
PT,PT,D_080::SEACell-106,-4.8129473,0.51017827,PT-S3,Control/Other
PT,PT,D_080::SEACell-107,-5.622571,0.8584959,PT-S3,Control/Other
PT,PT,D_080::SEACell-108,2.063819,-1.1833764,PT-S1,Control/Other
PT,PT,D_080::SEACell-109,-5.385885,0.55533576,PT-S3,Control/Other
PT,PT,D_080::SEACell-11,-5.508906,-3.1045418,dPT-S1,Control/Other
PT,PT,D_080::SEACell-110,3.7587957,-2.1316895,PT-S1,Control/Other
PT,PT,D_080::SEACell-111,-4.991719,-5.040956,PT-S1,Control/Other
PT,PT,D_080::SEACell-112,5.4225187,5.197835,frPT-S1/S2,Control/Other
PT,PT,D_080::SEACell-113,4.4480805,9.10886,frPT-S1/S2,Control/Other
PT,PT,D_080::SEACell-114,2.0930316,-0.1470796,PT-S2,Control/Other
PT,PT,D_080::SEACell-115,-4.28761,-2.9274528,PT-S1,Control/Other
PT,PT,D_080::SEACell-116,-5.5944805,-2.658807,PT-S2,Control/Other
PT,PT,D_080::SEACell-117,-5.281921,0.53819406,PT-S3,Control/Other
PT,PT,D_080::SEACell-118,2.6052198,-1.0746982,PT-S2,Control/Other
PT,PT,D_080::SEACell-119,2.367912,-0.6394159,PT-S2,Control/Other
PT,PT,D_080::SEACell-12,-3.4227507,-5.042107,PT-S1,Control/Other
PT,PT,D_080::SEACell-120,-2.8134246,14.976343,dPT-S1,Control/Other
PT,PT,D_080::SEACell-121,-4.7429075,0.06806612,PT-S3,Control/Other
PT,PT,D_080::SEACell-122,-5.568571,-5.1493454,PT-S1,Control/Other
PT,PT,D_080::SEACell-123,-5.128786,-0.059980456,PT-S3,Control/Other
PT,PT,D_080::SEACell-124,1.1749233,0.74261904,PT-S3,Control/Other
PT,PT,D_080::SEACell-125,-5.4212537,-5.232983,PT-S1,Control/Other
PT,PT,D_080::SEACell-126,3.3075128,9.498088,aPT1,Control/Other
PT,PT,D_080::SEACell-127,-4.759085,-4.176564,PT-S1,Control/Other
PT,PT,D_080::SEACell-128,3.2154026,-1.7964075,PT-S1,Control/Other
PT,PT,D_080::SEACell-129,3.8977134,9.983466,frPT-S1/S2,Control/Other
PT,PT,D_080::SEACell-13,-4.3145413,-5.185276,PT-S1,Control/Other
PT,PT,D_080::SEACell-130,-3.9391835,1.4728125,aPT-S3,Control/Other
PT,PT,D_080::SEACell-131,-3.4395494,-5.133107,PT-S1,Control/Other
PT,PT,D_080::SEACell-132,3.3831582,-2.3506336,PT-S1,Control/Other
PT,PT,D_080::SEACell-133,-5.1799307,-0.8847678,dPT-S1,Control/Other
PT,PT,D_080::SEACell-134,5.646487,4.9060245,aPT1,Control/Other
PT,PT,D_080::SEACell-135,2.8042293,-1.5295767,PT-S1,Control/Other
PT,PT,D_080::SEACell-136,-5.7162566,-4.7888303,dPT-S1,Control/Other
PT,PT,D_080::SEACell-137,1.4122689,1.0537931,PT-S3,Control/Other
PT,PT,D_080::SEACell-138,-5.4864144,-3.93336,PT-S1,Control/Other
PT,PT,D_080::SEACell-139,-4.472361,-4.0973525,PT-S1,Control/Other
PT,PT,D_080::SEACell-14,1.2875711,1.1295817,PT-S3,Control/Other
PT,PT,D_080::SEACell-140,-2.339316,15.234778,dPT-S1,Control/Other
PT,PT,D_080::SEACell-141,4.0459633,9.844028,aPT1,Control/Other
PT,PT,D_080::SEACell-142,-3.591896,-5.1230087,PT-S1,Control/Other
PT,PT,D_080::SEACell-143,-5.0957637,-0.10278209,PT-S3,Control/Other
PT,PT,D_080::SEACell-144,3.565408,8.945717,aPT1,Control/Other
PT,PT,D_080::SEACell-145,-5.1298776,-5.035415,PT-S1,Control/Other
PT,PT,D_080::SEACell-146,-5.3505774,0.44947156,PT-S3,Control/Other
PT,PT,D_080::SEACell-147,1.8306212,0.098745205,PT-S2,Control/Other
PT,PT,D_080::SEACell-148,-1.7747409,-2.8264604,PT-S1,Control/Other
PT,PT,D_080::SEACell-149,-4.1112256,-3.6512413,PT-S1,Control/Other
PT,PT,D_080::SEACell-15,2.5809278,-1.6589383,PT-S1,Control/Other
PT,PT,D_080::SEACell-150,3.6622262,9.092374,aPT1,Control/Other
PT,PT,D_080::SEACell-151,4.4607677,5.5780754,frPT-S1/S2,Control/Other
PT,PT,D_080::SEACell-152,3.3500428,9.982875,frPT-S1/S2,Control/Other
PT,PT,D_080::SEACell-153,-5.540472,0.3467386,PT-S3,Control/Other
PT,PT,D_080::SEACell-154,-5.55534,-3.4026368,PT-S1,Control/Other
PT,PT,D_080::SEACell-155,-5.3753896,-3.989701,PT-S1,Control/Other
PT,PT,D_080::SEACell-156,3.7301402,-2.2344987,PT-S1,Control/Other
PT,PT,D_080::SEACell-157,-1.5929348,-2.9920368,PT-S1,Control/Other
PT,PT,D_080::SEACell-158,-4.8131304,-0.16530952,PT-S3,Control/Other
PT,PT,D_080::SEACell-159,3.5946343,-2.228295,PT-S1,Control/Other
PT,PT,D_080::SEACell-16,2.9781475,-1.4027323,PT-S1,Control/Other
PT,PT,D_080::SEACell-160,-4.0382805,-5.3046474,PT-S1,Control/Other
PT,PT,D_080::SEACell-161,1.5637902,0.9856954,PT-S2,Control/Other
PT,PT,D_080::SEACell-162,-4.3860574,-2.318769,PT-S1,Control/Other
PT,PT,D_080::SEACell-163,-5.0865755,-0.30357945,PT-S3,Control/Other
PT,PT,D_080::SEACell-164,-5.4078884,-2.1469827,PT-S2,Control/Other
PT,PT,D_080::SEACell-165,1.0000753,1.085072,PT-S3,Control/Other
PT,PT,D_080::SEACell-166,-3.4117992,-5.044147,PT-S1,Control/Other
PT,PT,D_080::SEACell-167,-4.358744,-5.316374,PT-S1,Control/Other
PT,PT,D_080::SEACell-168,-4.526703,0.33263466,PT-S3,Control/Other
PT,PT,D_080::SEACell-169,-5.199961,-2.3166423,PT-S1,Control/Other
PT,PT,D_080::SEACell-17,3.3827903,-2.0217042,PT-S1,Control/Other
PT,PT,D_080::SEACell-170,3.5734296,9.640806,aPT1,Control/Other
PT,PT,D_080::SEACell-171,-5.0180225,-5.2530847,PT-S1,Control/Other
PT,PT,D_080::SEACell-172,3.921765,9.926564,aPT1,Control/Other
PT,PT,D_080::SEACell-173,-5.2682014,-2.4135091,PT-S2,Control/Other
PT,PT,D_080::SEACell-174,1.622965,0.70458835,PT-S2,Control/Other
PT,PT,D_080::SEACell-175,-5.40408,-1.5446161,dPT-S1,Control/Other
PT,PT,D_080::SEACell-176,-5.6720295,-4.251593,PT-S1,Control/Other
PT,PT,D_080::SEACell-177,-3.5603492,-5.1288114,PT-S1,Control/Other
PT,PT,D_080::SEACell-178,-5.096247,-1.0793589,PT-S2,Control/Other
PT,PT,D_080::SEACell-179,-5.298559,-1.8910778,dPT-S1,Control/Other
PT,PT,D_080::SEACell-18,-4.644722,-1.7061073,PT-S2,Control/Other
PT,PT,D_080::SEACell-180,3.760661,-2.1841943,PT-S1,Control/Other
PT,PT,D_080::SEACell-181,4.479419,9.335777,frPT-S1/S2,Control/Other
PT,PT,D_080::SEACell-182,3.7016516,-2.023515,PT-S1,Control/Other
PT,PT,D_080::SEACell-183,-4.9335914,-2.3159037,dPT-S1,Control/Other
PT,PT,D_080::SEACell-184,-5.081185,0.30280876,PT-S3,Control/Other
PT,PT,D_080::SEACell-185,3.825214,-2.10754,PT-S1,Control/Other
PT,PT,D_080::SEACell-186,-5.191827,-0.3179267,PT-S2,Control/Other
PT,PT,D_080::SEACell-187,-5.349879,-2.5100133,PT-S1,Control/Other
PT,PT,D_080::SEACell-188,3.7181575,8.612648,aPT1,Control/Other
PT,PT,D_080::SEACell-189,-5.0938563,-1.6986264,dPT-S1,Control/Other
PT,PT,D_080::SEACell-19,-4.222478,-5.278296,PT-S1,Control/Other
PT,PT,D_080::SEACell-190,1.1911349,0.89717716,PT-S3,Control/Other
PT,PT,D_080::SEACell-191,-4.468081,-2.897286,PT-S1,Control/Other
PT,PT,D_080::SEACell-192,-4.7839737,-4.2597747,PT-S1,Control/Other
PT,PT,D_080::SEACell-193,-5.20587,-2.1364284,PT-S2,Control/Other
PT,PT,D_080::SEACell-194,-2.5141342,-4.26276,PT-S1,Control/Other
PT,PT,D_080::SEACell-195,3.7947674,-2.3078558,PT-S1,Control/Other
PT,PT,D_080::SEACell-196,5.457257,5.2403316,frPT-S1/S2,Control/Other
PT,PT,D_080::SEACell-197,-4.595829,-0.50934863,PT-S2,Control/Other
PT,PT,D_080::SEACell-198,5.0846624,4.8537207,aPT1,Control/Other
PT,PT,D_080::SEACell-199,1.4533888,0.76736796,PT-S2,Control/Other
PT,PT,D_080::SEACell-2,-5.3142076,-0.08487582,PT-S3,Control/Other
PT,PT,D_080::SEACell-20,-5.089078,-5.127217,PT-S1,Control/Other
PT,PT,D_080::SEACell-200,4.9751234,5.5119486,aPT1,Control/Other
PT,PT,D_080::SEACell-201,3.6002839,8.834306,aPT1,Control/Other
PT,PT,D_080::SEACell-202,-5.2592707,0.33897167,PT-S3,Control/Other
PT,PT,D_080::SEACell-203,1.1480049,1.2894031,PT-S3,Control/Other
PT,PT,D_080::SEACell-204,-4.9783907,-5.064483,PT-S1,Control/Other
PT,PT,D_080::SEACell-205,-4.9772296,-4.8800793,PT-S1,Control/Other
PT,PT,D_080::SEACell-206,2.2709186,-1.3707936,PT-S1,Control/Other
PT,PT,D_080::SEACell-207,5.81448,4.9960527,aPT1,Control/Other
PT,PT,D_080::SEACell-208,-5.3079767,-2.5437794,dPT-S1,Control/Other
PT,PT,D_080::SEACell-209,3.2093492,-1.949668,PT-S1,Control/Other
PT,PT,D_080::SEACell-21,-3.850476,0.6934186,PT-S3,Control/Other
PT,PT,D_080::SEACell-210,2.5320153,-0.8856821,PT-S2,Control/Other
PT,PT,D_080::SEACell-211,-5.072153,-4.2723346,PT-S1,Control/Other
PT,PT,D_080::SEACell-212,3.91431,10.04258,aPT1,Control/Other
PT,PT,D_080::SEACell-213,3.3053372,-2.0883238,PT-S1,Control/Other
PT,PT,D_080::SEACell-214,3.5212502,-2.307023,PT-S1,Control/Other
PT,PT,D_080::SEACell-215,-3.924777,-3.9130156,PT-S1,Control/Other
PT,PT,D_080::SEACell-216,-5.028126,-2.28473,PT-S1,Control/Other
PT,PT,D_080::SEACell-217,-4.496341,-4.372648,PT-S1,Control/Other
PT,PT,D_080::SEACell-218,-4.985106,0.0023959093,PT-S3,Control/Other
PT,PT,D_080::SEACell-219,3.5605412,-1.8668058,PT-S1,Control/Other
PT,PT,D_080::SEACell-22,-5.444851,-3.2313046,PT-S1,Control/Other
PT,PT,D_080::SEACell-220,5.6724844,5.2905397,frPT-S1/S2,Control/Other
PT,PT,D_080::SEACell-221,-2.5240304,-4.211438,PT-S1,Control/Other
PT,PT,D_080::SEACell-222,2.5464144,-1.3863603,PT-S2,Control/Other
PT,PT,D_080::SEACell-223,3.1298652,-1.7563323,PT-S1,Control/Other
PT,PT,D_080::SEACell-224,2.7423344,-1.5303855,PT-S1,Control/Other
PT,PT,D_080::SEACell-225,-4.7807736,-1.0123996,PT-S2,Control/Other
PT,PT,D_080::SEACell-226,-4.44535,-0.20042306,PT-S2,Control/Other
PT,PT,D_080::SEACell-227,-4.276,0.7100957,PT-S3,Control/Other
PT,PT,D_080::SEACell-228,-5.600654,-3.7782998,PT-S1,Control/Other
PT,PT,D_080::SEACell-229,1.1381533,1.0018896,PT-S3,Control/Other
PT,PT,D_080::SEACell-23,-5.6636553,-5.0450234,PT-S1,Control/Other
PT,PT,D_080::SEACell-230,-5.5216427,-4.08046,dPT-S1,Control/Other
PT,PT,D_080::SEACell-231,-1.8170412,13.810402,dPT-S1,Control/Other
PT,PT,D_080::SEACell-232,-5.6353517,0.6615806,PT-S3,Control/Other
PT,PT,D_080::SEACell-233,-5.33676,-3.542145,PT-S1,Control/Other
PT,PT,D_080::SEACell-234,-4.7720656,-2.205115,PT-S1,Control/Other
PT,PT,D_080::SEACell-235,-5.109289,-3.9250488,PT-S1,Control/Other
PT,PT,D_080::SEACell-236,3.0286071,-1.2898959,PT-S1,Control/Other
PT,PT,D_080::SEACell-237,3.7543547,-2.4261742,PT-S1,Control/Other
PT,PT,D_080::SEACell-238,4.236739,9.895349,aPT1,Control/Other
PT,PT,D_080::SEACell-239,2.5542943,-2.2947044,PT-S1,Control/Other
PT,PT,D_080::SEACell-24,1.8117584,-0.25470838,PT-S1,Control/Other
PT,PT,D_080::SEACell-240,-4.714239,-2.0504723,PT-S2,Control/Other
PT,PT,D_080::SEACell-241,-5.0898924,-4.9574347,PT-S1,Control/Other
PT,PT,D_080::SEACell-242,-4.85039,-4.196531,dPT-S1,Control/Other
PT,PT,D_080::SEACell-243,-3.163243,-2.0706882,PT-S2,Control/Other
PT,PT,D_080::SEACell-244,-5.1269045,0.15507878,PT-S3,Control/Other
PT,PT,D_080::SEACell-245,-0.8744366,-3.5544634,PT-S1,Control/Other
PT,PT,D_080::SEACell-246,-4.48321,0.7539495,PT-S3,Control/Other
PT,PT,D_080::SEACell-247,3.969174,9.930085,aPT1,Control/Other
PT,PT,D_080::SEACell-248,-5.563386,0.82180464,PT-S3,Control/Other
PT,PT,D_080::SEACell-249,-5.4951386,0.67887753,PT-S3,Control/Other
PT,PT,D_080::SEACell-25,-4.2155256,-5.370121,PT-S1,Control/Other
PT,PT,D_080::SEACell-250,-5.0315237,-2.0845242,PT-S1,Control/Other
PT,PT,D_080::SEACell-251,-5.278739,-2.5011933,dPT-S1,Control/Other
PT,PT,D_080::SEACell-252,-5.405163,-4.5706773,PT-S1,Control/Other
PT,PT,D_080::SEACell-253,-2.331876,-2.448679,aPT1,Control/Other
PT,PT,D_080::SEACell-254,-4.7964272,-4.219233,PT-S1,Control/Other
PT,PT,D_080::SEACell-255,-4.458216,-3.9639199,PT-S1,Control/Other
PT,PT,D_080::SEACell-256,-3.862161,-4.3257265,PT-S1,Control/Other
PT,PT,D_080::SEACell-257,-3.2321186,-3.1843047,PT-S1,Control/Other
PT,PT,D_080::SEACell-258,-4.795077,-0.27214527,PT-S2,Control/Other
PT,PT,D_080::SEACell-259,2.7882383,-1.55103,PT-S1,Control/Other
PT,PT,D_080::SEACell-26,-4.97866,-4.2801723,PT-S1,Control/Other
PT,PT,D_080::SEACell-260,1.1859963,1.0864877,PT-S3,Control/Other
PT,PT,D_080::SEACell-261,5.548136,4.7302246,aPT1,Control/Other
PT,PT,D_080::SEACell-262,-4.926836,-4.6290903,PT-S1,Control/Other
PT,PT,D_080::SEACell-263,-5.9032397,-4.5119452,PT-S1,Control/Other
PT,PT,D_080::SEACell-264,-4.53411,-0.46488258,PT-S2,Control/Other
PT,PT,D_080::SEACell-265,-4.9264517,0.2456497,dPT-S1,Control/Other
PT,PT,D_080::SEACell-266,3.5953412,-2.3195689,PT-S1,Control/Other
PT,PT,D_080::SEACell-267,-5.3558774,-5.2338214,PT-S1,Control/Other
PT,PT,D_080::SEACell-268,1.5836916,0.9982452,PT-S3,Control/Other
PT,PT,D_080::SEACell-269,-5.78866,-4.8522816,PT-S1,Control/Other
PT,PT,D_080::SEACell-27,-5.603008,-3.0869515,PT-S2,Control/Other
PT,PT,D_080::SEACell-270,-1.9315102,12.047528,dPT-S1,Control/Other
PT,PT,D_080::SEACell-271,2.3630729,-1.2421069,PT-S1,Control/Other
PT,PT,D_080::SEACell-272,2.994751,-1.5027313,PT-S1,Control/Other
PT,PT,D_080::SEACell-273,-4.5728536,0.3374801,PT-S3,Control/Other
PT,PT,D_080::SEACell-274,1.6271106,0.85649776,PT-S3,Control/Other
PT,PT,D_080::SEACell-275,-1.5392673,15.084742,dPT-S1,Control/Other
PT,PT,D_080::SEACell-276,5.3887234,5.3865576,frPT-S1/S2,Control/Other
PT,PT,D_080::SEACell-277,4.2845607,9.649697,frPT-S1/S2,Control/Other
PT,PT,D_080::SEACell-278,-4.79671,-3.9043157,PT-S1,Control/Other
PT,PT,D_080::SEACell-279,4.4517603,9.622576,aPT1,Control/Other
PT,PT,D_080::SEACell-28,-5.0021667,-1.1327424,PT-S2,Control/Other
PT,PT,D_080::SEACell-280,-4.069901,-2.5855236,PT-S2,Control/Other
PT,PT,D_080::SEACell-281,3.9735103,8.792788,aPT1,Control/Other
PT,PT,D_080::SEACell-282,1.3611007,1.059246,PT-S3,Control/Other
PT,PT,D_080::SEACell-283,-5.6137238,-4.269,PT-S1,Control/Other
PT,PT,D_080::SEACell-284,5.4394674,4.873283,aPT1,Control/Other
PT,PT,D_080::SEACell-285,-4.550407,-2.64469,PT-S1,Control/Other
PT,PT,D_080::SEACell-286,-5.505993,-2.7369456,dPT-S1,Control/Other
PT,PT,D_080::SEACell-287,-4.858517,0.65586305,PT-S3,Control/Other
PT,PT,D_080::SEACell-288,-4.2653375,-4.2491207,PT-S1,Control/Other
PT,PT,D_080::SEACell-289,-4.4333577,-4.886332,PT-S1,Control/Other
PT,PT,D_080::SEACell-29,3.0785825,-1.5580963,PT-S1,Control/Other
PT,PT,D_080::SEACell-290,-4.876348,-5.235624,PT-S1,Control/Other
PT,PT,D_080::SEACell-291,-4.7864275,0.46656865,PT-S3,Control/Other
PT,PT,D_080::SEACell-292,-3.9703155,-5.303182,PT-S1,Control/Other
PT,PT,D_080::SEACell-293,-5.2213554,-4.351262,PT-S1,Control/Other
PT,PT,D_080::SEACell-294,-5.528334,-4.3377914,PT-S1,Control/Other
PT,PT,D_080::SEACell-295,5.344827,4.7782674,aPT1,Control/Other
PT,PT,D_080::SEACell-296,-5.468612,-2.8415656,PT-S2,Control/Other
PT,PT,D_080::SEACell-297,0.9167263,0.05900334,PT-S1,Control/Other
PT,PT,D_080::SEACell-298,-5.4249268,0.18656573,PT-S3,Control/Other
PT,PT,D_080::SEACell-299,-5.0329156,-4.796823,PT-S1,Control/Other
PT,PT,D_080::SEACell-3,-5.028729,-3.1352654,PT-S1,Control/Other
PT,PT,D_080::SEACell-30,2.0933857,-1.490871,PT-S1,Control/Other
PT,PT,D_080::SEACell-300,-5.210065,-1.5693828,dPT-S1,Control/Other
PT,PT,D_080::SEACell-301,-5.4804883,-4.972181,PT-S1,Control/Other
PT,PT,D_080::SEACell-302,-5.113256,-2.996674,PT-S1,Control/Other
PT,PT,D_080::SEACell-303,-5.3202577,-5.225843,PT-S1,Control/Other
PT,PT,D_080::SEACell-304,-4.365575,-2.4858367,PT-S2,Control/Other
PT,PT,D_080::SEACell-305,-5.1706657,0.39261585,PT-S3,Control/Other
PT,PT,D_080::SEACell-306,3.1333556,-1.859444,PT-S1,Control/Other
PT,PT,D_080::SEACell-307,-5.1314545,0.3377552,PT-S3,Control/Other
PT,PT,D_080::SEACell-308,-5.7027826,-5.027133,PT-S1,Control/Other
PT,PT,D_080::SEACell-309,-2.4492867,14.594514,dPT-S1,Control/Other
PT,PT,D_080::SEACell-31,3.8871105,9.774868,aPT1,Control/Other
PT,PT,D_080::SEACell-310,-5.6741333,-3.386612,PT-S1,Control/Other
PT,PT,D_080::SEACell-311,3.23282,-1.7125037,PT-S1,Control/Other
PT,PT,D_080::SEACell-312,-3.557879,-5.247081,PT-S1,Control/Other
PT,PT,D_080::SEACell-313,-5.7760596,-4.725635,PT-S1,Control/Other
PT,PT,D_080::SEACell-314,-4.9912744,-1.6780345,PT-S2,Control/Other
PT,PT,D_080::SEACell-315,-3.5859098,-5.1033382,PT-S1,Control/Other
PT,PT,D_080::SEACell-316,4.5145383,9.50423,aPT1,Control/Other
PT,PT,D_080::SEACell-317,2.359104,-0.8332726,PT-S2,Control/Other
PT,PT,D_080::SEACell-318,-5.177467,-2.1698995,dPT-S1,Control/Other
PT,PT,D_080::SEACell-319,3.0226185,-1.6742749,PT-S1,Control/Other
PT,PT,D_080::SEACell-32,4.1967387,9.913146,aPT2,Control/Other
PT,PT,D_080::SEACell-320,-0.91154903,11.40896,dPT-S1,Control/Other
PT,PT,D_080::SEACell-321,2.4414442,-0.7687179,PT-S2,Control/Other
PT,PT,D_080::SEACell-322,-5.4823875,-2.2354224,dPT-S1,Control/Other
PT,PT,D_080::SEACell-323,5.6649947,5.0160937,aPT1,Control/Other
PT,PT,D_080::SEACell-324,-5.1676297,-0.5821974,PT-S2,Control/Other
PT,PT,D_080::SEACell-325,-5.8070807,-4.613721,PT-S1,Control/Other
PT,PT,D_080::SEACell-326,-5.3398824,-2.8396974,PT-S1,Control/Other
PT,PT,D_080::SEACell-327,-2.2171583,-1.7187214,PT-S2,Control/Other
PT,PT,D_080::SEACell-328,-5.560243,-2.7588122,dPT-S1,Control/Other
PT,PT,D_080::SEACell-329,-5.0785875,-1.0734593,PT-S2,Control/Other
PT,PT,D_080::SEACell-33,-5.535924,-3.8697274,PT-S1,Control/Other
PT,PT,D_080::SEACell-330,5.471095,4.7670774,aPT1,Control/Other
PT,PT,D_080::SEACell-331,-2.8510199,-1.179563,PT-S1,Control/Other
PT,PT,D_080::SEACell-332,3.2793174,-1.6301116,PT-S1,Control/Other
PT,PT,D_080::SEACell-333,-1.9386026,14.99459,dPT-S1,Control/Other
PT,PT,D_080::SEACell-334,-4.961712,0.55539477,PT-S3,Control/Other
PT,PT,D_080::SEACell-335,-5.0198164,-2.5860217,PT-S1,Control/Other
PT,PT,D_080::SEACell-336,1.1789597,1.053331,PT-S3,Control/Other
PT,PT,D_080::SEACell-337,-2.7413847,-2.1288977,PT-S1,Control/Other
PT,PT,D_080::SEACell-338,2.809476,-1.4364212,PT-S1,Control/Other
PT,PT,D_080::SEACell-339,-5.0506124,-3.0215478,PT-S1,Control/Other
PT,PT,D_080::SEACell-34,2.5715704,-2.0880997,PT-S1,Control/Other
PT,PT,D_080::SEACell-340,3.7898088,-2.1845102,PT-S1,Control/Other
PT,PT,D_080::SEACell-341,2.2205994,-0.207264,PT-S2,Control/Other
PT,PT,D_080::SEACell-342,-5.2499666,0.29553747,PT-S3,Control/Other
PT,PT,D_080::SEACell-343,-4.6435394,-5.283867,PT-S1,Control/Other
PT,PT,D_080::SEACell-344,-5.77212,-4.0562515,PT-S1,Control/Other
PT,PT,D_080::SEACell-345,3.49673,-1.8562729,PT-S1,Control/Other
PT,PT,D_080::SEACell-346,-5.005244,-2.4343033,PT-S1,Control/Other
PT,PT,D_080::SEACell-347,1.2031635,0.7838768,PT-S3,Control/Other
PT,PT,D_080::SEACell-348,-4.507956,0.38629222,PT-S3,Control/Other
PT,PT,D_080::SEACell-349,3.2155674,-2.0811594,PT-S1,Control/Other
PT,PT,D_080::SEACell-35,-4.7644525,-1.4581306,PT-S2,Control/Other
PT,PT,D_080::SEACell-350,1.6784985,1.0389371,PT-S3,Control/Other
PT,PT,D_080::SEACell-351,-4.895766,-1.2496697,PT-S2,Control/Other
PT,PT,D_080::SEACell-352,-5.515436,-5.039734,PT-S1,Control/Other
PT,PT,D_080::SEACell-353,-3.2324479,-5.0097146,PT-S1,Control/Other
PT,PT,D_080::SEACell-354,4.0691695,9.904383,aPT1,Control/Other
PT,PT,D_080::SEACell-355,3.5790026,-2.402564,PT-S1,Control/Other
PT,PT,D_080::SEACell-356,-5.583481,-3.3347206,PT-S1,Control/Other
PT,PT,D_080::SEACell-357,5.7031903,4.758087,aPT1,Control/Other
PT,PT,D_080::SEACell-358,1.4508402,0.99395734,PT-S3,Control/Other
PT,PT,D_080::SEACell-359,5.573697,4.717163,aPT1,Control/Other
PT,PT,D_080::SEACell-36,-2.3960319,-4.094142,PT-S1,Control/Other
PT,PT,D_080::SEACell-360,-5.5253863,-3.3253438,PT-S1,Control/Other
PT,PT,D_080::SEACell-361,1.2108839,1.240876,PT-S3,Control/Other
PT,PT,D_080::SEACell-362,2.8981912,-2.314136,PT-S1,Control/Other
PT,PT,D_080::SEACell-363,-1.9652269,12.2318325,dPT-S1,Control/Other
PT,PT,D_080::SEACell-364,2.418266,-0.44581982,PT-S2,Control/Other
PT,PT,D_080::SEACell-365,-4.567006,1.0541847,PT-S3,Control/Other
PT,PT,D_080::SEACell-366,-4.514011,-2.6722348,PT-S1,Control/Other
PT,PT,D_080::SEACell-367,-5.5144315,-2.986695,PT-S2,Control/Other
PT,PT,D_080::SEACell-368,-5.513185,-3.3992383,PT-S1,Control/Other
PT,PT,D_080::SEACell-369,-5.093034,-1.2245358,PT-S2,Control/Other
PT,PT,D_080::SEACell-37,-5.6122985,-4.196663,dPT-S1,Control/Other
PT,PT,D_080::SEACell-370,-1.8256594,15.119816,dPT-S1,Control/Other
PT,PT,D_080::SEACell-371,-5.6281343,0.5096381,PT-S3,Control/Other
PT,PT,D_080::SEACell-372,3.7962646,-2.3153694,PT-S1,Control/Other
PT,PT,D_080::SEACell-373,-3.2368011,-4.9913225,PT-S1,Control/Other
PT,PT,D_080::SEACell-374,-4.6264944,-1.1680487,PT-S2,Control/Other
PT,PT,D_080::SEACell-375,5.9050775,5.128612,aPT1,Control/Other
PT,PT,D_080::SEACell-376,1.4732335,1.1841185,PT-S3,Control/Other
PT,PT,D_080::SEACell-377,-4.8373256,-2.4734845,PT-S2,Control/Other
PT,PT,D_080::SEACell-378,2.404827,-0.58970153,PT-S2,Control/Other
PT,PT,D_080::SEACell-379,-2.5119388,0.36686188,PT-S3,Control/Other
PT,PT,D_080::SEACell-38,3.5830936,-1.9278876,PT-S1,Control/Other
PT,PT,D_080::SEACell-380,3.006866,-2.2549734,PT-S1,Control/Other
PT,PT,D_080::SEACell-381,1.3360826,0.9181031,PT-S3,Control/Other
PT,PT,D_080::SEACell-382,-5.6226215,-5.2067976,PT-S1,Control/Other
PT,PT,D_080::SEACell-383,-3.9824874,-5.2189655,PT-S1,Control/Other
PT,PT,D_080::SEACell-384,5.697554,4.8861637,aPT1,Control/Other
PT,PT,D_080::SEACell-385,-4.8482175,-0.42057472,PT-S2,Control/Other
PT,PT,D_080::SEACell-386,-5.003184,0.26265985,PT-S3,Control/Other
PT,PT,D_080::SEACell-387,-5.4231606,-3.8048713,PT-S1,Control/Other
PT,PT,D_080::SEACell-388,-2.7362025,-3.910674,PT-S1,Control/Other
PT,PT,D_080::SEACell-389,-5.256929,-5.127135,PT-S1,Control/Other
PT,PT,D_080::SEACell-39,-4.031951,-4.755105,PT-S1,Control/Other
PT,PT,D_080::SEACell-390,-1.841902,15.036071,dPT-S1,Control/Other
PT,PT,D_080::SEACell-391,4.8958597,4.754971,aPT1,Control/Other
PT,PT,D_080::SEACell-392,-5.2659855,-2.5192602,dPT-S1,Control/Other
PT,PT,D_080::SEACell-393,2.8957872,-1.1995634,PT-S1,Control/Other
PT,PT,D_080::SEACell-394,-5.111395,0.15047927,PT-S3,Control/Other
PT,PT,D_080::SEACell-395,-3.465689,-3.0000036,PT-S1,Control/Other
PT,PT,D_080::SEACell-396,-4.6745234,-4.441239,PT-S1,Control/Other
PT,PT,D_080::SEACell-397,-4.3204827,-4.010079,PT-S1,Control/Other
PT,PT,D_080::SEACell-398,-5.6873674,-4.8476677,PT-S1,Control/Other
PT,PT,D_080::SEACell-399,-5.150586,0.6183137,PT-S3,Control/Other
PT,PT,D_080::SEACell-4,-4.564891,0.46805456,PT-S3,Control/Other
PT,PT,D_080::SEACell-40,-5.1271977,-0.243322,PT-S3,Control/Other
PT,PT,D_080::SEACell-400,4.5286093,9.155102,aPT1,Control/Other
PT,PT,D_080::SEACell-401,-4.4755893,-5.0986824,PT-S1,Control/Other
PT,PT,D_080::SEACell-402,-4.800149,-1.0794085,PT-S2,Control/Other
PT,PT,D_080::SEACell-403,1.407052,1.2921653,PT-S3,Control/Other
PT,PT,D_080::SEACell-404,-4.040835,-5.375974,PT-S1,Control/Other
PT,PT,D_080::SEACell-405,-1.8057224,14.1681,dPT-S1,Control/Other
PT,PT,D_080::SEACell-406,-2.4681642,14.995332,dPT-S1,Control/Other
PT,PT,D_080::SEACell-407,-3.8999174,-5.152635,PT-S1,Control/Other
PT,PT,D_080::SEACell-408,1.7836659,0.40971175,PT-S2,Control/Other
PT,PT,D_080::SEACell-409,-5.152187,-2.679232,PT-S1,Control/Other
PT,PT,D_080::SEACell-41,-3.9736085,-5.2206345,PT-S1,Control/Other
PT,PT,D_080::SEACell-410,-5.2014084,-3.445702,PT-S1,Control/Other
PT,PT,D_080::SEACell-411,-2.0605025,15.220443,dPT-S1,Control/Other
PT,PT,D_080::SEACell-412,-5.306596,0.18039294,PT-S3,Control/Other
PT,PT,D_080::SEACell-413,-4.9821415,-1.9969844,dPT-S1,Control/Other
PT,PT,D_080::SEACell-414,3.6303737,9.1803,aPT1,Control/Other
PT,PT,D_080::SEACell-415,-5.297474,-3.0139368,PT-S1,Control/Other
PT,PT,D_080::SEACell-416,3.7797422,-1.8425636,PT-S1,Control/Other
PT,PT,D_080::SEACell-417,1.1287649,0.85348535,PT-S3,Control/Other
PT,PT,D_080::SEACell-418,4.227345,9.203499,frPT-S1/S2,Control/Other
PT,PT,D_080::SEACell-419,-3.249673,-4.9806476,PT-S1,Control/Other
PT,PT,D_080::SEACell-42,2.3357708,-1.3381746,PT-S1,Control/Other
PT,PT,D_080::SEACell-420,3.569295,8.539354,aPT1,Control/Other
PT,PT,D_080::SEACell-421,-5.211647,-4.3730493,PT-S1,Control/Other
PT,PT,D_080::SEACell-422,1.273602,0.463347,PT-S2,Control/Other
PT,PT,D_080::SEACell-423,-4.1559687,-4.937549,PT-S1,Control/Other
PT,PT,D_080::SEACell-424,-4.6621933,-0.10517835,PT-S3,Control/Other
PT,PT,D_080::SEACell-425,0.835666,1.3804752,PT-S3,Control/Other
PT,PT,D_080::SEACell-426,-5.349182,-3.8800066,PT-S1,Control/Other
PT,PT,D_080::SEACell-427,-5.1917768,-0.2726442,PT-S3,Control/Other
PT,PT,D_080::SEACell-428,-5.268597,0.14865918,PT-S3,Control/Other
PT,PT,D_080::SEACell-429,2.342155,-1.0012541,PT-S2,Control/Other
PT,PT,D_080::SEACell-43,2.4348521,-0.6037604,PT-S2,Control/Other
PT,PT,D_080::SEACell-430,3.8856645,-2.2661715,PT-S1,Control/Other
PT,PT,D_080::SEACell-431,-5.3024507,-4.1259046,PT-S1,Control/Other
PT,PT,D_080::SEACell-432,2.5990043,-1.5010996,PT-S1,Control/Other
PT,PT,D_080::SEACell-433,4.1037664,8.522712,aPT1,Control/Other
PT,PT,D_080::SEACell-434,-5.572384,0.44762447,PT-S3,Control/Other
PT,PT,D_080::SEACell-435,4.854248,4.8822236,aPT1,Control/Other
PT,PT,D_080::SEACell-436,-5.2857757,-4.209959,dPT-S1,Control/Other
PT,PT,D_080::SEACell-437,2.6697547,-1.8818831,PT-S1,Control/Other
PT,PT,D_080::SEACell-438,-5.421904,0.6929782,PT-S3,Control/Other
PT,PT,D_080::SEACell-439,3.8694203,-2.3566818,PT-S1,Control/Other
PT,PT,D_080::SEACell-44,-5.2481666,-0.9872565,dPT-S1,Control/Other
PT,PT,D_080::SEACell-440,2.0572283,0.026991332,PT-S2,Control/Other
PT,PT,D_080::SEACell-441,-5.6333656,0.6021366,PT-S3,Control/Other
PT,PT,D_080::SEACell-442,2.2140548,-0.5125313,PT-S2,Control/Other
PT,PT,D_080::SEACell-443,5.509465,4.6772046,aPT1,Control/Other
PT,PT,D_080::SEACell-444,5.794067,4.829725,frPT-S1/S2,Control/Other
PT,PT,D_080::SEACell-445,3.978268,10.056527,aPT1,Control/Other
PT,PT,D_080::SEACell-446,-4.393666,0.69903636,PT-S3,Control/Other
PT,PT,D_080::SEACell-447,5.0366025,5.6210895,dPT,Control/Other
PT,PT,D_080::SEACell-448,-4.28989,-3.2238767,PT-S1,Control/Other
PT,PT,D_080::SEACell-449,-4.7905235,-0.24556808,PT-S3,Control/Other
PT,PT,D_080::SEACell-45,3.017892,-1.8053707,PT-S1,Control/Other
PT,PT,D_080::SEACell-450,-5.0748277,0.47527295,PT-S3,Control/Other
PT,PT,D_080::SEACell-451,4.241314,9.728864,aPT1,Control/Other
PT,PT,D_080::SEACell-452,2.7218304,-0.79979956,PT-S2,Control/Other
PT,PT,D_080::SEACell-453,5.8097873,5.280467,aPT1,Control/Other
PT,PT,D_080::SEACell-454,-5.032687,0.7807079,PT-S3,Control/Other
PT,PT,D_080::SEACell-455,5.7768164,5.3732443,aPT1,Control/Other
PT,PT,D_080::SEACell-456,-4.7349787,0.4575871,PT-S3,Control/Other
PT,PT,D_080::SEACell-457,-2.4271183,14.33431,dPT-S1,Control/Other
PT,PT,D_080::SEACell-458,-5.0331044,-4.308488,PT-S1,Control/Other
PT,PT,D_080::SEACell-459,3.6855502,9.170583,aPT1,Control/Other
PT,PT,D_080::SEACell-46,3.6791182,9.109875,aPT1,Control/Other
PT,PT,D_080::SEACell-460,-4.32693,-2.0936732,dPT-S1,Control/Other
PT,PT,D_080::SEACell-461,1.6961427,0.88020384,PT-S3,Control/Other
PT,PT,D_080::SEACell-462,1.0978678,0.68671316,PT-S3,Control/Other
PT,PT,D_080::SEACell-463,1.0486548,1.0972569,PT-S3,Control/Other
PT,PT,D_080::SEACell-464,-5.562887,0.4511882,PT-S3,Control/Other
PT,PT,D_080::SEACell-465,5.2119856,4.630154,aPT1,Control/Other
PT,PT,D_080::SEACell-466,-1.7338626,15.159869,dPT-S1,Control/Other
PT,PT,D_080::SEACell-467,5.958101,4.9449863,aPT1,Control/Other
PT,PT,D_080::SEACell-468,-5.6069813,-5.300631,PT-S1,Control/Other
PT,PT,D_080::SEACell-469,-5.5373077,-4.7939315,PT-S1,Control/Other
PT,PT,D_080::SEACell-47,1.2145813,0.8721009,PT-S3,Control/Other
PT,PT,D_080::SEACell-470,-4.9721155,-3.5685,dPT-S1,Control/Other
PT,PT,D_080::SEACell-471,-4.2553554,-4.3972473,PT-S1,Control/Other
PT,PT,D_080::SEACell-472,5.8342876,4.9937863,aPT1,Control/Other
PT,PT,D_080::SEACell-473,-5.786257,-4.443467,PT-S1,Control/Other
PT,PT,D_080::SEACell-474,-2.577468,15.319428,dPT-S1,Control/Other
PT,PT,D_080::SEACell-475,-5.029873,-4.4481974,PT-S1,Control/Other
PT,PT,D_080::SEACell-476,-5.2811418,-3.9214904,PT-S1,Control/Other
PT,PT,D_080::SEACell-477,-2.2796233,15.044607,dPT-S1,Control/Other
PT,PT,D_080::SEACell-478,-4.797667,-0.07864286,PT-S3,Control/Other
PT,PT,D_080::SEACell-479,-5.248809,0.6122192,PT-S3,Control/Other
PT,PT,D_080::SEACell-48,-2.867588,-4.033551,PT-S1,Control/Other
PT,PT,D_080::SEACell-480,-5.507664,-3.25767,PT-S1,Control/Other
PT,PT,D_080::SEACell-481,-4.486363,-2.339573,PT-S1,Control/Other
PT,PT,D_080::SEACell-482,0.4994656,1.4004223,PT-S3,Control/Other
PT,PT,D_080::SEACell-483,-4.4695506,0.93302065,PT-S3,Control/Other
PT,PT,D_080::SEACell-484,-4.872058,-4.9006443,PT-S1,Control/Other
PT,PT,D_080::SEACell-485,3.1380947,-1.7648981,PT-S1,Control/Other
PT,PT,D_080::SEACell-486,-5.7437105,-5.0204797,PT-S1,Control/Other
PT,PT,D_080::SEACell-487,-5.489368,-4.2748137,dPT-S1,Control/Other
PT,PT,D_080::SEACell-488,-3.641764,-5.2287416,PT-S1,Control/Other
PT,PT,D_080::SEACell-489,-5.3827786,0.30402115,PT-S3,Control/Other
PT,PT,D_080::SEACell-49,-5.105155,-3.1090167,PT-S1,Control/Other
PT,PT,D_080::SEACell-490,-4.73238,-2.5738485,PT-S2,Control/Other
PT,PT,D_080::SEACell-491,-5.3822746,-2.9198332,dPT-S1,Control/Other
PT,PT,D_080::SEACell-492,-3.8384597,-5.206298,PT-S1,Control/Other
PT,PT,D_080::SEACell-493,-3.8645108,-5.1546936,PT-S1,Control/Other
PT,PT,D_080::SEACell-494,-5.2637224,-0.1376322,PT-S2,Control/Other
PT,PT,D_080::SEACell-495,2.6765623,-1.657279,PT-S1,Control/Other
PT,PT,D_080::SEACell-496,3.9407358,-2.008248,PT-S1,Control/Other
PT,PT,D_080::SEACell-497,3.9521236,9.739832,aPT1,Control/Other
PT,PT,D_080::SEACell-498,-5.0218883,-0.34390476,PT-S2,Control/Other
PT,PT,D_080::SEACell-499,-5.6852565,-4.0288463,PT-S1,Control/Other
PT,PT,D_080::SEACell-5,-5.461194,-5.1565957,PT-S1,Control/Other
PT,PT,D_080::SEACell-50,-4.8078794,-0.39371502,PT-S3,Control/Other
PT,PT,D_080::SEACell-500,-5.380701,0.25256225,PT-S3,Control/Other
PT,PT,D_080::SEACell-501,-3.8642082,-5.3731174,PT-S1,Control/Other
PT,PT,D_080::SEACell-502,-1.8615462,13.35309,dPT-S1,Control/Other
PT,PT,D_080::SEACell-503,-3.987049,-4.8876824,PT-S1,Control/Other
PT,PT,D_080::SEACell-504,3.3794975,9.453986,aPT1,Control/Other
PT,PT,D_080::SEACell-505,3.7992945,-2.2242348,PT-S1,Control/Other
PT,PT,D_080::SEACell-506,-4.453021,-3.5373657,PT-S1,Control/Other
PT,PT,D_080::SEACell-507,-5.4160304,-3.044254,PT-S1,Control/Other
PT,PT,D_080::SEACell-508,-5.3670154,0.7357485,PT-S3,Control/Other
PT,PT,D_080::SEACell-509,-5.3338013,-1.8978639,PT-S2,Control/Other
PT,PT,D_080::SEACell-51,-4.7859244,-3.0445395,PT-S1,Control/Other
PT,PT,D_080::SEACell-510,-3.8628871,-4.9200873,PT-S1,Control/Other
PT,PT,D_080::SEACell-511,1.732322,0.55635726,PT-S2,Control/Other
PT,PT,D_080::SEACell-512,-4.734544,0.05550674,PT-S3,Control/Other
PT,PT,D_080::SEACell-513,-4.614448,-0.3987381,PT-S2,Control/Other
PT,PT,D_080::SEACell-514,-4.5490823,-2.2680323,PT-S1,Control/Other
PT,PT,D_080::SEACell-515,-4.798299,-4.4575753,PT-S1,Control/Other
PT,PT,D_080::SEACell-516,-5.6769276,-5.0634837,PT-S1,Control/Other
PT,PT,D_080::SEACell-517,2.6003795,-1.3099276,PT-S1,Control/Other
PT,PT,D_080::SEACell-518,3.7021024,-2.2042885,PT-S1,Control/Other
PT,PT,D_080::SEACell-519,-5.451444,0.7285435,PT-S3,Control/Other
PT,PT,D_080::SEACell-52,-4.3016915,0.41398144,PT-S3,Control/Other
PT,PT,D_080::SEACell-520,3.0364592,-1.7087398,PT-S1,Control/Other
PT,PT,D_080::SEACell-521,-2.2297459,14.810609,dPT-S1,Control/Other
PT,PT,D_080::SEACell-522,2.7318602,-0.9770441,PT-S1,Control/Other
PT,PT,D_080::SEACell-523,-5.4198337,0.7547709,PT-S3,Control/Other
PT,PT,D_080::SEACell-524,-5.219192,-4.6675835,dPT-S1,Control/Other
PT,PT,D_080::SEACell-525,-5.520751,0.578355,PT-S3,Control/Other
PT,PT,D_080::SEACell-526,-5.180523,-0.57948625,PT-S2,Control/Other
PT,PT,D_080::SEACell-527,-3.6378949,-5.310567,PT-S1,Control/Other
PT,PT,D_080::SEACell-528,-3.554121,-5.060213,PT-S1,Control/Other
PT,PT,D_080::SEACell-529,-1.4598486,14.806923,dPT-S1,Control/Other
PT,PT,D_080::SEACell-53,1.9706962,0.18551956,PT-S2,Control/Other
PT,PT,D_080::SEACell-530,-4.9177504,-2.1379519,PT-S1,Control/Other
PT,PT,D_080::SEACell-531,-4.979771,-2.2297175,PT-S2,Control/Other
PT,PT,D_080::SEACell-532,-4.462024,0.14014111,PT-S3,Control/Other
PT,PT,D_080::SEACell-533,-3.5356426,-4.5003886,PT-S1,Control/Other
PT,PT,D_080::SEACell-534,5.6106553,5.2141857,aPT1,Control/Other
PT,PT,D_080::SEACell-535,-1.0111414,11.534964,dPT-S1,Control/Other
PT,PT,D_080::SEACell-536,-0.3037499,14.771456,dPT-S1,Control/Other
PT,PT,D_080::SEACell-537,3.1226194,-1.445352,PT-S1,Control/Other
PT,PT,D_080::SEACell-538,5.324543,4.9118342,aPT1,Control/Other
PT,PT,D_080::SEACell-539,1.5097158,0.95048726,PT-S3,Control/Other
PT,PT,D_080::SEACell-54,-3.923753,-4.8627753,PT-S1,Control/Other
PT,PT,D_080::SEACell-540,3.6832712,10.063872,frPT-S1/S2,Control/Other
PT,PT,D_080::SEACell-541,-2.3077283,-4.0502405,PT-S1,Control/Other
PT,PT,D_080::SEACell-542,-0.62173486,11.185674,dPT-S1,Control/Other
PT,PT,D_080::SEACell-543,2.503007,-0.8169185,PT-S2,Control/Other
PT,PT,D_080::SEACell-544,5.4224215,6.1684046,aPT1,Control/Other
PT,PT,D_080::SEACell-545,4.0293283,9.934613,aPT1,Control/Other
PT,PT,D_080::SEACell-546,-4.038265,-5.0927587,PT-S1,Control/Other
PT,PT,D_080::SEACell-547,3.2934637,-2.382443,PT-S1,Control/Other
PT,PT,D_080::SEACell-548,-4.8634872,-1.7771006,PT-S2,Control/Other
PT,PT,D_080::SEACell-549,3.417765,-2.257565,PT-S1,Control/Other
PT,PT,D_080::SEACell-55,-5.2439647,-3.784862,dPT-S1,Control/Other
PT,PT,D_080::SEACell-550,-4.804525,0.7925048,PT-S3,Control/Other
PT,PT,D_080::SEACell-551,-3.824976,-2.3406727,PT-S1,Control/Other
PT,PT,D_080::SEACell-552,3.3106515,-2.1570933,PT-S1,Control/Other
PT,PT,D_080::SEACell-553,-4.773673,-0.7391614,PT-S2,Control/Other
PT,PT,D_080::SEACell-554,-4.1977425,-5.440379,PT-S1,Control/Other
PT,PT,D_080::SEACell-555,4.2977834,9.579863,aPT1,Control/Other
PT,PT,D_080::SEACell-556,2.7366328,-1.0045322,PT-S1,Control/Other
PT,PT,D_080::SEACell-557,-4.537265,-2.322977,PT-S2,Control/Other
PT,PT,D_080::SEACell-558,-5.3387685,-3.1568284,PT-S1,Control/Other
PT,PT,D_080::SEACell-559,-5.4064345,-1.8772888,PT-S3,Control/Other
PT,PT,D_080::SEACell-56,-5.08534,-5.17185,PT-S1,Control/Other
PT,PT,D_080::SEACell-560,-5.3292675,-0.31948292,PT-S2,Control/Other
PT,PT,D_080::SEACell-561,-5.2631316,0.306794,PT-S3,Control/Other
PT,PT,D_080::SEACell-562,-4.2991047,1.519245,PT-S3,Control/Other
PT,PT,D_080::SEACell-563,5.5820923,5.5245695,aPT1,Control/Other
PT,PT,D_080::SEACell-564,3.6678886,-2.4185002,PT-S1,Control/Other
PT,PT,D_080::SEACell-565,5.2718415,4.9750185,aPT1,Control/Other
PT,PT,D_080::SEACell-566,2.4413364,10.15523,aPT1,Control/Other
PT,PT,D_080::SEACell-567,3.445412,-2.3279839,PT-S1,Control/Other
PT,PT,D_080::SEACell-568,-4.575294,0.5723397,PT-S3,Control/Other
PT,PT,D_080::SEACell-569,-5.5070806,0.793401,dPT-S1,Control/Other
PT,PT,D_080::SEACell-57,-5.3902206,-0.12503651,dPT-S1,Control/Other
PT,PT,D_080::SEACell-570,1.3355788,0.8480393,PT-S3,Control/Other
PT,PT,D_080::SEACell-571,-4.6249475,-0.3458837,PT-S2,Control/Other
PT,PT,D_080::SEACell-572,-5.819789,-4.738613,PT-S1,Control/Other
PT,PT,D_080::SEACell-573,-4.95531,-4.231642,PT-S1,Control/Other
PT,PT,D_080::SEACell-574,3.944535,-2.2199936,PT-S1,Control/Other
PT,PT,D_080::SEACell-575,-4.878928,-0.85181385,PT-S2,Control/Other
PT,PT,D_080::SEACell-576,-0.4470236,-1.7768722,PT-S1,Control/Other
PT,PT,D_080::SEACell-58,2.8440218,-1.0015502,PT-S2,Control/Other
PT,PT,D_080::SEACell-59,-4.033739,-5.4407725,PT-S1,Control/Other
PT,PT,D_080::SEACell-6,-4.0769463,-5.3123817,PT-S1,Control/Other
PT,PT,D_080::SEACell-60,-5.653668,-4.0436335,PT-S1,Control/Other
PT,PT,D_080::SEACell-61,5.1256957,4.727792,aPT1,Control/Other
PT,PT,D_080::SEACell-62,-5.4226217,0.6273324,dPT-S1,Control/Other
PT,PT,D_080::SEACell-63,-4.017977,-3.122177,PT-S1,Control/Other
PT,PT,D_080::SEACell-64,3.88008,-2.2568183,PT-S1,Control/Other
PT,PT,D_080::SEACell-65,-5.688344,-3.2937484,PT-S1,Control/Other
PT,PT,D_080::SEACell-66,-5.317441,-1.0903404,dPT-S1,Control/Other
PT,PT,D_080::SEACell-67,-5.506965,-4.6510935,dPT-S1,Control/Other
PT,PT,D_080::SEACell-68,2.9765775,-2.0031803,PT-S1,Control/Other
PT,PT,D_080::SEACell-69,-3.463131,-4.4664063,PT-S1,Control/Other
PT,PT,D_080::SEACell-7,2.7739992,-1.3254849,PT-S1,Control/Other
PT,PT,D_080::SEACell-70,3.353632,-2.1380596,PT-S1,Control/Other
PT,PT,D_080::SEACell-71,-5.3703775,0.67266726,PT-S3,Control/Other
PT,PT,D_080::SEACell-72,1.7201535,0.7187822,PT-S3,Control/Other
PT,PT,D_080::SEACell-73,-5.045991,-5.137013,PT-S1,Control/Other
PT,PT,D_080::SEACell-74,0.82475364,1.1004021,PT-S3,Control/Other
PT,PT,D_080::SEACell-75,2.8679662,-2.0673943,PT-S1,Control/Other
PT,PT,D_080::SEACell-76,-4.756658,0.12082119,PT-S3,Control/Other
PT,PT,D_080::SEACell-77,-4.842868,-4.607829,PT-S1,Control/Other
PT,PT,D_080::SEACell-78,-3.49726,-4.874879,PT-S1,Control/Other
PT,PT,D_080::SEACell-79,-4.3215,0.6319565,PT-S3,Control/Other
PT,PT,D_080::SEACell-8,-4.03431,-5.307868,PT-S1,Control/Other
PT,PT,D_080::SEACell-80,1.4313833,1.1372641,PT-S3,Control/Other
PT,PT,D_080::SEACell-81,-2.3460655,-3.71037,PT-S1,Control/Other
PT,PT,D_080::SEACell-82,-2.126838,-0.09283077,PT-S2,Control/Other
PT,PT,D_080::SEACell-83,2.1183755,-0.22201033,PT-S2,Control/Other
PT,PT,D_080::SEACell-84,-4.686937,-2.0908597,PT-S2,Control/Other
PT,PT,D_080::SEACell-85,-4.8418703,-4.279378,PT-S1,Control/Other
PT,PT,D_080::SEACell-86,4.3974323,9.187138,aPT1,Control/Other
PT,PT,D_080::SEACell-87,-4.796998,-4.9148936,PT-S1,Control/Other
PT,PT,D_080::SEACell-88,-4.4744825,-5.1297507,PT-S1,Control/Other
PT,PT,D_080::SEACell-89,5.759523,5.144725,aPT1,Control/Other
PT,PT,D_080::SEACell-9,-4.8289065,-3.4662142,PT-S1,Control/Other
PT,PT,D_080::SEACell-90,-5.151815,0.463671,PT-S3,Control/Other
PT,PT,D_080::SEACell-91,-5.4176693,0.68159366,PT-S3,Control/Other
PT,PT,D_080::SEACell-92,-5.4031744,-2.42533,PT-S2,Control/Other
PT,PT,D_080::SEACell-93,-4.806071,-2.594238,PT-S1,Control/Other
PT,PT,D_080::SEACell-94,-5.1545925,-0.5432369,PT-S3,Control/Other
PT,PT,D_080::SEACell-95,5.0553575,6.624206,aPT1,Control/Other
PT,PT,D_080::SEACell-96,-5.381296,0.76162994,PT-S3,Control/Other
PT,PT,D_080::SEACell-97,3.1681898,-1.5342927,PT-S1,Control/Other
PT,PT,D_080::SEACell-98,-4.9576497,-1.6992514,PT-S2,Control/Other
PT,PT,D_080::SEACell-99,-5.3816423,0.6484059,PT-S3,Control/Other
PT,PT,IU-KRP-429::SEACell-0,3.1032338,9.160192,dPT-S1,Control/Other
PT,PT,IU-KRP-429::SEACell-1,2.6867554,10.126611,aPT1,Control/Other
PT,PT,IU-KRP-429::SEACell-2,2.4050565,10.04032,aPT1,Control/Other
PT,PT,IU-KRP-430::SEACell-0,-2.1587815,2.2888777,PT-S1,Control/Other
PT,PT,IU-KRP-430::SEACell-1,2.3804934,9.066685,aPT1,Control/Other
PT,PT,IU-KRP-430::SEACell-10,-4.070788,2.3578224,PT-S3,Control/Other
PT,PT,IU-KRP-430::SEACell-11,-2.372416,2.3494575,PT-S1,Control/Other
PT,PT,IU-KRP-430::SEACell-12,-3.8120146,2.7326038,PT-S3,Control/Other
PT,PT,IU-KRP-430::SEACell-13,-2.3255527,2.3495731,PT-S1,Control/Other
PT,PT,IU-KRP-430::SEACell-14,-1.9970683,2.1173835,aPT1,Control/Other
PT,PT,IU-KRP-430::SEACell-15,-2.186021,2.2434022,PT-S1,Control/Other
PT,PT,IU-KRP-430::SEACell-16,-2.2653935,2.227742,PT-S1,Control/Other
PT,PT,IU-KRP-430::SEACell-17,-2.1661458,2.1204817,dPT-S1,Control/Other
PT,PT,IU-KRP-430::SEACell-18,-2.0414426,2.3245845,dPT-S1,Control/Other
PT,PT,IU-KRP-430::SEACell-19,-4.4980135,1.6741818,PT-S2,Control/Other
PT,PT,IU-KRP-430::SEACell-2,-2.203461,2.2447941,dPT-S1,Control/Other
PT,PT,IU-KRP-430::SEACell-20,-2.374222,2.4376292,PT-S1,Control/Other
PT,PT,IU-KRP-430::SEACell-21,-2.1329432,2.2653136,PT-S1,Control/Other
PT,PT,IU-KRP-430::SEACell-22,-2.198905,2.1667502,PT-S1,Control/Other
PT,PT,IU-KRP-430::SEACell-23,-2.3172107,2.1834962,PT-S1,Control/Other
PT,PT,IU-KRP-430::SEACell-24,-2.2758598,2.3513942,PT-S1,Control/Other
PT,PT,IU-KRP-430::SEACell-25,-4.2722044,2.2976758,PT-S3,Control/Other
PT,PT,IU-KRP-430::SEACell-26,-3.7601368,2.400593,PT-S3,Control/Other
PT,PT,IU-KRP-430::SEACell-27,-2.1398673,2.2697272,PT-S2,Control/Other
PT,PT,IU-KRP-430::SEACell-28,-2.2810407,2.239628,PT-S1,Control/Other
PT,PT,IU-KRP-430::SEACell-29,-2.3085794,2.2341328,PT-S1,Control/Other
PT,PT,IU-KRP-430::SEACell-3,2.848363,8.976653,aPT1,Control/Other
PT,PT,IU-KRP-430::SEACell-30,-2.270295,2.2006989,PT-S1,Control/Other
PT,PT,IU-KRP-430::SEACell-31,-2.2424295,2.1146326,PT-S1,Control/Other
PT,PT,IU-KRP-430::SEACell-4,-2.1276214,2.1929016,dPT-S1,Control/Other
PT,PT,IU-KRP-430::SEACell-5,-2.0182517,1.9890313,PT-S2,Control/Other
PT,PT,IU-KRP-430::SEACell-6,-2.1860518,2.2082305,PT-S1,Control/Other
PT,PT,IU-KRP-430::SEACell-7,-2.2464924,2.294449,PT-S1,Control/Other
PT,PT,IU-KRP-430::SEACell-8,-2.2739315,2.2325213,dPT-S1,Control/Other
PT,PT,IU-KRP-430::SEACell-9,-4.0806627,2.5548475,PT-S3,Control/Other
PT,PT,IU-KRP-473::SEACell-0,3.6202192,11.432026,aPT1,Control/Other
PT,PT,KPMP_101::SEACell-0,-4.453953,1.9900628,PT-S3,Control/Other
PT,PT,KPMP_101::SEACell-1,-4.056536,4.824185,PT-S1,Control/Other
PT,PT,KPMP_101::SEACell-10,-4.227583,1.4655195,PT-S2,Control/Other
PT,PT,KPMP_101::SEACell-11,-1.9740423,16.077993,dPT-S1,Control/Other
PT,PT,KPMP_101::SEACell-12,-4.599175,1.6618023,PT-S3,Control/Other
PT,PT,KPMP_101::SEACell-13,-2.1757553,16.075138,dPT-S1,Control/Other
PT,PT,KPMP_101::SEACell-14,-3.199853,-5.039818,PT-S1,Control/Other
PT,PT,KPMP_101::SEACell-15,-2.5386026,-4.6892347,PT-S1,Control/Other
PT,PT,KPMP_101::SEACell-16,-2.8446755,0.14484972,PT-S2,Control/Other
PT,PT,KPMP_101::SEACell-17,-2.3244345,15.456963,dPT-S1,Control/Other
PT,PT,KPMP_101::SEACell-18,-3.8581722,2.1292572,PT-S3,Control/Other
PT,PT,KPMP_101::SEACell-19,-2.368402,15.657967,dPT-S1,Control/Other
PT,PT,KPMP_101::SEACell-2,-3.8086035,-2.8725743,PT-S1,Control/Other
PT,PT,KPMP_101::SEACell-20,-4.1427846,1.8331338,PT-S3,Control/Other
PT,PT,KPMP_101::SEACell-21,-4.133644,4.4396772,PT-S1,Control/Other
PT,PT,KPMP_101::SEACell-22,-3.224657,-4.941479,PT-S1,Control/Other
PT,PT,KPMP_101::SEACell-23,-3.9585195,4.4367223,PT-S2,Control/Other
PT,PT,KPMP_101::SEACell-24,-1.5032688,15.229924,dPT-S1,Control/Other
PT,PT,KPMP_101::SEACell-25,-2.9329374,-4.859802,PT-S1,Control/Other
PT,PT,KPMP_101::SEACell-26,3.4869225,10.002734,aPT1,Control/Other
PT,PT,KPMP_101::SEACell-27,-3.0807867,-5.0141773,PT-S1,Control/Other
PT,PT,KPMP_101::SEACell-28,1.7151848,12.371981,aPT2,Control/Other
PT,PT,KPMP_101::SEACell-29,-4.452572,1.8883626,dPT-S3,Control/Other
PT,PT,KPMP_101::SEACell-3,-2.2809808,15.335148,dPT-S1,Control/Other
PT,PT,KPMP_101::SEACell-30,-2.9779263,-4.9865923,PT-S1,Control/Other
PT,PT,KPMP_101::SEACell-31,-4.458386,1.7631346,PT-S2,Control/Other
PT,PT,KPMP_101::SEACell-32,-2.205268,16.20308,dPT-S1,Control/Other
PT,PT,KPMP_101::SEACell-33,-4.07094,4.4500537,PT-S2,Control/Other
PT,PT,KPMP_101::SEACell-34,-4.671112,1.4243442,PT-S3,Control/Other
PT,PT,KPMP_101::SEACell-35,-1.9691095,15.454411,dPT-S1,Control/Other
PT,PT,KPMP_101::SEACell-4,-4.14526,2.1467566,PT-S3,Control/Other
PT,PT,KPMP_101::SEACell-5,-3.4289958,-4.754123,dPT-S1,Control/Other
PT,PT,KPMP_101::SEACell-6,-1.9815186,15.529586,dPT-S1,Control/Other
PT,PT,KPMP_101::SEACell-7,-3.0839584,-4.992303,dPT-S1,Control/Other
PT,PT,KPMP_101::SEACell-8,-4.3079653,4.5098195,PT-S2,Control/Other
PT,PT,KPMP_101::SEACell-9,-3.1296518,-5.0864973,PT-S1,Control/Other
PT,PT,KPMP_104::SEACell-0,-0.9005301,-3.818523,PT-S1,Control/Other
PT,PT,KPMP_104::SEACell-1,-0.58866304,-3.5732663,PT-S1,Control/Other
PT,PT,KPMP_104::SEACell-10,-0.9026237,-3.3909903,PT-S1,Control/Other
PT,PT,KPMP_104::SEACell-11,2.028947,11.101618,aPT2,Control/Other
PT,PT,KPMP_104::SEACell-12,-1.5006564,-3.253517,PT-S1,Control/Other
PT,PT,KPMP_104::SEACell-13,-1.790515,-3.4810944,PT-S1,Control/Other
PT,PT,KPMP_104::SEACell-14,-3.5433612,-0.07225447,PT-S3,Control/Other
PT,PT,KPMP_104::SEACell-15,-2.4279695,-1.6752369,PT-S2,Control/Other
PT,PT,KPMP_104::SEACell-2,-1.6284319,-3.2504482,PT-S1,Control/Other
PT,PT,KPMP_104::SEACell-3,-1.0492405,-0.6248244,PT-S2,Control/Other
PT,PT,KPMP_104::SEACell-4,-0.33039933,-3.5162096,PT-S1,Control/Other
PT,PT,KPMP_104::SEACell-5,2.4048917,9.480003,aPT1,Control/Other
PT,PT,KPMP_104::SEACell-6,-2.2513678,0.27584618,PT-S3,Control/Other
PT,PT,KPMP_104::SEACell-7,-1.9885603,-1.8160738,PT-S1,Control/Other
PT,PT,KPMP_104::SEACell-8,3.0367815,10.275222,frPT-S1/S2,Control/Other
PT,PT,KPMP_104::SEACell-9,-3.3977575,0.6709357,PT-S3,Control/Other
PT,PT,KRP446::SEACell-0,1.4846311,-2.6728363,PT-S1,Control/Other
PT,PT,KRP446::SEACell-1,1.6166004,-2.6317363,PT-S1,Control/Other
PT,PT,KRP446::SEACell-10,1.7545103,-1.754426,PT-S1,Control/Other
PT,PT,KRP446::SEACell-11,2.9838188,9.359182,aPT1,Control/Other
PT,PT,KRP446::SEACell-12,1.6300187,-2.7669363,PT-S1,Control/Other
PT,PT,KRP446::SEACell-13,0.32656434,1.1972349,PT-S3,Control/Other
PT,PT,KRP446::SEACell-14,5.7453737,5.2315907,frPT-S1/S2,Control/Other
PT,PT,KRP446::SEACell-15,1.4800857,-1.2029638,PT-S2,Control/Other
PT,PT,KRP446::SEACell-16,-2.762603,13.660064,dPT-S1,Control/Other
PT,PT,KRP446::SEACell-17,1.7115445,-2.432636,PT-S1,Control/Other
PT,PT,KRP446::SEACell-18,1.4828818,-2.7629318,PT-S1,Control/Other
PT,PT,KRP446::SEACell-19,0.53235745,-2.019175,PT-S1,Control/Other
PT,PT,KRP446::SEACell-2,1.6464044,-2.3595002,PT-S1,Control/Other
PT,PT,KRP446::SEACell-20,1.6045116,-2.7254097,PT-S1,Control/Other
PT,PT,KRP446::SEACell-21,1.4051584,-2.4279625,PT-S1,Control/Other
PT,PT,KRP446::SEACell-22,2.8003101,-0.4388633,PT-S2,Control/Other
PT,PT,KRP446::SEACell-23,1.3259236,-0.91524625,PT-S2,Control/Other
PT,PT,KRP446::SEACell-24,5.036824,5.8188825,aPT1,Control/Other
PT,PT,KRP446::SEACell-25,0.0024809323,1.0465611,PT-S3,Control/Other
PT,PT,KRP446::SEACell-26,-0.33202899,1.0370415,PT-S3,Control/Other
PT,PT,KRP446::SEACell-27,5.5436196,5.475457,frPT-S1/S2,Control/Other
PT,PT,KRP446::SEACell-28,5.252946,6.14061,aPT1,Control/Other
PT,PT,KRP446::SEACell-29,1.0077273,-0.2893109,PT-S2,Control/Other
PT,PT,KRP446::SEACell-3,0.5508514,-2.071364,PT-S1,Control/Other
PT,PT,KRP446::SEACell-30,-0.79467356,1.1927427,PT-S3,Control/Other
PT,PT,KRP446::SEACell-31,0.8559566,-1.9793806,PT-S1,Control/Other
PT,PT,KRP446::SEACell-32,1.7958813,-2.3715632,PT-S1,Control/Other
PT,PT,KRP446::SEACell-33,1.0918362,-0.48185712,PT-S2,Control/Other
PT,PT,KRP446::SEACell-34,-0.24678461,-1.6769692,PT-S1,Control/Other
PT,PT,KRP446::SEACell-35,5.7802625,5.34426,frPT-S1/S2,Control/Other
PT,PT,KRP446::SEACell-36,1.1612294,-2.4569657,PT-S1,Control/Other
PT,PT,KRP446::SEACell-37,1.723258,-2.5073776,PT-S1,Control/Other
PT,PT,KRP446::SEACell-38,1.3220634,-2.6393578,PT-S1,Control/Other
PT,PT,KRP446::SEACell-39,1.3998921,-1.3037567,PT-S2,Control/Other
PT,PT,KRP446::SEACell-4,1.469204,-2.793795,PT-S1,Control/Other
PT,PT,KRP446::SEACell-40,1.668999,-1.7540528,PT-S2,Control/Other
PT,PT,KRP446::SEACell-41,0.03736984,1.2058687,PT-S3,Control/Other
PT,PT,KRP446::SEACell-42,-0.30219665,-1.4120779,PT-S2,Control/Other
PT,PT,KRP446::SEACell-43,0.6509576,-2.0985162,PT-S1,Control/Other
PT,PT,KRP446::SEACell-5,-1.2180753,-0.7842802,PT-S1,Control/Other
PT,PT,KRP446::SEACell-6,0.85566133,-2.365093,PT-S1,Control/Other
PT,PT,KRP446::SEACell-7,5.0779095,5.286205,aPT1,Control/Other
PT,PT,KRP446::SEACell-8,0.76737994,-2.187603,PT-S1,Control/Other
PT,PT,KRP446::SEACell-9,1.6424605,-2.6195467,PT-S1,Control/Other
PT,PT,KRP460::SEACell-0,0.33727503,0.45943934,PT-S3,Control/Other
PT,PT,KRP460::SEACell-1,3.528596,11.57601,aPT1,Control/Other
PT,PT,KRP460::SEACell-10,-0.47740012,-1.180351,PT-S1,Control/Other
PT,PT,KRP460::SEACell-11,4.637912,6.310179,aPT1,Control/Other
PT,PT,KRP460::SEACell-12,1.224714,-1.6680363,PT-S1,Control/Other
PT,PT,KRP460::SEACell-13,2.1532297,0.42514485,PT-S2,Control/Other
PT,PT,KRP460::SEACell-14,-0.1948005,-1.7574993,PT-S1,Control/Other
PT,PT,KRP460::SEACell-15,0.4143659,-1.539688,PT-S1,Control/Other
PT,PT,KRP460::SEACell-16,2.301281,8.001723,aPT1,Control/Other
PT,PT,KRP460::SEACell-17,-2.8290372,13.938212,dPT-S1,Control/Other
PT,PT,KRP460::SEACell-18,4.88018,6.762923,aPT-S1/S2,Control/Other
PT,PT,KRP460::SEACell-2,-0.15025513,-1.6922398,PT-S1,Control/Other
PT,PT,KRP460::SEACell-20,4.9338713,6.3351483,frPT-S3,Control/Other
PT,PT,KRP460::SEACell-21,4.2358146,6.881184,frPT-S3,Control/Other
PT,PT,KRP460::SEACell-22,5.125846,6.3583236,aPT-S1/S2,Control/Other
PT,PT,KRP460::SEACell-24,0.3796723,0.464354,PT-S2,Control/Other
PT,PT,KRP460::SEACell-25,-2.1556952,15.481068,dPT-S1,Control/Other
PT,PT,KRP460::SEACell-26,-0.30417436,11.655788,PT-S1,Control/Other
PT,PT,KRP460::SEACell-27,-0.022915939,-1.6299783,PT-S1,Control/Other
PT,PT,KRP460::SEACell-28,-2.22485,14.693281,dPT-S1,Control/Other
PT,PT,KRP460::SEACell-29,3.533094,11.74882,aPT1,Control/Other
PT,PT,KRP460::SEACell-3,0.6025776,1.149864,PT-S3,Control/Other
PT,PT,KRP460::SEACell-30,5.1557307,6.098676,frPT-S3,Control/Other
PT,PT,KRP460::SEACell-31,5.4803243,6.4814587,aPT-S1/S2,Control/Other
PT,PT,KRP460::SEACell-4,0.29030842,-1.6500341,PT-S1,Control/Other
PT,PT,KRP460::SEACell-5,1.3025376,-0.3501806,PT-S2,Control/Other
PT,PT,KRP460::SEACell-6,0.6091255,0.28173822,PT-S1,Control/Other
PT,PT,KRP460::SEACell-7,5.450899,6.373137,aPT-S1/S2,Control/Other
PT,PT,KRP460::SEACell-8,3.4510233,5.877023,aPT-S1/S2,Control/Other
PT,PT,KRP460::SEACell-9,1.4337442,-2.2524076,PT-S1,Control/Other
PT,PT,KRP461::SEACell-0,4.3535833,6.1603746,aPT1,Control/Other
PT,PT,KRP461::SEACell-1,-0.5826143,3.431127,PT-S1,Control/Other
PT,PT,KRP461::SEACell-10,4.377122,5.516898,aPT1,Control/Other
PT,PT,KRP461::SEACell-11,-0.2435805,3.5237582,PT-S1,Control/Other
PT,PT,KRP461::SEACell-12,-0.3177002,4.0270114,PT-S2,Control/Other
PT,PT,KRP461::SEACell-13,-0.16149534,3.3486688,PT-S1,Control/Other
PT,PT,KRP461::SEACell-14,-0.13467038,3.2994492,PT-S1,Control/Other
PT,PT,KRP461::SEACell-15,-0.71821785,3.5491302,PT-S1,Control/Other
PT,PT,KRP461::SEACell-16,-0.51501095,3.8129356,PT-S1,Control/Other
PT,PT,KRP461::SEACell-2,-0.11659841,3.1887875,PT-S1,Control/Other
PT,PT,KRP461::SEACell-3,-0.08533531,3.29476,PT-S1,Control/Other
PT,PT,KRP461::SEACell-4,-0.5389684,3.8655512,PT-S1,Control/Other
PT,PT,KRP461::SEACell-5,-0.16852814,3.5557241,PT-S2,Control/Other
PT,PT,KRP461::SEACell-6,-0.37225667,3.7547042,PT-S1,Control/Other
PT,PT,KRP461::SEACell-7,-0.6274696,3.502644,PT-S1,Control/Other
PT,PT,KRP461::SEACell-8,-0.124000445,3.2999394,PT-S1,Control/Other
PT,PT,KRP461::SEACell-9,-0.43225664,3.6210368,PT-S1,Control/Other
PT,PT,KRP462::SEACell-0,1.4981794,0.14872365,PT-S1,Control/Other
PT,PT,KRP462::SEACell-1,4.2282495,6.1332583,aPT1,Control/Other
PT,PT,KRP462::SEACell-10,0.26696777,2.0057592,PT-S3,Control/Other
PT,PT,KRP462::SEACell-11,0.0926081,3.4832149,PT-S1,Control/Other
PT,PT,KRP462::SEACell-12,1.672483,0.9273626,PT-S1,Control/Other
PT,PT,KRP462::SEACell-13,2.5407174,9.701024,aPT1,Control/Other
PT,PT,KRP462::SEACell-14,4.3449564,5.873532,frPT-S1/S2,Control/Other
PT,PT,KRP462::SEACell-15,-0.15991753,1.4179205,PT-S3,Control/Other
PT,PT,KRP462::SEACell-16,-0.260775,3.858987,PT-S1,Control/Other
PT,PT,KRP462::SEACell-17,4.263266,5.863677,aPT-S1/S2,Control/Other
PT,PT,KRP462::SEACell-18,2.7415879,10.129694,aPT1,Control/Other
PT,PT,KRP462::SEACell-19,-0.24418658,1.7133796,PT-S3,Control/Other
PT,PT,KRP462::SEACell-2,4.1389976,5.993848,aPT-S1/S2,Control/Other
PT,PT,KRP462::SEACell-20,2.5591037,9.925489,aPT1,Control/Other
PT,PT,KRP462::SEACell-3,4.447059,6.1979594,frPT-S3,Control/Other
PT,PT,KRP462::SEACell-4,4.0271053,6.2558165,aPT1,Control/Other
PT,PT,KRP462::SEACell-5,1.2416003,0.5109863,PT-S2,Control/Other
PT,PT,KRP462::SEACell-6,4.366296,5.9778867,aPT1,Control/Other
PT,PT,KRP462::SEACell-7,1.7886057,1.1715692,PT-S1,Control/Other
PT,PT,KRP462::SEACell-8,0.087224446,1.2366737,PT-S2,Control/Other
PT,PT,KRP462::SEACell-9,-1.6396122,13.586079,dPT-S1,Control/Other
PT,PT,SDKZ0001::SEACell-0,17.422842,2.7508442,aPT-S1/S2,Control/Other
PT,PT,SDKZ0001::SEACell-1,17.095127,2.5372498,aPT-S3,Control/Other
PT,PT,SDKZ0001::SEACell-10,18.105621,3.1515384,PT-S1,Control/Other
PT,PT,SDKZ0001::SEACell-100,0.31587014,13.426798,dPT-S1,Control/Other
PT,PT,SDKZ0001::SEACell-101,0.51471806,13.968275,dPT-S1,Control/Other
PT,PT,SDKZ0001::SEACell-102,17.116945,2.5599875,aPT1,Control/Other
PT,PT,SDKZ0001::SEACell-103,0.36875224,13.435239,dPT-S1,Control/Other
PT,PT,SDKZ0001::SEACell-104,18.3226,3.1403043,aPT-S1/S2,Control/Other
PT,PT,SDKZ0001::SEACell-105,16.96062,2.6369781,aPT1,Control/Other
PT,PT,SDKZ0001::SEACell-106,18.403492,3.183409,PT-S1,Control/Other
PT,PT,SDKZ0001::SEACell-107,0.5014481,13.598896,dPT-S1,Control/Other
PT,PT,SDKZ0001::SEACell-11,17.240782,2.7201755,PT-S2,Control/Other
PT,PT,SDKZ0001::SEACell-12,-0.2786653,11.890815,dPT-S1,Control/Other
PT,PT,SDKZ0001::SEACell-13,18.473373,3.1714978,PT-S1,Control/Other
PT,PT,SDKZ0001::SEACell-14,0.2194059,13.138171,dPT-S1,Control/Other
PT,PT,SDKZ0001::SEACell-15,0.29253498,13.457579,dPT-S1,Control/Other
PT,PT,SDKZ0001::SEACell-16,0.44658357,13.579008,dPT-S1,Control/Other
PT,PT,SDKZ0001::SEACell-17,17.615755,2.8507574,aPT-S1/S2,Control/Other
PT,PT,SDKZ0001::SEACell-18,16.989183,2.6193786,aPT1,Control/Other
PT,PT,SDKZ0001::SEACell-19,18.090109,2.8939,aPT-S1/S2,Control/Other
PT,PT,SDKZ0001::SEACell-2,18.21301,3.0546663,aPT-S1/S2,Control/Other
PT,PT,SDKZ0001::SEACell-20,18.117954,3.0571969,aPT-S1/S2,Control/Other
PT,PT,SDKZ0001::SEACell-21,-0.06642541,11.216831,dPT-S1,Control/Other
PT,PT,SDKZ0001::SEACell-22,18.322084,2.930506,aPT-S1/S2,Control/Other
PT,PT,SDKZ0001::SEACell-23,18.138752,2.944195,aPT-S1/S2,Control/Other
PT,PT,SDKZ0001::SEACell-24,18.302776,3.1619635,aPT-S1/S2,Control/Other
PT,PT,SDKZ0001::SEACell-25,0.2579142,13.339264,dPT-S1,Control/Other
PT,PT,SDKZ0001::SEACell-26,18.495197,3.2855332,aPT-S1/S2,Control/Other
PT,PT,SDKZ0001::SEACell-27,17.447432,2.8290024,aPT-S1/S2,Control/Other
PT,PT,SDKZ0001::SEACell-28,18.186836,3.1667862,aPT-S1/S2,Control/Other
PT,PT,SDKZ0001::SEACell-29,18.180466,2.9370625,aPT-S1/S2,Control/Other
PT,PT,SDKZ0001::SEACell-3,18.32426,3.1785562,aPT-S1/S2,Control/Other
PT,PT,SDKZ0001::SEACell-30,0.4003162,13.699078,dPT-S1,Control/Other
PT,PT,SDKZ0001::SEACell-31,18.591125,3.437668,PT-S1,Control/Other
PT,PT,SDKZ0001::SEACell-32,18.51388,3.326551,PT-S1,Control/Other
PT,PT,SDKZ0001::SEACell-33,17.18638,2.5670927,PT-S3,Control/Other
PT,PT,SDKZ0001::SEACell-34,17.016598,2.5013857,PT-S3,Control/Other
PT,PT,SDKZ0001::SEACell-35,17.16054,2.582529,aPT1,Control/Other
PT,PT,SDKZ0001::SEACell-36,18.288979,3.0922542,aPT-S1/S2,Control/Other
PT,PT,SDKZ0001::SEACell-37,18.528711,3.2503629,aPT-S1/S2,Control/Other
PT,PT,SDKZ0001::SEACell-38,-0.57631797,11.379452,dPT-S1,Control/Other
PT,PT,SDKZ0001::SEACell-39,18.253729,2.958183,aPT-S1/S2,Control/Other
PT,PT,SDKZ0001::SEACell-4,17.139269,2.55015,aPT-S3,Control/Other
PT,PT,SDKZ0001::SEACell-40,0.40501648,13.467266,dPT-S1,Control/Other
PT,PT,SDKZ0001::SEACell-41,18.564156,3.1926591,aPT-S1/S2,Control/Other
PT,PT,SDKZ0001::SEACell-42,17.087101,2.5426464,aPT1,Control/Other
PT,PT,SDKZ0001::SEACell-43,16.971624,2.5832243,PT-S3,Control/Other
PT,PT,SDKZ0001::SEACell-44,0.5641473,14.01634,dPT-S1,Control/Other
PT,PT,SDKZ0001::SEACell-45,17.190022,2.6105788,aPT1,Control/Other
PT,PT,SDKZ0001::SEACell-46,18.358158,3.2039142,aPT-S1/S2,Control/Other
PT,PT,SDKZ0001::SEACell-47,18.237347,2.9139292,aPT-S1/S2,Control/Other
PT,PT,SDKZ0001::SEACell-48,18.313633,3.1068892,aPT-S1/S2,Control/Other
PT,PT,SDKZ0001::SEACell-49,18.242376,2.9721072,aPT-S1/S2,Control/Other
PT,PT,SDKZ0001::SEACell-5,0.31070122,13.3585,dPT-S1,Control/Other
PT,PT,SDKZ0001::SEACell-50,16.9974,2.6770785,aPT1,Control/Other
PT,PT,SDKZ0001::SEACell-51,17.026997,2.4613457,PT-S3,Control/Other
PT,PT,SDKZ0001::SEACell-52,18.21794,3.0023086,aPT-S1/S2,Control/Other
PT,PT,SDKZ0001::SEACell-53,18.561945,3.392982,PT-S1,Control/Other
PT,PT,SDKZ0001::SEACell-54,0.44705418,13.94997,dPT-S1,Control/Other
PT,PT,SDKZ0001::SEACell-55,18.319197,3.0187876,aPT-S1/S2,Control/Other
PT,PT,SDKZ0001::SEACell-56,18.488277,3.2203457,PT-S1,Control/Other
PT,PT,SDKZ0001::SEACell-57,0.48639843,13.468386,dPT-S1,Control/Other
PT,PT,SDKZ0001::SEACell-58,17.055159,2.6142795,aPT1,Control/Other
PT,PT,SDKZ0001::SEACell-59,18.208286,2.9872415,aPT-S1/S2,Control/Other
PT,PT,SDKZ0001::SEACell-6,0.33764368,13.486896,dPT-S1,Control/Other
PT,PT,SDKZ0001::SEACell-60,-0.40434456,11.287276,dPT-S1,Control/Other
PT,PT,SDKZ0001::SEACell-61,16.880466,2.4763043,frPT-S3,Control/Other
PT,PT,SDKZ0001::SEACell-62,18.305117,3.0836015,aPT-S1/S2,Control/Other
PT,PT,SDKZ0001::SEACell-63,18.542273,3.3988776,PT-S1,Control/Other
PT,PT,SDKZ0001::SEACell-64,17.113209,2.5581486,aPT1,Control/Other
PT,PT,SDKZ0001::SEACell-65,16.994883,2.6342382,aPT1,Control/Other
PT,PT,SDKZ0001::SEACell-66,18.445372,3.2175486,aPT-S1/S2,Control/Other
PT,PT,SDKZ0001::SEACell-67,17.195004,2.652563,PT-S3,Control/Other
PT,PT,SDKZ0001::SEACell-68,17.1819,2.5381474,aPT1,Control/Other
PT,PT,SDKZ0001::SEACell-69,18.346788,3.0853562,aPT-S1/S2,Control/Other
PT,PT,SDKZ0001::SEACell-7,0.26896042,13.383085,dPT-S1,Control/Other
PT,PT,SDKZ0001::SEACell-70,17.288603,2.6731174,aPT1,Control/Other
PT,PT,SDKZ0001::SEACell-71,0.38616383,13.4671335,dPT-S1,Control/Other
PT,PT,SDKZ0001::SEACell-72,0.5097033,13.77898,dPT-S1,Control/Other
PT,PT,SDKZ0001::SEACell-73,16.957071,2.4546804,PT-S3,Control/Other
PT,PT,SDKZ0001::SEACell-74,18.099995,2.9244995,aPT-S1/S2,Control/Other
PT,PT,SDKZ0001::SEACell-75,17.059416,2.5158546,aPT1,Control/Other
PT,PT,SDKZ0001::SEACell-76,17.861944,3.0027647,aPT1,Control/Other
PT,PT,SDKZ0001::SEACell-77,18.473368,3.2254868,aPT-S1/S2,Control/Other
PT,PT,SDKZ0001::SEACell-78,18.197058,2.9881346,aPT-S1/S2,Control/Other
PT,PT,SDKZ0001::SEACell-79,18.492226,3.2761831,PT-S1,Control/Other
PT,PT,SDKZ0001::SEACell-8,18.219057,3.1241596,aPT-S1/S2,Control/Other
PT,PT,SDKZ0001::SEACell-80,0.2563189,13.258992,dPT-S1,Control/Other
PT,PT,SDKZ0001::SEACell-81,0.254964,13.606689,dPT-S1,Control/Other
PT,PT,SDKZ0001::SEACell-82,18.107784,2.9710784,aPT-S1/S2,Control/Other
PT,PT,SDKZ0001::SEACell-83,18.307943,2.8699548,aPT-S1/S2,Control/Other
PT,PT,SDKZ0001::SEACell-84,17.428516,2.7532384,aPT1,Control/Other
PT,PT,SDKZ0001::SEACell-85,17.924791,2.9612558,aPT-S1/S2,Control/Other
PT,PT,SDKZ0001::SEACell-87,18.241144,3.102482,aPT-S1/S2,Control/Other
PT,PT,SDKZ0001::SEACell-88,17.027508,2.6450057,aPT1,Control/Other
PT,PT,SDKZ0001::SEACell-89,18.559261,3.2590787,dPT-S1,Control/Other
PT,PT,SDKZ0001::SEACell-9,18.414503,3.284723,PT-S1,Control/Other
PT,PT,SDKZ0001::SEACell-90,18.219809,3.0371916,aPT-S1/S2,Control/Other
PT,PT,SDKZ0001::SEACell-91,18.528357,3.3636713,PT-S1,Control/Other
PT,PT,SDKZ0001::SEACell-92,17.15288,2.7169483,aPT1,Control/Other
PT,PT,SDKZ0001::SEACell-93,18.285421,3.1340287,PT-S1,Control/Other
PT,PT,SDKZ0001::SEACell-94,17.05963,2.6344154,frPT-S3,Control/Other
PT,PT,SDKZ0001::SEACell-95,17.083778,2.7480407,aPT1,Control/Other
PT,PT,SDKZ0001::SEACell-96,18.473288,3.2449892,aPT-S1/S2,Control/Other
PT,PT,SDKZ0001::SEACell-97,17.033163,2.4386666,aPT-S3,Control/Other
PT,PT,SDKZ0001::SEACell-98,0.4004738,13.58471,dPT-S1,Control/Other
PT,PT,SDKZ0001::SEACell-99,17.10143,2.6584084,aPT1,Control/Other
PT,PT,SDKZ0024::SEACell-0,3.9197018,5.1263833,aPT1,CKD
PT,PT,SDKZ0024::SEACell-1,5.4830008,2.9624987,PT-S1,CKD
PT,PT,SDKZ0024::SEACell-10,5.2144794,3.1662703,aPT-S1/S2,CKD
PT,PT,SDKZ0024::SEACell-11,5.4016294,2.9976358,PT-S1,CKD
PT,PT,SDKZ0024::SEACell-12,5.639264,2.8548822,PT-S1,CKD
PT,PT,SDKZ0024::SEACell-13,5.0633187,3.2080228,PT-S1,CKD
PT,PT,SDKZ0024::SEACell-14,5.4644237,2.9606066,aPT-S1/S2,CKD
PT,PT,SDKZ0024::SEACell-15,4.101897,3.820096,PT-S3,CKD
PT,PT,SDKZ0024::SEACell-16,4.4325204,3.7873483,aPT-S3,CKD
PT,PT,SDKZ0024::SEACell-17,3.8031492,3.69361,PT-S3,CKD
PT,PT,SDKZ0024::SEACell-18,5.4521394,2.9754274,PT-S1,CKD
PT,PT,SDKZ0024::SEACell-19,5.3700705,3.0305285,PT-S1,CKD
PT,PT,SDKZ0024::SEACell-2,5.736206,2.7655995,PT-S1,CKD
PT,PT,SDKZ0024::SEACell-20,4.636965,3.3479009,PT-S3,CKD
PT,PT,SDKZ0024::SEACell-21,5.7266917,2.769373,PT-S1,CKD
PT,PT,SDKZ0024::SEACell-22,5.6038775,2.8500102,PT-S2,CKD
PT,PT,SDKZ0024::SEACell-23,5.674774,2.8239956,PT-S1,CKD
PT,PT,SDKZ0024::SEACell-24,5.555515,2.9174266,PT-S1,CKD
PT,PT,SDKZ0024::SEACell-25,5.565246,2.9072957,PT-S2,CKD
PT,PT,SDKZ0024::SEACell-26,5.71865,2.7037692,PT-S1,CKD
PT,PT,SDKZ0024::SEACell-27,5.7051163,2.7829094,PT-S1,CKD
PT,PT,SDKZ0024::SEACell-3,5.021839,3.3236682,frPT-S1/S2,CKD
PT,PT,SDKZ0024::SEACell-4,5.374056,3.0410023,PT-S1,CKD
PT,PT,SDKZ0024::SEACell-5,5.6504383,2.8354728,PT-S1,CKD
PT,PT,SDKZ0024::SEACell-6,4.471447,3.560292,PT-S3,CKD
PT,PT,SDKZ0024::SEACell-7,5.629241,2.8641734,PT-S1,CKD
PT,PT,SDKZ0024::SEACell-8,5.7179666,2.7839756,PT-S1,CKD
PT,PT,SDKZ0024::SEACell-9,5.278946,3.0927813,PT-S2,CKD
FIB,contractile,163-5::mc0,1.543022,5.0913696,C-FIB-PATH,Control/Other
FIB,contractile,164-10::SEACell-0,-0.81601065,4.370511,C-FIB,Control/Other
FIB,contractile,164-10::SEACell-3,-2.0969226,3.2234747,C-FIB,Control/Other
FIB,contractile,164-11::SEACell-0,-2.4436119,4.534066,C-FIB,Control/Other
FIB,contractile,164-12::SEACell-0,-2.6931295,4.421265,C-FIB,Control/Other
FIB,contractile,164-12::SEACell-1,-2.7650425,4.2699957,C-FIB,Control/Other
FIB,contractile,164-13::SEACell-0,-3.1582463,4.1279135,C-FIB,Control/Other
FIB,contractile,164-13::SEACell-2,-3.311423,4.53779,C-FIB,Control/Other
FIB,contractile,164-13::SEACell-3,-2.3179097,4.3198285,C-FIB,Control/Other
FIB,contractile,164-14::SEACell-0,-2.7315955,4.7471538,C-FIB,Control/Other
FIB,contractile,164-14::SEACell-1,-1.8348061,7.739688,C/M-FIB,Control/Other
FIB,contractile,164-14::SEACell-2,-3.3506024,5.296688,C-FIB,Control/Other
FIB,contractile,164-15::SEACell-2,-0.37836564,5.3012414,C-FIB,Control/Other
FIB,contractile,164-15::SEACell-3,-1.7912105,7.193601,C/M-FIB,Control/Other
FIB,contractile,164-15::SEACell-4,-1.7680016,7.1932445,C-FIB,Control/Other
FIB,contractile,164-15::SEACell-5,-2.0450957,7.3642435,C-FIB,Control/Other
FIB,contractile,164-15::SEACell-6,-1.2750949,5.7090607,C-FIB-OSMRlo,Control/Other
FIB,contractile,164-15::SEACell-8,-1.6188701,7.646284,C/M-FIB,Control/Other
FIB,contractile,164-17::SEACell-1,3.9221928,7.1236806,C-FIB-PATH,Control/Other
FIB,contractile,164-18::SEACell-0,-1.7489208,4.8398323,C-FIB-OSMRlo,Control/Other
FIB,contractile,164-18::SEACell-1,-1.6274614,5.6333137,C-FIB,Control/Other
FIB,contractile,164-18::SEACell-2,-1.8978262,5.2526355,C-FIB,Control/Other
FIB,contractile,164-1::mc0,-2.5620792,7.047294,C-FIB-PATH,Control/Other
FIB,contractile,164-20::mc0,-1.7995342,6.1323056,C-FIB,Control/Other
FIB,contractile,164-3::mc0,-2.2464354,6.459449,C-FIB,Control/Other
FIB,contractile,164-5::mc0,-1.5960768,8.446392,C-FIB,Control/Other
FIB,contractile,164-6::mc0,-2.5584946,6.8347955,C-FIB,Control/Other
FIB,contractile,164-7::mc0,-2.512729,7.0085077,C-FIB,Control/Other
FIB,contractile,164-8::mc0,-2.2227607,6.654208,C-FIB-PATH,Control/Other
FIB,contractile,165-10::SEACell-2,0.106754385,9.888708,C/M-FIB,Control/Other
FIB,contractile,165-11::SEACell-0,-1.4790754,5.6983685,C-FIB,Control/Other
FIB,contractile,165-11::SEACell-1,-1.1028333,6.018457,C-FIB,Control/Other
FIB,contractile,165-13::SEACell-0,-1.8239882,4.9030027,C-FIB,Control/Other
FIB,contractile,165-15::mc0,-2.3386123,5.196599,C-FIB,Control/Other
FIB,contractile,165-7::SEACell-0,-2.4763525,6.651876,C-FIB,Control/Other
FIB,contractile,165-9::SEACell-1,-0.67683476,10.512821,C/M-FIB,Control/Other
FIB,contractile,165-9::SEACell-2,-0.6476302,10.677,C/M-FIB,Control/Other
FIB,contractile,165-9::SEACell-3,-0.7336234,10.477839,C/M-FIB,Control/Other
FIB,contractile,18-142::SEACell-0,-2.5040362,6.184473,C-FIB,Control/Other
FIB,contractile,18-142::SEACell-2,-2.2115936,6.423681,C-FIB,Control/Other
FIB,contractile,18-162::SEACell-0,0.055791225,5.0902524,C-FIB,Control/Other
FIB,contractile,18-162::SEACell-2,0.49200818,10.425671,C/M-FIB,Control/Other
FIB,contractile,18-162::SEACell-4,-0.32669595,5.0057445,C-FIB,Control/Other
FIB,contractile,18-162::SEACell-5,0.54780424,10.316351,C/M-FIB,Control/Other
FIB,contractile,18-312::SEACell-0,1.4201659,5.8218102,C-MYOF,Control/Other
FIB,contractile,18-312::SEACell-1,1.3629026,6.05673,C-MYOF,Control/Other
FIB,contractile,18-312::SEACell-11,1.0946673,6.1202545,C-FIB,Control/Other
FIB,contractile,18-312::SEACell-13,0.94997066,5.98832,C-FIB,Control/Other
FIB,contractile,18-312::SEACell-14,0.82186264,6.150923,C-FIB,Control/Other
FIB,contractile,18-312::SEACell-2,1.6891886,6.150883,C-MYOF,Control/Other
FIB,contractile,18-312::SEACell-3,1.4107141,5.91115,C-MYOF,Control/Other
FIB,contractile,18-312::SEACell-4,0.8055864,6.146878,C-FIB,Control/Other
FIB,contractile,18-312::SEACell-5,1.2812362,5.878903,C-FIB,Control/Other
FIB,contractile,18-312::SEACell-6,1.3603,6.1481304,C-FIB,Control/Other
FIB,contractile,18-312::SEACell-7,1.3288693,5.870286,C-FIB,Control/Other
FIB,contractile,18-312::SEACell-8,1.2142481,6.0360346,C-FIB,Control/Other
FIB,contractile,18-312::SEACell-9,1.2557763,6.108613,C-FIB,Control/Other
FIB,contractile,21-015::SEACell-0,-3.274476,5.5551233,C-FIB,Control/Other
FIB,contractile,21-015::SEACell-1,-1.4440633,3.966914,C-FIB,Control/Other
FIB,contractile,21-015::SEACell-2,-2.8616607,5.4064536,C-FIB,Control/Other
FIB,contractile,21-015::SEACell-3,-3.13065,5.2541885,C-FIB,Control/Other
FIB,contractile,21-015::SEACell-4,-2.539545,5.3486037,C-FIB,Control/Other
FIB,contractile,21-015::SEACell-5,-1.8201027,4.918551,C-FIB,Control/Other
FIB,contractile,21-015::SEACell-6,-2.6113412,5.2696457,C-FIB,Control/Other
FIB,contractile,21-016::SEACell-0,-2.7057967,5.4391675,C-FIB-PATH,Control/Other
FIB,contractile,21-019::SEACell-0,-3.141928,6.1586804,C-FIB,Control/Other
FIB,contractile,21-019::SEACell-1,-3.0932648,6.095861,C-FIB,Control/Other
FIB,contractile,21-019::SEACell-10,-3.0089676,6.364613,C-FIB,Control/Other
FIB,contractile,21-019::SEACell-11,-2.8702967,6.0918064,C-FIB,Control/Other
FIB,contractile,21-019::SEACell-12,-3.0478482,6.337529,C-FIB,Control/Other
FIB,contractile,21-019::SEACell-13,-3.4295697,6.3885636,C-FIB,Control/Other
FIB,contractile,21-019::SEACell-15,-2.8118603,5.702749,C-FIB,Control/Other
FIB,contractile,21-019::SEACell-16,-3.0710168,5.9779935,C-FIB,Control/Other
FIB,contractile,21-019::SEACell-2,-2.59838,7.1190743,C-FIB,Control/Other
FIB,contractile,21-019::SEACell-3,-2.7602162,5.974218,C-FIB,Control/Other
FIB,contractile,21-019::SEACell-4,-1.6405721,4.403352,C-FIB,Control/Other
FIB,contractile,21-019::SEACell-5,-2.4851828,5.5111938,C-FIB,Control/Other
FIB,contractile,21-019::SEACell-7,-2.8377442,6.1621723,C-FIB,Control/Other
FIB,contractile,21-019::SEACell-8,-2.8301225,6.3447747,C-FIB,Control/Other
FIB,contractile,21-020::SEACell-1,-0.82449836,5.6318536,C-FIB,Control/Other
FIB,contractile,21-020::SEACell-10,-0.040416103,10.347333,C-FIB,Control/Other
FIB,contractile,21-020::SEACell-15,-1.7290137,6.267514,C-FIB,Control/Other
FIB,contractile,21-020::SEACell-16,-2.332684,5.474867,C-FIB,Control/Other
FIB,contractile,21-020::SEACell-18,0.11665725,10.712372,C/M-FIB,Control/Other
FIB,contractile,21-020::SEACell-2,-0.3742641,11.121883,C/M-FIB,Control/Other
FIB,contractile,21-020::SEACell-21,-1.748297,5.2825522,C-FIB,Control/Other
FIB,contractile,21-020::SEACell-23,-0.3502844,10.857942,C/M-FIB,Control/Other
FIB,contractile,21-020::SEACell-24,-0.037618954,10.826538,C/M-FIB,Control/Other
FIB,contractile,21-020::SEACell-25,-1.526937,6.0760665,C-FIB,Control/Other
FIB,contractile,21-020::SEACell-26,-1.3199335,6.7363772,C-FIB,Control/Other
FIB,contractile,21-020::SEACell-27,-0.39835432,10.264443,C/M-FIB,Control/Other
FIB,contractile,21-020::SEACell-28,-0.1671543,10.826905,C/M-FIB,Control/Other
FIB,contractile,21-020::SEACell-3,-0.5441785,10.15028,C-FIB,Control/Other
FIB,contractile,21-020::SEACell-31,-1.4693831,6.608073,C-FIB,Control/Other
FIB,contractile,21-020::SEACell-32,-0.3458569,10.439036,C/M-FIB,Control/Other
FIB,contractile,21-020::SEACell-34,-0.115743764,11.0949545,C/M-FIB,Control/Other
FIB,contractile,21-020::SEACell-39,-0.9059672,5.5376625,C-FIB,Control/Other
FIB,contractile,21-020::SEACell-4,-0.4010828,10.607823,C/M-FIB,Control/Other
FIB,contractile,21-020::SEACell-43,-0.26094547,10.695661,C/M-FIB,Control/Other
FIB,contractile,21-020::SEACell-44,-2.0103862,5.5973296,C-FIB,Control/Other
FIB,contractile,21-020::SEACell-47,-0.3907209,10.976318,C/M-FIB,Control/Other
FIB,contractile,21-020::SEACell-50,-0.14416765,11.097712,C/M-FIB,Control/Other
FIB,contractile,21-020::SEACell-51,-0.111608,10.764297,C/M-FIB,Control/Other
FIB,contractile,21-020::SEACell-52,-0.34396312,10.863299,C/M-FIB,Control/Other
FIB,contractile,21-020::SEACell-7,-0.2283059,10.187281,C-FIB,Control/Other
FIB,contractile,21-020::SEACell-9,0.043867372,10.912831,C/M-FIB,Control/Other
FIB,contractile,21-021::SEACell-0,-0.60649073,6.270173,C-FIB,Control/Other
FIB,contractile,21-021::SEACell-1,-0.67773014,6.419251,C-FIB-PATH,Control/Other
FIB,contractile,21-021::SEACell-2,0.27747786,6.420076,C-FIB,Control/Other
FIB,contractile,27-10039::SEACell-1,6.3211627,8.460403,C-FIB-PATH,CKD
FIB,contractile,27-10039::SEACell-2,6.753685,9.040325,C-FIB-PATH,CKD
FIB,contractile,27-10041::SEACell-0,7.6911855,9.158769,C-FIB-PATH,CKD
FIB,contractile,27-10041::SEACell-3,7.9251213,9.246063,C-FIB-PATH,CKD
FIB,contractile,27-10041::SEACell-4,7.7484317,9.308661,C-FIB-PATH,CKD
FIB,contractile,27-10041::SEACell-5,7.574793,9.229343,C-FIB-PATH,CKD
FIB,contractile,27-10043::SEACell-0,6.243145,7.5214877,C-FIB-PATH,CKD
FIB,contractile,27-10043::SEACell-2,7.758243,9.459475,C-FIB-PATH,CKD
FIB,contractile,27-10043::SEACell-4,8.023182,9.267153,C-FIB-PATH,CKD
FIB,contractile,27-10066::mc0,5.057085,5.208686,C-FIB-PATH,CKD
FIB,contractile,27-10067::SEACell-0,3.4165583,8.135463,C/M-FIB,CKD
FIB,contractile,27-10074::SEACell-0,4.160688,9.186791,C/M-FIB,CKD
FIB,contractile,27-10074::SEACell-1,4.5754004,8.646026,C-FIB-PATH,CKD
FIB,contractile,27-10074::SEACell-5,4.090907,9.108266,C/M-FIB,CKD
FIB,contractile,27-10074::SEACell-6,4.8092437,8.753329,C-FIB-PATH,CKD
FIB,contractile,27-10074::SEACell-7,5.479459,8.075609,C-MYOF,CKD
FIB,contractile,27-10088::SEACell-0,5.4222775,9.317134,C-FIB-PATH,Control/Other
FIB,contractile,27-10089::SEACell-1,6.638086,8.944795,C-FIB-PATH,Control/Other
FIB,contractile,27-10094::SEACell-0,4.4203854,9.089765,C/M-FIB,CKD
FIB,contractile,27-10094::SEACell-1,5.813416,8.533492,C-FIB-PATH,CKD
FIB,contractile,27-10154::SEACell-0,7.849029,6.9350967,C-FIB-OSMRhi,CKD
FIB,contractile,27-10154::SEACell-1,6.457438,7.105329,C-FIB-PATH,CKD
FIB,contractile,27-10163::SEACell-0,5.544271,4.3980265,C-FIB-PATH,Control/Other
FIB,contractile,27-10165::SEACell-0,4.5621057,6.3887563,C-FIB-OSMRlo,Control/Other
FIB,contractile,27-10166::SEACell-1,4.4185324,6.3934565,C-FIB-PATH,Control/Other
FIB,contractile,27-10171::SEACell-0,5.4636493,4.3005033,C-FIB-PATH,Control/Other
FIB,contractile,27-10171::SEACell-1,5.361409,4.8770103,C-FIB-PATH,Control/Other
FIB,contractile,27-10171::SEACell-2,5.00098,5.1413536,C-FIB-OSMRlo,Control/Other
FIB,contractile,27-10185::SEACell-0,6.0865397,6.691332,C-FIB-PATH,Control/Other
FIB,contractile,27-10201::mc0,5.999583,6.875438,C-FIB-PATH,Control/Other
FIB,contractile,27-10206::SEACell-0,5.2191324,4.656742,C-FIB-PATH,Control/Other
FIB,contractile,27-10206::SEACell-1,5.3398347,4.676705,C-FIB-PATH,Control/Other
FIB,contractile,27-10207::mc0,6.0562963,6.2294154,C-FIB-PATH,Control/Other
FIB,contractile,27-10231::SEACell-1,6.0150495,4.551701,C-FIB-PATH,Control/Other
FIB,contractile,28-10051::SEACell-2,6.146222,9.66792,C-FIB-PATH,CKD
FIB,contractile,28-10109::SEACell-0,9.05049,9.735943,C-FIB-PATH,CKD
FIB,contractile,28-10109::SEACell-1,7.631188,8.121112,C-MYOF,CKD
FIB,contractile,28-10109::SEACell-10,8.257319,9.349829,C-FIB-PATH,CKD
FIB,contractile,28-10109::SEACell-11,8.360408,9.020222,C-FIB-PATH,CKD
FIB,contractile,28-10109::SEACell-12,8.98636,9.965562,C-FIB-PATH,CKD
FIB,contractile,28-10109::SEACell-13,8.866798,9.87173,C-FIB-PATH,CKD
FIB,contractile,28-10109::SEACell-14,9.123759,10.047564,C-FIB-PATH,CKD
FIB,contractile,28-10109::SEACell-15,8.705281,9.986034,C-FIB-PATH,CKD
FIB,contractile,28-10109::SEACell-16,9.129212,9.882956,C-FIB-PATH,CKD
FIB,contractile,28-10109::SEACell-18,9.097939,10.072989,C-FIB-PATH,CKD
FIB,contractile,28-10109::SEACell-20,8.739626,9.455623,C-FIB-PATH,CKD
FIB,contractile,28-10109::SEACell-3,8.526953,9.32102,C-FIB-PATH,CKD
FIB,contractile,28-10109::SEACell-4,8.820879,9.815215,C-FIB-PATH,CKD
FIB,contractile,28-10109::SEACell-5,8.883521,9.843731,C-FIB-PATH,CKD
FIB,contractile,28-10109::SEACell-6,8.941221,9.618558,C-FIB-PATH,CKD
FIB,contractile,28-10109::SEACell-8,8.87894,10.060939,C-FIB-PATH,CKD
FIB,contractile,28-10109::SEACell-9,8.795077,9.746954,C-FIB-PATH,CKD
FIB,contractile,28-11515::mc0,5.9645967,7.010341,C-FIB-PATH,CKD
FIB,contractile,28-12178::mc0,6.682284,8.6731,C-FIB-PATH,CKD
FIB,contractile,28-12265::SEACell-0,-2.3494897,4.401225,C-FIB,CKD
FIB,contractile,28-12372::SEACell-0,6.597728,5.230757,C-FIB-OSMRlo,CKD
FIB,contractile,28-12372::SEACell-1,6.2163873,6.39855,C-FIB-PATH,CKD
FIB,contractile,28-12412::SEACell-0,5.759807,5.4462447,C-FIB-PATH,CKD
FIB,contractile,28-12412::SEACell-1,5.1260495,8.403967,C-FIB-PATH,CKD
FIB,contractile,28-12510::mc0,5.5327134,7.1962504,C-FIB-PATH,CKD
FIB,contractile,28-12558::SEACell-0,5.47085,4.548517,C-FIB-PATH,CKD
FIB,contractile,28-12558::SEACell-1,5.651219,4.317189,C-FIB-PATH,CKD
FIB,contractile,28-12558::SEACell-2,5.7244225,4.3585873,C-FIB-PATH,CKD
FIB,contractile,28-12579::SEACell-0,6.097331,5.0638056,C-FIB-PATH,CKD
FIB,contractile,28-12579::SEACell-1,6.517615,4.9133534,C-FIB-OSMRlo,CKD
FIB,contractile,28-12579::SEACell-2,7.216318,5.903587,C-MYOF,CKD
FIB,contractile,28-12579::SEACell-3,6.950106,4.9685397,C-FIB-PATH,CKD
FIB,contractile,28-12579::SEACell-5,7.2843366,5.272841,C-FIB-PATH,CKD
FIB,contractile,28-12579::SEACell-6,7.214116,5.5636883,C-FIB-PATH,CKD
FIB,contractile,28-12579::SEACell-7,6.504836,5.31529,C-FIB-PATH,CKD
FIB,contractile,28-12579::SEACell-8,6.8784814,5.1718664,C-FIB-PATH,CKD
FIB,contractile,29-10006::mc0,7.5888634,8.871386,C-FIB-PATH,CKD
FIB,contractile,29-10008::SEACell-0,6.213463,7.7523704,C-FIB-PATH,CKD
FIB,contractile,29-10008::SEACell-2,6.819385,9.13655,C-FIB-PATH,CKD
FIB,contractile,29-10011::SEACell-1,7.5315123,8.138127,C-FIB-PATH,CKD
FIB,contractile,29-10011::SEACell-2,7.8647876,8.426809,C-FIB-PATH,CKD
FIB,contractile,29-10011::SEACell-3,7.593991,7.9898295,C-FIB-PATH,CKD
FIB,contractile,29-10011::SEACell-4,7.8554797,8.785266,C-FIB-PATH,CKD
FIB,contractile,29-10012::SEACell-0,7.235783,8.2550745,C-FIB-PATH,CKD
FIB,contractile,29-10012::SEACell-2,6.5695066,8.023355,C-MYOF,CKD
FIB,contractile,29-10012::SEACell-3,6.971529,7.9327984,C-MYOF,CKD
FIB,contractile,29-10012::SEACell-5,7.3914504,7.9520373,C-FIB-OSMRhi,CKD
FIB,contractile,29-10012::SEACell-6,6.4974666,8.000207,C-MYOF,CKD
FIB,contractile,29-10012::SEACell-7,7.405216,8.40757,C-FIB-PATH,CKD
FIB,contractile,29-10012::SEACell-8,6.7402697,7.834698,C-MYOF,CKD
FIB,contractile,29-10013::SEACell-1,3.6053605,8.931155,C/M-FIB,CKD
FIB,contractile,29-10016::SEACell-0,7.320084,9.2324095,C-FIB-PATH,CKD
FIB,contractile,29-10016::SEACell-1,5.8982463,9.779531,C-FIB-PATH,CKD
FIB,contractile,29-10016::SEACell-2,5.0290356,9.266918,C/M-FIB,CKD
FIB,contractile,29-10016::SEACell-3,5.7443986,9.39807,C-FIB-PATH,CKD
FIB,contractile,29-10276::SEACell-0,6.0412846,9.95366,C-FIB-PATH,CKD
FIB,contractile,29-10276::SEACell-2,6.2897577,9.695838,C-FIB-PATH,CKD
FIB,contractile,29-10276::SEACell-3,6.319113,9.563723,C-FIB-PATH,CKD
FIB,contractile,29-10277::SEACell-0,5.847475,8.130309,C-FIB-PATH,CKD
FIB,contractile,29-10277::SEACell-1,6.407789,10.116702,C-FIB-PATH,CKD
FIB,contractile,29-10277::SEACell-3,6.028668,7.6929526,C-FIB-PATH,CKD
FIB,contractile,29-10277::SEACell-5,6.435316,9.818791,C-FIB-PATH,CKD
FIB,contractile,29-10280::SEACell-0,6.0605407,8.715359,C-FIB-PATH,CKD
FIB,contractile,29-10380::SEACell-1,7.0957623,9.646693,C-FIB-PATH,CKD
FIB,contractile,29-10380::SEACell-2,6.7746224,9.458738,C-FIB-PATH,CKD
FIB,contractile,29-10393::SEACell-4,3.1103337,9.441733,C/M-FIB,CKD
FIB,contractile,29-10395::mc0,6.0873895,6.754935,C-FIB-PATH,CKD
FIB,contractile,29-10399::mc0,5.7008624,4.7358956,C-FIB-PATH,CKD
FIB,contractile,29-10400::SEACell-0,6.5132136,9.887298,C-FIB-PATH,CKD
FIB,contractile,29-10400::SEACell-1,6.1063433,8.29635,C-FIB-PATH,CKD
FIB,contractile,29-10400::SEACell-2,7.131096,9.468674,C-FIB-PATH,CKD
FIB,contractile,29-10401::mc0,5.5865393,7.0955153,C-FIB-PATH,CKD
FIB,contractile,29-10402::SEACell-0,6.9980993,6.0248303,C-FIB-OSMRlo,CKD
FIB,contractile,29-10402::SEACell-1,7.02634,5.046151,C-FIB-PATH,CKD
FIB,contractile,29-10402::SEACell-2,6.540023,5.9724507,C-FIB-PATH,CKD
FIB,contractile,29-10402::SEACell-3,7.5366626,6.236164,C-FIB-OSMRhi,CKD
FIB,contractile,29-10402::SEACell-5,6.649213,6.841147,C-FIB-PATH,CKD
FIB,contractile,29-10404::SEACell-0,5.8797464,6.1446605,C-FIB-PATH,CKD
FIB,contractile,29-10410::SEACell-0,4.9034276,6.5100513,C-FIB-PATH,CKD
FIB,contractile,29-10410::SEACell-1,7.000719,5.632596,C-FIB-PATH,CKD
FIB,contractile,29-10422::SEACell-0,7.050341,5.8472824,C-FIB-PATH,CKD
FIB,contractile,29-10662::SEACell-0,7.157192,5.0878844,C-FIB-PATH,CKD
FIB,contractile,29-10662::SEACell-1,7.243488,4.7849283,C-FIB-PATH,CKD
FIB,contractile,29-10662::SEACell-2,7.5917635,4.9614654,C-FIB-PATH,CKD
FIB,contractile,29-10662::SEACell-3,7.1942825,5.0344257,C-FIB-OSMRlo,CKD
FIB,contractile,29-10662::SEACell-4,7.512009,5.389527,C-FIB-PATH,CKD
FIB,contractile,30-10018::SEACell-0,6.2557445,7.3458195,C-FIB-PATH,AKI
FIB,contractile,30-10034::SEACell-1,7.8362255,7.603842,C-MYOF,AKI
FIB,contractile,30-10034::SEACell-10,9.008096,6.973389,C-FIB-PATH,AKI
FIB,contractile,30-10034::SEACell-12,8.821634,7.203344,C-FIB-PATH,AKI
FIB,contractile,30-10034::SEACell-13,8.538079,7.3194385,C-FIB-PATH,AKI
FIB,contractile,30-10034::SEACell-14,8.994529,7.302873,C-FIB-PATH,AKI
FIB,contractile,30-10034::SEACell-15,7.2617984,7.5769114,C-MYOF,AKI
FIB,contractile,30-10034::SEACell-16,8.726663,7.3642178,C-FIB-OSMRhi,AKI
FIB,contractile,30-10034::SEACell-17,8.717215,6.9255486,C-FIB-PATH,AKI
FIB,contractile,30-10034::SEACell-19,9.040972,7.107229,C-FIB-PATH,AKI
FIB,contractile,30-10034::SEACell-5,8.959023,7.025636,C-FIB-PATH,AKI
FIB,contractile,30-10034::SEACell-8,8.935481,7.19342,C-FIB-PATH,AKI
FIB,contractile,30-10044::SEACell-1,3.3398218,9.419666,C/M-FIB,AKI
FIB,contractile,30-10044::SEACell-2,3.5690145,9.529333,C/M-FIB,AKI
FIB,contractile,30-10044::SEACell-3,3.8062198,9.492158,C/M-FIB,AKI
FIB,contractile,30-10125::SEACell-0,7.0882063,6.735984,C-FIB-PATH,AKI
FIB,contractile,30-10631::SEACell-0,7.2682934,7.7471285,C-MYOF,AKI
FIB,contractile,30-10631::SEACell-1,7.570197,6.8029413,C-FIB-PATH,AKI
FIB,contractile,30-10631::SEACell-2,7.5059557,7.6166587,C-FIB-PATH,AKI
FIB,contractile,30-10631::SEACell-6,7.255947,6.177904,C-FIB-PATH,AKI
FIB,contractile,30-10631::SEACell-7,7.581544,6.9193225,C-FIB-PATH,AKI
FIB,contractile,30-10631::SEACell-8,6.324212,6.9474244,C-FIB-PATH,AKI
FIB,contractile,30-10868::SEACell-0,7.2471113,7.264769,C-FIB-PATH,AKI
FIB,contractile,30-10929::SEACell-1,6.7943587,9.026716,C-FIB-PATH,AKI
FIB,contractile,30-10929::SEACell-2,6.7012978,8.667396,C-FIB-PATH,AKI
FIB,contractile,30-10929::SEACell-3,6.68934,8.422211,C-MYOF,AKI
FIB,contractile,30-11051::mc0,7.6982875,6.37555,C-FIB-OSMRlo,AKI
FIB,contractile,30-11080::mc0,7.6804457,6.2368665,C-FIB-PATH,AKI
FIB,contractile,30-11084::SEACell-0,5.936405,4.626115,C-FIB-PATH,AKI
FIB,contractile,31-10000::SEACell-0,4.2546864,7.9970317,C/M-FIB,CKD
FIB,contractile,31-10000::SEACell-1,4.9300165,8.090907,C-FIB-PATH,CKD
FIB,contractile,31-10000::SEACell-2,4.8835053,8.456791,C-MYOF,CKD
FIB,contractile,31-10000::SEACell-4,4.2947464,7.9681873,C/M-FIB,CKD
FIB,contractile,31-10001::SEACell-2,5.1140385,8.767421,C-FIB-PATH,CKD
FIB,contractile,31-10001::SEACell-3,5.3384805,8.476352,C-FIB-PATH,CKD
FIB,contractile,31-10001::SEACell-5,3.119573,9.6688175,C/M-FIB,CKD
FIB,contractile,31-10006::SEACell-1,2.580676,9.802784,C/M-FIB,CKD
FIB,contractile,31-10006::SEACell-3,2.7959268,9.883775,C/M-FIB,CKD
FIB,contractile,31-10006::SEACell-4,2.521534,9.6608515,C/M-FIB,CKD
FIB,contractile,31-10006::SEACell-5,2.7486665,9.649582,C/M-FIB,CKD
FIB,contractile,31-10013::SEACell-0,3.8879821,9.150535,C/M-FIB,CKD
FIB,contractile,31-10013::SEACell-1,3.8901365,8.962228,C/M-FIB,CKD
FIB,contractile,31-10013::SEACell-4,3.438258,9.627803,C/M-FIB,CKD
FIB,contractile,31-10035::SEACell-1,6.010579,9.148081,C-FIB-PATH,CKD
FIB,contractile,31-10035::SEACell-2,5.947446,8.559952,C-FIB-PATH,CKD
FIB,contractile,31-10035::SEACell-3,6.0870724,9.458226,C-FIB-PATH,CKD
FIB,contractile,31-10061::SEACell-0,4.8202896,9.336435,C/M-FIB,CKD
FIB,contractile,31-10061::SEACell-2,5.834229,8.81607,C-MYOF,CKD
FIB,contractile,31-10061::SEACell-3,5.319294,9.331487,C-FIB-PATH,CKD
FIB,contractile,31-10061::SEACell-4,5.618509,9.329644,C-FIB-PATH,CKD
FIB,contractile,31-10061::SEACell-5,4.593902,9.328766,C/M-FIB,CKD
FIB,contractile,31-10063::SEACell-11,4.7451425,8.715808,C-FIB-PATH,CKD
FIB,contractile,31-10063::SEACell-5,3.064224,10.043507,C/M-FIB,CKD
FIB,contractile,31-10063::SEACell-8,3.0823762,9.952182,C/M-FIB,CKD
FIB,contractile,31-10078::SEACell-0,7.0663652,4.7938147,C-FIB-PATH,CKD
FIB,contractile,31-10078::SEACell-1,6.7896295,6.307197,C-FIB-PATH,CKD
FIB,contractile,31-10081::mc0,6.6727653,8.933849,C-FIB-PATH,CKD
FIB,contractile,31-10090::SEACell-1,6.3083935,6.4575596,C-FIB-PATH,CKD
FIB,contractile,31-10091::mc0,5.7817254,9.016658,C-FIB-PATH,CKD
FIB,contractile,31-10100::SEACell-0,6.743085,5.3796916,C-FIB-OSMRlo,CKD
FIB,contractile,31-10100::SEACell-1,4.109608,7.0259867,C/M-FIB,CKD
FIB,contractile,31-10100::SEACell-2,4.8394966,5.8870883,C-FIB-PATH,CKD
FIB,contractile,31-10100::SEACell-3,5.638117,4.993555,C-FIB-PATH,CKD
FIB,contractile,31-10100::SEACell-4,4.594281,6.5482554,C-FIB-PATH,CKD
FIB,contractile,31-10100::SEACell-5,5.7679625,5.2618985,C-FIB-PATH,CKD
FIB,contractile,31-10100::SEACell-6,4.7794604,5.9297843,C-FIB-PATH,CKD
FIB,contractile,31-10105::mc0,6.1366115,8.578257,C-FIB-PATH,CKD
FIB,contractile,31-10169::mc0,6.3093543,4.996812,C-FIB-PATH,CKD
FIB,contractile,31-10177::SEACell-0,5.819334,8.636568,C-FIB-PATH,CKD
FIB,contractile,31-10210::SEACell-0,3.3877716,9.420799,C/M-FIB,CKD
FIB,contractile,31-10210::SEACell-4,3.4136455,8.679647,C/M-FIB,CKD
FIB,contractile,31-10210::SEACell-5,4.3326797,6.659175,C-FIB-PATH,CKD
FIB,contractile,31-10210::SEACell-6,4.1841545,6.084003,C-FIB-PATH,CKD
FIB,contractile,31-10210::SEACell-9,3.3966696,9.165498,C-FIB-PATH,CKD
FIB,contractile,31-10221::SEACell-0,5.3917303,5.3752675,C-FIB-PATH,CKD
FIB,contractile,31-10221::SEACell-1,5.911789,5.9741344,C-FIB-PATH,CKD
FIB,contractile,31-10236::SEACell-0,6.666251,5.525628,C-FIB-PATH,CKD
FIB,contractile,31-10236::SEACell-2,4.092219,6.7072983,C/M-FIB,CKD
FIB,contractile,31-10236::SEACell-3,6.5419087,5.7956963,C-FIB-PATH,CKD
FIB,contractile,31-10236::SEACell-4,6.608205,5.6306295,C-FIB-OSMRlo,CKD
FIB,contractile,31-10236::SEACell-5,6.826424,6.2497134,C-MYOF,CKD
FIB,contractile,31-10236::SEACell-6,6.885674,5.6404963,C-FIB-OSMRlo,CKD
FIB,contractile,31-10322::SEACell-0,6.309674,5.1171336,C-FIB-PATH,CKD
FIB,contractile,31-10322::SEACell-1,6.449704,5.127184,C-FIB-OSMRlo,CKD
FIB,contractile,31-10340::mc0,6.050348,5.932765,C-FIB-PATH,CKD
FIB,contractile,32-10003::SEACell-3,8.048332,7.6119437,C-MYOF,AKI
FIB,contractile,32-10003::SEACell-4,7.618091,7.212089,C-MYOF,AKI
FIB,contractile,32-10003::SEACell-5,8.3818865,8.188223,C-FIB-PATH,AKI
FIB,contractile,32-10003::SEACell-6,8.238117,7.437896,C-FIB-PATH,AKI
FIB,contractile,32-10003::SEACell-7,8.423935,8.3908205,C-FIB-PATH,AKI
FIB,contractile,32-10003::SEACell-8,8.22588,8.106788,C-FIB-PATH,AKI
FIB,contractile,32-10003::SEACell-9,8.189148,8.681926,C-FIB-PATH,AKI
FIB,contractile,32-10034::SEACell-3,7.053838,9.3284855,C-FIB-PATH,AKI
FIB,contractile,32-10034::SEACell-4,6.644246,9.40358,C-FIB-PATH,AKI
FIB,contractile,32-10034::SEACell-5,6.2878275,7.4714894,C-MYOF,AKI
FIB,contractile,32-10034::SEACell-8,6.9735074,9.17605,C-FIB-PATH,AKI
FIB,contractile,32-10074::mc0,7.1704564,6.378875,C-FIB-OSMRlo,AKI
FIB,contractile,32-10205::SEACell-0,6.995898,8.171606,C-MYOF,AKI
FIB,contractile,32-10205::SEACell-1,6.9083605,8.690065,C-FIB-PATH,AKI
FIB,contractile,32-10205::SEACell-4,6.782714,9.311017,C-FIB-PATH,AKI
FIB,contractile,32-10205::SEACell-5,7.1985297,9.228794,C-FIB-PATH,AKI
FIB,contractile,32-10205::SEACell-6,6.4574366,9.585889,C-FIB-PATH,AKI
FIB,contractile,32-10333::mc0,6.8292394,8.31135,C-FIB-PATH,AKI
FIB,contractile,32-10419::SEACell-0,7.014337,6.7635746,C-FIB-PATH,AKI
FIB,contractile,32-10456::SEACell-0,4.636104,6.9470563,C-MYOF,AKI
FIB,contractile,32-10458::SEACell-0,4.672397,7.566274,C/M-FIB,AKI
FIB,contractile,32-10458::SEACell-1,7.320748,7.116579,C-MYOF,AKI
FIB,contractile,32-10458::SEACell-2,7.328047,7.088863,C-FIB-OSMRhi,AKI
FIB,contractile,32-2::SEACell-0,6.378406,7.4271736,C-FIB-PATH,AKI
FIB,contractile,33-10005::SEACell-0,3.3954813,9.361313,C/M-FIB,AKI
FIB,contractile,33-10005::SEACell-3,3.1127348,9.279836,C/M-FIB,AKI
FIB,contractile,33-10006::SEACell-0,7.7820964,7.546921,C-MYOF,AKI
FIB,contractile,33-10006::SEACell-2,7.797109,7.7745976,C-FIB-PATH,AKI
FIB,contractile,33-10006::SEACell-3,8.05344,7.595217,C-FIB-PATH,AKI
FIB,contractile,33-10331::SEACell-0,7.816615,7.435069,C-FIB-PATH,AKI
FIB,contractile,33-10331::SEACell-1,7.218426,7.402335,C-MYOF,AKI
FIB,contractile,33-10376::mc0,0.47851568,4.6911964,C-FIB,AKI
FIB,contractile,3374::SEACell-11,5.5375123,7.074499,C-FIB-PATH,Control/Other
FIB,contractile,3374::SEACell-22,1.2474713,4.832524,C-FIB-PATH,Control/Other
FIB,contractile,3374::SEACell-32,1.2729329,4.960519,C-FIB-PATH,Control/Other
FIB,contractile,3374::SEACell-6,1.2693129,4.203415,C-FIB,Control/Other
FIB,contractile,34-10050::SEACell-0,7.667334,7.787971,C-FIB-PATH,AKI
FIB,contractile,34-10184::SEACell-2,2.8480556,10.035946,C-FIB-OSMRhi,AKI
FIB,contractile,34-10184::SEACell-3,2.8470886,9.743563,C/M-FIB,AKI
FIB,contractile,34-10184::SEACell-5,3.09023,9.968752,C/M-FIB,AKI
FIB,contractile,34-10184::SEACell-6,5.3097506,8.257095,C-FIB-PATH,AKI
FIB,contractile,34-10187::SEACell-1,6.936595,7.978842,C-FIB-PATH,AKI
FIB,contractile,34-10209::SEACell-0,6.621486,7.657383,C-MYOF,AKI
FIB,contractile,34-10209::SEACell-1,7.27628,7.994143,C-FIB-PATH,AKI
FIB,contractile,34-10209::SEACell-3,6.7684145,7.5272326,C-FIB-PATH,AKI
FIB,contractile,34-10209::SEACell-4,7.201881,8.386541,C-FIB-PATH,AKI
FIB,contractile,34-10209::SEACell-5,7.2250986,8.962019,C-FIB-PATH,AKI
FIB,contractile,34-10240::SEACell-1,6.5705094,7.2176657,C-MYOF,AKI
FIB,contractile,34-10306::SEACell-1,7.02904,6.7438555,C-FIB-PATH,AKI
FIB,contractile,34-10306::SEACell-11,4.8302717,7.1264434,C/M-FIB,AKI
FIB,contractile,34-10306::SEACell-17,5.2100067,6.883727,C-MYOF,AKI
FIB,contractile,34-10306::SEACell-2,4.6112823,7.257572,C/M-FIB,AKI
FIB,contractile,34-10306::SEACell-3,4.9428043,6.9985194,C-MYOF,AKI
FIB,contractile,34-10306::SEACell-8,4.7340064,7.163202,C/M-FIB,AKI
FIB,contractile,34-10306::SEACell-9,4.907018,7.1245375,C/M-FIB,AKI
FIB,contractile,34-10331::mc0,7.648175,6.6700206,C-MYOF,AKI
FIB,contractile,34-10393::SEACell-0,7.847618,6.988981,C-FIB-PATH,AKI
FIB,contractile,34-10393::SEACell-1,6.841827,6.8755755,C-FIB-PATH,AKI
FIB,contractile,34-10579::mc0,7.1186595,6.300863,C-FIB-PATH,AKI
FIB,contractile,3477::SEACell-0,2.2711048,9.483489,C/M-FIB,CKD
FIB,contractile,3477::SEACell-1,1.6262239,6.9099884,C-FIB-PATH,CKD
FIB,contractile,3477::SEACell-2,3.3343053,8.195817,C/M-FIB,CKD
FIB,contractile,3479::SEACell-0,-1.3204412,8.812978,C/M-FIB,CKD
FIB,contractile,3479::SEACell-1,-1.12171,5.3560534,C-FIB-PATH,CKD
FIB,contractile,3479::SEACell-2,0.68988335,5.528327,C-MYOF,CKD
FIB,contractile,3479::SEACell-3,-0.19672544,4.3165803,C-FIB-OSMRlo,CKD
FIB,contractile,3487::SEACell-0,0.98094743,6.5684824,C-MYOF,CKD
FIB,contractile,3487::SEACell-1,0.82006073,7.0236254,C-FIB-OSMRhi,CKD
FIB,contractile,3487::SEACell-2,0.869942,6.900528,C-FIB-PATH,CKD
FIB,contractile,3487::SEACell-3,0.68427926,6.9704375,C-FIB-PATH,CKD
FIB,contractile,3487::SEACell-4,0.7514706,6.9533243,C-FIB-PATH,CKD
FIB,contractile,3487::SEACell-5,0.787307,6.9912834,C-FIB-PATH,CKD
FIB,contractile,3499::SEACell-0,2.4637284,10.0447855,C/M-FIB,Control/Other
FIB,contractile,3504::SEACell-2,1.716212,9.512095,C/M-FIB,Control/Other
FIB,contractile,3510::SEACell-0,-1.1515304,5.421963,C-FIB,Control/Other
FIB,contractile,3510::SEACell-1,-0.07112662,6.256772,C-FIB-OSMRhi,Control/Other
FIB,contractile,3535::SEACell-0,-1.6267831,5.5905366,C-FIB-PATH,Control/Other
FIB,contractile,3535::SEACell-12,1.7626532,6.2461376,C-MYOF,Control/Other
FIB,contractile,3535::SEACell-14,-1.0028044,5.5637574,C-FIB,Control/Other
FIB,contractile,3535::SEACell-15,-1.0919604,5.426477,C-FIB-PATH,Control/Other
FIB,contractile,3535::SEACell-17,-2.1796694,5.916238,C-FIB-PATH,Control/Other
FIB,contractile,3535::SEACell-2,0.18963516,5.219041,C-FIB-PATH,Control/Other
FIB,contractile,3535::SEACell-4,0.39595595,6.0764723,C-FIB-OSMRhi,Control/Other
FIB,contractile,3535::SEACell-7,-0.7363696,5.716359,C-FIB-PATH,Control/Other
FIB,contractile,3535::SEACell-8,0.042454362,8.057134,C-FIB-OSMRlo,Control/Other
FIB,contractile,3593::SEACell-11,2.5186534,10.286101,C/M-FIB,Control/Other
FIB,contractile,3593::SEACell-36,2.2955987,9.901124,C/M-FIB,Control/Other
FIB,contractile,3593::SEACell-37,2.1520832,10.0582075,C/M-FIB,Control/Other
FIB,contractile,3593::SEACell-41,2.1872015,8.865255,C-FIB,Control/Other
FIB,contractile,3593::SEACell-43,2.132972,10.325914,C/M-FIB,Control/Other
FIB,contractile,3593::SEACell-48,2.6204667,8.6961565,C/M-FIB,Control/Other
FIB,contractile,3593::SEACell-56,2.3857434,10.018359,C/M-FIB,Control/Other
FIB,contractile,3593::SEACell-71,2.6026256,10.402795,C/M-FIB,Control/Other
FIB,contractile,3593::SEACell-74,2.2623656,10.23194,C/M-FIB,Control/Other
FIB,contractile,3593::SEACell-77,2.290239,10.327279,C/M-FIB,Control/Other
FIB,contractile,3593::SEACell-85,1.9001913,9.224781,C/M-FIB,Control/Other
FIB,contractile,3609::SEACell-0,-2.0980275,6.224875,C-FIB-PATH,CKD
FIB,contractile,3609::SEACell-1,-2.8752866,6.7860994,C-FIB-PATH,CKD
FIB,contractile,3609::SEACell-2,-2.0291998,6.4284487,C-FIB-PATH,CKD
FIB,contractile,3612::SEACell-0,-0.055634107,5.527839,C-FIB-PATH,CKD
FIB,contractile,3612::SEACell-1,0.1820978,5.627726,C-FIB-PATH,CKD
FIB,contractile,3619::SEACell-0,-1.9794515,7.8955336,C-FIB,Control/Other
FIB,contractile,3620::SEACell-2,0.59624285,9.90223,C/M-FIB,Control/Other
FIB,contractile,3621::SEACell-0,-0.66084605,4.730246,C-FIB,Control/Other
FIB,contractile,3622::SEACell-0,-0.78770405,7.181941,C-FIB-PATH,Control/Other
FIB,contractile,3622::SEACell-1,-0.015477472,8.980511,C/M-FIB,Control/Other
FIB,contractile,3622::SEACell-2,-0.7348833,7.8312182,C/M-FIB,Control/Other
FIB,contractile,3625::SEACell-1,-2.310049,6.8205953,C-FIB,Control/Other
FIB,contractile,3626::SEACell-0,-1.4508284,6.7057195,C-FIB,Control/Other
FIB,contractile,3626::SEACell-1,-1.1707274,6.796517,C-FIB,Control/Other
FIB,contractile,3627::SEACell-0,-1.2553006,6.4798813,C-FIB,Control/Other
FIB,contractile,3627::SEACell-2,-1.7660418,7.025336,C-FIB,Control/Other
FIB,contractile,3627::SEACell-3,-1.3789374,8.167008,C/M-FIB,Control/Other
FIB,contractile,3630::SEACell-0,-1.1292031,6.2549415,C-FIB,Control/Other
FIB,contractile,3630::SEACell-1,-1.6398014,6.631459,C-FIB,Control/Other
FIB,contractile,3630::SEACell-2,-1.2626177,7.0125175,C-FIB,Control/Other
FIB,contractile,3631::mc0,-1.8439618,6.695935,C-FIB,Control/Other
FIB,contractile,3673::SEACell-0,1.2911466,6.5330586,C-FIB-PATH,AKI
FIB,contractile,3675::mc0,2.1388323,9.616657,C/M-FIB,Control/Other
FIB,contractile,3691::SEACell-21,-0.81394506,5.886482,C-FIB,Control/Other
FIB,contractile,3704::SEACell-0,3.139067,4.684513,C-FIB-OSMRlo,Control/Other
FIB,contractile,3704::SEACell-10,1.8476908,10.002171,C/M-FIB,Control/Other
FIB,contractile,3704::SEACell-11,3.0361705,4.9686174,C-FIB-PATH,Control/Other
FIB,contractile,3704::SEACell-12,2.7316766,3.9905663,C-FIB-PATH,Control/Other
FIB,contractile,3704::SEACell-14,3.035023,4.7801385,C-FIB-PATH,Control/Other
FIB,contractile,3704::SEACell-16,2.313703,3.6113346,C-FIB-OSMRhi,Control/Other
FIB,contractile,3704::SEACell-17,2.5394866,4.4953613,C-FIB-PATH,Control/Other
FIB,contractile,3704::SEACell-19,2.933923,4.7288446,C-FIB-PATH,Control/Other
FIB,contractile,3704::SEACell-21,3.0934885,5.1030393,C-MYOF,Control/Other
FIB,contractile,3704::SEACell-22,2.8699877,4.030882,C-FIB,Control/Other
FIB,contractile,3704::SEACell-29,2.9392571,5.202191,C-FIB,Control/Other
FIB,contractile,3704::SEACell-3,2.2281387,3.884314,C-FIB,Control/Other
FIB,contractile,3704::SEACell-35,4.400561,6.5067735,C-MYOF,Control/Other
FIB,contractile,3704::SEACell-37,2.9990814,5.4226894,C-FIB-PATH,Control/Other
FIB,contractile,3704::SEACell-42,3.1903913,4.028346,C-FIB-PATH,Control/Other
FIB,contractile,3704::SEACell-5,3.103095,4.4867344,C-FIB-PATH,Control/Other
FIB,contractile,3704::SEACell-6,3.025606,3.963383,C-FIB,Control/Other
FIB,contractile,3704::SEACell-8,2.5006306,4.080783,C-FIB-OSMRhi,Control/Other
FIB,contractile,3704::SEACell-9,2.86593,5.3668513,C/M-FIB,Control/Other
FIB,contractile,3711::SEACell-1,3.4581585,5.9163656,C-FIB-OSMRhi,Control/Other
FIB,contractile,3711::SEACell-12,3.098182,6.7530766,C-FIB-OSMRlo,Control/Other
FIB,contractile,3711::SEACell-18,3.835033,5.575003,C-FIB-PATH,Control/Other
FIB,contractile,3711::SEACell-19,3.2069378,7.188453,C/M-FIB,Control/Other
FIB,contractile,3711::SEACell-21,3.301277,7.5283523,C-FIB-PATH,Control/Other
FIB,contractile,3711::SEACell-23,3.3549395,6.4607525,C-MYOF,Control/Other
FIB,contractile,3711::SEACell-27,3.8141675,5.305544,C-FIB-PATH,Control/Other
FIB,contractile,3711::SEACell-29,4.5769596,5.4457808,C-FIB-PATH,Control/Other
FIB,contractile,3712::SEACell-1,-0.66026896,9.895281,C/M-FIB,Control/Other
FIB,contractile,3712::SEACell-12,-3.6847343,5.484526,C-FIB,Control/Other
FIB,contractile,3712::SEACell-14,-0.47754973,9.0012045,C-MYOF,Control/Other
FIB,contractile,3712::SEACell-15,-1.9602308,4.21343,C-FIB,Control/Other
FIB,contractile,3712::SEACell-17,-0.32588348,9.255662,C/M-FIB,Control/Other
FIB,contractile,3712::SEACell-20,-0.38809368,9.61032,C/M-FIB,Control/Other
FIB,contractile,3712::SEACell-26,-0.55652523,9.639378,C/M-FIB,Control/Other
FIB,contractile,3712::SEACell-29,-0.9069287,9.098512,C-FIB,Control/Other
FIB,contractile,3712::SEACell-7,-0.71300954,9.341097,C/M-FIB,Control/Other
FIB,contractile,3712::SEACell-9,-0.9558613,9.65744,C/M-FIB,Control/Other
FIB,contractile,3716::SEACell-0,3.571151,5.864476,C-FIB-PATH,CKD
FIB,contractile,3716::SEACell-10,3.834852,4.691451,C-FIB-PATH,CKD
FIB,contractile,3716::SEACell-12,4.3138604,5.1200957,C-FIB-PATH,CKD
FIB,contractile,3716::SEACell-13,3.5572379,4.563677,C-FIB,CKD
FIB,contractile,3716::SEACell-16,4.59322,5.241416,C-FIB-PATH,CKD
FIB,contractile,3716::SEACell-19,3.5188184,4.7654996,C-FIB-PATH,CKD
FIB,contractile,3716::SEACell-22,3.5269675,6.3954897,C-FIB-OSMRlo,CKD
FIB,contractile,3716::SEACell-6,3.4382384,5.4947186,C-FIB-OSMRhi,CKD
FIB,contractile,3716::SEACell-8,4.0779552,4.8996563,C-FIB-PATH,CKD
FIB,contractile,3716::SEACell-9,2.537558,9.96549,C/M-FIB,CKD
FIB,contractile,3723::SEACell-1,-2.38704,4.4220667,C-FIB,Control/Other
FIB,contractile,3723::SEACell-13,-2.270654,3.8043985,C-FIB,Control/Other
FIB,contractile,3723::SEACell-14,-0.86466193,9.15266,C/M-FIB,Control/Other
FIB,contractile,3723::SEACell-17,-3.7711582,5.1442633,C-FIB,Control/Other
FIB,contractile,3723::SEACell-19,-2.5109708,3.9256737,C-FIB,Control/Other
FIB,contractile,3723::SEACell-2,-2.6375413,3.80737,C-FIB,Control/Other
FIB,contractile,3723::SEACell-21,-3.6903062,6.2637386,C-FIB,Control/Other
FIB,contractile,3723::SEACell-22,-2.6610298,3.5873368,C-FIB,Control/Other
FIB,contractile,3723::SEACell-23,-2.3300064,3.6048687,C-FIB,Control/Other
FIB,contractile,3723::SEACell-24,-2.7793472,3.9717507,C-FIB,Control/Other
FIB,contractile,3723::SEACell-26,-2.715614,3.7793808,C-FIB,Control/Other
FIB,contractile,3723::SEACell-28,-3.072228,3.7977386,C-FIB,Control/Other
FIB,contractile,3723::SEACell-29,-2.779178,3.6235478,C-FIB,Control/Other
FIB,contractile,3723::SEACell-4,-2.1510983,4.1214366,C-FIB,Control/Other
FIB,contractile,3723::SEACell-6,-1.276633,4.752017,C-FIB,Control/Other
FIB,contractile,3723::SEACell-8,-3.8118412,6.126113,C-FIB,Control/Other
FIB,contractile,3723::SEACell-9,-2.5913658,4.1205263,C-FIB,Control/Other
FIB,contractile,3728::SEACell-1,-0.6702669,9.591138,C/M-FIB,Control/Other
FIB,contractile,3728::SEACell-2,-2.2890418,3.6571026,C-FIB,Control/Other
FIB,contractile,3728::SEACell-3,-0.81212634,9.407391,C/M-FIB,Control/Other
FIB,contractile,3775::SEACell-0,-1.9998446,7.7684355,C-FIB-PATH,Control/Other
FIB,contractile,3775::SEACell-1,-1.4295609,8.212383,C/M-FIB,Control/Other
FIB,contractile,3778::SEACell-0,2.1705425,8.855092,C-MYOF,Control/Other
FIB,contractile,3778::SEACell-10,4.0348506,6.7820992,C-FIB-PATH,Control/Other
FIB,contractile,3778::SEACell-12,2.4862404,6.4288487,C-FIB-PATH,Control/Other
FIB,contractile,3778::SEACell-17,5.2039857,8.941672,C-FIB-PATH,Control/Other
FIB,contractile,3778::SEACell-21,3.16426,5.8170786,C-MYOF,Control/Other
FIB,contractile,3778::SEACell-34,4.95231,5.057977,C-FIB-PATH,Control/Other
FIB,contractile,3778::SEACell-36,5.535724,9.382258,C-FIB-PATH,Control/Other
FIB,contractile,3781::SEACell-11,0.8217939,9.437892,C/M-FIB,Control/Other
FIB,contractile,3781::SEACell-13,-0.6080738,6.6551137,C-FIB-PATH,Control/Other
FIB,contractile,3781::SEACell-16,1.1457237,9.764102,C/M-FIB,Control/Other
FIB,contractile,3781::SEACell-22,1.3611214,9.822768,C/M-FIB,Control/Other
FIB,contractile,3781::SEACell-29,1.0669907,9.586536,C/M-FIB,Control/Other
FIB,contractile,3781::SEACell-32,-0.42583922,5.8247924,C-FIB-PATH,Control/Other
FIB,contractile,3781::SEACell-36,0.8513904,9.190178,C/M-FIB,Control/Other
FIB,contractile,3781::SEACell-7,-0.5638133,7.9505014,C-FIB-PATH,Control/Other
FIB,contractile,3782::SEACell-11,0.93829817,4.486271,C-FIB,AKI
FIB,contractile,3782::SEACell-16,2.3029323,4.534587,C-FIB-PATH,AKI
FIB,contractile,3782::SEACell-18,3.3036852,6.527525,C-MYOF,AKI
FIB,contractile,3782::SEACell-19,2.7572875,7.1569586,C-FIB-OSMRhi,AKI
FIB,contractile,3782::SEACell-20,2.2310548,4.8493443,C-FIB-OSMRhi,AKI
FIB,contractile,3782::SEACell-26,2.3241155,4.6455564,C-FIB-PATH,AKI
FIB,contractile,3782::SEACell-28,2.666384,5.151808,C-FIB,AKI
FIB,contractile,3782::SEACell-8,2.391238,4.691323,C-FIB-PATH,AKI
FIB,contractile,3785::mc0,1.3645941,5.426404,C-FIB-PATH,Control/Other
FIB,contractile,3800::SEACell-0,-0.9066292,8.50576,C-FIB,Control/Other
FIB,contractile,3800::SEACell-1,-2.8224854,5.230888,C-FIB,Control/Other
FIB,contractile,3800::SEACell-2,-3.2677884,4.495453,C-FIB,Control/Other
FIB,contractile,3800::SEACell-3,-3.7124882,5.435743,C-FIB,Control/Other
FIB,contractile,3800::SEACell-4,-3.6539369,5.0064125,C-FIB,Control/Other
FIB,contractile,3800::SEACell-5,-1.3105701,8.891961,C/M-FIB,Control/Other
FIB,contractile,3800::SEACell-6,0.11618694,4.524896,C-FIB,Control/Other
FIB,contractile,3800::SEACell-7,-2.488666,6.92541,C-FIB,Control/Other
FIB,contractile,3800::SEACell-8,-1.0005373,9.691426,C/M-FIB,Control/Other
FIB,contractile,3800::SEACell-9,-3.514481,4.8110747,C-FIB,Control/Other
FIB,contractile,3804::mc0,1.0436822,5.0204825,C-FIB-PATH,CKD
FIB,contractile,3814::SEACell-0,2.1873543,6.4189143,C-MYOF,CKD
FIB,contractile,3814::SEACell-1,4.455553,8.325899,C-FIB-PATH,CKD
FIB,contractile,3824::SEACell-0,1.9550959,8.432451,C-MYOF,Control/Other
FIB,contractile,3824::SEACell-1,2.5511863,5.546024,C-FIB-PATH,Control/Other
FIB,contractile,3824::SEACell-2,0.85938585,8.295443,C/M-FIB,Control/Other
FIB,contractile,3825::SEACell-12,-0.48141813,3.9033697,C-FIB-OSMRlo,Control/Other
FIB,contractile,3825::SEACell-16,-0.67246455,4.3105435,C-FIB,Control/Other
FIB,contractile,3825::SEACell-19,-0.24828579,4.3063664,C-FIB,Control/Other
FIB,contractile,3825::SEACell-2,0.89565533,8.744178,C/M-FIB,Control/Other
FIB,contractile,3825::SEACell-24,0.120174795,4.150842,C-FIB,Control/Other
FIB,contractile,3825::SEACell-25,0.0035326786,4.1080866,C-FIB-OSMRlo,Control/Other
FIB,contractile,3825::SEACell-28,-0.16942729,4.1558642,C-FIB,Control/Other
FIB,contractile,3825::SEACell-30,-0.038545877,3.9001033,C-FIB,Control/Other
FIB,contractile,3893::SEACell-0,-0.15806352,5.367295,C-FIB-PATH,Control/Other
FIB,contractile,3893::SEACell-3,-0.4753021,5.9894304,C-FIB,Control/Other
FIB,contractile,3893::SEACell-7,2.21769,8.659922,C-MYOF,Control/Other
FIB,contractile,3898::mc0,-2.340105,8.046561,C-FIB-PATH,Control/Other
FIB,contractile,3900::SEACell-14,-1.8990626,3.4880977,C-FIB,Control/Other
FIB,contractile,3900::SEACell-17,-0.10921405,9.524064,C/M-FIB,Control/Other
FIB,contractile,3900::SEACell-18,0.13833511,9.361319,C/M-FIB,Control/Other
FIB,contractile,3900::SEACell-25,-1.9089999,3.7289574,C-FIB,Control/Other
FIB,contractile,3900::SEACell-4,-1.4108671,3.4472046,C-FIB-OSMRlo,Control/Other
FIB,contractile,3900::SEACell-41,-1.5225345,3.9987178,C-FIB,Control/Other
FIB,contractile,3900::SEACell-50,-0.86717415,3.6743925,C-FIB,Control/Other
FIB,contractile,3900::SEACell-53,-1.7987359,3.5865912,C-FIB-PATH,Control/Other
FIB,contractile,3900::SEACell-54,-0.095526665,9.113172,C/M-FIB,Control/Other
FIB,contractile,3900::SEACell-8,-1.3299334,3.7296832,C-FIB,Control/Other
FIB,contractile,3900::SEACell-9,0.287684,8.649935,C/M-FIB,Control/Other
FIB,contractile,3903::SEACell-0,-0.2910135,5.8092136,C-FIB-PATH,CKD
FIB,contractile,3903::SEACell-2,-0.689297,6.626956,C-FIB-PATH,CKD
FIB,contractile,3904::SEACell-0,0.10175824,4.9744267,C-FIB-OSMRhi,CKD
FIB,contractile,3904::SEACell-1,0.39272183,4.7701817,C-FIB-PATH,CKD
FIB,contractile,3904::SEACell-2,-0.57512206,4.6795835,C-FIB-PATH,CKD
FIB,contractile,3907::SEACell-1,0.05219282,9.174834,C/M-FIB,Control/Other
FIB,contractile,3907::SEACell-10,-0.30899352,9.511045,C/M-FIB,Control/Other
FIB,contractile,3907::SEACell-11,0.70306826,4.2085924,C-FIB,Control/Other
FIB,contractile,3907::SEACell-2,-1.0067306,9.304755,C/M-FIB,Control/Other
FIB,contractile,3918::SEACell-0,-0.80828434,3.7919104,C-FIB,Control/Other
FIB,contractile,3918::SEACell-2,-1.3464609,3.6468248,C-FIB,Control/Other
FIB,contractile,3918::SEACell-3,-1.4988804,3.5865316,C-FIB-PATH,Control/Other
FIB,contractile,3918::SEACell-4,0.19602889,4.4623184,C-MYOF,Control/Other
FIB,contractile,3918::SEACell-5,-0.4013607,3.8581629,C-FIB,Control/Other
FIB,contractile,3918::SEACell-6,-1.0430177,3.9368682,C-FIB,Control/Other
FIB,contractile,3918::SEACell-7,-1.0896735,3.7554758,C-FIB,Control/Other
FIB,contractile,3918::SEACell-8,-1.7847071,4.1709595,C-FIB,Control/Other
FIB,contractile,3918::SEACell-9,-1.5181706,3.45014,C-FIB,Control/Other
FIB,contractile,3948::SEACell-100,2.45273,3.5249188,C-FIB,Control/Other
FIB,contractile,3948::SEACell-11,2.9965243,4.059563,C-FIB,Control/Other
FIB,contractile,3948::SEACell-14,1.6329414,3.9447846,C-FIB,Control/Other
FIB,contractile,3948::SEACell-15,1.5364273,9.865046,C/M-FIB,Control/Other
FIB,contractile,3948::SEACell-22,2.3247254,2.8875306,C-FIB,Control/Other
FIB,contractile,3948::SEACell-26,2.8289373,3.3103383,C-FIB,Control/Other
FIB,contractile,3948::SEACell-27,2.6610024,3.7624776,C-FIB,Control/Other
FIB,contractile,3948::SEACell-30,2.5089636,3.9177256,C-FIB,Control/Other
FIB,contractile,3948::SEACell-32,2.8472264,4.2732477,C-FIB,Control/Other
FIB,contractile,3948::SEACell-33,2.7315552,3.5925758,C-FIB-PATH,Control/Other
FIB,contractile,3948::SEACell-35,2.6646721,2.6953945,C-FIB-OSMRhi,Control/Other
FIB,contractile,3948::SEACell-37,3.0802941,2.945668,C-FIB,Control/Other
FIB,contractile,3948::SEACell-38,2.346216,3.0516915,C-FIB,Control/Other
FIB,contractile,3948::SEACell-39,2.8989093,5.6022315,C-FIB-PATH,Control/Other
FIB,contractile,3948::SEACell-4,2.412125,2.848673,C-FIB-OSMRhi,Control/Other
FIB,contractile,3948::SEACell-40,2.733851,3.1835353,C-FIB,Control/Other
FIB,contractile,3948::SEACell-44,-0.086936116,6.439291,C-FIB-PATH,Control/Other
FIB,contractile,3948::SEACell-48,2.7250047,3.1724331,C-FIB,Control/Other
FIB,contractile,3948::SEACell-5,2.41676,3.055071,C-FIB,Control/Other
FIB,contractile,3948::SEACell-50,2.1841497,3.5401347,C-FIB,Control/Other
FIB,contractile,3948::SEACell-54,1.3703496,9.643966,C/M-FIB,Control/Other
FIB,contractile,3948::SEACell-59,2.2384844,3.0676417,C-FIB-OSMRlo,Control/Other
FIB,contractile,3948::SEACell-60,2.2597167,3.2126603,C-FIB,Control/Other
FIB,contractile,3948::SEACell-65,1.230732,9.382326,C/M-FIB,Control/Other
FIB,contractile,3948::SEACell-7,2.958559,4.5621853,C-FIB,Control/Other
FIB,contractile,3948::SEACell-71,5.330404,6.5682654,C-MYOF,Control/Other
FIB,contractile,3948::SEACell-72,2.4770741,3.522449,C-FIB,Control/Other
FIB,contractile,3948::SEACell-74,2.3069654,2.7757015,C-FIB,Control/Other
FIB,contractile,3948::SEACell-76,2.4039047,3.236142,C-FIB,Control/Other
FIB,contractile,3948::SEACell-81,3.0906208,3.8882773,C-FIB-OSMRlo,Control/Other
FIB,contractile,3948::SEACell-83,2.88934,3.02418,C-FIB,Control/Other
FIB,contractile,3948::SEACell-88,2.6029012,3.4702907,C-FIB,Control/Other
FIB,contractile,3948::SEACell-9,2.149724,3.0768988,C-FIB-OSMRhi,Control/Other
FIB,contractile,3948::SEACell-90,2.6609485,2.9551728,C-FIB,Control/Other
FIB,contractile,3948::SEACell-96,2.5234854,2.626233,C-FIB,Control/Other
FIB,contractile,3965::SEACell-0,3.1192832,3.4703083,C-FIB-PATH,Control/Other
FIB,contractile,3965::SEACell-1,2.3079314,3.7345269,C-FIB,Control/Other
FIB,contractile,3965::SEACell-2,2.0865488,4.396169,C-FIB-PATH,Control/Other
FIB,contractile,3965::SEACell-4,3.220804,3.3156223,C-FIB,Control/Other
FIB,contractile,3965::SEACell-5,3.1533413,3.2240257,C-FIB,Control/Other
FIB,contractile,933-10003::SEACell-0,6.63098,4.735557,C-FIB-PATH,CKD
FIB,contractile,933-10003::SEACell-1,4.3114038,6.857776,C-FIB-PATH,CKD
FIB,contractile,933-10010::mc0,6.3991513,6.8906026,C-FIB-PATH,CKD
FIB,contractile,934-10016::SEACell-1,6.275689,4.4413233,C-FIB-PATH,CKD
FIB,contractile,934-10016::SEACell-3,6.1628494,6.592941,C-FIB-PATH,CKD
FIB,contractile,934-10016::SEACell-4,6.121457,6.0892954,C-FIB-PATH,CKD
FIB,contractile,934-10016::SEACell-5,5.9578624,4.759118,C-FIB-PATH,CKD
FIB,contractile,934-10016::SEACell-6,5.4969745,4.886359,C-FIB-PATH,CKD
FIB,contractile,934-10022::SEACell-3,6.27312,5.389452,C-FIB-PATH,CKD
FIB,contractile,934-10022::SEACell-4,5.3084455,5.971325,C-FIB-OSMRlo,CKD
FIB,contractile,934-10022::SEACell-5,3.4945192,8.356281,C/M-FIB,CKD
FIB,contractile,934-10022::SEACell-7,3.730416,7.6780105,C/M-FIB,CKD
FIB,contractile,934-10023::SEACell-1,7.3551474,5.719554,C-FIB-OSMRlo,CKD
FIB,contractile,934-10023::SEACell-2,6.734878,5.4067297,C-FIB-PATH,CKD
FIB,contractile,934-10032::SEACell-0,5.928245,5.0943084,C-FIB-PATH,CKD
FIB,contractile,934-10032::SEACell-1,3.3461988,8.819407,C/M-FIB,CKD
FIB,contractile,936-10002::SEACell-0,7.4776187,5.8370705,C-FIB-PATH,CKD
FIB,contractile,936-10002::SEACell-1,6.607642,6.504633,C-FIB-PATH,CKD
FIB,contractile,936-10002::SEACell-10,6.3776712,4.5705323,C-FIB-PATH,CKD
FIB,contractile,936-10002::SEACell-2,6.1138496,4.6209517,C-FIB-PATH,CKD
FIB,contractile,936-10002::SEACell-3,7.13831,4.958302,C-FIB-PATH,CKD
FIB,contractile,936-10002::SEACell-4,6.523922,4.667296,C-FIB-PATH,CKD
FIB,contractile,936-10002::SEACell-5,7.347035,5.5846715,C-FIB-PATH,CKD
FIB,contractile,936-10002::SEACell-6,5.419247,5.298881,C-FIB-PATH,CKD
FIB,contractile,936-10006::SEACell-0,6.2251306,6.2311063,C-FIB-PATH,CKD
FIB,contractile,936-10006::SEACell-1,3.7009637,6.18957,C-FIB-PATH,CKD
FIB,contractile,936-10006::SEACell-2,3.9182622,7.445713,C/M-FIB,CKD
FIB,contractile,936-10006::SEACell-3,4.7589865,6.601692,C-FIB-PATH,CKD
FIB,contractile,936-10006::SEACell-5,3.6772776,7.6334033,C/M-FIB,CKD
FIB,contractile,COV-02-0002::mc0,6.2886953,9.051752,C-FIB-PATH,AKI
FIB,contractile,COV-02-0010::mc0,5.6151733,8.9873,C-FIB-PATH,AKI
FIB,contractile,COV-02-0096::mc0,2.9659772,8.698742,C-FIB-PATH,AKI
FIB,contractile,D_080::SEACell-0,-3.4694443,6.903335,C-FIB-PATH,Control/Other
FIB,contractile,D_080::SEACell-1,-2.8973305,3.5860546,C-FIB,Control/Other
FIB,contractile,D_080::SEACell-11,-3.9377184,5.349447,C-FIB,Control/Other
FIB,contractile,D_080::SEACell-12,-3.404117,7.309317,C-FIB-PATH,Control/Other
FIB,contractile,D_080::SEACell-13,-3.9219565,4.846108,C-FIB,Control/Other
FIB,contractile,D_080::SEACell-14,-3.3600411,3.9542263,C-FIB,Control/Other
FIB,contractile,D_080::SEACell-15,-3.2915597,7.1612225,C-FIB-PATH,Control/Other
FIB,contractile,D_080::SEACell-17,-3.912456,4.4632316,C-FIB,Control/Other
FIB,contractile,D_080::SEACell-18,-4.018808,5.1464977,C-FIB,Control/Other
FIB,contractile,D_080::SEACell-19,-3.5980957,3.7049751,C-FIB,Control/Other
FIB,contractile,D_080::SEACell-2,-3.2399988,7.490091,C-FIB-PATH,Control/Other
FIB,contractile,D_080::SEACell-20,-3.4718375,3.7986343,C-FIB,Control/Other
FIB,contractile,D_080::SEACell-21,-3.6020465,4.522049,C-FIB,Control/Other
FIB,contractile,D_080::SEACell-22,-3.4754143,7.0740266,C-FIB-PATH,Control/Other
FIB,contractile,D_080::SEACell-23,-3.2556505,7.171262,C-FIB-PATH,Control/Other
FIB,contractile,D_080::SEACell-24,-3.371284,7.4444556,C-FIB-PATH,Control/Other
FIB,contractile,D_080::SEACell-25,-4.051965,4.1239266,C-FIB,Control/Other
FIB,contractile,D_080::SEACell-26,-3.3301852,7.372104,C-FIB-PATH,Control/Other
FIB,contractile,D_080::SEACell-27,-3.0978289,7.468712,C-FIB-PATH,Control/Other
FIB,contractile,D_080::SEACell-28,-3.8534994,3.9901764,C-FIB,Control/Other
FIB,contractile,D_080::SEACell-29,-3.7436924,7.0669904,C-FIB-PATH,Control/Other
FIB,contractile,D_080::SEACell-3,-3.6897383,4.400419,C-FIB,Control/Other
FIB,contractile,D_080::SEACell-30,-4.0614557,5.039465,C-FIB,Control/Other
FIB,contractile,D_080::SEACell-31,-3.6875358,3.975519,C-FIB,Control/Other
FIB,contractile,D_080::SEACell-32,-3.1429083,3.8219295,C-FIB,Control/Other
FIB,contractile,D_080::SEACell-33,-3.8677776,4.1656375,C-FIB,Control/Other
FIB,contractile,D_080::SEACell-34,-2.6082819,3.4511046,C-FIB-OSMRlo,Control/Other
FIB,contractile,D_080::SEACell-35,-2.233676,3.3554082,C-FIB,Control/Other
FIB,contractile,D_080::SEACell-36,-3.8826303,4.2930455,C-FIB,Control/Other
FIB,contractile,D_080::SEACell-4,-2.7070243,3.8313148,C-FIB,Control/Other
FIB,contractile,D_080::SEACell-5,-3.2537525,4.424658,C-FIB,Control/Other
FIB,contractile,D_080::SEACell-6,-3.179082,7.112755,C-FIB-PATH,Control/Other
FIB,contractile,D_080::SEACell-7,-2.1306689,5.0200176,C-FIB,Control/Other
FIB,contractile,D_080::SEACell-8,-3.6531196,4.32797,C-FIB,Control/Other
FIB,contractile,D_080::SEACell-9,-3.5830061,7.339784,C-FIB-PATH,Control/Other
FIB,contractile,IU-KRP-430::SEACell-0,-0.719289,5.882736,C-FIB,Control/Other
FIB,contractile,IU-KRP-430::SEACell-1,-0.7963657,4.8665466,C-FIB-PATH,Control/Other
FIB,contractile,KPMP_101::SEACell-0,-0.8656434,3.3598635,C-FIB-OSMRlo,Control/Other
FIB,contractile,KPMP_101::SEACell-1,-1.0995649,3.389935,C-FIB-OSMRlo,Control/Other
FIB,contractile,KPMP_101::SEACell-2,-1.6403427,3.3757532,C-FIB-PATH,Control/Other
FIB,contractile,KPMP_101::SEACell-3,-1.6034538,3.3839767,C-FIB-PATH,Control/Other
FIB,contractile,KPMP_101::SEACell-4,-0.64242345,3.623863,C-FIB,Control/Other
FIB,contractile,KPMP_104::SEACell-0,0.13919705,3.8849847,C-FIB-OSMRlo,Control/Other
FIB,contractile,KPMP_104::SEACell-1,-0.27059963,3.9615042,C-FIB-PATH,Control/Other
FIB,contractile,KPMP_104::SEACell-2,-0.69597423,9.151382,C/M-FIB,Control/Other
FIB,contractile,KPMP_104::SEACell-4,-1.268431,7.6869674,C-FIB-PATH,Control/Other
FIB,contractile,KRP446::SEACell-0,-0.07574905,8.579353,C-FIB,Control/Other
FIB,contractile,KRP460::SEACell-10,-0.42998,5.2025433,C-FIB-PATH,Control/Other
FIB,contractile,KRP461::mc0,0.18650042,5.286647,C-FIB-PATH,Control/Other
FIB,contractile,KRP462::SEACell-1,0.4974027,4.8918943,C-FIB-PATH,Control/Other
FIB,contractile,SDKZ0001::SEACell-0,0.06627313,7.173773,C-FIB,Control/Other
FIB,contractile,SDKZ0001::SEACell-1,0.2845219,7.4631357,C-FIB-PATH,Control/Other
FIB,contractile,SDKZ0001::SEACell-11,0.115011096,7.375769,C-FIB-PATH,Control/Other
FIB,contractile,SDKZ0001::SEACell-12,-0.31125304,6.535551,C-FIB-PATH,Control/Other
FIB,contractile,SDKZ0001::SEACell-13,-0.04589159,7.3802996,C-FIB,Control/Other
FIB,contractile,SDKZ0001::SEACell-14,0.11743309,7.2549467,C-FIB,Control/Other
FIB,contractile,SDKZ0001::SEACell-2,-0.14088781,6.954063,C-FIB-PATH,Control/Other
FIB,contractile,SDKZ0001::SEACell-3,-0.05682554,6.9920907,C-FIB-PATH,Control/Other
FIB,contractile,SDKZ0001::SEACell-4,-0.24445544,7.0846443,C-FIB-PATH,Control/Other
FIB,contractile,SDKZ0001::SEACell-5,0.24155106,7.3186917,C-FIB,Control/Other
FIB,contractile,SDKZ0001::SEACell-6,0.18969059,7.463816,C-FIB-PATH,Control/Other
FIB,contractile,SDKZ0001::SEACell-7,-0.44791493,6.505714,C-FIB-PATH,Control/Other
FIB,contractile,SDKZ0001::SEACell-9,-0.18074797,6.7364035,C-FIB-PATH,Control/Other
FIB,contractile,SDKZ0024::SEACell-0,1.64188,9.825045,C/M-FIB,CKD
FIB,contractile,SDKZ0024::SEACell-1,0.17413233,5.7837768,C-FIB-PATH,CKD
FIB,outer_medullary,164-17::SEACell-0,1.8627844,5.859846,OM-FIB,Control/Other
FIB,outer_medullary,165-10::SEACell-0,1.5142847,-4.3873963,OM-FIB,Control/Other
FIB,outer_medullary,165-10::SEACell-3,1.4452964,-4.284137,OM-FIB,Control/Other
FIB,outer_medullary,165-10::SEACell-4,1.5941547,-3.9711165,OM-FIB,Control/Other
FIB,outer_medullary,165-10::SEACell-5,1.6556798,-4.150749,OM-FIB,Control/Other
FIB,outer_medullary,165-14::mc0,1.0000944,-4.655813,OM-FIB,Control/Other
FIB,outer_medullary,18-162::SEACell-3,2.9179277,-4.5547857,OM-FIB,Control/Other
FIB,outer_medullary,21-020::SEACell-0,1.7714196,-6.875568,OM-FIB,Control/Other
FIB,outer_medullary,21-020::SEACell-11,1.8805431,-7.131928,OM-FIB,Control/Other
FIB,outer_medullary,21-020::SEACell-12,1.1919147,-6.923586,OM-FIB,Control/Other
FIB,outer_medullary,21-020::SEACell-13,2.1744356,-6.442137,OM-FIB,Control/Other
FIB,outer_medullary,21-020::SEACell-14,1.3073554,-6.100514,OM-FIB,Control/Other
FIB,outer_medullary,21-020::SEACell-17,2.0985432,-6.992277,OM-FIB,Control/Other
FIB,outer_medullary,21-020::SEACell-19,1.5979704,-7.203521,OM-FIB,Control/Other
FIB,outer_medullary,21-020::SEACell-20,1.9034896,-6.9096293,OM-FIB,Control/Other
FIB,outer_medullary,21-020::SEACell-22,1.1913192,-6.26875,OM-FIB,Control/Other
FIB,outer_medullary,21-020::SEACell-29,2.3952043,-6.9342847,OM-FIB,Control/Other
FIB,outer_medullary,21-020::SEACell-30,1.7049739,-7.183751,OM-FIB,Control/Other
FIB,outer_medullary,21-020::SEACell-33,1.880109,-6.385752,OM-FIB,Control/Other
FIB,outer_medullary,21-020::SEACell-35,2.1192882,-6.7410207,OM-FIB,Control/Other
FIB,outer_medullary,21-020::SEACell-36,1.4451226,-6.8645735,OM-FIB,Control/Other
FIB,outer_medullary,21-020::SEACell-40,1.2582382,-6.5316916,OM-FIB,Control/Other
FIB,outer_medullary,21-020::SEACell-41,2.2398665,-7.128192,OM-FIB,Control/Other
FIB,outer_medullary,21-020::SEACell-45,1.0958016,-6.4193835,OM-FIB,Control/Other
FIB,outer_medullary,21-020::SEACell-49,1.5049924,-6.68434,OM-FIB,Control/Other
FIB,outer_medullary,21-020::SEACell-8,2.196565,-6.8564496,OM-FIB,Control/Other
FIB,outer_medullary,27-10074::SEACell-2,2.2341318,5.3966355,OM-FIB,CKD
FIB,outer_medullary,27-10074::SEACell-3,2.3160515,5.553695,OM-FIB,CKD
FIB,outer_medullary,28-12579::SEACell-4,4.0363784,6.6457667,dOM-FIB,CKD
FIB,outer_medullary,29-10393::SEACell-0,1.5430567,4.3133807,OM-FIB,CKD
FIB,outer_medullary,29-10393::SEACell-1,1.4736283,4.19371,OM-FIB,CKD
FIB,outer_medullary,29-10393::SEACell-2,1.4991761,4.277429,OM-FIB,CKD
FIB,outer_medullary,29-10393::SEACell-3,1.6933604,3.6201425,OM-FIB,CKD
FIB,outer_medullary,29-10393::SEACell-5,1.6897273,4.217241,OM-FIB,CKD
FIB,outer_medullary,29-10402::SEACell-4,4.243581,6.7416453,dOM-FIB,CKD
FIB,outer_medullary,29-10406::SEACell-1,1.2940524,3.0280387,OM-FIB,CKD
FIB,outer_medullary,29-10406::SEACell-2,1.3117442,3.1928546,OM-FIB,CKD
FIB,outer_medullary,29-10406::SEACell-3,1.4498181,3.112105,OM-FIB,CKD
FIB,outer_medullary,29-10406::SEACell-4,1.1330652,2.7632985,OM-FIB,CKD
FIB,outer_medullary,29-10439::mc0,4.4480624,6.981791,dOM-FIB,CKD
FIB,outer_medullary,30-10044::SEACell-0,1.8883502,5.0064454,OM-FIB,AKI
FIB,outer_medullary,30-11081::SEACell-0,2.3027308,6.335305,OM-FIB,AKI
FIB,outer_medullary,31-10001::SEACell-1,1.3361434,6.0236096,OM-FIB,CKD
FIB,outer_medullary,31-10001::SEACell-4,0.2938731,5.3036394,OM-FIB,CKD
FIB,outer_medullary,31-10001::SEACell-6,1.8252192,6.2071867,OM-FIB,CKD
FIB,outer_medullary,31-10006::SEACell-2,0.6380085,4.778882,OM-FIB,CKD
FIB,outer_medullary,31-10063::SEACell-0,0.55863327,5.767474,OM-FIB,CKD
FIB,outer_medullary,31-10063::SEACell-1,0.4458584,5.895438,OM-FIB,CKD
FIB,outer_medullary,31-10063::SEACell-2,0.29874492,5.5278845,OM-FIB,CKD
FIB,outer_medullary,31-10063::SEACell-3,0.15315259,5.932316,OM-FIB,CKD
FIB,outer_medullary,31-10063::SEACell-4,0.32853755,5.885838,OM-FIB,CKD
FIB,outer_medullary,31-10063::SEACell-6,0.77461743,5.3098807,OM-FIB,CKD
FIB,outer_medullary,31-10063::SEACell-7,0.41629833,5.357978,OM-FIB,CKD
FIB,outer_medullary,31-10063::SEACell-9,0.20800807,5.429297,OM-FIB,CKD
FIB,outer_medullary,31-10078::SEACell-2,4.5966864,7.0590405,dOM-FIB,CKD
FIB,outer_medullary,31-10090::SEACell-0,0.6848496,5.600734,OM-FIB,CKD
FIB,outer_medullary,31-10090::SEACell-2,2.2274642,5.82616,OM-FIB,CKD
FIB,outer_medullary,31-10210::SEACell-1,1.5973992,5.969988,OM-FIB,CKD
FIB,outer_medullary,31-10210::SEACell-2,1.6956563,5.9604053,OM-FIB,CKD
FIB,outer_medullary,31-10210::SEACell-3,1.4938481,5.493559,OM-FIB,CKD
FIB,outer_medullary,31-10210::SEACell-7,1.7983469,5.825465,OM-FIB,CKD
FIB,outer_medullary,31-10210::SEACell-8,1.6361912,6.153182,OM-FIB,CKD
FIB,outer_medullary,33-10005::SEACell-2,1.7066344,4.6513996,OM-FIB,AKI
FIB,outer_medullary,33-10005::SEACell-4,1.8421791,4.782475,OM-FIB,AKI
FIB,outer_medullary,34-10184::SEACell-0,0.48165724,6.3038588,OM-FIB,AKI
FIB,outer_medullary,34-10184::SEACell-1,0.7367208,5.798192,OM-FIB,AKI
FIB,outer_medullary,34-10184::SEACell-7,0.8882461,6.2034926,OM-FIB,AKI
FIB,outer_medullary,34-10306::SEACell-0,5.172634,7.3200974,dOM-FIB,AKI
FIB,outer_medullary,34-10306::SEACell-10,5.1187606,7.0245786,dOM-FIB,AKI
FIB,outer_medullary,34-10306::SEACell-12,4.966223,7.361055,dOM-FIB,AKI
FIB,outer_medullary,34-10306::SEACell-13,3.4011495,6.4609613,dOM-FIB,AKI
FIB,outer_medullary,34-10306::SEACell-14,4.9522996,6.9550014,dOM-FIB,AKI
FIB,outer_medullary,34-10306::SEACell-15,5.2948136,7.09077,dOM-FIB,AKI
FIB,outer_medullary,34-10306::SEACell-16,5.0828614,7.401518,dOM-FIB,AKI
FIB,outer_medullary,34-10306::SEACell-4,4.8488193,7.2586503,dOM-FIB,AKI
FIB,outer_medullary,34-10306::SEACell-5,4.8526917,7.512546,dOM-FIB,AKI
FIB,outer_medullary,34-10306::SEACell-6,5.2663093,6.916568,dOM-FIB,AKI
FIB,outer_medullary,34-10306::SEACell-7,5.1828885,6.689368,dOM-FIB,AKI
FIB,outer_medullary,3490::SEACell-1,0.7261481,2.6087594,OM-FIB,Control/Other
FIB,outer_medullary,3490::SEACell-2,0.6693888,3.692148,OM-FIB,Control/Other
FIB,outer_medullary,3490::SEACell-3,0.93832886,2.494607,OM-FIB,Control/Other
FIB,outer_medullary,3499::SEACell-2,0.025101349,5.441187,OM-FIB,Control/Other
FIB,outer_medullary,3504::SEACell-0,1.1344701,-3.6312628,OM-FIB,Control/Other
FIB,outer_medullary,3504::SEACell-1,1.5146005,-3.3058367,OM-FIB,Control/Other
FIB,outer_medullary,3535::SEACell-11,0.6690281,-5.388467,OM-FIB,Control/Other
FIB,outer_medullary,3535::SEACell-19,0.72824645,-5.6766014,OM-FIB,Control/Other
FIB,outer_medullary,3579::SEACell-1,2.0592496,-5.5891013,OM-FIB,Control/Other
FIB,outer_medullary,3593::SEACell-0,-3.4234338,4.275184,OM-FIB,Control/Other
FIB,outer_medullary,3593::SEACell-17,-3.5036616,4.500227,OM-FIB,Control/Other
FIB,outer_medullary,3593::SEACell-2,-2.0658474,4.776486,OM-FIB,Control/Other
FIB,outer_medullary,3593::SEACell-21,-1.7815892,4.753903,OM-FIB,Control/Other
FIB,outer_medullary,3593::SEACell-22,-3.0860176,4.3081813,OM-FIB,Control/Other
FIB,outer_medullary,3593::SEACell-26,-3.3261156,3.4221294,OM-FIB,Control/Other
FIB,outer_medullary,3593::SEACell-27,-3.5281754,3.95493,OM-FIB,Control/Other
FIB,outer_medullary,3593::SEACell-3,-3.6799886,2.9975166,OM-FIB,Control/Other
FIB,outer_medullary,3593::SEACell-30,-3.0758653,4.515705,OM-FIB,Control/Other
FIB,outer_medullary,3593::SEACell-31,-3.607038,3.5646214,OM-FIB,Control/Other
FIB,outer_medullary,3593::SEACell-32,-3.111799,4.8090696,OM-FIB,Control/Other
FIB,outer_medullary,3593::SEACell-40,-3.1652865,2.7344344,OM-FIB,Control/Other
FIB,outer_medullary,3593::SEACell-49,-2.890634,4.0916233,OM-FIB,Control/Other
FIB,outer_medullary,3593::SEACell-5,-3.1861641,2.8713636,OM-FIB,Control/Other
FIB,outer_medullary,3593::SEACell-52,-3.290061,3.8521676,OM-FIB,Control/Other
FIB,outer_medullary,3593::SEACell-58,-2.3314204,4.597086,OM-FIB,Control/Other
FIB,outer_medullary,3593::SEACell-60,-3.1898649,4.019671,OM-FIB,Control/Other
FIB,outer_medullary,3593::SEACell-61,-3.5265262,3.7492862,OM-FIB,Control/Other
FIB,outer_medullary,3593::SEACell-62,-3.337041,3.2009408,OM-FIB,Control/Other
FIB,outer_medullary,3593::SEACell-65,-2.4791064,4.73543,OM-FIB,Control/Other
FIB,outer_medullary,3593::SEACell-66,-3.505069,3.3409705,OM-FIB,Control/Other
FIB,outer_medullary,3593::SEACell-7,-3.1459656,4.697287,OM-FIB,Control/Other
FIB,outer_medullary,3593::SEACell-70,-3.790515,3.4414902,OM-FIB,Control/Other
FIB,outer_medullary,3593::SEACell-78,-3.0031123,2.5222394,OM-FIB,Control/Other
FIB,outer_medullary,3593::SEACell-81,-3.5634668,2.866429,OM-FIB,Control/Other
FIB,outer_medullary,3611::SEACell-0,1.4922508,-5.02151,OM-FIB,Control/Other
FIB,outer_medullary,3611::SEACell-1,1.5098222,-5.1541185,OM-FIB,Control/Other
FIB,outer_medullary,3613::SEACell-11,-2.7877045,2.273294,OM-FIB,Control/Other
FIB,outer_medullary,3613::SEACell-12,-2.855943,2.207515,OM-FIB,Control/Other
FIB,outer_medullary,3613::SEACell-20,-2.8989043,2.1670718,OM-FIB,Control/Other
FIB,outer_medullary,3613::SEACell-28,-3.1570568,2.3582637,OM-FIB,Control/Other
FIB,outer_medullary,3620::SEACell-0,1.3420696,-2.9576495,OM-FIB,Control/Other
FIB,outer_medullary,3620::SEACell-1,1.5282551,-2.9246728,OM-FIB,Control/Other
FIB,outer_medullary,3632::SEACell-2,1.3804426,-3.4927108,OM-FIB,Control/Other
FIB,outer_medullary,3632::SEACell-3,1.2455825,-3.41459,OM-FIB,Control/Other
FIB,outer_medullary,3632::SEACell-4,0.79977405,-3.553887,OM-FIB,Control/Other
FIB,outer_medullary,3632::SEACell-5,1.014084,-3.2651527,OM-FIB,Control/Other
FIB,outer_medullary,3632::SEACell-7,1.5100304,-3.7089543,OM-FIB,Control/Other
FIB,outer_medullary,3632::SEACell-8,1.6607585,-3.2833285,OM-FIB,Control/Other
FIB,outer_medullary,3691::SEACell-16,-3.1211538,1.3388269,OM-FIB,Control/Other
FIB,outer_medullary,3693::SEACell-12,-2.2037804,0.7712181,OM-FIB,Control/Other
FIB,outer_medullary,3693::SEACell-16,-1.9003977,0.4054919,OM-FIB,Control/Other
FIB,outer_medullary,3693::SEACell-23,-1.9898851,0.16951935,OM-FIB,Control/Other
FIB,outer_medullary,3704::SEACell-24,-0.087417364,0.49954727,OM-FIB,Control/Other
FIB,outer_medullary,3704::SEACell-32,-0.7443023,1.5039451,OM-FIB,Control/Other
FIB,outer_medullary,3704::SEACell-36,-0.8687653,1.294763,OM-FIB,Control/Other
FIB,outer_medullary,3704::SEACell-44,0.42599416,0.61291873,OM-FIB,Control/Other
FIB,outer_medullary,3711::SEACell-10,0.6730979,1.7035556,OM-FIB,Control/Other
FIB,outer_medullary,3711::SEACell-11,0.6859427,2.149258,OM-FIB,Control/Other
FIB,outer_medullary,3711::SEACell-13,1.0089788,0.85947335,OM-FIB,Control/Other
FIB,outer_medullary,3711::SEACell-14,1.0713686,1.288922,OM-FIB,Control/Other
FIB,outer_medullary,3711::SEACell-15,0.39939955,2.5750973,OM-FIB,Control/Other
FIB,outer_medullary,3711::SEACell-16,-0.72612625,1.8361515,OM-FIB,Control/Other
FIB,outer_medullary,3711::SEACell-17,0.9407664,2.0928204,OM-FIB,Control/Other
FIB,outer_medullary,3711::SEACell-2,-0.22111697,2.430567,OM-FIB,Control/Other
FIB,outer_medullary,3711::SEACell-20,1.1579036,1.7660472,OM-FIB,Control/Other
FIB,outer_medullary,3711::SEACell-22,0.23213728,1.941628,OM-FIB,Control/Other
FIB,outer_medullary,3711::SEACell-24,0.13306008,2.0457366,OM-FIB,Control/Other
FIB,outer_medullary,3711::SEACell-25,-0.2624005,1.9568416,OM-FIB,Control/Other
FIB,outer_medullary,3711::SEACell-26,0.8081629,2.04173,OM-FIB,Control/Other
FIB,outer_medullary,3711::SEACell-3,-0.17095062,2.6839797,OM-FIB,Control/Other
FIB,outer_medullary,3711::SEACell-31,0.022659622,1.7464305,OM-FIB,Control/Other
FIB,outer_medullary,3711::SEACell-6,-0.28842828,2.302535,OM-FIB,Control/Other
FIB,outer_medullary,3711::SEACell-7,-0.70252955,1.6733403,OM-FIB,Control/Other
FIB,outer_medullary,3711::SEACell-9,-0.44999906,2.089237,OM-FIB,Control/Other
FIB,outer_medullary,3712::SEACell-18,0.12969743,-5.212707,OM-FIB,Control/Other
FIB,outer_medullary,3712::SEACell-19,0.35730436,-4.4483457,OM-FIB,Control/Other
FIB,outer_medullary,3712::SEACell-2,0.15859789,-3.7360723,OM-FIB,Control/Other
FIB,outer_medullary,3712::SEACell-22,-0.1312333,-4.9200144,OM-FIB,Control/Other
FIB,outer_medullary,3712::SEACell-24,0.2264762,-4.660486,OM-FIB,Control/Other
FIB,outer_medullary,3712::SEACell-25,0.3172736,-4.7900186,OM-FIB,Control/Other
FIB,outer_medullary,3712::SEACell-28,0.07066513,-5.234472,OM-FIB,Control/Other
FIB,outer_medullary,3712::SEACell-3,0.5442676,-5.061314,OM-FIB,Control/Other
FIB,outer_medullary,3712::SEACell-30,0.45198274,-5.157808,OM-FIB,Control/Other
FIB,outer_medullary,3712::SEACell-5,0.21357471,-5.1461325,OM-FIB,Control/Other
FIB,outer_medullary,3712::SEACell-6,-0.3455397,-4.8180285,OM-FIB,Control/Other
FIB,outer_medullary,3715::SEACell-6,-3.3213403,1.3086027,OM-FIB,Control/Other
FIB,outer_medullary,3716::SEACell-1,1.5913243,-0.6728696,OM-FIB,CKD
FIB,outer_medullary,3716::SEACell-14,0.16902943,4.102933,OM-FIB,CKD
FIB,outer_medullary,3716::SEACell-18,1.5478414,-0.93359995,OM-FIB,CKD
FIB,outer_medullary,3716::SEACell-23,-0.04720807,3.834261,OM-FIB,CKD
FIB,outer_medullary,3723::SEACell-27,-1.7281308,0.5376962,OM-FIB,Control/Other
FIB,outer_medullary,3728::SEACell-4,1.7098472,-5.886243,OM-FIB,Control/Other
FIB,outer_medullary,3728::SEACell-6,1.5845065,-5.593122,OM-FIB,Control/Other
FIB,outer_medullary,3778::SEACell-1,-0.26399407,2.9000301,OM-FIB,Control/Other
FIB,outer_medullary,3778::SEACell-11,-0.9015969,2.474977,OM-FIB,Control/Other
FIB,outer_medullary,3778::SEACell-13,1.3345709,1.0611453,OM-FIB,Control/Other
FIB,outer_medullary,3778::SEACell-16,-0.10147482,2.1589844,OM-FIB,Control/Other
FIB,outer_medullary,3778::SEACell-18,1.5505022,1.2235656,OM-FIB,Control/Other
FIB,outer_medullary,3778::SEACell-20,0.121569484,2.3539658,OM-FIB,Control/Other
FIB,outer_medullary,3778::SEACell-23,-0.731512,2.618316,OM-FIB,Control/Other
FIB,outer_medullary,3778::SEACell-24,0.5841821,1.5177093,OM-FIB,Control/Other
FIB,outer_medullary,3778::SEACell-27,-1.0089952,2.3931777,OM-FIB,Control/Other
FIB,outer_medullary,3778::SEACell-28,-1.3928773,2.2414308,OM-FIB,Control/Other
FIB,outer_medullary,3778::SEACell-32,1.5443946,6.367501,OM-FIB,Control/Other
FIB,outer_medullary,3778::SEACell-39,1.2760082,0.78697205,OM-FIB,Control/Other
FIB,outer_medullary,3778::SEACell-5,-1.4646096,2.1764903,OM-FIB,Control/Other
FIB,outer_medullary,3778::SEACell-8,1.8382568,0.9410175,OM-FIB,Control/Other
FIB,outer_medullary,3778::SEACell-9,-0.5165662,2.5462549,OM-FIB,Control/Other
FIB,outer_medullary,3781::SEACell-0,0.7408584,-1.402008,OM-FIB,Control/Other
FIB,outer_medullary,3781::SEACell-1,-0.60236335,-0.54090166,OM-FIB,Control/Other
FIB,outer_medullary,3781::SEACell-10,0.6710658,-0.96938574,OM-FIB,Control/Other
FIB,outer_medullary,3781::SEACell-12,0.8840337,-0.94921553,OM-FIB,Control/Other
FIB,outer_medullary,3781::SEACell-14,-0.2817488,-0.45723483,OM-FIB,Control/Other
FIB,outer_medullary,3781::SEACell-15,-1.0123811,-0.55335826,OM-FIB,Control/Other
FIB,outer_medullary,3781::SEACell-18,-0.8229037,-0.4596556,OM-FIB,Control/Other
FIB,outer_medullary,3781::SEACell-2,-2.190882,1.8044652,OM-FIB,Control/Other
FIB,outer_medullary,3781::SEACell-23,1.3282869,-1.235333,OM-FIB,Control/Other
FIB,outer_medullary,3781::SEACell-27,0.9735534,-1.036269,OM-FIB,Control/Other
FIB,outer_medullary,3781::SEACell-28,0.042604763,-0.90437675,OM-FIB,Control/Other
FIB,outer_medullary,3781::SEACell-3,0.32276395,-0.62230104,OM-FIB,Control/Other
FIB,outer_medullary,3781::SEACell-33,0.6019558,-1.1606163,OM-FIB,Control/Other
FIB,outer_medullary,3781::SEACell-35,-0.7313006,-0.25237718,OM-FIB,Control/Other
FIB,outer_medullary,3781::SEACell-4,0.30496645,-1.0355574,OM-FIB,Control/Other
FIB,outer_medullary,3781::SEACell-6,-0.054695867,-1.2068939,OM-FIB,Control/Other
FIB,outer_medullary,3781::SEACell-9,-0.21819937,-0.7099612,OM-FIB,Control/Other
FIB,outer_medullary,3782::SEACell-0,1.2448039,-1.5290489,OM-FIB,AKI
FIB,outer_medullary,3782::SEACell-1,-0.06751494,-1.6742389,OM-FIB,AKI
FIB,outer_medullary,3782::SEACell-10,-0.40766925,-1.2333014,OM-FIB,AKI
FIB,outer_medullary,3782::SEACell-12,-0.018998645,-1.897213,OM-FIB,AKI
FIB,outer_medullary,3782::SEACell-13,0.21852927,-1.7396472,OM-FIB,AKI
FIB,outer_medullary,3782::SEACell-15,1.0667672,-1.5772978,OM-FIB,AKI
FIB,outer_medullary,3782::SEACell-17,0.38762766,-1.6391146,OM-FIB,AKI
FIB,outer_medullary,3782::SEACell-21,-1.9968989,-0.95135635,OM-FIB,AKI
FIB,outer_medullary,3782::SEACell-23,0.26546577,-1.9318714,OM-FIB,AKI
FIB,outer_medullary,3782::SEACell-6,0.8346765,-1.8054999,OM-FIB,AKI
FIB,outer_medullary,3782::SEACell-7,0.98380107,-1.8683323,OM-FIB,AKI
FIB,outer_medullary,3800::SEACell-10,0.90019006,-4.856658,OM-FIB,Control/Other
FIB,outer_medullary,3824::SEACell-7,2.8146281,-3.9939766,OM-FIB,Control/Other
FIB,outer_medullary,3824::SEACell-8,1.1146096,-2.368465,OM-FIB,Control/Other
FIB,outer_medullary,3824::SEACell-9,1.3050294,-1.8810273,OM-FIB,Control/Other
FIB,outer_medullary,3825::SEACell-10,-2.2990425,-1.5195556,OM-FIB,Control/Other
FIB,outer_medullary,3825::SEACell-11,-2.4810674,-0.8699759,OM-FIB,Control/Other
FIB,outer_medullary,3825::SEACell-14,-2.1573386,-1.9812081,OM-FIB,Control/Other
FIB,outer_medullary,3825::SEACell-15,-1.7964951,-1.7208301,OM-FIB,Control/Other
FIB,outer_medullary,3825::SEACell-17,-1.908912,-1.2942235,OM-FIB,Control/Other
FIB,outer_medullary,3825::SEACell-18,-1.670875,-1.870186,OM-FIB,Control/Other
FIB,outer_medullary,3825::SEACell-20,-2.071934,-1.7009757,OM-FIB,Control/Other
FIB,outer_medullary,3825::SEACell-22,-2.6546912,-1.3619455,OM-FIB,Control/Other
FIB,outer_medullary,3825::SEACell-26,-2.1387973,-1.3870974,OM-FIB,Control/Other
FIB,outer_medullary,3825::SEACell-27,-1.8841419,-1.4274181,OM-FIB,Control/Other
FIB,outer_medullary,3825::SEACell-3,-2.5533824,-1.8245372,OM-FIB,Control/Other
FIB,outer_medullary,3825::SEACell-5,-2.2018132,-1.7208465,OM-FIB,Control/Other
FIB,outer_medullary,3825::SEACell-6,-1.5482442,-1.6147816,OM-FIB,Control/Other
FIB,outer_medullary,3825::SEACell-7,-2.4240105,-1.993644,OM-FIB,Control/Other
FIB,outer_medullary,3825::SEACell-8,-2.3285222,-1.0951434,OM-FIB,Control/Other
FIB,outer_medullary,3825::SEACell-9,-2.6066096,-1.9584893,OM-FIB,Control/Other
FIB,outer_medullary,3830::mc0,2.0747116,5.1179776,OM-FIB,Control/Other
FIB,outer_medullary,3893::SEACell-1,2.0137599,-5.9936905,OM-FIB,Control/Other
FIB,outer_medullary,3893::SEACell-2,2.7713346,-4.710667,OM-FIB,Control/Other
FIB,outer_medullary,3893::SEACell-4,2.297971,-5.1642227,OM-FIB,Control/Other
FIB,outer_medullary,3893::SEACell-6,2.2453585,-4.745741,OM-FIB,Control/Other
FIB,outer_medullary,3900::SEACell-12,-1.2860883,0.9928652,OM-FIB,Control/Other
FIB,outer_medullary,3900::SEACell-19,-1.1266023,0.71982974,OM-FIB,Control/Other
FIB,outer_medullary,3900::SEACell-20,-0.37108994,0.5701202,OM-FIB,Control/Other
FIB,outer_medullary,3900::SEACell-23,-1.461928,1.231443,OM-FIB,Control/Other
FIB,outer_medullary,3900::SEACell-24,-0.92037255,0.63446575,OM-FIB,Control/Other
FIB,outer_medullary,3900::SEACell-37,-0.43133757,0.38099635,OM-FIB,Control/Other
FIB,outer_medullary,3900::SEACell-55,-0.8216427,0.8933547,OM-FIB,Control/Other
FIB,outer_medullary,3903::SEACell-1,2.3166082,-5.6216426,OM-FIB,CKD
FIB,outer_medullary,3907::SEACell-14,-0.2582241,-4.2762766,OM-FIB,Control/Other
FIB,outer_medullary,3907::SEACell-15,0.05546015,-4.3964753,OM-FIB,Control/Other
FIB,outer_medullary,3907::SEACell-4,-0.18869069,-4.4530725,OM-FIB,Control/Other
FIB,outer_medullary,3907::SEACell-6,-0.31434807,-4.3394465,dOM-FIB,Control/Other
FIB,outer_medullary,3907::SEACell-7,-0.275147,-4.7837334,OM-FIB,Control/Other
FIB,outer_medullary,3916::mc0,2.5816572,-4.4791226,OM-FIB,CKD
FIB,outer_medullary,3948::SEACell-102,0.54371095,-0.21801814,OM-FIB,Control/Other
FIB,outer_medullary,3948::SEACell-2,0.80127674,-0.13079458,OM-FIB,Control/Other
FIB,outer_medullary,3948::SEACell-42,0.30204597,0.057980612,OM-FIB,Control/Other
FIB,outer_medullary,3948::SEACell-55,0.9218307,-0.43052217,OM-FIB,Control/Other
FIB,outer_medullary,3948::SEACell-57,0.26204738,0.25053248,OM-FIB,Control/Other
FIB,outer_medullary,3948::SEACell-58,0.40379694,-0.15773034,OM-FIB,Control/Other
FIB,outer_medullary,3948::SEACell-66,0.5539952,0.21942656,OM-FIB,Control/Other
FIB,outer_medullary,3948::SEACell-69,-0.14218314,0.12637097,OM-FIB,Control/Other
FIB,outer_medullary,3948::SEACell-75,-1.3858379,1.5020221,OM-FIB,Control/Other
FIB,outer_medullary,934-10032::SEACell-2,2.768755,6.081314,OM-FIB,CKD
FIB,outer_medullary,934-10032::SEACell-4,1.3809364,4.936932,OM-FIB,CKD
FIB,outer_medullary,934-10032::SEACell-5,1.3008919,5.086551,OM-FIB,CKD
FIB,outer_medullary,936-10003::SEACell-0,0.8001078,4.042355,OM-FIB,CKD
FIB,outer_medullary,936-10003::SEACell-1,0.65723133,2.9360175,OM-FIB,CKD
FIB,outer_medullary,IU-KRP-429::SEACell-0,-2.090463,-0.024918003,OM-FIB,Control/Other
FIB,outer_medullary,IU-KRP-429::SEACell-10,-1.5859363,1.9162415,OM-FIB,Control/Other
FIB,outer_medullary,IU-KRP-473::SEACell-17,-3.3963284,0.83797896,OM-FIB,Control/Other
FIB,outer_medullary,IU-KRP-473::SEACell-2,-3.0319595,0.8011911,OM-FIB,Control/Other
FIB,outer_medullary,IU-KRP-473::SEACell-23,-3.4808443,0.95074743,OM-FIB,Control/Other
FIB,outer_medullary,IU-KRP-473::SEACell-25,-3.456821,0.9400637,OM-FIB,Control/Other
FIB,outer_medullary,IU-KRP-473::SEACell-26,-3.2668853,1.0703089,OM-FIB,Control/Other
FIB,outer_medullary,KPMP_104::SEACell-3,1.2902057,-5.665087,OM-FIB,Control/Other
FIB,outer_medullary,KRP460::SEACell-2,-2.1878676,0.70458376,OM-FIB,Control/Other
FIB,outer_medullary,KRP460::SEACell-6,-1.8908038,0.9681642,OM-FIB,Control/Other
FIB,outer_medullary,SDKZ0001::SEACell-10,2.392473,-4.2484727,OM-FIB,Control/Other
Glomerular,podocyte_PEC,163-6::mc0,12.408197,8.64753,POD,Control/Other
Glomerular,podocyte_PEC,164-10::SEACell-1,13.110289,6.658651,dPOD,Control/Other
Glomerular,podocyte_PEC,164-10::SEACell-2,3.7725902,2.5038989,PEC,Control/Other
Glomerular,podocyte_PEC,164-10::SEACell-3,3.8018029,3.003288,PEC,Control/Other
Glomerular,podocyte_PEC,164-10::SEACell-4,3.2621875,3.2081873,PEC,Control/Other
Glomerular,podocyte_PEC,164-10::SEACell-5,6.37282,3.3549883,PEC,Control/Other
Glomerular,podocyte_PEC,164-10::SEACell-6,12.015341,5.192592,dPOD,Control/Other
Glomerular,podocyte_PEC,164-10::SEACell-7,3.1665819,2.3347626,PEC,Control/Other
Glomerular,podocyte_PEC,164-10::SEACell-8,14.692364,7.5469313,POD,Control/Other
Glomerular,podocyte_PEC,164-10::SEACell-9,10.870906,7.013614,PEC,Control/Other
Glomerular,podocyte_PEC,164-11::SEACell-1,2.5044014,2.3861868,PEC,Control/Other
Glomerular,podocyte_PEC,164-11::SEACell-2,3.9536338,2.9418812,PEC,Control/Other
Glomerular,podocyte_PEC,164-11::SEACell-3,12.290979,5.0382113,dPOD,Control/Other
Glomerular,podocyte_PEC,164-12::SEACell-1,6.257078,3.520451,PEC,Control/Other
Glomerular,podocyte_PEC,164-12::SEACell-2,4.030941,2.818206,PEC,Control/Other
Glomerular,podocyte_PEC,164-12::SEACell-3,8.806984,5.4017687,POD,Control/Other
Glomerular,podocyte_PEC,164-13::SEACell-0,7.616195,5.28754,PEC,Control/Other
Glomerular,podocyte_PEC,164-14::SEACell-0,7.863969,5.5342774,PEC,Control/Other
Glomerular,podocyte_PEC,164-15::SEACell-0,8.528779,6.2825785,PEC,Control/Other
Glomerular,podocyte_PEC,164-17::mc0,8.631487,6.799208,POD,Control/Other
Glomerular,podocyte_PEC,164-18::SEACell-0,2.9236965,2.1461267,PEC,Control/Other
Glomerular,podocyte_PEC,164-18::SEACell-2,12.790097,4.7215405,dPOD,Control/Other
Glomerular,podocyte_PEC,164-18::SEACell-3,12.338834,4.886529,dPOD,Control/Other
Glomerular,podocyte_PEC,164-18::SEACell-4,3.3371992,2.4679365,PEC,Control/Other
Glomerular,podocyte_PEC,164-18::SEACell-5,0.964838,3.0870624,PEC,Control/Other
Glomerular,podocyte_PEC,164-18::SEACell-6,2.8503704,2.4424636,PEC,Control/Other
Glomerular,podocyte_PEC,164-1::SEACell-3,9.871042,9.298813,POD,Control/Other
Glomerular,podocyte_PEC,164-1::SEACell-5,11.468912,11.337324,POD,Control/Other
Glomerular,podocyte_PEC,164-1::SEACell-6,12.674316,11.047823,POD,Control/Other
Glomerular,podocyte_PEC,164-1::SEACell-7,11.983902,11.604173,POD,Control/Other
Glomerular,podocyte_PEC,164-1::SEACell-8,3.089514,7.964148,PEC,Control/Other
Glomerular,podocyte_PEC,164-1::SEACell-9,12.380917,11.3125305,POD,Control/Other
Glomerular,podocyte_PEC,164-20::mc0,5.7453976,3.9963763,PEC,Control/Other
Glomerular,podocyte_PEC,164-3::SEACell-0,2.4796953,6.286202,PEC,Control/Other
Glomerular,podocyte_PEC,164-3::SEACell-3,12.50964,7.9364424,POD,Control/Other
Glomerular,podocyte_PEC,164-3::SEACell-4,2.2614262,6.4733024,PEC,Control/Other
Glomerular,podocyte_PEC,164-3::SEACell-6,14.904908,8.165547,POD,Control/Other
Glomerular,podocyte_PEC,164-3::SEACell-7,14.799797,8.540791,POD,Control/Other
Glomerular,podocyte_PEC,164-5::SEACell-0,2.6828601,6.244244,PEC,Control/Other
Glomerular,podocyte_PEC,164-5::SEACell-2,14.687393,8.420297,POD,Control/Other
Glomerular,podocyte_PEC,164-5::SEACell-3,14.262719,8.938274,POD,Control/Other
Glomerular,podocyte_PEC,164-6::SEACell-2,14.750366,8.077469,POD,Control/Other
Glomerular,podocyte_PEC,164-6::SEACell-3,5.964444,4.310582,PEC,Control/Other
Glomerular,podocyte_PEC,164-6::SEACell-4,1.9097408,7.058319,PEC,Control/Other
Glomerular,podocyte_PEC,164-6::SEACell-7,14.76043,8.307768,POD,Control/Other
Glomerular,podocyte_PEC,164-6::SEACell-8,13.166091,10.76748,POD,Control/Other
Glomerular,podocyte_PEC,164-6::SEACell-9,1.9405835,7.76111,PEC,Control/Other
Glomerular,podocyte_PEC,164-7::SEACell-1,2.9548302,8.191769,PEC,Control/Other
Glomerular,podocyte_PEC,164-7::SEACell-2,2.3847458,8.308003,PEC,Control/Other
Glomerular,podocyte_PEC,164-7::SEACell-4,12.657382,11.207466,POD,Control/Other
Glomerular,podocyte_PEC,164-8::SEACell-0,14.831444,8.435546,POD,Control/Other
Glomerular,podocyte_PEC,164-8::SEACell-3,2.4747617,6.6572967,PEC,Control/Other
Glomerular,podocyte_PEC,165-10::mc0,4.9219327,6.2570004,PEC,Control/Other
Glomerular,podocyte_PEC,165-11::SEACell-0,2.9134226,3.772486,PEC,Control/Other
Glomerular,podocyte_PEC,165-11::SEACell-2,8.832165,5.2869296,PEC,Control/Other
Glomerular,podocyte_PEC,165-11::SEACell-3,2.861507,3.729904,PEC,Control/Other
Glomerular,podocyte_PEC,165-13::SEACell-0,5.051007,3.3387313,PEC,Control/Other
Glomerular,podocyte_PEC,165-15::SEACell-0,9.268063,5.8203115,POD,Control/Other
Glomerular,podocyte_PEC,165-7::SEACell-0,2.7778614,7.4661665,PEC,Control/Other
Glomerular,podocyte_PEC,165-7::SEACell-2,12.321353,11.419093,POD,Control/Other
Glomerular,podocyte_PEC,165-7::SEACell-3,14.830395,8.939401,POD,Control/Other
Glomerular,podocyte_PEC,165-7::SEACell-4,14.523361,8.718013,POD,Control/Other
Glomerular,podocyte_PEC,165-7::SEACell-5,6.0988426,3.4335115,PEC,Control/Other
Glomerular,podocyte_PEC,165-7::SEACell-6,2.8354506,7.932951,PEC,Control/Other
Glomerular,podocyte_PEC,165-7::SEACell-7,14.3075905,9.73945,POD,Control/Other
Glomerular,podocyte_PEC,165-9::mc0,5.1241612,6.1267,POD,Control/Other
Glomerular,podocyte_PEC,18-142::SEACell-2,2.7067354,7.1244035,PEC,Control/Other
Glomerular,podocyte_PEC,18-142::SEACell-3,12.914542,10.477188,POD,Control/Other
Glomerular,podocyte_PEC,18-162::SEACell-0,10.407022,6.8813868,dPOD,Control/Other
Glomerular,podocyte_PEC,18-162::SEACell-2,3.0967588,6.990579,PEC,Control/Other
Glomerular,podocyte_PEC,18-162::SEACell-3,14.427347,7.642645,POD,Control/Other
Glomerular,podocyte_PEC,18-312::SEACell-1,1.276854,5.8939548,PEC,Control/Other
Glomerular,podocyte_PEC,18-312::SEACell-10,14.294731,7.00858,POD,Control/Other
Glomerular,podocyte_PEC,18-312::SEACell-11,1.0195305,5.8231373,PEC,Control/Other
Glomerular,podocyte_PEC,18-312::SEACell-3,14.197166,7.194124,POD,Control/Other
Glomerular,podocyte_PEC,18-312::SEACell-7,1.0244824,5.989158,PEC,Control/Other
Glomerular,podocyte_PEC,18-312::SEACell-8,13.901437,8.111992,POD,Control/Other
Glomerular,podocyte_PEC,18-312::SEACell-9,11.048157,6.0228553,dPOD,Control/Other
Glomerular,podocyte_PEC,21-015::SEACell-1,14.064297,5.4601603,dPOD,Control/Other
Glomerular,podocyte_PEC,21-015::SEACell-10,14.687429,6.9073095,POD,Control/Other
Glomerular,podocyte_PEC,21-015::SEACell-12,1.0949175,3.340233,PEC,Control/Other
Glomerular,podocyte_PEC,21-015::SEACell-13,0.82116276,3.2372456,PEC,Control/Other
Glomerular,podocyte_PEC,21-015::SEACell-15,14.629602,6.183829,POD,Control/Other
Glomerular,podocyte_PEC,21-015::SEACell-17,1.5740646,5.147953,PEC,Control/Other
Glomerular,podocyte_PEC,21-015::SEACell-18,14.725742,6.5170546,POD,Control/Other
Glomerular,podocyte_PEC,21-015::SEACell-20,1.7353227,5.099268,PEC,Control/Other
Glomerular,podocyte_PEC,21-015::SEACell-21,14.416103,5.714828,dPOD,Control/Other
Glomerular,podocyte_PEC,21-015::SEACell-24,0.859592,2.874188,PEC,Control/Other
Glomerular,podocyte_PEC,21-015::SEACell-3,14.304247,5.742597,POD,Control/Other
Glomerular,podocyte_PEC,21-015::SEACell-4,1.5974305,5.569788,PEC,Control/Other
Glomerular,podocyte_PEC,21-015::SEACell-5,1.0024915,3.020419,PEC,Control/Other
Glomerular,podocyte_PEC,21-015::SEACell-6,9.807826,7.257309,POD,Control/Other
Glomerular,podocyte_PEC,21-015::SEACell-7,1.4899035,5.353077,PEC,Control/Other
Glomerular,podocyte_PEC,21-015::SEACell-9,1.6286495,5.4608016,PEC,Control/Other
Glomerular,podocyte_PEC,21-016::SEACell-0,13.298512,8.369578,POD,Control/Other
Glomerular,podocyte_PEC,21-016::SEACell-1,14.236162,5.5235605,dPOD,Control/Other
Glomerular,podocyte_PEC,21-016::SEACell-3,2.302116,3.9884303,PEC,Control/Other
Glomerular,podocyte_PEC,21-019::SEACell-0,12.086918,10.986243,POD,Control/Other
Glomerular,podocyte_PEC,21-019::SEACell-10,13.6280985,7.7018833,POD,Control/Other
Glomerular,podocyte_PEC,21-019::SEACell-11,11.752798,10.719457,POD,Control/Other
Glomerular,podocyte_PEC,21-019::SEACell-12,2.571909,7.5365853,PEC,Control/Other
Glomerular,podocyte_PEC,21-019::SEACell-14,2.4475112,7.36976,PEC,Control/Other
Glomerular,podocyte_PEC,21-019::SEACell-15,4.088581,4.3138537,PEC,Control/Other
Glomerular,podocyte_PEC,21-019::SEACell-16,6.681628,5.0164385,dPOD,Control/Other
Glomerular,podocyte_PEC,21-019::SEACell-17,11.725821,10.955113,POD,Control/Other
Glomerular,podocyte_PEC,21-019::SEACell-2,12.851008,5.2253733,dPOD,Control/Other
Glomerular,podocyte_PEC,21-019::SEACell-20,2.9341254,7.5182,PEC,Control/Other
Glomerular,podocyte_PEC,21-019::SEACell-21,3.0373492,7.140791,PEC,Control/Other
Glomerular,podocyte_PEC,21-019::SEACell-22,8.967685,8.232863,POD,Control/Other
Glomerular,podocyte_PEC,21-019::SEACell-23,3.719506,3.970838,PEC,Control/Other
Glomerular,podocyte_PEC,21-019::SEACell-24,11.788869,10.905282,POD,Control/Other
Glomerular,podocyte_PEC,21-019::SEACell-28,12.923376,7.0712867,POD,Control/Other
Glomerular,podocyte_PEC,21-019::SEACell-5,13.154653,7.0532336,POD,Control/Other
Glomerular,podocyte_PEC,21-019::SEACell-6,12.978673,4.8404937,dPOD,Control/Other
Glomerular,podocyte_PEC,21-019::SEACell-7,12.87309,6.116223,POD,Control/Other
Glomerular,podocyte_PEC,21-020::SEACell-0,13.389513,7.691215,POD,Control/Other
Glomerular,podocyte_PEC,21-020::SEACell-12,12.807275,6.454079,dPOD,Control/Other
Glomerular,podocyte_PEC,21-020::SEACell-16,11.377266,10.443906,POD,Control/Other
Glomerular,podocyte_PEC,21-020::SEACell-18,3.2909684,6.6602316,PEC,Control/Other
Glomerular,podocyte_PEC,21-020::SEACell-2,11.90138,9.808901,POD,Control/Other
Glomerular,podocyte_PEC,21-020::SEACell-5,11.369709,10.800467,POD,Control/Other
Glomerular,podocyte_PEC,21-020::SEACell-6,2.0714815,6.428087,PEC,Control/Other
Glomerular,podocyte_PEC,21-020::SEACell-7,3.7773323,6.8649435,PEC,Control/Other
Glomerular,podocyte_PEC,21-020::SEACell-8,11.371052,10.403417,POD,Control/Other
Glomerular,podocyte_PEC,21-020::SEACell-9,11.848957,10.273506,POD,Control/Other
Glomerular,podocyte_PEC,21-021::SEACell-0,10.999508,8.249747,PEC,Control/Other
Glomerular,podocyte_PEC,27-10039::SEACell-0,11.78979,9.0330925,POD,CKD
Glomerular,podocyte_PEC,27-10039::SEACell-3,10.247439,8.855502,POD,CKD
Glomerular,podocyte_PEC,27-10041::SEACell-1,14.034555,8.303562,POD,CKD
Glomerular,podocyte_PEC,27-10041::SEACell-5,0.9928983,6.6956363,PEC,CKD
Glomerular,podocyte_PEC,27-10041::SEACell-6,13.701827,8.63195,POD,CKD
Glomerular,podocyte_PEC,27-10041::SEACell-7,13.898456,6.5785866,POD,CKD
Glomerular,podocyte_PEC,27-10043::SEACell-2,13.869459,8.687011,POD,CKD
Glomerular,podocyte_PEC,27-10043::SEACell-3,0.72547024,6.8869143,PEC,CKD
Glomerular,podocyte_PEC,27-10043::SEACell-4,13.702324,7.331814,dPOD,CKD
Glomerular,podocyte_PEC,27-10043::SEACell-7,14.03778,8.493107,POD,CKD
Glomerular,podocyte_PEC,27-10074::SEACell-0,10.0429535,8.463921,PEC,CKD
Glomerular,podocyte_PEC,27-10088::SEACell-0,10.795196,9.892867,POD,Control/Other
Glomerular,podocyte_PEC,27-10088::SEACell-1,3.806855,6.9958215,PEC,Control/Other
Glomerular,podocyte_PEC,27-10089::SEACell-1,10.509115,9.00207,POD,Control/Other
Glomerular,podocyte_PEC,27-10094::SEACell-0,11.25943,9.092916,POD,CKD
Glomerular,podocyte_PEC,27-10104::SEACell-1,10.378226,8.764428,POD,CKD
Glomerular,podocyte_PEC,27-10154::SEACell-1,10.088847,7.0411773,POD,CKD
Glomerular,podocyte_PEC,27-10154::SEACell-2,2.0889223,4.6921005,PEC,CKD
Glomerular,podocyte_PEC,27-10163::SEACell-0,3.6426587,3.2810488,PEC,Control/Other
Glomerular,podocyte_PEC,27-10163::SEACell-2,12.514891,5.5196323,dPOD,Control/Other
Glomerular,podocyte_PEC,27-10165::SEACell-0,2.1003973,2.7559314,PEC,Control/Other
Glomerular,podocyte_PEC,27-10165::SEACell-1,8.840711,6.251183,dPOD,Control/Other
Glomerular,podocyte_PEC,27-10166::SEACell-0,9.378563,6.305444,dPOD,Control/Other
Glomerular,podocyte_PEC,27-10166::SEACell-1,4.234114,3.1317823,PEC,Control/Other
Glomerular,podocyte_PEC,27-10171::SEACell-0,12.172113,5.155743,dPOD,Control/Other
Glomerular,podocyte_PEC,27-10171::SEACell-1,4.63168,3.28447,PEC,Control/Other
Glomerular,podocyte_PEC,27-10171::SEACell-2,2.7247467,2.3902533,PEC,Control/Other
Glomerular,podocyte_PEC,27-10185::SEACell-0,7.516651,5.907238,PEC,Control/Other
Glomerular,podocyte_PEC,27-10201::SEACell-0,7.5837116,5.395302,PEC,Control/Other
Glomerular,podocyte_PEC,27-10206::SEACell-1,2.7496612,3.5626864,PEC,Control/Other
Glomerular,podocyte_PEC,27-10207::mc0,7.463943,5.544533,PEC,Control/Other
Glomerular,podocyte_PEC,27-10231::SEACell-0,7.8148794,6.7344537,PEC,Control/Other
Glomerular,podocyte_PEC,28-10051::SEACell-0,12.552467,8.191099,dPOD,CKD
Glomerular,podocyte_PEC,28-10051::SEACell-3,13.299434,8.631823,POD,CKD
Glomerular,podocyte_PEC,28-10051::SEACell-4,0.92637914,6.5887294,PEC,CKD
Glomerular,podocyte_PEC,28-10051::SEACell-5,14.349954,8.07632,POD,CKD
Glomerular,podocyte_PEC,28-10109::SEACell-1,13.388324,7.0789337,POD,CKD
Glomerular,podocyte_PEC,28-10109::SEACell-10,0.5603413,6.0075874,PEC,CKD
Glomerular,podocyte_PEC,28-10109::SEACell-2,0.4742662,5.9773545,PEC,CKD
Glomerular,podocyte_PEC,28-10109::SEACell-4,9.341545,7.998607,PEC,CKD
Glomerular,podocyte_PEC,28-10109::SEACell-5,0.37899163,6.313993,PEC,CKD
Glomerular,podocyte_PEC,28-10109::SEACell-8,6.6671996,5.4308825,dPOD,CKD
Glomerular,podocyte_PEC,28-10109::SEACell-9,12.871514,8.7342615,POD,CKD
Glomerular,podocyte_PEC,28-11515::mc0,7.559448,5.8032064,PEC,CKD
Glomerular,podocyte_PEC,28-12265::SEACell-0,8.352139,5.798943,PEC,CKD
Glomerular,podocyte_PEC,28-12372::SEACell-0,7.84773,6.3178306,PEC,CKD
Glomerular,podocyte_PEC,28-12412::SEACell-0,13.269074,6.980581,POD,CKD
Glomerular,podocyte_PEC,28-12412::SEACell-1,13.102791,8.713006,POD,CKD
Glomerular,podocyte_PEC,28-12412::SEACell-2,1.5066688,5.724692,PEC,CKD
Glomerular,podocyte_PEC,28-12510::mc0,6.9499173,4.925786,POD,CKD
Glomerular,podocyte_PEC,28-12558::SEACell-0,10.041778,6.7201886,dPOD,CKD
Glomerular,podocyte_PEC,28-12558::SEACell-2,1.1275278,5.4210863,PEC,CKD
Glomerular,podocyte_PEC,28-12558::SEACell-3,2.2047682,5.2571535,PEC,CKD
Glomerular,podocyte_PEC,28-12579::SEACell-1,9.791839,6.5150123,POD,CKD
Glomerular,podocyte_PEC,29-10006::mc0,9.167902,7.842931,POD,CKD
Glomerular,podocyte_PEC,29-10008::SEACell-1,1.3709096,6.4526143,PEC,CKD
Glomerular,podocyte_PEC,29-10008::SEACell-2,13.62778,8.601541,POD,CKD
Glomerular,podocyte_PEC,29-10008::SEACell-3,13.972608,8.363358,POD,CKD
Glomerular,podocyte_PEC,29-10010::SEACell-0,9.109562,8.779577,POD,CKD
Glomerular,podocyte_PEC,29-10011::SEACell-0,0.49541727,5.830832,PEC,CKD
Glomerular,podocyte_PEC,29-10011::SEACell-1,6.2952724,4.256192,PEC,CKD
Glomerular,podocyte_PEC,29-10011::SEACell-2,11.747161,8.838761,POD,CKD
Glomerular,podocyte_PEC,29-10011::SEACell-3,0.42396626,6.320775,PEC,CKD
Glomerular,podocyte_PEC,29-10012::SEACell-1,1.5442389,6.282476,PEC,CKD
Glomerular,podocyte_PEC,29-10012::SEACell-2,11.361307,9.067803,POD,CKD
Glomerular,podocyte_PEC,29-10013::SEACell-0,10.2666445,8.284793,POD,CKD
Glomerular,podocyte_PEC,29-10016::SEACell-0,12.186779,9.87603,POD,CKD
Glomerular,podocyte_PEC,29-10016::SEACell-5,11.541027,9.788423,POD,CKD
Glomerular,podocyte_PEC,29-10016::SEACell-6,1.1155784,7.3827534,PEC,CKD
Glomerular,podocyte_PEC,29-10016::SEACell-7,12.791023,8.894329,POD,CKD
Glomerular,podocyte_PEC,29-10276::SEACell-2,1.4802569,7.7805676,PEC,CKD
Glomerular,podocyte_PEC,29-10276::SEACell-4,1.371646,7.6236887,PEC,CKD
Glomerular,podocyte_PEC,29-10276::SEACell-6,12.688752,10.007273,POD,CKD
Glomerular,podocyte_PEC,29-10276::SEACell-7,13.315473,9.185177,POD,CKD
Glomerular,podocyte_PEC,29-10277::SEACell-0,12.549699,8.880959,POD,CKD
Glomerular,podocyte_PEC,29-10277::SEACell-2,1.3481166,6.956264,PEC,CKD
Glomerular,podocyte_PEC,29-10277::SEACell-4,12.082212,9.498117,POD,CKD
Glomerular,podocyte_PEC,29-10280::SEACell-1,11.821388,8.934631,POD,CKD
Glomerular,podocyte_PEC,29-10380::SEACell-1,12.501254,7.7597866,dPOD,CKD
Glomerular,podocyte_PEC,29-10380::SEACell-3,13.166754,9.348152,POD,CKD
Glomerular,podocyte_PEC,29-10380::SEACell-4,1.2400365,7.114167,PEC,CKD
Glomerular,podocyte_PEC,29-10395::mc0,8.020673,6.304444,PEC,CKD
Glomerular,podocyte_PEC,29-10399::SEACell-0,8.235626,5.5966215,PEC,CKD
Glomerular,podocyte_PEC,29-10400::SEACell-0,10.353264,8.691634,POD,CKD
Glomerular,podocyte_PEC,29-10402::SEACell-0,9.613329,6.6439586,POD,CKD
Glomerular,podocyte_PEC,29-10402::SEACell-3,2.6442869,4.3982153,PEC,CKD
Glomerular,podocyte_PEC,29-10404::SEACell-0,1.8552525,2.5861979,PEC,CKD
Glomerular,podocyte_PEC,29-10404::SEACell-1,9.778649,6.168174,dPOD,CKD
Glomerular,podocyte_PEC,29-10406::mc0,6.077489,6.1921425,PEC,CKD
Glomerular,podocyte_PEC,29-10422::mc0,7.2984185,5.5969853,PEC,CKD
Glomerular,podocyte_PEC,29-10439::mc0,2.2583332,4.4648886,PEC,CKD
Glomerular,podocyte_PEC,29-10662::SEACell-0,1.9192089,5.2983203,PEC,CKD
Glomerular,podocyte_PEC,29-10662::SEACell-3,9.899773,6.849435,POD,CKD
Glomerular,podocyte_PEC,30-10018::SEACell-0,11.241921,9.011951,POD,AKI
Glomerular,podocyte_PEC,30-10018::SEACell-1,6.500505,5.590024,PEC,AKI
Glomerular,podocyte_PEC,30-10034::SEACell-0,1.7790674,6.210297,PEC,AKI
Glomerular,podocyte_PEC,30-10034::SEACell-1,12.9240885,8.240424,POD,AKI
Glomerular,podocyte_PEC,30-10044::SEACell-0,8.040672,7.915543,PEC,AKI
Glomerular,podocyte_PEC,30-10044::SEACell-1,10.774988,9.687352,POD,AKI
Glomerular,podocyte_PEC,30-10125::SEACell-0,7.1850743,6.5925527,PEC,AKI
Glomerular,podocyte_PEC,30-10631::SEACell-0,6.6750956,4.915459,PEC,AKI
Glomerular,podocyte_PEC,30-10631::SEACell-1,14.068819,6.147952,POD,AKI
Glomerular,podocyte_PEC,30-10631::SEACell-10,1.1250045,5.187425,PEC,AKI
Glomerular,podocyte_PEC,30-10631::SEACell-11,1.484403,4.2972207,PEC,AKI
Glomerular,podocyte_PEC,30-10631::SEACell-15,0.23090966,6.1185155,PEC,AKI
Glomerular,podocyte_PEC,30-10631::SEACell-18,1.2254437,6.1470933,PEC,AKI
Glomerular,podocyte_PEC,30-10631::SEACell-2,13.798467,7.1942687,POD,AKI
Glomerular,podocyte_PEC,30-10631::SEACell-20,14.287908,7.241032,POD,AKI
Glomerular,podocyte_PEC,30-10631::SEACell-4,13.391946,5.3364863,dPOD,AKI
Glomerular,podocyte_PEC,30-10631::SEACell-5,0.8585971,5.384425,PEC,AKI
Glomerular,podocyte_PEC,30-10631::SEACell-6,14.03522,7.4601407,POD,AKI
Glomerular,podocyte_PEC,30-10631::SEACell-7,13.237071,8.459657,POD,AKI
Glomerular,podocyte_PEC,30-10929::SEACell-1,11.532463,8.316169,POD,AKI
Glomerular,podocyte_PEC,30-10929::SEACell-3,1.719136,5.901819,PEC,AKI
Glomerular,podocyte_PEC,30-11051::mc0,8.19292,6.6085267,PEC,AKI
Glomerular,podocyte_PEC,30-11080::SEACell-0,8.440755,7.029675,PEC,AKI
Glomerular,podocyte_PEC,30-11081::mc0,8.86236,6.5663576,POD,AKI
Glomerular,podocyte_PEC,30-11084::SEACell-0,4.6406937,4.7015204,PEC,AKI
Glomerular,podocyte_PEC,30-11084::SEACell-1,11.379514,5.6209936,dPOD,AKI
Glomerular,podocyte_PEC,30-11084::SEACell-2,3.6914916,2.6343505,PEC,AKI
Glomerular,podocyte_PEC,31-10000::mc0,9.933042,8.067331,PEC,CKD
Glomerular,podocyte_PEC,31-10001::SEACell-0,9.086228,8.054724,POD,CKD
Glomerular,podocyte_PEC,31-10035::SEACell-0,1.7334529,7.841243,PEC,CKD
Glomerular,podocyte_PEC,31-10035::SEACell-2,11.367392,9.308394,POD,CKD
Glomerular,podocyte_PEC,31-10035::SEACell-3,6.762792,5.1380672,POD,CKD
Glomerular,podocyte_PEC,31-10035::SEACell-4,7.0363116,4.8882036,dPOD,CKD
Glomerular,podocyte_PEC,31-10035::SEACell-5,12.480282,9.145351,POD,CKD
Glomerular,podocyte_PEC,31-10035::SEACell-6,6.6867743,4.302109,POD,CKD
Glomerular,podocyte_PEC,31-10035::SEACell-7,8.7648535,8.330358,PEC,CKD
Glomerular,podocyte_PEC,31-10035::SEACell-9,10.847608,9.494722,POD,CKD
Glomerular,podocyte_PEC,31-10061::SEACell-0,10.429429,9.185129,POD,CKD
Glomerular,podocyte_PEC,31-10063::SEACell-0,10.356887,9.1307535,POD,CKD
Glomerular,podocyte_PEC,31-10078::SEACell-0,6.139722,6.4560394,PEC,CKD
Glomerular,podocyte_PEC,31-10078::SEACell-1,8.036219,5.9890623,POD,CKD
Glomerular,podocyte_PEC,31-10081::SEACell-0,12.740278,9.353263,POD,CKD
Glomerular,podocyte_PEC,31-10081::SEACell-1,0.87483543,7.334331,PEC,CKD
Glomerular,podocyte_PEC,31-10090::SEACell-0,6.7960744,5.064553,POD,CKD
Glomerular,podocyte_PEC,31-10090::SEACell-1,7.793638,6.9071794,POD,CKD
Glomerular,podocyte_PEC,31-10091::SEACell-1,10.64402,9.45231,POD,CKD
Glomerular,podocyte_PEC,31-10100::mc0,8.072156,6.6858745,PEC,CKD
Glomerular,podocyte_PEC,31-10105::SEACell-1,9.6466055,8.150444,POD,CKD
Glomerular,podocyte_PEC,31-10177::SEACell-0,11.285337,8.97716,POD,CKD
Glomerular,podocyte_PEC,31-10177::SEACell-2,10.905985,9.017779,POD,CKD
Glomerular,podocyte_PEC,31-10210::mc0,12.096684,8.404192,POD,CKD
Glomerular,podocyte_PEC,31-10221::SEACell-0,8.213279,6.657704,PEC,CKD
Glomerular,podocyte_PEC,31-10236::SEACell-1,9.18927,6.199432,PEC,CKD
Glomerular,podocyte_PEC,31-10322::SEACell-0,7.8110538,6.4358935,PEC,CKD
Glomerular,podocyte_PEC,32-10003::SEACell-0,13.467958,6.6784267,POD,AKI
Glomerular,podocyte_PEC,32-10003::SEACell-1,8.966334,7.32111,PEC,AKI
Glomerular,podocyte_PEC,32-10003::SEACell-2,0.5476978,5.7303257,PEC,AKI
Glomerular,podocyte_PEC,32-10003::SEACell-5,13.054053,7.915779,POD,AKI
Glomerular,podocyte_PEC,32-10003::SEACell-6,6.6749897,4.594441,dPOD,AKI
Glomerular,podocyte_PEC,32-10034::SEACell-0,12.162117,9.039267,POD,AKI
Glomerular,podocyte_PEC,32-10034::SEACell-2,12.043004,8.719902,POD,AKI
Glomerular,podocyte_PEC,32-10034::SEACell-4,1.3796681,6.1343303,PEC,AKI
Glomerular,podocyte_PEC,32-10074::mc0,7.41735,6.464493,PEC,AKI
Glomerular,podocyte_PEC,32-10205::SEACell-1,0.97934085,7.434425,PEC,AKI
Glomerular,podocyte_PEC,32-10205::SEACell-3,6.237873,4.835643,PEC,AKI
Glomerular,podocyte_PEC,32-10205::SEACell-5,10.922862,9.46492,POD,AKI
Glomerular,podocyte_PEC,32-10333::SEACell-1,1.5975827,6.1190066,PEC,AKI
Glomerular,podocyte_PEC,32-10333::SEACell-2,13.014644,8.929995,POD,AKI
Glomerular,podocyte_PEC,32-10419::SEACell-0,7.2566695,6.86836,PEC,AKI
Glomerular,podocyte_PEC,32-10458::mc0,7.715849,6.444221,PEC,AKI
Glomerular,podocyte_PEC,32-2::mc0,8.336061,7.502727,PEC,AKI
Glomerular,podocyte_PEC,33-10005::SEACell-0,6.6374974,5.6893044,PEC,AKI
Glomerular,podocyte_PEC,33-10005::SEACell-1,11.867192,7.988023,POD,AKI
Glomerular,podocyte_PEC,33-10006::SEACell-0,0.51833576,6.0583158,PEC,AKI
Glomerular,podocyte_PEC,33-10006::SEACell-1,13.763096,6.826499,POD,AKI
Glomerular,podocyte_PEC,33-10006::SEACell-3,13.6912155,7.965266,POD,AKI
Glomerular,podocyte_PEC,33-10331::SEACell-1,1.6741915,4.293878,PEC,AKI
Glomerular,podocyte_PEC,33-10331::SEACell-2,10.058115,6.4063106,POD,AKI
Glomerular,podocyte_PEC,33-10376::mc0,7.5463176,6.238241,PEC,AKI
Glomerular,podocyte_PEC,34-10050::mc0,8.895385,8.033377,PEC,AKI
Glomerular,podocyte_PEC,34-10184::mc0,9.090463,8.103386,PEC,AKI
Glomerular,podocyte_PEC,34-10187::SEACell-1,0.3251719,6.539224,PEC,AKI
Glomerular,podocyte_PEC,34-10187::SEACell-2,14.237544,8.531254,POD,AKI
Glomerular,podocyte_PEC,34-10187::SEACell-3,14.155393,8.772339,POD,AKI
Glomerular,podocyte_PEC,34-10187::SEACell-4,13.851528,9.131011,POD,AKI
Glomerular,podocyte_PEC,34-10187::SEACell-5,0.54802847,6.8114986,PEC,AKI
Glomerular,podocyte_PEC,34-10187::SEACell-6,6.3749747,4.633274,PEC,AKI
Glomerular,podocyte_PEC,34-10187::SEACell-7,14.256701,8.663263,POD,AKI
Glomerular,podocyte_PEC,34-10209::SEACell-0,9.70075,8.403508,PEC,AKI
Glomerular,podocyte_PEC,34-10240::mc0,8.722636,7.3710237,POD,AKI
Glomerular,podocyte_PEC,34-10306::SEACell-1,6.971911,6.6432095,PEC,AKI
Glomerular,podocyte_PEC,34-10331::mc0,7.294013,6.7150474,PEC,AKI
Glomerular,podocyte_PEC,34-10393::SEACell-0,6.594888,6.282299,PEC,AKI
Glomerular,podocyte_PEC,34-10393::SEACell-1,7.832604,4.949047,POD,AKI
Glomerular,podocyte_PEC,34-10579::mc0,8.015604,6.9966416,PEC,AKI
Glomerular,podocyte_PEC,3479::SEACell-0,8.860807,8.335096,POD,CKD
Glomerular,podocyte_PEC,3487::SEACell-0,2.258743,6.782462,PEC,CKD
Glomerular,podocyte_PEC,3487::SEACell-1,12.386514,9.262783,POD,CKD
Glomerular,podocyte_PEC,3487::SEACell-2,12.310023,9.706281,POD,CKD
Glomerular,podocyte_PEC,3487::SEACell-3,12.0732155,9.454071,POD,CKD
Glomerular,podocyte_PEC,3490::mc0,8.668107,7.251919,POD,Control/Other
Glomerular,podocyte_PEC,3499::mc0,6.207064,5.3247743,PEC,Control/Other
Glomerular,podocyte_PEC,3504::SEACell-0,8.926496,8.576975,POD,Control/Other
Glomerular,podocyte_PEC,3510::SEACell-1,3.7962992,4.589488,PEC,Control/Other
Glomerular,podocyte_PEC,3510::SEACell-10,3.0736332,4.269363,PEC,Control/Other
Glomerular,podocyte_PEC,3510::SEACell-11,13.374739,6.0238094,POD,Control/Other
Glomerular,podocyte_PEC,3510::SEACell-2,3.7910163,4.784275,PEC,Control/Other
Glomerular,podocyte_PEC,3510::SEACell-3,13.416975,6.351887,POD,Control/Other
Glomerular,podocyte_PEC,3510::SEACell-4,2.8976533,4.352674,PEC,Control/Other
Glomerular,podocyte_PEC,3510::SEACell-5,3.4894779,4.74144,PEC,Control/Other
Glomerular,podocyte_PEC,3510::SEACell-6,13.549507,6.55189,POD,Control/Other
Glomerular,podocyte_PEC,3510::SEACell-7,3.536187,4.3047066,PEC,Control/Other
Glomerular,podocyte_PEC,3510::SEACell-8,2.960298,4.348789,PEC,Control/Other
Glomerular,podocyte_PEC,3535::SEACell-0,12.744042,10.725548,POD,Control/Other
Glomerular,podocyte_PEC,3535::SEACell-10,3.0245254,7.139463,PEC,Control/Other
Glomerular,podocyte_PEC,3535::SEACell-11,13.277485,7.379706,POD,Control/Other
Glomerular,podocyte_PEC,3535::SEACell-13,13.28785,9.616464,POD,Control/Other
Glomerular,podocyte_PEC,3535::SEACell-2,2.637518,7.013854,PEC,Control/Other
Glomerular,podocyte_PEC,3535::SEACell-3,12.515591,10.267139,POD,Control/Other
Glomerular,podocyte_PEC,3535::SEACell-7,3.885507,7.2108126,PEC,Control/Other
Glomerular,podocyte_PEC,3535::SEACell-9,12.155651,10.825652,POD,Control/Other
Glomerular,podocyte_PEC,3579::SEACell-1,12.687793,8.354809,POD,Control/Other
Glomerular,podocyte_PEC,3579::SEACell-2,1.8661243,6.251966,PEC,Control/Other
Glomerular,podocyte_PEC,3593::SEACell-0,8.576663,8.0938225,POD,Control/Other
Glomerular,podocyte_PEC,3609::SEACell-0,3.1124241,7.541476,PEC,CKD
Glomerular,podocyte_PEC,3609::SEACell-1,12.039446,11.253594,POD,CKD
Glomerular,podocyte_PEC,3611::mc0,6.6630626,5.016774,dPOD,Control/Other
Glomerular,podocyte_PEC,3612::SEACell-0,13.131379,9.817785,POD,CKD
Glomerular,podocyte_PEC,3612::SEACell-2,1.4050347,7.3544674,PEC,CKD
Glomerular,podocyte_PEC,3613::mc0,5.991938,5.844659,POD,Control/Other
Glomerular,podocyte_PEC,3619::SEACell-0,11.768677,8.117877,POD,Control/Other
Glomerular,podocyte_PEC,3620::mc0,5.2367687,5.977783,PEC,Control/Other
Glomerular,podocyte_PEC,3621::SEACell-0,13.637523,8.228508,POD,Control/Other
Glomerular,podocyte_PEC,3621::SEACell-1,4.1407514,6.6718187,PEC,Control/Other
Glomerular,podocyte_PEC,3621::SEACell-3,12.844497,10.073848,POD,Control/Other
Glomerular,podocyte_PEC,3622::SEACell-1,10.612929,8.249741,POD,Control/Other
Glomerular,podocyte_PEC,3623::mc0,5.817303,5.8789396,POD,Control/Other
Glomerular,podocyte_PEC,3625::SEACell-0,12.026091,10.702851,POD,Control/Other
Glomerular,podocyte_PEC,3625::SEACell-1,2.849755,8.251215,PEC,Control/Other
Glomerular,podocyte_PEC,3625::SEACell-5,2.7822037,8.310106,PEC,Control/Other
Glomerular,podocyte_PEC,3626::SEACell-0,13.33829,10.057664,POD,Control/Other
Glomerular,podocyte_PEC,3626::SEACell-1,9.123697,8.548539,POD,Control/Other
Glomerular,podocyte_PEC,3626::SEACell-2,2.3964183,7.528221,PEC,Control/Other
Glomerular,podocyte_PEC,3627::SEACell-0,13.426252,9.993302,POD,Control/Other
Glomerular,podocyte_PEC,3627::SEACell-1,2.0648015,7.6212792,PEC,Control/Other
Glomerular,podocyte_PEC,3627::SEACell-2,13.927442,9.372339,POD,Control/Other
Glomerular,podocyte_PEC,3630::SEACell-0,12.165761,10.629147,POD,Control/Other
Glomerular,podocyte_PEC,3630::SEACell-1,8.40164,5.2059283,PEC,Control/Other
Glomerular,podocyte_PEC,3630::SEACell-2,2.552975,7.793391,PEC,Control/Other
Glomerular,podocyte_PEC,3631::SEACell-1,3.2770329,7.6187973,PEC,Control/Other
Glomerular,podocyte_PEC,3631::SEACell-2,12.689096,10.3155155,POD,Control/Other
Glomerular,podocyte_PEC,3631::SEACell-3,14.426268,8.782563,POD,Control/Other
Glomerular,podocyte_PEC,3632::mc0,6.3817706,6.4358234,POD,Control/Other
Glomerular,podocyte_PEC,3673::SEACell-0,8.597262,8.516844,POD,AKI
Glomerular,podocyte_PEC,3691::SEACell-0,7.5750093,6.6116967,dPOD,Control/Other
Glomerular,podocyte_PEC,3693::mc0,5.7221727,6.37442,POD,Control/Other
Glomerular,podocyte_PEC,3704::SEACell-1,1.3937039,2.7664578,PEC,Control/Other
Glomerular,podocyte_PEC,3704::SEACell-2,1.6570721,2.9935,PEC,Control/Other
Glomerular,podocyte_PEC,3704::SEACell-3,2.0589874,3.2172487,PEC,Control/Other
Glomerular,podocyte_PEC,3704::SEACell-5,8.6865835,5.626714,POD,Control/Other
Glomerular,podocyte_PEC,3704::SEACell-6,6.541359,6.3851748,PEC,Control/Other
Glomerular,podocyte_PEC,3704::SEACell-7,1.7112154,2.6306386,PEC,Control/Other
Glomerular,podocyte_PEC,3711::SEACell-10,12.937174,5.090961,dPOD,Control/Other
Glomerular,podocyte_PEC,3711::SEACell-2,11.627326,5.476696,dPOD,Control/Other
Glomerular,podocyte_PEC,3711::SEACell-3,1.7781266,3.861111,PEC,Control/Other
Glomerular,podocyte_PEC,3711::SEACell-5,12.588379,4.7205477,dPOD,Control/Other
Glomerular,podocyte_PEC,3711::SEACell-6,3.774968,6.5025387,PEC,Control/Other
Glomerular,podocyte_PEC,3711::SEACell-8,1.887003,2.8384438,PEC,Control/Other
Glomerular,podocyte_PEC,3711::SEACell-9,1.3983997,3.5388465,PEC,Control/Other
Glomerular,podocyte_PEC,3712::SEACell-0,3.9775345,3.1205282,PEC,Control/Other
Glomerular,podocyte_PEC,3712::SEACell-3,5.2404284,3.8935297,PEC,Control/Other
Glomerular,podocyte_PEC,3712::SEACell-5,12.688762,5.1279798,dPOD,Control/Other
Glomerular,podocyte_PEC,3715::mc0,6.418361,5.8318048,POD,Control/Other
Glomerular,podocyte_PEC,3716::SEACell-1,13.329209,4.877723,dPOD,CKD
Glomerular,podocyte_PEC,3716::SEACell-2,1.430645,3.8784866,PEC,CKD
Glomerular,podocyte_PEC,3716::SEACell-3,5.36449,4.208034,dPOD,CKD
Glomerular,podocyte_PEC,3716::SEACell-5,13.495336,5.393082,POD,CKD
Glomerular,podocyte_PEC,3716::SEACell-6,13.030363,5.685265,POD,CKD
Glomerular,podocyte_PEC,3716::SEACell-7,13.696437,5.4930944,POD,CKD
Glomerular,podocyte_PEC,3716::SEACell-8,13.53388,5.887487,POD,CKD
Glomerular,podocyte_PEC,3716::SEACell-9,13.49132,5.65498,POD,CKD
Glomerular,podocyte_PEC,3723::SEACell-0,6.0073705,3.5865443,PEC,Control/Other
Glomerular,podocyte_PEC,3723::SEACell-11,4.510381,3.9603422,PEC,Control/Other
Glomerular,podocyte_PEC,3723::SEACell-12,4.927623,3.5813837,PEC,Control/Other
Glomerular,podocyte_PEC,3723::SEACell-13,10.82704,6.4782324,POD,Control/Other
Glomerular,podocyte_PEC,3723::SEACell-14,3.01278,7.4573584,PEC,Control/Other
Glomerular,podocyte_PEC,3723::SEACell-15,4.7066307,3.6101184,PEC,Control/Other
Glomerular,podocyte_PEC,3723::SEACell-16,10.501956,6.7428164,POD,Control/Other
Glomerular,podocyte_PEC,3723::SEACell-17,4.675367,3.4043827,PEC,Control/Other
Glomerular,podocyte_PEC,3723::SEACell-19,10.393822,6.7728987,POD,Control/Other
Glomerular,podocyte_PEC,3723::SEACell-2,4.1574554,3.9053385,PEC,Control/Other
Glomerular,podocyte_PEC,3723::SEACell-20,10.896706,6.552173,POD,Control/Other
Glomerular,podocyte_PEC,3723::SEACell-22,4.6098084,3.7534025,PEC,Control/Other
Glomerular,podocyte_PEC,3723::SEACell-4,11.113094,6.2716794,dPOD,Control/Other
Glomerular,podocyte_PEC,3723::SEACell-5,11.268699,10.6027775,POD,Control/Other
Glomerular,podocyte_PEC,3723::SEACell-7,4.3816442,3.5757234,PEC,Control/Other
Glomerular,podocyte_PEC,3723::SEACell-9,10.672247,6.4615803,POD,Control/Other
Glomerular,podocyte_PEC,3728::SEACell-0,0.85662055,3.3611655,PEC,Control/Other
Glomerular,podocyte_PEC,3728::SEACell-3,12.094999,4.3215523,dPOD,Control/Other
Glomerular,podocyte_PEC,3728::SEACell-4,0.83535635,3.6479473,PEC,Control/Other
Glomerular,podocyte_PEC,3728::SEACell-6,0.80338526,3.597102,PEC,Control/Other
Glomerular,podocyte_PEC,3728::SEACell-8,13.90993,5.8467765,POD,Control/Other
Glomerular,podocyte_PEC,3775::SEACell-0,6.718402,5.5159364,PEC,Control/Other
Glomerular,podocyte_PEC,3775::SEACell-1,11.816107,11.331357,POD,Control/Other
Glomerular,podocyte_PEC,3775::SEACell-2,11.484514,11.227903,POD,Control/Other
Glomerular,podocyte_PEC,3778::SEACell-0,13.548752,10.375616,POD,Control/Other
Glomerular,podocyte_PEC,3778::SEACell-10,11.02978,6.2064447,POD,Control/Other
Glomerular,podocyte_PEC,3778::SEACell-13,4.9419513,3.5817657,PEC,Control/Other
Glomerular,podocyte_PEC,3778::SEACell-14,3.3212407,6.787216,PEC,Control/Other
Glomerular,podocyte_PEC,3778::SEACell-15,2.058526,6.931333,PEC,Control/Other
Glomerular,podocyte_PEC,3778::SEACell-16,4.231022,5.9388685,PEC,Control/Other
Glomerular,podocyte_PEC,3778::SEACell-18,1.6120774,6.9270754,PEC,Control/Other
Glomerular,podocyte_PEC,3778::SEACell-19,13.345564,10.058005,POD,Control/Other
Glomerular,podocyte_PEC,3778::SEACell-2,1.2170452,7.362602,PEC,Control/Other
Glomerular,podocyte_PEC,3778::SEACell-20,13.476792,10.159764,POD,Control/Other
Glomerular,podocyte_PEC,3778::SEACell-21,2.1636426,3.3867722,PEC,Control/Other
Glomerular,podocyte_PEC,3778::SEACell-22,12.605338,5.6770015,dPOD,Control/Other
Glomerular,podocyte_PEC,3778::SEACell-5,1.2786154,7.429291,PEC,Control/Other
Glomerular,podocyte_PEC,3778::SEACell-8,11.097907,5.8627086,dPOD,Control/Other
Glomerular,podocyte_PEC,3778::SEACell-9,13.63539,10.215903,POD,Control/Other
Glomerular,podocyte_PEC,3781::SEACell-0,8.308427,5.905588,PEC,Control/Other
Glomerular,podocyte_PEC,3781::SEACell-1,3.5692492,7.345948,PEC,Control/Other
Glomerular,podocyte_PEC,3781::SEACell-2,12.135106,11.173142,POD,Control/Other
Glomerular,podocyte_PEC,3781::SEACell-3,11.2973995,10.60936,POD,Control/Other
Glomerular,podocyte_PEC,3781::SEACell-4,12.660955,9.514789,POD,Control/Other
Glomerular,podocyte_PEC,3782::SEACell-0,13.519561,5.13662,dPOD,AKI
Glomerular,podocyte_PEC,3782::SEACell-1,1.2198278,2.6239083,PEC,AKI
Glomerular,podocyte_PEC,3782::SEACell-2,1.0217606,2.7027247,PEC,AKI
Glomerular,podocyte_PEC,3782::SEACell-4,8.204976,6.6102524,PEC,AKI
Glomerular,podocyte_PEC,3782::SEACell-5,13.411048,4.9884634,dPOD,AKI
Glomerular,podocyte_PEC,3785::SEACell-0,14.053338,6.858956,POD,Control/Other
Glomerular,podocyte_PEC,3785::SEACell-1,14.069195,6.76084,POD,Control/Other
Glomerular,podocyte_PEC,3785::SEACell-2,6.2169046,6.081445,PEC,Control/Other
Glomerular,podocyte_PEC,3800::SEACell-0,7.8691454,5.7030473,PEC,Control/Other
Glomerular,podocyte_PEC,3800::SEACell-10,2.8001037,3.9282894,PEC,Control/Other
Glomerular,podocyte_PEC,3800::SEACell-2,13.346097,5.757809,dPOD,Control/Other
Glomerular,podocyte_PEC,3800::SEACell-4,12.77644,5.356871,dPOD,Control/Other
Glomerular,podocyte_PEC,3800::SEACell-5,3.078033,3.7672086,PEC,Control/Other
Glomerular,podocyte_PEC,3800::SEACell-6,2.3627133,4.197942,PEC,Control/Other
Glomerular,podocyte_PEC,3800::SEACell-7,2.9794314,3.9846323,PEC,Control/Other
Glomerular,podocyte_PEC,3800::SEACell-8,12.898396,6.977619,POD,Control/Other
Glomerular,podocyte_PEC,3800::SEACell-9,12.973315,6.715628,POD,Control/Other
Glomerular,podocyte_PEC,3804::mc0,6.905166,5.1903276,POD,CKD
Glomerular,podocyte_PEC,3824::SEACell-0,6.85566,5.882947,PEC,Control/Other
Glomerular,podocyte_PEC,3825::SEACell-0,1.7586823,3.498094,PEC,Control/Other
Glomerular,podocyte_PEC,3825::SEACell-1,1.94087,2.9646,PEC,Control/Other
Glomerular,podocyte_PEC,3825::SEACell-2,12.856676,5.3482547,dPOD,Control/Other
Glomerular,podocyte_PEC,3825::SEACell-4,1.5253656,2.9108377,PEC,Control/Other
Glomerular,podocyte_PEC,3825::SEACell-5,1.5819383,3.2245944,PEC,Control/Other
Glomerular,podocyte_PEC,3825::SEACell-6,7.313635,6.645236,PEC,Control/Other
Glomerular,podocyte_PEC,3825::SEACell-7,12.740668,4.805569,dPOD,Control/Other
Glomerular,podocyte_PEC,3825::SEACell-8,1.788879,3.0501351,PEC,Control/Other
Glomerular,podocyte_PEC,3830::mc0,9.104068,8.40824,POD,Control/Other
Glomerular,podocyte_PEC,3893::SEACell-0,8.791042,8.413513,POD,Control/Other
Glomerular,podocyte_PEC,3898::SEACell-0,11.051004,10.78593,POD,Control/Other
Glomerular,podocyte_PEC,3898::SEACell-1,8.790743,8.906939,POD,Control/Other
Glomerular,podocyte_PEC,3900::SEACell-1,5.439066,3.818019,PEC,Control/Other
Glomerular,podocyte_PEC,3900::SEACell-2,3.19682,3.9513705,PEC,Control/Other
Glomerular,podocyte_PEC,3900::SEACell-3,12.894471,6.513352,POD,Control/Other
Glomerular,podocyte_PEC,3900::SEACell-4,3.6341531,4.1005707,PEC,Control/Other
Glomerular,podocyte_PEC,3903::SEACell-0,2.356336,6.598442,PEC,CKD
Glomerular,podocyte_PEC,3903::SEACell-2,12.349846,9.990044,POD,CKD
Glomerular,podocyte_PEC,3903::SEACell-3,2.6113727,6.7399454,PEC,CKD
Glomerular,podocyte_PEC,3904::SEACell-0,14.46543,6.268274,POD,CKD
Glomerular,podocyte_PEC,3904::SEACell-2,14.439589,6.240026,POD,CKD
Glomerular,podocyte_PEC,3904::SEACell-3,1.3238665,4.2029653,PEC,CKD
Glomerular,podocyte_PEC,3904::SEACell-4,14.236219,6.4981384,POD,CKD
Glomerular,podocyte_PEC,3904::SEACell-6,14.504503,6.580102,POD,CKD
Glomerular,podocyte_PEC,3904::SEACell-7,14.456705,6.43791,POD,CKD
Glomerular,podocyte_PEC,3907::SEACell-0,2.6797776,3.3848872,PEC,Control/Other
Glomerular,podocyte_PEC,3907::SEACell-1,8.994808,5.5235643,POD,Control/Other
Glomerular,podocyte_PEC,3916::mc0,8.565257,7.6582756,PEC,CKD
Glomerular,podocyte_PEC,3918::SEACell-0,12.199103,4.5317583,dPOD,Control/Other
Glomerular,podocyte_PEC,3918::SEACell-2,6.7195253,5.8525515,PEC,Control/Other
Glomerular,podocyte_PEC,3918::SEACell-7,12.94361,5.890383,POD,Control/Other
Glomerular,podocyte_PEC,3918::SEACell-8,1.4298933,3.2895937,PEC,Control/Other
Glomerular,podocyte_PEC,3918::SEACell-9,1.3588303,2.957255,PEC,Control/Other
Glomerular,podocyte_PEC,3948::SEACell-1,12.141925,5.234516,POD,Control/Other
Glomerular,podocyte_PEC,3948::SEACell-10,2.3211458,2.7446108,PEC,Control/Other
Glomerular,podocyte_PEC,3948::SEACell-13,6.3337374,3.658058,PEC,Control/Other
Glomerular,podocyte_PEC,3948::SEACell-15,1.6253005,2.4811556,PEC,Control/Other
Glomerular,podocyte_PEC,3948::SEACell-17,11.726745,4.6447906,dPOD,Control/Other
Glomerular,podocyte_PEC,3948::SEACell-3,1.3542769,2.5646904,PEC,Control/Other
Glomerular,podocyte_PEC,3948::SEACell-7,12.039219,4.5299697,dPOD,Control/Other
Glomerular,podocyte_PEC,3948::SEACell-8,2.4514208,2.770806,PEC,Control/Other
Glomerular,podocyte_PEC,3948::SEACell-9,12.271411,4.5090113,dPOD,Control/Other
Glomerular,podocyte_PEC,3965::SEACell-0,1.0168188,3.6738782,PEC,Control/Other
Glomerular,podocyte_PEC,3965::SEACell-2,0.6974033,3.1917734,PEC,Control/Other
Glomerular,podocyte_PEC,3965::SEACell-3,0.6379717,2.9409711,PEC,Control/Other
Glomerular,podocyte_PEC,3965::SEACell-5,12.217568,6.2820473,dPOD,Control/Other
Glomerular,podocyte_PEC,3965::SEACell-7,0.63788056,3.1825485,PEC,Control/Other
Glomerular,podocyte_PEC,933-10003::mc0,7.1509924,6.640247,PEC,CKD
Glomerular,podocyte_PEC,934-10022::SEACell-0,6.8750057,6.539143,PEC,CKD
Glomerular,podocyte_PEC,934-10023::mc0,7.4752417,5.924212,PEC,CKD
Glomerular,podocyte_PEC,934-10032::SEACell-0,7.0945983,6.26824,PEC,CKD
Glomerular,podocyte_PEC,936-10002::SEACell-0,11.113719,6.9198003,POD,CKD
Glomerular,podocyte_PEC,936-10002::SEACell-1,1.8992393,4.634126,PEC,CKD
Glomerular,podocyte_PEC,936-10003::mc0,6.639102,6.002801,PEC,CKD
Glomerular,podocyte_PEC,936-10006::mc0,7.2454576,6.035166,PEC,CKD
Glomerular,podocyte_PEC,COV-02-0002::SEACell-0,1.4947987,6.827258,PEC,AKI
Glomerular,podocyte_PEC,COV-02-0002::SEACell-1,1.1276062,6.243325,PEC,AKI
Glomerular,podocyte_PEC,COV-02-0002::SEACell-2,10.011076,7.5314784,POD,AKI
Glomerular,podocyte_PEC,COV-02-0010::SEACell-1,1.7538506,6.9471197,PEC,AKI
Glomerular,podocyte_PEC,COV-02-0010::SEACell-2,12.209922,10.101259,POD,AKI
Glomerular,podocyte_PEC,COV-02-0010::SEACell-3,1.6698087,6.790668,PEC,AKI
Glomerular,podocyte_PEC,COV-02-0094::SEACell-0,2.6667087,5.1926622,PEC,AKI
Glomerular,podocyte_PEC,COV-02-0094::SEACell-1,12.708688,6.079944,POD,AKI
Glomerular,podocyte_PEC,COV-02-0096::mc0,8.358279,7.5322495,PEC,AKI
Glomerular,podocyte_PEC,D_080::SEACell-0,2.4821274,8.163741,PEC,Control/Other
Glomerular,podocyte_PEC,D_080::SEACell-1,3.4423156,3.6988995,PEC,Control/Other
Glomerular,podocyte_PEC,D_080::SEACell-10,11.195614,7.223075,POD,Control/Other
Glomerular,podocyte_PEC,D_080::SEACell-11,6.2302356,3.6270084,dPOD,Control/Other
Glomerular,podocyte_PEC,D_080::SEACell-13,12.633132,11.1430235,POD,Control/Other
Glomerular,podocyte_PEC,D_080::SEACell-14,3.851563,3.5729673,PEC,Control/Other
Glomerular,podocyte_PEC,D_080::SEACell-15,4.8828025,3.3196683,PEC,Control/Other
Glomerular,podocyte_PEC,D_080::SEACell-16,11.827468,7.2726727,POD,Control/Other
Glomerular,podocyte_PEC,D_080::SEACell-17,12.347725,5.055534,dPOD,Control/Other
Glomerular,podocyte_PEC,D_080::SEACell-18,12.2475605,11.40865,POD,Control/Other
Glomerular,podocyte_PEC,D_080::SEACell-21,12.947681,9.922561,POD,Control/Other
Glomerular,podocyte_PEC,D_080::SEACell-23,3.851964,3.6193528,PEC,Control/Other
Glomerular,podocyte_PEC,D_080::SEACell-24,11.877773,11.142193,POD,Control/Other
Glomerular,podocyte_PEC,D_080::SEACell-27,6.1165977,3.52733,dPOD,Control/Other
Glomerular,podocyte_PEC,D_080::SEACell-28,11.104731,5.9191546,POD,Control/Other
Glomerular,podocyte_PEC,D_080::SEACell-30,3.7430885,3.4786859,PEC,Control/Other
Glomerular,podocyte_PEC,D_080::SEACell-31,12.575283,10.795525,POD,Control/Other
Glomerular,podocyte_PEC,D_080::SEACell-32,3.4226701,3.5451872,PEC,Control/Other
Glomerular,podocyte_PEC,D_080::SEACell-33,6.420569,3.6446407,PEC,Control/Other
Glomerular,podocyte_PEC,D_080::SEACell-34,4.464377,3.1126227,PEC,Control/Other
Glomerular,podocyte_PEC,D_080::SEACell-35,12.021765,5.27026,dPOD,Control/Other
Glomerular,podocyte_PEC,D_080::SEACell-37,12.386678,7.0517826,POD,Control/Other
Glomerular,podocyte_PEC,D_080::SEACell-38,13.4428005,10.501901,POD,Control/Other
Glomerular,podocyte_PEC,D_080::SEACell-39,11.793433,4.711399,dPOD,Control/Other
Glomerular,podocyte_PEC,D_080::SEACell-4,4.4282594,3.821435,PEC,Control/Other
Glomerular,podocyte_PEC,D_080::SEACell-40,4.727473,3.0102866,PEC,Control/Other
Glomerular,podocyte_PEC,D_080::SEACell-41,4.3383365,3.494163,PEC,Control/Other
Glomerular,podocyte_PEC,D_080::SEACell-44,12.115381,11.094256,POD,Control/Other
Glomerular,podocyte_PEC,D_080::SEACell-45,4.5020037,3.93819,PEC,Control/Other
Glomerular,podocyte_PEC,D_080::SEACell-46,12.761281,4.82813,dPOD,Control/Other
Glomerular,podocyte_PEC,D_080::SEACell-47,6.3755774,3.695612,PEC,Control/Other
Glomerular,podocyte_PEC,D_080::SEACell-49,3.4289465,3.1026297,PEC,Control/Other
Glomerular,podocyte_PEC,D_080::SEACell-53,6.3051867,3.433403,PEC,Control/Other
Glomerular,podocyte_PEC,D_080::SEACell-54,3.2184868,2.5134404,PEC,Control/Other
Glomerular,podocyte_PEC,D_080::SEACell-56,3.8874369,2.877929,PEC,Control/Other
Glomerular,podocyte_PEC,D_080::SEACell-57,3.3798013,3.0082462,PEC,Control/Other
Glomerular,podocyte_PEC,D_080::SEACell-59,2.5177443,8.375008,PEC,Control/Other
Glomerular,podocyte_PEC,D_080::SEACell-6,11.89285,5.9070086,POD,Control/Other
Glomerular,podocyte_PEC,D_080::SEACell-60,4.5361876,2.9297109,PEC,Control/Other
Glomerular,podocyte_PEC,D_080::SEACell-61,12.202844,5.0926223,dPOD,Control/Other
Glomerular,podocyte_PEC,D_080::SEACell-62,4.17512,3.1818788,PEC,Control/Other
Glomerular,podocyte_PEC,D_080::SEACell-63,2.5701632,8.047301,PEC,Control/Other
Glomerular,podocyte_PEC,D_080::SEACell-65,3.6192286,2.4069636,PEC,Control/Other
Glomerular,podocyte_PEC,D_080::SEACell-66,2.7212408,8.325131,PEC,Control/Other
Glomerular,podocyte_PEC,D_080::SEACell-68,2.2393675,8.102182,PEC,Control/Other
Glomerular,podocyte_PEC,D_080::SEACell-70,11.870631,6.8240366,POD,Control/Other
Glomerular,podocyte_PEC,D_080::SEACell-71,3.8362286,3.3242292,PEC,Control/Other
Glomerular,podocyte_PEC,D_080::SEACell-73,3.597048,3.1798408,PEC,Control/Other
Glomerular,podocyte_PEC,D_080::SEACell-74,11.496118,6.072375,POD,Control/Other
Glomerular,podocyte_PEC,D_080::SEACell-75,6.5715895,4.781152,PEC,Control/Other
Glomerular,podocyte_PEC,D_080::SEACell-9,2.7664616,8.277659,PEC,Control/Other
Glomerular,podocyte_PEC,IU-KRP-430::SEACell-1,3.4972858,3.8864188,PEC,Control/Other
Glomerular,podocyte_PEC,IU-KRP-430::SEACell-3,3.6959705,4.2410936,PEC,Control/Other
Glomerular,podocyte_PEC,IU-KRP-430::SEACell-4,10.350952,6.8880367,POD,Control/Other
Glomerular,podocyte_PEC,IU-KRP-430::SEACell-5,3.6717355,3.9872513,PEC,Control/Other
Glomerular,podocyte_PEC,IU-KRP-430::SEACell-6,3.9326143,4.1770554,PEC,Control/Other
Glomerular,podocyte_PEC,IU-KRP-473::mc0,6.095239,6.472587,POD,Control/Other
Glomerular,podocyte_PEC,KPMP_101::SEACell-1,2.4711163,2.3497548,PEC,Control/Other
Glomerular,podocyte_PEC,KPMP_101::SEACell-2,8.932678,5.7040114,POD,Control/Other
Glomerular,podocyte_PEC,KPMP_104::mc0,6.9953938,6.391861,PEC,Control/Other
Glomerular,podocyte_PEC,KRP446::SEACell-1,2.3858652,6.3962154,PEC,Control/Other
Glomerular,podocyte_PEC,KRP446::SEACell-2,2.4692044,6.9446597,PEC,Control/Other
Glomerular,podocyte_PEC,KRP446::SEACell-3,2.0612576,6.81135,PEC,Control/Other
Glomerular,podocyte_PEC,KRP446::SEACell-4,14.032406,9.240426,POD,Control/Other
Glomerular,podocyte_PEC,KRP460::SEACell-0,10.064792,7.49076,POD,Control/Other
Glomerular,podocyte_PEC,KRP460::SEACell-1,1.577553,7.6599216,PEC,Control/Other
Glomerular,podocyte_PEC,KRP460::SEACell-2,13.84306,9.7551985,POD,Control/Other
Glomerular,podocyte_PEC,KRP461::mc0,3.5044618,6.912955,PEC,Control/Other
Glomerular,podocyte_PEC,KRP462::SEACell-1,2.8497558,6.037506,PEC,Control/Other
Glomerular,podocyte_PEC,KRP462::SEACell-3,14.64155,8.463599,POD,Control/Other
Glomerular,podocyte_PEC,KRP462::SEACell-4,13.921337,9.920438,POD,Control/Other
Glomerular,podocyte_PEC,KRP462::SEACell-5,14.128109,8.281339,POD,Control/Other
Glomerular,podocyte_PEC,SDKZ0001::SEACell-10,13.883581,9.6931095,POD,Control/Other
Glomerular,podocyte_PEC,SDKZ0001::SEACell-14,13.11029,10.672534,POD,Control/Other
Glomerular,podocyte_PEC,SDKZ0001::SEACell-15,13.552588,10.277351,POD,Control/Other
Glomerular,podocyte_PEC,SDKZ0001::SEACell-16,6.3956566,5.171353,POD,Control/Other
Glomerular,podocyte_PEC,SDKZ0001::SEACell-3,3.7258973,6.3202186,PEC,Control/Other
Glomerular,podocyte_PEC,SDKZ0001::SEACell-5,10.673873,10.104468,POD,Control/Other
Glomerular,podocyte_PEC,SDKZ0001::SEACell-7,13.872598,10.394415,POD,Control/Other
Glomerular,podocyte_PEC,SDKZ0001::SEACell-9,2.2498665,7.0274973,PEC,Control/Other
Glomerular,podocyte_PEC,SDKZ0024::SEACell-0,2.0415113,7.137039,PEC,CKD
Glomerular,podocyte_PEC,SDKZ0024::SEACell-1,13.68144,10.124503,POD,CKD
Glomerular,podocyte_PEC,SDKZ0024::SEACell-3,13.254768,10.606329,POD,CKD
Glomerular,endothelial_mesangial,164-10::SEACell-0,-1.2178469,7.1791005,EC-GC,Control/Other
Glomerular,endothelial_mesangial,164-11::SEACell-0,-2.071933,6.927196,dEC-GC,Control/Other
Glomerular,endothelial_mesangial,164-12::SEACell-0,-0.99902457,7.4840064,EC-GC,Control/Other
Glomerular,endothelial_mesangial,164-18::SEACell-1,-0.55028814,7.3278985,EC-GC,Control/Other
Glomerular,endothelial_mesangial,164-1::SEACell-0,-3.1362193,13.278556,EC-GC,Control/Other
Glomerular,endothelial_mesangial,164-1::SEACell-1,-0.3414015,12.026417,MC,Control/Other
Glomerular,endothelial_mesangial,164-1::SEACell-2,-2.8768027,13.429599,EC-GC,Control/Other
Glomerular,endothelial_mesangial,164-1::SEACell-4,-3.0225837,13.5107355,EC-GC,Control/Other
Glomerular,endothelial_mesangial,164-3::SEACell-1,6.4833846,9.79924,MC,Control/Other
Glomerular,endothelial_mesangial,164-3::SEACell-2,-4.137379,11.541187,EC-GC,Control/Other
Glomerular,endothelial_mesangial,164-3::SEACell-5,-4.6306887,11.787597,EC-GC,Control/Other
Glomerular,endothelial_mesangial,164-5::SEACell-1,-3.2506213,11.8036585,EC-GC,Control/Other
Glomerular,endothelial_mesangial,164-6::SEACell-0,6.822613,10.624442,MC,Control/Other
Glomerular,endothelial_mesangial,164-6::SEACell-1,-4.099011,12.731291,EC-GC,Control/Other
Glomerular,endothelial_mesangial,164-6::SEACell-5,-4.1426764,11.937737,EC-GC,Control/Other
Glomerular,endothelial_mesangial,164-6::SEACell-6,-4.2963977,12.095057,EC-GC,Control/Other
Glomerular,endothelial_mesangial,164-7::SEACell-0,-3.3496068,13.305768,EC-GC,Control/Other
Glomerular,endothelial_mesangial,164-7::SEACell-3,0.6124739,12.285877,EC-GC,Control/Other
Glomerular,endothelial_mesangial,164-8::SEACell-1,-4.4799895,11.763735,EC-GC,Control/Other
Glomerular,endothelial_mesangial,164-8::SEACell-2,-4.391154,11.750034,EC-GC,Control/Other
Glomerular,endothelial_mesangial,165-11::SEACell-1,-1.510622,7.115255,EC-GC,Control/Other
Glomerular,endothelial_mesangial,165-13::SEACell-1,-2.1435096,7.166563,EC-GC,Control/Other
Glomerular,endothelial_mesangial,165-15::SEACell-1,0.53083223,9.985465,EC-GC,Control/Other
Glomerular,endothelial_mesangial,165-7::SEACell-1,-1.4974523,11.295521,EC-GC,Control/Other
Glomerular,endothelial_mesangial,18-142::SEACell-0,-2.629938,13.43924,EC-GC,Control/Other
Glomerular,endothelial_mesangial,18-142::SEACell-1,-4.5530725,12.211714,EC-GC,Control/Other
Glomerular,endothelial_mesangial,18-142::SEACell-4,-4.078984,12.148981,EC-GC,Control/Other
Glomerular,endothelial_mesangial,18-142::SEACell-5,7.302316,10.201272,MC,Control/Other
Glomerular,endothelial_mesangial,18-162::SEACell-1,-4.5593634,8.626787,EC-GC,Control/Other
Glomerular,endothelial_mesangial,18-312::SEACell-0,6.6429157,9.616448,MC,Control/Other
Glomerular,endothelial_mesangial,18-312::SEACell-2,-4.6312475,8.4623785,EC-GC,Control/Other
Glomerular,endothelial_mesangial,18-312::SEACell-4,-4.815383,8.9390955,EC-GC-FILIP1+,Control/Other
Glomerular,endothelial_mesangial,18-312::SEACell-5,-4.4439955,9.470641,EC-GC,Control/Other
Glomerular,endothelial_mesangial,18-312::SEACell-6,-4.936576,9.078422,EC-GC,Control/Other
Glomerular,endothelial_mesangial,21-015::SEACell-0,-4.9562693,8.508637,EC-GC,Control/Other
Glomerular,endothelial_mesangial,21-015::SEACell-11,5.991872,9.3364,MC,Control/Other
Glomerular,endothelial_mesangial,21-015::SEACell-14,-4.8799586,8.146754,dEC-GC,Control/Other
Glomerular,endothelial_mesangial,21-015::SEACell-16,-4.7322984,7.9301515,dEC-GC,Control/Other
Glomerular,endothelial_mesangial,21-015::SEACell-19,6.443566,9.080727,MC,Control/Other
Glomerular,endothelial_mesangial,21-015::SEACell-2,-5.0732875,8.349533,EC-GC,Control/Other
Glomerular,endothelial_mesangial,21-015::SEACell-22,-5.067781,8.285848,dEC-GC,Control/Other
Glomerular,endothelial_mesangial,21-015::SEACell-23,-3.884182,5.8814197,dEC-GC,Control/Other
Glomerular,endothelial_mesangial,21-015::SEACell-8,-3.8238027,5.921616,dEC-GC,Control/Other
Glomerular,endothelial_mesangial,21-016::SEACell-2,-4.1701636,8.965308,dEC-GC,Control/Other
Glomerular,endothelial_mesangial,21-019::SEACell-1,-5.368767,11.645125,EC-GC,Control/Other
Glomerular,endothelial_mesangial,21-019::SEACell-13,-0.6141491,6.475983,dEC-GC,Control/Other
Glomerular,endothelial_mesangial,21-019::SEACell-18,-1.0679501,6.686605,EC-GC,Control/Other
Glomerular,endothelial_mesangial,21-019::SEACell-19,-5.319337,11.518562,EC-GC,Control/Other
Glomerular,endothelial_mesangial,21-019::SEACell-25,-1.1361548,6.5391893,EC-GC,Control/Other
Glomerular,endothelial_mesangial,21-019::SEACell-26,-4.9131002,12.110397,EC-GC,Control/Other
Glomerular,endothelial_mesangial,21-019::SEACell-27,7.1077213,9.645513,MC,Control/Other
Glomerular,endothelial_mesangial,21-019::SEACell-3,-5.0087204,11.447738,EC-GC,Control/Other
Glomerular,endothelial_mesangial,21-019::SEACell-4,-4.6400585,10.999593,EC-GC,Control/Other
Glomerular,endothelial_mesangial,21-019::SEACell-8,-5.089981,11.884866,EC-GC,Control/Other
Glomerular,endothelial_mesangial,21-019::SEACell-9,-4.92831,11.479409,EC-GC,Control/Other
Glomerular,endothelial_mesangial,21-020::SEACell-1,-4.5256877,10.078853,EC-GC,Control/Other
Glomerular,endothelial_mesangial,21-020::SEACell-10,-4.3295126,8.464051,EC-GC,Control/Other
Glomerular,endothelial_mesangial,21-020::SEACell-11,6.986725,9.4144335,MC,Control/Other
Glomerular,endothelial_mesangial,21-020::SEACell-13,-0.99545,10.903789,EC-GC,Control/Other
Glomerular,endothelial_mesangial,21-020::SEACell-14,1.225239,11.193749,MC,Control/Other
Glomerular,endothelial_mesangial,21-020::SEACell-15,-4.7534957,9.903592,EC-GC,Control/Other
Glomerular,endothelial_mesangial,21-020::SEACell-17,1.246025,11.112277,MC,Control/Other
Glomerular,endothelial_mesangial,21-020::SEACell-3,-1.7768635,10.63732,EC-GC,Control/Other
Glomerular,endothelial_mesangial,21-020::SEACell-4,6.581687,9.385165,MC,Control/Other
Glomerular,endothelial_mesangial,21-021::SEACell-1,-4.3819532,8.925159,EC-GC,Control/Other
Glomerular,endothelial_mesangial,27-10039::SEACell-1,6.9448304,10.725583,MC,CKD
Glomerular,endothelial_mesangial,27-10039::SEACell-2,-1.0429492,12.571858,EC-GC,CKD
Glomerular,endothelial_mesangial,27-10041::SEACell-0,-3.0867844,10.011079,EC-GC,CKD
Glomerular,endothelial_mesangial,27-10041::SEACell-2,-2.7620993,10.513838,EC-GC,CKD
Glomerular,endothelial_mesangial,27-10041::SEACell-3,6.7715487,10.405716,MC,CKD
Glomerular,endothelial_mesangial,27-10041::SEACell-4,-2.9427485,10.3262205,EC-GC,CKD
Glomerular,endothelial_mesangial,27-10043::SEACell-0,-3.7459307,10.35905,EC-GC,CKD
Glomerular,endothelial_mesangial,27-10043::SEACell-1,-3.6814873,10.458509,EC-GC,CKD
Glomerular,endothelial_mesangial,27-10043::SEACell-5,6.8666954,10.143101,MC,CKD
Glomerular,endothelial_mesangial,27-10043::SEACell-6,-3.6525948,10.588167,EC-GC,CKD
Glomerular,endothelial_mesangial,27-10043::SEACell-8,-3.29056,10.948856,EC-GC,CKD
Glomerular,endothelial_mesangial,27-10066::mc0,0.810352,10.110371,EC-GC,CKD
Glomerular,endothelial_mesangial,27-10074::SEACell-1,-0.34529132,11.363917,EC-GC,CKD
Glomerular,endothelial_mesangial,27-10088::SEACell-2,-1.1930865,12.929799,EC-GC,Control/Other
Glomerular,endothelial_mesangial,27-10089::SEACell-0,1.0481615,11.033334,MC,Control/Other
Glomerular,endothelial_mesangial,27-10089::SEACell-2,-1.6352558,12.082587,EC-GC,Control/Other
Glomerular,endothelial_mesangial,27-10094::SEACell-1,-0.014414537,11.889598,EC-GC,CKD
Glomerular,endothelial_mesangial,27-10104::SEACell-0,-0.49275944,11.067306,EC-GC,CKD
Glomerular,endothelial_mesangial,27-10154::SEACell-0,-0.27716818,9.682386,EC-GC,CKD
Glomerular,endothelial_mesangial,27-10163::SEACell-1,-0.18966103,9.778541,dEC-GC,Control/Other
Glomerular,endothelial_mesangial,27-10171::SEACell-3,-0.70154417,7.757349,EC-GC,Control/Other
Glomerular,endothelial_mesangial,27-10206::SEACell-0,0.71845734,10.729784,EC-GC,Control/Other
Glomerular,endothelial_mesangial,28-10051::SEACell-1,-1.5214503,11.544979,EC-GC,CKD
Glomerular,endothelial_mesangial,28-10051::SEACell-2,-3.0195968,10.414388,EC-GC,CKD
Glomerular,endothelial_mesangial,28-10109::SEACell-0,-3.2591398,10.066497,EC-GC,CKD
Glomerular,endothelial_mesangial,28-10109::SEACell-11,-2.9638495,10.192906,EC-GC,CKD
Glomerular,endothelial_mesangial,28-10109::SEACell-3,-2.9052463,10.514609,EC-GC,CKD
Glomerular,endothelial_mesangial,28-10109::SEACell-6,-2.776081,10.031126,EC-GC,CKD
Glomerular,endothelial_mesangial,28-10109::SEACell-7,6.677099,10.62409,MC,CKD
Glomerular,endothelial_mesangial,28-12178::mc0,0.83575827,11.88435,MC,CKD
Glomerular,endothelial_mesangial,28-12372::SEACell-1,-0.15198185,7.2045903,dEC-GC,CKD
Glomerular,endothelial_mesangial,28-12412::SEACell-3,-1.4083216,10.33061,EC-GC,CKD
Glomerular,endothelial_mesangial,28-12412::SEACell-4,-1.1880729,10.716175,EC-GC,CKD
Glomerular,endothelial_mesangial,28-12546::mc0,-0.15282665,10.125929,EC-GC,CKD
Glomerular,endothelial_mesangial,28-12558::SEACell-1,-1.012542,10.182236,EC-GC,CKD
Glomerular,endothelial_mesangial,28-12579::SEACell-0,-0.93677795,8.691581,EC-GC,CKD
Glomerular,endothelial_mesangial,28-12579::SEACell-2,1.666346,10.658508,MC,CKD
Glomerular,endothelial_mesangial,29-10008::SEACell-0,-0.9165262,11.59002,EC-GC,CKD
Glomerular,endothelial_mesangial,29-10011::SEACell-4,6.2873836,10.42316,MC,CKD
Glomerular,endothelial_mesangial,29-10011::SEACell-5,-2.2405567,10.423608,EC-GC,CKD
Glomerular,endothelial_mesangial,29-10012::SEACell-0,-0.5761125,11.787081,EC-GC,CKD
Glomerular,endothelial_mesangial,29-10012::SEACell-3,-1.9196523,9.891677,EC-GC,CKD
Glomerular,endothelial_mesangial,29-10016::SEACell-1,-1.6969192,12.880386,EC-GC,CKD
Glomerular,endothelial_mesangial,29-10016::SEACell-2,7.1236286,10.956422,MC,CKD
Glomerular,endothelial_mesangial,29-10016::SEACell-3,-1.8861033,12.818605,EC-GC,CKD
Glomerular,endothelial_mesangial,29-10016::SEACell-4,-2.1085205,12.591055,EC-GC,CKD
Glomerular,endothelial_mesangial,29-10276::SEACell-0,-2.7505813,11.938298,EC-GC,CKD
Glomerular,endothelial_mesangial,29-10276::SEACell-1,7.1912613,10.773475,MC,CKD
Glomerular,endothelial_mesangial,29-10276::SEACell-3,-2.4748046,12.315663,EC-GC,CKD
Glomerular,endothelial_mesangial,29-10276::SEACell-5,-1.5690039,13.049663,EC-GC,CKD
Glomerular,endothelial_mesangial,29-10277::SEACell-1,-2.8027859,11.33331,EC-GC,CKD
Glomerular,endothelial_mesangial,29-10277::SEACell-3,6.723639,9.913743,MC,CKD
Glomerular,endothelial_mesangial,29-10277::SEACell-5,-2.107906,12.1938,EC-GC,CKD
Glomerular,endothelial_mesangial,29-10280::SEACell-0,6.4120812,10.508978,MC,CKD
Glomerular,endothelial_mesangial,29-10280::SEACell-2,0.4890941,11.544342,EC-GC,CKD
Glomerular,endothelial_mesangial,29-10380::SEACell-0,-0.8081293,11.451644,EC-GC,CKD
Glomerular,endothelial_mesangial,29-10380::SEACell-2,-2.6121802,12.00457,EC-GC,CKD
Glomerular,endothelial_mesangial,29-10393::mc0,0.9789128,10.980436,EC-GC,CKD
Glomerular,endothelial_mesangial,29-10399::SEACell-1,-0.69538474,9.442215,EC-GC,CKD
Glomerular,endothelial_mesangial,29-10400::SEACell-1,-1.8724484,11.912748,EC-GC,CKD
Glomerular,endothelial_mesangial,29-10401::mc0,0.563558,11.597693,EC-GC,CKD
Glomerular,endothelial_mesangial,29-10402::SEACell-1,5.266371,10.012626,MC,CKD
Glomerular,endothelial_mesangial,29-10402::SEACell-2,-0.823903,8.836889,EC-GC,CKD
Glomerular,endothelial_mesangial,29-10410::mc0,1.3451082,10.190074,EC-GC,CKD
Glomerular,endothelial_mesangial,29-10662::SEACell-1,5.547197,10.184221,MC,CKD
Glomerular,endothelial_mesangial,29-10662::SEACell-2,-1.363402,9.304239,EC-GC,CKD
Glomerular,endothelial_mesangial,30-10034::SEACell-2,-1.2567761,11.315265,EC-GC,AKI
Glomerular,endothelial_mesangial,30-10631::SEACell-12,6.395829,10.372402,MC,AKI
Glomerular,endothelial_mesangial,30-10631::SEACell-13,-3.3368542,5.7492146,dEC-GC,AKI
Glomerular,endothelial_mesangial,30-10631::SEACell-14,5.7795777,9.750975,MC,AKI
Glomerular,endothelial_mesangial,30-10631::SEACell-16,-2.929029,6.2118454,EC-GC,AKI
Glomerular,endothelial_mesangial,30-10631::SEACell-17,5.766641,9.800087,MC,AKI
Glomerular,endothelial_mesangial,30-10631::SEACell-19,-2.6465266,9.225318,EC-GC,AKI
Glomerular,endothelial_mesangial,30-10631::SEACell-3,6.320242,10.029062,MC,AKI
Glomerular,endothelial_mesangial,30-10631::SEACell-8,-2.199197,10.202431,EC-GC,AKI
Glomerular,endothelial_mesangial,30-10631::SEACell-9,-3.3849022,6.1784434,EC-GC,AKI
Glomerular,endothelial_mesangial,30-10868::SEACell-0,1.4914093,11.174497,EC-GC,AKI
Glomerular,endothelial_mesangial,30-10929::SEACell-0,0.0033583487,11.373798,EC-GC,AKI
Glomerular,endothelial_mesangial,30-11084::SEACell-3,0.17028534,8.930278,dEC-GC,AKI
Glomerular,endothelial_mesangial,31-10006::mc0,1.2128342,10.49268,dEC-GC,CKD
Glomerular,endothelial_mesangial,31-10013::mc0,1.1158731,11.761318,EC-GC,CKD
Glomerular,endothelial_mesangial,31-10035::SEACell-1,-0.735584,12.769512,EC-GC,CKD
Glomerular,endothelial_mesangial,31-10035::SEACell-10,6.7011175,10.991767,MC,CKD
Glomerular,endothelial_mesangial,31-10061::SEACell-1,-0.88359797,12.326335,EC-GC,CKD
Glomerular,endothelial_mesangial,31-10063::SEACell-1,-0.9880166,11.901046,EC-GC,CKD
Glomerular,endothelial_mesangial,31-10081::SEACell-2,-1.5868374,12.291937,EC-GC,CKD
Glomerular,endothelial_mesangial,31-10091::SEACell-0,-0.58705276,12.665646,EC-GC,CKD
Glomerular,endothelial_mesangial,31-10105::SEACell-0,0.34719312,11.884863,EC-GC,CKD
Glomerular,endothelial_mesangial,31-10169::mc0,-1.0989724,9.588648,EC-GC,CKD
Glomerular,endothelial_mesangial,31-10177::SEACell-1,-0.2887916,12.125387,EC-GC,CKD
Glomerular,endothelial_mesangial,31-10236::SEACell-0,-0.31327415,8.651171,dEC-GC,CKD
Glomerular,endothelial_mesangial,31-10322::SEACell-1,-0.2125653,9.098534,dEC-GC,CKD
Glomerular,endothelial_mesangial,31-10340::mc0,1.2794635,10.264411,EC-GC,CKD
Glomerular,endothelial_mesangial,32-10003::SEACell-3,-2.2161536,9.764831,EC-GC,AKI
Glomerular,endothelial_mesangial,32-10003::SEACell-4,-1.7677411,9.563153,EC-GC,AKI
Glomerular,endothelial_mesangial,32-10034::SEACell-1,7.197895,10.101631,MC,AKI
Glomerular,endothelial_mesangial,32-10034::SEACell-3,-2.3709016,10.464923,EC-GC,AKI
Glomerular,endothelial_mesangial,32-10205::SEACell-0,-2.2945225,12.333155,EC-GC,AKI
Glomerular,endothelial_mesangial,32-10205::SEACell-2,-1.5832973,12.700218,EC-GC,AKI
Glomerular,endothelial_mesangial,32-10205::SEACell-4,7.328864,10.590933,MC,AKI
Glomerular,endothelial_mesangial,32-10333::SEACell-0,-2.502549,11.472762,EC-GC,AKI
Glomerular,endothelial_mesangial,33-10006::SEACell-2,-1.9356796,10.097326,EC-GC,AKI
Glomerular,endothelial_mesangial,33-10331::SEACell-0,-1.3248644,8.905508,EC-GC,AKI
Glomerular,endothelial_mesangial,3374::mc0,1.6946985,10.14789,MC,Control/Other
Glomerular,endothelial_mesangial,34-10187::SEACell-0,-2.1370351,10.902305,EC-GC,AKI
Glomerular,endothelial_mesangial,34-10209::SEACell-1,-0.68992627,11.3081045,EC-GC,AKI
Glomerular,endothelial_mesangial,34-10306::SEACell-0,-2.5064213,5.9088225,dEC-GC,AKI
Glomerular,endothelial_mesangial,3477::mc0,0.9019488,12.189889,EC-GC,CKD
Glomerular,endothelial_mesangial,3487::SEACell-4,-1.0452219,11.442002,EC-GC,CKD
Glomerular,endothelial_mesangial,3510::SEACell-0,-3.8352022,8.380534,dEC-GC,Control/Other
Glomerular,endothelial_mesangial,3510::SEACell-9,-4.0706472,8.888434,EC-GC,Control/Other
Glomerular,endothelial_mesangial,3535::SEACell-1,-5.0845437,10.888216,EC-GC,Control/Other
Glomerular,endothelial_mesangial,3535::SEACell-12,-4.8203015,11.074093,EC-GC,Control/Other
Glomerular,endothelial_mesangial,3535::SEACell-14,6.9263115,9.314237,MC,Control/Other
Glomerular,endothelial_mesangial,3535::SEACell-4,-5.018235,10.482517,EC-GC,Control/Other
Glomerular,endothelial_mesangial,3535::SEACell-5,-4.181231,11.4686165,EC-GC,Control/Other
Glomerular,endothelial_mesangial,3535::SEACell-6,-3.7541482,11.676082,EC-GC,Control/Other
Glomerular,endothelial_mesangial,3535::SEACell-8,-4.512178,10.732947,EC-GC,Control/Other
Glomerular,endothelial_mesangial,3579::SEACell-0,-1.4566025,11.024462,EC-GC,Control/Other
Glomerular,endothelial_mesangial,3609::SEACell-2,-3.1462002,13.381106,EC-GC,CKD
Glomerular,endothelial_mesangial,3612::SEACell-1,-3.6442683,12.5059805,EC-GC,CKD
Glomerular,endothelial_mesangial,3619::SEACell-1,-2.1917357,11.543155,EC-GC,Control/Other
Glomerular,endothelial_mesangial,3621::SEACell-2,-3.9904928,11.125421,EC-GC,Control/Other
Glomerular,endothelial_mesangial,3622::SEACell-0,-1.4987,10.455255,EC-GC,Control/Other
Glomerular,endothelial_mesangial,3625::SEACell-2,-3.3620121,12.778185,EC-GC,Control/Other
Glomerular,endothelial_mesangial,3625::SEACell-3,7.216085,10.340215,MC,Control/Other
Glomerular,endothelial_mesangial,3625::SEACell-4,-3.33871,13.045773,EC-GC,Control/Other
Glomerular,endothelial_mesangial,3626::SEACell-3,-3.331772,11.702414,EC-GC,Control/Other
Glomerular,endothelial_mesangial,3627::SEACell-3,-1.4351186,11.6197195,EC-GC,Control/Other
Glomerular,endothelial_mesangial,3630::SEACell-3,-1.817921,11.13964,EC-GC,Control/Other
Glomerular,endothelial_mesangial,3631::SEACell-0,-2.0163713,11.653528,EC-GC,Control/Other
Glomerular,endothelial_mesangial,3704::SEACell-0,-2.1078067,5.7051797,dEC-GC,Control/Other
Glomerular,endothelial_mesangial,3704::SEACell-4,-2.8469813,5.336662,EC-GC,Control/Other
Glomerular,endothelial_mesangial,3704::SEACell-8,-3.3104763,5.8231764,EC-GC,Control/Other
Glomerular,endothelial_mesangial,3704::SEACell-9,-2.9805257,5.9504437,EC-GC,Control/Other
Glomerular,endothelial_mesangial,3711::SEACell-0,-2.6995494,6.1915298,EC-GC,Control/Other
Glomerular,endothelial_mesangial,3711::SEACell-1,-1.3266019,8.1829195,EC-GC,Control/Other
Glomerular,endothelial_mesangial,3711::SEACell-11,-2.8069508,5.783592,EC-GC,Control/Other
Glomerular,endothelial_mesangial,3711::SEACell-4,-2.7199996,5.5150323,dEC-GC,Control/Other
Glomerular,endothelial_mesangial,3711::SEACell-7,-1.0273998,8.005478,dEC-GC,Control/Other
Glomerular,endothelial_mesangial,3712::SEACell-1,-2.9552739,7.3005657,EC-GC,Control/Other
Glomerular,endothelial_mesangial,3712::SEACell-2,0.5498564,9.429322,dEC-GC,Control/Other
Glomerular,endothelial_mesangial,3712::SEACell-4,-2.6307118,6.881481,dEC-GC,Control/Other
Glomerular,endothelial_mesangial,3716::SEACell-0,-1.1802068,7.920534,EC-GC,CKD
Glomerular,endothelial_mesangial,3716::SEACell-4,-4.028117,5.736848,EC-GC,CKD
Glomerular,endothelial_mesangial,3723::SEACell-1,5.0059066,9.611612,MC,Control/Other
Glomerular,endothelial_mesangial,3723::SEACell-10,-0.97327375,6.244715,dEC-GC,Control/Other
Glomerular,endothelial_mesangial,3723::SEACell-18,-0.1216567,7.6644106,EC-GC,Control/Other
Glomerular,endothelial_mesangial,3723::SEACell-21,-0.483974,7.2201505,EC-GC,Control/Other
Glomerular,endothelial_mesangial,3723::SEACell-3,-4.788191,11.426847,EC-GC,Control/Other
Glomerular,endothelial_mesangial,3723::SEACell-6,-0.44000757,6.882459,dEC-GC,Control/Other
Glomerular,endothelial_mesangial,3723::SEACell-8,-0.31485742,7.010413,EC-GC,Control/Other
Glomerular,endothelial_mesangial,3728::SEACell-1,0.7164616,10.2722435,EC-GC,Control/Other
Glomerular,endothelial_mesangial,3728::SEACell-2,-2.828657,7.0402784,EC-GC,Control/Other
Glomerular,endothelial_mesangial,3728::SEACell-5,5.777619,9.498979,MC,Control/Other
Glomerular,endothelial_mesangial,3728::SEACell-7,-3.0060875,6.490493,EC-GC,Control/Other
Glomerular,endothelial_mesangial,3778::SEACell-1,-4.9234643,10.369381,EC-GC,Control/Other
Glomerular,endothelial_mesangial,3778::SEACell-11,0.36608467,10.1232395,dEC-GC,Control/Other
Glomerular,endothelial_mesangial,3778::SEACell-12,-5.307833,10.599144,EC-GC,Control/Other
Glomerular,endothelial_mesangial,3778::SEACell-17,-3.4918203,6.705497,EC-GC,Control/Other
Glomerular,endothelial_mesangial,3778::SEACell-23,-4.878709,11.083828,EC-GC,Control/Other
Glomerular,endothelial_mesangial,3778::SEACell-3,6.5470767,9.696707,MC,Control/Other
Glomerular,endothelial_mesangial,3778::SEACell-4,-3.5092134,6.511275,EC-GC,Control/Other
Glomerular,endothelial_mesangial,3778::SEACell-6,-3.1040578,7.5036793,EC-GC,Control/Other
Glomerular,endothelial_mesangial,3778::SEACell-7,-1.5315483,7.9909167,dEC-GC,Control/Other
Glomerular,endothelial_mesangial,3781::SEACell-5,-1.8892925,11.368087,EC-GC,Control/Other
Glomerular,endothelial_mesangial,3782::SEACell-3,-2.9169765,5.633912,dEC-GC,AKI
Glomerular,endothelial_mesangial,3800::SEACell-1,-3.6127944,7.547229,EC-GC,Control/Other
Glomerular,endothelial_mesangial,3800::SEACell-3,-3.822421,7.856327,EC-GC,Control/Other
Glomerular,endothelial_mesangial,3814::mc0,0.1501098,12.057935,EC-GC,CKD
Glomerular,endothelial_mesangial,3825::SEACell-3,-1.3062259,8.277998,EC-GC,Control/Other
Glomerular,endothelial_mesangial,3900::SEACell-0,-0.9639935,8.138822,dEC-GC,Control/Other
Glomerular,endothelial_mesangial,3900::SEACell-5,-0.22297667,7.8036656,EC-GC,Control/Other
Glomerular,endothelial_mesangial,3903::SEACell-1,-4.3525615,11.319974,EC-GC,CKD
Glomerular,endothelial_mesangial,3904::SEACell-1,-4.1081276,7.9396954,EC-GC,CKD
Glomerular,endothelial_mesangial,3904::SEACell-5,5.986466,9.562673,MC,CKD
Glomerular,endothelial_mesangial,3907::SEACell-2,-1.5172263,7.733553,EC-GC,Control/Other
Glomerular,endothelial_mesangial,3918::SEACell-1,-3.1511323,6.1195254,dEC-GC,Control/Other
Glomerular,endothelial_mesangial,3918::SEACell-10,-3.2442431,6.9865384,EC-GC,Control/Other
Glomerular,endothelial_mesangial,3918::SEACell-3,-3.6995482,6.299019,EC-GC,Control/Other
Glomerular,endothelial_mesangial,3918::SEACell-4,-3.457038,6.585563,EC-GC,Control/Other
Glomerular,endothelial_mesangial,3918::SEACell-5,-3.3522,6.862131,EC-GC,Control/Other
Glomerular,endothelial_mesangial,3918::SEACell-6,4.8274984,9.764155,MC,Control/Other
Glomerular,endothelial_mesangial,3948::SEACell-0,-3.0970328,5.174006,EC-GC,Control/Other
Glomerular,endothelial_mesangial,3948::SEACell-11,-3.8072934,5.300487,EC-GC,Control/Other
Glomerular,endothelial_mesangial,3948::SEACell-12,-3.3599524,4.990622,dEC-GC,Control/Other
Glomerular,endothelial_mesangial,3948::SEACell-14,1.1003457,12.083483,EC-GC,Control/Other
Glomerular,endothelial_mesangial,3948::SEACell-16,-3.6996436,5.263323,EC-GC,Control/Other
Glomerular,endothelial_mesangial,3948::SEACell-2,5.5631304,9.594545,MC,Control/Other
Glomerular,endothelial_mesangial,3948::SEACell-4,-3.8877416,5.438669,EC-GC,Control/Other
Glomerular,endothelial_mesangial,3948::SEACell-5,-3.4032168,5.1370373,EC-GC,Control/Other
Glomerular,endothelial_mesangial,3948::SEACell-6,-3.2263439,5.0055957,dEC-GC,Control/Other
Glomerular,endothelial_mesangial,3965::SEACell-1,-3.7031643,7.0685997,EC-GC,Control/Other
Glomerular,endothelial_mesangial,3965::SEACell-4,-3.9506488,6.3920097,EC-GC,Control/Other
Glomerular,endothelial_mesangial,3965::SEACell-6,0.07856801,9.632715,dEC-GC,Control/Other
Glomerular,endothelial_mesangial,933-10010::mc0,1.4840885,10.560136,EC-GC,CKD
Glomerular,endothelial_mesangial,934-10016::SEACell-0,1.1651607,11.384537,EC-GC,CKD
Glomerular,endothelial_mesangial,936-10002::SEACell-2,-0.56340474,9.481757,EC-GC,CKD
Glomerular,endothelial_mesangial,COV-02-0010::SEACell-0,-5.562031,9.846906,EC-GC,AKI
Glomerular,endothelial_mesangial,COV-02-0010::SEACell-4,-5.0310082,10.819941,EC-GC,AKI
Glomerular,endothelial_mesangial,COV-02-0010::SEACell-5,-5.335604,9.723793,EC-GC,AKI
Glomerular,endothelial_mesangial,COV-02-0010::SEACell-6,-5.363643,10.272072,EC-GC,AKI
Glomerular,endothelial_mesangial,COV-02-0010::SEACell-7,-5.0834303,9.917416,EC-GC,AKI
Glomerular,endothelial_mesangial,D_080::SEACell-12,-0.33790293,7.4066677,dEC-GC,Control/Other
Glomerular,endothelial_mesangial,D_080::SEACell-19,0.17010766,6.8879943,dEC-GC,Control/Other
Glomerular,endothelial_mesangial,D_080::SEACell-2,-1.906859,6.80598,EC-GC,Control/Other
Glomerular,endothelial_mesangial,D_080::SEACell-20,-1.5868838,6.604021,EC-GC,Control/Other
Glomerular,endothelial_mesangial,D_080::SEACell-22,-1.3411661,6.528053,EC-GC,Control/Other
Glomerular,endothelial_mesangial,D_080::SEACell-25,-0.6518511,6.340263,EC-GC,Control/Other
Glomerular,endothelial_mesangial,D_080::SEACell-26,-0.5259891,6.3924837,dEC-GC,Control/Other
Glomerular,endothelial_mesangial,D_080::SEACell-29,0.29065704,8.456365,dEC-GC,Control/Other
Glomerular,endothelial_mesangial,D_080::SEACell-3,-0.6976395,7.2646604,EC-GC,Control/Other
Glomerular,endothelial_mesangial,D_080::SEACell-36,-1.3095254,6.6938562,EC-GC,Control/Other
Glomerular,endothelial_mesangial,D_080::SEACell-42,-0.33997282,6.5485864,EC-GC,Control/Other
Glomerular,endothelial_mesangial,D_080::SEACell-43,-3.8227124,13.350434,EC-GC,Control/Other
Glomerular,endothelial_mesangial,D_080::SEACell-48,-4.2740955,13.0400095,EC-GC,Control/Other
Glomerular,endothelial_mesangial,D_080::SEACell-5,-4.2462783,13.389459,EC-GC,Control/Other
Glomerular,endothelial_mesangial,D_080::SEACell-50,-1.8892394,6.546173,EC-GC,Control/Other
Glomerular,endothelial_mesangial,D_080::SEACell-51,-4.068696,13.103513,EC-GC,Control/Other
Glomerular,endothelial_mesangial,D_080::SEACell-52,0.13793202,6.577121,dEC-GC,Control/Other
Glomerular,endothelial_mesangial,D_080::SEACell-55,5.418313,9.686349,MC,Control/Other
Glomerular,endothelial_mesangial,D_080::SEACell-58,-4.005587,13.246156,EC-GC,Control/Other
Glomerular,endothelial_mesangial,D_080::SEACell-64,-4.365136,13.206533,EC-GC,Control/Other
Glomerular,endothelial_mesangial,D_080::SEACell-67,-3.6558225,13.417799,EC-GC,Control/Other
Glomerular,endothelial_mesangial,D_080::SEACell-69,-1.625654,6.529539,EC-GC,Control/Other
Glomerular,endothelial_mesangial,D_080::SEACell-7,0.06409082,6.728698,dEC-GC,Control/Other
Glomerular,endothelial_mesangial,D_080::SEACell-72,0.24436826,6.673191,dEC-GC,Control/Other
Glomerular,endothelial_mesangial,D_080::SEACell-8,-0.919191,7.078179,dEC-GC,Control/Other
Glomerular,endothelial_mesangial,IU-KRP-429::mc0,1.1486025,10.296095,EC-GC-FILIP1+,Control/Other
Glomerular,endothelial_mesangial,IU-KRP-430::SEACell-0,-0.093423314,7.992099,dEC-GC,Control/Other
Glomerular,endothelial_mesangial,IU-KRP-430::SEACell-2,-0.9153907,6.86676,EC-GC,Control/Other
Glomerular,endothelial_mesangial,KPMP_101::SEACell-0,-0.7748767,7.8420954,EC-GC,Control/Other
Glomerular,endothelial_mesangial,KRP446::SEACell-0,-5.371443,11.407641,EC-GC,Control/Other
Glomerular,endothelial_mesangial,KRP460::SEACell-3,-4.33258,11.002241,EC-GC,Control/Other
Glomerular,endothelial_mesangial,KRP462::SEACell-0,-4.1312294,9.413377,EC-GC,Control/Other
Glomerular,endothelial_mesangial,KRP462::SEACell-2,-5.228153,9.260081,EC-GC,Control/Other
Glomerular,endothelial_mesangial,SDKZ0001::SEACell-0,-6.153936,10.062437,EC-GC,Control/Other
Glomerular,endothelial_mesangial,SDKZ0001::SEACell-1,-6.355343,9.645928,EC-GC,Control/Other
Glomerular,endothelial_mesangial,SDKZ0001::SEACell-11,-6.096164,9.624912,EC-GC,Control/Other
Glomerular,endothelial_mesangial,SDKZ0001::SEACell-12,-6.289285,9.960223,EC-GC,Control/Other
Glomerular,endothelial_mesangial,SDKZ0001::SEACell-13,7.1984806,9.638612,MC,Control/Other
Glomerular,endothelial_mesangial,SDKZ0001::SEACell-2,-6.2850966,9.807508,EC-GC,Control/Other
Glomerular,endothelial_mesangial,SDKZ0001::SEACell-4,-6.4650683,9.94822,EC-GC,Control/Other
Glomerular,endothelial_mesangial,SDKZ0001::SEACell-6,7.1016154,9.488132,MC,Control/Other
Glomerular,endothelial_mesangial,SDKZ0001::SEACell-8,-6.1655464,10.143742,EC-GC,Control/Other
Glomerular,endothelial_mesangial,SDKZ0024::SEACell-2,-5.6605377,10.143934,EC-GC,CKD
Glomerular,endothelial_mesangial,SDKZ0024::SEACell-4,-1.4761099,11.894755,EC-GC,CKD
