compartment,trajectory,lineage,endpoint,outcome,disease_1,disease_2,n_disease_1,n_disease_2,median_disease_1,median_disease_2,median_difference,mean_disease_1,mean_disease_2,mannwhitney_u,rank_biserial,pvalue,robustness_match_fraction,robustness_spearman_median,robustness_spearman_q05,pvalue_bh
FIB,contractile,Lineage5,occupancy,fraction_lineage_supported,Chronic Kidney Disease,Reference,77,16,0.0,0.1269841269841269,-0.1269841269841269,0.0194805194805194,0.325534188034188,287.5,-0.5332792207792207,2.623245317807693e-09,0.96,0.9544057487278168,0.8380510317899472,4.739692680374615e-07
FIB,contractile,Lineage6,occupancy,fraction_lineage_supported,Chronic Kidney Disease,Reference,77,16,0.0,0.1,-0.1,0.0129870129870129,0.324156746031746,318.5,-0.4829545454545454,3.7616608574401714e-09,0.4,0.4794891752906818,-0.7654061170687154,4.739692680374615e-07
FIB,contractile,Lineage5,occupancy,fraction_lineage_supported,Chronic Kidney Disease,Healthy Reference,77,59,0.0,0.0,0.0,0.0194805194805194,0.2811514950099197,1409.0,-0.3797050407219898,3.40857351486794e-08,0.96,0.9544057487278168,0.8380510317899472,2.8632017524890696e-06
PT,PT,Lineage6,occupancy,fraction_lineage_supported,Acute Kidney Injury,Healthy Reference,40,71,0.0,0.375,-0.375,0.0544474186830003,0.3432346223408849,581.0,-0.5908450704225352,7.157085590247626e-08,1.0,0.9819600103586548,0.868584140640096,4.508963921856004e-06
PT,PT,Lineage11,occupancy,fraction_lineage_supported,Acute Kidney Injury,Healthy Reference,40,71,0.0,0.0588235294117647,-0.0588235294117647,0.0143939393939393,0.1185251554968653,675.5,-0.5242957746478873,1.294541489402576e-07,0.7010309278350515,0.7567238080495372,-0.0802891173165392,4.660349361849274e-06
PT,PT,Lineage7,occupancy,fraction_lineage_supported,Acute Kidney Injury,Diabetes Mellitus - Resilient,40,11,0.0,0.7333333333333333,-0.7333333333333333,0.0685608023787438,0.6543417039452444,8.0,-0.9636363636363636,1.1461695851360393e-07,0.845360824742268,0.9523749305690636,0.6766285461753472,4.660349361849274e-06
PT,PT,Lineage7,occupancy,fraction_lineage_supported,Acute Kidney Injury,Healthy Reference,40,71,0.0,0.4,-0.4,0.0685608023787438,0.3653016437782613,587.0,-0.5866197183098592,1.0416142934364829e-07,0.845360824742268,0.9523749305690636,0.6766285461753472,4.660349361849274e-06
PT,PT,Lineage11,occupancy,fraction_lineage_supported,Acute Kidney Injury,Diabetes Mellitus - Resilient,40,11,0.0,0.1515151515151515,-0.1515151515151515,0.0143939393939393,0.1752559178891466,69.5,-0.6840909090909091,2.347389221853699e-07,0.7010309278350515,0.7567238080495372,-0.0802891173165392,7.394276048839151e-06
FIB,contractile,Lineage6,occupancy,fraction_lineage_supported,Chronic Kidney Disease,Healthy Reference,77,59,0.0,0.0,0.0,0.0129870129870129,0.2238544467607279,1537.0,-0.3233546114902047,2.935750606482493e-07,0.4,0.4794891752906818,-0.7654061170687154,8.22010169815098e-06
PT,PT,Lineage9,occupancy,fraction_lineage_supported,Chronic Kidney Disease,Healthy Reference,84,71,0.0,0.0416666666666666,-0.0416666666666666,0.0260137240007992,0.1270107645933113,1818.0,-0.3903420523138833,4.048417285561019e-07,0.8556701030927835,0.8889416692803775,0.3464183380628481,1.0202011559613769e-05
PT,PT,Lineage6,occupancy,fraction_lineage_supported,Acute Kidney Injury,Diabetes Mellitus - Resilient,40,11,0.0,0.4571428571428571,-0.4571428571428571,0.0544474186830003,0.4187421732691878,25.0,-0.8863636363636364,8.21092555533849e-07,1.0,0.9819600103586548,0.868584140640096,1.7405711516846293e-05
PT,PT,Lineage9,occupancy,fraction_lineage_supported,Acute Kidney Injury,Reference,40,16,0.0,0.139271590764128,-0.139271590764128,0.0128787878787878,0.1953579917878846,131.0,-0.590625,8.288434055641091e-07,0.8556701030927835,0.8889416692803775,0.3464183380628481,1.7405711516846293e-05
PT,PT,Lineage9,occupancy,fraction_lineage_supported,Acute Kidney Injury,Healthy Reference,40,71,0.0,0.0416666666666666,-0.0416666666666666,0.0128787878787878,0.1270107645933113,750.5,-0.4714788732394366,9.663745080332942e-07,0.8556701030927835,0.8889416692803775,0.3464183380628481,1.8732798155722317e-05
PT,PT,Lineage11,occupancy,fraction_lineage_supported,Acute Kidney Injury,Reference,40,16,0.0,0.1542591918456498,-0.1542591918456498,0.0143939393939393,0.1579038982539597,133.0,-0.584375,1.0817131008395547e-06,0.7010309278350515,0.7567238080495372,-0.0802891173165392,1.9470835815111988e-05
Glomerular,endothelial_mesangial,Lineage4,occupancy,fraction_lineage_supported,Chronic Kidney Disease,Reference,56,13,0.0,0.7777777777777778,-0.7777777777777778,0.1160714285714285,0.6018081918081918,120.5,-0.668956043956044,2.0993962596575443e-06,0.91,0.970035900614194,0.7130215094255472,3.5269857162246744e-05
PT,PT,Lineage7,occupancy,fraction_lineage_supported,Acute Kidney Injury,Chronic Kidney Disease,40,84,0.0,0.3,-0.3,0.0685608023787438,0.3145150321024189,849.0,-0.4946428571428571,3.3721697032345654e-06,0.845360824742268,0.9523749305690636,0.6766285461753472,5.311167282594441e-05
FIB,contractile,Lineage5,occupancy,fraction_lineage_supported,Acute Kidney Injury,Reference,37,16,0.0,0.1269841269841269,-0.1269841269841269,0.0033783783783783,0.325534188034188,134.0,-0.5472972972972974,4.5661777226468315e-06,0.96,0.9544057487278168,0.8380510317899472,6.392648811705564e-05
FIB,contractile,Lineage6,occupancy,fraction_lineage_supported,Acute Kidney Injury,Reference,37,16,0.0,0.1,-0.1,0.0,0.324156746031746,148.0,-0.5,4.458214631725542e-06,0.4,0.4794891752906818,-0.7654061170687154,6.392648811705564e-05
FIB,outer_medullary,Lineage2,occupancy,fraction_lineage_supported,Chronic Kidney Disease,Healthy Reference,17,33,0.0,1.0,-1.0,0.0588235294117647,0.7071941402823756,72.5,-0.7415329768270944,5.100382624514697e-06,1.0,0.9918824215252988,0.94289838458206,6.764718007251072e-05
PT,PT,Lineage9,occupancy,fraction_lineage_supported,Chronic Kidney Disease,Reference,84,16,0.0,0.139271590764128,-0.139271590764128,0.0260137240007992,0.1953579917878846,320.0,-0.5238095238095238,7.362738865058675e-06,0.8556701030927835,0.8889416692803775,0.3464183380628481,9.27705096997393e-05
PT,PT,Lineage9,occupancy,fraction_lineage_supported,Acute Kidney Injury,Diabetes Mellitus - Resilient,40,11,0.0,0.0909090909090909,-0.0909090909090909,0.0128787878787878,0.0838628108220584,108.5,-0.5068181818181818,2.1466357838287065e-05,0.8556701030927835,0.8889416692803775,0.3464183380628481,0.0002575962940594
PT,PT,Lineage2,occupancy,fraction_lineage_supported,Acute Kidney Injury,Chronic Kidney Disease,40,84,0.262531328320802,0.4082491582491582,-0.1457178299283562,0.259161194700352,0.4311271162195127,892.5,-0.46875,2.546451831721124e-05,0.9896907216494846,0.9662518525839936,0.5998290008876874,0.0002916844825426
FIB,contractile,Lineage5,occupancy,fraction_lineage_supported,Acute Kidney Injury,Healthy Reference,37,59,0.0,0.0,0.0,0.0033783783783783,0.2811514950099197,666.5,-0.3893724232707284,3.393942908920402e-05,0.96,0.9544057487278168,0.8380510317899472,0.0003608791339812
PT,PT,Lineage6,occupancy,fraction_lineage_supported,Acute Kidney Injury,Reference,40,16,0.0,0.302015563209593,-0.302015563209593,0.0544474186830003,0.3057113469830297,113.5,-0.6453125,3.436944133154324e-05,1.0,0.9819600103586548,0.868584140640096,0.0003608791339812
Glomerular,endothelial_mesangial,Lineage2,occupancy,fraction_lineage_supported,Chronic Kidney Disease,Healthy Reference,56,43,0.0,1.0,-1.0,0.3574404761904762,0.7375415282392027,654.5,-0.4563953488372093,4.004541208882961e-05,0.55,0.2752385546078828,-0.0428032234094718,0.0004036577538554
FIB,contractile,Lineage1,occupancy,fraction_lineage_supported,Acute Kidney Injury,Healthy Reference,37,59,1.0,0.0909090909090909,0.9090909090909092,0.7319819819819819,0.3297210858500672,1600.5,0.4663307375171781,4.945703873779191e-05,1.0,0.967451832261534,0.888837486837857,0.000479352836997
FIB,contractile,Lineage4,occupancy,fraction_lineage_supported,Acute Kidney Injury,Healthy Reference,37,59,0.0,0.4444444444444444,-0.4444444444444444,0.1426962676962676,0.4466455289709212,609.0,-0.4420522217132386,7.595928177188844e-05,0.85,0.7171717523137352,0.03506441293431,0.0007089532965376
FIB,contractile,Lineage6,occupancy,fraction_lineage_supported,Acute Kidney Injury,Healthy Reference,37,59,0.0,0.0,0.0,0.0,0.2238544467607279,721.5,-0.3389830508474576,8.812996967714211e-05,0.4,0.4794891752906818,-0.7654061170687154,0.0007931697270942
PT,PT,Lineage10,occupancy,fraction_lineage_supported,Acute Kidney Injury,Diabetes Mellitus - Resilient,40,11,0.0363756613756613,0.2,-0.1636243386243386,0.0675111192776784,0.2123939432624662,52.5,-0.7613636363636364,9.171544583899284e-05,0.9587628865979382,0.9591948756466192,0.7608870883095796,0.000796975598325
PT,PT,Lineage6,occupancy,fraction_lineage_supported,Acute Kidney Injury,Chronic Kidney Disease,40,84,0.0,0.1277173913043477,-0.1277173913043477,0.0544474186830003,0.1851584106656972,1014.0,-0.3964285714285714,0.0001429489769698,1.0,0.9819600103586548,0.868584140640096,0.0012007714065467
PT,PT,Lineage11,occupancy,fraction_lineage_supported,Chronic Kidney Disease,Healthy Reference,84,71,0.0,0.0588235294117647,-0.0588235294117647,0.0541347773337771,0.1185251554968653,2054.5,-0.3110328638497652,0.0002176327784733,0.7010309278350515,0.7567238080495372,-0.0802891173165392,0.001766341425625
PT,PT,Lineage7,occupancy,fraction_lineage_supported,Acute Kidney Injury,Reference,40,16,0.0,0.3096476025418833,-0.3096476025418833,0.0685608023787438,0.354589097916559,136.0,-0.575,0.0002242973238889,0.845360824742268,0.9523749305690636,0.6766285461753472,0.001766341425625
PT,PT,Lineage6,occupancy,fraction_lineage_supported,Chronic Kidney Disease,Healthy Reference,84,71,0.1277173913043477,0.375,-0.2472826086956522,0.1851584106656972,0.3432346223408849,1995.5,-0.3308182427900737,0.0003012659051841,1.0,0.9819600103586548,0.868584140640096,0.0023005760032246
Glomerular,endothelial_mesangial,Lineage3,occupancy,fraction_lineage_supported,Chronic Kidney Disease,Reference,56,13,1.0,0.3333333333333333,0.6666666666666667,0.812797619047619,0.4016150516150516,575.5,0.581043956043956,0.0003313973896742,1.0,0.9912040368614716,0.8566331659645343,0.0024562394764091
Glomerular,endothelial_mesangial,Lineage4,occupancy,fraction_lineage_supported,Healthy Reference,Reference,43,13,0.0,0.7777777777777778,-0.7777777777777778,0.1816168327796234,0.6018081918081918,123.5,-0.5581395348837209,0.000494131116937,0.91,0.970035900614194,0.7130215094255472,0.0035577440419469
PT,PT,Lineage11,occupancy,fraction_lineage_supported,Acute Kidney Injury,Chronic Kidney Disease,40,84,0.0,0.0,0.0,0.0143939393939393,0.0541347773337771,1214.0,-0.2773809523809524,0.0005687026960332,0.7010309278350515,0.7567238080495372,-0.0802891173165392,0.0039809188722324
PT,PT,Lineage7,occupancy,fraction_lineage_supported,Chronic Kidney Disease,Diabetes Mellitus - Resilient,84,11,0.3,0.7333333333333333,-0.4333333333333333,0.3145150321024189,0.6543417039452444,172.5,-0.6266233766233766,0.0006716693044407,0.845360824742268,0.9523749305690636,0.6766285461753472,0.0045746125599747
PT,PT,Lineage6,occupancy,fraction_lineage_supported,Chronic Kidney Disease,Diabetes Mellitus - Resilient,84,11,0.1277173913043477,0.4571428571428571,-0.3294254658385093,0.1851584106656972,0.4187421732691878,177.0,-0.6168831168831168,0.0007222821657853,1.0,0.9819600103586548,0.868584140640096,0.0047898712046817
Glomerular,endothelial_mesangial,Lineage2,occupancy,fraction_lineage_supported,Healthy Reference,Reference,43,13,1.0,0.0,1.0,0.7375415282392027,0.2914441114441114,443.0,0.5849731663685152,0.0008260772264377,0.55,0.2752385546078828,-0.0428032234094718,0.0053377297708282
PT,PT,Lineage11,occupancy,fraction_lineage_supported,Chronic Kidney Disease,Diabetes Mellitus - Resilient,84,11,0.0,0.1515151515151515,-0.1515151515151515,0.0541347773337771,0.1752559178891466,218.5,-0.527056277056277,0.0009804204237191,0.7010309278350515,0.7567238080495372,-0.0802891173165392,0.0061766486694309
FIB,contractile,Lineage1,occupancy,fraction_lineage_supported,Chronic Kidney Disease,Healthy Reference,77,59,0.75,0.0909090909090909,0.6590909090909091,0.5876368729309907,0.3297210858500672,2981.0,0.3123486682808716,0.0010916586702819,1.0,0.967451832261534,0.888837486837857,0.0067097069490498
PT,PT,Lineage9,occupancy,fraction_lineage_supported,Chronic Kidney Disease,Diabetes Mellitus - Resilient,84,11,0.0,0.0909090909090909,-0.0909090909090909,0.0260137240007992,0.0838628108220584,266.0,-0.4242424242424242,0.0011341094414218,0.8556701030927835,0.8889416692803775,0.3464183380628481,0.0068046566485309
PT,PT,Lineage7,occupancy,fraction_lineage_supported,Diabetes Mellitus - Resilient,Healthy Reference,11,71,0.7333333333333333,0.4,0.3333333333333332,0.6543417039452444,0.3653016437782613,620.5,0.58898847631242,0.0016768195965269,0.845360824742268,0.9523749305690636,0.6766285461753472,0.009826942751739
PT,PT,Lineage2,occupancy,fraction_lineage_supported,Acute Kidney Injury,Diabetes Mellitus - Resilient,40,11,0.262531328320802,0.5757575757575758,-0.3132262474367738,0.259161194700352,0.548179134570431,83.0,-0.6227272727272728,0.0017606860502093,0.9896907216494846,0.9662518525839936,0.5998290008876874,0.0100839291966538
Glomerular,endothelial_mesangial,Lineage3,occupancy,fraction_lineage_supported,Healthy Reference,Reference,43,13,1.0,0.3333333333333333,0.6666666666666667,0.7836655592469547,0.4016150516150516,428.0,0.5313059033989267,0.0018967164636262,1.0,0.9912040368614716,0.8566331659645343,0.010621612196307
Glomerular,endothelial_mesangial,Lineage3,occupancy,fraction_lineage_supported,Acute Kidney Injury,Reference,16,13,1.0,0.3333333333333333,0.6666666666666667,0.8555555555555556,0.4016150516150516,171.5,0.6490384615384615,0.0019683990249709,1.0,0.9912040368614716,0.8566331659645343,0.0107834033541886
FIB,contractile,Lineage1,occupancy,fraction_lineage_supported,Diabetes Mellitus - Resilient,Healthy Reference,11,59,1.0,0.0909090909090909,0.9090909090909092,0.8181818181818182,0.3297210858500672,505.0,0.5562403697996918,0.0021257275390666,1.0,0.967451832261534,0.888837486837857,0.0108595346527169
FIB,contractile,Lineage4,occupancy,fraction_lineage_supported,Acute Kidney Injury,Reference,37,16,0.0,0.3571428571428571,-0.3571428571428571,0.1426962676962676,0.4253345034595034,162.0,-0.4527027027027027,0.0021546695739517,0.85,0.7171717523137352,0.03506441293431,0.0108595346527169
PT,PT,Lineage10,occupancy,fraction_lineage_supported,Chronic Kidney Disease,Diabetes Mellitus - Resilient,84,11,0.0784615384615384,0.2,-0.1215384615384615,0.1077737422619783,0.2123939432624662,202.0,-0.5627705627705628,0.0021241071754693,0.9587628865979382,0.9591948756466192,0.7608870883095796,0.0108595346527169
PT,PT,Lineage5,occupancy,fraction_lineage_supported,Diabetes Mellitus - Resilient,Healthy Reference,11,71,0.5151515151515151,0.2222222222222222,0.2929292929292929,0.4823444488390089,0.2270683520788519,616.5,0.5787451984635084,0.0020708651854833,0.9896907216494846,0.9826330785116726,0.5923228819609154,0.0108595346527169
PT,PT,Lineage8,occupancy,fraction_lineage_supported,Acute Kidney Injury,Diabetes Mellitus - Resilient,40,11,0.0894736842105263,0.3793103448275862,-0.2898366606170598,0.1543911291231436,0.353181053789573,87.0,-0.6045454545454545,0.0022545340708237,0.9690721649484536,0.9719748802611602,0.8026658118423097,0.0111400507028938
FIB,outer_medullary,Lineage2,occupancy,fraction_lineage_supported,Acute Kidney Injury,Healthy Reference,6,33,0.0,1.0,-1.0,0.0909090909090909,0.7071941402823756,25.0,-0.7474747474747474,0.0024896350996614,1.0,0.9918824215252988,0.94289838458206,0.0120651547137437
PT,PT,Lineage4,occupancy,fraction_lineage_supported,Acute Kidney Injury,Chronic Kidney Disease,40,84,0.4065934065934065,0.1723223753976669,0.2342710311957395,0.4134483600749717,0.2352099703699485,2233.5,0.3294642857142857,0.0027623059361645,0.5773195876288659,0.3338714361670214,-0.2446149238938639,0.0131339829417635
PT,PT,Lineage11,occupancy,fraction_lineage_supported,Chronic Kidney Disease,Reference,84,16,0.0,0.1542591918456498,-0.1542591918456498,0.0541347773337771,0.1579038982539597,399.0,-0.40625,0.0028575740656806,0.7010309278350515,0.7567238080495372,-0.0802891173165392,0.0133353456398428
FIB,contractile,Lineage4,occupancy,fraction_lineage_supported,Chronic Kidney Disease,Healthy Reference,77,59,0.0,0.4444444444444444,-0.4444444444444444,0.246799628942486,0.4466455289709212,1635.5,-0.2799911952454325,0.0029270649237472,0.85,0.7171717523137352,0.03506441293431,0.0134112792869875
PT,PT,Lineage10,occupancy,fraction_lineage_supported,Acute Kidney Injury,Healthy Reference,40,71,0.0363756613756613,0.1206896551724138,-0.0843139937967524,0.0675111192776784,0.1300004033829948,956.0,-0.3267605633802817,0.0038197932849761,0.9587628865979382,0.9591948756466192,0.7608870883095796,0.0171890697823926
FIB,contractile,Lineage5,occupancy,fraction_lineage_supported,Diabetes Mellitus - Resilient,Reference,11,16,0.0,0.1269841269841269,-0.1269841269841269,0.0,0.325534188034188,38.5,-0.5625,0.0039437923370014,0.96,0.9544057487278168,0.8380510317899472,0.0174357134899011
Glomerular,podocyte_PEC,Lineage1,occupancy,fraction_lineage_supported,Acute Kidney Injury,Healthy Reference,37,68,0.5,0.8229166666666667,-0.3229166666666667,0.4726512226512227,0.6940038515406163,850.5,-0.3239268680445151,0.0044169051299512,1.0,0.9569013558235862,0.7722847563799451,0.0191906912542711
PT,PT,Lineage1,occupancy,fraction_lineage_supported,Acute Kidney Injury,Chronic Kidney Disease,40,84,0.3660287081339712,0.5798319327731092,-0.2138032246391379,0.3672098366047559,0.5298237060829655,1149.5,-0.3157738095238095,0.0045752711957925,1.0,0.9934969350742048,0.8919259487233593,0.0192161390223287
PT,PT,Lineage3,occupancy,fraction_lineage_supported,Diabetes Mellitus - Resilient,Healthy Reference,11,71,0.5714285714285714,0.36,0.2114285714285714,0.5381179314057795,0.3348256175843875,599.5,0.5352112676056338,0.0045149693345772,0.9896907216494846,0.9669525812952102,0.6552198918576664,0.0192161390223287
PT,PT,Lineage8,occupancy,fraction_lineage_supported,Chronic Kidney Disease,Diabetes Mellitus - Resilient,84,11,0.1731634182908545,0.3793103448275862,-0.2061469265367316,0.2025992623197479,0.353181053789573,221.5,-0.5205627705627706,0.0050324019752502,0.9690721649484536,0.9719748802611602,0.8026658118423097,0.0207895950452962
PT,PT,Lineage2,occupancy,fraction_lineage_supported,Diabetes Mellitus - Resilient,Healthy Reference,11,71,0.5757575757575758,0.35,0.2257575757575758,0.548179134570431,0.3387852776563345,595.5,0.5249679897567221,0.0053228793986716,0.9896907216494846,0.9662518525839936,0.5998290008876874,0.0216349291687944
Glomerular,podocyte_PEC,Lineage1,occupancy,fraction_lineage_supported,Chronic Kidney Disease,Healthy Reference,69,68,0.5,0.8229166666666667,-0.3229166666666667,0.4946514837819185,0.6940038515406163,1731.5,-0.2619352088661552,0.0057964842173092,1.0,0.9569013558235862,0.7722847563799451,0.0231859368692371
Glomerular,endothelial_mesangial,Lineage4,occupancy,fraction_lineage_supported,Diabetes Mellitus - Resilient,Reference,5,13,0.0,0.7777777777777778,-0.7777777777777778,0.0,0.6018081918081918,5.0,-0.8461538461538461,0.0059702235213634,0.91,0.970035900614194,0.7130215094255472,0.0235077551153684
FIB,contractile,Lineage6,occupancy,fraction_lineage_supported,Diabetes Mellitus - Resilient,Reference,11,16,0.0,0.1,-0.1,0.0,0.324156746031746,44.0,-0.5,0.0077940149178409,0.4,0.4794891752906818,-0.7654061170687154,0.0299557247847148
Glomerular,endothelial_mesangial,Lineage4,occupancy,fraction_lineage_supported,Acute Kidney Injury,Reference,16,13,0.0,0.7777777777777778,-0.7777777777777778,0.1875,0.6018081918081918,47.5,-0.5432692307692308,0.0078455469674253,0.91,0.970035900614194,0.7130215094255472,0.0299557247847148
PT,PT,Lineage8,occupancy,fraction_lineage_supported,Diabetes Mellitus - Resilient,Reference,11,16,0.3793103448275862,0.1959410265744448,0.1833693182531414,0.353181053789573,0.19325211784098,142.0,0.6136363636363635,0.0082406337045062,0.9690721649484536,0.9719748802611602,0.8026658118423097,0.0309946222915759
FIB,outer_medullary,Lineage2,occupancy,fraction_lineage_supported,Chronic Kidney Disease,Reference,17,5,0.0,1.0,-1.0,0.0588235294117647,0.6,19.5,-0.5411764705882354,0.0083888164731295,1.0,0.9918824215252988,0.94289838458206,0.031087966929833
PT,PT,Lineage5,occupancy,fraction_lineage_supported,Acute Kidney Injury,Diabetes Mellitus - Resilient,40,11,0.2367724867724867,0.5151515151515151,-0.2783790283790284,0.2666570849620564,0.4823444488390089,106.5,-0.5159090909090909,0.0094451544145668,0.9896907216494846,0.9826330785116726,0.5923228819609154,0.0344953465575485
PT,PT,Lineage4,occupancy,fraction_lineage_supported,Chronic Kidney Disease,Diabetes Mellitus - Resilient,84,11,0.1723223753976669,0.5151515151515151,-0.3428291397538482,0.2352099703699485,0.4683584348529951,244.0,-0.4718614718614718,0.0101504992384038,0.5773195876288659,0.3338714361670214,-0.2446149238938639,0.0365417972582537
PT,PT,Lineage4,occupancy,fraction_lineage_supported,Diabetes Mellitus - Resilient,Healthy Reference,11,71,0.5151515151515151,0.2758620689655172,0.2392894461859979,0.4683584348529951,0.2552886582827097,577.5,0.4788732394366197,0.0107368436802739,0.5773195876288659,0.3338714361670214,-0.2446149238938639,0.0381082339074513
PT,PT,Lineage5,occupancy,fraction_lineage_supported,Chronic Kidney Disease,Diabetes Mellitus - Resilient,84,11,0.2283549783549783,0.5151515151515151,-0.2867965367965368,0.2727794207165667,0.4823444488390089,244.0,-0.4718614718614718,0.0110223938410605,0.9896907216494846,0.9826330785116726,0.5923228819609154,0.0385783784437118
PT,PT,Lineage3,occupancy,fraction_lineage_supported,Acute Kidney Injury,Diabetes Mellitus - Resilient,40,11,0.3086080586080586,0.5714285714285714,-0.2628205128205128,0.3346583369041712,0.5381179314057795,109.0,-0.5045454545454545,0.0113233972749317,0.9896907216494846,0.9669525812952102,0.6552198918576664,0.0390889878531889
FIB,contractile,Lineage5,occupancy,fraction_lineage_supported,Diabetes Mellitus - Resilient,Healthy Reference,11,59,0.0,0.0,0.0,0.0,0.2811514950099197,192.5,-0.4067796610169492,0.0119785766734348,0.96,0.9544057487278168,0.8380510317899472,0.0400664483071631
Glomerular,podocyte_PEC,Lineage2,occupancy,fraction_lineage_supported,Diabetes Mellitus - Resilient,Reference,11,15,0.0,0.4,-0.4,0.1666666666666666,0.4650887021475257,35.0,-0.5757575757575757,0.0118175768657325,1.0,0.9706090425661436,0.854659611666671,0.0400664483071631
PT,PT,Lineage4,occupancy,fraction_lineage_supported,Acute Kidney Injury,Healthy Reference,40,71,0.4065934065934065,0.2758620689655172,0.1307313376278893,0.4134483600749717,0.2552886582827097,1827.0,0.2866197183098591,0.0120835320291444,0.5773195876288659,0.3338714361670214,-0.2446149238938639,0.0400664483071631
PT,PT,Lineage8,occupancy,fraction_lineage_supported,Diabetes Mellitus - Resilient,Healthy Reference,11,71,0.3793103448275862,0.2419354838709677,0.1373748609566185,0.353181053789573,0.2228997980078627,574.0,0.4699103713188219,0.0125503787749675,0.9690721649484536,0.9719748802611602,0.8026658118423097,0.0410739668998938
Glomerular,endothelial_mesangial,Lineage1,occupancy,fraction_lineage_supported,Healthy Reference,Reference,43,13,1.0,0.2222222222222222,0.7777777777777778,0.6989479512735326,0.3768620268620269,399.0,0.4275491949910555,0.0131557502674888,1.0,0.9697396603885624,0.7901658372333197,0.0425031931718871
PT,PT,Lineage2,occupancy,fraction_lineage_supported,Acute Kidney Injury,Healthy Reference,40,71,0.262531328320802,0.35,-0.0874686716791979,0.259161194700352,0.3387852776563345,1028.0,-0.276056338028169,0.0160069786590409,0.9896907216494846,0.9662518525839936,0.5998290008876874,0.0510602357225103
PT,PT,Lineage7,occupancy,fraction_lineage_supported,Diabetes Mellitus - Resilient,Reference,11,16,0.7333333333333333,0.3096476025418833,0.42368573079145,0.6543417039452444,0.354589097916559,137.0,0.5568181818181819,0.0165317079510375,0.845360824742268,0.9523749305690636,0.6766285461753472,0.0516134477965825
PT,PT,Lineage8,occupancy,fraction_lineage_supported,Acute Kidney Injury,Healthy Reference,40,71,0.0894736842105263,0.2419354838709677,-0.1524617996604413,0.1543911291231436,0.2228997980078627,1032.0,-0.2732394366197183,0.0165900367917586,0.9690721649484536,0.9719748802611602,0.8026658118423097,0.0516134477965825
Glomerular,endothelial_mesangial,Lineage2,occupancy,fraction_lineage_supported,Acute Kidney Injury,Chronic Kidney Disease,16,56,0.9,0.0,0.9,0.6576388888888889,0.3574404761904762,611.5,0.3649553571428572,0.0172414360648051,0.55,0.2752385546078828,-0.0428032234094718,0.052985876686962
FIB,contractile,Lineage3,occupancy,fraction_lineage_supported,Chronic Kidney Disease,Healthy Reference,77,59,0.6666666666666666,0.3333333333333333,0.3333333333333333,0.5909336461857471,0.4067823831611416,2790.5,0.2284833810257538,0.018325672730081,0.99,0.9279245769920388,0.7713670679086668,0.0556393919033784
PT,PT,Lineage1,occupancy,fraction_lineage_supported,Acute Kidney Injury,Reference,40,16,0.3660287081339712,0.6813568376068376,-0.3153281294728663,0.3672098366047559,0.5527954759094614,190.5,-0.4046875,0.019119789716272,1.0,0.9934969350742048,0.8919259487233593,0.0573593691488162
PT,PT,Lineage10,occupancy,fraction_lineage_supported,Diabetes Mellitus - Resilient,Healthy Reference,11,71,0.2,0.1206896551724138,0.0793103448275862,0.2123939432624662,0.1300004033829948,561.5,0.4379001280409731,0.0197917756557265,0.9587628865979382,0.9591948756466192,0.7608870883095796,0.0586767937087422
Glomerular,endothelial_mesangial,Lineage1,occupancy,fraction_lineage_supported,Acute Kidney Injury,Reference,16,13,1.0,0.2222222222222222,0.7777777777777778,0.7479166666666666,0.3768620268620269,155.0,0.4903846153846154,0.0206405280824174,1.0,0.9697396603885624,0.7901658372333197,0.060481547404293
PT,PT,Lineage2,occupancy,fraction_lineage_supported,Acute Kidney Injury,Reference,40,16,0.262531328320802,0.4769230769230769,-0.2143917486022749,0.259161194700352,0.4272445937626944,193.5,-0.3953124999999999,0.0221473120041239,0.9896907216494846,0.9662518525839936,0.5998290008876874,0.0641508347705658
PT,PT,Lineage1,occupancy,fraction_lineage_supported,Acute Kidney Injury,Diabetes Mellitus - Resilient,40,11,0.3660287081339712,0.5454545454545454,-0.1794258373205741,0.3672098366047559,0.5738685966235293,120.0,-0.4545454545454546,0.0225658722318665,1.0,0.9934969350742048,0.8919259487233593,0.064620452300345
Glomerular,endothelial_mesangial,Lineage2,occupancy,fraction_lineage_supported,Acute Kidney Injury,Reference,16,13,0.9,0.0,0.9,0.6576388888888889,0.2914441114441114,153.5,0.4759615384615385,0.0247588450734823,0.55,0.2752385546078828,-0.0428032234094718,0.0696514582510356
Glomerular,podocyte_PEC,Lineage1,occupancy,fraction_lineage_supported,Acute Kidney Injury,Diabetes Mellitus - Resilient,37,11,0.5,1.0,-0.5,0.4726512226512227,0.7878787878787878,115.0,-0.4348894348894349,0.0248755208039412,1.0,0.9569013558235862,0.7722847563799451,0.0696514582510356
FIB,contractile,Lineage6,occupancy,fraction_lineage_supported,Diabetes Mellitus - Resilient,Healthy Reference,11,59,0.0,0.0,0.0,0.0,0.2238544467607279,214.5,-0.3389830508474576,0.026466256303044,0.4,0.4794891752906818,-0.7654061170687154,0.072494528134425
PT,PT,Lineage2,occupancy,fraction_lineage_supported,Chronic Kidney Disease,Healthy Reference,84,71,0.4082491582491582,0.35,0.0582491582491582,0.4311271162195127,0.3387852776563345,3600.0,0.2072434607645874,0.0263864544681631,0.9896907216494846,0.9662518525839936,0.5998290008876874,0.072494528134425
Glomerular,podocyte_PEC,Lineage1,occupancy,fraction_lineage_supported,Chronic Kidney Disease,Diabetes Mellitus - Resilient,69,11,0.5,1.0,-0.5,0.4946514837819185,0.7878787878787878,233.0,-0.386034255599473,0.0332018045686862,1.0,0.9569013558235862,0.7722847563799451,0.0899661801216014
FIB,contractile,Lineage4,occupancy,fraction_lineage_supported,Acute Kidney Injury,Chronic Kidney Disease,37,77,0.0,0.0,0.0,0.1426962676962676,0.246799628942486,1132.5,-0.204984204984205,0.0367795709697908,0.85,0.7171717523137352,0.03506441293431,0.0955770109624769
Glomerular,endothelial_mesangial,Lineage2,occupancy,fraction_lineage_supported,Diabetes Mellitus - Resilient,Healthy Reference,5,43,0.0,1.0,-1.0,0.3,0.7375415282392027,50.0,-0.5348837209302326,0.0367895637434931,0.55,0.2752385546078828,-0.0428032234094718,0.0955770109624769
Glomerular,podocyte_PEC,Lineage2,occupancy,fraction_lineage_supported,Healthy Reference,Reference,68,15,0.275,0.4,-0.125,0.2954686041083099,0.4650887021475257,338.0,-0.3372549019607843,0.036203546477423,1.0,0.9706090425661436,0.854659611666671,0.0955770109624769
PT,PT,Lineage10,occupancy,fraction_lineage_supported,Acute Kidney Injury,Reference,40,16,0.0363756613756613,0.1393162393162393,-0.1029405779405779,0.0675111192776784,0.1339385644314045,208.0,-0.35,0.0360701012963924,0.9587628865979382,0.9591948756466192,0.7608870883095796,0.0955770109624769
FIB,contractile,Lineage1,occupancy,fraction_lineage_supported,Diabetes Mellitus - Resilient,Reference,11,16,1.0,0.4714285714285713,0.5285714285714287,0.8181818181818182,0.5291005291005291,128.0,0.4545454545454546,0.0383607958149257,1.0,0.967451832261534,0.888837486837857,0.0986420463812376
PT,PT,Lineage9,occupancy,fraction_lineage_supported,Acute Kidney Injury,Chronic Kidney Disease,40,84,0.0,0.0,0.0,0.0128787878787878,0.0260137240007992,1467.5,-0.1264880952380952,0.0391772688778251,0.8556701030927835,0.8889416692803775,0.3464183380628481,0.099723957143555
FIB,outer_medullary,Lineage1,occupancy,fraction_lineage_supported,Chronic Kidney Disease,Healthy Reference,17,33,1.0,1.0,0.0,1.0,0.8506417112299465,340.0,0.2121212121212121,0.0450728874823101,1.0,0.9869294180465916,0.9589790451392668,0.1128471609903716
Glomerular,endothelial_mesangial,Lineage1,occupancy,fraction_lineage_supported,Diabetes Mellitus - Resilient,Healthy Reference,5,43,0.0,1.0,-1.0,0.3,0.6989479512735326,53.5,-0.5023255813953489,0.0452284256350299,1.0,0.9697396603885624,0.7901658372333197,0.1128471609903716
Glomerular,podocyte_PEC,Lineage2,occupancy,fraction_lineage_supported,Chronic Kidney Disease,Diabetes Mellitus - Resilient,69,11,0.5,0.0,0.5,0.4458247066942719,0.1666666666666666,514.5,0.3557312252964426,0.0459775584452314,1.0,0.9706090425661436,0.854659611666671,0.1135916149823364
FIB,contractile,Lineage1,occupancy,fraction_lineage_supported,Healthy Reference,Reference,59,16,0.0909090909090909,0.4714285714285713,-0.3805194805194805,0.3297210858500672,0.5291005291005291,323.5,-0.3146186440677966,0.0467002305354077,1.0,0.967451832261534,0.888837486837857,0.1142568747079878
FIB,contractile,Lineage1,occupancy,fraction_lineage_supported,Acute Kidney Injury,Reference,37,16,1.0,0.4714285714285713,0.5285714285714287,0.7319819819819819,0.5291005291005291,389.5,0.3158783783783783,0.0478982012456686,1.0,0.967451832261534,0.888837486837857,0.1149556829896047
FIB,contractile,Lineage4,occupancy,fraction_lineage_supported,Acute Kidney Injury,Diabetes Mellitus - Resilient,37,11,0.0,0.0,0.0,0.1426962676962676,0.4545454545454545,142.0,-0.3022113022113022,0.0478289747985907,0.85,0.7171717523137352,0.03506441293431,0.1149556829896047
Glomerular,podocyte_PEC,Lineage2,occupancy,fraction_lineage_supported,Chronic Kidney Disease,Healthy Reference,69,68,0.5,0.275,0.2249999999999999,0.4458247066942719,0.2954686041083099,2770.5,0.1809462915601023,0.0560980168824015,1.0,0.9706090425661436,0.854659611666671,0.1333650967392943
FIB,contractile,Lineage4,occupancy,fraction_lineage_supported,Chronic Kidney Disease,Reference,77,16,0.0,0.3571428571428571,-0.3571428571428571,0.246799628942486,0.4253345034595034,445.0,-0.2775974025974026,0.0586298495261038,0.85,0.7171717523137352,0.03506441293431,0.1368029822275755
PT,PT,Lineage6,occupancy,fraction_lineage_supported,Chronic Kidney Disease,Reference,84,16,0.1277173913043477,0.302015563209593,-0.1742981719052452,0.1851584106656972,0.3057113469830297,475.0,-0.2931547619047618,0.058446486376338,1.0,0.9819600103586548,0.868584140640096,0.1368029822275755
Glomerular,podocyte_PEC,Lineage2,occupancy,fraction_lineage_supported,Acute Kidney Injury,Diabetes Mellitus - Resilient,37,11,0.5,0.0,0.5,0.3947232947232947,0.1666666666666666,275.5,0.3538083538083538,0.0615877006668918,1.0,0.9706090425661436,0.854659611666671,0.1423862437436398
Glomerular,endothelial_mesangial,Lineage3,occupancy,fraction_lineage_supported,Diabetes Mellitus - Resilient,Reference,5,13,1.0,0.3333333333333333,0.6666666666666667,0.8,0.4016150516150516,51.0,0.5692307692307692,0.0623226856602084,1.0,0.9912040368614716,0.8566331659645343,0.1427756071488411
FIB,contractile,Lineage1,occupancy,fraction_lineage_supported,Acute Kidney Injury,Chronic Kidney Disease,37,77,1.0,0.75,0.25,0.7319819819819819,0.5876368729309907,1704.0,0.1962091962091963,0.0647466758290102,1.0,0.967451832261534,0.888837486837857,0.1443908168930139
Glomerular,endothelial_mesangial,Lineage1,occupancy,fraction_lineage_supported,Acute Kidney Injury,Diabetes Mellitus - Resilient,16,5,1.0,0.0,1.0,0.7479166666666666,0.3,61.0,0.5249999999999999,0.063765871927408,1.0,0.9697396603885624,0.7901658372333197,0.1443908168930139
PT,PT,Lineage3,occupancy,fraction_lineage_supported,Chronic Kidney Disease,Diabetes Mellitus - Resilient,84,11,0.3726851851851851,0.5714285714285714,-0.1987433862433862,0.4011034232301416,0.5381179314057795,302.5,-0.3452380952380952,0.0641962196319967,0.9896907216494846,0.9669525812952102,0.6552198918576664,0.1443908168930139
FIB,contractile,Lineage1,occupancy,fraction_lineage_supported,Chronic Kidney Disease,Diabetes Mellitus - Resilient,77,11,0.75,1.0,-0.25,0.5876368729309907,0.8181818181818182,289.5,-0.3164108618654073,0.0684333495005135,1.0,0.967451832261534,0.888837486837857,0.1512737199485036
PT,PT,Lineage1,occupancy,fraction_lineage_supported,Chronic Kidney Disease,Healthy Reference,84,71,0.5798319327731092,0.4166666666666667,0.1631652661064425,0.5298237060829655,0.4509614650500791,3484.5,0.1685110663983904,0.0711354158335762,1.0,0.9934969350742048,0.8919259487233593,0.1558793460005322
PT,PT,Lineage2,occupancy,fraction_lineage_supported,Chronic Kidney Disease,Diabetes Mellitus - Resilient,84,11,0.4082491582491582,0.5757575757575758,-0.1675084175084175,0.4311271162195127,0.548179134570431,309.5,-0.3300865800865801,0.0768425793622039,0.9896907216494846,0.9662518525839936,0.5998290008876874,0.1669338793040982
PT,PT,Lineage10,occupancy,fraction_lineage_supported,Diabetes Mellitus - Resilient,Reference,11,16,0.2,0.1393162393162393,0.0606837606837606,0.2123939432624662,0.1339385644314045,123.5,0.4034090909090908,0.0831515640561501,0.9587628865979382,0.9591948756466192,0.7608870883095796,0.177577916458897
PT,PT,Lineage5,occupancy,fraction_lineage_supported,Diabetes Mellitus - Resilient,Reference,11,16,0.5151515151515151,0.3344017094017094,0.1807498057498057,0.4823444488390089,0.3199451477296806,123.5,0.4034090909090908,0.0831515640561501,0.9896907216494846,0.9826330785116726,0.5923228819609154,0.177577916458897
Glomerular,endothelial_mesangial,Lineage1,occupancy,fraction_lineage_supported,Chronic Kidney Disease,Healthy Reference,56,43,0.625,1.0,-0.375,0.5491071428571429,0.6989479512735326,982.0,-0.1843853820598007,0.0843976168261301,1.0,0.9697396603885624,0.7901658372333197,0.1787243650435696
PT,PT,Lineage1,occupancy,fraction_lineage_supported,Diabetes Mellitus - Resilient,Healthy Reference,11,71,0.5454545454545454,0.4166666666666667,0.1287878787878787,0.5738685966235293,0.4509614650500791,517.0,0.323943661971831,0.0862644948915917,1.0,0.9934969350742048,0.8919259487233593,0.1811554392723426
PT,PT,Lineage8,occupancy,fraction_lineage_supported,Chronic Kidney Disease,Healthy Reference,84,71,0.1731634182908545,0.2419354838709677,-0.0687720655801131,0.2025992623197479,0.2228997980078627,2511.5,-0.1577800134138162,0.0896762998391121,0.9690721649484536,0.9719748802611602,0.8026658118423097,0.1867638641277377
PT,PT,Lineage10,occupancy,fraction_lineage_supported,Acute Kidney Injury,Chronic Kidney Disease,40,84,0.0363756613756613,0.0784615384615384,-0.042085877085877,0.0675111192776784,0.1077737422619783,1385.5,-0.1752976190476191,0.1047092510501589,0.9587628865979382,0.9591948756466192,0.7608870883095796,0.2162846824970496
FIB,outer_medullary,Lineage2,occupancy,fraction_lineage_supported,Acute Kidney Injury,Reference,6,5,0.0,1.0,-1.0,0.0909090909090909,0.6,7.0,-0.5333333333333333,0.1083499376842299,1.0,0.9918824215252988,0.94289838458206,0.2206049475569879
PT,PT,Lineage6,occupancy,fraction_lineage_supported,Diabetes Mellitus - Resilient,Reference,11,16,0.4571428571428571,0.302015563209593,0.155127293933264,0.4187421732691878,0.3057113469830297,121.0,0.375,0.108551640861375,1.0,0.9819600103586548,0.868584140640096,0.2206049475569879
PT,PT,Lineage3,occupancy,fraction_lineage_supported,Healthy Reference,Reference,71,16,0.36,0.4833333333333333,-0.1233333333333333,0.3348256175843875,0.4434580510443583,422.0,-0.2570422535211267,0.1103883977125487,0.9896907216494846,0.9669525812952102,0.6552198918576664,0.2225430097884983
PT,PT,Lineage10,occupancy,fraction_lineage_supported,Chronic Kidney Disease,Healthy Reference,84,71,0.0784615384615384,0.1206896551724138,-0.0422281167108753,0.1077737422619783,0.1300004033829948,2549.5,-0.1450368879946344,0.115236694971602,0.9587628865979382,0.9591948756466192,0.7608870883095796,0.230473389943204
PT,PT,Lineage2,occupancy,fraction_lineage_supported,Healthy Reference,Reference,71,16,0.35,0.4769230769230769,-0.1269230769230769,0.3387852776563345,0.4272445937626944,428.0,-0.2464788732394366,0.1256167196508347,0.9896907216494846,0.9662518525839936,0.5998290008876874,0.249255223244176
Glomerular,endothelial_mesangial,Lineage2,occupancy,fraction_lineage_supported,Acute Kidney Injury,Diabetes Mellitus - Resilient,16,5,0.9,0.0,0.9,0.6576388888888889,0.3,57.5,0.4375,0.1356749917879299,0.55,0.2752385546078828,-0.0428032234094718,0.262762090086955
PT,PT,Lineage3,occupancy,fraction_lineage_supported,Acute Kidney Injury,Reference,40,16,0.3086080586080586,0.4833333333333333,-0.1747252747252747,0.3346583369041712,0.4434580510443583,237.5,-0.2578125,0.1364649840022382,0.9896907216494846,0.9669525812952102,0.6552198918576664,0.262762090086955
PT,PT,Lineage4,occupancy,fraction_lineage_supported,Diabetes Mellitus - Resilient,Reference,11,16,0.5151515151515151,0.3746091307066916,0.1405423844448234,0.4683584348529951,0.3265780827884716,118.5,0.3465909090909091,0.1365945785769488,0.5773195876288659,0.3338714361670214,-0.2446149238938639,0.262762090086955
PT,PT,Lineage8,occupancy,fraction_lineage_supported,Acute Kidney Injury,Chronic Kidney Disease,40,84,0.0894736842105263,0.1731634182908545,-0.0836897340803282,0.1543911291231436,0.2025992623197479,1402.5,-0.1651785714285714,0.1352662440602987,0.9690721649484536,0.9719748802611602,0.8026658118423097,0.262762090086955
PT,PT,Lineage1,occupancy,fraction_lineage_supported,Healthy Reference,Reference,71,16,0.4166666666666667,0.6813568376068376,-0.2646901709401709,0.4509614650500791,0.5527954759094614,433.5,-0.2367957746478873,0.141772324997383,1.0,0.9934969350742048,0.8919259487233593,0.2706562568131856
Glomerular,podocyte_PEC,Lineage2,occupancy,fraction_lineage_supported,Diabetes Mellitus - Resilient,Healthy Reference,11,68,0.0,0.275,-0.275,0.1666666666666666,0.2954686041083099,277.0,-0.2593582887700535,0.1465315562323114,1.0,0.9706090425661436,0.854659611666671,0.2776387381243795
Glomerular,podocyte_PEC,Lineage1,occupancy,fraction_lineage_supported,Acute Kidney Injury,Reference,37,15,0.5,0.6666666666666666,-0.1666666666666666,0.4726512226512227,0.6488305322128852,207.5,-0.2522522522522522,0.1494871487302033,1.0,0.9569013558235862,0.7722847563799451,0.2811250856717257
FIB,contractile,Lineage3,occupancy,fraction_lineage_supported,Diabetes Mellitus - Resilient,Healthy Reference,11,59,1.0,0.3333333333333333,0.6666666666666667,0.6363636363636364,0.4067823831611416,410.0,0.2634822804314329,0.1516488542569748,0.99,0.9279245769920388,0.7713670679086668,0.2830778612796863
PT,PT,Lineage2,occupancy,fraction_lineage_supported,Diabetes Mellitus - Resilient,Reference,11,16,0.5757575757575758,0.4769230769230769,0.0988344988344989,0.548179134570431,0.4272445937626944,117.0,0.3295454545454546,0.1592951148910769,0.9896907216494846,0.9662518525839936,0.5998290008876874,0.2951644775922896
PT,PT,Lineage3,occupancy,fraction_lineage_supported,Chronic Kidney Disease,Healthy Reference,84,71,0.3726851851851851,0.36,0.0126851851851851,0.4011034232301416,0.3348256175843875,3364.5,0.1282696177062374,0.1696176033620343,0.9896907216494846,0.9669525812952102,0.6552198918576664,0.3119973434104574
Glomerular,endothelial_mesangial,Lineage1,occupancy,fraction_lineage_supported,Acute Kidney Injury,Chronic Kidney Disease,16,56,1.0,0.625,0.375,0.7479166666666666,0.5491071428571429,540.0,0.2053571428571428,0.1715448565070018,1.0,0.9697396603885624,0.7901658372333197,0.3132558249258293
Glomerular,podocyte_PEC,Lineage2,occupancy,fraction_lineage_supported,Acute Kidney Injury,Healthy Reference,37,68,0.5,0.275,0.2249999999999999,0.3947232947232947,0.2954686041083099,1450.0,0.1526232114467409,0.1797090394790385,1.0,0.9706090425661436,0.854659611666671,0.3258034384799834
PT,PT,Lineage4,occupancy,fraction_lineage_supported,Chronic Kidney Disease,Reference,84,16,0.1723223753976669,0.3746091307066916,-0.2022867553090247,0.2352099703699485,0.3265780827884716,532.0,-0.2083333333333333,0.182314224066459,0.5773195876288659,0.3338714361670214,-0.2446149238938639,0.3281656033196262
PT,PT,Lineage11,occupancy,fraction_lineage_supported,Diabetes Mellitus - Resilient,Healthy Reference,11,71,0.1515151515151515,0.0588235294117647,0.0926916221033868,0.1752559178891466,0.1185251554968653,485.0,0.2419974391805377,0.1844452221490347,0.7010309278350515,0.7567238080495372,-0.0802891173165392,0.3296467800110407
PT,PT,Lineage3,occupancy,fraction_lineage_supported,Acute Kidney Injury,Chronic Kidney Disease,40,84,0.3086080586080586,0.3726851851851851,-0.0640771265771265,0.3346583369041712,0.4011034232301416,1434.0,-0.1464285714285714,0.1889323554047509,0.9896907216494846,0.9669525812952102,0.6552198918576664,0.3352884053661777
PT,PT,Lineage1,occupancy,fraction_lineage_supported,Acute Kidney Injury,Healthy Reference,40,71,0.3660287081339712,0.4166666666666667,-0.0506379585326954,0.3672098366047559,0.4509614650500791,1207.0,-0.15,0.1915551165987249,1.0,0.9934969350742048,0.8919259487233593,0.3375656600201306
FIB,contractile,Lineage3,occupancy,fraction_lineage_supported,Acute Kidney Injury,Healthy Reference,37,59,0.6666666666666666,0.3333333333333333,0.3333333333333333,0.5442260442260441,0.4067823831611416,1256.5,0.1511681172698122,0.1946738011159406,0.99,0.9279245769920388,0.7713670679086668,0.3406791519528962
PT,PT,Lineage7,occupancy,fraction_lineage_supported,Chronic Kidney Disease,Healthy Reference,84,71,0.3,0.4,-0.1,0.3145150321024189,0.3653016437782613,2631.0,-0.1177062374245473,0.2020959985694328,0.845360824742268,0.9523749305690636,0.6766285461753472,0.3512289078586005
PT,PT,Lineage5,occupancy,fraction_lineage_supported,Healthy Reference,Reference,71,16,0.2222222222222222,0.3344017094017094,-0.1121794871794872,0.2270683520788519,0.3199451477296806,454.5,-0.1998239436619718,0.2132636310806946,0.9896907216494846,0.9826330785116726,0.5923228819609154,0.3680988700844866
FIB,contractile,Lineage3,occupancy,fraction_lineage_supported,Chronic Kidney Disease,Reference,77,16,0.6666666666666666,0.2678571428571428,0.3988095238095238,0.5909336461857471,0.4446225071225071,730.5,0.1858766233766233,0.2305930683159787,0.99,0.9279245769920388,0.7713670679086668,0.3945364841912847
FIB,outer_medullary,Lineage1,occupancy,fraction_lineage_supported,Acute Kidney Injury,Healthy Reference,6,33,1.0,1.0,0.0,1.0,0.8506417112299465,120.0,0.2121212121212121,0.2325426316067625,1.0,0.9869294180465916,0.9589790451392668,0.3945364841912847
Glomerular,podocyte_PEC,Lineage1,occupancy,fraction_lineage_supported,Diabetes Mellitus - Resilient,Reference,11,15,1.0,0.6666666666666666,0.3333333333333333,0.7878787878787878,0.6488305322128852,105.0,0.2727272727272727,0.2332775243829421,1.0,0.9569013558235862,0.7722847563799451,0.3945364841912847
Glomerular,endothelial_mesangial,Lineage4,occupancy,fraction_lineage_supported,Diabetes Mellitus - Resilient,Healthy Reference,5,43,0.0,0.0,0.0,0.0,0.1816168327796234,82.5,-0.2325581395348837,0.2426605771098321,0.91,0.970035900614194,0.7130215094255472,0.407669769544518
Glomerular,endothelial_mesangial,Lineage1,occupancy,fraction_lineage_supported,Chronic Kidney Disease,Diabetes Mellitus - Resilient,56,5,0.625,0.0,0.625,0.5491071428571429,0.3,179.5,0.2821428571428572,0.2612868549694683,1.0,0.9697396603885624,0.7901658372333197,0.4360548837901061
Glomerular,endothelial_mesangial,Lineage4,occupancy,fraction_lineage_supported,Chronic Kidney Disease,Healthy Reference,56,43,0.0,0.0,0.0,0.1160714285714285,0.1816168327796234,1097.5,-0.0884551495016611,0.2649201835145974,0.91,0.970035900614194,0.7130215094255472,0.4386463195184411
Glomerular,podocyte_PEC,Lineage1,occupancy,fraction_lineage_supported,Chronic Kidney Disease,Reference,69,15,0.5,0.6666666666666666,-0.1666666666666666,0.4946514837819185,0.6488305322128852,425.0,-0.178743961352657,0.2663209797076249,1.0,0.9569013558235862,0.7722847563799451,0.4386463195184411
FIB,outer_medullary,Lineage1,occupancy,fraction_lineage_supported,Healthy Reference,Reference,33,5,1.0,1.0,0.0,0.8506417112299465,1.0,65.0,-0.2121212121212121,0.2770709722271399,1.0,0.9869294180465916,0.9589790451392668,0.4533888636444108
PT,PT,Lineage8,occupancy,fraction_lineage_supported,Acute Kidney Injury,Reference,40,16,0.0894736842105263,0.1959410265744448,-0.1064673423639184,0.1543911291231436,0.19325211784098,260.5,-0.1859374999999999,0.2799092217616332,0.9690721649484536,0.9719748802611602,0.8026658118423097,0.4550782186060101
FIB,contractile,Lineage4,occupancy,fraction_lineage_supported,Chronic Kidney Disease,Diabetes Mellitus - Resilient,77,11,0.0,0.0,0.0,0.246799628942486,0.4545454545454545,347.0,-0.1806375442739078,0.2840991705872604,0.85,0.7171717523137352,0.03506441293431,0.4589294294101899
PT,PT,Lineage10,occupancy,fraction_lineage_supported,Chronic Kidney Disease,Reference,84,16,0.0784615384615384,0.1393162393162393,-0.0608547008547008,0.1077737422619783,0.1339385644314045,561.0,-0.1651785714285714,0.287272727267106,0.9587628865979382,0.9591948756466192,0.7608870883095796,0.4611001737026161
FIB,contractile,Lineage6,occupancy,fraction_lineage_supported,Healthy Reference,Reference,59,16,0.0,0.1,-0.1,0.2238544467607279,0.324156746031746,401.0,-0.1504237288135593,0.2926406530332854,0.4,0.4794891752906818,-0.7654061170687154,0.4667433200277717
FIB,contractile,Lineage2,occupancy,fraction_lineage_supported,Chronic Kidney Disease,Diabetes Mellitus - Resilient,77,11,0.5,1.0,-0.5,0.5144030339408491,0.6363636363636364,344.0,-0.1877213695395513,0.2994781479884487,0.41,0.3326610664085115,-0.4711735185450718,0.474534438523793
PT,PT,Lineage4,occupancy,fraction_lineage_supported,Chronic Kidney Disease,Healthy Reference,84,71,0.1723223753976669,0.2758620689655172,-0.1035396935678502,0.2352099703699485,0.2552886582827097,2697.0,-0.0955734406438632,0.3012917069992337,0.5773195876288659,0.3338714361670214,-0.2446149238938639,0.474534438523793
Glomerular,endothelial_mesangial,Lineage1,occupancy,fraction_lineage_supported,Chronic Kidney Disease,Reference,56,13,0.625,0.2222222222222222,0.4027777777777778,0.5491071428571429,0.3768620268620269,426.5,0.1717032967032967,0.3081977322663275,1.0,0.9697396603885624,0.7901658372333197,0.482396450503817
PT,PT,Lineage4,occupancy,fraction_lineage_supported,Healthy Reference,Reference,71,16,0.2758620689655172,0.3746091307066916,-0.0987470617411744,0.2552886582827097,0.3265780827884716,475.5,-0.1628521126760563,0.310491468975599,0.5773195876288659,0.3338714361670214,-0.2446149238938639,0.4829867295175983
FIB,contractile,Lineage2,occupancy,fraction_lineage_supported,Chronic Kidney Disease,Healthy Reference,77,59,0.5,0.6666666666666666,-0.1666666666666666,0.5144030339408491,0.5752749592795244,2050.5,-0.097292537970504,0.3162862188674855,0.41,0.3326610664085115,-0.4711735185450718,0.488982375181634
PT,PT,Lineage9,occupancy,fraction_lineage_supported,Diabetes Mellitus - Resilient,Reference,11,16,0.0909090909090909,0.139271590764128,-0.0483624998550371,0.0838628108220584,0.1953579917878846,68.0,-0.2272727272727273,0.319109946237523,0.8556701030927835,0.8889416692803775,0.3464183380628481,0.4903396734869255
FIB,contractile,Lineage3,occupancy,fraction_lineage_supported,Diabetes Mellitus - Resilient,Reference,11,16,1.0,0.2678571428571428,0.7321428571428572,0.6363636363636364,0.4446225071225071,107.5,0.2215909090909091,0.3315181343838831,0.99,0.9279245769920388,0.7713670679086668,0.5063186052408396
Glomerular,endothelial_mesangial,Lineage4,occupancy,fraction_lineage_supported,Acute Kidney Injury,Diabetes Mellitus - Resilient,16,5,0.0,0.0,0.0,0.1875,0.0,47.5,0.1875,0.3408032468860847,0.91,0.970035900614194,0.7130215094255472,0.5173639651523696
PT,PT,Lineage3,occupancy,fraction_lineage_supported,Diabetes Mellitus - Resilient,Reference,11,16,0.5714285714285714,0.4833333333333333,0.088095238095238,0.5381179314057795,0.4434580510443583,107.0,0.2159090909090908,0.3609242075064193,0.9896907216494846,0.9669525812952102,0.6552198918576664,0.5446281454587885
PT,PT,Lineage9,occupancy,fraction_lineage_supported,Healthy Reference,Reference,71,16,0.0416666666666666,0.139271590764128,-0.0976049240974614,0.1270107645933113,0.1953579917878846,489.5,-0.1382042253521126,0.3664355290010594,0.8556701030927835,0.8889416692803775,0.3464183380628481,0.5496532935015892
PT,PT,Lineage4,occupancy,fraction_lineage_supported,Acute Kidney Injury,Reference,40,16,0.4065934065934065,0.3746091307066916,0.0319842758867148,0.4134483600749717,0.3265780827884716,369.5,0.1546875000000001,0.3716884609137918,0.5773195876288659,0.3338714361670214,-0.2446149238938639,0.5509734832369149
PT,PT,Lineage5,occupancy,fraction_lineage_supported,Acute Kidney Injury,Healthy Reference,40,71,0.2367724867724867,0.2222222222222222,0.0145502645502644,0.2666570849620564,0.2270683520788519,1565.5,0.1024647887323944,0.3709454197750944,0.9896907216494846,0.9826330785116726,0.5923228819609154,0.5509734832369149
Glomerular,endothelial_mesangial,Lineage4,occupancy,fraction_lineage_supported,Chronic Kidney Disease,Diabetes Mellitus - Resilient,56,5,0.0,0.0,0.0,0.1160714285714285,0.0,160.0,0.1428571428571428,0.3817218096678239,0.91,0.970035900614194,0.7130215094255472,0.56112282709111
PT,PT,Lineage11,occupancy,fraction_lineage_supported,Healthy Reference,Reference,71,16,0.0588235294117647,0.1542591918456498,-0.0954356624338851,0.1185251554968653,0.1579038982539597,491.0,-0.1355633802816901,0.3829885962685354,0.7010309278350515,0.7567238080495372,-0.0802891173165392,0.56112282709111
PT,PT,Lineage5,occupancy,fraction_lineage_supported,Chronic Kidney Disease,Healthy Reference,84,71,0.2283549783549783,0.2222222222222222,0.0061327561327561,0.2727794207165667,0.2270683520788519,3221.5,0.0803152246814218,0.3881370070721402,0.9896907216494846,0.9826330785116726,0.5923228819609154,0.5653787617467014
PT,PT,Lineage6,occupancy,fraction_lineage_supported,Diabetes Mellitus - Resilient,Healthy Reference,11,71,0.4571428571428571,0.375,0.082142857142857,0.4187421732691878,0.3432346223408849,450.5,0.1536491677336748,0.4147890846599052,1.0,0.9819600103586548,0.868584140640096,0.6007290191626214
FIB,contractile,Lineage2,occupancy,fraction_lineage_supported,Chronic Kidney Disease,Reference,77,16,0.5,0.6857142857142857,-0.1857142857142857,0.5144030339408491,0.6235653235653236,539.0,-0.125,0.4227476408192002,0.41,0.3326610664085115,-0.4711735185450718,0.6087566027796484
Glomerular,podocyte_PEC,Lineage1,occupancy,fraction_lineage_supported,Healthy Reference,Reference,68,15,0.8229166666666667,0.6666666666666666,0.1562500000000001,0.6940038515406163,0.6488305322128852,572.0,0.1215686274509804,0.445466639413706,1.0,0.9569013558235862,0.7722847563799451,0.6378272337059882
FIB,contractile,Lineage1,occupancy,fraction_lineage_supported,Acute Kidney Injury,Diabetes Mellitus - Resilient,37,11,1.0,1.0,0.0,0.7319819819819819,0.8181818181818182,178.5,-0.1228501228501228,0.4510076614858794,1.0,0.967451832261534,0.888837486837857,0.6385052286204586
Glomerular,podocyte_PEC,Lineage1,occupancy,fraction_lineage_supported,Diabetes Mellitus - Resilient,Healthy Reference,11,68,1.0,0.8229166666666667,0.1770833333333332,0.7878787878787878,0.6940038515406163,424.5,0.1350267379679144,0.4486412164052812,1.0,0.9569013558235862,0.7722847563799451,0.6385052286204586
PT,PT,Lineage3,occupancy,fraction_lineage_supported,Chronic Kidney Disease,Reference,84,16,0.3726851851851851,0.4833333333333333,-0.1106481481481482,0.4011034232301416,0.4434580510443583,593.0,-0.1175595238095238,0.4599654836497561,0.9896907216494846,0.9669525812952102,0.6552198918576664,0.6475491725125058
FIB,contractile,Lineage2,occupancy,fraction_lineage_supported,Acute Kidney Injury,Diabetes Mellitus - Resilient,37,11,0.6666666666666666,1.0,-0.3333333333333333,0.541973791973792,0.6363636363636364,176.0,-0.1351351351351351,0.4692257400603501,0.41,0.3326610664085115,-0.4711735185450718,0.6493050791637155
FIB,contractile,Lineage3,occupancy,fraction_lineage_supported,Acute Kidney Injury,Diabetes Mellitus - Resilient,37,11,0.6666666666666666,1.0,-0.3333333333333333,0.5442260442260441,0.6363636363636364,176.0,-0.1351351351351351,0.4691969343955156,0.99,0.9279245769920388,0.7713670679086668,0.6493050791637155
FIB,contractile,Lineage5,occupancy,fraction_lineage_supported,Healthy Reference,Reference,59,16,0.0,0.1269841269841269,-0.1269841269841269,0.2811514950099197,0.325534188034188,420.5,-0.1091101694915254,0.466397184976593,0.96,0.9544057487278168,0.8380510317899472,0.6493050791637155
PT,PT,Lineage5,occupancy,fraction_lineage_supported,Acute Kidney Injury,Reference,40,16,0.2367724867724867,0.3344017094017094,-0.0976292226292227,0.2666570849620564,0.3199451477296806,280.0,-0.125,0.4715191646307933,0.9896907216494846,0.9826330785116726,0.5923228819609154,0.6493050791637155
FIB,contractile,Lineage3,occupancy,fraction_lineage_supported,Chronic Kidney Disease,Diabetes Mellitus - Resilient,77,11,0.6666666666666666,1.0,-0.3333333333333333,0.5909336461857471,0.6363636363636364,371.0,-0.1239669421487603,0.489628681501875,0.99,0.9279245769920388,0.7713670679086668,0.6705784116221332
FIB,contractile,Lineage6,occupancy,fraction_lineage_supported,Acute Kidney Injury,Chronic Kidney Disease,37,77,0.0,0.0,0.0,0.0,0.0129870129870129,1406.0,-0.0129870129870129,0.5000188310805909,0.4,0.4794891752906818,-0.7654061170687154,0.6793555451590514
Glomerular,podocyte_PEC,Lineage2,occupancy,fraction_lineage_supported,Acute Kidney Injury,Reference,37,15,0.5,0.4,0.0999999999999999,0.3947232947232947,0.4650887021475257,244.5,-0.1189189189189189,0.5014290928554903,1.0,0.9706090425661436,0.854659611666671,0.6793555451590514
FIB,outer_medullary,Lineage2,occupancy,fraction_lineage_supported,Acute Kidney Injury,Chronic Kidney Disease,6,17,0.0,0.0,0.0,0.0909090909090909,0.0588235294117647,56.0,0.0980392156862746,0.5193887334266417,1.0,0.9918824215252988,0.94289838458206,0.6999249241899129
FIB,contractile,Lineage2,occupancy,fraction_lineage_supported,Diabetes Mellitus - Resilient,Reference,11,16,1.0,0.6857142857142857,0.3142857142857143,0.6363636363636364,0.6235653235653236,100.5,0.1420454545454545,0.5314301797131629,0.41,0.3326610664085115,-0.4711735185450718,0.7101909826667777
Glomerular,podocyte_PEC,Lineage3,occupancy,fraction_lineage_supported,Acute Kidney Injury,Healthy Reference,37,68,0.4,0.5,-0.0999999999999999,0.4554697554697555,0.5014122315592904,1167.0,-0.0723370429252782,0.5326432370000833,0.99,0.5300124169227636,0.3223240241994038,0.7101909826667777
PT,PT,Lineage1,occupancy,fraction_lineage_supported,Chronic Kidney Disease,Reference,84,16,0.5798319327731092,0.6813568376068376,-0.1015249048337284,0.5298237060829655,0.5527954759094614,606.0,-0.0982142857142857,0.5375740950150212,1.0,0.9934969350742048,0.8919259487233593,0.7129930102304491
Glomerular,endothelial_mesangial,Lineage1,occupancy,fraction_lineage_supported,Diabetes Mellitus - Resilient,Reference,5,13,0.0,0.2222222222222222,-0.2222222222222222,0.3,0.3768620268620269,26.0,-0.1999999999999999,0.5412124812056743,1.0,0.9697396603885624,0.7901658372333197,0.7140604464074866
Glomerular,podocyte_PEC,Lineage2,occupancy,fraction_lineage_supported,Acute Kidney Injury,Chronic Kidney Disease,37,69,0.5,0.5,0.0,0.3947232947232947,0.4458247066942719,1189.0,-0.0685468076772424,0.5462823478629417,1.0,0.9706090425661436,0.854659611666671,0.716995581570111
PT,PT,Lineage6,occupancy,fraction_lineage_supported,Healthy Reference,Reference,71,16,0.375,0.302015563209593,0.0729844367904069,0.3432346223408849,0.3057113469830297,622.0,0.0950704225352112,0.5540761366345925,1.0,0.9819600103586548,0.868584140640096,0.7234569245177063
Glomerular,endothelial_mesangial,Lineage2,occupancy,fraction_lineage_supported,Acute Kidney Injury,Healthy Reference,16,43,0.9,1.0,-0.0999999999999999,0.6576388888888889,0.7375415282392027,313.0,-0.0901162790697674,0.5688806917245265,0.55,0.2752385546078828,-0.0428032234094718,0.7351688939209265
PT,PT,Lineage8,occupancy,fraction_lineage_supported,Healthy Reference,Reference,71,16,0.2419354838709677,0.1959410265744448,0.0459944572965229,0.2228997980078627,0.19325211784098,620.5,0.0924295774647887,0.5673843840374391,0.9690721649484536,0.9719748802611602,0.8026658118423097,0.7351688939209265
FIB,contractile,Lineage3,occupancy,fraction_lineage_supported,Acute Kidney Injury,Reference,37,16,0.6666666666666666,0.2678571428571428,0.3988095238095238,0.5442260442260441,0.4446225071225071,324.5,0.0962837837837837,0.5718394055613476,0.99,0.9279245769920388,0.7713670679086668,0.7352220928645897
FIB,contractile,Lineage2,occupancy,fraction_lineage_supported,Diabetes Mellitus - Resilient,Healthy Reference,11,59,1.0,0.6666666666666666,0.3333333333333333,0.6363636363636364,0.5752749592795244,357.0,0.1001540832049305,0.585342333275154,0.41,0.3326610664085115,-0.4711735185450718,0.7366815087817299
Glomerular,endothelial_mesangial,Lineage3,occupancy,fraction_lineage_supported,Acute Kidney Injury,Healthy Reference,16,43,1.0,1.0,0.0,0.8555555555555556,0.7836655592469547,371.5,0.0799418604651163,0.5905145427536089,1.0,0.9912040368614716,0.8566331659645343,0.7366815087817299
Glomerular,podocyte_PEC,Lineage3,occupancy,fraction_lineage_supported,Acute Kidney Injury,Diabetes Mellitus - Resilient,37,11,0.4,0.5,-0.0999999999999999,0.4554697554697555,0.5303030303030303,182.0,-0.1056511056511056,0.5903157621450928,0.99,0.5300124169227636,0.3223240241994038,0.7366815087817299
PT,PT,Lineage4,occupancy,fraction_lineage_supported,Acute Kidney Injury,Diabetes Mellitus - Resilient,40,11,0.4065934065934065,0.5151515151515151,-0.1085581085581086,0.4134483600749717,0.4683584348529951,195.5,-0.1113636363636363,0.5809657742804485,0.5773195876288659,0.3338714361670214,-0.2446149238938639,0.7366815087817299
PT,PT,Lineage5,occupancy,fraction_lineage_supported,Chronic Kidney Disease,Reference,84,16,0.2283549783549783,0.3344017094017094,-0.1060467310467311,0.2727794207165667,0.3199451477296806,614.5,-0.0855654761904761,0.5897018391900959,0.9896907216494846,0.9826330785116726,0.5923228819609154,0.7366815087817299
PT,PT,Lineage7,occupancy,fraction_lineage_supported,Chronic Kidney Disease,Reference,84,16,0.3,0.3096476025418833,-0.0096476025418832,0.3145150321024189,0.354589097916559,613.0,-0.087797619047619,0.5765272150018018,0.845360824742268,0.9523749305690636,0.6766285461753472,0.7366815087817299
FIB,contractile,Lineage1,occupancy,fraction_lineage_supported,Chronic Kidney Disease,Reference,77,16,0.75,0.4714285714285713,0.2785714285714286,0.5876368729309907,0.5291005291005291,666.0,0.0811688311688312,0.5971120471834314,1.0,0.967451832261534,0.888837486837857,0.7412425413311562
FIB,contractile,Lineage3,occupancy,fraction_lineage_supported,Healthy Reference,Reference,59,16,0.3333333333333333,0.2678571428571428,0.0654761904761904,0.4067823831611416,0.4446225071225071,432.5,-0.0836864406779661,0.6041076603722799,0.99,0.9279245769920388,0.7713670679086668,0.7426103922625099
Glomerular,endothelial_mesangial,Lineage4,occupancy,fraction_lineage_supported,Acute Kidney Injury,Chronic Kidney Disease,16,56,0.0,0.0,0.0,0.1875,0.1160714285714285,472.5,0.0546875,0.6029229896857634,0.91,0.970035900614194,0.7130215094255472,0.7426103922625099
FIB,contractile,Lineage5,occupancy,fraction_lineage_supported,Chronic Kidney Disease,Diabetes Mellitus - Resilient,77,11,0.0,0.0,0.0,0.0194805194805194,0.0,434.5,0.0259740259740259,0.6078464245299238,0.96,0.9544057487278168,0.8380510317899472,0.7435791212696155
PT,PT,Lineage3,occupancy,fraction_lineage_supported,Acute Kidney Injury,Healthy Reference,40,71,0.3086080586080586,0.36,-0.0513919413919413,0.3346583369041712,0.3348256175843875,1337.0,-0.0584507042253521,0.611913135793946,0.9896907216494846,0.9669525812952102,0.6552198918576664,0.7449377305317604
FIB,contractile,Lineage5,occupancy,fraction_lineage_supported,Acute Kidney Injury,Diabetes Mellitus - Resilient,37,11,0.0,0.0,0.0,0.0033783783783783,0.0,209.0,0.0270270270270269,0.6201190729717413,0.96,0.9544057487278168,0.8380510317899472,0.7512981076388404
Glomerular,endothelial_mesangial,Lineage3,occupancy,fraction_lineage_supported,Diabetes Mellitus - Resilient,Healthy Reference,5,43,1.0,1.0,0.0,0.8,0.7836655592469547,120.0,0.1162790697674418,0.6352805955863678,1.0,0.9912040368614716,0.8566331659645343,0.7659842587931325
Glomerular,podocyte_PEC,Lineage3,occupancy,fraction_lineage_supported,Diabetes Mellitus - Resilient,Reference,11,15,0.5,0.4444444444444444,0.0555555555555555,0.5303030303030303,0.4755726735138499,91.0,0.103030303030303,0.6738116024992724,0.99,0.5300124169227636,0.3223240241994038,0.8063658572522685
PT,PT,Lineage1,occupancy,fraction_lineage_supported,Chronic Kidney Disease,Diabetes Mellitus - Resilient,84,11,0.5798319327731092,0.5454545454545454,0.0343773873185637,0.5298237060829655,0.5738685966235293,425.5,-0.0790043290043289,0.6751714122231296,1.0,0.9934969350742048,0.8919259487233593,0.8063658572522685
FIB,contractile,Lineage2,occupancy,fraction_lineage_supported,Acute Kidney Injury,Chronic Kidney Disease,37,77,0.6666666666666666,0.5,0.1666666666666666,0.541973791973792,0.5144030339408491,1489.5,0.0456300456300455,0.6838064568967924,0.41,0.3326610664085115,-0.4711735185450718,0.8117433275658407
FIB,contractile,Lineage2,occupancy,fraction_lineage_supported,Acute Kidney Injury,Healthy Reference,37,59,0.6666666666666666,0.6666666666666666,0.0,0.541973791973792,0.5752749592795244,1040.0,-0.0471827759963353,0.6861163840139843,0.41,0.3326610664085115,-0.4711735185450718,0.8117433275658407
Glomerular,endothelial_mesangial,Lineage3,occupancy,fraction_lineage_supported,Chronic Kidney Disease,Diabetes Mellitus - Resilient,56,5,1.0,1.0,0.0,0.812797619047619,0.8,127.5,-0.0892857142857143,0.7047297592474611,1.0,0.9912040368614716,0.8566331659645343,0.8162521274000454
Glomerular,podocyte_PEC,Lineage3,occupancy,fraction_lineage_supported,Chronic Kidney Disease,Diabetes Mellitus - Resilient,69,11,0.5,0.5,0.0,0.4799861973775016,0.5303030303030303,352.5,-0.0711462450592885,0.7006023542434725,0.99,0.5300124169227636,0.3223240241994038,0.8162521274000454
Glomerular,podocyte_PEC,Lineage3,occupancy,fraction_lineage_supported,Chronic Kidney Disease,Healthy Reference,69,68,0.5,0.5,0.0,0.4799861973775016,0.5014122315592904,2260.0,-0.0366581415174765,0.7052908522017658,0.99,0.5300124169227636,0.3223240241994038,0.8162521274000454
PT,PT,Lineage11,occupancy,fraction_lineage_supported,Diabetes Mellitus - Resilient,Reference,11,16,0.1515151515151515,0.1542591918456498,-0.0027440403304982,0.1752559178891466,0.1579038982539597,96.0,0.0909090909090908,0.7061228721159123,0.7010309278350515,0.7567238080495372,-0.0802891173165392,0.8162521274000454
PT,PT,Lineage2,occupancy,fraction_lineage_supported,Chronic Kidney Disease,Reference,84,16,0.4082491582491582,0.4769230769230769,-0.0686739186739186,0.4311271162195127,0.4272445937626944,631.0,-0.0610119047619047,0.7030722380123351,0.9896907216494846,0.9662518525839936,0.5998290008876874,0.8162521274000454
Glomerular,endothelial_mesangial,Lineage3,occupancy,fraction_lineage_supported,Chronic Kidney Disease,Healthy Reference,56,43,1.0,1.0,0.0,0.812797619047619,0.7836655592469547,1249.5,0.0377906976744186,0.7096843695263988,1.0,0.9912040368614716,0.8566331659645343,0.8166231101399657
Glomerular,endothelial_mesangial,Lineage2,occupancy,fraction_lineage_supported,Chronic Kidney Disease,Reference,56,13,0.0,0.0,0.0,0.3574404761904762,0.2914441114441114,386.0,0.0604395604395604,0.7162114901836438,0.55,0.2752385546078828,-0.0428032234094718,0.8166755453677749
PT,PT,Lineage8,occupancy,fraction_lineage_supported,Chronic Kidney Disease,Reference,84,16,0.1731634182908545,0.1959410265744448,-0.0227776082835902,0.2025992623197479,0.19325211784098,633.0,-0.0580357142857143,0.715666999283441,0.9690721649484536,0.9719748802611602,0.8026658118423097,0.8166755453677749
FIB,contractile,Lineage6,occupancy,fraction_lineage_supported,Chronic Kidney Disease,Diabetes Mellitus - Resilient,77,11,0.0,0.0,0.0,0.0129870129870129,0.0,429.0,0.0129870129870128,0.731144066197412,0.4,0.4794891752906818,-0.7654061170687154,0.8299473183862515
Glomerular,endothelial_mesangial,Lineage3,occupancy,fraction_lineage_supported,Acute Kidney Injury,Chronic Kidney Disease,16,56,1.0,1.0,0.0,0.8555555555555556,0.812797619047619,467.0,0.0424107142857141,0.7646649967791757,1.0,0.9912040368614716,0.8566331659645343,0.8564247963926767
Glomerular,podocyte_PEC,Lineage1,occupancy,fraction_lineage_supported,Acute Kidney Injury,Chronic Kidney Disease,37,69,0.5,0.5,0.0,0.4726512226512227,0.4946514837819185,1232.5,-0.0344692518605561,0.7644231711015691,1.0,0.9569013558235862,0.7722847563799451,0.8564247963926767
Glomerular,podocyte_PEC,Lineage3,occupancy,fraction_lineage_supported,Acute Kidney Injury,Reference,37,15,0.4,0.4444444444444444,-0.0444444444444444,0.4554697554697555,0.4755726735138499,262.5,-0.054054054054054,0.7637576146425041,0.99,0.5300124169227636,0.3223240241994038,0.8564247963926767
Glomerular,podocyte_PEC,Lineage3,occupancy,fraction_lineage_supported,Acute Kidney Injury,Chronic Kidney Disease,37,69,0.4,0.5,-0.0999999999999999,0.4554697554697555,0.4799861973775016,1234.5,-0.0329024676850764,0.7746573331888469,0.99,0.5300124169227636,0.3223240241994038,0.8637772033787142
FIB,contractile,Lineage3,occupancy,fraction_lineage_supported,Acute Kidney Injury,Chronic Kidney Disease,37,77,0.6666666666666666,0.6666666666666666,0.0,0.5442260442260441,0.5909336461857471,1382.0,-0.0298350298350298,0.789255954915911,0.99,0.9279245769920388,0.7713670679086668,0.8732699242958611
FIB,contractile,Lineage4,occupancy,fraction_lineage_supported,Healthy Reference,Reference,59,16,0.4444444444444444,0.3571428571428571,0.0873015873015873,0.4466455289709212,0.4253345034595034,492.5,0.0434322033898304,0.7901013600772077,0.85,0.7171717523137352,0.03506441293431,0.8732699242958611
FIB,contractile,Lineage2,occupancy,fraction_lineage_supported,Acute Kidney Injury,Reference,37,16,0.6666666666666666,0.6857142857142857,-0.019047619047619,0.541973791973792,0.6235653235653236,283.0,-0.0439189189189189,0.799003541969192,0.41,0.3326610664085115,-0.4711735185450718,0.8750644777700387
Glomerular,endothelial_mesangial,Lineage1,occupancy,fraction_lineage_supported,Acute Kidney Injury,Healthy Reference,16,43,1.0,1.0,0.0,0.7479166666666666,0.6989479512735326,357.0,0.0377906976744186,0.8078528338982689,1.0,0.9697396603885624,0.7901658372333197,0.8750644777700387
Glomerular,endothelial_mesangial,Lineage2,occupancy,fraction_lineage_supported,Chronic Kidney Disease,Diabetes Mellitus - Resilient,56,5,0.0,0.0,0.0,0.3574404761904762,0.3,149.0,0.0642857142857142,0.8042949540163533,0.55,0.2752385546078828,-0.0428032234094718,0.8750644777700387
Glomerular,endothelial_mesangial,Lineage4,occupancy,fraction_lineage_supported,Acute Kidney Injury,Healthy Reference,16,43,0.0,0.0,0.0,0.1875,0.1816168327796234,333.0,-0.0319767441860464,0.8041727772632603,0.91,0.970035900614194,0.7130215094255472,0.8750644777700387
Glomerular,podocyte_PEC,Lineage2,occupancy,fraction_lineage_supported,Chronic Kidney Disease,Reference,69,15,0.5,0.4,0.0999999999999999,0.4458247066942719,0.4650887021475257,497.0,-0.0396135265700483,0.8090873941286469,1.0,0.9706090425661436,0.854659611666671,0.8750644777700387
Glomerular,podocyte_PEC,Lineage3,occupancy,fraction_lineage_supported,Healthy Reference,Reference,68,15,0.5,0.4444444444444444,0.0555555555555555,0.5014122315592904,0.4755726735138499,529.0,0.0372549019607844,0.8240285357709107,0.99,0.5300124169227636,0.3223240241994038,0.8874153462148269
Glomerular,podocyte_PEC,Lineage3,occupancy,fraction_lineage_supported,Diabetes Mellitus - Resilient,Healthy Reference,11,68,0.5,0.5,0.0,0.5303030303030303,0.5014122315592904,387.5,0.036096256684492,0.8506733326111843,0.99,0.5300124169227636,0.3223240241994038,0.9122114034809296
PT,PT,Lineage9,occupancy,fraction_lineage_supported,Diabetes Mellitus - Resilient,Healthy Reference,11,71,0.0909090909090909,0.0416666666666666,0.0492424242424242,0.0838628108220584,0.1270107645933113,378.5,-0.0307298335467349,0.8678200620893733,0.8556701030927835,0.8889416692803775,0.3464183380628481,0.9266553205361104
Glomerular,endothelial_mesangial,Lineage3,occupancy,fraction_lineage_supported,Acute Kidney Injury,Diabetes Mellitus - Resilient,16,5,1.0,1.0,0.0,0.8555555555555556,0.8,38.0,-0.05,0.8765501073654325,1.0,0.9912040368614716,0.8566331659645343,0.9320279622619788
PT,PT,Lineage10,occupancy,fraction_lineage_supported,Healthy Reference,Reference,71,16,0.1206896551724138,0.1393162393162393,-0.0186265841438255,0.1300004033829948,0.1339385644314045,554.0,-0.0246478873239436,0.8814564614198601,0.9587628865979382,0.9591948756466192,0.7608870883095796,0.9333068415033812
FIB,contractile,Lineage2,occupancy,fraction_lineage_supported,Healthy Reference,Reference,59,16,0.6666666666666666,0.6857142857142857,-0.019047619047619,0.5752749592795244,0.6235653235653236,463.0,-0.0190677966101694,0.9092543106689364,0.41,0.3326610664085115,-0.4711735185450718,0.9535655996086574
FIB,outer_medullary,Lineage2,occupancy,fraction_lineage_supported,Healthy Reference,Reference,33,5,1.0,1.0,0.0,0.7071941402823756,0.6,85.5,0.0363636363636363,0.9065000571376268,1.0,0.9918824215252988,0.94289838458206,0.9535655996086574
PT,PT,Lineage7,occupancy,fraction_lineage_supported,Healthy Reference,Reference,71,16,0.4,0.3096476025418833,0.0903523974581167,0.3653016437782613,0.354589097916559,578.5,0.0184859154929577,0.9119417043876448,0.845360824742268,0.9523749305690636,0.6766285461753472,0.9535655996086574
FIB,contractile,Lineage4,occupancy,fraction_lineage_supported,Diabetes Mellitus - Resilient,Healthy Reference,11,59,0.0,0.4444444444444444,-0.4444444444444444,0.4545454545454545,0.4466455289709212,318.0,-0.0200308166409861,0.9193934291218256,0.85,0.7171717523137352,0.03506441293431,0.957384893135124
FIB,contractile,Lineage4,occupancy,fraction_lineage_supported,Diabetes Mellitus - Resilient,Reference,11,16,0.0,0.3571428571428571,-0.3571428571428571,0.4545454545454545,0.4253345034595034,90.0,0.0227272727272727,0.9383454652076756,0.85,0.7171717523137352,0.03506441293431,0.973099000956108
FIB,contractile,Lineage5,occupancy,fraction_lineage_supported,Acute Kidney Injury,Chronic Kidney Disease,37,77,0.0,0.0,0.0,0.0033783783783783,0.0194805194805194,1425.0,0.0003510003510003,1.0,0.96,0.9544057487278168,0.8380510317899472,1.0
FIB,contractile,Lineage6,occupancy,fraction_lineage_supported,Acute Kidney Injury,Diabetes Mellitus - Resilient,37,11,0.0,0.0,0.0,0.0,0.0,203.5,0.0,1.0,0.4,0.4794891752906818,-0.7654061170687154,1.0
FIB,outer_medullary,Lineage1,occupancy,fraction_lineage_supported,Acute Kidney Injury,Chronic Kidney Disease,6,17,1.0,1.0,0.0,1.0,1.0,51.0,0.0,1.0,1.0,0.9869294180465916,0.9589790451392668,1.0
FIB,outer_medullary,Lineage1,occupancy,fraction_lineage_supported,Acute Kidney Injury,Reference,6,5,1.0,1.0,0.0,1.0,1.0,15.0,0.0,1.0,1.0,0.9869294180465916,0.9589790451392668,1.0
FIB,outer_medullary,Lineage1,occupancy,fraction_lineage_supported,Chronic Kidney Disease,Reference,17,5,1.0,1.0,0.0,1.0,1.0,42.5,0.0,1.0,1.0,0.9869294180465916,0.9589790451392668,1.0
Glomerular,endothelial_mesangial,Lineage2,occupancy,fraction_lineage_supported,Diabetes Mellitus - Resilient,Reference,5,13,0.0,0.0,0.0,0.3,0.2914441114441114,32.5,0.0,1.0,0.55,0.2752385546078828,-0.0428032234094718,1.0
Glomerular,podocyte_PEC,Lineage3,occupancy,fraction_lineage_supported,Chronic Kidney Disease,Reference,69,15,0.5,0.4444444444444444,0.0555555555555555,0.4799861973775016,0.4755726735138499,519.5,0.0038647342995168,0.9856389473289118,0.99,0.5300124169227636,0.3223240241994038,1.0
PT,PT,Lineage1,occupancy,fraction_lineage_supported,Diabetes Mellitus - Resilient,Reference,11,16,0.5454545454545454,0.6813568376068376,-0.1359022921522922,0.5738685966235293,0.5527954759094614,89.0,0.0113636363636364,0.9803096308082796,1.0,0.9934969350742048,0.8919259487233593,1.0
PT,PT,Lineage5,occupancy,fraction_lineage_supported,Acute Kidney Injury,Chronic Kidney Disease,40,84,0.2367724867724867,0.2283549783549783,0.0084175084175083,0.2666570849620564,0.2727794207165667,1684.5,0.0026785714285715,0.9828508583389168,0.9896907216494846,0.9826330785116726,0.5923228819609154,1.0
PT,PT,Lineage5,position,weighted_mean_pseudotime,Acute Kidney Injury,Healthy Reference,32,56,0.4590139730795572,0.1888490789745769,0.2701648941049803,0.4677941889844349,0.2143652679322568,1611.0,0.7979910714285714,5.730304210644814e-10,0.9896907216494846,0.9826330785116726,0.5923228819609154,1.1288699294970286e-07
FIB,contractile,Lineage1,position,weighted_mean_pseudotime,Acute Kidney Injury,Healthy Reference,29,31,0.4246942384141887,0.126304787650167,0.2983894507640217,0.4473583100524645,0.1714805693233286,832.0,0.8509454949944382,1.5971145167590056e-08,1.0,0.967451832261534,0.888837486837857,1.0487718660050803e-06
FIB,contractile,Lineage1,position,weighted_mean_pseudotime,Chronic Kidney Disease,Healthy Reference,55,31,0.3542920135467029,0.126304787650167,0.2279872258965359,0.3746126653535006,0.1714805693233286,1484.0,0.7407624633431085,1.3834711967131034e-08,1.0,0.967451832261534,0.888837486837857,1.0487718660050803e-06
PT,PT,Lineage8,position,weighted_mean_pseudotime,Acute Kidney Injury,Healthy Reference,28,57,0.6366689494966126,0.2394580562047878,0.3972108932918248,0.6295236707845112,0.3035643236180269,1389.0,0.7406015037593985,3.3641520537788104e-08,0.9690721649484536,0.9719748802611602,0.8026658118423097,1.6568448864860645e-06
PT,PT,Lineage10,position,weighted_mean_pseudotime,Acute Kidney Injury,Healthy Reference,22,54,0.6457438677313424,0.2819160335009862,0.3638278342303561,0.6407670925209513,0.3215839307423268,1039.0,0.7491582491582491,3.5605433207763036e-07,0.9587628865979382,0.9591948756466192,0.7608870883095796,1.4028540683858636e-05
PT,PT,Lineage8,position,weighted_mean_pseudotime,Acute Kidney Injury,Chronic Kidney Disease,28,64,0.6366689494966126,0.3692623626449061,0.2674065868517065,0.6295236707845112,0.3919232527255983,1473.0,0.6439732142857142,9.985639734261771e-07,0.9690721649484536,0.9719748802611602,0.8026658118423097,3.278618379415948e-05
PT,PT,Lineage5,position,weighted_mean_pseudotime,Chronic Kidney Disease,Healthy Reference,65,56,0.2822632701045754,0.1888490789745769,0.0934141911299985,0.4023129205140959,0.2143652679322568,2754.0,0.5131868131868131,1.218543752526308e-06,0.9896907216494846,0.9826330785116726,0.5923228819609154,3.429330274966895e-05
FIB,outer_medullary,Lineage1,position,weighted_mean_pseudotime,Chronic Kidney Disease,Healthy Reference,17,29,0.5948445447935685,0.3528532253823003,0.2419913194112682,0.6371461577429648,0.3246672208323039,437.0,0.7728194726166329,1.5332115042093044e-05,1.0,0.9869294180465916,0.9589790451392668,0.0002745842421174
PT,PT,Lineage10,position,weighted_mean_pseudotime,Acute Kidney Injury,Chronic Kidney Disease,22,53,0.6457438677313424,0.455410950333939,0.1903329173974033,0.6407670925209513,0.455756679669255,956.0,0.6397941680960548,1.4594722907582248e-05,0.9587628865979382,0.9591948756466192,0.7608870883095796,0.0002745842421174
PT,PT,Lineage10,position,weighted_mean_pseudotime,Chronic Kidney Disease,Healthy Reference,53,54,0.455410950333939,0.2819160335009862,0.1734949168329527,0.455756679669255,0.3215839307423268,2136.0,0.4926624737945493,1.1355945031843549e-05,0.9587628865979382,0.9591948756466192,0.7608870883095796,0.0002745842421174
PT,PT,Lineage7,position,weighted_mean_pseudotime,Chronic Kidney Disease,Healthy Reference,57,52,0.5142546008904262,0.4012912207879374,0.1129633801024887,0.514366737208664,0.3855238871299254,2195.5,0.4814439946018893,1.5212163742493923e-05,0.845360824742268,0.9523749305690636,0.6766285461753472,0.0002745842421174
FIB,contractile,Lineage3,position,weighted_mean_pseudotime,Chronic Kidney Disease,Healthy Reference,56,36,0.4833032344452894,0.1886915455277349,0.2946116889175545,0.500816568750051,0.3067088803387668,1539.0,0.5267857142857142,2.1943742621331707e-05,0.99,0.9279245769920388,0.7713670679086668,0.0003325320997232
PT,PT,Lineage8,position,weighted_mean_pseudotime,Acute Kidney Injury,Diabetes Mellitus - Resilient,28,11,0.6366689494966126,0.2253504616500933,0.4113184878465192,0.6295236707845112,0.2463596476424885,291.0,0.8896103896103895,2.04352260818113e-05,0.9690721649484536,0.9719748802611602,0.8026658118423097,0.0003325320997232
PT,PT,Lineage10,position,weighted_mean_pseudotime,Acute Kidney Injury,Reference,22,11,0.6457438677313424,0.2461437880103786,0.3996000797209638,0.6407670925209513,0.2558785637427413,230.0,0.9008264462809918,3.419614176302023e-05,0.9587628865979382,0.9591948756466192,0.7608870883095796,0.0004811885662367
PT,PT,Lineage1,position,weighted_mean_pseudotime,Acute Kidney Injury,Diabetes Mellitus - Resilient,34,11,0.317260997381752,0.0986737157045253,0.2185872816772267,0.2978522584588582,0.1261570822561215,340.0,0.8181818181818181,5.6350397527923856e-05,1.0,0.9934969350742048,0.8919259487233593,0.0006938142695625
PT,PT,Lineage3,position,weighted_mean_pseudotime,Acute Kidney Injury,Healthy Reference,35,62,0.4265035451423326,0.2358500134441802,0.1906535316981523,0.4357689487407171,0.2880262473204713,1622.0,0.4949308755760369,5.574955896640291e-05,0.9896907216494846,0.9669525812952102,0.6552198918576664,0.0006938142695625
PT,PT,Lineage10,position,weighted_mean_pseudotime,Chronic Kidney Disease,Reference,53,11,0.455410950333939,0.2461437880103786,0.2092671623235604,0.455756679669255,0.2558785637427413,513.0,0.7598627787307033,8.399348767339728e-05,0.9587628865979382,0.9591948756466192,0.7608870883095796,0.0009733362983328
PT,PT,Lineage1,position,weighted_mean_pseudotime,Acute Kidney Injury,Healthy Reference,34,68,0.317260997381752,0.1605415148741945,0.1567194825075575,0.2978522584588582,0.206490347899807,1703.0,0.4731833910034602,0.0001047002100477,1.0,0.9934969350742048,0.8919259487233593,0.0011458856321889
PT,PT,Lineage8,position,weighted_mean_pseudotime,Chronic Kidney Disease,Healthy Reference,64,57,0.3692623626449061,0.2394580562047878,0.1298043064401182,0.3919232527255983,0.3035643236180269,2569.0,0.4084429824561404,0.0001106908667268,0.9690721649484536,0.9719748802611602,0.8026658118423097,0.0011476895129049
PT,PT,Lineage10,position,weighted_mean_pseudotime,Acute Kidney Injury,Diabetes Mellitus - Resilient,22,11,0.6457438677313424,0.3052160364922344,0.340527831239108,0.6407670925209513,0.3440891236503042,217.0,0.7933884297520661,0.0002652238170337,0.9587628865979382,0.9591948756466192,0.7608870883095796,0.0024880519978879
PT,PT,Lineage5,position,weighted_mean_pseudotime,Acute Kidney Injury,Reference,32,12,0.4590139730795572,0.24921173735866,0.2098022357208972,0.4677941889844349,0.2601953065975625,331.0,0.7239583333333333,0.0002624492015769,0.9896907216494846,0.9826330785116726,0.5923228819609154,0.0024880519978879
PT,PT,Lineage8,position,weighted_mean_pseudotime,Acute Kidney Injury,Reference,28,13,0.6366689494966126,0.2185606375165802,0.4181083119800324,0.6295236707845112,0.3009191465471944,311.0,0.7087912087912087,0.0003180557875012,0.9690721649484536,0.9719748802611602,0.8026658118423097,0.002848045006261
PT,PT,Lineage5,position,weighted_mean_pseudotime,Acute Kidney Injury,Diabetes Mellitus - Resilient,32,10,0.4590139730795572,0.2150813224369516,0.2439326506426056,0.4677941889844349,0.2599570896748708,281.0,0.7562500000000001,0.0003729615413821,0.9896907216494846,0.9826330785116726,0.5923228819609154,0.0031944966805342
PT,PT,Lineage8,position,weighted_mean_pseudotime,Chronic Kidney Disease,Diabetes Mellitus - Resilient,64,11,0.3692623626449061,0.2253504616500933,0.1439119009948128,0.3919232527255983,0.2463596476424885,586.0,0.6647727272727273,0.0004706816317031,0.9690721649484536,0.9719748802611602,0.8026658118423097,0.0038635117268967
FIB,contractile,Lineage3,position,weighted_mean_pseudotime,Chronic Kidney Disease,Reference,56,13,0.4833032344452894,0.1472834249512567,0.3360198094940327,0.500816568750051,0.2761192507282812,587.0,0.6126373626373627,0.0006393827898295,0.99,0.9279245769920388,0.7713670679086668,0.0050383363838565
PT,PT,Lineage1,position,weighted_mean_pseudotime,Chronic Kidney Disease,Diabetes Mellitus - Resilient,78,11,0.2555370850554235,0.0986737157045253,0.1568633693508982,0.2523328192867593,0.1261570822561215,701.0,0.6340326340326341,0.00071305914023,1.0,0.9934969350742048,0.8919259487233593,0.0054027942548196
FIB,contractile,Lineage3,position,weighted_mean_pseudotime,Acute Kidney Injury,Healthy Reference,23,36,0.4690056836267625,0.1886915455277349,0.2803141380990276,0.4999177906499819,0.3067088803387668,629.0,0.5193236714975846,0.0008569759055835,0.99,0.9279245769920388,0.7713670679086668,0.006252750125924
PT,PT,Lineage4,position,weighted_mean_pseudotime,Acute Kidney Injury,Chronic Kidney Disease,32,56,0.4401105438139699,0.300203877296471,0.1399066665174989,0.4194648682494862,0.3360691300899396,1278.0,0.4263392857142858,0.0009356283343418,0.5773195876288659,0.3338714361670214,-0.2446149238938639,0.0065828136380477
FIB,outer_medullary,Lineage1,position,weighted_mean_pseudotime,Acute Kidney Injury,Healthy Reference,6,29,0.6011333776992693,0.3528532253823003,0.248280152316969,0.6241553375395826,0.3246672208323039,157.0,0.8045977011494252,0.0009820350427561,1.0,0.9869294180465916,0.9589790451392668,0.0066710656352742
PT,PT,Lineage3,position,weighted_mean_pseudotime,Acute Kidney Injury,Diabetes Mellitus - Resilient,35,11,0.4265035451423326,0.171688490651153,0.2548150544911796,0.4357689487407171,0.2339803416269533,319.0,0.6571428571428573,0.0011755182550536,0.9896907216494846,0.9669525812952102,0.6552198918576664,0.0077192365415191
FIB,contractile,Lineage1,position,weighted_mean_pseudotime,Acute Kidney Injury,Reference,29,14,0.4246942384141887,0.1388522882134409,0.2858419502007477,0.4473583100524645,0.2499861726691782,326.0,0.6059113300492611,0.001498605608442,1.0,0.967451832261534,0.888837486837857,0.0095233969310671
PT,PT,Lineage1,position,weighted_mean_pseudotime,Chronic Kidney Disease,Healthy Reference,78,68,0.2555370850554235,0.1605415148741945,0.094995570181229,0.2523328192867593,0.206490347899807,3443.0,0.2982654600301659,0.0019272738645291,1.0,0.9934969350742048,0.8919259487233593,0.0118647797285074
FIB,contractile,Lineage1,position,weighted_mean_pseudotime,Chronic Kidney Disease,Reference,55,14,0.3542920135467029,0.1388522882134409,0.215439725333262,0.3746126653535006,0.2499861726691782,590.0,0.5324675324675325,0.0022782802924449,1.0,0.967451832261534,0.888837486837857,0.0132275310374154
PT,PT,Lineage7,position,weighted_mean_pseudotime,Diabetes Mellitus - Resilient,Healthy Reference,11,52,0.528417181934092,0.4012912207879374,0.1271259611461546,0.5298051831138566,0.3855238871299254,455.0,0.5909090909090908,0.0022829241384371,0.845360824742268,0.9523749305690636,0.6766285461753472,0.0132275310374154
FIB,contractile,Lineage1,position,weighted_mean_pseudotime,Diabetes Mellitus - Resilient,Healthy Reference,9,31,0.3166809281063512,0.126304787650167,0.1903761404561841,0.360180486749812,0.1714805693233286,233.0,0.6702508960573477,0.00259386918414,1.0,0.967451832261534,0.888837486837857,0.0145997779793027
FIB,contractile,Lineage3,position,weighted_mean_pseudotime,Acute Kidney Injury,Reference,23,13,0.4690056836267625,0.1472834249512567,0.3217222586755057,0.4999177906499819,0.2761192507282812,240.0,0.6053511705685619,0.0030354386698138,0.99,0.9279245769920388,0.7713670679086668,0.0166105949431482
PT,PT,Lineage3,position,weighted_mean_pseudotime,Acute Kidney Injury,Chronic Kidney Disease,35,75,0.4265035451423326,0.3260895945647704,0.1004139505775622,0.4357689487407171,0.3284248154606569,1760.0,0.3409523809523809,0.0041227555033853,0.9896907216494846,0.9669525812952102,0.6552198918576664,0.0219508874099164
FIB,contractile,Lineage2,position,weighted_mean_pseudotime,Chronic Kidney Disease,Healthy Reference,53,45,0.427065844816061,0.5307460905710858,-0.1036802457550247,0.4363092826077502,0.5283739151663891,796.0,-0.3324947589098532,0.0047563896305816,0.41,0.3326610664085115,-0.4711735185450718,0.0234252189306147
Glomerular,endothelial_mesangial,Lineage3,position,weighted_mean_pseudotime,Chronic Kidney Disease,Healthy Reference,51,39,0.3968996765632294,0.265289375519622,0.1316103010436073,0.4367519779492876,0.3011980338541898,1342.0,0.3494218200100554,0.0047219641084724,1.0,0.9912040368614716,0.8566331659645343,0.0234252189306147
PT,PT,Lineage10,position,weighted_mean_pseudotime,Chronic Kidney Disease,Diabetes Mellitus - Resilient,53,11,0.455410950333939,0.3052160364922344,0.1501949138417046,0.455756679669255,0.3440891236503042,451.0,0.5471698113207548,0.004663305259164,0.9587628865979382,0.9591948756466192,0.7608870883095796,0.0234252189306147
PT,PT,Lineage2,position,weighted_mean_pseudotime,Acute Kidney Injury,Diabetes Mellitus - Resilient,35,11,0.3267147144623085,0.1932929780402889,0.1334217364220196,0.3651100151944919,0.2442777874798099,294.0,0.5272727272727273,0.0092964867205093,0.9896907216494846,0.9662518525839936,0.5998290008876874,0.0436049496176271
PT,PT,Lineage8,position,weighted_mean_pseudotime,Chronic Kidney Disease,Reference,64,13,0.3692623626449061,0.2185606375165802,0.1507017251283259,0.3919232527255983,0.3009191465471944,608.0,0.4615384615384614,0.0092127513291028,0.9690721649484536,0.9719748802611602,0.8026658118423097,0.0436049496176271
FIB,contractile,Lineage1,position,weighted_mean_pseudotime,Acute Kidney Injury,Chronic Kidney Disease,29,55,0.4246942384141887,0.3542920135467029,0.0704022248674857,0.4473583100524645,0.3746126653535006,1069.0,0.3404388714733541,0.0107850105295533,1.0,0.967451832261534,0.888837486837857,0.0494103970772558
PT,PT,Lineage5,position,weighted_mean_pseudotime,Acute Kidney Injury,Chronic Kidney Disease,32,65,0.4590139730795572,0.2822632701045754,0.1767507029749818,0.4677941889844349,0.4023129205140959,1367.0,0.3144230769230769,0.012240871869827,0.9896907216494846,0.9826330785116726,0.5923228819609154,0.0541378180955787
PT,PT,Lineage5,position,weighted_mean_pseudotime,Chronic Kidney Disease,Diabetes Mellitus - Resilient,65,10,0.2822632701045754,0.2150813224369516,0.0671819476676237,0.4023129205140959,0.2599570896748708,486.0,0.4953846153846153,0.0123665066715789,0.9896907216494846,0.9826330785116726,0.5923228819609154,0.0541378180955787
PT,PT,Lineage6,position,weighted_mean_pseudotime,Acute Kidney Injury,Diabetes Mellitus - Resilient,11,11,0.5077808583418237,0.4027989261331567,0.104981932208667,0.4665282531055487,0.3921402566505972,98.0,0.6198347107438016,0.0151152693564934,1.0,0.9819600103586548,0.868584140640096,0.0647327839832438
PT,PT,Lineage2,position,weighted_mean_pseudotime,Chronic Kidney Disease,Diabetes Mellitus - Resilient,77,11,0.3709093723821329,0.1932929780402889,0.177616394341844,0.3882125629357589,0.2442777874798099,609.0,0.4380165289256199,0.0195887463808615,0.9896907216494846,0.9662518525839936,0.5998290008876874,0.082106022064462
FIB,contractile,Lineage2,position,weighted_mean_pseudotime,Acute Kidney Injury,Healthy Reference,23,45,0.4316278856207995,0.5307460905710858,-0.0991182049502862,0.437544201819151,0.5283739151663891,340.0,-0.3429951690821256,0.0217675225130322,0.41,0.3326610664085115,-0.4711735185450718,0.089337540313903
PT,PT,Lineage1,position,weighted_mean_pseudotime,Diabetes Mellitus - Resilient,Reference,11,14,0.0986737157045253,0.1783493503951261,-0.0796756346906008,0.1261570822561215,0.2533538692479115,35.0,-0.5454545454545454,0.0230917691226461,1.0,0.9934969350742048,0.8919259487233593,0.0928383370849241
PT,PT,Lineage4,position,weighted_mean_pseudotime,Chronic Kidney Disease,Reference,56,12,0.300203877296471,0.4229974186430594,-0.1227935413465884,0.3360691300899396,0.4403521445584089,195.0,-0.4196428571428571,0.0238053236352971,0.5773195876288659,0.3338714361670214,-0.2446149238938639,0.0937929751230707
PT,PT,Lineage3,position,weighted_mean_pseudotime,Acute Kidney Injury,Reference,35,14,0.4265035451423326,0.2448184291936894,0.1816851159486431,0.4357689487407171,0.3281113060328767,347.0,0.416326530612245,0.0246828565393175,0.9896907216494846,0.9669525812952102,0.6552198918576664,0.0953435831028542
FIB,contractile,Lineage3,position,weighted_mean_pseudotime,Chronic Kidney Disease,Diabetes Mellitus - Resilient,56,7,0.4833032344452894,0.3516306454903513,0.1316725889549381,0.500816568750051,0.3782143154270488,297.0,0.5153061224489797,0.0256336052919024,0.99,0.9279245769920388,0.7713670679086668,0.0971119277404764
Glomerular,endothelial_mesangial,Lineage1,position,weighted_mean_pseudotime,Chronic Kidney Disease,Healthy Reference,34,36,0.3985989939548107,0.3244426209438462,0.0741563730109645,0.3748823106305854,0.3196992785920711,801.0,0.3088235294117647,0.0267558068242212,1.0,0.9697396603885624,0.7901658372333197,0.0994508291390866
PT,PT,Lineage1,position,weighted_mean_pseudotime,Acute Kidney Injury,Reference,34,14,0.317260997381752,0.1783493503951261,0.1389116469866259,0.2978522584588582,0.2533538692479115,335.0,0.4075630252100841,0.0286075905902973,1.0,0.9934969350742048,0.8919259487233593,0.1015758627643406
PT,PT,Lineage3,position,weighted_mean_pseudotime,Chronic Kidney Disease,Diabetes Mellitus - Resilient,75,11,0.3260895945647704,0.171688490651153,0.1544011039136174,0.3284248154606569,0.2339803416269533,582.0,0.4109090909090909,0.0288743569279343,0.9896907216494846,0.9669525812952102,0.6552198918576664,0.1015758627643406
PT,PT,Lineage7,position,weighted_mean_pseudotime,Acute Kidney Injury,Diabetes Mellitus - Resilient,12,11,0.3903292694137596,0.528417181934092,-0.1380879125203323,0.425946836996867,0.5298051831138566,30.0,-0.5454545454545454,0.0288585121352669,0.845360824742268,0.9523749305690636,0.6766285461753472,0.1015758627643406
FIB,contractile,Lineage4,position,weighted_mean_pseudotime,Acute Kidney Injury,Diabetes Mellitus - Resilient,7,5,0.3998326232312539,0.2385790988631914,0.1612535243680625,0.3833102705704502,0.2725296414560226,31.0,0.7714285714285714,0.0303030303030303,0.85,0.7171717523137352,0.03506441293431,0.1029258098223615
PT,PT,Lineage7,position,weighted_mean_pseudotime,Acute Kidney Injury,Chronic Kidney Disease,12,57,0.3903292694137596,0.5142546008904262,-0.1239253314766665,0.425946836996867,0.514366737208664,204.5,-0.402046783625731,0.0300848063088902,0.845360824742268,0.9523749305690636,0.6766285461753472,0.1029258098223615
FIB,contractile,Lineage4,position,weighted_mean_pseudotime,Chronic Kidney Disease,Reference,32,11,0.385835181005701,0.1050997461272034,0.2807354348784976,0.375842308086833,0.2791778924240278,254.0,0.4431818181818181,0.030988442719031,0.85,0.7171717523137352,0.03506441293431,0.1034698850110019
PT,PT,Lineage6,position,weighted_mean_pseudotime,Diabetes Mellitus - Resilient,Healthy Reference,11,51,0.4027989261331567,0.4724680153576434,-0.0696690892244866,0.3921402566505972,0.4706591636158637,165.0,-0.4117647058823529,0.0340880748648701,1.0,0.9819600103586548,0.868584140640096,0.1119225124729902
PT,PT,Lineage10,position,weighted_mean_pseudotime,Diabetes Mellitus - Resilient,Reference,11,11,0.3052160364922344,0.2461437880103786,0.0590722484818558,0.3440891236503042,0.2558785637427413,93.0,0.5371900826446281,0.0356163640998443,0.9587628865979382,0.9591948756466192,0.7608870883095796,0.1150233397978581
PT,PT,Lineage4,position,weighted_mean_pseudotime,Acute Kidney Injury,Diabetes Mellitus - Resilient,32,9,0.4401105438139699,0.3909271909742626,0.0491833528397073,0.4194648682494862,0.3703948558049306,211.0,0.4652777777777777,0.0362026193235081,0.5773195876288659,0.3338714361670214,-0.2446149238938639,0.1150309033343726
FIB,contractile,Lineage2,position,weighted_mean_pseudotime,Diabetes Mellitus - Resilient,Healthy Reference,7,45,0.3309291016628374,0.5307460905710858,-0.1998169889082484,0.3454993343154004,0.5283739151663891,80.0,-0.4920634920634921,0.0369865999484544,0.41,0.3326610664085115,-0.4711735185450718,0.1156565109499289
Glomerular,endothelial_mesangial,Lineage3,position,weighted_mean_pseudotime,Acute Kidney Injury,Chronic Kidney Disease,16,51,0.2737362019492626,0.3968996765632294,-0.1231634746139667,0.2979591691427982,0.4367519779492876,267.0,-0.3455882352941176,0.0388118197210917,1.0,0.9912040368614716,0.8566331659645343,0.1194676325789857
FIB,contractile,Lineage2,position,weighted_mean_pseudotime,Acute Kidney Injury,Diabetes Mellitus - Resilient,23,7,0.4316278856207995,0.3309291016628374,0.1006987839579621,0.437544201819151,0.3454993343154004,122.0,0.515527950310559,0.0424855093820611,0.41,0.3326610664085115,-0.4711735185450718,0.1287637745887082
PT,PT,Lineage5,position,weighted_mean_pseudotime,Chronic Kidney Disease,Reference,65,12,0.2822632701045754,0.24921173735866,0.0330515327459153,0.4023129205140959,0.2601953065975625,534.0,0.3692307692307692,0.0438692324708421,0.9896907216494846,0.9826330785116726,0.5923228819609154,0.1309430120720592
PT,PT,Lineage1,position,weighted_mean_pseudotime,Diabetes Mellitus - Resilient,Healthy Reference,11,68,0.0986737157045253,0.1605415148741945,-0.0618677991696691,0.1261570822561215,0.206490347899807,232.0,-0.3796791443850267,0.0450930225398967,1.0,0.9934969350742048,0.8919259487233593,0.1325869468710396
FIB,contractile,Lineage3,position,weighted_mean_pseudotime,Acute Kidney Injury,Diabetes Mellitus - Resilient,23,7,0.4690056836267625,0.3516306454903513,0.1173750381364112,0.4999177906499819,0.3782143154270488,121.0,0.5031055900621118,0.0481795854209647,0.99,0.9279245769920388,0.7713670679086668,0.1395790930577948
PT,PT,Lineage1,position,weighted_mean_pseudotime,Acute Kidney Injury,Chronic Kidney Disease,34,78,0.317260997381752,0.2555370850554235,0.0617239123263285,0.2978522584588582,0.2523328192867593,1634.0,0.2322775263951735,0.0516725436430551,1.0,0.9934969350742048,0.8919259487233593,0.1475288564881428
PT,PT,Lineage3,position,weighted_mean_pseudotime,Chronic Kidney Disease,Healthy Reference,75,62,0.3260895945647704,0.2358500134441802,0.0902395811205901,0.3284248154606569,0.2880262473204713,2772.0,0.1922580645161289,0.053502963363874,0.9896907216494846,0.9669525812952102,0.6552198918576664,0.1484518842631433
PT,PT,Lineage6,position,weighted_mean_pseudotime,Healthy Reference,Reference,51,13,0.4724680153576434,0.381078081561534,0.0913899337961093,0.4706591636158637,0.4204708841050142,448.0,0.3514328808446456,0.052906027742167,1.0,0.9819600103586548,0.868584140640096,0.1484518842631433
FIB,contractile,Lineage2,position,weighted_mean_pseudotime,Chronic Kidney Disease,Diabetes Mellitus - Resilient,53,7,0.427065844816061,0.3309291016628374,0.0961367431532236,0.4363092826077502,0.3454993343154004,268.0,0.4447439353099731,0.0578704441650087,0.41,0.3326610664085115,-0.4711735185450718,0.1561709246644756
FIB,contractile,Lineage4,position,weighted_mean_pseudotime,Chronic Kidney Disease,Diabetes Mellitus - Resilient,32,5,0.385835181005701,0.2385790988631914,0.1472560821425096,0.375842308086833,0.2725296414560226,123.0,0.5375000000000001,0.0573254690901749,0.85,0.7171717523137352,0.03506441293431,0.1561709246644756
Glomerular,podocyte_PEC,Lineage3,position,weighted_mean_pseudotime,Acute Kidney Injury,Healthy Reference,23,51,0.6807044525338831,0.5139653656198842,0.1667390869139989,0.5908642350238822,0.4704579156148815,745.0,0.2702472293265132,0.0649932368582734,0.99,0.5300124169227636,0.3223240241994038,0.1730225359605388
FIB,contractile,Lineage1,position,weighted_mean_pseudotime,Diabetes Mellitus - Resilient,Reference,9,14,0.3166809281063512,0.1388522882134409,0.1778286398929102,0.360180486749812,0.2499861726691782,92.0,0.4603174603174602,0.0726009394499573,1.0,0.967451832261534,0.888837486837857,0.1906984676218879
FIB,contractile,Lineage2,position,weighted_mean_pseudotime,Chronic Kidney Disease,Reference,53,13,0.427065844816061,0.5079905790161182,-0.0809247342000571,0.4363092826077502,0.5044715936732866,234.0,-0.3207547169811321,0.0761424418876653,0.41,0.3326610664085115,-0.4711735185450718,0.1923084750239753
Glomerular,endothelial_mesangial,Lineage2,position,weighted_mean_pseudotime,Healthy Reference,Reference,36,6,0.4548607850501029,0.3112839469352031,0.1435768381148998,0.4580458738669619,0.2931087920040562,158.0,0.462962962962963,0.0751412332777637,0.55,0.2752385546078828,-0.0428032234094718,0.1923084750239753
Glomerular,endothelial_mesangial,Lineage4,position,weighted_mean_pseudotime,Chronic Kidney Disease,Reference,8,11,0.0970662780792092,0.3501536756337006,-0.2530873975544914,0.1789559476167521,0.4148652519495563,22.0,-0.5,0.0755907162526975,0.91,0.970035900614194,0.7130215094255472,0.1923084750239753
FIB,contractile,Lineage2,position,weighted_mean_pseudotime,Diabetes Mellitus - Resilient,Reference,7,13,0.3309291016628374,0.5079905790161182,-0.1770614773532808,0.3454993343154004,0.5044715936732866,23.0,-0.4945054945054945,0.0811145510835913,0.41,0.3326610664085115,-0.4711735185450718,0.2014602300822031
Glomerular,endothelial_mesangial,Lineage2,position,weighted_mean_pseudotime,Acute Kidney Injury,Reference,12,6,0.4499379581152979,0.3112839469352031,0.1386540111800947,0.4659782743959812,0.2931087920040562,55.0,0.5277777777777777,0.0828339017089261,0.55,0.2752385546078828,-0.0428032234094718,0.2014602300822031
PT,PT,Lineage6,position,weighted_mean_pseudotime,Acute Kidney Injury,Reference,11,13,0.5077808583418237,0.381078081561534,0.1267027767802897,0.4665282531055487,0.4204708841050142,102.0,0.4265734265734267,0.0821938329275371,1.0,0.9819600103586548,0.868584140640096,0.2014602300822031
Glomerular,endothelial_mesangial,Lineage4,position,weighted_mean_pseudotime,Healthy Reference,Reference,10,11,0.1544088419615407,0.3501536756337006,-0.1957448336721599,0.2197773626512945,0.4148652519495563,31.0,-0.4363636363636364,0.0979609839259925,0.91,0.970035900614194,0.7130215094255472,0.2325098052219341
PT,PT,Lineage2,position,weighted_mean_pseudotime,Diabetes Mellitus - Resilient,Healthy Reference,11,60,0.1932929780402889,0.3036033784450048,-0.1103104004047159,0.2442777874798099,0.3331550704308976,225.0,-0.3181818181818182,0.0967909934778426,0.9896907216494846,0.9662518525839936,0.5998290008876874,0.2325098052219341
PT,PT,Lineage6,position,weighted_mean_pseudotime,Chronic Kidney Disease,Diabetes Mellitus - Resilient,51,11,0.4445991595848884,0.4027989261331567,0.0418002334517316,0.4383933207923814,0.3921402566505972,369.0,0.3155080213903742,0.1049067401760458,1.0,0.9819600103586548,0.868584140640096,0.2460312835081075
FIB,contractile,Lineage2,position,weighted_mean_pseudotime,Acute Kidney Injury,Reference,23,13,0.4316278856207995,0.5079905790161182,-0.0763626933953187,0.437544201819151,0.5044715936732866,101.0,-0.3244147157190635,0.1139083925146981,0.41,0.3326610664085115,-0.4711735185450718,0.2550811614758879
FIB,contractile,Lineage3,position,weighted_mean_pseudotime,Diabetes Mellitus - Resilient,Reference,7,13,0.3516306454903513,0.1472834249512567,0.2043472205390945,0.3782143154270488,0.2761192507282812,66.0,0.4505494505494505,0.1146284829721362,0.99,0.9279245769920388,0.7713670679086668,0.2550811614758879
Glomerular,podocyte_PEC,Lineage2,position,weighted_mean_pseudotime,Chronic Kidney Disease,Healthy Reference,40,38,0.4110056001083012,0.3182122236363289,0.0927933764719723,0.4262190046048794,0.3382390004345341,917.5,0.207236842105263,0.1165345407757863,1.0,0.9706090425661436,0.854659611666671,0.2550811614758879
PT,PT,Lineage7,position,weighted_mean_pseudotime,Healthy Reference,Reference,52,12,0.4012912207879374,0.4902130184807868,-0.0889217976928493,0.3855238871299254,0.4591617314563259,220.0,-0.2948717948717948,0.1155226297121987,0.845360824742268,0.9523749305690636,0.6766285461753472,0.2550811614758879
PT,PT,Lineage9,position,weighted_mean_pseudotime,Chronic Kidney Disease,Diabetes Mellitus - Resilient,13,6,0.1665764402967347,0.1820893750305132,-0.0155129347337784,0.1859964680988244,0.2271352421808487,20.5,-0.4743589743589743,0.1136089557841592,0.8556701030927835,0.8889416692803775,0.3464183380628481,0.2550811614758879
PT,PT,Lineage9,position,weighted_mean_pseudotime,Chronic Kidney Disease,Healthy Reference,13,36,0.1665764402967347,0.1718618227530198,-0.005285382456285,0.1859964680988244,0.2448240293918108,163.0,-0.3034188034188034,0.110338494013067,0.8556701030927835,0.8889416692803775,0.3464183380628481,0.2550811614758879
FIB,contractile,Lineage4,position,weighted_mean_pseudotime,Acute Kidney Injury,Reference,7,11,0.3998326232312539,0.1050997461272034,0.2947328771040505,0.3833102705704502,0.2791778924240278,56.0,0.4545454545454546,0.1259426847662141,0.85,0.7171717523137352,0.03506441293431,0.2596456229514423
Glomerular,podocyte_PEC,Lineage3,position,weighted_mean_pseudotime,Chronic Kidney Disease,Healthy Reference,46,51,0.5812958867738837,0.5139653656198842,0.0673305211539995,0.5598957718781021,0.4704579156148815,1386.0,0.1815856777493605,0.1247231941972206,0.99,0.5300124169227636,0.3223240241994038,0.2596456229514423
PT,PT,Lineage2,position,weighted_mean_pseudotime,Acute Kidney Injury,Healthy Reference,35,60,0.3267147144623085,0.3036033784450048,0.0231113360173036,0.3651100151944919,0.3331550704308976,1251.0,0.1914285714285715,0.121889511537442,0.9896907216494846,0.9662518525839936,0.5998290008876874,0.2596456229514423
PT,PT,Lineage2,position,weighted_mean_pseudotime,Chronic Kidney Disease,Healthy Reference,77,60,0.3709093723821329,0.3036033784450048,0.067305993937128,0.3882125629357589,0.3331550704308976,2668.0,0.154978354978355,0.1209065278034808,0.9896907216494846,0.9662518525839936,0.5998290008876874,0.2596456229514423
PT,PT,Lineage4,position,weighted_mean_pseudotime,Diabetes Mellitus - Resilient,Reference,9,12,0.3909271909742626,0.4229974186430594,-0.0320702276687968,0.3703948558049306,0.4403521445584089,32.0,-0.4074074074074074,0.1265278162606013,0.5773195876288659,0.3338714361670214,-0.2446149238938639,0.2596456229514423
PT,PT,Lineage6,position,weighted_mean_pseudotime,Chronic Kidney Disease,Reference,51,13,0.4445991595848884,0.381078081561534,0.0635210780233543,0.4383933207923814,0.4204708841050142,424.0,0.2790346907993966,0.1247346683139843,1.0,0.9819600103586548,0.868584140640096,0.2596456229514423
FIB,contractile,Lineage1,position,weighted_mean_pseudotime,Acute Kidney Injury,Diabetes Mellitus - Resilient,29,9,0.4246942384141887,0.3166809281063512,0.1080133103078375,0.4473583100524645,0.360180486749812,174.0,0.3333333333333332,0.1398342763085586,1.0,0.967451832261534,0.888837486837857,0.2725027822963263
FIB,contractile,Lineage3,position,weighted_mean_pseudotime,Diabetes Mellitus - Resilient,Healthy Reference,7,36,0.3516306454903513,0.1886915455277349,0.1629390999626163,0.3782143154270488,0.3067088803387668,172.0,0.3650793650793651,0.1368269116724202,0.99,0.9279245769920388,0.7713670679086668,0.2725027822963263
FIB,outer_medullary,Lineage1,position,weighted_mean_pseudotime,Chronic Kidney Disease,Reference,17,5,0.5948445447935685,0.1691988089809803,0.4256457358125882,0.6371461577429648,0.348380175954512,62.0,0.4588235294117646,0.1403508771929824,1.0,0.9869294180465916,0.9589790451392668,0.2725027822963263
Glomerular,endothelial_mesangial,Lineage2,position,weighted_mean_pseudotime,Chronic Kidney Disease,Reference,25,6,0.4558526838308112,0.3112839469352031,0.144568736895608,0.3959002256623096,0.2931087920040562,105.0,0.3999999999999999,0.1400526164974909,0.55,0.2752385546078828,-0.0428032234094718,0.2725027822963263
PT,PT,Lineage2,position,weighted_mean_pseudotime,Acute Kidney Injury,Reference,35,14,0.3267147144623085,0.2698870960393064,0.0568276184230021,0.3651100151944919,0.3010891030481137,312.0,0.273469387755102,0.1410928111381994,0.9896907216494846,0.9662518525839936,0.5998290008876874,0.2725027822963263
PT,PT,Lineage2,position,weighted_mean_pseudotime,Chronic Kidney Disease,Reference,77,14,0.3709093723821329,0.2698870960393064,0.1010222763428265,0.3882125629357589,0.3010891030481137,674.0,0.2504638218923933,0.1390116045606332,0.9896907216494846,0.9662518525839936,0.5998290008876874,0.2725027822963263
PT,PT,Lineage4,position,weighted_mean_pseudotime,Acute Kidney Injury,Healthy Reference,32,55,0.4401105438139699,0.3775858575614788,0.0625246862524911,0.4194648682494862,0.3676315040339243,1042.0,0.184090909090909,0.1551518713389078,0.5773195876288659,0.3338714361670214,-0.2446149238938639,0.2967467830462605
Glomerular,podocyte_PEC,Lineage3,position,weighted_mean_pseudotime,Acute Kidney Injury,Reference,23,13,0.6807044525338831,0.3996059325899646,0.2810985199439185,0.5908642350238822,0.4329069945833248,193.0,0.2909698996655518,0.1567188339794077,0.99,0.5300124169227636,0.3223240241994038,0.2968616374417627
PT,PT,Lineage3,position,weighted_mean_pseudotime,Diabetes Mellitus - Resilient,Healthy Reference,11,62,0.171688490651153,0.2358500134441802,-0.0641615227930272,0.2339803416269533,0.2880262473204713,249.0,-0.2697947214076246,0.1582669777356814,0.9896907216494846,0.9669525812952102,0.6552198918576664,0.2969389963231356
Glomerular,podocyte_PEC,Lineage3,position,weighted_mean_pseudotime,Chronic Kidney Disease,Reference,46,13,0.5812958867738837,0.3996059325899646,0.1816899541839191,0.5598957718781021,0.4329069945833248,375.0,0.254180602006689,0.1673532492462131,0.99,0.5300124169227636,0.3223240241994038,0.3110244349198489
FIB,contractile,Lineage5,position,weighted_mean_pseudotime,Healthy Reference,Reference,24,9,0.5065043555826603,0.2882750497522179,0.2182293058304423,0.4710284476733637,0.3574078888480635,142.0,0.3148148148148149,0.1756862178046889,0.96,0.9544057487278168,0.8380510317899472,0.3204646750696641
Glomerular,podocyte_PEC,Lineage1,position,weighted_mean_pseudotime,Acute Kidney Injury,Reference,24,12,0.6468838858342651,0.4533261447751432,0.1935577410591219,0.5930403089077475,0.4780759977717884,185.0,0.2847222222222223,0.1741177506591888,1.0,0.9569013558235862,0.7722847563799451,0.3204646750696641
FIB,contractile,Lineage4,position,weighted_mean_pseudotime,Diabetes Mellitus - Resilient,Reference,5,11,0.2385790988631914,0.1050997461272034,0.133479352735988,0.2725296414560226,0.2791778924240278,40.0,0.4545454545454546,0.1804029304029304,0.85,0.7171717523137352,0.03506441293431,0.3230852480852481
Glomerular,podocyte_PEC,Lineage1,position,weighted_mean_pseudotime,Acute Kidney Injury,Chronic Kidney Disease,24,45,0.6468838858342651,0.4711038507834634,0.1757800350508017,0.5930403089077475,0.5199511051962753,647.0,0.1981481481481481,0.1796693240456301,1.0,0.9569013558235862,0.7722847563799451,0.3230852480852481
PT,PT,Lineage6,position,weighted_mean_pseudotime,Chronic Kidney Disease,Healthy Reference,51,51,0.4445991595848884,0.4724680153576434,-0.0278688557727549,0.4383933207923814,0.4706591636158637,1101.5,-0.1530180699730873,0.1840109488784064,1.0,0.9819600103586548,0.868584140640096,0.3265779903517663
FIB,contractile,Lineage4,position,weighted_mean_pseudotime,Chronic Kidney Disease,Healthy Reference,32,38,0.385835181005701,0.3123744648401264,0.0734607161655745,0.375842308086833,0.3525999631356171,719.0,0.1825657894736843,0.1926643697157315,0.85,0.7171717523137352,0.03506441293431,0.3388828645892777
Glomerular,endothelial_mesangial,Lineage1,position,weighted_mean_pseudotime,Acute Kidney Injury,Chronic Kidney Disease,13,34,0.3323102039156224,0.3985989939548107,-0.0662887900391883,0.3091519818731765,0.3748823106305854,166.0,-0.248868778280543,0.1949107941256771,1.0,0.9697396603885624,0.7901658372333197,0.3398002340067114
Glomerular,endothelial_mesangial,Lineage1,position,weighted_mean_pseudotime,Acute Kidney Injury,Reference,13,9,0.3323102039156224,0.3616136386027632,-0.0293034346871408,0.3091519818731765,0.5082325563823562,39.0,-0.3333333333333333,0.2045184449043044,1.0,0.9697396603885624,0.7901658372333197,0.3503489882273738
Glomerular,podocyte_PEC,Lineage2,position,weighted_mean_pseudotime,Chronic Kidney Disease,Reference,40,13,0.4110056001083012,0.2884496155232373,0.1225559845850639,0.4262190046048794,0.3296748700656803,322.0,0.2384615384615385,0.2036020178503639,1.0,0.9706090425661436,0.854659611666671,0.3503489882273738
FIB,contractile,Lineage4,position,weighted_mean_pseudotime,Healthy Reference,Reference,38,11,0.3123744648401264,0.1050997461272034,0.207274718712923,0.3525999631356171,0.2791778924240278,262.0,0.2535885167464116,0.208395797542883,0.85,0.7171717523137352,0.03506441293431,0.3539135527236893
Glomerular,podocyte_PEC,Lineage2,position,weighted_mean_pseudotime,Acute Kidney Injury,Reference,22,13,0.3988358389379036,0.2884496155232373,0.1103862234146663,0.3899834398900551,0.3296748700656803,180.0,0.2587412587412587,0.2126995221216687,1.0,0.9706090425661436,0.854659611666671,0.3581350928031516
Glomerular,endothelial_mesangial,Lineage1,position,weighted_mean_pseudotime,Healthy Reference,Reference,36,9,0.3244426209438462,0.3616136386027632,-0.037171017658917,0.3196992785920711,0.5082325563823562,118.0,-0.2716049382716049,0.2170829525488802,1.0,0.9697396603885624,0.7901658372333197,0.3593726189254571
PT,PT,Lineage4,position,weighted_mean_pseudotime,Healthy Reference,Reference,55,12,0.3775858575614788,0.4229974186430594,-0.0454115610815806,0.3676315040339243,0.4403521445584089,254.0,-0.2303030303030303,0.2169954161734475,0.5773195876288659,0.3338714361670214,-0.2446149238938639,0.3593726189254571
PT,PT,Lineage5,position,weighted_mean_pseudotime,Healthy Reference,Reference,56,12,0.1888490789745769,0.24921173735866,-0.0603626583840831,0.2143652679322568,0.2601953065975625,260.0,-0.2261904761904761,0.2245239010754045,0.9896907216494846,0.9826330785116726,0.5923228819609154,0.3685934042654558
Glomerular,podocyte_PEC,Lineage1,position,weighted_mean_pseudotime,Acute Kidney Injury,Diabetes Mellitus - Resilient,24,10,0.6468838858342651,0.5359074270055274,0.1109764588287377,0.5930403089077475,0.5193129868968931,152.0,0.2666666666666666,0.2338153294487762,1.0,0.9569013558235862,0.7722847563799451,0.3806745446397432
Glomerular,podocyte_PEC,Lineage1,position,weighted_mean_pseudotime,Acute Kidney Injury,Healthy Reference,24,55,0.6468838858342651,0.5606646703716257,0.0862192154626394,0.5930403089077475,0.5332770389646936,771.0,0.1681818181818182,0.2388229359536146,1.0,0.9569013558235862,0.7722847563799451,0.3856403146136236
PT,PT,Lineage7,position,weighted_mean_pseudotime,Chronic Kidney Disease,Reference,57,12,0.5142546008904262,0.4902130184807868,0.0240415824096393,0.514366737208664,0.4591617314563259,415.0,0.2134502923976609,0.251067137651116,0.845360824742268,0.9523749305690636,0.6766285461753472,0.4021156594899988
PT,PT,Lineage6,position,weighted_mean_pseudotime,Acute Kidney Injury,Chronic Kidney Disease,11,51,0.5077808583418237,0.4445991595848884,0.0631816987569353,0.4665282531055487,0.4383933207923814,341.5,0.2174688057040998,0.2649330552277679,1.0,0.9819600103586548,0.868584140640096,0.4209017087086312
Glomerular,podocyte_PEC,Lineage3,position,weighted_mean_pseudotime,Diabetes Mellitus - Resilient,Reference,8,13,0.5149294559462354,0.3996059325899646,0.1153235233562708,0.5230576450533359,0.4329069945833248,68.0,0.3076923076923077,0.2684554523563812,0.99,0.5300124169227636,0.3223240241994038,0.4230857929136567
PT,PT,Lineage1,position,weighted_mean_pseudotime,Chronic Kidney Disease,Reference,78,14,0.2555370850554235,0.1783493503951261,0.0771877346602973,0.2523328192867593,0.2533538692479115,647.0,0.184981684981685,0.2746327897488183,1.0,0.9934969350742048,0.8919259487233593,0.429386187146962
Glomerular,podocyte_PEC,Lineage2,position,weighted_mean_pseudotime,Acute Kidney Injury,Healthy Reference,22,38,0.3988358389379036,0.3182122236363289,0.0806236153015747,0.3899834398900551,0.3382390004345341,489.0,0.1698564593301434,0.2794711499025613,1.0,0.9706090425661436,0.854659611666671,0.4335103663842879
PT,PT,Lineage2,position,weighted_mean_pseudotime,Diabetes Mellitus - Resilient,Reference,11,14,0.1932929780402889,0.2698870960393064,-0.0765941179990175,0.2442777874798099,0.3010891030481137,57.0,-0.2597402597402597,0.2857346691989627,0.9896907216494846,0.9662518525839936,0.5998290008876874,0.4397635143140286
PT,PT,Lineage4,position,weighted_mean_pseudotime,Chronic Kidney Disease,Diabetes Mellitus - Resilient,56,9,0.300203877296471,0.3909271909742626,-0.0907233136777915,0.3360691300899396,0.3703948558049306,197.0,-0.2182539682539682,0.3006026459674903,0.5773195876288659,0.3338714361670214,-0.2446149238938639,0.4590598546945394
PT,PT,Lineage9,position,weighted_mean_pseudotime,Chronic Kidney Disease,Reference,13,10,0.1665764402967347,0.1719151772661667,-0.005338736969432,0.1859964680988244,0.2687733780313316,48.0,-0.2615384615384615,0.306052861017239,0.8556701030927835,0.8889416692803775,0.3464183380628481,0.46378779707997
PT,PT,Lineage3,position,weighted_mean_pseudotime,Diabetes Mellitus - Resilient,Reference,11,14,0.171688490651153,0.2448184291936894,-0.0731299385425364,0.2339803416269533,0.3281113060328767,58.0,-0.2467532467532467,0.3111650323227036,0.9896907216494846,0.9669525812952102,0.6552198918576664,0.4679352012791803
PT,PT,Lineage11,position,weighted_mean_pseudotime,Diabetes Mellitus - Resilient,Reference,8,10,0.436428930937875,0.4647832298988255,-0.0283542989609504,0.4308718475403322,0.4518611958919941,28.0,-0.3,0.3154166095342566,0.7010309278350515,0.7567238080495372,-0.0802891173165392,0.470735394532186
PT,PT,Lineage3,position,weighted_mean_pseudotime,Chronic Kidney Disease,Reference,75,14,0.3260895945647704,0.2448184291936894,0.0812711653710809,0.3284248154606569,0.3281113060328767,613.0,0.1676190476190475,0.3241265877576191,0.9896907216494846,0.9669525812952102,0.6552198918576664,0.4800972766033907
PT,PT,Lineage11,position,weighted_mean_pseudotime,Chronic Kidney Disease,Diabetes Mellitus - Resilient,26,8,0.4466166643439336,0.436428930937875,0.0101877334060586,0.445718586816533,0.4308718475403322,129.0,0.2403846153846154,0.3267044146452639,0.7010309278350515,0.7567238080495372,-0.0802891173165392,0.48030425138147
PT,PT,Lineage10,position,weighted_mean_pseudotime,Diabetes Mellitus - Resilient,Healthy Reference,11,54,0.3052160364922344,0.2819160335009862,0.0233000029912481,0.3440891236503042,0.3215839307423268,352.0,0.1851851851851851,0.3403354200667386,0.9587628865979382,0.9591948756466192,0.7608870883095796,0.4898737523115864
PT,PT,Lineage7,position,weighted_mean_pseudotime,Acute Kidney Injury,Reference,12,12,0.3903292694137596,0.4902130184807868,-0.0998837490670271,0.425946836996867,0.4591617314563259,55.0,-0.2361111111111111,0.3406736247039966,0.845360824742268,0.9523749305690636,0.6766285461753472,0.4898737523115864
PT,PT,Lineage7,position,weighted_mean_pseudotime,Diabetes Mellitus - Resilient,Reference,11,12,0.528417181934092,0.4902130184807868,0.0382041634533052,0.5298051831138566,0.4591617314563259,82.0,0.2424242424242424,0.3401043685615801,0.845360824742268,0.9523749305690636,0.6766285461753472,0.4898737523115864
FIB,contractile,Lineage1,position,weighted_mean_pseudotime,Chronic Kidney Disease,Diabetes Mellitus - Resilient,55,9,0.3542920135467029,0.3166809281063512,0.0376110854403517,0.3746126653535006,0.360180486749812,295.0,0.1919191919191918,0.3640512492050847,1.0,0.967451832261534,0.888837486837857,0.5123840525195722
FIB,contractile,Lineage4,position,weighted_mean_pseudotime,Acute Kidney Injury,Healthy Reference,7,38,0.3998326232312539,0.3123744648401264,0.0874581583911274,0.3833102705704502,0.3525999631356171,163.0,0.2255639097744362,0.3634999587920745,0.85,0.7171717523137352,0.03506441293431,0.5123840525195722
Glomerular,podocyte_PEC,Lineage1,position,weighted_mean_pseudotime,Healthy Reference,Reference,55,12,0.5606646703716257,0.4533261447751432,0.1073385255964824,0.5332770389646936,0.4780759977717884,386.0,0.1696969696969696,0.3641307987448736,1.0,0.9569013558235862,0.7722847563799451,0.5123840525195722
PT,PT,Lineage5,position,weighted_mean_pseudotime,Diabetes Mellitus - Resilient,Healthy Reference,10,56,0.2150813224369516,0.1888490789745769,0.0262322434623747,0.2599570896748708,0.2143652679322568,329.0,0.175,0.3857430881431219,0.9896907216494846,0.9826330785116726,0.5923228819609154,0.5389460167673406
PT,PT,Lineage4,position,weighted_mean_pseudotime,Chronic Kidney Disease,Healthy Reference,56,55,0.300203877296471,0.3775858575614788,-0.0773819802650077,0.3360691300899396,0.3676315040339243,1394.0,-0.0948051948051947,0.3908030517896022,0.5773195876288659,0.3338714361670214,-0.2446149238938639,0.5421704310038846
PT,PT,Lineage10,position,weighted_mean_pseudotime,Healthy Reference,Reference,54,11,0.2819160335009862,0.2461437880103786,0.0357722454906076,0.3215839307423268,0.2558785637427413,344.0,0.1582491582491583,0.4159090864771775,0.9587628865979382,0.9591948756466192,0.7608870883095796,0.5729656645874404
FIB,outer_medullary,Lineage1,position,weighted_mean_pseudotime,Acute Kidney Injury,Reference,6,5,0.6011333776992693,0.1691988089809803,0.431934568718289,0.6241553375395826,0.348380175954512,20.0,0.3333333333333332,0.4285714285714285,1.0,0.9869294180465916,0.9589790451392668,0.5863095238095238
Glomerular,podocyte_PEC,Lineage3,position,weighted_mean_pseudotime,Acute Kidney Injury,Diabetes Mellitus - Resilient,23,8,0.6807044525338831,0.5149294559462354,0.1657749965876477,0.5908642350238822,0.5230576450533359,109.0,0.1847826086956521,0.4640836130046363,0.99,0.5300124169227636,0.3223240241994038,0.6305135983580232
FIB,contractile,Lineage6,position,weighted_mean_pseudotime,Healthy Reference,Reference,20,8,0.3555028209352147,0.3442705504547519,0.0112322704804627,0.4632616862690463,0.3474591335703592,95.0,0.1875,0.4688039818474602,0.4,0.4794891752906818,-0.7654061170687154,0.6325642768763675
PT,PT,Lineage7,position,weighted_mean_pseudotime,Acute Kidney Injury,Healthy Reference,12,52,0.3903292694137596,0.4012912207879374,-0.0109619513741777,0.425946836996867,0.3855238871299254,353.5,0.1330128205128204,0.4806623952229537,0.845360824742268,0.9523749305690636,0.6766285461753472,0.644153005843006
Glomerular,podocyte_PEC,Lineage3,position,weighted_mean_pseudotime,Healthy Reference,Reference,51,13,0.5139653656198842,0.3996059325899646,0.1143594330299195,0.4704579156148815,0.4329069945833248,373.0,0.1251885369532428,0.4938707975065876,0.99,0.5300124169227636,0.3223240241994038,0.6573820750594442
Glomerular,endothelial_mesangial,Lineage2,position,weighted_mean_pseudotime,Acute Kidney Injury,Chronic Kidney Disease,12,25,0.4499379581152979,0.4558526838308112,-0.0059147257155132,0.4659782743959812,0.3959002256623096,171.0,0.1399999999999999,0.5058806506557028,0.55,0.2752385546078828,-0.0428032234094718,0.6680442923888272
Glomerular,endothelial_mesangial,Lineage3,position,weighted_mean_pseudotime,Chronic Kidney Disease,Reference,51,7,0.3968996765632294,0.3002586902287996,0.0966409863344298,0.4367519779492876,0.3821675444744365,207.0,0.1596638655462186,0.5120542545721467,1.0,0.9912040368614716,0.8566331659645343,0.6680442923888272
PT,PT,Lineage1,position,weighted_mean_pseudotime,Healthy Reference,Reference,68,14,0.1605415148741945,0.1783493503951261,-0.0178078355209316,0.206490347899807,0.2533538692479115,422.0,-0.1134453781512605,0.5096994300290318,1.0,0.9934969350742048,0.8919259487233593,0.6680442923888272
PT,PT,Lineage11,position,weighted_mean_pseudotime,Healthy Reference,Reference,40,10,0.4542422463355519,0.4647832298988255,-0.0105409835632735,0.4217412162985049,0.4518611958919941,174.0,-0.13,0.5362683062573839,0.7010309278350515,0.7567238080495372,-0.0802891173165392,0.6950319495572672
PT,PT,Lineage11,position,weighted_mean_pseudotime,Chronic Kidney Disease,Healthy Reference,26,40,0.4466166643439336,0.4542422463355519,-0.0076255819916182,0.445718586816533,0.4217412162985049,565.0,0.0865384615384614,0.5592350442460331,0.7010309278350515,0.7567238080495372,-0.0802891173165392,0.7200608086043694
Glomerular,endothelial_mesangial,Lineage1,position,weighted_mean_pseudotime,Chronic Kidney Disease,Reference,34,9,0.3985989939548107,0.3616136386027632,0.0369853553520475,0.3748823106305854,0.5082325563823562,134.0,-0.1241830065359477,0.5807283229403295,1.0,0.9697396603885624,0.7901658372333197,0.7428797377873047
Glomerular,endothelial_mesangial,Lineage2,position,weighted_mean_pseudotime,Chronic Kidney Disease,Healthy Reference,25,36,0.4558526838308112,0.4548607850501029,0.0009918987807082,0.3959002256623096,0.4580458738669619,413.5,-0.0811111111111111,0.597528810414947,0.55,0.2752385546078828,-0.0428032234094718,0.7540522299602682
Glomerular,podocyte_PEC,Lineage1,position,weighted_mean_pseudotime,Chronic Kidney Disease,Reference,45,12,0.4711038507834634,0.4533261447751432,0.0177777060083201,0.5199511051962753,0.4780759977717884,297.0,0.1,0.6039621544654222,1.0,0.9569013558235862,0.7722847563799451,0.7540522299602682
Glomerular,podocyte_PEC,Lineage2,position,weighted_mean_pseudotime,Acute Kidney Injury,Chronic Kidney Disease,22,40,0.3988358389379036,0.4110056001083012,-0.0121697611703975,0.3899834398900551,0.4262190046048794,404.0,-0.0818181818181817,0.6014537556006405,1.0,0.9706090425661436,0.854659611666671,0.7540522299602682
PT,PT,Lineage2,position,weighted_mean_pseudotime,Healthy Reference,Reference,60,14,0.3036033784450048,0.2698870960393064,0.0337162824056984,0.3331550704308976,0.3010891030481137,458.0,0.0904761904761903,0.6047728544859003,0.9896907216494846,0.9662518525839936,0.5998290008876874,0.7540522299602682
Glomerular,endothelial_mesangial,Lineage4,position,weighted_mean_pseudotime,Chronic Kidney Disease,Healthy Reference,8,10,0.0970662780792092,0.1544088419615407,-0.0573425638823315,0.1789559476167521,0.2197773626512945,34.0,-0.15,0.6241667832375272,0.91,0.970035900614194,0.7130215094255472,0.7685053518612053
PT,PT,Lineage5,position,weighted_mean_pseudotime,Diabetes Mellitus - Resilient,Reference,10,12,0.2150813224369516,0.24921173735866,-0.0341304149217084,0.2599570896748708,0.2601953065975625,52.0,-0.1333333333333333,0.6209281438231145,0.9896907216494846,0.9826330785116726,0.5923228819609154,0.7685053518612053
Glomerular,podocyte_PEC,Lineage3,position,weighted_mean_pseudotime,Chronic Kidney Disease,Diabetes Mellitus - Resilient,46,8,0.5812958867738837,0.5149294559462354,0.0663664308276482,0.5598957718781021,0.5230576450533359,203.0,0.1032608695652173,0.6523719542181128,0.99,0.5300124169227636,0.3223240241994038,0.7953973829434685
PT,PT,Lineage11,position,weighted_mean_pseudotime,Diabetes Mellitus - Resilient,Healthy Reference,8,40,0.436428930937875,0.4542422463355519,-0.0178133153976768,0.4308718475403322,0.4217412162985049,143.0,-0.1062499999999999,0.654083127090568,0.7010309278350515,0.7567238080495372,-0.0802891173165392,0.7953973829434685
FIB,contractile,Lineage2,position,weighted_mean_pseudotime,Healthy Reference,Reference,45,13,0.5307460905710858,0.5079905790161182,0.0227555115549675,0.5283739151663891,0.5044715936732866,316.0,0.0803418803418802,0.668025845126092,0.41,0.3326610664085115,-0.4711735185450718,0.8024456798160983
PT,PT,Lineage7,position,weighted_mean_pseudotime,Chronic Kidney Disease,Diabetes Mellitus - Resilient,57,11,0.5142546008904262,0.528417181934092,-0.0141625810436658,0.514366737208664,0.5298051831138566,287.0,-0.0845295055821371,0.6650019065029691,0.845360824742268,0.9523749305690636,0.6766285461753472,0.8024456798160983
PT,PT,Lineage9,position,weighted_mean_pseudotime,Diabetes Mellitus - Resilient,Healthy Reference,6,36,0.1820893750305132,0.1718618227530198,0.0102275522774933,0.2271352421808487,0.2448240293918108,119.5,0.1064814814814814,0.6925456021696661,0.8556701030927835,0.8889416692803775,0.3464183380628481,0.8268574765298438
Glomerular,podocyte_PEC,Lineage1,position,weighted_mean_pseudotime,Diabetes Mellitus - Resilient,Reference,10,12,0.5359074270055274,0.4533261447751432,0.0825812822303841,0.5193129868968931,0.4780759977717884,66.0,0.1,0.7168594361961285,1.0,0.9569013558235862,0.7722847563799451,0.8458969075168736
Glomerular,podocyte_PEC,Lineage2,position,weighted_mean_pseudotime,Healthy Reference,Reference,38,13,0.3182122236363289,0.2884496155232373,0.0297626081130916,0.3382390004345341,0.3296748700656803,264.0,0.0688259109311741,0.7213740125016993,1.0,0.9706090425661436,0.854659611666671,0.8458969075168736
Glomerular,podocyte_PEC,Lineage3,position,weighted_mean_pseudotime,Diabetes Mellitus - Resilient,Healthy Reference,8,51,0.5149294559462354,0.5139653656198842,0.0009640903263512,0.5230576450533359,0.4704579156148815,221.0,0.0833333333333332,0.7199373081970469,0.99,0.5300124169227636,0.3223240241994038,0.8458969075168736
PT,PT,Lineage11,position,weighted_mean_pseudotime,Chronic Kidney Disease,Reference,26,10,0.4466166643439336,0.4647832298988255,-0.0181665655548918,0.445718586816533,0.4518611958919941,120.0,-0.0769230769230768,0.7372280362323936,0.7010309278350515,0.7567238080495372,-0.0802891173165392,0.8521628935802763
PT,PT,Lineage8,position,weighted_mean_pseudotime,Diabetes Mellitus - Resilient,Healthy Reference,11,57,0.2253504616500933,0.2394580562047878,-0.0141075945546945,0.2463596476424885,0.3035643236180269,293.0,-0.0653907496012758,0.7390659375521573,0.9690721649484536,0.9719748802611602,0.8026658118423097,0.8521628935802763
PT,PT,Lineage8,position,weighted_mean_pseudotime,Healthy Reference,Reference,57,13,0.2394580562047878,0.2185606375165802,0.0208974186882076,0.3035643236180269,0.3009191465471944,393.0,0.0607287449392712,0.7396946944275495,0.9690721649484536,0.9719748802611602,0.8026658118423097,0.8521628935802763
FIB,contractile,Lineage3,position,weighted_mean_pseudotime,Acute Kidney Injury,Chronic Kidney Disease,23,56,0.4690056836267625,0.4833032344452894,-0.0142975508185269,0.4999177906499819,0.500816568750051,616.0,-0.0434782608695651,0.7666419045395494,0.99,0.9279245769920388,0.7713670679086668,0.8658591841146693
FIB,contractile,Lineage4,position,weighted_mean_pseudotime,Acute Kidney Injury,Chronic Kidney Disease,7,32,0.3998326232312539,0.385835181005701,0.0139974422255528,0.3833102705704502,0.375842308086833,121.0,0.0803571428571428,0.760929194365727,0.85,0.7171717523137352,0.03506441293431,0.8658591841146693
Glomerular,endothelial_mesangial,Lineage3,position,weighted_mean_pseudotime,Acute Kidney Injury,Reference,16,7,0.2737362019492626,0.3002586902287996,-0.0265224882795369,0.2979591691427982,0.3821675444744365,51.0,-0.0892857142857143,0.7691642498480565,1.0,0.9912040368614716,0.8566331659645343,0.8658591841146693
Glomerular,podocyte_PEC,Lineage3,position,weighted_mean_pseudotime,Acute Kidney Injury,Chronic Kidney Disease,23,46,0.6807044525338831,0.5812958867738837,0.0994085657599994,0.5908642350238822,0.5598957718781021,553.0,0.0453686200378071,0.7648352720277876,0.99,0.5300124169227636,0.3223240241994038,0.8658591841146693
PT,PT,Lineage9,position,weighted_mean_pseudotime,Diabetes Mellitus - Resilient,Reference,6,10,0.1820893750305132,0.1719151772661667,0.0101741977643464,0.2271352421808487,0.2687733780313316,33.0,0.1,0.7924575424575424,0.8556701030927835,0.8889416692803775,0.3464183380628481,0.887012135591681
PT,PT,Lineage6,position,weighted_mean_pseudotime,Acute Kidney Injury,Healthy Reference,11,51,0.5077808583418237,0.4724680153576434,0.0353128429841803,0.4665282531055487,0.4706591636158637,294.5,0.0499108734402851,0.8035474946162202,1.0,0.9819600103586548,0.868584140640096,0.8943438216914993
FIB,contractile,Lineage2,position,weighted_mean_pseudotime,Acute Kidney Injury,Chronic Kidney Disease,23,53,0.4316278856207995,0.427065844816061,0.0045620408047384,0.437544201819151,0.4363092826077502,631.0,0.0352748154224773,0.8123117212327221,0.41,0.3326610664085115,-0.4711735185450718,0.8955970202732317
Glomerular,podocyte_PEC,Lineage1,position,weighted_mean_pseudotime,Chronic Kidney Disease,Healthy Reference,45,55,0.4711038507834634,0.5606646703716257,-0.0895608195881623,0.5199511051962753,0.5332770389646936,1203.0,-0.0278787878787878,0.8137658204513121,1.0,0.9569013558235862,0.7722847563799451,0.8955970202732317
Glomerular,podocyte_PEC,Lineage1,position,weighted_mean_pseudotime,Chronic Kidney Disease,Diabetes Mellitus - Resilient,45,10,0.4711038507834634,0.5359074270055274,-0.064803576222064,0.5199511051962753,0.5193129868968931,236.0,0.0488888888888889,0.8187688215206239,1.0,0.9569013558235862,0.7722847563799451,0.8960969879975718
FIB,contractile,Lineage3,position,weighted_mean_pseudotime,Healthy Reference,Reference,36,13,0.1886915455277349,0.1472834249512567,0.0414081205764781,0.3067088803387668,0.2761192507282812,244.0,0.0427350427350428,0.8296639093428102,0.99,0.9279245769920388,0.7713670679086668,0.9030043654173128
Glomerular,podocyte_PEC,Lineage1,position,weighted_mean_pseudotime,Diabetes Mellitus - Resilient,Healthy Reference,10,55,0.5359074270055274,0.5606646703716257,-0.0247572433660983,0.5193129868968931,0.5332770389646936,263.0,-0.0436363636363635,0.8343772713561003,1.0,0.9569013558235862,0.7722847563799451,0.9031446288854492
FIB,contractile,Lineage1,position,weighted_mean_pseudotime,Healthy Reference,Reference,31,14,0.126304787650167,0.1388522882134409,-0.0125475005632738,0.1714805693233286,0.2499861726691782,209.0,-0.0368663594470045,0.8541097172041632,1.0,0.967451832261534,0.888837486837857,0.9129944556242732
Glomerular,endothelial_mesangial,Lineage2,position,weighted_mean_pseudotime,Acute Kidney Injury,Healthy Reference,12,36,0.4499379581152979,0.4548607850501029,-0.004922826934805,0.4659782743959812,0.4580458738669619,224.0,0.0370370370370369,0.858255199125115,0.55,0.2752385546078828,-0.0428032234094718,0.9129944556242732
Glomerular,endothelial_mesangial,Lineage3,position,weighted_mean_pseudotime,Healthy Reference,Reference,39,7,0.265289375519622,0.3002586902287996,-0.0349693147091775,0.3011980338541898,0.3821675444744365,130.0,-0.0476190476190476,0.8575906665859563,1.0,0.9912040368614716,0.8566331659645343,0.9129944556242732
PT,PT,Lineage8,position,weighted_mean_pseudotime,Diabetes Mellitus - Resilient,Reference,11,13,0.2253504616500933,0.2185606375165802,0.006789824133513,0.2463596476424885,0.3009191465471944,75.0,0.0489510489510489,0.8620150697772326,0.9690721649484536,0.9719748802611602,0.8026658118423097,0.9129944556242732
PT,PT,Lineage2,position,weighted_mean_pseudotime,Acute Kidney Injury,Chronic Kidney Disease,35,77,0.3267147144623085,0.3709093723821329,-0.0441946579198244,0.3651100151944919,0.3882125629357589,1324.0,-0.0174397031539889,0.8852022950791526,0.9896907216494846,0.9662518525839936,0.5998290008876874,0.93253931620638
FIB,contractile,Lineage4,position,weighted_mean_pseudotime,Diabetes Mellitus - Resilient,Healthy Reference,5,38,0.2385790988631914,0.3123744648401264,-0.073795365976935,0.2725296414560226,0.3525999631356171,92.0,-0.031578947368421,0.9268957550296176,0.85,0.7171717523137352,0.03506441293431,0.9610445460043932
PT,PT,Lineage4,position,weighted_mean_pseudotime,Acute Kidney Injury,Reference,32,12,0.4401105438139699,0.4229974186430594,0.0171131251709105,0.4194648682494862,0.4403521445584089,188.0,-0.0208333333333333,0.9265102591753878,0.5773195876288659,0.3338714361670214,-0.2446149238938639,0.9610445460043932
PT,PT,Lineage9,position,weighted_mean_pseudotime,Healthy Reference,Reference,36,10,0.1718618227530198,0.1719151772661667,-5.33545131469193e-05,0.2448240293918108,0.2687733780313316,176.0,-0.0222222222222222,0.925737415536732,0.8556701030927835,0.8889416692803775,0.3464183380628481,0.9610445460043932
Glomerular,endothelial_mesangial,Lineage1,position,weighted_mean_pseudotime,Acute Kidney Injury,Healthy Reference,13,36,0.3323102039156224,0.3244426209438462,0.0078675829717762,0.3091519818731765,0.3196992785920711,237.5,0.0149572649572649,0.9458347062438776,1.0,0.9697396603885624,0.7901658372333197,0.9704658183856452
PT,PT,Lineage3,position,weighted_mean_pseudotime,Healthy Reference,Reference,62,14,0.2358500134441802,0.2448184291936894,-0.0089684157495091,0.2880262473204713,0.3281113060328767,428.0,-0.0138248847926267,0.9412517184653932,0.9896907216494846,0.9669525812952102,0.6552198918576664,0.9704658183856452
PT,PT,Lineage6,position,weighted_mean_pseudotime,Diabetes Mellitus - Resilient,Reference,11,13,0.4027989261331567,0.381078081561534,0.0217208445716227,0.3921402566505972,0.4204708841050142,70.0,-0.0209790209790209,0.9537991725415176,1.0,0.9819600103586548,0.868584140640096,0.9735670310397871
Glomerular,endothelial_mesangial,Lineage3,position,weighted_mean_pseudotime,Acute Kidney Injury,Healthy Reference,16,39,0.2737362019492626,0.265289375519622,0.0084468264296406,0.2979591691427982,0.3011980338541898,309.5,-0.0080128205128204,0.9704346663338218,1.0,0.9912040368614716,0.8566331659645343,0.9854413879781592
FIB,outer_medullary,Lineage1,position,weighted_mean_pseudotime,Acute Kidney Injury,Chronic Kidney Disease,6,17,0.6011333776992693,0.5948445447935685,0.0062888329057008,0.6241553375395826,0.6371461577429648,51.0,0.0,1.0,1.0,0.9869294180465916,0.9589790451392668,1.0
FIB,outer_medullary,Lineage1,position,weighted_mean_pseudotime,Healthy Reference,Reference,29,5,0.3528532253823003,0.1691988089809803,0.18365441640132,0.3246672208323039,0.348380175954512,73.0,0.0068965517241379,1.0,1.0,0.9869294180465916,0.9589790451392668,1.0
PT,PT,Lineage4,position,weighted_mean_pseudotime,Diabetes Mellitus - Resilient,Healthy Reference,9,55,0.3909271909742626,0.3775858575614788,0.0133413334127838,0.3703948558049306,0.3676315040339243,248.0,0.002020202020202,1.0,0.5773195876288659,0.3338714361670214,-0.2446149238938639,1.0
