compartment,trajectory,lineage,gene,pseudotime_bin,pseudotime_midpoint,weighted_mean_log1p_cp10k,n_metacells,sum_lineage_weight,module
PT,PT,Lineage1,C1QA,1,0.05,0.0156487560458316,1249,968.05520541352,classical
PT,PT,Lineage1,C1QA,2,0.15,0.0214598108295269,552,347.17207211972107,classical
PT,PT,Lineage1,C1QA,3,0.25,0.0146020264247846,415,362.2316899549579,classical
PT,PT,Lineage1,C1QA,4,0.35,0.018538093873422,298,291.86671911763847,classical
PT,PT,Lineage1,C1QA,5,0.45,0.0313406582235963,214,214.0,classical
PT,PT,Lineage1,C1QA,6,0.55,0.0379946533819758,144,144.0,classical
PT,PT,Lineage1,C1QA,7,0.6500000000000001,0.0395895208698911,66,66.0,classical
PT,PT,Lineage1,C1QA,8,0.75,0.0092026797955134,14,14.0,classical
PT,PT,Lineage1,C1QA,9,0.8500000000000001,0.0013385323752108,36,36.0,classical
PT,PT,Lineage1,C1QA,10,0.95,0.0006232317337577,38,38.0,classical
PT,PT,Lineage1,C1QB,1,0.05,0.009033271053822,1249,968.05520541352,classical
PT,PT,Lineage1,C1QB,2,0.15,0.0141199481118667,552,347.17207211972107,classical
PT,PT,Lineage1,C1QB,3,0.25,0.007660795634424,415,362.2316899549579,classical
PT,PT,Lineage1,C1QB,4,0.35,0.0106897318371643,298,291.86671911763847,classical
PT,PT,Lineage1,C1QB,5,0.45,0.0208131597439813,214,214.0,classical
PT,PT,Lineage1,C1QB,6,0.55,0.0305061646537972,144,144.0,classical
PT,PT,Lineage1,C1QB,7,0.6500000000000001,0.0227110953037484,66,66.0,classical
PT,PT,Lineage1,C1QB,8,0.75,0.0047992038328753,14,14.0,classical
PT,PT,Lineage1,C1QB,9,0.8500000000000001,0.0,36,36.0,classical
PT,PT,Lineage1,C1QB,10,0.95,0.0,38,38.0,classical
PT,PT,Lineage1,C1QC,1,0.05,0.0049553701093746,1249,968.05520541352,classical
PT,PT,Lineage1,C1QC,2,0.15,0.0080158322597555,552,347.17207211972107,classical
PT,PT,Lineage1,C1QC,3,0.25,0.0042126273539798,415,362.2316899549579,classical
PT,PT,Lineage1,C1QC,4,0.35,0.0057090939685916,298,291.86671911763847,classical
PT,PT,Lineage1,C1QC,5,0.45,0.0078055138094101,214,214.0,classical
PT,PT,Lineage1,C1QC,6,0.55,0.0129734274977946,144,144.0,classical
PT,PT,Lineage1,C1QC,7,0.6500000000000001,0.012316591882311,66,66.0,classical
PT,PT,Lineage1,C1QC,8,0.75,0.0080321194497689,14,14.0,classical
PT,PT,Lineage1,C1QC,9,0.8500000000000001,0.0,36,36.0,classical
PT,PT,Lineage1,C1QC,10,0.95,0.0,38,38.0,classical
PT,PT,Lineage1,C1R,1,0.05,0.0245762478661997,1249,968.05520541352,classical
PT,PT,Lineage1,C1R,2,0.15,0.0649990425586266,552,347.17207211972107,classical
PT,PT,Lineage1,C1R,3,0.25,0.0476811577861726,415,362.2316899549579,classical
PT,PT,Lineage1,C1R,4,0.35,0.0679550142178041,298,291.86671911763847,classical
PT,PT,Lineage1,C1R,5,0.45,0.1055106684616318,214,214.0,classical
PT,PT,Lineage1,C1R,6,0.55,0.1544317247737689,144,144.0,classical
PT,PT,Lineage1,C1R,7,0.6500000000000001,0.2149084707649961,66,66.0,classical
PT,PT,Lineage1,C1R,8,0.75,0.1106130793540185,14,14.0,classical
PT,PT,Lineage1,C1R,9,0.8500000000000001,0.0342277063414904,36,36.0,classical
PT,PT,Lineage1,C1R,10,0.95,0.0165157785734397,38,38.0,classical
PT,PT,Lineage1,C1S,1,0.05,0.1331282186164269,1249,968.05520541352,classical
PT,PT,Lineage1,C1S,2,0.15,0.1459411635183015,552,347.17207211972107,classical
PT,PT,Lineage1,C1S,3,0.25,0.1782164517696426,415,362.2316899549579,classical
PT,PT,Lineage1,C1S,4,0.35,0.2143684013972424,298,291.86671911763847,classical
PT,PT,Lineage1,C1S,5,0.45,0.2448737596062297,214,214.0,classical
PT,PT,Lineage1,C1S,6,0.55,0.2750726833962614,144,144.0,classical
PT,PT,Lineage1,C1S,7,0.6500000000000001,0.3042089832328474,66,66.0,classical
PT,PT,Lineage1,C1S,8,0.75,0.1732339848436694,14,14.0,classical
PT,PT,Lineage1,C1S,9,0.8500000000000001,0.100360603827941,36,36.0,classical
PT,PT,Lineage1,C1S,10,0.95,0.0981441333749447,38,38.0,classical
PT,PT,Lineage1,C2,1,0.05,0.1251955082348487,1249,968.05520541352,classical
PT,PT,Lineage1,C2,2,0.15,0.1750762291282994,552,347.17207211972107,classical
PT,PT,Lineage1,C2,3,0.25,0.1508848064518361,415,362.2316899549579,classical
PT,PT,Lineage1,C2,4,0.35,0.1408092126988751,298,291.86671911763847,classical
PT,PT,Lineage1,C2,5,0.45,0.1347807514437431,214,214.0,classical
PT,PT,Lineage1,C2,6,0.55,0.1423723730559358,144,144.0,classical
PT,PT,Lineage1,C2,7,0.6500000000000001,0.1082691982627339,66,66.0,classical
PT,PT,Lineage1,C2,8,0.75,0.1272994579729423,14,14.0,classical
PT,PT,Lineage1,C2,9,0.8500000000000001,0.1941863820773833,36,36.0,classical
PT,PT,Lineage1,C2,10,0.95,0.2062012311459257,38,38.0,classical
PT,PT,Lineage1,C4A,1,0.05,0.0085809103546735,1249,968.05520541352,classical
PT,PT,Lineage1,C4A,2,0.15,0.019213009804869,552,347.17207211972107,classical
PT,PT,Lineage1,C4A,3,0.25,0.010417911648113,415,362.2316899549579,classical
PT,PT,Lineage1,C4A,4,0.35,0.0068360982281639,298,291.86671911763847,classical
PT,PT,Lineage1,C4A,5,0.45,0.0069745809333135,214,214.0,classical
PT,PT,Lineage1,C4A,6,0.55,0.0143630620201822,144,144.0,classical
PT,PT,Lineage1,C4A,7,0.6500000000000001,0.0156234834547355,66,66.0,classical
PT,PT,Lineage1,C4A,8,0.75,0.002287967054629,14,14.0,classical
PT,PT,Lineage1,C4A,9,0.8500000000000001,0.0045337294719803,36,36.0,classical
PT,PT,Lineage1,C4A,10,0.95,0.0044553890241262,38,38.0,classical
PT,PT,Lineage1,C4B,1,0.05,0.0060102751034727,1249,968.05520541352,classical
PT,PT,Lineage1,C4B,2,0.15,0.0129526081395329,552,347.17207211972107,classical
PT,PT,Lineage1,C4B,3,0.25,0.0055680826296402,415,362.2316899549579,classical
PT,PT,Lineage1,C4B,4,0.35,0.0063448494382742,298,291.86671911763847,classical
PT,PT,Lineage1,C4B,5,0.45,0.005654846574834,214,214.0,classical
PT,PT,Lineage1,C4B,6,0.55,0.0150563137412394,144,144.0,classical
PT,PT,Lineage1,C4B,7,0.6500000000000001,0.0085627322022319,66,66.0,classical
PT,PT,Lineage1,C4B,8,0.75,0.0064206552616449,14,14.0,classical
PT,PT,Lineage1,C4B,9,0.8500000000000001,0.0019259119613405,36,36.0,classical
PT,PT,Lineage1,C4B,10,0.95,0.0019936255476986,38,38.0,classical
PT,PT,Lineage1,C4BPA,1,0.05,0.0018915692725362,1249,968.05520541352,classical
PT,PT,Lineage1,C4BPA,2,0.15,0.0020149256866066,552,347.17207211972107,classical
PT,PT,Lineage1,C4BPA,3,0.25,0.0029799342029197,415,362.2316899549579,classical
PT,PT,Lineage1,C4BPA,4,0.35,0.0060662018389529,298,291.86671911763847,classical
PT,PT,Lineage1,C4BPA,5,0.45,0.0046729987972525,214,214.0,classical
PT,PT,Lineage1,C4BPA,6,0.55,0.0074261470406444,144,144.0,classical
PT,PT,Lineage1,C4BPA,7,0.6500000000000001,0.0179637570568919,66,66.0,classical
PT,PT,Lineage1,C4BPA,8,0.75,0.0160750839281234,14,14.0,classical
PT,PT,Lineage1,C4BPA,9,0.8500000000000001,0.0038010318438642,36,36.0,classical
PT,PT,Lineage1,C4BPA,10,0.95,0.0004217289868262,38,38.0,classical
PT,PT,Lineage1,C4BPB,1,0.05,0.0011670680848584,1249,968.05520541352,classical
PT,PT,Lineage1,C4BPB,2,0.15,0.0014253850027176,552,347.17207211972107,classical
PT,PT,Lineage1,C4BPB,3,0.25,0.0015203702344335,415,362.2316899549579,classical
PT,PT,Lineage1,C4BPB,4,0.35,0.0018350490689241,298,291.86671911763847,classical
PT,PT,Lineage1,C4BPB,5,0.45,0.0011268583156674,214,214.0,classical
PT,PT,Lineage1,C4BPB,6,0.55,0.0017462561110816,144,144.0,classical
PT,PT,Lineage1,C4BPB,7,0.6500000000000001,0.0010738282779908,66,66.0,classical
PT,PT,Lineage1,C4BPB,8,0.75,0.0,14,14.0,classical
PT,PT,Lineage1,C4BPB,9,0.8500000000000001,0.0036444960610267,36,36.0,classical
PT,PT,Lineage1,C4BPB,10,0.95,0.0050907146297044,38,38.0,classical
PT,PT,Lineage1,MBL2,1,0.05,0.0001347711105925,1249,968.05520541352,lectin
PT,PT,Lineage1,MBL2,2,0.15,0.0001028095016702,552,347.17207211972107,lectin
PT,PT,Lineage1,MBL2,3,0.25,1.7863038617478998e-05,415,362.2316899549579,lectin
PT,PT,Lineage1,MBL2,4,0.35,0.0001679527279086,298,291.86671911763847,lectin
PT,PT,Lineage1,MBL2,5,0.45,0.0001845812423752,214,214.0,lectin
PT,PT,Lineage1,MBL2,6,0.55,0.0005102653288727,144,144.0,lectin
PT,PT,Lineage1,MBL2,7,0.6500000000000001,0.0,66,66.0,lectin
PT,PT,Lineage1,MBL2,8,0.75,0.0,14,14.0,lectin
PT,PT,Lineage1,MBL2,9,0.8500000000000001,0.0005992685761046,36,36.0,lectin
PT,PT,Lineage1,MBL2,10,0.95,0.0,38,38.0,lectin
PT,PT,Lineage1,FCN1,1,0.05,0.0036237766034769,1249,968.05520541352,lectin
PT,PT,Lineage1,FCN1,2,0.15,0.0072175190112506,552,347.17207211972107,lectin
PT,PT,Lineage1,FCN1,3,0.25,0.0047724558793191,415,362.2316899549579,lectin
PT,PT,Lineage1,FCN1,4,0.35,0.0048186148435153,298,291.86671911763847,lectin
PT,PT,Lineage1,FCN1,5,0.45,0.0046056028636215,214,214.0,lectin
PT,PT,Lineage1,FCN1,6,0.55,0.0033302022430605,144,144.0,lectin
PT,PT,Lineage1,FCN1,7,0.6500000000000001,0.0052387809056151,66,66.0,lectin
PT,PT,Lineage1,FCN1,8,0.75,0.0018661879098721,14,14.0,lectin
PT,PT,Lineage1,FCN1,9,0.8500000000000001,0.0012271956380609,36,36.0,lectin
PT,PT,Lineage1,FCN1,10,0.95,0.002130790575428,38,38.0,lectin
PT,PT,Lineage1,FCN2,1,0.05,0.0004788925787124,1249,968.05520541352,lectin
PT,PT,Lineage1,FCN2,2,0.15,0.0004038483014472,552,347.17207211972107,lectin
PT,PT,Lineage1,FCN2,3,0.25,3.154982971777975e-05,415,362.2316899549579,lectin
PT,PT,Lineage1,FCN2,4,0.35,0.0001927377539471,298,291.86671911763847,lectin
PT,PT,Lineage1,FCN2,5,0.45,0.0005598719016339,214,214.0,lectin
PT,PT,Lineage1,FCN2,6,0.55,0.0002213076419888,144,144.0,lectin
PT,PT,Lineage1,FCN2,7,0.6500000000000001,0.0017963051277299,66,66.0,lectin
PT,PT,Lineage1,FCN2,8,0.75,0.0008371664910479,14,14.0,lectin
PT,PT,Lineage1,FCN2,9,0.8500000000000001,0.0,36,36.0,lectin
PT,PT,Lineage1,FCN2,10,0.95,0.0,38,38.0,lectin
PT,PT,Lineage1,FCN3,1,0.05,0.0046132186437195,1249,968.05520541352,lectin
PT,PT,Lineage1,FCN3,2,0.15,0.0052208994371793,552,347.17207211972107,lectin
PT,PT,Lineage1,FCN3,3,0.25,0.0051548364790637,415,362.2316899549579,lectin
PT,PT,Lineage1,FCN3,4,0.35,0.0044166521058995,298,291.86671911763847,lectin
PT,PT,Lineage1,FCN3,5,0.45,0.0060245090234194,214,214.0,lectin
PT,PT,Lineage1,FCN3,6,0.55,0.0060633615197888,144,144.0,lectin
PT,PT,Lineage1,FCN3,7,0.6500000000000001,0.006314884516437,66,66.0,lectin
PT,PT,Lineage1,FCN3,8,0.75,0.0,14,14.0,lectin
PT,PT,Lineage1,FCN3,9,0.8500000000000001,0.0037735064440388,36,36.0,lectin
PT,PT,Lineage1,FCN3,10,0.95,0.0054562859269948,38,38.0,lectin
PT,PT,Lineage1,MASP1,1,0.05,0.1348527071323614,1249,968.05520541352,lectin
PT,PT,Lineage1,MASP1,2,0.15,0.1951371860331172,552,347.17207211972107,lectin
PT,PT,Lineage1,MASP1,3,0.25,0.2858573941827367,415,362.2316899549579,lectin
PT,PT,Lineage1,MASP1,4,0.35,0.2729028011352862,298,291.86671911763847,lectin
PT,PT,Lineage1,MASP1,5,0.45,0.2265971001807857,214,214.0,lectin
PT,PT,Lineage1,MASP1,6,0.55,0.1782473574660696,144,144.0,lectin
PT,PT,Lineage1,MASP1,7,0.6500000000000001,0.1637497653161381,66,66.0,lectin
PT,PT,Lineage1,MASP1,8,0.75,0.1130358231125392,14,14.0,lectin
PT,PT,Lineage1,MASP1,9,0.8500000000000001,0.1853199516769093,36,36.0,lectin
PT,PT,Lineage1,MASP1,10,0.95,0.1245555887377906,38,38.0,lectin
PT,PT,Lineage1,MASP2,1,0.05,0.0058277781623169,1249,968.05520541352,lectin
PT,PT,Lineage1,MASP2,2,0.15,0.0042127142538856,552,347.17207211972107,lectin
PT,PT,Lineage1,MASP2,3,0.25,0.0065828485522575,415,362.2316899549579,lectin
PT,PT,Lineage1,MASP2,4,0.35,0.0078160444055528,298,291.86671911763847,lectin
PT,PT,Lineage1,MASP2,5,0.45,0.0042053259726116,214,214.0,lectin
PT,PT,Lineage1,MASP2,6,0.55,0.0078451425082354,144,144.0,lectin
PT,PT,Lineage1,MASP2,7,0.6500000000000001,0.0086960304646003,66,66.0,lectin
PT,PT,Lineage1,MASP2,8,0.75,0.0082603715403173,14,14.0,lectin
PT,PT,Lineage1,MASP2,9,0.8500000000000001,0.0031492388727822,36,36.0,lectin
PT,PT,Lineage1,MASP2,10,0.95,0.0008558488450223,38,38.0,lectin
PT,PT,Lineage1,C3,1,0.05,0.0384601020728207,1249,968.05520541352,alternative
PT,PT,Lineage1,C3,2,0.15,0.1494507890238858,552,347.17207211972107,alternative
PT,PT,Lineage1,C3,3,0.25,0.205558828031616,415,362.2316899549579,alternative
PT,PT,Lineage1,C3,4,0.35,0.4213677054522983,298,291.86671911763847,alternative
PT,PT,Lineage1,C3,5,0.45,0.4949723240655846,214,214.0,alternative
PT,PT,Lineage1,C3,6,0.55,0.6678778809857966,144,144.0,alternative
PT,PT,Lineage1,C3,7,0.6500000000000001,0.8612494142595246,66,66.0,alternative
PT,PT,Lineage1,C3,8,0.75,0.6400146825859397,14,14.0,alternative
PT,PT,Lineage1,C3,9,0.8500000000000001,0.1943723309086689,36,36.0,alternative
PT,PT,Lineage1,C3,10,0.95,0.1672197636407029,38,38.0,alternative
PT,PT,Lineage1,CFB,1,0.05,0.0603195391228962,1249,968.05520541352,alternative
PT,PT,Lineage1,CFB,2,0.15,0.1371662836330071,552,347.17207211972107,alternative
PT,PT,Lineage1,CFB,3,0.25,0.1214902122336964,415,362.2316899549579,alternative
PT,PT,Lineage1,CFB,4,0.35,0.1296086684949357,298,291.86671911763847,alternative
PT,PT,Lineage1,CFB,5,0.45,0.1983215392985252,214,214.0,alternative
PT,PT,Lineage1,CFB,6,0.55,0.3091377304511178,144,144.0,alternative
PT,PT,Lineage1,CFB,7,0.6500000000000001,0.3171616089466766,66,66.0,alternative
PT,PT,Lineage1,CFB,8,0.75,0.2534080857302014,14,14.0,alternative
PT,PT,Lineage1,CFB,9,0.8500000000000001,0.1813952964789856,36,36.0,alternative
PT,PT,Lineage1,CFB,10,0.95,0.1182333484274191,38,38.0,alternative
PT,PT,Lineage1,CFD,1,0.05,0.0075644677970931,1249,968.05520541352,alternative
PT,PT,Lineage1,CFD,2,0.15,0.01003177665212,552,347.17207211972107,alternative
PT,PT,Lineage1,CFD,3,0.25,0.0134339787078257,415,362.2316899549579,alternative
PT,PT,Lineage1,CFD,4,0.35,0.017456325312418,298,291.86671911763847,alternative
PT,PT,Lineage1,CFD,5,0.45,0.018213665688467,214,214.0,alternative
PT,PT,Lineage1,CFD,6,0.55,0.0268527986723019,144,144.0,alternative
PT,PT,Lineage1,CFD,7,0.6500000000000001,0.0205869655848753,66,66.0,alternative
PT,PT,Lineage1,CFD,8,0.75,0.0076573521232403,14,14.0,alternative
PT,PT,Lineage1,CFD,9,0.8500000000000001,0.0022083767553801,36,36.0,alternative
PT,PT,Lineage1,CFD,10,0.95,0.0,38,38.0,alternative
PT,PT,Lineage1,CFP,1,0.05,0.0047715959831954,1249,968.05520541352,alternative
PT,PT,Lineage1,CFP,2,0.15,0.0049600203850024,552,347.17207211972107,alternative
PT,PT,Lineage1,CFP,3,0.25,0.0040766937509529,415,362.2316899549579,alternative
PT,PT,Lineage1,CFP,4,0.35,0.002409353347591,298,291.86671911763847,alternative
PT,PT,Lineage1,CFP,5,0.45,0.0047864847118395,214,214.0,alternative
PT,PT,Lineage1,CFP,6,0.55,0.003964206796671,144,144.0,alternative
PT,PT,Lineage1,CFP,7,0.6500000000000001,0.0037928229052817,66,66.0,alternative
PT,PT,Lineage1,CFP,8,0.75,0.0,14,14.0,alternative
PT,PT,Lineage1,CFP,9,0.8500000000000001,0.0018482356506335,36,36.0,alternative
PT,PT,Lineage1,CFP,10,0.95,0.0019983999869321,38,38.0,alternative
PT,PT,Lineage1,C5,1,0.05,0.1985943941398245,1249,968.05520541352,terminal
PT,PT,Lineage1,C5,2,0.15,0.2016911280407183,552,347.17207211972107,terminal
PT,PT,Lineage1,C5,3,0.25,0.1284416304236856,415,362.2316899549579,terminal
PT,PT,Lineage1,C5,4,0.35,0.1232493347735213,298,291.86671911763847,terminal
PT,PT,Lineage1,C5,5,0.45,0.1159816876154684,214,214.0,terminal
PT,PT,Lineage1,C5,6,0.55,0.1072851287261621,144,144.0,terminal
PT,PT,Lineage1,C5,7,0.6500000000000001,0.0915931326596848,66,66.0,terminal
PT,PT,Lineage1,C5,8,0.75,0.0508232779958275,14,14.0,terminal
PT,PT,Lineage1,C5,9,0.8500000000000001,0.0224913910638689,36,36.0,terminal
PT,PT,Lineage1,C5,10,0.95,0.0284047833349973,38,38.0,terminal
PT,PT,Lineage1,C6,1,0.05,0.0905960073837582,1249,968.05520541352,terminal
PT,PT,Lineage1,C6,2,0.15,0.0725079070349591,552,347.17207211972107,terminal
PT,PT,Lineage1,C6,3,0.25,0.1130984161516391,415,362.2316899549579,terminal
PT,PT,Lineage1,C6,4,0.35,0.1005332715091134,298,291.86671911763847,terminal
PT,PT,Lineage1,C6,5,0.45,0.1031317324099213,214,214.0,terminal
PT,PT,Lineage1,C6,6,0.55,0.0955214334804267,144,144.0,terminal
PT,PT,Lineage1,C6,7,0.6500000000000001,0.0769873639845767,66,66.0,terminal
PT,PT,Lineage1,C6,8,0.75,0.0246848279671402,14,14.0,terminal
PT,PT,Lineage1,C6,9,0.8500000000000001,0.0417382420829319,36,36.0,terminal
PT,PT,Lineage1,C6,10,0.95,0.0120675896215834,38,38.0,terminal
PT,PT,Lineage1,C7,1,0.05,0.1343284094411096,1249,968.05520541352,terminal
PT,PT,Lineage1,C7,2,0.15,0.142880699807069,552,347.17207211972107,terminal
PT,PT,Lineage1,C7,3,0.25,0.1249620219880917,415,362.2316899549579,terminal
PT,PT,Lineage1,C7,4,0.35,0.1063782733087164,298,291.86671911763847,terminal
PT,PT,Lineage1,C7,5,0.45,0.1704730205564009,214,214.0,terminal
PT,PT,Lineage1,C7,6,0.55,0.2355490548411441,144,144.0,terminal
PT,PT,Lineage1,C7,7,0.6500000000000001,0.1689481852192842,66,66.0,terminal
PT,PT,Lineage1,C7,8,0.75,0.0714062874980024,14,14.0,terminal
PT,PT,Lineage1,C7,9,0.8500000000000001,0.0023587916395683,36,36.0,terminal
PT,PT,Lineage1,C7,10,0.95,0.0,38,38.0,terminal
PT,PT,Lineage1,C8A,1,0.05,0.0031797974307388,1249,968.05520541352,terminal
PT,PT,Lineage1,C8A,2,0.15,0.003405920659302,552,347.17207211972107,terminal
PT,PT,Lineage1,C8A,3,0.25,0.00464538884687,415,362.2316899549579,terminal
PT,PT,Lineage1,C8A,4,0.35,0.0021961022111846,298,291.86671911763847,terminal
PT,PT,Lineage1,C8A,5,0.45,0.0048097250868021,214,214.0,terminal
PT,PT,Lineage1,C8A,6,0.55,0.0015606498069665,144,144.0,terminal
PT,PT,Lineage1,C8A,7,0.6500000000000001,0.0018751385346258,66,66.0,terminal
PT,PT,Lineage1,C8A,8,0.75,0.0008085912542363,14,14.0,terminal
PT,PT,Lineage1,C8A,9,0.8500000000000001,0.0125568340174235,36,36.0,terminal
PT,PT,Lineage1,C8A,10,0.95,0.0196265600677064,38,38.0,terminal
PT,PT,Lineage1,C8B,1,0.05,0.0013817078362994,1249,968.05520541352,terminal
PT,PT,Lineage1,C8B,2,0.15,0.0008564077499575,552,347.17207211972107,terminal
PT,PT,Lineage1,C8B,3,0.25,0.0008564031318133,415,362.2316899549579,terminal
PT,PT,Lineage1,C8B,4,0.35,0.0006603990728908,298,291.86671911763847,terminal
PT,PT,Lineage1,C8B,5,0.45,0.0017146885533061,214,214.0,terminal
PT,PT,Lineage1,C8B,6,0.55,0.0003766196291981,144,144.0,terminal
PT,PT,Lineage1,C8B,7,0.6500000000000001,0.0006470266738772,66,66.0,terminal
PT,PT,Lineage1,C8B,8,0.75,0.0008371664910479,14,14.0,terminal
PT,PT,Lineage1,C8B,9,0.8500000000000001,0.0006178311221525,36,36.0,terminal
PT,PT,Lineage1,C8B,10,0.95,0.0015858385422876,38,38.0,terminal
PT,PT,Lineage1,C8G,1,0.05,0.0030037269762163,1249,968.05520541352,terminal
PT,PT,Lineage1,C8G,2,0.15,0.012686471836856,552,347.17207211972107,terminal
PT,PT,Lineage1,C8G,3,0.25,0.0035799154261792,415,362.2316899549579,terminal
PT,PT,Lineage1,C8G,4,0.35,0.0019682059867662,298,291.86671911763847,terminal
PT,PT,Lineage1,C8G,5,0.45,0.0024167669297293,214,214.0,terminal
PT,PT,Lineage1,C8G,6,0.55,0.0027250338869994,144,144.0,terminal
PT,PT,Lineage1,C8G,7,0.6500000000000001,0.0017849055852134,66,66.0,terminal
PT,PT,Lineage1,C8G,8,0.75,0.0132346178387629,14,14.0,terminal
PT,PT,Lineage1,C8G,9,0.8500000000000001,0.0013074819053437,36,36.0,terminal
PT,PT,Lineage1,C8G,10,0.95,0.0013553455970167,38,38.0,terminal
PT,PT,Lineage1,C9,1,0.05,0.1866858198762481,1249,968.05520541352,terminal
PT,PT,Lineage1,C9,2,0.15,0.2255340009614591,552,347.17207211972107,terminal
PT,PT,Lineage1,C9,3,0.25,0.1201334602069068,415,362.2316899549579,terminal
PT,PT,Lineage1,C9,4,0.35,0.1178071228015486,298,291.86671911763847,terminal
PT,PT,Lineage1,C9,5,0.45,0.1015319012677187,214,214.0,terminal
PT,PT,Lineage1,C9,6,0.55,0.0878883491641955,144,144.0,terminal
PT,PT,Lineage1,C9,7,0.6500000000000001,0.0984037145604515,66,66.0,terminal
PT,PT,Lineage1,C9,8,0.75,0.057180668374664,14,14.0,terminal
PT,PT,Lineage1,C9,9,0.8500000000000001,0.0374948975636174,36,36.0,terminal
PT,PT,Lineage1,C9,10,0.95,0.0266006627376788,38,38.0,terminal
PT,PT,Lineage1,C3AR1,1,0.05,0.0037323068184451,1249,968.05520541352,receptor
PT,PT,Lineage1,C3AR1,2,0.15,0.00283221269662,552,347.17207211972107,receptor
PT,PT,Lineage1,C3AR1,3,0.25,0.0075104494229447,415,362.2316899549579,receptor
PT,PT,Lineage1,C3AR1,4,0.35,0.0039230350768537,298,291.86671911763847,receptor
PT,PT,Lineage1,C3AR1,5,0.45,0.0061046306117754,214,214.0,receptor
PT,PT,Lineage1,C3AR1,6,0.55,0.0064660596637965,144,144.0,receptor
PT,PT,Lineage1,C3AR1,7,0.6500000000000001,0.0030567305156728,66,66.0,receptor
PT,PT,Lineage1,C3AR1,8,0.75,0.0008085912542363,14,14.0,receptor
PT,PT,Lineage1,C3AR1,9,0.8500000000000001,0.0010797137633739,36,36.0,receptor
PT,PT,Lineage1,C3AR1,10,0.95,0.0008382632994452,38,38.0,receptor
PT,PT,Lineage1,C5AR1,1,0.05,0.1172954547475322,1249,968.05520541352,receptor
PT,PT,Lineage1,C5AR1,2,0.15,0.2711109813618809,552,347.17207211972107,receptor
PT,PT,Lineage1,C5AR1,3,0.25,0.3180254970324953,415,362.2316899549579,receptor
PT,PT,Lineage1,C5AR1,4,0.35,0.2548487480499984,298,291.86671911763847,receptor
PT,PT,Lineage1,C5AR1,5,0.45,0.2307373716702694,214,214.0,receptor
PT,PT,Lineage1,C5AR1,6,0.55,0.1615604000364828,144,144.0,receptor
PT,PT,Lineage1,C5AR1,7,0.6500000000000001,0.1762768182734102,66,66.0,receptor
PT,PT,Lineage1,C5AR1,8,0.75,0.3042267482176591,14,14.0,receptor
PT,PT,Lineage1,C5AR1,9,0.8500000000000001,0.4991858118327891,36,36.0,receptor
PT,PT,Lineage1,C5AR1,10,0.95,0.570354078101349,38,38.0,receptor
PT,PT,Lineage1,C5AR2,1,0.05,0.0043553776958121,1249,968.05520541352,receptor
PT,PT,Lineage1,C5AR2,2,0.15,0.006227357455181,552,347.17207211972107,receptor
PT,PT,Lineage1,C5AR2,3,0.25,0.006445067835576,415,362.2316899549579,receptor
PT,PT,Lineage1,C5AR2,4,0.35,0.0059319072652313,298,291.86671911763847,receptor
PT,PT,Lineage1,C5AR2,5,0.45,0.0032831947630831,214,214.0,receptor
PT,PT,Lineage1,C5AR2,6,0.55,0.0023491527008675,144,144.0,receptor
PT,PT,Lineage1,C5AR2,7,0.6500000000000001,0.0067830216610636,66,66.0,receptor
PT,PT,Lineage1,C5AR2,8,0.75,0.004560793814375,14,14.0,receptor
PT,PT,Lineage1,C5AR2,9,0.8500000000000001,0.0096928931059785,36,36.0,receptor
PT,PT,Lineage1,C5AR2,10,0.95,0.0057398905981955,38,38.0,receptor
PT,PT,Lineage1,CR1,1,0.05,0.0123851311513775,1249,968.05520541352,receptor
PT,PT,Lineage1,CR1,2,0.15,0.0108404083027227,552,347.17207211972107,receptor
PT,PT,Lineage1,CR1,3,0.25,0.0129261272353123,415,362.2316899549579,receptor
PT,PT,Lineage1,CR1,4,0.35,0.0064670419434727,298,291.86671911763847,receptor
PT,PT,Lineage1,CR1,5,0.45,0.0058990625822219,214,214.0,receptor
PT,PT,Lineage1,CR1,6,0.55,0.0031184907237064,144,144.0,receptor
PT,PT,Lineage1,CR1,7,0.6500000000000001,0.0053800245974378,66,66.0,receptor
PT,PT,Lineage1,CR1,8,0.75,0.0008085912542363,14,14.0,receptor
PT,PT,Lineage1,CR1,9,0.8500000000000001,0.0,36,36.0,receptor
PT,PT,Lineage1,CR1,10,0.95,0.0007234004349728,38,38.0,receptor
PT,PT,Lineage1,CR2,1,0.05,0.0937151694669035,1249,968.05520541352,receptor
PT,PT,Lineage1,CR2,2,0.15,0.0562417265194626,552,347.17207211972107,receptor
PT,PT,Lineage1,CR2,3,0.25,0.0335371994646692,415,362.2316899549579,receptor
PT,PT,Lineage1,CR2,4,0.35,0.0304640770508618,298,291.86671911763847,receptor
PT,PT,Lineage1,CR2,5,0.45,0.0212765805397564,214,214.0,receptor
PT,PT,Lineage1,CR2,6,0.55,0.0168917471445395,144,144.0,receptor
PT,PT,Lineage1,CR2,7,0.6500000000000001,0.0067601177596962,66,66.0,receptor
PT,PT,Lineage1,CR2,8,0.75,0.0032816473692711,14,14.0,receptor
PT,PT,Lineage1,CR2,9,0.8500000000000001,0.0039573392412912,36,36.0,receptor
PT,PT,Lineage1,CR2,10,0.95,0.0036396130694613,38,38.0,receptor
PT,PT,Lineage1,ITGAM,1,0.05,0.0055191423868097,1249,968.05520541352,receptor
PT,PT,Lineage1,ITGAM,2,0.15,0.0096205190658893,552,347.17207211972107,receptor
PT,PT,Lineage1,ITGAM,3,0.25,0.0423584631034269,415,362.2316899549579,receptor
PT,PT,Lineage1,ITGAM,4,0.35,0.0257646334846203,298,291.86671911763847,receptor
PT,PT,Lineage1,ITGAM,5,0.45,0.031960441059506,214,214.0,receptor
PT,PT,Lineage1,ITGAM,6,0.55,0.0194865584817128,144,144.0,receptor
PT,PT,Lineage1,ITGAM,7,0.6500000000000001,0.0223039944098566,66,66.0,receptor
PT,PT,Lineage1,ITGAM,8,0.75,0.0175783208680851,14,14.0,receptor
PT,PT,Lineage1,ITGAM,9,0.8500000000000001,0.0068631374746252,36,36.0,receptor
PT,PT,Lineage1,ITGAM,10,0.95,0.0026288005792805,38,38.0,receptor
PT,PT,Lineage1,ITGAX,1,0.05,0.0038610435108202,1249,968.05520541352,receptor
PT,PT,Lineage1,ITGAX,2,0.15,0.0052999948817612,552,347.17207211972107,receptor
PT,PT,Lineage1,ITGAX,3,0.25,0.0074989032432461,415,362.2316899549579,receptor
PT,PT,Lineage1,ITGAX,4,0.35,0.0085715466131625,298,291.86671911763847,receptor
PT,PT,Lineage1,ITGAX,5,0.45,0.0062330732338232,214,214.0,receptor
PT,PT,Lineage1,ITGAX,6,0.55,0.0030010313177014,144,144.0,receptor
PT,PT,Lineage1,ITGAX,7,0.6500000000000001,0.0025317658576051,66,66.0,receptor
PT,PT,Lineage1,ITGAX,8,0.75,0.0044810060067834,14,14.0,receptor
PT,PT,Lineage1,ITGAX,9,0.8500000000000001,0.0066971203491976,36,36.0,receptor
PT,PT,Lineage1,ITGAX,10,0.95,0.0023397517839007,38,38.0,receptor
PT,PT,Lineage1,VSIG4,1,0.05,0.0019613392824426,1249,968.05520541352,receptor
PT,PT,Lineage1,VSIG4,2,0.15,0.0018831687726574,552,347.17207211972107,receptor
PT,PT,Lineage1,VSIG4,3,0.25,0.003250841164725,415,362.2316899549579,receptor
PT,PT,Lineage1,VSIG4,4,0.35,0.0032204580808526,298,291.86671911763847,receptor
PT,PT,Lineage1,VSIG4,5,0.45,0.0068772924752728,214,214.0,receptor
PT,PT,Lineage1,VSIG4,6,0.55,0.0058569630145925,144,144.0,receptor
PT,PT,Lineage1,VSIG4,7,0.6500000000000001,0.0073992883968269,66,66.0,receptor
PT,PT,Lineage1,VSIG4,8,0.75,0.0,14,14.0,receptor
PT,PT,Lineage1,VSIG4,9,0.8500000000000001,0.0,36,36.0,receptor
PT,PT,Lineage1,VSIG4,10,0.95,0.0,38,38.0,receptor
PT,PT,Lineage1,CFH,1,0.05,0.0257262257288877,1249,968.05520541352,regulator
PT,PT,Lineage1,CFH,2,0.15,0.0334404147991694,552,347.17207211972107,regulator
PT,PT,Lineage1,CFH,3,0.25,0.0993482113518766,415,362.2316899549579,regulator
PT,PT,Lineage1,CFH,4,0.35,0.1448166590876928,298,291.86671911763847,regulator
PT,PT,Lineage1,CFH,5,0.45,0.1687631600850296,214,214.0,regulator
PT,PT,Lineage1,CFH,6,0.55,0.1588354226176508,144,144.0,regulator
PT,PT,Lineage1,CFH,7,0.6500000000000001,0.1929378069344668,66,66.0,regulator
PT,PT,Lineage1,CFH,8,0.75,0.0414639898211161,14,14.0,regulator
PT,PT,Lineage1,CFH,9,0.8500000000000001,0.0012946455950068,36,36.0,regulator
PT,PT,Lineage1,CFH,10,0.95,0.0,38,38.0,regulator
PT,PT,Lineage1,CFI,1,0.05,0.9800675809905596,1249,968.05520541352,regulator
PT,PT,Lineage1,CFI,2,0.15,1.2482026148874543,552,347.17207211972107,regulator
PT,PT,Lineage1,CFI,3,0.25,1.0718523982432904,415,362.2316899549579,regulator
PT,PT,Lineage1,CFI,4,0.35,1.028705024581083,298,291.86671911763847,regulator
PT,PT,Lineage1,CFI,5,0.45,1.001630733804575,214,214.0,regulator
PT,PT,Lineage1,CFI,6,0.55,1.0003921458373974,144,144.0,regulator
PT,PT,Lineage1,CFI,7,0.6500000000000001,0.9577743123895842,66,66.0,regulator
PT,PT,Lineage1,CFI,8,0.75,0.6557765185267497,14,14.0,regulator
PT,PT,Lineage1,CFI,9,0.8500000000000001,0.3763391830916839,36,36.0,regulator
PT,PT,Lineage1,CFI,10,0.95,0.3497663333349354,38,38.0,regulator
PT,PT,Lineage1,CD46,1,0.05,0.6871262025699509,1249,968.05520541352,regulator
PT,PT,Lineage1,CD46,2,0.15,0.6921731532813179,552,347.17207211972107,regulator
PT,PT,Lineage1,CD46,3,0.25,0.8237546249877694,415,362.2316899549579,regulator
PT,PT,Lineage1,CD46,4,0.35,0.8311114075614938,298,291.86671911763847,regulator
PT,PT,Lineage1,CD46,5,0.45,0.914419836734995,214,214.0,regulator
PT,PT,Lineage1,CD46,6,0.55,1.0514695002133092,144,144.0,regulator
PT,PT,Lineage1,CD46,7,0.6500000000000001,0.9894193994869402,66,66.0,regulator
PT,PT,Lineage1,CD46,8,0.75,0.9950437664523432,14,14.0,regulator
PT,PT,Lineage1,CD46,9,0.8500000000000001,0.9089647890120884,36,36.0,regulator
PT,PT,Lineage1,CD46,10,0.95,0.8713489845641259,38,38.0,regulator
PT,PT,Lineage1,CD55,1,0.05,0.107495508338517,1249,968.05520541352,regulator
PT,PT,Lineage1,CD55,2,0.15,0.061929418499331,552,347.17207211972107,regulator
PT,PT,Lineage1,CD55,3,0.25,0.1051224697012341,415,362.2316899549579,regulator
PT,PT,Lineage1,CD55,4,0.35,0.1302406135674418,298,291.86671911763847,regulator
PT,PT,Lineage1,CD55,5,0.45,0.1428167386153381,214,214.0,regulator
PT,PT,Lineage1,CD55,6,0.55,0.1814037601038045,144,144.0,regulator
PT,PT,Lineage1,CD55,7,0.6500000000000001,0.232145053102355,66,66.0,regulator
PT,PT,Lineage1,CD55,8,0.75,0.1998585370954515,14,14.0,regulator
PT,PT,Lineage1,CD55,9,0.8500000000000001,0.0327849471624019,36,36.0,regulator
PT,PT,Lineage1,CD55,10,0.95,0.0259888298268076,38,38.0,regulator
PT,PT,Lineage1,CD59,1,0.05,0.4088277724848297,1249,968.05520541352,regulator
PT,PT,Lineage1,CD59,2,0.15,0.4881201886372183,552,347.17207211972107,regulator
PT,PT,Lineage1,CD59,3,0.25,0.5303084145352562,415,362.2316899549579,regulator
PT,PT,Lineage1,CD59,4,0.35,0.57685933139326,298,291.86671911763847,regulator
PT,PT,Lineage1,CD59,5,0.45,0.8772002671013216,214,214.0,regulator
PT,PT,Lineage1,CD59,6,0.55,1.070772306029682,144,144.0,regulator
PT,PT,Lineage1,CD59,7,0.6500000000000001,1.1365707440740398,66,66.0,regulator
PT,PT,Lineage1,CD59,8,0.75,0.8635978156431562,14,14.0,regulator
PT,PT,Lineage1,CD59,9,0.8500000000000001,0.6309603479566247,36,36.0,regulator
PT,PT,Lineage1,CD59,10,0.95,0.5505981858485793,38,38.0,regulator
PT,PT,Lineage1,SERPING1,1,0.05,0.1024710041484437,1249,968.05520541352,regulator
PT,PT,Lineage1,SERPING1,2,0.15,0.1120618357000941,552,347.17207211972107,regulator
PT,PT,Lineage1,SERPING1,3,0.25,0.1610210868405649,415,362.2316899549579,regulator
PT,PT,Lineage1,SERPING1,4,0.35,0.2099213037726045,298,291.86671911763847,regulator
PT,PT,Lineage1,SERPING1,5,0.45,0.3499803719295164,214,214.0,regulator
PT,PT,Lineage1,SERPING1,6,0.55,0.5846315494962795,144,144.0,regulator
PT,PT,Lineage1,SERPING1,7,0.6500000000000001,0.577405384891031,66,66.0,regulator
PT,PT,Lineage1,SERPING1,8,0.75,0.3181107245996073,14,14.0,regulator
PT,PT,Lineage1,SERPING1,9,0.8500000000000001,0.0010623975127881,36,36.0,regulator
PT,PT,Lineage1,SERPING1,10,0.95,0.0,38,38.0,regulator
PT,PT,Lineage1,CFHR1,1,0.05,0.0013564091741518,1249,968.05520541352,cfhr
PT,PT,Lineage1,CFHR1,2,0.15,0.0022739919977492,552,347.17207211972107,cfhr
PT,PT,Lineage1,CFHR1,3,0.25,0.0009851828634557,415,362.2316899549579,cfhr
PT,PT,Lineage1,CFHR1,4,0.35,0.0021277606027083,298,291.86671911763847,cfhr
PT,PT,Lineage1,CFHR1,5,0.45,0.0036168937728925,214,214.0,cfhr
PT,PT,Lineage1,CFHR1,6,0.55,0.0051940204231018,144,144.0,cfhr
PT,PT,Lineage1,CFHR1,7,0.6500000000000001,0.0029803648786582,66,66.0,cfhr
PT,PT,Lineage1,CFHR1,8,0.75,0.0,14,14.0,cfhr
PT,PT,Lineage1,CFHR1,9,0.8500000000000001,0.0007163051627836,36,36.0,cfhr
PT,PT,Lineage1,CFHR1,10,0.95,0.0,38,38.0,cfhr
PT,PT,Lineage1,CFHR2,1,0.05,0.0004844407888622,1249,968.05520541352,cfhr
PT,PT,Lineage1,CFHR2,2,0.15,0.0009124123097755,552,347.17207211972107,cfhr
PT,PT,Lineage1,CFHR2,3,0.25,0.0005366397783643,415,362.2316899549579,cfhr
PT,PT,Lineage1,CFHR2,4,0.35,0.0002513571905367,298,291.86671911763847,cfhr
PT,PT,Lineage1,CFHR2,5,0.45,0.0001991972105383,214,214.0,cfhr
PT,PT,Lineage1,CFHR2,6,0.55,0.0,144,144.0,cfhr
PT,PT,Lineage1,CFHR2,7,0.6500000000000001,0.0004720818273137,66,66.0,cfhr
PT,PT,Lineage1,CFHR2,8,0.75,0.0,14,14.0,cfhr
PT,PT,Lineage1,CFHR2,9,0.8500000000000001,0.0005780417749746,36,36.0,cfhr
PT,PT,Lineage1,CFHR2,10,0.95,0.0,38,38.0,cfhr
PT,PT,Lineage1,CFHR3,1,0.05,0.0006159375758971,1249,968.05520541352,cfhr
PT,PT,Lineage1,CFHR3,2,0.15,0.0007195078331941,552,347.17207211972107,cfhr
PT,PT,Lineage1,CFHR3,3,0.25,0.0014944564979413,415,362.2316899549579,cfhr
PT,PT,Lineage1,CFHR3,4,0.35,0.0024690907188032,298,291.86671911763847,cfhr
PT,PT,Lineage1,CFHR3,5,0.45,0.0004878593423708,214,214.0,cfhr
PT,PT,Lineage1,CFHR3,6,0.55,0.0003733204061968,144,144.0,cfhr
PT,PT,Lineage1,CFHR3,7,0.6500000000000001,0.0012318880521235,66,66.0,cfhr
PT,PT,Lineage1,CFHR3,8,0.75,0.0,14,14.0,cfhr
PT,PT,Lineage1,CFHR3,9,0.8500000000000001,0.0,36,36.0,cfhr
PT,PT,Lineage1,CFHR3,10,0.95,0.0003368191114186,38,38.0,cfhr
PT,PT,Lineage1,CFHR4,1,0.05,0.0010414589188683,1249,968.05520541352,cfhr
PT,PT,Lineage1,CFHR4,2,0.15,0.0014474650189661,552,347.17207211972107,cfhr
PT,PT,Lineage1,CFHR4,3,0.25,0.0025377083819572,415,362.2316899549579,cfhr
PT,PT,Lineage1,CFHR4,4,0.35,0.0007020264451665,298,291.86671911763847,cfhr
PT,PT,Lineage1,CFHR4,5,0.45,0.0017290774331043,214,214.0,cfhr
PT,PT,Lineage1,CFHR4,6,0.55,0.0010697803169352,144,144.0,cfhr
PT,PT,Lineage1,CFHR4,7,0.6500000000000001,0.0003384131680005,66,66.0,cfhr
PT,PT,Lineage1,CFHR4,8,0.75,0.0,14,14.0,cfhr
PT,PT,Lineage1,CFHR4,9,0.8500000000000001,0.0,36,36.0,cfhr
PT,PT,Lineage1,CFHR4,10,0.95,0.0,38,38.0,cfhr
PT,PT,Lineage1,CFHR5,1,0.05,0.0010084343576691,1249,968.05520541352,cfhr
PT,PT,Lineage1,CFHR5,2,0.15,0.0005473439750905,552,347.17207211972107,cfhr
PT,PT,Lineage1,CFHR5,3,0.25,0.0007259542108026,415,362.2316899549579,cfhr
PT,PT,Lineage1,CFHR5,4,0.35,0.0002239806115208,298,291.86671911763847,cfhr
PT,PT,Lineage1,CFHR5,5,0.45,0.0009562070486701,214,214.0,cfhr
PT,PT,Lineage1,CFHR5,6,0.55,0.0011248600362197,144,144.0,cfhr
PT,PT,Lineage1,CFHR5,7,0.6500000000000001,0.0002531361216357,66,66.0,cfhr
PT,PT,Lineage1,CFHR5,8,0.75,0.0008371664910479,14,14.0,cfhr
PT,PT,Lineage1,CFHR5,9,0.8500000000000001,0.0,36,36.0,cfhr
PT,PT,Lineage1,CFHR5,10,0.95,0.0015566604634161,38,38.0,cfhr
FIB,contractile,Lineage1,C1QA,1,0.05,0.0644888921908004,61,49.94236599379469,classical
FIB,contractile,Lineage1,C1QA,2,0.15,0.0318418467196669,33,31.97224847580994,classical
FIB,contractile,Lineage1,C1QA,3,0.25,0.0473430500646573,64,52.83975117928554,classical
FIB,contractile,Lineage1,C1QA,4,0.35,0.0760625102522909,104,67.00000342939487,classical
FIB,contractile,Lineage1,C1QA,5,0.45,0.0749289253875462,42,38.59358161312381,classical
FIB,contractile,Lineage1,C1QA,6,0.55,0.0988563294651651,21,21.0,classical
FIB,contractile,Lineage1,C1QA,7,0.6500000000000001,0.0677392319869244,8,8.0,classical
FIB,contractile,Lineage1,C1QA,8,0.75,0.0868212110739601,5,5.0,classical
FIB,contractile,Lineage1,C1QA,9,0.8500000000000001,,0,0.0,classical
FIB,contractile,Lineage1,C1QA,10,0.95,0.255008794039597,2,2.0,classical
FIB,contractile,Lineage1,C1QB,1,0.05,0.0501917254032112,61,49.94236599379469,classical
FIB,contractile,Lineage1,C1QB,2,0.15,0.0226538696024981,33,31.97224847580994,classical
FIB,contractile,Lineage1,C1QB,3,0.25,0.0456810043220718,64,52.83975117928554,classical
FIB,contractile,Lineage1,C1QB,4,0.35,0.052499372758523,104,67.00000342939487,classical
FIB,contractile,Lineage1,C1QB,5,0.45,0.0374148676086222,42,38.59358161312381,classical
FIB,contractile,Lineage1,C1QB,6,0.55,0.0707881289267831,21,21.0,classical
FIB,contractile,Lineage1,C1QB,7,0.6500000000000001,0.0578094655894285,8,8.0,classical
FIB,contractile,Lineage1,C1QB,8,0.75,0.0462231190426741,5,5.0,classical
FIB,contractile,Lineage1,C1QB,9,0.8500000000000001,,0,0.0,classical
FIB,contractile,Lineage1,C1QB,10,0.95,0.1559752349296194,2,2.0,classical
FIB,contractile,Lineage1,C1QC,1,0.05,0.0245557568430201,61,49.94236599379469,classical
FIB,contractile,Lineage1,C1QC,2,0.15,0.0081905937368911,33,31.97224847580994,classical
FIB,contractile,Lineage1,C1QC,3,0.25,0.0183881543808249,64,52.83975117928554,classical
FIB,contractile,Lineage1,C1QC,4,0.35,0.0397541823773556,104,67.00000342939487,classical
FIB,contractile,Lineage1,C1QC,5,0.45,0.0283655146931217,42,38.59358161312381,classical
FIB,contractile,Lineage1,C1QC,6,0.55,0.028383340938213,21,21.0,classical
FIB,contractile,Lineage1,C1QC,7,0.6500000000000001,0.0614842409372457,8,8.0,classical
FIB,contractile,Lineage1,C1QC,8,0.75,0.0424829195317289,5,5.0,classical
FIB,contractile,Lineage1,C1QC,9,0.8500000000000001,,0,0.0,classical
FIB,contractile,Lineage1,C1QC,10,0.95,0.1047107051186948,2,2.0,classical
FIB,contractile,Lineage1,C1R,1,0.05,0.6431931760837418,61,49.94236599379469,classical
FIB,contractile,Lineage1,C1R,2,0.15,0.8416252013562017,33,31.97224847580994,classical
FIB,contractile,Lineage1,C1R,3,0.25,0.892861835445849,64,52.83975117928554,classical
FIB,contractile,Lineage1,C1R,4,0.35,0.8041905275108422,104,67.00000342939487,classical
FIB,contractile,Lineage1,C1R,5,0.45,0.8886624464156125,42,38.59358161312381,classical
FIB,contractile,Lineage1,C1R,6,0.55,1.029414856461672,21,21.0,classical
FIB,contractile,Lineage1,C1R,7,0.6500000000000001,1.3027439140295307,8,8.0,classical
FIB,contractile,Lineage1,C1R,8,0.75,1.5098339941983163,5,5.0,classical
FIB,contractile,Lineage1,C1R,9,0.8500000000000001,,0,0.0,classical
FIB,contractile,Lineage1,C1R,10,0.95,1.1603424603611885,2,2.0,classical
FIB,contractile,Lineage1,C1S,1,0.05,0.8779837350016758,61,49.94236599379469,classical
FIB,contractile,Lineage1,C1S,2,0.15,1.077861664057478,33,31.97224847580994,classical
FIB,contractile,Lineage1,C1S,3,0.25,1.0829251177356742,64,52.83975117928554,classical
FIB,contractile,Lineage1,C1S,4,0.35,1.0311738456448296,104,67.00000342939487,classical
FIB,contractile,Lineage1,C1S,5,0.45,1.2014705234403755,42,38.59358161312381,classical
FIB,contractile,Lineage1,C1S,6,0.55,1.1616654412608785,21,21.0,classical
FIB,contractile,Lineage1,C1S,7,0.6500000000000001,1.4306698929848445,8,8.0,classical
FIB,contractile,Lineage1,C1S,8,0.75,1.6468614587970802,5,5.0,classical
FIB,contractile,Lineage1,C1S,9,0.8500000000000001,,0,0.0,classical
FIB,contractile,Lineage1,C1S,10,0.95,1.2823158239467596,2,2.0,classical
FIB,contractile,Lineage1,C2,1,0.05,0.0712685559537374,61,49.94236599379469,classical
FIB,contractile,Lineage1,C2,2,0.15,0.1289347254292026,33,31.97224847580994,classical
FIB,contractile,Lineage1,C2,3,0.25,0.1244830399144389,64,52.83975117928554,classical
FIB,contractile,Lineage1,C2,4,0.35,0.1313431967874789,104,67.00000342939487,classical
FIB,contractile,Lineage1,C2,5,0.45,0.1555880079100333,42,38.59358161312381,classical
FIB,contractile,Lineage1,C2,6,0.55,0.1312991458479831,21,21.0,classical
FIB,contractile,Lineage1,C2,7,0.6500000000000001,0.1864730536632903,8,8.0,classical
FIB,contractile,Lineage1,C2,8,0.75,0.3078204630510696,5,5.0,classical
FIB,contractile,Lineage1,C2,9,0.8500000000000001,,0,0.0,classical
FIB,contractile,Lineage1,C2,10,0.95,0.1799609631025487,2,2.0,classical
FIB,contractile,Lineage1,C4A,1,0.05,0.0043233594034224,61,49.94236599379469,classical
FIB,contractile,Lineage1,C4A,2,0.15,0.0,33,31.97224847580994,classical
FIB,contractile,Lineage1,C4A,3,0.25,0.0034293571778593,64,52.83975117928554,classical
FIB,contractile,Lineage1,C4A,4,0.35,0.0007986456309469,104,67.00000342939487,classical
FIB,contractile,Lineage1,C4A,5,0.45,0.0033090193601656,42,38.59358161312381,classical
FIB,contractile,Lineage1,C4A,6,0.55,0.0070681641504665,21,21.0,classical
FIB,contractile,Lineage1,C4A,7,0.6500000000000001,0.0037734955521897,8,8.0,classical
FIB,contractile,Lineage1,C4A,8,0.75,0.0139044280963825,5,5.0,classical
FIB,contractile,Lineage1,C4A,9,0.8500000000000001,,0,0.0,classical
FIB,contractile,Lineage1,C4A,10,0.95,0.0082516931818667,2,2.0,classical
FIB,contractile,Lineage1,C4B,1,0.05,0.0013319810035928,61,49.94236599379469,classical
FIB,contractile,Lineage1,C4B,2,0.15,0.0042240797037443,33,31.97224847580994,classical
FIB,contractile,Lineage1,C4B,3,0.25,0.0032473054505158,64,52.83975117928554,classical
FIB,contractile,Lineage1,C4B,4,0.35,0.0017593036476987,104,67.00000342939487,classical
FIB,contractile,Lineage1,C4B,5,0.45,0.0011082314086822,42,38.59358161312381,classical
FIB,contractile,Lineage1,C4B,6,0.55,0.001360193688257,21,21.0,classical
FIB,contractile,Lineage1,C4B,7,0.6500000000000001,0.0,8,8.0,classical
FIB,contractile,Lineage1,C4B,8,0.75,0.0181630767998914,5,5.0,classical
FIB,contractile,Lineage1,C4B,9,0.8500000000000001,,0,0.0,classical
FIB,contractile,Lineage1,C4B,10,0.95,0.0,2,2.0,classical
FIB,contractile,Lineage1,C4BPA,1,0.05,0.007307081929704,61,49.94236599379469,classical
FIB,contractile,Lineage1,C4BPA,2,0.15,0.0046184405104336,33,31.97224847580994,classical
FIB,contractile,Lineage1,C4BPA,3,0.25,0.0038980236826759,64,52.83975117928554,classical
FIB,contractile,Lineage1,C4BPA,4,0.35,0.0113858429295021,104,67.00000342939487,classical
FIB,contractile,Lineage1,C4BPA,5,0.45,0.0166020043088266,42,38.59358161312381,classical
FIB,contractile,Lineage1,C4BPA,6,0.55,0.0174430914528539,21,21.0,classical
FIB,contractile,Lineage1,C4BPA,7,0.6500000000000001,0.0,8,8.0,classical
FIB,contractile,Lineage1,C4BPA,8,0.75,0.0136466334385293,5,5.0,classical
FIB,contractile,Lineage1,C4BPA,9,0.8500000000000001,,0,0.0,classical
FIB,contractile,Lineage1,C4BPA,10,0.95,0.0,2,2.0,classical
FIB,contractile,Lineage1,C4BPB,1,0.05,0.0015336927715771,61,49.94236599379469,classical
FIB,contractile,Lineage1,C4BPB,2,0.15,0.0,33,31.97224847580994,classical
FIB,contractile,Lineage1,C4BPB,3,0.25,0.0014974236318116,64,52.83975117928554,classical
FIB,contractile,Lineage1,C4BPB,4,0.35,0.0007905735507211,104,67.00000342939487,classical
FIB,contractile,Lineage1,C4BPB,5,0.45,0.0059546046001272,42,38.59358161312381,classical
FIB,contractile,Lineage1,C4BPB,6,0.55,0.0014193915378622,21,21.0,classical
FIB,contractile,Lineage1,C4BPB,7,0.6500000000000001,0.0037734955521897,8,8.0,classical
FIB,contractile,Lineage1,C4BPB,8,0.75,0.0,5,5.0,classical
FIB,contractile,Lineage1,C4BPB,9,0.8500000000000001,,0,0.0,classical
FIB,contractile,Lineage1,C4BPB,10,0.95,0.0,2,2.0,classical
FIB,contractile,Lineage1,MBL2,1,0.05,0.0,61,49.94236599379469,lectin
FIB,contractile,Lineage1,MBL2,2,0.15,0.0,33,31.97224847580994,lectin
FIB,contractile,Lineage1,MBL2,3,0.25,0.0,64,52.83975117928554,lectin
FIB,contractile,Lineage1,MBL2,4,0.35,0.0,104,67.00000342939487,lectin
FIB,contractile,Lineage1,MBL2,5,0.45,0.0005288217749918,42,38.59358161312381,lectin
FIB,contractile,Lineage1,MBL2,6,0.55,0.0,21,21.0,lectin
FIB,contractile,Lineage1,MBL2,7,0.6500000000000001,0.0,8,8.0,lectin
FIB,contractile,Lineage1,MBL2,8,0.75,0.0,5,5.0,lectin
FIB,contractile,Lineage1,MBL2,9,0.8500000000000001,,0,0.0,lectin
FIB,contractile,Lineage1,MBL2,10,0.95,0.0,2,2.0,lectin
FIB,contractile,Lineage1,FCN1,1,0.05,0.0076186602783481,61,49.94236599379469,lectin
FIB,contractile,Lineage1,FCN1,2,0.15,0.0,33,31.97224847580994,lectin
FIB,contractile,Lineage1,FCN1,3,0.25,0.0073286157074812,64,52.83975117928554,lectin
FIB,contractile,Lineage1,FCN1,4,0.35,0.0133682693699164,104,67.00000342939487,lectin
FIB,contractile,Lineage1,FCN1,5,0.45,0.0146195318145948,42,38.59358161312381,lectin
FIB,contractile,Lineage1,FCN1,6,0.55,0.0081607745105104,21,21.0,lectin
FIB,contractile,Lineage1,FCN1,7,0.6500000000000001,0.0194439233685104,8,8.0,lectin
FIB,contractile,Lineage1,FCN1,8,0.75,0.0066489738259356,5,5.0,lectin
FIB,contractile,Lineage1,FCN1,9,0.8500000000000001,,0,0.0,lectin
FIB,contractile,Lineage1,FCN1,10,0.95,0.0,2,2.0,lectin
FIB,contractile,Lineage1,FCN2,1,0.05,0.001155869098032,61,49.94236599379469,lectin
FIB,contractile,Lineage1,FCN2,2,0.15,0.0,33,31.97224847580994,lectin
FIB,contractile,Lineage1,FCN2,3,0.25,0.0,64,52.83975117928554,lectin
FIB,contractile,Lineage1,FCN2,4,0.35,0.0,104,67.00000342939487,lectin
FIB,contractile,Lineage1,FCN2,5,0.45,0.0,42,38.59358161312381,lectin
FIB,contractile,Lineage1,FCN2,6,0.55,0.0,21,21.0,lectin
FIB,contractile,Lineage1,FCN2,7,0.6500000000000001,0.0,8,8.0,lectin
FIB,contractile,Lineage1,FCN2,8,0.75,0.0,5,5.0,lectin
FIB,contractile,Lineage1,FCN2,9,0.8500000000000001,,0,0.0,lectin
FIB,contractile,Lineage1,FCN2,10,0.95,0.0,2,2.0,lectin
FIB,contractile,Lineage1,FCN3,1,0.05,0.035372415639041,61,49.94236599379469,lectin
FIB,contractile,Lineage1,FCN3,2,0.15,0.0147913191324818,33,31.97224847580994,lectin
FIB,contractile,Lineage1,FCN3,3,0.25,0.0092783666326871,64,52.83975117928554,lectin
FIB,contractile,Lineage1,FCN3,4,0.35,0.0114253601834788,104,67.00000342939487,lectin
FIB,contractile,Lineage1,FCN3,5,0.45,0.0117852523656886,42,38.59358161312381,lectin
FIB,contractile,Lineage1,FCN3,6,0.55,0.0264701220103219,21,21.0,lectin
FIB,contractile,Lineage1,FCN3,7,0.6500000000000001,0.0,8,8.0,lectin
FIB,contractile,Lineage1,FCN3,8,0.75,0.0,5,5.0,lectin
FIB,contractile,Lineage1,FCN3,9,0.8500000000000001,,0,0.0,lectin
FIB,contractile,Lineage1,FCN3,10,0.95,0.0,2,2.0,lectin
FIB,contractile,Lineage1,MASP1,1,0.05,0.0165641946824273,61,49.94236599379469,lectin
FIB,contractile,Lineage1,MASP1,2,0.15,0.0,33,31.97224847580994,lectin
FIB,contractile,Lineage1,MASP1,3,0.25,0.0070507609447417,64,52.83975117928554,lectin
FIB,contractile,Lineage1,MASP1,4,0.35,0.0125496068676959,104,67.00000342939487,lectin
FIB,contractile,Lineage1,MASP1,5,0.45,0.0198781625887423,42,38.59358161312381,lectin
FIB,contractile,Lineage1,MASP1,6,0.55,0.0297956586709895,21,21.0,lectin
FIB,contractile,Lineage1,MASP1,7,0.6500000000000001,0.1254976071857978,8,8.0,lectin
FIB,contractile,Lineage1,MASP1,8,0.75,0.0756220414984583,5,5.0,lectin
FIB,contractile,Lineage1,MASP1,9,0.8500000000000001,,0,0.0,lectin
FIB,contractile,Lineage1,MASP1,10,0.95,0.0550914410740844,2,2.0,lectin
FIB,contractile,Lineage1,MASP2,1,0.05,0.0005800666423259,61,49.94236599379469,lectin
FIB,contractile,Lineage1,MASP2,2,0.15,0.0018771644736453,33,31.97224847580994,lectin
FIB,contractile,Lineage1,MASP2,3,0.25,0.0076679740788803,64,52.83975117928554,lectin
FIB,contractile,Lineage1,MASP2,4,0.35,0.0125741697409763,104,67.00000342939487,lectin
FIB,contractile,Lineage1,MASP2,5,0.45,0.0116777535936073,42,38.59358161312381,lectin
FIB,contractile,Lineage1,MASP2,6,0.55,0.0056964379044362,21,21.0,lectin
FIB,contractile,Lineage1,MASP2,7,0.6500000000000001,0.0,8,8.0,lectin
FIB,contractile,Lineage1,MASP2,8,0.75,0.0339023680747768,5,5.0,lectin
FIB,contractile,Lineage1,MASP2,9,0.8500000000000001,,0,0.0,lectin
FIB,contractile,Lineage1,MASP2,10,0.95,0.0,2,2.0,lectin
FIB,contractile,Lineage1,C3,1,0.05,0.0298730110181175,61,49.94236599379469,alternative
FIB,contractile,Lineage1,C3,2,0.15,0.063170983819884,33,31.97224847580994,alternative
FIB,contractile,Lineage1,C3,3,0.25,0.162903335385978,64,52.83975117928554,alternative
FIB,contractile,Lineage1,C3,4,0.35,0.135521248252067,104,67.00000342939487,alternative
FIB,contractile,Lineage1,C3,5,0.45,0.3450077256532904,42,38.59358161312381,alternative
FIB,contractile,Lineage1,C3,6,0.55,0.6611221581142984,21,21.0,alternative
FIB,contractile,Lineage1,C3,7,0.6500000000000001,0.8870678266601306,8,8.0,alternative
FIB,contractile,Lineage1,C3,8,0.75,1.9815141889190255,5,5.0,alternative
FIB,contractile,Lineage1,C3,9,0.8500000000000001,,0,0.0,alternative
FIB,contractile,Lineage1,C3,10,0.95,1.2832572083676144,2,2.0,alternative
FIB,contractile,Lineage1,CFB,1,0.05,0.0927265809337222,61,49.94236599379469,alternative
FIB,contractile,Lineage1,CFB,2,0.15,0.0879180036822648,33,31.97224847580994,alternative
FIB,contractile,Lineage1,CFB,3,0.25,0.1190476611867112,64,52.83975117928554,alternative
FIB,contractile,Lineage1,CFB,4,0.35,0.1194759805850237,104,67.00000342939487,alternative
FIB,contractile,Lineage1,CFB,5,0.45,0.1290015397125372,42,38.59358161312381,alternative
FIB,contractile,Lineage1,CFB,6,0.55,0.2336264886145873,21,21.0,alternative
FIB,contractile,Lineage1,CFB,7,0.6500000000000001,0.1365199490513999,8,8.0,alternative
FIB,contractile,Lineage1,CFB,8,0.75,0.3729571955096418,5,5.0,alternative
FIB,contractile,Lineage1,CFB,9,0.8500000000000001,,0,0.0,alternative
FIB,contractile,Lineage1,CFB,10,0.95,0.4437125640467314,2,2.0,alternative
FIB,contractile,Lineage1,CFD,1,0.05,0.0610318834959951,61,49.94236599379469,alternative
FIB,contractile,Lineage1,CFD,2,0.15,0.0553955924368168,33,31.97224847580994,alternative
FIB,contractile,Lineage1,CFD,3,0.25,0.1934781884123053,64,52.83975117928554,alternative
FIB,contractile,Lineage1,CFD,4,0.35,0.1507763983106091,104,67.00000342939487,alternative
FIB,contractile,Lineage1,CFD,5,0.45,0.1334734720008431,42,38.59358161312381,alternative
FIB,contractile,Lineage1,CFD,6,0.55,0.2907986281469224,21,21.0,alternative
FIB,contractile,Lineage1,CFD,7,0.6500000000000001,0.7653044860617084,8,8.0,alternative
FIB,contractile,Lineage1,CFD,8,0.75,0.9338132192978318,5,5.0,alternative
FIB,contractile,Lineage1,CFD,9,0.8500000000000001,,0,0.0,alternative
FIB,contractile,Lineage1,CFD,10,0.95,0.0824779495023449,2,2.0,alternative
FIB,contractile,Lineage1,CFP,1,0.05,0.0012172195185262,61,49.94236599379469,alternative
FIB,contractile,Lineage1,CFP,2,0.15,0.0046493171805816,33,31.97224847580994,alternative
FIB,contractile,Lineage1,CFP,3,0.25,0.0025080162365955,64,52.83975117928554,alternative
FIB,contractile,Lineage1,CFP,4,0.35,0.0079961878356001,104,67.00000342939487,alternative
FIB,contractile,Lineage1,CFP,5,0.45,0.0131378890411918,42,38.59358161312381,alternative
FIB,contractile,Lineage1,CFP,6,0.55,0.0036374533765893,21,21.0,alternative
FIB,contractile,Lineage1,CFP,7,0.6500000000000001,0.0191094526517916,8,8.0,alternative
FIB,contractile,Lineage1,CFP,8,0.75,0.0066489738259356,5,5.0,alternative
FIB,contractile,Lineage1,CFP,9,0.8500000000000001,,0,0.0,alternative
FIB,contractile,Lineage1,CFP,10,0.95,0.0082516931818667,2,2.0,alternative
FIB,contractile,Lineage1,C5,1,0.05,0.1826851927333193,61,49.94236599379469,terminal
FIB,contractile,Lineage1,C5,2,0.15,0.2065706641861613,33,31.97224847580994,terminal
FIB,contractile,Lineage1,C5,3,0.25,0.2080231259314521,64,52.83975117928554,terminal
FIB,contractile,Lineage1,C5,4,0.35,0.212561979761139,104,67.00000342939487,terminal
FIB,contractile,Lineage1,C5,5,0.45,0.2416261297222013,42,38.59358161312381,terminal
FIB,contractile,Lineage1,C5,6,0.55,0.1831257657200022,21,21.0,terminal
FIB,contractile,Lineage1,C5,7,0.6500000000000001,0.1699762577674201,8,8.0,terminal
FIB,contractile,Lineage1,C5,8,0.75,0.1809387801486568,5,5.0,terminal
FIB,contractile,Lineage1,C5,9,0.8500000000000001,,0,0.0,terminal
FIB,contractile,Lineage1,C5,10,0.95,0.2148938052958956,2,2.0,terminal
FIB,contractile,Lineage1,C6,1,0.05,0.2450329960398461,61,49.94236599379469,terminal
FIB,contractile,Lineage1,C6,2,0.15,0.1666495775180804,33,31.97224847580994,terminal
FIB,contractile,Lineage1,C6,3,0.25,0.2629700488323164,64,52.83975117928554,terminal
FIB,contractile,Lineage1,C6,4,0.35,0.1991672833288288,104,67.00000342939487,terminal
FIB,contractile,Lineage1,C6,5,0.45,0.2190587537520311,42,38.59358161312381,terminal
FIB,contractile,Lineage1,C6,6,0.55,0.172950676070695,21,21.0,terminal
FIB,contractile,Lineage1,C6,7,0.6500000000000001,0.1558814715822068,8,8.0,terminal
FIB,contractile,Lineage1,C6,8,0.75,0.1549396934548316,5,5.0,terminal
FIB,contractile,Lineage1,C6,9,0.8500000000000001,,0,0.0,terminal
FIB,contractile,Lineage1,C6,10,0.95,0.1491495328292131,2,2.0,terminal
FIB,contractile,Lineage1,C7,1,0.05,3.496017014734661,61,49.94236599379469,terminal
FIB,contractile,Lineage1,C7,2,0.15,3.6221689493563543,33,31.97224847580994,terminal
FIB,contractile,Lineage1,C7,3,0.25,3.50075378194192,64,52.83975117928554,terminal
FIB,contractile,Lineage1,C7,4,0.35,3.0391735864836575,104,67.00000342939487,terminal
FIB,contractile,Lineage1,C7,5,0.45,3.179110692655948,42,38.59358161312381,terminal
FIB,contractile,Lineage1,C7,6,0.55,2.980414390411924,21,21.0,terminal
FIB,contractile,Lineage1,C7,7,0.6500000000000001,3.064350397830492,8,8.0,terminal
FIB,contractile,Lineage1,C7,8,0.75,2.7282744154926797,5,5.0,terminal
FIB,contractile,Lineage1,C7,9,0.8500000000000001,,0,0.0,terminal
FIB,contractile,Lineage1,C7,10,0.95,2.210759799598132,2,2.0,terminal
FIB,contractile,Lineage1,C8A,1,0.05,0.0006898048071068,61,49.94236599379469,terminal
FIB,contractile,Lineage1,C8A,2,0.15,0.0,33,31.97224847580994,terminal
FIB,contractile,Lineage1,C8A,3,0.25,0.0019249900926359,64,52.83975117928554,terminal
FIB,contractile,Lineage1,C8A,4,0.35,0.0,104,67.00000342939487,terminal
FIB,contractile,Lineage1,C8A,5,0.45,0.0065186034097062,42,38.59358161312381,terminal
FIB,contractile,Lineage1,C8A,6,0.55,0.0018573077081295,21,21.0,terminal
FIB,contractile,Lineage1,C8A,7,0.6500000000000001,0.0191094526517916,8,8.0,terminal
FIB,contractile,Lineage1,C8A,8,0.75,0.0,5,5.0,terminal
FIB,contractile,Lineage1,C8A,9,0.8500000000000001,,0,0.0,terminal
FIB,contractile,Lineage1,C8A,10,0.95,0.0,2,2.0,terminal
FIB,contractile,Lineage1,C8B,1,0.05,0.0028363490551914,61,49.94236599379469,terminal
FIB,contractile,Lineage1,C8B,2,0.15,0.0,33,31.97224847580994,terminal
FIB,contractile,Lineage1,C8B,3,0.25,0.0043603100570829,64,52.83975117928554,terminal
FIB,contractile,Lineage1,C8B,4,0.35,0.0019493455302972,104,67.00000342939487,terminal
FIB,contractile,Lineage1,C8B,5,0.45,0.0,42,38.59358161312381,terminal
FIB,contractile,Lineage1,C8B,6,0.55,0.0,21,21.0,terminal
FIB,contractile,Lineage1,C8B,7,0.6500000000000001,0.0191094526517916,8,8.0,terminal
FIB,contractile,Lineage1,C8B,8,0.75,0.0,5,5.0,terminal
FIB,contractile,Lineage1,C8B,9,0.8500000000000001,,0,0.0,terminal
FIB,contractile,Lineage1,C8B,10,0.95,0.0,2,2.0,terminal
FIB,contractile,Lineage1,C8G,1,0.05,0.0012567783379084,61,49.94236599379469,terminal
FIB,contractile,Lineage1,C8G,2,0.15,0.0041149566156009,33,31.97224847580994,terminal
FIB,contractile,Lineage1,C8G,3,0.25,0.001720231614618,64,52.83975117928554,terminal
FIB,contractile,Lineage1,C8G,4,0.35,0.0043498748835717,104,67.00000342939487,terminal
FIB,contractile,Lineage1,C8G,5,0.45,0.0013680857353236,42,38.59358161312381,terminal
FIB,contractile,Lineage1,C8G,6,0.55,0.0,21,21.0,terminal
FIB,contractile,Lineage1,C8G,7,0.6500000000000001,0.0,8,8.0,terminal
FIB,contractile,Lineage1,C8G,8,0.75,0.0,5,5.0,terminal
FIB,contractile,Lineage1,C8G,9,0.8500000000000001,,0,0.0,terminal
FIB,contractile,Lineage1,C8G,10,0.95,0.0,2,2.0,terminal
FIB,contractile,Lineage1,C9,1,0.05,0.031552987275362,61,49.94236599379469,terminal
FIB,contractile,Lineage1,C9,2,0.15,0.0248280170645083,33,31.97224847580994,terminal
FIB,contractile,Lineage1,C9,3,0.25,0.056163335285374,64,52.83975117928554,terminal
FIB,contractile,Lineage1,C9,4,0.35,0.0572297802671256,104,67.00000342939487,terminal
FIB,contractile,Lineage1,C9,5,0.45,0.0590590951042388,42,38.59358161312381,terminal
FIB,contractile,Lineage1,C9,6,0.55,0.0954669855847493,21,21.0,terminal
FIB,contractile,Lineage1,C9,7,0.6500000000000001,0.1187621654949464,8,8.0,terminal
FIB,contractile,Lineage1,C9,8,0.75,0.026842734381993,5,5.0,terminal
FIB,contractile,Lineage1,C9,9,0.8500000000000001,,0,0.0,terminal
FIB,contractile,Lineage1,C9,10,0.95,0.0979166607794135,2,2.0,terminal
FIB,contractile,Lineage1,C3AR1,1,0.05,0.0081980454100378,61,49.94236599379469,receptor
FIB,contractile,Lineage1,C3AR1,2,0.15,0.0035217301649146,33,31.97224847580994,receptor
FIB,contractile,Lineage1,C3AR1,3,0.25,0.008665616512243,64,52.83975117928554,receptor
FIB,contractile,Lineage1,C3AR1,4,0.35,0.0150731167632339,104,67.00000342939487,receptor
FIB,contractile,Lineage1,C3AR1,5,0.45,0.0246110339382536,42,38.59358161312381,receptor
FIB,contractile,Lineage1,C3AR1,6,0.55,0.0166957428393723,21,21.0,receptor
FIB,contractile,Lineage1,C3AR1,7,0.6500000000000001,0.0160136130316594,8,8.0,receptor
FIB,contractile,Lineage1,C3AR1,8,0.75,0.0,5,5.0,receptor
FIB,contractile,Lineage1,C3AR1,9,0.8500000000000001,,0,0.0,receptor
FIB,contractile,Lineage1,C3AR1,10,0.95,0.0163694134976218,2,2.0,receptor
FIB,contractile,Lineage1,C5AR1,1,0.05,0.1337984751851522,61,49.94236599379469,receptor
FIB,contractile,Lineage1,C5AR1,2,0.15,0.134808637486927,33,31.97224847580994,receptor
FIB,contractile,Lineage1,C5AR1,3,0.25,0.20537253490616,64,52.83975117928554,receptor
FIB,contractile,Lineage1,C5AR1,4,0.35,0.3022517573227535,104,67.00000342939487,receptor
FIB,contractile,Lineage1,C5AR1,5,0.45,0.2564427025544848,42,38.59358161312381,receptor
FIB,contractile,Lineage1,C5AR1,6,0.55,0.3058024576153371,21,21.0,receptor
FIB,contractile,Lineage1,C5AR1,7,0.6500000000000001,0.1447590860812451,8,8.0,receptor
FIB,contractile,Lineage1,C5AR1,8,0.75,0.1913091737920925,5,5.0,receptor
FIB,contractile,Lineage1,C5AR1,9,0.8500000000000001,,0,0.0,receptor
FIB,contractile,Lineage1,C5AR1,10,0.95,0.2017639010266314,2,2.0,receptor
FIB,contractile,Lineage1,C5AR2,1,0.05,0.0062645151078728,61,49.94236599379469,receptor
FIB,contractile,Lineage1,C5AR2,2,0.15,0.0082686675509497,33,31.97224847580994,receptor
FIB,contractile,Lineage1,C5AR2,3,0.25,0.0116646919545607,64,52.83975117928554,receptor
FIB,contractile,Lineage1,C5AR2,4,0.35,0.0025262481108553,104,67.00000342939487,receptor
FIB,contractile,Lineage1,C5AR2,5,0.45,0.0141384988794217,42,38.59358161312381,receptor
FIB,contractile,Lineage1,C5AR2,6,0.55,0.0018278109602917,21,21.0,receptor
FIB,contractile,Lineage1,C5AR2,7,0.6500000000000001,0.0160136130316594,8,8.0,receptor
FIB,contractile,Lineage1,C5AR2,8,0.75,0.0,5,5.0,receptor
FIB,contractile,Lineage1,C5AR2,9,0.8500000000000001,,0,0.0,receptor
FIB,contractile,Lineage1,C5AR2,10,0.95,0.0163694134976218,2,2.0,receptor
FIB,contractile,Lineage1,CR1,1,0.05,0.0451722042170835,61,49.94236599379469,receptor
FIB,contractile,Lineage1,CR1,2,0.15,0.0163947783831679,33,31.97224847580994,receptor
FIB,contractile,Lineage1,CR1,3,0.25,0.0363635139754954,64,52.83975117928554,receptor
FIB,contractile,Lineage1,CR1,4,0.35,0.0218790887005341,104,67.00000342939487,receptor
FIB,contractile,Lineage1,CR1,5,0.45,0.0277212990967464,42,38.59358161312381,receptor
FIB,contractile,Lineage1,CR1,6,0.55,0.0698969509304949,21,21.0,receptor
FIB,contractile,Lineage1,CR1,7,0.6500000000000001,0.0452166391242968,8,8.0,receptor
FIB,contractile,Lineage1,CR1,8,0.75,0.0618626715837293,5,5.0,receptor
FIB,contractile,Lineage1,CR1,9,0.8500000000000001,,0,0.0,receptor
FIB,contractile,Lineage1,CR1,10,0.95,0.0,2,2.0,receptor
FIB,contractile,Lineage1,CR2,1,0.05,0.0276772998708879,61,49.94236599379469,receptor
FIB,contractile,Lineage1,CR2,2,0.15,0.0242087437674104,33,31.97224847580994,receptor
FIB,contractile,Lineage1,CR2,3,0.25,0.0176651560446289,64,52.83975117928554,receptor
FIB,contractile,Lineage1,CR2,4,0.35,0.0087191627462429,104,67.00000342939487,receptor
FIB,contractile,Lineage1,CR2,5,0.45,0.0373802559215883,42,38.59358161312381,receptor
FIB,contractile,Lineage1,CR2,6,0.55,0.0591904389288312,21,21.0,receptor
FIB,contractile,Lineage1,CR2,7,0.6500000000000001,0.0036754598660969,8,8.0,receptor
FIB,contractile,Lineage1,CR2,8,0.75,0.0115141029739558,5,5.0,receptor
FIB,contractile,Lineage1,CR2,9,0.8500000000000001,,0,0.0,receptor
FIB,contractile,Lineage1,CR2,10,0.95,0.0,2,2.0,receptor
FIB,contractile,Lineage1,ITGAM,1,0.05,0.0094651623747289,61,49.94236599379469,receptor
FIB,contractile,Lineage1,ITGAM,2,0.15,0.002448662662951,33,31.97224847580994,receptor
FIB,contractile,Lineage1,ITGAM,3,0.25,0.0179600241965425,64,52.83975117928554,receptor
FIB,contractile,Lineage1,ITGAM,4,0.35,0.0101466927485097,104,67.00000342939487,receptor
FIB,contractile,Lineage1,ITGAM,5,0.45,0.0201464906245247,42,38.59358161312381,receptor
FIB,contractile,Lineage1,ITGAM,6,0.55,0.0206899108895297,21,21.0,receptor
FIB,contractile,Lineage1,ITGAM,7,0.6500000000000001,0.0289327956937471,8,8.0,receptor
FIB,contractile,Lineage1,ITGAM,8,0.75,0.0219426748546908,5,5.0,receptor
FIB,contractile,Lineage1,ITGAM,9,0.8500000000000001,,0,0.0,receptor
FIB,contractile,Lineage1,ITGAM,10,0.95,0.0082516931818667,2,2.0,receptor
FIB,contractile,Lineage1,ITGAX,1,0.05,0.0024167808144254,61,49.94236599379469,receptor
FIB,contractile,Lineage1,ITGAX,2,0.15,0.0080726413467249,33,31.97224847580994,receptor
FIB,contractile,Lineage1,ITGAX,3,0.25,0.0064832041082923,64,52.83975117928554,receptor
FIB,contractile,Lineage1,ITGAX,4,0.35,0.0209533283657436,104,67.00000342939487,receptor
FIB,contractile,Lineage1,ITGAX,5,0.45,0.0126898576972961,42,38.59358161312381,receptor
FIB,contractile,Lineage1,ITGAX,6,0.55,0.0501524708330448,21,21.0,receptor
FIB,contractile,Lineage1,ITGAX,7,0.6500000000000001,0.0250679796140738,8,8.0,receptor
FIB,contractile,Lineage1,ITGAX,8,0.75,0.0488473833168739,5,5.0,receptor
FIB,contractile,Lineage1,ITGAX,9,0.8500000000000001,,0,0.0,receptor
FIB,contractile,Lineage1,ITGAX,10,0.95,0.0,2,2.0,receptor
FIB,contractile,Lineage1,VSIG4,1,0.05,0.0110446449875879,61,49.94236599379469,receptor
FIB,contractile,Lineage1,VSIG4,2,0.15,0.0078340117925615,33,31.97224847580994,receptor
FIB,contractile,Lineage1,VSIG4,3,0.25,0.0155574537246803,64,52.83975117928554,receptor
FIB,contractile,Lineage1,VSIG4,4,0.35,0.0125622812242501,104,67.00000342939487,receptor
FIB,contractile,Lineage1,VSIG4,5,0.45,0.0053964540540354,42,38.59358161312381,receptor
FIB,contractile,Lineage1,VSIG4,6,0.55,0.0141835751222168,21,21.0,receptor
FIB,contractile,Lineage1,VSIG4,7,0.6500000000000001,0.0036754598660969,8,8.0,receptor
FIB,contractile,Lineage1,VSIG4,8,0.75,0.019318410580491,5,5.0,receptor
FIB,contractile,Lineage1,VSIG4,9,0.8500000000000001,,0,0.0,receptor
FIB,contractile,Lineage1,VSIG4,10,0.95,0.0,2,2.0,receptor
FIB,contractile,Lineage1,CFH,1,0.05,1.4571755594105913,61,49.94236599379469,regulator
FIB,contractile,Lineage1,CFH,2,0.15,1.453254104732459,33,31.97224847580994,regulator
FIB,contractile,Lineage1,CFH,3,0.25,1.416929491708375,64,52.83975117928554,regulator
FIB,contractile,Lineage1,CFH,4,0.35,1.3170288295179322,104,67.00000342939487,regulator
FIB,contractile,Lineage1,CFH,5,0.45,1.4670643050007652,42,38.59358161312381,regulator
FIB,contractile,Lineage1,CFH,6,0.55,1.2548203358975092,21,21.0,regulator
FIB,contractile,Lineage1,CFH,7,0.6500000000000001,1.6307459200623915,8,8.0,regulator
FIB,contractile,Lineage1,CFH,8,0.75,1.4761226792233262,5,5.0,regulator
FIB,contractile,Lineage1,CFH,9,0.8500000000000001,,0,0.0,regulator
FIB,contractile,Lineage1,CFH,10,0.95,2.05489389025946,2,2.0,regulator
FIB,contractile,Lineage1,CFI,1,0.05,0.2542154640333491,61,49.94236599379469,regulator
FIB,contractile,Lineage1,CFI,2,0.15,0.2381337164234997,33,31.97224847580994,regulator
FIB,contractile,Lineage1,CFI,3,0.25,0.3310056338185782,64,52.83975117928554,regulator
FIB,contractile,Lineage1,CFI,4,0.35,0.3422193027220915,104,67.00000342939487,regulator
FIB,contractile,Lineage1,CFI,5,0.45,0.4445017666907775,42,38.59358161312381,regulator
FIB,contractile,Lineage1,CFI,6,0.55,0.4695497192054264,21,21.0,regulator
FIB,contractile,Lineage1,CFI,7,0.6500000000000001,0.4545470651042489,8,8.0,regulator
FIB,contractile,Lineage1,CFI,8,0.75,0.6079034164928481,5,5.0,regulator
FIB,contractile,Lineage1,CFI,9,0.8500000000000001,,0,0.0,regulator
FIB,contractile,Lineage1,CFI,10,0.95,0.7378114564378813,2,2.0,regulator
FIB,contractile,Lineage1,CD46,1,0.05,0.8971431196317716,61,49.94236599379469,regulator
FIB,contractile,Lineage1,CD46,2,0.15,0.8751643585475362,33,31.97224847580994,regulator
FIB,contractile,Lineage1,CD46,3,0.25,1.0378695147880717,64,52.83975117928554,regulator
FIB,contractile,Lineage1,CD46,4,0.35,0.9821281021092558,104,67.00000342939487,regulator
FIB,contractile,Lineage1,CD46,5,0.45,1.0285430260755013,42,38.59358161312381,regulator
FIB,contractile,Lineage1,CD46,6,0.55,0.8777780497508646,21,21.0,regulator
FIB,contractile,Lineage1,CD46,7,0.6500000000000001,0.9662140598135444,8,8.0,regulator
FIB,contractile,Lineage1,CD46,8,0.75,0.9765666753347568,5,5.0,regulator
FIB,contractile,Lineage1,CD46,9,0.8500000000000001,,0,0.0,regulator
FIB,contractile,Lineage1,CD46,10,0.95,0.8401368698440348,2,2.0,regulator
FIB,contractile,Lineage1,CD55,1,0.05,0.5088310682621339,61,49.94236599379469,regulator
FIB,contractile,Lineage1,CD55,2,0.15,0.3240198027168368,33,31.97224847580994,regulator
FIB,contractile,Lineage1,CD55,3,0.25,0.3801473191062702,64,52.83975117928554,regulator
FIB,contractile,Lineage1,CD55,4,0.35,0.4165614889502831,104,67.00000342939487,regulator
FIB,contractile,Lineage1,CD55,5,0.45,0.3982717008570164,42,38.59358161312381,regulator
FIB,contractile,Lineage1,CD55,6,0.55,0.3958541979157616,21,21.0,regulator
FIB,contractile,Lineage1,CD55,7,0.6500000000000001,0.4885331706533934,8,8.0,regulator
FIB,contractile,Lineage1,CD55,8,0.75,0.527789294293884,5,5.0,regulator
FIB,contractile,Lineage1,CD55,9,0.8500000000000001,,0,0.0,regulator
FIB,contractile,Lineage1,CD55,10,0.95,0.224773389443399,2,2.0,regulator
FIB,contractile,Lineage1,CD59,1,0.05,0.6228681622987072,61,49.94236599379469,regulator
FIB,contractile,Lineage1,CD59,2,0.15,0.4315521934050562,33,31.97224847580994,regulator
FIB,contractile,Lineage1,CD59,3,0.25,0.5349915686311,64,52.83975117928554,regulator
FIB,contractile,Lineage1,CD59,4,0.35,0.543969065129067,104,67.00000342939487,regulator
FIB,contractile,Lineage1,CD59,5,0.45,0.5035342888656018,42,38.59358161312381,regulator
FIB,contractile,Lineage1,CD59,6,0.55,0.5470633439792113,21,21.0,regulator
FIB,contractile,Lineage1,CD59,7,0.6500000000000001,0.7175964356461708,8,8.0,regulator
FIB,contractile,Lineage1,CD59,8,0.75,0.5116966460973894,5,5.0,regulator
FIB,contractile,Lineage1,CD59,9,0.8500000000000001,,0,0.0,regulator
FIB,contractile,Lineage1,CD59,10,0.95,0.1373615091228953,2,2.0,regulator
FIB,contractile,Lineage1,SERPING1,1,0.05,0.6462510043494024,61,49.94236599379469,regulator
FIB,contractile,Lineage1,SERPING1,2,0.15,0.6384098933953981,33,31.97224847580994,regulator
FIB,contractile,Lineage1,SERPING1,3,0.25,0.734059875306783,64,52.83975117928554,regulator
FIB,contractile,Lineage1,SERPING1,4,0.35,0.6722715567508157,104,67.00000342939487,regulator
FIB,contractile,Lineage1,SERPING1,5,0.45,0.6637037138822985,42,38.59358161312381,regulator
FIB,contractile,Lineage1,SERPING1,6,0.55,0.8166058414868852,21,21.0,regulator
FIB,contractile,Lineage1,SERPING1,7,0.6500000000000001,1.117455237188384,8,8.0,regulator
FIB,contractile,Lineage1,SERPING1,8,0.75,1.272851115214649,5,5.0,regulator
FIB,contractile,Lineage1,SERPING1,9,0.8500000000000001,,0,0.0,regulator
FIB,contractile,Lineage1,SERPING1,10,0.95,0.7300003186607464,2,2.0,regulator
FIB,contractile,Lineage1,CFHR1,1,0.05,0.02117856638529,61,49.94236599379469,cfhr
FIB,contractile,Lineage1,CFHR1,2,0.15,0.0321722126057359,33,31.97224847580994,cfhr
FIB,contractile,Lineage1,CFHR1,3,0.25,0.1485122349678647,64,52.83975117928554,cfhr
FIB,contractile,Lineage1,CFHR1,4,0.35,0.1170864157664321,104,67.00000342939487,cfhr
FIB,contractile,Lineage1,CFHR1,5,0.45,0.1333870102735189,42,38.59358161312381,cfhr
FIB,contractile,Lineage1,CFHR1,6,0.55,0.1621417582962526,21,21.0,cfhr
FIB,contractile,Lineage1,CFHR1,7,0.6500000000000001,0.0790342259184928,8,8.0,cfhr
FIB,contractile,Lineage1,CFHR1,8,0.75,0.1319420608442696,5,5.0,cfhr
FIB,contractile,Lineage1,CFHR1,9,0.8500000000000001,,0,0.0,cfhr
FIB,contractile,Lineage1,CFHR1,10,0.95,0.058120507652284,2,2.0,cfhr
FIB,contractile,Lineage1,CFHR2,1,0.05,0.0,61,49.94236599379469,cfhr
FIB,contractile,Lineage1,CFHR2,2,0.15,0.0,33,31.97224847580994,cfhr
FIB,contractile,Lineage1,CFHR2,3,0.25,0.0,64,52.83975117928554,cfhr
FIB,contractile,Lineage1,CFHR2,4,0.35,0.0,104,67.00000342939487,cfhr
FIB,contractile,Lineage1,CFHR2,5,0.45,0.0043967071320252,42,38.59358161312381,cfhr
FIB,contractile,Lineage1,CFHR2,6,0.55,0.0,21,21.0,cfhr
FIB,contractile,Lineage1,CFHR2,7,0.6500000000000001,0.0,8,8.0,cfhr
FIB,contractile,Lineage1,CFHR2,8,0.75,0.0,5,5.0,cfhr
FIB,contractile,Lineage1,CFHR2,9,0.8500000000000001,,0,0.0,cfhr
FIB,contractile,Lineage1,CFHR2,10,0.95,0.0,2,2.0,cfhr
FIB,contractile,Lineage1,CFHR3,1,0.05,0.0189016710312353,61,49.94236599379469,cfhr
FIB,contractile,Lineage1,CFHR3,2,0.15,0.0316479133628403,33,31.97224847580994,cfhr
FIB,contractile,Lineage1,CFHR3,3,0.25,0.0528367305405175,64,52.83975117928554,cfhr
FIB,contractile,Lineage1,CFHR3,4,0.35,0.035797382294032,104,67.00000342939487,cfhr
FIB,contractile,Lineage1,CFHR3,5,0.45,0.0336722468615737,42,38.59358161312381,cfhr
FIB,contractile,Lineage1,CFHR3,6,0.55,0.0463177273190737,21,21.0,cfhr
FIB,contractile,Lineage1,CFHR3,7,0.6500000000000001,0.018153642158803,8,8.0,cfhr
FIB,contractile,Lineage1,CFHR3,8,0.75,0.0139044280963825,5,5.0,cfhr
FIB,contractile,Lineage1,CFHR3,9,0.8500000000000001,,0,0.0,cfhr
FIB,contractile,Lineage1,CFHR3,10,0.95,0.058120507652284,2,2.0,cfhr
FIB,contractile,Lineage1,CFHR4,1,0.05,0.0072626316912119,61,49.94236599379469,cfhr
FIB,contractile,Lineage1,CFHR4,2,0.15,0.0134468062895046,33,31.97224847580994,cfhr
FIB,contractile,Lineage1,CFHR4,3,0.25,0.0837723041990673,64,52.83975117928554,cfhr
FIB,contractile,Lineage1,CFHR4,4,0.35,0.1003761549913131,104,67.00000342939487,cfhr
FIB,contractile,Lineage1,CFHR4,5,0.45,0.0990782152249504,42,38.59358161312381,cfhr
FIB,contractile,Lineage1,CFHR4,6,0.55,0.0732214638649534,21,21.0,cfhr
FIB,contractile,Lineage1,CFHR4,7,0.6500000000000001,0.0660201286176166,8,8.0,cfhr
FIB,contractile,Lineage1,CFHR4,8,0.75,0.0604452030009741,5,5.0,cfhr
FIB,contractile,Lineage1,CFHR4,9,0.8500000000000001,,0,0.0,cfhr
FIB,contractile,Lineage1,CFHR4,10,0.95,0.0,2,2.0,cfhr
FIB,contractile,Lineage1,CFHR5,1,0.05,0.0,61,49.94236599379469,cfhr
FIB,contractile,Lineage1,CFHR5,2,0.15,0.0016050478770776,33,31.97224847580994,cfhr
FIB,contractile,Lineage1,CFHR5,3,0.25,0.0,64,52.83975117928554,cfhr
FIB,contractile,Lineage1,CFHR5,4,0.35,0.0003205624343728,104,67.00000342939487,cfhr
FIB,contractile,Lineage1,CFHR5,5,0.45,0.0,42,38.59358161312381,cfhr
FIB,contractile,Lineage1,CFHR5,6,0.55,0.0029517033573144,21,21.0,cfhr
FIB,contractile,Lineage1,CFHR5,7,0.6500000000000001,0.0061478831758586,8,8.0,cfhr
FIB,contractile,Lineage1,CFHR5,8,0.75,0.0,5,5.0,cfhr
FIB,contractile,Lineage1,CFHR5,9,0.8500000000000001,,0,0.0,cfhr
FIB,contractile,Lineage1,CFHR5,10,0.95,0.0,2,2.0,cfhr
FIB,outer_medullary,Lineage1,C1QA,1,0.05,0.0256190681910429,21,20.65733288150766,classical
FIB,outer_medullary,Lineage1,C1QA,2,0.15,0.0192689227034394,31,28.982367890451428,classical
FIB,outer_medullary,Lineage1,C1QA,3,0.25,0.0370578064532003,23,22.132489524124708,classical
FIB,outer_medullary,Lineage1,C1QA,4,0.35,0.0504909686285895,52,43.09799546844159,classical
FIB,outer_medullary,Lineage1,C1QA,5,0.45,0.0796102694375699,63,58.75865565513363,classical
FIB,outer_medullary,Lineage1,C1QA,6,0.55,0.051132291841525,39,39.0,classical
FIB,outer_medullary,Lineage1,C1QA,7,0.6500000000000001,0.1521009778717605,14,14.0,classical
FIB,outer_medullary,Lineage1,C1QA,8,0.75,0.0609225665912826,4,4.0,classical
FIB,outer_medullary,Lineage1,C1QA,9,0.8500000000000001,,0,0.0,classical
FIB,outer_medullary,Lineage1,C1QA,10,0.95,0.4329831193283965,15,15.0,classical
FIB,outer_medullary,Lineage1,C1QB,1,0.05,0.0245595524311356,21,20.65733288150766,classical
FIB,outer_medullary,Lineage1,C1QB,2,0.15,0.0265772570537475,31,28.982367890451428,classical
FIB,outer_medullary,Lineage1,C1QB,3,0.25,0.0361560662851143,23,22.132489524124708,classical
FIB,outer_medullary,Lineage1,C1QB,4,0.35,0.0609279546400287,52,43.09799546844159,classical
FIB,outer_medullary,Lineage1,C1QB,5,0.45,0.0759800648348309,63,58.75865565513363,classical
FIB,outer_medullary,Lineage1,C1QB,6,0.55,0.0824681718080656,39,39.0,classical
FIB,outer_medullary,Lineage1,C1QB,7,0.6500000000000001,0.0561821959339204,14,14.0,classical
FIB,outer_medullary,Lineage1,C1QB,8,0.75,0.0353144544003628,4,4.0,classical
FIB,outer_medullary,Lineage1,C1QB,9,0.8500000000000001,,0,0.0,classical
FIB,outer_medullary,Lineage1,C1QB,10,0.95,0.3097001550277488,15,15.0,classical
FIB,outer_medullary,Lineage1,C1QC,1,0.05,0.002498628567328,21,20.65733288150766,classical
FIB,outer_medullary,Lineage1,C1QC,2,0.15,0.0102631506095591,31,28.982367890451428,classical
FIB,outer_medullary,Lineage1,C1QC,3,0.25,0.0042485487429559,23,22.132489524124708,classical
FIB,outer_medullary,Lineage1,C1QC,4,0.35,0.0238689752028802,52,43.09799546844159,classical
FIB,outer_medullary,Lineage1,C1QC,5,0.45,0.0387579179112603,63,58.75865565513363,classical
FIB,outer_medullary,Lineage1,C1QC,6,0.55,0.0301769946535924,39,39.0,classical
FIB,outer_medullary,Lineage1,C1QC,7,0.6500000000000001,0.0393931243230595,14,14.0,classical
FIB,outer_medullary,Lineage1,C1QC,8,0.75,0.0240724629231556,4,4.0,classical
FIB,outer_medullary,Lineage1,C1QC,9,0.8500000000000001,,0,0.0,classical
FIB,outer_medullary,Lineage1,C1QC,10,0.95,0.13790561657838,15,15.0,classical
FIB,outer_medullary,Lineage1,C1R,1,0.05,0.6153997180147674,21,20.65733288150766,classical
FIB,outer_medullary,Lineage1,C1R,2,0.15,0.6899608395903227,31,28.982367890451428,classical
FIB,outer_medullary,Lineage1,C1R,3,0.25,0.9227755563839928,23,22.132489524124708,classical
FIB,outer_medullary,Lineage1,C1R,4,0.35,0.8740096247581852,52,43.09799546844159,classical
FIB,outer_medullary,Lineage1,C1R,5,0.45,1.1273688927491496,63,58.75865565513363,classical
FIB,outer_medullary,Lineage1,C1R,6,0.55,1.0785326092614171,39,39.0,classical
FIB,outer_medullary,Lineage1,C1R,7,0.6500000000000001,0.9875283301858434,14,14.0,classical
FIB,outer_medullary,Lineage1,C1R,8,0.75,0.9655497099418754,4,4.0,classical
FIB,outer_medullary,Lineage1,C1R,9,0.8500000000000001,,0,0.0,classical
FIB,outer_medullary,Lineage1,C1R,10,0.95,2.012836622325792,15,15.0,classical
FIB,outer_medullary,Lineage1,C1S,1,0.05,0.8221486610766393,21,20.65733288150766,classical
FIB,outer_medullary,Lineage1,C1S,2,0.15,0.8729656891962558,31,28.982367890451428,classical
FIB,outer_medullary,Lineage1,C1S,3,0.25,0.99249249150523,23,22.132489524124708,classical
FIB,outer_medullary,Lineage1,C1S,4,0.35,0.9487332154138826,52,43.09799546844159,classical
FIB,outer_medullary,Lineage1,C1S,5,0.45,1.1741662627127571,63,58.75865565513363,classical
FIB,outer_medullary,Lineage1,C1S,6,0.55,1.0853576774173397,39,39.0,classical
FIB,outer_medullary,Lineage1,C1S,7,0.6500000000000001,1.18315142261393,14,14.0,classical
FIB,outer_medullary,Lineage1,C1S,8,0.75,0.9724192436422452,4,4.0,classical
FIB,outer_medullary,Lineage1,C1S,9,0.8500000000000001,,0,0.0,classical
FIB,outer_medullary,Lineage1,C1S,10,0.95,1.5922299404901643,15,15.0,classical
FIB,outer_medullary,Lineage1,C2,1,0.05,0.1454230877222139,21,20.65733288150766,classical
FIB,outer_medullary,Lineage1,C2,2,0.15,0.1004671545510362,31,28.982367890451428,classical
FIB,outer_medullary,Lineage1,C2,3,0.25,0.1046787094602862,23,22.132489524124708,classical
FIB,outer_medullary,Lineage1,C2,4,0.35,0.1092269287059269,52,43.09799546844159,classical
FIB,outer_medullary,Lineage1,C2,5,0.45,0.1507448985982039,63,58.75865565513363,classical
FIB,outer_medullary,Lineage1,C2,6,0.55,0.1253471896694697,39,39.0,classical
FIB,outer_medullary,Lineage1,C2,7,0.6500000000000001,0.1470691041450378,14,14.0,classical
FIB,outer_medullary,Lineage1,C2,8,0.75,0.1742055878483459,4,4.0,classical
FIB,outer_medullary,Lineage1,C2,9,0.8500000000000001,,0,0.0,classical
FIB,outer_medullary,Lineage1,C2,10,0.95,0.1371925514910396,15,15.0,classical
FIB,outer_medullary,Lineage1,C4A,1,0.05,0.0,21,20.65733288150766,classical
FIB,outer_medullary,Lineage1,C4A,2,0.15,0.0,31,28.982367890451428,classical
FIB,outer_medullary,Lineage1,C4A,3,0.25,0.0,23,22.132489524124708,classical
FIB,outer_medullary,Lineage1,C4A,4,0.35,0.0,52,43.09799546844159,classical
FIB,outer_medullary,Lineage1,C4A,5,0.45,0.0019019472372861,63,58.75865565513363,classical
FIB,outer_medullary,Lineage1,C4A,6,0.55,0.0,39,39.0,classical
FIB,outer_medullary,Lineage1,C4A,7,0.6500000000000001,0.0,14,14.0,classical
FIB,outer_medullary,Lineage1,C4A,8,0.75,0.0,4,4.0,classical
FIB,outer_medullary,Lineage1,C4A,9,0.8500000000000001,,0,0.0,classical
FIB,outer_medullary,Lineage1,C4A,10,0.95,0.0,15,15.0,classical
FIB,outer_medullary,Lineage1,C4B,1,0.05,0.0015130396751678,21,20.65733288150766,classical
FIB,outer_medullary,Lineage1,C4B,2,0.15,0.0,31,28.982367890451428,classical
FIB,outer_medullary,Lineage1,C4B,3,0.25,0.0,23,22.132489524124708,classical
FIB,outer_medullary,Lineage1,C4B,4,0.35,0.0006044677500517,52,43.09799546844159,classical
FIB,outer_medullary,Lineage1,C4B,5,0.45,0.002888241079396,63,58.75865565513363,classical
FIB,outer_medullary,Lineage1,C4B,6,0.55,0.0039022624322502,39,39.0,classical
FIB,outer_medullary,Lineage1,C4B,7,0.6500000000000001,0.0016049875684003,14,14.0,classical
FIB,outer_medullary,Lineage1,C4B,8,0.75,0.0,4,4.0,classical
FIB,outer_medullary,Lineage1,C4B,9,0.8500000000000001,,0,0.0,classical
FIB,outer_medullary,Lineage1,C4B,10,0.95,0.0277347315004916,15,15.0,classical
FIB,outer_medullary,Lineage1,C4BPA,1,0.05,0.0038424197436536,21,20.65733288150766,classical
FIB,outer_medullary,Lineage1,C4BPA,2,0.15,0.0070157508924924,31,28.982367890451428,classical
FIB,outer_medullary,Lineage1,C4BPA,3,0.25,0.0053899361634952,23,22.132489524124708,classical
FIB,outer_medullary,Lineage1,C4BPA,4,0.35,0.0045406996926896,52,43.09799546844159,classical
FIB,outer_medullary,Lineage1,C4BPA,5,0.45,0.0036472288525161,63,58.75865565513363,classical
FIB,outer_medullary,Lineage1,C4BPA,6,0.55,0.0114610747899916,39,39.0,classical
FIB,outer_medullary,Lineage1,C4BPA,7,0.6500000000000001,0.0,14,14.0,classical
FIB,outer_medullary,Lineage1,C4BPA,8,0.75,0.0,4,4.0,classical
FIB,outer_medullary,Lineage1,C4BPA,9,0.8500000000000001,,0,0.0,classical
FIB,outer_medullary,Lineage1,C4BPA,10,0.95,0.0107058800567416,15,15.0,classical
FIB,outer_medullary,Lineage1,C4BPB,1,0.05,0.0008281069819677,21,20.65733288150766,classical
FIB,outer_medullary,Lineage1,C4BPB,2,0.15,0.0010838376914817,31,28.982367890451428,classical
FIB,outer_medullary,Lineage1,C4BPB,3,0.25,0.0,23,22.132489524124708,classical
FIB,outer_medullary,Lineage1,C4BPB,4,0.35,0.0036428194939463,52,43.09799546844159,classical
FIB,outer_medullary,Lineage1,C4BPB,5,0.45,0.0018909840160418,63,58.75865565513363,classical
FIB,outer_medullary,Lineage1,C4BPB,6,0.55,0.0030009337244086,39,39.0,classical
FIB,outer_medullary,Lineage1,C4BPB,7,0.6500000000000001,0.0,14,14.0,classical
FIB,outer_medullary,Lineage1,C4BPB,8,0.75,0.0449021272846536,4,4.0,classical
FIB,outer_medullary,Lineage1,C4BPB,9,0.8500000000000001,,0,0.0,classical
FIB,outer_medullary,Lineage1,C4BPB,10,0.95,0.0,15,15.0,classical
FIB,outer_medullary,Lineage1,MBL2,1,0.05,0.0,21,20.65733288150766,lectin
FIB,outer_medullary,Lineage1,MBL2,2,0.15,0.0,31,28.982367890451428,lectin
FIB,outer_medullary,Lineage1,MBL2,3,0.25,0.0,23,22.132489524124708,lectin
FIB,outer_medullary,Lineage1,MBL2,4,0.35,0.0,52,43.09799546844159,lectin
FIB,outer_medullary,Lineage1,MBL2,5,0.45,0.0,63,58.75865565513363,lectin
FIB,outer_medullary,Lineage1,MBL2,6,0.55,0.0,39,39.0,lectin
FIB,outer_medullary,Lineage1,MBL2,7,0.6500000000000001,0.0,14,14.0,lectin
FIB,outer_medullary,Lineage1,MBL2,8,0.75,0.0,4,4.0,lectin
FIB,outer_medullary,Lineage1,MBL2,9,0.8500000000000001,,0,0.0,lectin
FIB,outer_medullary,Lineage1,MBL2,10,0.95,0.0,15,15.0,lectin
FIB,outer_medullary,Lineage1,FCN1,1,0.05,0.0055421180922417,21,20.65733288150766,lectin
FIB,outer_medullary,Lineage1,FCN1,2,0.15,0.0053562840153333,31,28.982367890451428,lectin
FIB,outer_medullary,Lineage1,FCN1,3,0.25,0.0016559234962872,23,22.132489524124708,lectin
FIB,outer_medullary,Lineage1,FCN1,4,0.35,0.0090601125073059,52,43.09799546844159,lectin
FIB,outer_medullary,Lineage1,FCN1,5,0.45,0.0003164376340289,63,58.75865565513363,lectin
FIB,outer_medullary,Lineage1,FCN1,6,0.55,0.0046712544632137,39,39.0,lectin
FIB,outer_medullary,Lineage1,FCN1,7,0.6500000000000001,0.0025054237481078,14,14.0,lectin
FIB,outer_medullary,Lineage1,FCN1,8,0.75,0.0163030371617613,4,4.0,lectin
FIB,outer_medullary,Lineage1,FCN1,9,0.8500000000000001,,0,0.0,lectin
FIB,outer_medullary,Lineage1,FCN1,10,0.95,0.0863238385177095,15,15.0,lectin
FIB,outer_medullary,Lineage1,FCN2,1,0.05,0.0,21,20.65733288150766,lectin
FIB,outer_medullary,Lineage1,FCN2,2,0.15,0.0,31,28.982367890451428,lectin
FIB,outer_medullary,Lineage1,FCN2,3,0.25,0.0,23,22.132489524124708,lectin
FIB,outer_medullary,Lineage1,FCN2,4,0.35,0.0,52,43.09799546844159,lectin
FIB,outer_medullary,Lineage1,FCN2,5,0.45,0.0,63,58.75865565513363,lectin
FIB,outer_medullary,Lineage1,FCN2,6,0.55,0.0,39,39.0,lectin
FIB,outer_medullary,Lineage1,FCN2,7,0.6500000000000001,0.0,14,14.0,lectin
FIB,outer_medullary,Lineage1,FCN2,8,0.75,0.0,4,4.0,lectin
FIB,outer_medullary,Lineage1,FCN2,9,0.8500000000000001,,0,0.0,lectin
FIB,outer_medullary,Lineage1,FCN2,10,0.95,0.0,15,15.0,lectin
FIB,outer_medullary,Lineage1,FCN3,1,0.05,0.0045054324298977,21,20.65733288150766,lectin
FIB,outer_medullary,Lineage1,FCN3,2,0.15,0.0017712643233223,31,28.982367890451428,lectin
FIB,outer_medullary,Lineage1,FCN3,3,0.25,0.0078893086013234,23,22.132489524124708,lectin
FIB,outer_medullary,Lineage1,FCN3,4,0.35,0.0073973829565074,52,43.09799546844159,lectin
FIB,outer_medullary,Lineage1,FCN3,5,0.45,0.0182085496107688,63,58.75865565513363,lectin
FIB,outer_medullary,Lineage1,FCN3,6,0.55,0.0142137219790233,39,39.0,lectin
FIB,outer_medullary,Lineage1,FCN3,7,0.6500000000000001,0.0,14,14.0,lectin
FIB,outer_medullary,Lineage1,FCN3,8,0.75,0.0,4,4.0,lectin
FIB,outer_medullary,Lineage1,FCN3,9,0.8500000000000001,,0,0.0,lectin
FIB,outer_medullary,Lineage1,FCN3,10,0.95,0.0906295858014793,15,15.0,lectin
FIB,outer_medullary,Lineage1,MASP1,1,0.05,0.009056674879452,21,20.65733288150766,lectin
FIB,outer_medullary,Lineage1,MASP1,2,0.15,0.0285997450601846,31,28.982367890451428,lectin
FIB,outer_medullary,Lineage1,MASP1,3,0.25,0.0058919871807396,23,22.132489524124708,lectin
FIB,outer_medullary,Lineage1,MASP1,4,0.35,0.0063171688488922,52,43.09799546844159,lectin
FIB,outer_medullary,Lineage1,MASP1,5,0.45,0.0049838887945468,63,58.75865565513363,lectin
FIB,outer_medullary,Lineage1,MASP1,6,0.55,0.0005086208609595,39,39.0,lectin
FIB,outer_medullary,Lineage1,MASP1,7,0.6500000000000001,0.0030758861523659,14,14.0,lectin
FIB,outer_medullary,Lineage1,MASP1,8,0.75,0.0480118527532098,4,4.0,lectin
FIB,outer_medullary,Lineage1,MASP1,9,0.8500000000000001,,0,0.0,lectin
FIB,outer_medullary,Lineage1,MASP1,10,0.95,0.0376398489030404,15,15.0,lectin
FIB,outer_medullary,Lineage1,MASP2,1,0.05,0.0011305128410077,21,20.65733288150766,lectin
FIB,outer_medullary,Lineage1,MASP2,2,0.15,0.0070733307215641,31,28.982367890451428,lectin
FIB,outer_medullary,Lineage1,MASP2,3,0.25,0.0120002118530935,23,22.132489524124708,lectin
FIB,outer_medullary,Lineage1,MASP2,4,0.35,0.0075729718371982,52,43.09799546844159,lectin
FIB,outer_medullary,Lineage1,MASP2,5,0.45,0.0135704085038271,63,58.75865565513363,lectin
FIB,outer_medullary,Lineage1,MASP2,6,0.55,0.0153923611970542,39,39.0,lectin
FIB,outer_medullary,Lineage1,MASP2,7,0.6500000000000001,0.0,14,14.0,lectin
FIB,outer_medullary,Lineage1,MASP2,8,0.75,0.0,4,4.0,lectin
FIB,outer_medullary,Lineage1,MASP2,9,0.8500000000000001,,0,0.0,lectin
FIB,outer_medullary,Lineage1,MASP2,10,0.95,0.0,15,15.0,lectin
FIB,outer_medullary,Lineage1,C3,1,0.05,0.0162738693748652,21,20.65733288150766,alternative
FIB,outer_medullary,Lineage1,C3,2,0.15,0.0125230801505689,31,28.982367890451428,alternative
FIB,outer_medullary,Lineage1,C3,3,0.25,0.0066104038350554,23,22.132489524124708,alternative
FIB,outer_medullary,Lineage1,C3,4,0.35,0.0106526400490705,52,43.09799546844159,alternative
FIB,outer_medullary,Lineage1,C3,5,0.45,0.0676623875463568,63,58.75865565513363,alternative
FIB,outer_medullary,Lineage1,C3,6,0.55,0.0440916150806358,39,39.0,alternative
FIB,outer_medullary,Lineage1,C3,7,0.6500000000000001,0.160950156962479,14,14.0,alternative
FIB,outer_medullary,Lineage1,C3,8,0.75,0.0460725961111479,4,4.0,alternative
FIB,outer_medullary,Lineage1,C3,9,0.8500000000000001,,0,0.0,alternative
FIB,outer_medullary,Lineage1,C3,10,0.95,0.5115708449428512,15,15.0,alternative
FIB,outer_medullary,Lineage1,CFB,1,0.05,0.080986647173408,21,20.65733288150766,alternative
FIB,outer_medullary,Lineage1,CFB,2,0.15,0.0775112231242565,31,28.982367890451428,alternative
FIB,outer_medullary,Lineage1,CFB,3,0.25,0.0942338268748941,23,22.132489524124708,alternative
FIB,outer_medullary,Lineage1,CFB,4,0.35,0.1174994926807246,52,43.09799546844159,alternative
FIB,outer_medullary,Lineage1,CFB,5,0.45,0.1804494624891659,63,58.75865565513363,alternative
FIB,outer_medullary,Lineage1,CFB,6,0.55,0.1735033123875138,39,39.0,alternative
FIB,outer_medullary,Lineage1,CFB,7,0.6500000000000001,0.13795144924568,14,14.0,alternative
FIB,outer_medullary,Lineage1,CFB,8,0.75,0.0685540859456111,4,4.0,alternative
FIB,outer_medullary,Lineage1,CFB,9,0.8500000000000001,,0,0.0,alternative
FIB,outer_medullary,Lineage1,CFB,10,0.95,0.6701978054561268,15,15.0,alternative
FIB,outer_medullary,Lineage1,CFD,1,0.05,0.0633031027197099,21,20.65733288150766,alternative
FIB,outer_medullary,Lineage1,CFD,2,0.15,0.09465913974288,31,28.982367890451428,alternative
FIB,outer_medullary,Lineage1,CFD,3,0.25,0.1870402045909266,23,22.132489524124708,alternative
FIB,outer_medullary,Lineage1,CFD,4,0.35,0.2112502681845372,52,43.09799546844159,alternative
FIB,outer_medullary,Lineage1,CFD,5,0.45,0.2507388821556252,63,58.75865565513363,alternative
FIB,outer_medullary,Lineage1,CFD,6,0.55,0.1945162784110815,39,39.0,alternative
FIB,outer_medullary,Lineage1,CFD,7,0.6500000000000001,0.2291981180395428,14,14.0,alternative
FIB,outer_medullary,Lineage1,CFD,8,0.75,0.0923726250161059,4,4.0,alternative
FIB,outer_medullary,Lineage1,CFD,9,0.8500000000000001,,0,0.0,alternative
FIB,outer_medullary,Lineage1,CFD,10,0.95,0.5489615656617729,15,15.0,alternative
FIB,outer_medullary,Lineage1,CFP,1,0.05,0.0095945894487479,21,20.65733288150766,alternative
FIB,outer_medullary,Lineage1,CFP,2,0.15,0.0038976465529302,31,28.982367890451428,alternative
FIB,outer_medullary,Lineage1,CFP,3,0.25,0.0012297175749494,23,22.132489524124708,alternative
FIB,outer_medullary,Lineage1,CFP,4,0.35,0.0042917965016819,52,43.09799546844159,alternative
FIB,outer_medullary,Lineage1,CFP,5,0.45,0.005251789520747,63,58.75865565513363,alternative
FIB,outer_medullary,Lineage1,CFP,6,0.55,0.0068568575478741,39,39.0,alternative
FIB,outer_medullary,Lineage1,CFP,7,0.6500000000000001,0.0076132505002074,14,14.0,alternative
FIB,outer_medullary,Lineage1,CFP,8,0.75,0.0,4,4.0,alternative
FIB,outer_medullary,Lineage1,CFP,9,0.8500000000000001,,0,0.0,alternative
FIB,outer_medullary,Lineage1,CFP,10,0.95,0.0,15,15.0,alternative
FIB,outer_medullary,Lineage1,C5,1,0.05,0.3578217519997107,21,20.65733288150766,terminal
FIB,outer_medullary,Lineage1,C5,2,0.15,0.358729951588313,31,28.982367890451428,terminal
FIB,outer_medullary,Lineage1,C5,3,0.25,0.3519966671916118,23,22.132489524124708,terminal
FIB,outer_medullary,Lineage1,C5,4,0.35,0.3090760166146516,52,43.09799546844159,terminal
FIB,outer_medullary,Lineage1,C5,5,0.45,0.2792371536098981,63,58.75865565513363,terminal
FIB,outer_medullary,Lineage1,C5,6,0.55,0.3422806739284254,39,39.0,terminal
FIB,outer_medullary,Lineage1,C5,7,0.6500000000000001,0.2994661324290713,14,14.0,terminal
FIB,outer_medullary,Lineage1,C5,8,0.75,0.224871037561319,4,4.0,terminal
FIB,outer_medullary,Lineage1,C5,9,0.8500000000000001,,0,0.0,terminal
FIB,outer_medullary,Lineage1,C5,10,0.95,0.144197870048267,15,15.0,terminal
FIB,outer_medullary,Lineage1,C6,1,0.05,0.1295378349107623,21,20.65733288150766,terminal
FIB,outer_medullary,Lineage1,C6,2,0.15,0.0772306521057455,31,28.982367890451428,terminal
FIB,outer_medullary,Lineage1,C6,3,0.25,0.1312157106565654,23,22.132489524124708,terminal
FIB,outer_medullary,Lineage1,C6,4,0.35,0.0782854080169948,52,43.09799546844159,terminal
FIB,outer_medullary,Lineage1,C6,5,0.45,0.111994173647201,63,58.75865565513363,terminal
FIB,outer_medullary,Lineage1,C6,6,0.55,0.1152920312690216,39,39.0,terminal
FIB,outer_medullary,Lineage1,C6,7,0.6500000000000001,0.169791523367666,14,14.0,terminal
FIB,outer_medullary,Lineage1,C6,8,0.75,0.0319175658351013,4,4.0,terminal
FIB,outer_medullary,Lineage1,C6,9,0.8500000000000001,,0,0.0,terminal
FIB,outer_medullary,Lineage1,C6,10,0.95,0.092155799671866,15,15.0,terminal
FIB,outer_medullary,Lineage1,C7,1,0.05,3.29586036488021,21,20.65733288150766,terminal
FIB,outer_medullary,Lineage1,C7,2,0.15,3.214838502748074,31,28.982367890451428,terminal
FIB,outer_medullary,Lineage1,C7,3,0.25,3.2021969395146805,23,22.132489524124708,terminal
FIB,outer_medullary,Lineage1,C7,4,0.35,2.834662609533703,52,43.09799546844159,terminal
FIB,outer_medullary,Lineage1,C7,5,0.45,2.827145377024195,63,58.75865565513363,terminal
FIB,outer_medullary,Lineage1,C7,6,0.55,3.173897584488107,39,39.0,terminal
FIB,outer_medullary,Lineage1,C7,7,0.6500000000000001,3.243118383546352,14,14.0,terminal
FIB,outer_medullary,Lineage1,C7,8,0.75,2.776522796549888,4,4.0,terminal
FIB,outer_medullary,Lineage1,C7,9,0.8500000000000001,,0,0.0,terminal
FIB,outer_medullary,Lineage1,C7,10,0.95,3.0822857366006224,15,15.0,terminal
FIB,outer_medullary,Lineage1,C8A,1,0.05,0.0,21,20.65733288150766,terminal
FIB,outer_medullary,Lineage1,C8A,2,0.15,0.0010838376914817,31,28.982367890451428,terminal
FIB,outer_medullary,Lineage1,C8A,3,0.25,0.0052360722122314,23,22.132489524124708,terminal
FIB,outer_medullary,Lineage1,C8A,4,0.35,0.0030420289331683,52,43.09799546844159,terminal
FIB,outer_medullary,Lineage1,C8A,5,0.45,0.0011588348669464,63,58.75865565513363,terminal
FIB,outer_medullary,Lineage1,C8A,6,0.55,0.0016547804582438,39,39.0,terminal
FIB,outer_medullary,Lineage1,C8A,7,0.6500000000000001,0.0,14,14.0,terminal
FIB,outer_medullary,Lineage1,C8A,8,0.75,0.0,4,4.0,terminal
FIB,outer_medullary,Lineage1,C8A,9,0.8500000000000001,,0,0.0,terminal
FIB,outer_medullary,Lineage1,C8A,10,0.95,0.0,15,15.0,terminal
FIB,outer_medullary,Lineage1,C8B,1,0.05,0.0,21,20.65733288150766,terminal
FIB,outer_medullary,Lineage1,C8B,2,0.15,0.0010838376914817,31,28.982367890451428,terminal
FIB,outer_medullary,Lineage1,C8B,3,0.25,0.0,23,22.132489524124708,terminal
FIB,outer_medullary,Lineage1,C8B,4,0.35,0.0,52,43.09799546844159,terminal
FIB,outer_medullary,Lineage1,C8B,5,0.45,0.0,63,58.75865565513363,terminal
FIB,outer_medullary,Lineage1,C8B,6,0.55,0.0,39,39.0,terminal
FIB,outer_medullary,Lineage1,C8B,7,0.6500000000000001,0.0,14,14.0,terminal
FIB,outer_medullary,Lineage1,C8B,8,0.75,0.0,4,4.0,terminal
FIB,outer_medullary,Lineage1,C8B,9,0.8500000000000001,,0,0.0,terminal
FIB,outer_medullary,Lineage1,C8B,10,0.95,0.0104983860410902,15,15.0,terminal
FIB,outer_medullary,Lineage1,C8G,1,0.05,0.0,21,20.65733288150766,terminal
FIB,outer_medullary,Lineage1,C8G,2,0.15,0.0064679583837968,31,28.982367890451428,terminal
FIB,outer_medullary,Lineage1,C8G,3,0.25,0.0,23,22.132489524124708,terminal
FIB,outer_medullary,Lineage1,C8G,4,0.35,0.0006044677500517,52,43.09799546844159,terminal
FIB,outer_medullary,Lineage1,C8G,5,0.45,0.0028523822216776,63,58.75865565513363,terminal
FIB,outer_medullary,Lineage1,C8G,6,0.55,0.0014732485842231,39,39.0,terminal
FIB,outer_medullary,Lineage1,C8G,7,0.6500000000000001,0.0034847906519803,14,14.0,terminal
FIB,outer_medullary,Lineage1,C8G,8,0.75,0.0,4,4.0,terminal
FIB,outer_medullary,Lineage1,C8G,9,0.8500000000000001,,0,0.0,terminal
FIB,outer_medullary,Lineage1,C8G,10,0.95,0.0,15,15.0,terminal
FIB,outer_medullary,Lineage1,C9,1,0.05,0.0212432552416234,21,20.65733288150766,terminal
FIB,outer_medullary,Lineage1,C9,2,0.15,0.0161852471785435,31,28.982367890451428,terminal
FIB,outer_medullary,Lineage1,C9,3,0.25,0.0197975735648016,23,22.132489524124708,terminal
FIB,outer_medullary,Lineage1,C9,4,0.35,0.0150950482355345,52,43.09799546844159,terminal
FIB,outer_medullary,Lineage1,C9,5,0.45,0.0181704780223499,63,58.75865565513363,terminal
FIB,outer_medullary,Lineage1,C9,6,0.55,0.0340092630003592,39,39.0,terminal
FIB,outer_medullary,Lineage1,C9,7,0.6500000000000001,0.0413837190193862,14,14.0,terminal
FIB,outer_medullary,Lineage1,C9,8,0.75,0.0112419914772072,4,4.0,terminal
FIB,outer_medullary,Lineage1,C9,9,0.8500000000000001,,0,0.0,terminal
FIB,outer_medullary,Lineage1,C9,10,0.95,0.0680004331175425,15,15.0,terminal
FIB,outer_medullary,Lineage1,C3AR1,1,0.05,0.0072152051334118,21,20.65733288150766,receptor
FIB,outer_medullary,Lineage1,C3AR1,2,0.15,0.0123401455192628,31,28.982367890451428,receptor
FIB,outer_medullary,Lineage1,C3AR1,3,0.25,0.0133237780242819,23,22.132489524124708,receptor
FIB,outer_medullary,Lineage1,C3AR1,4,0.35,0.0223761123193548,52,43.09799546844159,receptor
FIB,outer_medullary,Lineage1,C3AR1,5,0.45,0.0118970240776653,63,58.75865565513363,receptor
FIB,outer_medullary,Lineage1,C3AR1,6,0.55,0.011183152613767,39,39.0,receptor
FIB,outer_medullary,Lineage1,C3AR1,7,0.6500000000000001,0.0063008846824555,14,14.0,receptor
FIB,outer_medullary,Lineage1,C3AR1,8,0.75,0.0043725371961327,4,4.0,receptor
FIB,outer_medullary,Lineage1,C3AR1,9,0.8500000000000001,,0,0.0,receptor
FIB,outer_medullary,Lineage1,C3AR1,10,0.95,0.1493664264873709,15,15.0,receptor
FIB,outer_medullary,Lineage1,C5AR1,1,0.05,0.0930001371171095,21,20.65733288150766,receptor
FIB,outer_medullary,Lineage1,C5AR1,2,0.15,0.0933772214207713,31,28.982367890451428,receptor
FIB,outer_medullary,Lineage1,C5AR1,3,0.25,0.0470942787659932,23,22.132489524124708,receptor
FIB,outer_medullary,Lineage1,C5AR1,4,0.35,0.0594445311412186,52,43.09799546844159,receptor
FIB,outer_medullary,Lineage1,C5AR1,5,0.45,0.0692179401290953,63,58.75865565513363,receptor
FIB,outer_medullary,Lineage1,C5AR1,6,0.55,0.112912307076797,39,39.0,receptor
FIB,outer_medullary,Lineage1,C5AR1,7,0.6500000000000001,0.2065859135029495,14,14.0,receptor
FIB,outer_medullary,Lineage1,C5AR1,8,0.75,0.2330753587922422,4,4.0,receptor
FIB,outer_medullary,Lineage1,C5AR1,9,0.8500000000000001,,0,0.0,receptor
FIB,outer_medullary,Lineage1,C5AR1,10,0.95,0.1101979366946365,15,15.0,receptor
FIB,outer_medullary,Lineage1,C5AR2,1,0.05,0.0105909088129666,21,20.65733288150766,receptor
FIB,outer_medullary,Lineage1,C5AR2,2,0.15,0.0094222070952254,31,28.982367890451428,receptor
FIB,outer_medullary,Lineage1,C5AR2,3,0.25,0.0041706359227423,23,22.132489524124708,receptor
FIB,outer_medullary,Lineage1,C5AR2,4,0.35,0.0055459256746987,52,43.09799546844159,receptor
FIB,outer_medullary,Lineage1,C5AR2,5,0.45,0.0031703262916993,63,58.75865565513363,receptor
FIB,outer_medullary,Lineage1,C5AR2,6,0.55,0.0060109282994692,39,39.0,receptor
FIB,outer_medullary,Lineage1,C5AR2,7,0.6500000000000001,0.0180512961944601,14,14.0,receptor
FIB,outer_medullary,Lineage1,C5AR2,8,0.75,0.0043725371961327,4,4.0,receptor
FIB,outer_medullary,Lineage1,C5AR2,9,0.8500000000000001,,0,0.0,receptor
FIB,outer_medullary,Lineage1,C5AR2,10,0.95,0.0193525985346203,15,15.0,receptor
FIB,outer_medullary,Lineage1,CR1,1,0.05,0.0026466156235735,21,20.65733288150766,receptor
FIB,outer_medullary,Lineage1,CR1,2,0.15,0.009002784455474,31,28.982367890451428,receptor
FIB,outer_medullary,Lineage1,CR1,3,0.25,0.0084237705666923,23,22.132489524124708,receptor
FIB,outer_medullary,Lineage1,CR1,4,0.35,0.0032335061209,52,43.09799546844159,receptor
FIB,outer_medullary,Lineage1,CR1,5,0.45,0.0082286022438995,63,58.75865565513363,receptor
FIB,outer_medullary,Lineage1,CR1,6,0.55,0.0258710996933873,39,39.0,receptor
FIB,outer_medullary,Lineage1,CR1,7,0.6500000000000001,0.0098554416483829,14,14.0,receptor
FIB,outer_medullary,Lineage1,CR1,8,0.75,0.0543357101653405,4,4.0,receptor
FIB,outer_medullary,Lineage1,CR1,9,0.8500000000000001,,0,0.0,receptor
FIB,outer_medullary,Lineage1,CR1,10,0.95,0.1355784605675308,15,15.0,receptor
FIB,outer_medullary,Lineage1,CR2,1,0.05,0.0,21,20.65733288150766,receptor
FIB,outer_medullary,Lineage1,CR2,2,0.15,0.0046125250229793,31,28.982367890451428,receptor
FIB,outer_medullary,Lineage1,CR2,3,0.25,0.0,23,22.132489524124708,receptor
FIB,outer_medullary,Lineage1,CR2,4,0.35,0.0,52,43.09799546844159,receptor
FIB,outer_medullary,Lineage1,CR2,5,0.45,0.0007927646634018,63,58.75865565513363,receptor
FIB,outer_medullary,Lineage1,CR2,6,0.55,0.0,39,39.0,receptor
FIB,outer_medullary,Lineage1,CR2,7,0.6500000000000001,0.0239456695462138,14,14.0,receptor
FIB,outer_medullary,Lineage1,CR2,8,0.75,0.0380326730035792,4,4.0,receptor
FIB,outer_medullary,Lineage1,CR2,9,0.8500000000000001,,0,0.0,receptor
FIB,outer_medullary,Lineage1,CR2,10,0.95,0.0172399006824568,15,15.0,receptor
FIB,outer_medullary,Lineage1,ITGAM,1,0.05,0.0013057827400843,21,20.65733288150766,receptor
FIB,outer_medullary,Lineage1,ITGAM,2,0.15,0.0043365924187236,31,28.982367890451428,receptor
FIB,outer_medullary,Lineage1,ITGAM,3,0.25,0.0,23,22.132489524124708,receptor
FIB,outer_medullary,Lineage1,ITGAM,4,0.35,0.0082311989375215,52,43.09799546844159,receptor
FIB,outer_medullary,Lineage1,ITGAM,5,0.45,0.0067050703018861,63,58.75865565513363,receptor
FIB,outer_medullary,Lineage1,ITGAM,6,0.55,0.013338145475141,39,39.0,receptor
FIB,outer_medullary,Lineage1,ITGAM,7,0.6500000000000001,0.0161755294749718,14,14.0,receptor
FIB,outer_medullary,Lineage1,ITGAM,8,0.75,0.0082843895499689,4,4.0,receptor
FIB,outer_medullary,Lineage1,ITGAM,9,0.8500000000000001,,0,0.0,receptor
FIB,outer_medullary,Lineage1,ITGAM,10,0.95,0.0877947290645259,15,15.0,receptor
FIB,outer_medullary,Lineage1,ITGAX,1,0.05,0.0009839558248216,21,20.65733288150766,receptor
FIB,outer_medullary,Lineage1,ITGAX,2,0.15,0.0,31,28.982367890451428,receptor
FIB,outer_medullary,Lineage1,ITGAX,3,0.25,0.0,23,22.132489524124708,receptor
FIB,outer_medullary,Lineage1,ITGAX,4,0.35,0.0047910408130776,52,43.09799546844159,receptor
FIB,outer_medullary,Lineage1,ITGAX,5,0.45,0.0023630662887159,63,58.75865565513363,receptor
FIB,outer_medullary,Lineage1,ITGAX,6,0.55,0.0031126867576446,39,39.0,receptor
FIB,outer_medullary,Lineage1,ITGAX,7,0.6500000000000001,0.0,14,14.0,receptor
FIB,outer_medullary,Lineage1,ITGAX,8,0.75,0.0531865168346226,4,4.0,receptor
FIB,outer_medullary,Lineage1,ITGAX,9,0.8500000000000001,,0,0.0,receptor
FIB,outer_medullary,Lineage1,ITGAX,10,0.95,0.0502273494148309,15,15.0,receptor
FIB,outer_medullary,Lineage1,VSIG4,1,0.05,0.0071822057157209,21,20.65733288150766,receptor
FIB,outer_medullary,Lineage1,VSIG4,2,0.15,0.0146587578120584,31,28.982367890451428,receptor
FIB,outer_medullary,Lineage1,VSIG4,3,0.25,0.0015442580508363,23,22.132489524124708,receptor
FIB,outer_medullary,Lineage1,VSIG4,4,0.35,0.0096390715726202,52,43.09799546844159,receptor
FIB,outer_medullary,Lineage1,VSIG4,5,0.45,0.0228128080850577,63,58.75865565513363,receptor
FIB,outer_medullary,Lineage1,VSIG4,6,0.55,0.0107515941598231,39,39.0,receptor
FIB,outer_medullary,Lineage1,VSIG4,7,0.6500000000000001,0.0218162515342074,14,14.0,receptor
FIB,outer_medullary,Lineage1,VSIG4,8,0.75,0.0112419914772072,4,4.0,receptor
FIB,outer_medullary,Lineage1,VSIG4,9,0.8500000000000001,,0,0.0,receptor
FIB,outer_medullary,Lineage1,VSIG4,10,0.95,0.0212346676919452,15,15.0,receptor
FIB,outer_medullary,Lineage1,CFH,1,0.05,0.2760927877707431,21,20.65733288150766,regulator
FIB,outer_medullary,Lineage1,CFH,2,0.15,0.4403204343796508,31,28.982367890451428,regulator
FIB,outer_medullary,Lineage1,CFH,3,0.25,0.4617428620408665,23,22.132489524124708,regulator
FIB,outer_medullary,Lineage1,CFH,4,0.35,0.36202168691131,52,43.09799546844159,regulator
FIB,outer_medullary,Lineage1,CFH,5,0.45,0.4488252307039844,63,58.75865565513363,regulator
FIB,outer_medullary,Lineage1,CFH,6,0.55,0.5222185769638857,39,39.0,regulator
FIB,outer_medullary,Lineage1,CFH,7,0.6500000000000001,0.7356682312350031,14,14.0,regulator
FIB,outer_medullary,Lineage1,CFH,8,0.75,0.8545112243860052,4,4.0,regulator
FIB,outer_medullary,Lineage1,CFH,9,0.8500000000000001,,0,0.0,regulator
FIB,outer_medullary,Lineage1,CFH,10,0.95,1.3996722598906193,15,15.0,regulator
FIB,outer_medullary,Lineage1,CFI,1,0.05,0.1671073429091884,21,20.65733288150766,regulator
FIB,outer_medullary,Lineage1,CFI,2,0.15,0.1990209072277995,31,28.982367890451428,regulator
FIB,outer_medullary,Lineage1,CFI,3,0.25,0.2835028164711136,23,22.132489524124708,regulator
FIB,outer_medullary,Lineage1,CFI,4,0.35,0.3462620799876766,52,43.09799546844159,regulator
FIB,outer_medullary,Lineage1,CFI,5,0.45,0.5890638324774142,63,58.75865565513363,regulator
FIB,outer_medullary,Lineage1,CFI,6,0.55,0.390124031119743,39,39.0,regulator
FIB,outer_medullary,Lineage1,CFI,7,0.6500000000000001,0.443937901600849,14,14.0,regulator
FIB,outer_medullary,Lineage1,CFI,8,0.75,0.2433389230973691,4,4.0,regulator
FIB,outer_medullary,Lineage1,CFI,9,0.8500000000000001,,0,0.0,regulator
FIB,outer_medullary,Lineage1,CFI,10,0.95,1.22905223836593,15,15.0,regulator
FIB,outer_medullary,Lineage1,CD46,1,0.05,1.71219593130972,21,20.65733288150766,regulator
FIB,outer_medullary,Lineage1,CD46,2,0.15,1.7459847548027645,31,28.982367890451428,regulator
FIB,outer_medullary,Lineage1,CD46,3,0.25,1.8966217239463428,23,22.132489524124708,regulator
FIB,outer_medullary,Lineage1,CD46,4,0.35,1.907527120631067,52,43.09799546844159,regulator
FIB,outer_medullary,Lineage1,CD46,5,0.45,1.8585929473564404,63,58.75865565513363,regulator
FIB,outer_medullary,Lineage1,CD46,6,0.55,1.6832687923938414,39,39.0,regulator
FIB,outer_medullary,Lineage1,CD46,7,0.6500000000000001,1.384525602479528,14,14.0,regulator
FIB,outer_medullary,Lineage1,CD46,8,0.75,1.3255473699271023,4,4.0,regulator
FIB,outer_medullary,Lineage1,CD46,9,0.8500000000000001,,0,0.0,regulator
FIB,outer_medullary,Lineage1,CD46,10,0.95,1.4249738319628522,15,15.0,regulator
FIB,outer_medullary,Lineage1,CD55,1,0.05,0.2148169256054203,21,20.65733288150766,regulator
FIB,outer_medullary,Lineage1,CD55,2,0.15,0.1762719882511627,31,28.982367890451428,regulator
FIB,outer_medullary,Lineage1,CD55,3,0.25,0.1980316330151244,23,22.132489524124708,regulator
FIB,outer_medullary,Lineage1,CD55,4,0.35,0.1890165173909624,52,43.09799546844159,regulator
FIB,outer_medullary,Lineage1,CD55,5,0.45,0.1977890315635644,63,58.75865565513363,regulator
FIB,outer_medullary,Lineage1,CD55,6,0.55,0.2526057276601766,39,39.0,regulator
FIB,outer_medullary,Lineage1,CD55,7,0.6500000000000001,0.1931526171837655,14,14.0,regulator
FIB,outer_medullary,Lineage1,CD55,8,0.75,0.5699212123508495,4,4.0,regulator
FIB,outer_medullary,Lineage1,CD55,9,0.8500000000000001,,0,0.0,regulator
FIB,outer_medullary,Lineage1,CD55,10,0.95,0.4450173259392964,15,15.0,regulator
FIB,outer_medullary,Lineage1,CD59,1,0.05,0.4817617939891626,21,20.65733288150766,regulator
FIB,outer_medullary,Lineage1,CD59,2,0.15,0.5987764698625797,31,28.982367890451428,regulator
FIB,outer_medullary,Lineage1,CD59,3,0.25,0.6701798850410913,23,22.132489524124708,regulator
FIB,outer_medullary,Lineage1,CD59,4,0.35,0.7118840194372537,52,43.09799546844159,regulator
FIB,outer_medullary,Lineage1,CD59,5,0.45,0.8117000062576748,63,58.75865565513363,regulator
FIB,outer_medullary,Lineage1,CD59,6,0.55,0.662112803390074,39,39.0,regulator
FIB,outer_medullary,Lineage1,CD59,7,0.6500000000000001,0.5415242425256589,14,14.0,regulator
FIB,outer_medullary,Lineage1,CD59,8,0.75,0.7038777280778674,4,4.0,regulator
FIB,outer_medullary,Lineage1,CD59,9,0.8500000000000001,,0,0.0,regulator
FIB,outer_medullary,Lineage1,CD59,10,0.95,1.8071909929141787,15,15.0,regulator
FIB,outer_medullary,Lineage1,SERPING1,1,0.05,0.5368933096139136,21,20.65733288150766,regulator
FIB,outer_medullary,Lineage1,SERPING1,2,0.15,0.5117151142902923,31,28.982367890451428,regulator
FIB,outer_medullary,Lineage1,SERPING1,3,0.25,0.6994499503705549,23,22.132489524124708,regulator
FIB,outer_medullary,Lineage1,SERPING1,4,0.35,0.6514129271118193,52,43.09799546844159,regulator
FIB,outer_medullary,Lineage1,SERPING1,5,0.45,0.9032013877598096,63,58.75865565513363,regulator
FIB,outer_medullary,Lineage1,SERPING1,6,0.55,0.7868141784615095,39,39.0,regulator
FIB,outer_medullary,Lineage1,SERPING1,7,0.6500000000000001,0.7428895590057344,14,14.0,regulator
FIB,outer_medullary,Lineage1,SERPING1,8,0.75,0.7807968453090239,4,4.0,regulator
FIB,outer_medullary,Lineage1,SERPING1,9,0.8500000000000001,,0,0.0,regulator
FIB,outer_medullary,Lineage1,SERPING1,10,0.95,2.0213667164747777,15,15.0,regulator
FIB,outer_medullary,Lineage1,CFHR1,1,0.05,0.0017563600276684,21,20.65733288150766,cfhr
FIB,outer_medullary,Lineage1,CFHR1,2,0.15,0.0054604909809881,31,28.982367890451428,cfhr
FIB,outer_medullary,Lineage1,CFHR1,3,0.25,0.0093358619571013,23,22.132489524124708,cfhr
FIB,outer_medullary,Lineage1,CFHR1,4,0.35,0.0079131855990894,52,43.09799546844159,cfhr
FIB,outer_medullary,Lineage1,CFHR1,5,0.45,0.0106626070048153,63,58.75865565513363,cfhr
FIB,outer_medullary,Lineage1,CFHR1,6,0.55,0.0398640954463907,39,39.0,cfhr
FIB,outer_medullary,Lineage1,CFHR1,7,0.6500000000000001,0.0785530446294867,14,14.0,cfhr
FIB,outer_medullary,Lineage1,CFHR1,8,0.75,0.0460292223531572,4,4.0,cfhr
FIB,outer_medullary,Lineage1,CFHR1,9,0.8500000000000001,,0,0.0,cfhr
FIB,outer_medullary,Lineage1,CFHR1,10,0.95,0.2431282975174897,15,15.0,cfhr
FIB,outer_medullary,Lineage1,CFHR2,1,0.05,0.0,21,20.65733288150766,cfhr
FIB,outer_medullary,Lineage1,CFHR2,2,0.15,0.0,31,28.982367890451428,cfhr
FIB,outer_medullary,Lineage1,CFHR2,3,0.25,0.0,23,22.132489524124708,cfhr
FIB,outer_medullary,Lineage1,CFHR2,4,0.35,0.0,52,43.09799546844159,cfhr
FIB,outer_medullary,Lineage1,CFHR2,5,0.45,0.0,63,58.75865565513363,cfhr
FIB,outer_medullary,Lineage1,CFHR2,6,0.55,0.0014189997664161,39,39.0,cfhr
FIB,outer_medullary,Lineage1,CFHR2,7,0.6500000000000001,0.0,14,14.0,cfhr
FIB,outer_medullary,Lineage1,CFHR2,8,0.75,0.0,4,4.0,cfhr
FIB,outer_medullary,Lineage1,CFHR2,9,0.8500000000000001,,0,0.0,cfhr
FIB,outer_medullary,Lineage1,CFHR2,10,0.95,0.0128221331319606,15,15.0,cfhr
FIB,outer_medullary,Lineage1,CFHR3,1,0.05,0.0,21,20.65733288150766,cfhr
FIB,outer_medullary,Lineage1,CFHR3,2,0.15,0.0100849582435898,31,28.982367890451428,cfhr
FIB,outer_medullary,Lineage1,CFHR3,3,0.25,0.0126522701915163,23,22.132489524124708,cfhr
FIB,outer_medullary,Lineage1,CFHR3,4,0.35,0.0062158724074395,52,43.09799546844159,cfhr
FIB,outer_medullary,Lineage1,CFHR3,5,0.45,0.0079030331144154,63,58.75865565513363,cfhr
FIB,outer_medullary,Lineage1,CFHR3,6,0.55,0.0235865708076527,39,39.0,cfhr
FIB,outer_medullary,Lineage1,CFHR3,7,0.6500000000000001,0.0139266009661768,14,14.0,cfhr
FIB,outer_medullary,Lineage1,CFHR3,8,0.75,0.0195263810271761,4,4.0,cfhr
FIB,outer_medullary,Lineage1,CFHR3,9,0.8500000000000001,,0,0.0,cfhr
FIB,outer_medullary,Lineage1,CFHR3,10,0.95,0.0,15,15.0,cfhr
FIB,outer_medullary,Lineage1,CFHR4,1,0.05,0.0,21,20.65733288150766,cfhr
FIB,outer_medullary,Lineage1,CFHR4,2,0.15,0.0065744968461605,31,28.982367890451428,cfhr
FIB,outer_medullary,Lineage1,CFHR4,3,0.25,0.0,23,22.132489524124708,cfhr
FIB,outer_medullary,Lineage1,CFHR4,4,0.35,0.002687206250849,52,43.09799546844159,cfhr
FIB,outer_medullary,Lineage1,CFHR4,5,0.45,0.004949819494426,63,58.75865565513363,cfhr
FIB,outer_medullary,Lineage1,CFHR4,6,0.55,0.0130589597618274,39,39.0,cfhr
FIB,outer_medullary,Lineage1,CFHR4,7,0.6500000000000001,0.035672642964068,14,14.0,cfhr
FIB,outer_medullary,Lineage1,CFHR4,8,0.75,0.0082843895499689,4,4.0,cfhr
FIB,outer_medullary,Lineage1,CFHR4,9,0.8500000000000001,,0,0.0,cfhr
FIB,outer_medullary,Lineage1,CFHR4,10,0.95,0.0209292637116273,15,15.0,cfhr
FIB,outer_medullary,Lineage1,CFHR5,1,0.05,0.0,21,20.65733288150766,cfhr
FIB,outer_medullary,Lineage1,CFHR5,2,0.15,0.0,31,28.982367890451428,cfhr
FIB,outer_medullary,Lineage1,CFHR5,3,0.25,0.0,23,22.132489524124708,cfhr
FIB,outer_medullary,Lineage1,CFHR5,4,0.35,0.0007343523093368,52,43.09799546844159,cfhr
FIB,outer_medullary,Lineage1,CFHR5,5,0.45,0.0,63,58.75865565513363,cfhr
FIB,outer_medullary,Lineage1,CFHR5,6,0.55,0.0,39,39.0,cfhr
FIB,outer_medullary,Lineage1,CFHR5,7,0.6500000000000001,0.0,14,14.0,cfhr
FIB,outer_medullary,Lineage1,CFHR5,8,0.75,0.0,4,4.0,cfhr
FIB,outer_medullary,Lineage1,CFHR5,9,0.8500000000000001,,0,0.0,cfhr
FIB,outer_medullary,Lineage1,CFHR5,10,0.95,0.0,15,15.0,cfhr
Glomerular,podocyte_PEC,Lineage2,C1QA,1,0.05,0.0082602504210946,40,30.66393920820844,classical
Glomerular,podocyte_PEC,Lineage2,C1QA,2,0.15,0.0182367476098989,32,30.51684501674831,classical
Glomerular,podocyte_PEC,Lineage2,C1QA,3,0.25,0.0189515090890848,40,38.81322826171976,classical
Glomerular,podocyte_PEC,Lineage2,C1QA,4,0.35,0.0204145624523441,33,33.0,classical
Glomerular,podocyte_PEC,Lineage2,C1QA,5,0.45,0.1096130509210501,19,19.0,classical
Glomerular,podocyte_PEC,Lineage2,C1QA,6,0.55,0.1084101251855267,21,21.0,classical
Glomerular,podocyte_PEC,Lineage2,C1QA,7,0.6500000000000001,0.0339029310481791,23,23.0,classical
Glomerular,podocyte_PEC,Lineage2,C1QA,8,0.75,0.0843507608146529,16,16.0,classical
Glomerular,podocyte_PEC,Lineage2,C1QA,9,0.8500000000000001,0.0752193130354989,7,7.0,classical
Glomerular,podocyte_PEC,Lineage2,C1QA,10,0.95,0.0,3,3.0,classical
Glomerular,podocyte_PEC,Lineage2,C1QB,1,0.05,0.0011419425463967,40,30.66393920820844,classical
Glomerular,podocyte_PEC,Lineage2,C1QB,2,0.15,0.0114058458203516,32,30.51684501674831,classical
Glomerular,podocyte_PEC,Lineage2,C1QB,3,0.25,0.002100792674017,40,38.81322826171976,classical
Glomerular,podocyte_PEC,Lineage2,C1QB,4,0.35,0.0225175351735187,33,33.0,classical
Glomerular,podocyte_PEC,Lineage2,C1QB,5,0.45,0.1241260831498427,19,19.0,classical
Glomerular,podocyte_PEC,Lineage2,C1QB,6,0.55,0.0538017752927671,21,21.0,classical
Glomerular,podocyte_PEC,Lineage2,C1QB,7,0.6500000000000001,0.0331606022316503,23,23.0,classical
Glomerular,podocyte_PEC,Lineage2,C1QB,8,0.75,0.0813780485599602,16,16.0,classical
Glomerular,podocyte_PEC,Lineage2,C1QB,9,0.8500000000000001,0.0474297698093651,7,7.0,classical
Glomerular,podocyte_PEC,Lineage2,C1QB,10,0.95,0.0040358891753174,3,3.0,classical
Glomerular,podocyte_PEC,Lineage2,C1QC,1,0.05,0.0,40,30.66393920820844,classical
Glomerular,podocyte_PEC,Lineage2,C1QC,2,0.15,0.0044072243830766,32,30.51684501674831,classical
Glomerular,podocyte_PEC,Lineage2,C1QC,3,0.25,0.0038846500948771,40,38.81322826171976,classical
Glomerular,podocyte_PEC,Lineage2,C1QC,4,0.35,0.0105245194739007,33,33.0,classical
Glomerular,podocyte_PEC,Lineage2,C1QC,5,0.45,0.0302041848659855,19,19.0,classical
Glomerular,podocyte_PEC,Lineage2,C1QC,6,0.55,0.0321153258715142,21,21.0,classical
Glomerular,podocyte_PEC,Lineage2,C1QC,7,0.6500000000000001,0.0142284393791661,23,23.0,classical
Glomerular,podocyte_PEC,Lineage2,C1QC,8,0.75,0.0570748555413692,16,16.0,classical
Glomerular,podocyte_PEC,Lineage2,C1QC,9,0.8500000000000001,0.0299734559580611,7,7.0,classical
Glomerular,podocyte_PEC,Lineage2,C1QC,10,0.95,0.0,3,3.0,classical
Glomerular,podocyte_PEC,Lineage2,C1R,1,0.05,0.209651515547173,40,30.66393920820844,classical
Glomerular,podocyte_PEC,Lineage2,C1R,2,0.15,0.2404901598735398,32,30.51684501674831,classical
Glomerular,podocyte_PEC,Lineage2,C1R,3,0.25,0.2965600859610844,40,38.81322826171976,classical
Glomerular,podocyte_PEC,Lineage2,C1R,4,0.35,0.4997024805225274,33,33.0,classical
Glomerular,podocyte_PEC,Lineage2,C1R,5,0.45,0.7985913167325693,19,19.0,classical
Glomerular,podocyte_PEC,Lineage2,C1R,6,0.55,0.4606057446458131,21,21.0,classical
Glomerular,podocyte_PEC,Lineage2,C1R,7,0.6500000000000001,0.9166889018125596,23,23.0,classical
Glomerular,podocyte_PEC,Lineage2,C1R,8,0.75,0.664092036830619,16,16.0,classical
Glomerular,podocyte_PEC,Lineage2,C1R,9,0.8500000000000001,0.5796964242083248,7,7.0,classical
Glomerular,podocyte_PEC,Lineage2,C1R,10,0.95,0.6572044936302568,3,3.0,classical
Glomerular,podocyte_PEC,Lineage2,C1S,1,0.05,0.351953511753792,40,30.66393920820844,classical
Glomerular,podocyte_PEC,Lineage2,C1S,2,0.15,0.3630954200664431,32,30.51684501674831,classical
Glomerular,podocyte_PEC,Lineage2,C1S,3,0.25,0.3749422306155268,40,38.81322826171976,classical
Glomerular,podocyte_PEC,Lineage2,C1S,4,0.35,0.4249154944738824,33,33.0,classical
Glomerular,podocyte_PEC,Lineage2,C1S,5,0.45,0.5157396211918931,19,19.0,classical
Glomerular,podocyte_PEC,Lineage2,C1S,6,0.55,0.4983827854497831,21,21.0,classical
Glomerular,podocyte_PEC,Lineage2,C1S,7,0.6500000000000001,0.6023642628898532,23,23.0,classical
Glomerular,podocyte_PEC,Lineage2,C1S,8,0.75,0.5656484952432916,16,16.0,classical
Glomerular,podocyte_PEC,Lineage2,C1S,9,0.8500000000000001,0.5257756229373748,7,7.0,classical
Glomerular,podocyte_PEC,Lineage2,C1S,10,0.95,0.422795109259189,3,3.0,classical
Glomerular,podocyte_PEC,Lineage2,C2,1,0.05,0.1963530868003639,40,30.66393920820844,classical
Glomerular,podocyte_PEC,Lineage2,C2,2,0.15,0.1290956408099397,32,30.51684501674831,classical
Glomerular,podocyte_PEC,Lineage2,C2,3,0.25,0.1439528418145625,40,38.81322826171976,classical
Glomerular,podocyte_PEC,Lineage2,C2,4,0.35,0.0887328574160503,33,33.0,classical
Glomerular,podocyte_PEC,Lineage2,C2,5,0.45,0.120518843962969,19,19.0,classical
Glomerular,podocyte_PEC,Lineage2,C2,6,0.55,0.1141682149215366,21,21.0,classical
Glomerular,podocyte_PEC,Lineage2,C2,7,0.6500000000000001,0.0655351118914003,23,23.0,classical
Glomerular,podocyte_PEC,Lineage2,C2,8,0.75,0.1509282977038192,16,16.0,classical
Glomerular,podocyte_PEC,Lineage2,C2,9,0.8500000000000001,0.1155706822977792,7,7.0,classical
Glomerular,podocyte_PEC,Lineage2,C2,10,0.95,0.1413435813784906,3,3.0,classical
Glomerular,podocyte_PEC,Lineage2,C4A,1,0.05,0.0020193638728302,40,30.66393920820844,classical
Glomerular,podocyte_PEC,Lineage2,C4A,2,0.15,0.0006495222517222,32,30.51684501674831,classical
Glomerular,podocyte_PEC,Lineage2,C4A,3,0.25,0.0066586074496369,40,38.81322826171976,classical
Glomerular,podocyte_PEC,Lineage2,C4A,4,0.35,0.0007511620668304,33,33.0,classical
Glomerular,podocyte_PEC,Lineage2,C4A,5,0.45,0.0029125686207139,19,19.0,classical
Glomerular,podocyte_PEC,Lineage2,C4A,6,0.55,0.0,21,21.0,classical
Glomerular,podocyte_PEC,Lineage2,C4A,7,0.6500000000000001,0.0207870154083238,23,23.0,classical
Glomerular,podocyte_PEC,Lineage2,C4A,8,0.75,0.0013103672332055,16,16.0,classical
Glomerular,podocyte_PEC,Lineage2,C4A,9,0.8500000000000001,0.0,7,7.0,classical
Glomerular,podocyte_PEC,Lineage2,C4A,10,0.95,0.0036936947521805,3,3.0,classical
Glomerular,podocyte_PEC,Lineage2,C4B,1,0.05,0.0018130909149085,40,30.66393920820844,classical
Glomerular,podocyte_PEC,Lineage2,C4B,2,0.15,0.0,32,30.51684501674831,classical
Glomerular,podocyte_PEC,Lineage2,C4B,3,0.25,0.0,40,38.81322826171976,classical
Glomerular,podocyte_PEC,Lineage2,C4B,4,0.35,0.0061115495170521,33,33.0,classical
Glomerular,podocyte_PEC,Lineage2,C4B,5,0.45,0.0013750822354958,19,19.0,classical
Glomerular,podocyte_PEC,Lineage2,C4B,6,0.55,0.0023526825462504,21,21.0,classical
Glomerular,podocyte_PEC,Lineage2,C4B,7,0.6500000000000001,0.0060498847689882,23,23.0,classical
Glomerular,podocyte_PEC,Lineage2,C4B,8,0.75,0.0,16,16.0,classical
Glomerular,podocyte_PEC,Lineage2,C4B,9,0.8500000000000001,0.0046456715958803,7,7.0,classical
Glomerular,podocyte_PEC,Lineage2,C4B,10,0.95,0.0,3,3.0,classical
Glomerular,podocyte_PEC,Lineage2,C4BPA,1,0.05,0.0072876463428372,40,30.66393920820844,classical
Glomerular,podocyte_PEC,Lineage2,C4BPA,2,0.15,0.0104526423673903,32,30.51684501674831,classical
Glomerular,podocyte_PEC,Lineage2,C4BPA,3,0.25,0.0041417300014688,40,38.81322826171976,classical
Glomerular,podocyte_PEC,Lineage2,C4BPA,4,0.35,0.0058793258682721,33,33.0,classical
Glomerular,podocyte_PEC,Lineage2,C4BPA,5,0.45,0.0,19,19.0,classical
Glomerular,podocyte_PEC,Lineage2,C4BPA,6,0.55,0.0053874141870016,21,21.0,classical
Glomerular,podocyte_PEC,Lineage2,C4BPA,7,0.6500000000000001,0.0136549557158337,23,23.0,classical
Glomerular,podocyte_PEC,Lineage2,C4BPA,8,0.75,0.004323388594048,16,16.0,classical
Glomerular,podocyte_PEC,Lineage2,C4BPA,9,0.8500000000000001,0.0,7,7.0,classical
Glomerular,podocyte_PEC,Lineage2,C4BPA,10,0.95,0.0036936947521805,3,3.0,classical
Glomerular,podocyte_PEC,Lineage2,C4BPB,1,0.05,0.0,40,30.66393920820844,classical
Glomerular,podocyte_PEC,Lineage2,C4BPB,2,0.15,0.0020655384409171,32,30.51684501674831,classical
Glomerular,podocyte_PEC,Lineage2,C4BPB,3,0.25,0.002214253686018,40,38.81322826171976,classical
Glomerular,podocyte_PEC,Lineage2,C4BPB,4,0.35,0.0009082225822211,33,33.0,classical
Glomerular,podocyte_PEC,Lineage2,C4BPB,5,0.45,0.0035024663608234,19,19.0,classical
Glomerular,podocyte_PEC,Lineage2,C4BPB,6,0.55,0.0021384582137307,21,21.0,classical
Glomerular,podocyte_PEC,Lineage2,C4BPB,7,0.6500000000000001,0.0040041819590142,23,23.0,classical
Glomerular,podocyte_PEC,Lineage2,C4BPB,8,0.75,0.0055015705911138,16,16.0,classical
Glomerular,podocyte_PEC,Lineage2,C4BPB,9,0.8500000000000001,0.0,7,7.0,classical
Glomerular,podocyte_PEC,Lineage2,C4BPB,10,0.95,0.0040358891753174,3,3.0,classical
Glomerular,podocyte_PEC,Lineage2,MBL2,1,0.05,0.0,40,30.66393920820844,lectin
Glomerular,podocyte_PEC,Lineage2,MBL2,2,0.15,0.0,32,30.51684501674831,lectin
Glomerular,podocyte_PEC,Lineage2,MBL2,3,0.25,0.0,40,38.81322826171976,lectin
Glomerular,podocyte_PEC,Lineage2,MBL2,4,0.35,0.0,33,33.0,lectin
Glomerular,podocyte_PEC,Lineage2,MBL2,5,0.45,0.0,19,19.0,lectin
Glomerular,podocyte_PEC,Lineage2,MBL2,6,0.55,0.0,21,21.0,lectin
Glomerular,podocyte_PEC,Lineage2,MBL2,7,0.6500000000000001,0.0,23,23.0,lectin
Glomerular,podocyte_PEC,Lineage2,MBL2,8,0.75,0.0,16,16.0,lectin
Glomerular,podocyte_PEC,Lineage2,MBL2,9,0.8500000000000001,0.0,7,7.0,lectin
Glomerular,podocyte_PEC,Lineage2,MBL2,10,0.95,0.0,3,3.0,lectin
Glomerular,podocyte_PEC,Lineage2,FCN1,1,0.05,0.0128208188378961,40,30.66393920820844,lectin
Glomerular,podocyte_PEC,Lineage2,FCN1,2,0.15,0.0041245521085527,32,30.51684501674831,lectin
Glomerular,podocyte_PEC,Lineage2,FCN1,3,0.25,0.0046998126311115,40,38.81322826171976,lectin
Glomerular,podocyte_PEC,Lineage2,FCN1,4,0.35,0.002197895263143,33,33.0,lectin
Glomerular,podocyte_PEC,Lineage2,FCN1,5,0.45,0.0108578591955806,19,19.0,lectin
Glomerular,podocyte_PEC,Lineage2,FCN1,6,0.55,0.0066537196085491,21,21.0,lectin
Glomerular,podocyte_PEC,Lineage2,FCN1,7,0.6500000000000001,0.0029486070450537,23,23.0,lectin
Glomerular,podocyte_PEC,Lineage2,FCN1,8,0.75,0.0013103672332055,16,16.0,lectin
Glomerular,podocyte_PEC,Lineage2,FCN1,9,0.8500000000000001,0.0055613581625183,7,7.0,lectin
Glomerular,podocyte_PEC,Lineage2,FCN1,10,0.95,0.0036936947521805,3,3.0,lectin
Glomerular,podocyte_PEC,Lineage2,FCN2,1,0.05,0.0,40,30.66393920820844,lectin
Glomerular,podocyte_PEC,Lineage2,FCN2,2,0.15,0.0,32,30.51684501674831,lectin
Glomerular,podocyte_PEC,Lineage2,FCN2,3,0.25,0.0,40,38.81322826171976,lectin
Glomerular,podocyte_PEC,Lineage2,FCN2,4,0.35,0.0,33,33.0,lectin
Glomerular,podocyte_PEC,Lineage2,FCN2,5,0.45,0.0066056641616099,19,19.0,lectin
Glomerular,podocyte_PEC,Lineage2,FCN2,6,0.55,0.0010389123366131,21,21.0,lectin
Glomerular,podocyte_PEC,Lineage2,FCN2,7,0.6500000000000001,0.0054254463494942,23,23.0,lectin
Glomerular,podocyte_PEC,Lineage2,FCN2,8,0.75,0.0017307269928215,16,16.0,lectin
Glomerular,podocyte_PEC,Lineage2,FCN2,9,0.8500000000000001,0.0,7,7.0,lectin
Glomerular,podocyte_PEC,Lineage2,FCN2,10,0.95,0.0,3,3.0,lectin
Glomerular,podocyte_PEC,Lineage2,FCN3,1,0.05,0.0015960704364096,40,30.66393920820844,lectin
Glomerular,podocyte_PEC,Lineage2,FCN3,2,0.15,0.0052349101348405,32,30.51684501674831,lectin
Glomerular,podocyte_PEC,Lineage2,FCN3,3,0.25,0.0057531826447167,40,38.81322826171976,lectin
Glomerular,podocyte_PEC,Lineage2,FCN3,4,0.35,0.0112431046746466,33,33.0,lectin
Glomerular,podocyte_PEC,Lineage2,FCN3,5,0.45,0.0936163525940274,19,19.0,lectin
Glomerular,podocyte_PEC,Lineage2,FCN3,6,0.55,0.1097232794265949,21,21.0,lectin
Glomerular,podocyte_PEC,Lineage2,FCN3,7,0.6500000000000001,0.043186962617511,23,23.0,lectin
Glomerular,podocyte_PEC,Lineage2,FCN3,8,0.75,0.0059803102359619,16,16.0,lectin
Glomerular,podocyte_PEC,Lineage2,FCN3,9,0.8500000000000001,0.0054375517055438,7,7.0,lectin
Glomerular,podocyte_PEC,Lineage2,FCN3,10,0.95,0.0,3,3.0,lectin
Glomerular,podocyte_PEC,Lineage2,MASP1,1,0.05,0.0057073402255944,40,30.66393920820844,lectin
Glomerular,podocyte_PEC,Lineage2,MASP1,2,0.15,0.0051280357761347,32,30.51684501674831,lectin
Glomerular,podocyte_PEC,Lineage2,MASP1,3,0.25,0.0080369943131787,40,38.81322826171976,lectin
Glomerular,podocyte_PEC,Lineage2,MASP1,4,0.35,0.0134183827195988,33,33.0,lectin
Glomerular,podocyte_PEC,Lineage2,MASP1,5,0.45,0.0136083372489949,19,19.0,lectin
Glomerular,podocyte_PEC,Lineage2,MASP1,6,0.55,0.0544345130678615,21,21.0,lectin
Glomerular,podocyte_PEC,Lineage2,MASP1,7,0.6500000000000001,0.0128945633286404,23,23.0,lectin
Glomerular,podocyte_PEC,Lineage2,MASP1,8,0.75,0.0199208508789743,16,16.0,lectin
Glomerular,podocyte_PEC,Lineage2,MASP1,9,0.8500000000000001,0.0055613581625183,7,7.0,lectin
Glomerular,podocyte_PEC,Lineage2,MASP1,10,0.95,0.0572959875288696,3,3.0,lectin
Glomerular,podocyte_PEC,Lineage2,MASP2,1,0.05,0.0029779295786319,40,30.66393920820844,lectin
Glomerular,podocyte_PEC,Lineage2,MASP2,2,0.15,0.013599042810834,32,30.51684501674831,lectin
Glomerular,podocyte_PEC,Lineage2,MASP2,3,0.25,0.0082479901477701,40,38.81322826171976,lectin
Glomerular,podocyte_PEC,Lineage2,MASP2,4,0.35,0.0098541263477183,33,33.0,lectin
Glomerular,podocyte_PEC,Lineage2,MASP2,5,0.45,0.0140641865342423,19,19.0,lectin
Glomerular,podocyte_PEC,Lineage2,MASP2,6,0.55,0.0118460535528434,21,21.0,lectin
Glomerular,podocyte_PEC,Lineage2,MASP2,7,0.6500000000000001,0.007191047693479,23,23.0,lectin
Glomerular,podocyte_PEC,Lineage2,MASP2,8,0.75,0.0049279807255977,16,16.0,lectin
Glomerular,podocyte_PEC,Lineage2,MASP2,9,0.8500000000000001,0.0034278940426218,7,7.0,lectin
Glomerular,podocyte_PEC,Lineage2,MASP2,10,0.95,0.0,3,3.0,lectin
Glomerular,podocyte_PEC,Lineage2,C3,1,0.05,0.0311059646421505,40,30.66393920820844,alternative
Glomerular,podocyte_PEC,Lineage2,C3,2,0.15,0.0526079665599182,32,30.51684501674831,alternative
Glomerular,podocyte_PEC,Lineage2,C3,3,0.25,0.043583108421095,40,38.81322826171976,alternative
Glomerular,podocyte_PEC,Lineage2,C3,4,0.35,0.0349214908620292,33,33.0,alternative
Glomerular,podocyte_PEC,Lineage2,C3,5,0.45,0.1608443164852424,19,19.0,alternative
Glomerular,podocyte_PEC,Lineage2,C3,6,0.55,0.6285420546883118,21,21.0,alternative
Glomerular,podocyte_PEC,Lineage2,C3,7,0.6500000000000001,0.0879493475679311,23,23.0,alternative
Glomerular,podocyte_PEC,Lineage2,C3,8,0.75,0.2100383424393986,16,16.0,alternative
Glomerular,podocyte_PEC,Lineage2,C3,9,0.8500000000000001,0.3664280928125575,7,7.0,alternative
Glomerular,podocyte_PEC,Lineage2,C3,10,0.95,0.1129294569975244,3,3.0,alternative
Glomerular,podocyte_PEC,Lineage2,CFB,1,0.05,0.01879726226553,40,30.66393920820844,alternative
Glomerular,podocyte_PEC,Lineage2,CFB,2,0.15,0.0247509364473857,32,30.51684501674831,alternative
Glomerular,podocyte_PEC,Lineage2,CFB,3,0.25,0.0098073419101494,40,38.81322826171976,alternative
Glomerular,podocyte_PEC,Lineage2,CFB,4,0.35,0.0449376316796105,33,33.0,alternative
Glomerular,podocyte_PEC,Lineage2,CFB,5,0.45,0.0824618815102533,19,19.0,alternative
Glomerular,podocyte_PEC,Lineage2,CFB,6,0.55,0.2311479395749438,21,21.0,alternative
Glomerular,podocyte_PEC,Lineage2,CFB,7,0.6500000000000001,0.085447468767041,23,23.0,alternative
Glomerular,podocyte_PEC,Lineage2,CFB,8,0.75,0.0607407543889364,16,16.0,alternative
Glomerular,podocyte_PEC,Lineage2,CFB,9,0.8500000000000001,0.0362506489034107,7,7.0,alternative
Glomerular,podocyte_PEC,Lineage2,CFB,10,0.95,0.0382364260541832,3,3.0,alternative
Glomerular,podocyte_PEC,Lineage2,CFD,1,0.05,0.0107246788799581,40,30.66393920820844,alternative
Glomerular,podocyte_PEC,Lineage2,CFD,2,0.15,0.029604069876417,32,30.51684501674831,alternative
Glomerular,podocyte_PEC,Lineage2,CFD,3,0.25,0.0097396324719166,40,38.81322826171976,alternative
Glomerular,podocyte_PEC,Lineage2,CFD,4,0.35,0.0126428259410489,33,33.0,alternative
Glomerular,podocyte_PEC,Lineage2,CFD,5,0.45,0.0604907465574058,19,19.0,alternative
Glomerular,podocyte_PEC,Lineage2,CFD,6,0.55,0.0432318366482964,21,21.0,alternative
Glomerular,podocyte_PEC,Lineage2,CFD,7,0.6500000000000001,0.0478431670382991,23,23.0,alternative
Glomerular,podocyte_PEC,Lineage2,CFD,8,0.75,0.0700338001291011,16,16.0,alternative
Glomerular,podocyte_PEC,Lineage2,CFD,9,0.8500000000000001,0.0869842000484303,7,7.0,alternative
Glomerular,podocyte_PEC,Lineage2,CFD,10,0.95,0.0073469075360056,3,3.0,alternative
Glomerular,podocyte_PEC,Lineage2,CFP,1,0.05,0.0058857978571636,40,30.66393920820844,alternative
Glomerular,podocyte_PEC,Lineage2,CFP,2,0.15,0.0062218835117987,32,30.51684501674831,alternative
Glomerular,podocyte_PEC,Lineage2,CFP,3,0.25,0.0049849713206572,40,38.81322826171976,alternative
Glomerular,podocyte_PEC,Lineage2,CFP,4,0.35,0.0019954566429636,33,33.0,alternative
Glomerular,podocyte_PEC,Lineage2,CFP,5,0.45,0.0013750822354958,19,19.0,alternative
Glomerular,podocyte_PEC,Lineage2,CFP,6,0.55,0.0009005366253366,21,21.0,alternative
Glomerular,podocyte_PEC,Lineage2,CFP,7,0.6500000000000001,0.0103583124800211,23,23.0,alternative
Glomerular,podocyte_PEC,Lineage2,CFP,8,0.75,0.016371936721692,16,16.0,alternative
Glomerular,podocyte_PEC,Lineage2,CFP,9,0.8500000000000001,0.0019282408024734,7,7.0,alternative
Glomerular,podocyte_PEC,Lineage2,CFP,10,0.95,0.0,3,3.0,alternative
Glomerular,podocyte_PEC,Lineage2,C5,1,0.05,0.1772306739646751,40,30.66393920820844,terminal
Glomerular,podocyte_PEC,Lineage2,C5,2,0.15,0.163315538450449,32,30.51684501674831,terminal
Glomerular,podocyte_PEC,Lineage2,C5,3,0.25,0.151932900025096,40,38.81322826171976,terminal
Glomerular,podocyte_PEC,Lineage2,C5,4,0.35,0.1631458095209257,33,33.0,terminal
Glomerular,podocyte_PEC,Lineage2,C5,5,0.45,0.1095644333353136,19,19.0,terminal
Glomerular,podocyte_PEC,Lineage2,C5,6,0.55,0.1645139962290362,21,21.0,terminal
Glomerular,podocyte_PEC,Lineage2,C5,7,0.6500000000000001,0.130588287650725,23,23.0,terminal
Glomerular,podocyte_PEC,Lineage2,C5,8,0.75,0.1492609819312841,16,16.0,terminal
Glomerular,podocyte_PEC,Lineage2,C5,9,0.8500000000000001,0.1501844717189878,7,7.0,terminal
Glomerular,podocyte_PEC,Lineage2,C5,10,0.95,0.1621606322534347,3,3.0,terminal
Glomerular,podocyte_PEC,Lineage2,C6,1,0.05,0.0571191361847157,40,30.66393920820844,terminal
Glomerular,podocyte_PEC,Lineage2,C6,2,0.15,0.0914975875889396,32,30.51684501674831,terminal
Glomerular,podocyte_PEC,Lineage2,C6,3,0.25,0.0891977063770638,40,38.81322826171976,terminal
Glomerular,podocyte_PEC,Lineage2,C6,4,0.35,0.0499829879895389,33,33.0,terminal
Glomerular,podocyte_PEC,Lineage2,C6,5,0.45,0.0428307738370134,19,19.0,terminal
Glomerular,podocyte_PEC,Lineage2,C6,6,0.55,0.0582733356338858,21,21.0,terminal
Glomerular,podocyte_PEC,Lineage2,C6,7,0.6500000000000001,0.0684166399989826,23,23.0,terminal
Glomerular,podocyte_PEC,Lineage2,C6,8,0.75,0.0371840442099896,16,16.0,terminal
Glomerular,podocyte_PEC,Lineage2,C6,9,0.8500000000000001,0.0147429080879616,7,7.0,terminal
Glomerular,podocyte_PEC,Lineage2,C6,10,0.95,0.1308899495365887,3,3.0,terminal
Glomerular,podocyte_PEC,Lineage2,C7,1,0.05,0.0722232441800274,40,30.66393920820844,terminal
Glomerular,podocyte_PEC,Lineage2,C7,2,0.15,0.1902899823243636,32,30.51684501674831,terminal
Glomerular,podocyte_PEC,Lineage2,C7,3,0.25,0.0952045859043878,40,38.81322826171976,terminal
Glomerular,podocyte_PEC,Lineage2,C7,4,0.35,0.195279909605659,33,33.0,terminal
Glomerular,podocyte_PEC,Lineage2,C7,5,0.45,0.8239758295777951,19,19.0,terminal
Glomerular,podocyte_PEC,Lineage2,C7,6,0.55,0.515591590474749,21,21.0,terminal
Glomerular,podocyte_PEC,Lineage2,C7,7,0.6500000000000001,0.5012988082298238,23,23.0,terminal
Glomerular,podocyte_PEC,Lineage2,C7,8,0.75,0.5467527105482207,16,16.0,terminal
Glomerular,podocyte_PEC,Lineage2,C7,9,0.8500000000000001,0.2543951548356618,7,7.0,terminal
Glomerular,podocyte_PEC,Lineage2,C7,10,0.95,0.0352149457047042,3,3.0,terminal
Glomerular,podocyte_PEC,Lineage2,C8A,1,0.05,0.0042315600520532,40,30.66393920820844,terminal
Glomerular,podocyte_PEC,Lineage2,C8A,2,0.15,0.0046114403121516,32,30.51684501674831,terminal
Glomerular,podocyte_PEC,Lineage2,C8A,3,0.25,0.0,40,38.81322826171976,terminal
Glomerular,podocyte_PEC,Lineage2,C8A,4,0.35,0.0,33,33.0,terminal
Glomerular,podocyte_PEC,Lineage2,C8A,5,0.45,0.0022726775196366,19,19.0,terminal
Glomerular,podocyte_PEC,Lineage2,C8A,6,0.55,0.0034222579355165,21,21.0,terminal
Glomerular,podocyte_PEC,Lineage2,C8A,7,0.6500000000000001,0.0,23,23.0,terminal
Glomerular,podocyte_PEC,Lineage2,C8A,8,0.75,0.0,16,16.0,terminal
Glomerular,podocyte_PEC,Lineage2,C8A,9,0.8500000000000001,0.0,7,7.0,terminal
Glomerular,podocyte_PEC,Lineage2,C8A,10,0.95,0.0,3,3.0,terminal
Glomerular,podocyte_PEC,Lineage2,C8B,1,0.05,0.0,40,30.66393920820844,terminal
Glomerular,podocyte_PEC,Lineage2,C8B,2,0.15,0.0,32,30.51684501674831,terminal
Glomerular,podocyte_PEC,Lineage2,C8B,3,0.25,0.0,40,38.81322826171976,terminal
Glomerular,podocyte_PEC,Lineage2,C8B,4,0.35,0.0,33,33.0,terminal
Glomerular,podocyte_PEC,Lineage2,C8B,5,0.45,0.0015510054952213,19,19.0,terminal
Glomerular,podocyte_PEC,Lineage2,C8B,6,0.55,0.0022663073578597,21,21.0,terminal
Glomerular,podocyte_PEC,Lineage2,C8B,7,0.6500000000000001,0.0,23,23.0,terminal
Glomerular,podocyte_PEC,Lineage2,C8B,8,0.75,0.0,16,16.0,terminal
Glomerular,podocyte_PEC,Lineage2,C8B,9,0.8500000000000001,0.0,7,7.0,terminal
Glomerular,podocyte_PEC,Lineage2,C8B,10,0.95,0.0,3,3.0,terminal
Glomerular,podocyte_PEC,Lineage2,C8G,1,0.05,0.0040204881305817,40,30.66393920820844,terminal
Glomerular,podocyte_PEC,Lineage2,C8G,2,0.15,0.0022105597864982,32,30.51684501674831,terminal
Glomerular,podocyte_PEC,Lineage2,C8G,3,0.25,0.0013054383444449,40,38.81322826171976,terminal
Glomerular,podocyte_PEC,Lineage2,C8G,4,0.35,0.0,33,33.0,terminal
Glomerular,podocyte_PEC,Lineage2,C8G,5,0.45,0.0034888795822869,19,19.0,terminal
Glomerular,podocyte_PEC,Lineage2,C8G,6,0.55,0.0038792535291651,21,21.0,terminal
Glomerular,podocyte_PEC,Lineage2,C8G,7,0.6500000000000001,0.0018112169863981,23,23.0,terminal
Glomerular,podocyte_PEC,Lineage2,C8G,8,0.75,0.0145060936366194,16,16.0,terminal
Glomerular,podocyte_PEC,Lineage2,C8G,9,0.8500000000000001,0.0046456715958803,7,7.0,terminal
Glomerular,podocyte_PEC,Lineage2,C8G,10,0.95,0.0,3,3.0,terminal
Glomerular,podocyte_PEC,Lineage2,C9,1,0.05,0.1479069114587144,40,30.66393920820844,terminal
Glomerular,podocyte_PEC,Lineage2,C9,2,0.15,0.1269677085583126,32,30.51684501674831,terminal
Glomerular,podocyte_PEC,Lineage2,C9,3,0.25,0.1454819525198263,40,38.81322826171976,terminal
Glomerular,podocyte_PEC,Lineage2,C9,4,0.35,0.1206816944081624,33,33.0,terminal
Glomerular,podocyte_PEC,Lineage2,C9,5,0.45,0.0677643489841284,19,19.0,terminal
Glomerular,podocyte_PEC,Lineage2,C9,6,0.55,0.0699163354228298,21,21.0,terminal
Glomerular,podocyte_PEC,Lineage2,C9,7,0.6500000000000001,0.0921093114201088,23,23.0,terminal
Glomerular,podocyte_PEC,Lineage2,C9,8,0.75,0.1273851410864872,16,16.0,terminal
Glomerular,podocyte_PEC,Lineage2,C9,9,0.8500000000000001,0.0590971138940654,7,7.0,terminal
Glomerular,podocyte_PEC,Lineage2,C9,10,0.95,0.0983973118941867,3,3.0,terminal
Glomerular,podocyte_PEC,Lineage2,C3AR1,1,0.05,0.0,40,30.66393920820844,receptor
Glomerular,podocyte_PEC,Lineage2,C3AR1,2,0.15,0.0049237266300007,32,30.51684501674831,receptor
Glomerular,podocyte_PEC,Lineage2,C3AR1,3,0.25,0.004656482429501,40,38.81322826171976,receptor
Glomerular,podocyte_PEC,Lineage2,C3AR1,4,0.35,0.0108760699526821,33,33.0,receptor
Glomerular,podocyte_PEC,Lineage2,C3AR1,5,0.45,0.0226306336342949,19,19.0,receptor
Glomerular,podocyte_PEC,Lineage2,C3AR1,6,0.55,0.002932493937623,21,21.0,receptor
Glomerular,podocyte_PEC,Lineage2,C3AR1,7,0.6500000000000001,0.0030627064845876,23,23.0,receptor
Glomerular,podocyte_PEC,Lineage2,C3AR1,8,0.75,0.0088692450993255,16,16.0,receptor
Glomerular,podocyte_PEC,Lineage2,C3AR1,9,0.8500000000000001,0.0034278940426218,7,7.0,receptor
Glomerular,podocyte_PEC,Lineage2,C3AR1,10,0.95,0.0,3,3.0,receptor
Glomerular,podocyte_PEC,Lineage2,C5AR1,1,0.05,0.0404708572194641,40,30.66393920820844,receptor
Glomerular,podocyte_PEC,Lineage2,C5AR1,2,0.15,0.0350144946947464,32,30.51684501674831,receptor
Glomerular,podocyte_PEC,Lineage2,C5AR1,3,0.25,0.0451486847202753,40,38.81322826171976,receptor
Glomerular,podocyte_PEC,Lineage2,C5AR1,4,0.35,0.0341565901256821,33,33.0,receptor
Glomerular,podocyte_PEC,Lineage2,C5AR1,5,0.45,0.0623849704226524,19,19.0,receptor
Glomerular,podocyte_PEC,Lineage2,C5AR1,6,0.55,0.1162823184593653,21,21.0,receptor
Glomerular,podocyte_PEC,Lineage2,C5AR1,7,0.6500000000000001,0.0226694140839908,23,23.0,receptor
Glomerular,podocyte_PEC,Lineage2,C5AR1,8,0.75,0.0540879094075677,16,16.0,receptor
Glomerular,podocyte_PEC,Lineage2,C5AR1,9,0.8500000000000001,0.0326306743371089,7,7.0,receptor
Glomerular,podocyte_PEC,Lineage2,C5AR1,10,0.95,0.0646428950648753,3,3.0,receptor
Glomerular,podocyte_PEC,Lineage2,C5AR2,1,0.05,0.0097179571936089,40,30.66393920820844,receptor
Glomerular,podocyte_PEC,Lineage2,C5AR2,2,0.15,0.0034722341397937,32,30.51684501674831,receptor
Glomerular,podocyte_PEC,Lineage2,C5AR2,3,0.25,0.0121355067416232,40,38.81322826171976,receptor
Glomerular,podocyte_PEC,Lineage2,C5AR2,4,0.35,0.0106595959895763,33,33.0,receptor
Glomerular,podocyte_PEC,Lineage2,C5AR2,5,0.45,0.0141892609491203,19,19.0,receptor
Glomerular,podocyte_PEC,Lineage2,C5AR2,6,0.55,0.0138088630564558,21,21.0,receptor
Glomerular,podocyte_PEC,Lineage2,C5AR2,7,0.6500000000000001,0.0184966726106854,23,23.0,receptor
Glomerular,podocyte_PEC,Lineage2,C5AR2,8,0.75,0.0015968779537724,16,16.0,receptor
Glomerular,podocyte_PEC,Lineage2,C5AR2,9,0.8500000000000001,0.0080735656385021,7,7.0,receptor
Glomerular,podocyte_PEC,Lineage2,C5AR2,10,0.95,0.0,3,3.0,receptor
Glomerular,podocyte_PEC,Lineage2,CR1,1,0.05,1.8256431958447672,40,30.66393920820844,receptor
Glomerular,podocyte_PEC,Lineage2,CR1,2,0.15,1.78067366096499,32,30.51684501674831,receptor
Glomerular,podocyte_PEC,Lineage2,CR1,3,0.25,1.87461641985606,40,38.81322826171976,receptor
Glomerular,podocyte_PEC,Lineage2,CR1,4,0.35,1.9517286214899348,33,33.0,receptor
Glomerular,podocyte_PEC,Lineage2,CR1,5,0.45,1.4458379065082798,19,19.0,receptor
Glomerular,podocyte_PEC,Lineage2,CR1,6,0.55,0.6889017273342458,21,21.0,receptor
Glomerular,podocyte_PEC,Lineage2,CR1,7,0.6500000000000001,1.7293689492683155,23,23.0,receptor
Glomerular,podocyte_PEC,Lineage2,CR1,8,0.75,1.5588622118933757,16,16.0,receptor
Glomerular,podocyte_PEC,Lineage2,CR1,9,0.8500000000000001,1.750786446407663,7,7.0,receptor
Glomerular,podocyte_PEC,Lineage2,CR1,10,0.95,1.5358714144597132,3,3.0,receptor
Glomerular,podocyte_PEC,Lineage2,CR2,1,0.05,0.022646590109625,40,30.66393920820844,receptor
Glomerular,podocyte_PEC,Lineage2,CR2,2,0.15,0.0239749153228009,32,30.51684501674831,receptor
Glomerular,podocyte_PEC,Lineage2,CR2,3,0.25,0.0369576767615181,40,38.81322826171976,receptor
Glomerular,podocyte_PEC,Lineage2,CR2,4,0.35,0.0551938108610402,33,33.0,receptor
Glomerular,podocyte_PEC,Lineage2,CR2,5,0.45,0.058267874358953,19,19.0,receptor
Glomerular,podocyte_PEC,Lineage2,CR2,6,0.55,0.0209176187491106,21,21.0,receptor
Glomerular,podocyte_PEC,Lineage2,CR2,7,0.6500000000000001,0.0340110275428102,23,23.0,receptor
Glomerular,podocyte_PEC,Lineage2,CR2,8,0.75,0.0482532434658538,16,16.0,receptor
Glomerular,podocyte_PEC,Lineage2,CR2,9,0.8500000000000001,0.0249509941397948,7,7.0,receptor
Glomerular,podocyte_PEC,Lineage2,CR2,10,0.95,0.0195520902790006,3,3.0,receptor
Glomerular,podocyte_PEC,Lineage2,ITGAM,1,0.05,0.0080441925357249,40,30.66393920820844,receptor
Glomerular,podocyte_PEC,Lineage2,ITGAM,2,0.15,0.0071390127236346,32,30.51684501674831,receptor
Glomerular,podocyte_PEC,Lineage2,ITGAM,3,0.25,0.0041347501350428,40,38.81322826171976,receptor
Glomerular,podocyte_PEC,Lineage2,ITGAM,4,0.35,0.0037942807893547,33,33.0,receptor
Glomerular,podocyte_PEC,Lineage2,ITGAM,5,0.45,0.0247330218527318,19,19.0,receptor
Glomerular,podocyte_PEC,Lineage2,ITGAM,6,0.55,0.0368952350482881,21,21.0,receptor
Glomerular,podocyte_PEC,Lineage2,ITGAM,7,0.6500000000000001,0.0058884480549866,23,23.0,receptor
Glomerular,podocyte_PEC,Lineage2,ITGAM,8,0.75,0.0025938246913774,16,16.0,receptor
Glomerular,podocyte_PEC,Lineage2,ITGAM,9,0.8500000000000001,0.0,7,7.0,receptor
Glomerular,podocyte_PEC,Lineage2,ITGAM,10,0.95,0.0073469075360056,3,3.0,receptor
Glomerular,podocyte_PEC,Lineage2,ITGAX,1,0.05,0.000411060150874,40,30.66393920820844,receptor
Glomerular,podocyte_PEC,Lineage2,ITGAX,2,0.15,0.0028235411510076,32,30.51684501674831,receptor
Glomerular,podocyte_PEC,Lineage2,ITGAX,3,0.25,0.0077483202461883,40,38.81322826171976,receptor
Glomerular,podocyte_PEC,Lineage2,ITGAX,4,0.35,0.0063752747978013,33,33.0,receptor
Glomerular,podocyte_PEC,Lineage2,ITGAX,5,0.45,0.0025448187068895,19,19.0,receptor
Glomerular,podocyte_PEC,Lineage2,ITGAX,6,0.55,0.0103910475408406,21,21.0,receptor
Glomerular,podocyte_PEC,Lineage2,ITGAX,7,0.6500000000000001,0.0164720358111391,23,23.0,receptor
Glomerular,podocyte_PEC,Lineage2,ITGAX,8,0.75,0.0122744970286543,16,16.0,receptor
Glomerular,podocyte_PEC,Lineage2,ITGAX,9,0.8500000000000001,0.052267773469468,7,7.0,receptor
Glomerular,podocyte_PEC,Lineage2,ITGAX,10,0.95,0.0,3,3.0,receptor
Glomerular,podocyte_PEC,Lineage2,VSIG4,1,0.05,0.0026965203224189,40,30.66393920820844,receptor
Glomerular,podocyte_PEC,Lineage2,VSIG4,2,0.15,0.0065007916621976,32,30.51684501674831,receptor
Glomerular,podocyte_PEC,Lineage2,VSIG4,3,0.25,0.0054312419296967,40,38.81322826171976,receptor
Glomerular,podocyte_PEC,Lineage2,VSIG4,4,0.35,0.0048009993222912,33,33.0,receptor
Glomerular,podocyte_PEC,Lineage2,VSIG4,5,0.45,0.0146569846288123,19,19.0,receptor
Glomerular,podocyte_PEC,Lineage2,VSIG4,6,0.55,0.0068629060248615,21,21.0,receptor
Glomerular,podocyte_PEC,Lineage2,VSIG4,7,0.6500000000000001,0.0120098514452455,23,23.0,receptor
Glomerular,podocyte_PEC,Lineage2,VSIG4,8,0.75,0.0189893651016976,16,16.0,receptor
Glomerular,podocyte_PEC,Lineage2,VSIG4,9,0.8500000000000001,0.0106757012581251,7,7.0,receptor
Glomerular,podocyte_PEC,Lineage2,VSIG4,10,0.95,0.0,3,3.0,receptor
Glomerular,podocyte_PEC,Lineage2,CFH,1,0.05,0.3220966808600799,40,30.66393920820844,regulator
Glomerular,podocyte_PEC,Lineage2,CFH,2,0.15,0.4594836531373553,32,30.51684501674831,regulator
Glomerular,podocyte_PEC,Lineage2,CFH,3,0.25,0.4631027610949457,40,38.81322826171976,regulator
Glomerular,podocyte_PEC,Lineage2,CFH,4,0.35,0.4730013619820597,33,33.0,regulator
Glomerular,podocyte_PEC,Lineage2,CFH,5,0.45,0.6901472283406115,19,19.0,regulator
Glomerular,podocyte_PEC,Lineage2,CFH,6,0.55,1.4724297431201196,21,21.0,regulator
Glomerular,podocyte_PEC,Lineage2,CFH,7,0.6500000000000001,0.6987800873144805,23,23.0,regulator
Glomerular,podocyte_PEC,Lineage2,CFH,8,0.75,0.6594835130524404,16,16.0,regulator
Glomerular,podocyte_PEC,Lineage2,CFH,9,0.8500000000000001,0.7977131952999219,7,7.0,regulator
Glomerular,podocyte_PEC,Lineage2,CFH,10,0.95,1.0597109356301206,3,3.0,regulator
Glomerular,podocyte_PEC,Lineage2,CFI,1,0.05,0.0950690937352823,40,30.66393920820844,regulator
Glomerular,podocyte_PEC,Lineage2,CFI,2,0.15,0.120803912209263,32,30.51684501674831,regulator
Glomerular,podocyte_PEC,Lineage2,CFI,3,0.25,0.0921553295224796,40,38.81322826171976,regulator
Glomerular,podocyte_PEC,Lineage2,CFI,4,0.35,0.1865330213658763,33,33.0,regulator
Glomerular,podocyte_PEC,Lineage2,CFI,5,0.45,0.4086870814804942,19,19.0,regulator
Glomerular,podocyte_PEC,Lineage2,CFI,6,0.55,0.6289712153362433,21,21.0,regulator
Glomerular,podocyte_PEC,Lineage2,CFI,7,0.6500000000000001,0.2339416543728438,23,23.0,regulator
Glomerular,podocyte_PEC,Lineage2,CFI,8,0.75,0.2499157531929579,16,16.0,regulator
Glomerular,podocyte_PEC,Lineage2,CFI,9,0.8500000000000001,0.2009049958715908,7,7.0,regulator
Glomerular,podocyte_PEC,Lineage2,CFI,10,0.95,0.241792471632,3,3.0,regulator
Glomerular,podocyte_PEC,Lineage2,CD46,1,0.05,0.7724446116065125,40,30.66393920820844,regulator
Glomerular,podocyte_PEC,Lineage2,CD46,2,0.15,0.8409900374248149,32,30.51684501674831,regulator
Glomerular,podocyte_PEC,Lineage2,CD46,3,0.25,0.9342349224870666,40,38.81322826171976,regulator
Glomerular,podocyte_PEC,Lineage2,CD46,4,0.35,1.1603434007499664,33,33.0,regulator
Glomerular,podocyte_PEC,Lineage2,CD46,5,0.45,1.4922650064562173,19,19.0,regulator
Glomerular,podocyte_PEC,Lineage2,CD46,6,0.55,0.9411504773514456,21,21.0,regulator
Glomerular,podocyte_PEC,Lineage2,CD46,7,0.6500000000000001,1.5513534951322965,23,23.0,regulator
Glomerular,podocyte_PEC,Lineage2,CD46,8,0.75,1.0422397869142783,16,16.0,regulator
Glomerular,podocyte_PEC,Lineage2,CD46,9,0.8500000000000001,1.0302564196554154,7,7.0,regulator
Glomerular,podocyte_PEC,Lineage2,CD46,10,0.95,1.2235218302369075,3,3.0,regulator
Glomerular,podocyte_PEC,Lineage2,CD55,1,0.05,0.3048103548165544,40,30.66393920820844,regulator
Glomerular,podocyte_PEC,Lineage2,CD55,2,0.15,0.3051528790490311,32,30.51684501674831,regulator
Glomerular,podocyte_PEC,Lineage2,CD55,3,0.25,0.3731073212983797,40,38.81322826171976,regulator
Glomerular,podocyte_PEC,Lineage2,CD55,4,0.35,0.4218117706460377,33,33.0,regulator
Glomerular,podocyte_PEC,Lineage2,CD55,5,0.45,0.6021144390839251,19,19.0,regulator
Glomerular,podocyte_PEC,Lineage2,CD55,6,0.55,0.3769610090130939,21,21.0,regulator
Glomerular,podocyte_PEC,Lineage2,CD55,7,0.6500000000000001,0.5482943819242937,23,23.0,regulator
Glomerular,podocyte_PEC,Lineage2,CD55,8,0.75,0.4569010390505279,16,16.0,regulator
Glomerular,podocyte_PEC,Lineage2,CD55,9,0.8500000000000001,0.4329058696651754,7,7.0,regulator
Glomerular,podocyte_PEC,Lineage2,CD55,10,0.95,0.4742349064712859,3,3.0,regulator
Glomerular,podocyte_PEC,Lineage2,CD59,1,0.05,0.371793346217694,40,30.66393920820844,regulator
Glomerular,podocyte_PEC,Lineage2,CD59,2,0.15,0.5690119017428203,32,30.51684501674831,regulator
Glomerular,podocyte_PEC,Lineage2,CD59,3,0.25,0.6829062081594154,40,38.81322826171976,regulator
Glomerular,podocyte_PEC,Lineage2,CD59,4,0.35,1.0002205726296698,33,33.0,regulator
Glomerular,podocyte_PEC,Lineage2,CD59,5,0.45,1.474420956034025,19,19.0,regulator
Glomerular,podocyte_PEC,Lineage2,CD59,6,0.55,0.9392520951521142,21,21.0,regulator
Glomerular,podocyte_PEC,Lineage2,CD59,7,0.6500000000000001,1.4612623931605406,23,23.0,regulator
Glomerular,podocyte_PEC,Lineage2,CD59,8,0.75,0.9638510038612942,16,16.0,regulator
Glomerular,podocyte_PEC,Lineage2,CD59,9,0.8500000000000001,0.9873868208221348,7,7.0,regulator
Glomerular,podocyte_PEC,Lineage2,CD59,10,0.95,1.1138160420191143,3,3.0,regulator
Glomerular,podocyte_PEC,Lineage2,SERPING1,1,0.05,0.1240648226730599,40,30.66393920820844,regulator
Glomerular,podocyte_PEC,Lineage2,SERPING1,2,0.15,0.1995375690020961,32,30.51684501674831,regulator
Glomerular,podocyte_PEC,Lineage2,SERPING1,3,0.25,0.2114454586422535,40,38.81322826171976,regulator
Glomerular,podocyte_PEC,Lineage2,SERPING1,4,0.35,0.351278505784038,33,33.0,regulator
Glomerular,podocyte_PEC,Lineage2,SERPING1,5,0.45,0.6108926801470805,19,19.0,regulator
Glomerular,podocyte_PEC,Lineage2,SERPING1,6,0.55,0.5883785006398125,21,21.0,regulator
Glomerular,podocyte_PEC,Lineage2,SERPING1,7,0.6500000000000001,0.5319453713305338,23,23.0,regulator
Glomerular,podocyte_PEC,Lineage2,SERPING1,8,0.75,0.4736233155758854,16,16.0,regulator
Glomerular,podocyte_PEC,Lineage2,SERPING1,9,0.8500000000000001,0.401908444561368,7,7.0,regulator
Glomerular,podocyte_PEC,Lineage2,SERPING1,10,0.95,0.3294040868836189,3,3.0,regulator
Glomerular,podocyte_PEC,Lineage2,CFHR1,1,0.05,0.0007746515689558,40,30.66393920820844,cfhr
Glomerular,podocyte_PEC,Lineage2,CFHR1,2,0.15,0.0008012268793283,32,30.51684501674831,cfhr
Glomerular,podocyte_PEC,Lineage2,CFHR1,3,0.25,0.0016153767489752,40,38.81322826171976,cfhr
Glomerular,podocyte_PEC,Lineage2,CFHR1,4,0.35,0.0,33,33.0,cfhr
Glomerular,podocyte_PEC,Lineage2,CFHR1,5,0.45,0.0221570910316797,19,19.0,cfhr
Glomerular,podocyte_PEC,Lineage2,CFHR1,6,0.55,0.0251536919815804,21,21.0,cfhr
Glomerular,podocyte_PEC,Lineage2,CFHR1,7,0.6500000000000001,0.000883038485777,23,23.0,cfhr
Glomerular,podocyte_PEC,Lineage2,CFHR1,8,0.75,0.0,16,16.0,cfhr
Glomerular,podocyte_PEC,Lineage2,CFHR1,9,0.8500000000000001,0.0,7,7.0,cfhr
Glomerular,podocyte_PEC,Lineage2,CFHR1,10,0.95,0.0,3,3.0,cfhr
Glomerular,podocyte_PEC,Lineage2,CFHR2,1,0.05,0.0,40,30.66393920820844,cfhr
Glomerular,podocyte_PEC,Lineage2,CFHR2,2,0.15,0.0,32,30.51684501674831,cfhr
Glomerular,podocyte_PEC,Lineage2,CFHR2,3,0.25,0.0,40,38.81322826171976,cfhr
Glomerular,podocyte_PEC,Lineage2,CFHR2,4,0.35,0.0010141504744668,33,33.0,cfhr
Glomerular,podocyte_PEC,Lineage2,CFHR2,5,0.45,0.0015510054952213,19,19.0,cfhr
Glomerular,podocyte_PEC,Lineage2,CFHR2,6,0.55,0.0,21,21.0,cfhr
Glomerular,podocyte_PEC,Lineage2,CFHR2,7,0.6500000000000001,0.0,23,23.0,cfhr
Glomerular,podocyte_PEC,Lineage2,CFHR2,8,0.75,0.0,16,16.0,cfhr
Glomerular,podocyte_PEC,Lineage2,CFHR2,9,0.8500000000000001,0.0,7,7.0,cfhr
Glomerular,podocyte_PEC,Lineage2,CFHR2,10,0.95,0.0,3,3.0,cfhr
Glomerular,podocyte_PEC,Lineage2,CFHR3,1,0.05,0.0035498933321851,40,30.66393920820844,cfhr
Glomerular,podocyte_PEC,Lineage2,CFHR3,2,0.15,0.0027647770775819,32,30.51684501674831,cfhr
Glomerular,podocyte_PEC,Lineage2,CFHR3,3,0.25,0.0066374073618007,40,38.81322826171976,cfhr
Glomerular,podocyte_PEC,Lineage2,CFHR3,4,0.35,0.0043326729088261,33,33.0,cfhr
Glomerular,podocyte_PEC,Lineage2,CFHR3,5,0.45,0.0050300148510232,19,19.0,cfhr
Glomerular,podocyte_PEC,Lineage2,CFHR3,6,0.55,0.0086472645920346,21,21.0,cfhr
Glomerular,podocyte_PEC,Lineage2,CFHR3,7,0.6500000000000001,0.0026627144698249,23,23.0,cfhr
Glomerular,podocyte_PEC,Lineage2,CFHR3,8,0.75,0.0,16,16.0,cfhr
Glomerular,podocyte_PEC,Lineage2,CFHR3,9,0.8500000000000001,0.0,7,7.0,cfhr
Glomerular,podocyte_PEC,Lineage2,CFHR3,10,0.95,0.0,3,3.0,cfhr
Glomerular,podocyte_PEC,Lineage2,CFHR4,1,0.05,0.0,40,30.66393920820844,cfhr
Glomerular,podocyte_PEC,Lineage2,CFHR4,2,0.15,0.0,32,30.51684501674831,cfhr
Glomerular,podocyte_PEC,Lineage2,CFHR4,3,0.25,0.0005737289028226,40,38.81322826171976,cfhr
Glomerular,podocyte_PEC,Lineage2,CFHR4,4,0.35,0.0,33,33.0,cfhr
Glomerular,podocyte_PEC,Lineage2,CFHR4,5,0.45,0.0015510054952213,19,19.0,cfhr
Glomerular,podocyte_PEC,Lineage2,CFHR4,6,0.55,0.0,21,21.0,cfhr
Glomerular,podocyte_PEC,Lineage2,CFHR4,7,0.6500000000000001,0.0,23,23.0,cfhr
Glomerular,podocyte_PEC,Lineage2,CFHR4,8,0.75,0.0,16,16.0,cfhr
Glomerular,podocyte_PEC,Lineage2,CFHR4,9,0.8500000000000001,0.0,7,7.0,cfhr
Glomerular,podocyte_PEC,Lineage2,CFHR4,10,0.95,0.0,3,3.0,cfhr
Glomerular,podocyte_PEC,Lineage2,CFHR5,1,0.05,0.0,40,30.66393920820844,cfhr
Glomerular,podocyte_PEC,Lineage2,CFHR5,2,0.15,0.0,32,30.51684501674831,cfhr
Glomerular,podocyte_PEC,Lineage2,CFHR5,3,0.25,0.0003392183112242,40,38.81322826171976,cfhr
Glomerular,podocyte_PEC,Lineage2,CFHR5,4,0.35,0.0010141504744668,33,33.0,cfhr
Glomerular,podocyte_PEC,Lineage2,CFHR5,5,0.45,0.0014771512117171,19,19.0,cfhr
Glomerular,podocyte_PEC,Lineage2,CFHR5,6,0.55,0.0010389123366131,21,21.0,cfhr
Glomerular,podocyte_PEC,Lineage2,CFHR5,7,0.6500000000000001,0.0,23,23.0,cfhr
Glomerular,podocyte_PEC,Lineage2,CFHR5,8,0.75,0.0015968779537724,16,16.0,cfhr
Glomerular,podocyte_PEC,Lineage2,CFHR5,9,0.8500000000000001,0.0,7,7.0,cfhr
Glomerular,podocyte_PEC,Lineage2,CFHR5,10,0.95,0.0,3,3.0,cfhr
Glomerular,endothelial_mesangial,Lineage3,C1QA,1,0.05,0.0070805188273769,35,27.46777610508315,classical
Glomerular,endothelial_mesangial,Lineage3,C1QA,2,0.15,0.0327892706713717,26,19.29158406953158,classical
Glomerular,endothelial_mesangial,Lineage3,C1QA,3,0.25,0.0476449013531924,62,45.20052784423752,classical
Glomerular,endothelial_mesangial,Lineage3,C1QA,4,0.35,0.0428334603627861,28,23.465852899351027,classical
Glomerular,endothelial_mesangial,Lineage3,C1QA,5,0.45,0.0550036528464785,13,12.253402703634665,classical
Glomerular,endothelial_mesangial,Lineage3,C1QA,6,0.55,0.0529451034048276,7,7.0,classical
Glomerular,endothelial_mesangial,Lineage3,C1QA,7,0.6500000000000001,0.0307159655777148,7,7.0,classical
Glomerular,endothelial_mesangial,Lineage3,C1QA,8,0.75,0.0496379978137267,6,6.0,classical
Glomerular,endothelial_mesangial,Lineage3,C1QA,9,0.8500000000000001,0.1614992879011579,5,5.0,classical
Glomerular,endothelial_mesangial,Lineage3,C1QA,10,0.95,0.0208164181065383,8,8.0,classical
Glomerular,endothelial_mesangial,Lineage3,C1QB,1,0.05,0.0092547134598645,35,27.46777610508315,classical
Glomerular,endothelial_mesangial,Lineage3,C1QB,2,0.15,0.0074564837161379,26,19.29158406953158,classical
Glomerular,endothelial_mesangial,Lineage3,C1QB,3,0.25,0.0344977578026022,62,45.20052784423752,classical
Glomerular,endothelial_mesangial,Lineage3,C1QB,4,0.35,0.0323931707267966,28,23.465852899351027,classical
Glomerular,endothelial_mesangial,Lineage3,C1QB,5,0.45,0.11545564407954,13,12.253402703634665,classical
Glomerular,endothelial_mesangial,Lineage3,C1QB,6,0.55,0.0,7,7.0,classical
Glomerular,endothelial_mesangial,Lineage3,C1QB,7,0.6500000000000001,0.0045259001971872,7,7.0,classical
Glomerular,endothelial_mesangial,Lineage3,C1QB,8,0.75,0.0058728533657879,6,6.0,classical
Glomerular,endothelial_mesangial,Lineage3,C1QB,9,0.8500000000000001,0.0,5,5.0,classical
Glomerular,endothelial_mesangial,Lineage3,C1QB,10,0.95,0.2431501671104483,8,8.0,classical
Glomerular,endothelial_mesangial,Lineage3,C1QC,1,0.05,0.0004582182261365,35,27.46777610508315,classical
Glomerular,endothelial_mesangial,Lineage3,C1QC,2,0.15,0.0027367245397961,26,19.29158406953158,classical
Glomerular,endothelial_mesangial,Lineage3,C1QC,3,0.25,0.0191622197541833,62,45.20052784423752,classical
Glomerular,endothelial_mesangial,Lineage3,C1QC,4,0.35,0.0281676028947012,28,23.465852899351027,classical
Glomerular,endothelial_mesangial,Lineage3,C1QC,5,0.45,0.0310859974128688,13,12.253402703634665,classical
Glomerular,endothelial_mesangial,Lineage3,C1QC,6,0.55,0.0,7,7.0,classical
Glomerular,endothelial_mesangial,Lineage3,C1QC,7,0.6500000000000001,0.0,7,7.0,classical
Glomerular,endothelial_mesangial,Lineage3,C1QC,8,0.75,0.0,6,6.0,classical
Glomerular,endothelial_mesangial,Lineage3,C1QC,9,0.8500000000000001,0.0,5,5.0,classical
Glomerular,endothelial_mesangial,Lineage3,C1QC,10,0.95,0.0042027263055941,8,8.0,classical
Glomerular,endothelial_mesangial,Lineage3,C1R,1,0.05,0.0404134086570438,35,27.46777610508315,classical
Glomerular,endothelial_mesangial,Lineage3,C1R,2,0.15,0.0964727942024233,26,19.29158406953158,classical
Glomerular,endothelial_mesangial,Lineage3,C1R,3,0.25,0.1484442756737735,62,45.20052784423752,classical
Glomerular,endothelial_mesangial,Lineage3,C1R,4,0.35,0.1536401692499192,28,23.465852899351027,classical
Glomerular,endothelial_mesangial,Lineage3,C1R,5,0.45,0.1951436456339185,13,12.253402703634665,classical
Glomerular,endothelial_mesangial,Lineage3,C1R,6,0.55,0.3395592584946137,7,7.0,classical
Glomerular,endothelial_mesangial,Lineage3,C1R,7,0.6500000000000001,0.1427408363816319,7,7.0,classical
Glomerular,endothelial_mesangial,Lineage3,C1R,8,0.75,0.075584416050836,6,6.0,classical
Glomerular,endothelial_mesangial,Lineage3,C1R,9,0.8500000000000001,0.6040666881840446,5,5.0,classical
Glomerular,endothelial_mesangial,Lineage3,C1R,10,0.95,0.2276367370431973,8,8.0,classical
Glomerular,endothelial_mesangial,Lineage3,C1S,1,0.05,0.196803641303656,35,27.46777610508315,classical
Glomerular,endothelial_mesangial,Lineage3,C1S,2,0.15,0.2035504297906789,26,19.29158406953158,classical
Glomerular,endothelial_mesangial,Lineage3,C1S,3,0.25,0.194123750317613,62,45.20052784423752,classical
Glomerular,endothelial_mesangial,Lineage3,C1S,4,0.35,0.1961166353854435,28,23.465852899351027,classical
Glomerular,endothelial_mesangial,Lineage3,C1S,5,0.45,0.3330323080028652,13,12.253402703634665,classical
Glomerular,endothelial_mesangial,Lineage3,C1S,6,0.55,0.3069052978770005,7,7.0,classical
Glomerular,endothelial_mesangial,Lineage3,C1S,7,0.6500000000000001,0.2156194840447291,7,7.0,classical
Glomerular,endothelial_mesangial,Lineage3,C1S,8,0.75,0.2434014422309207,6,6.0,classical
Glomerular,endothelial_mesangial,Lineage3,C1S,9,0.8500000000000001,0.4939510098996628,5,5.0,classical
Glomerular,endothelial_mesangial,Lineage3,C1S,10,0.95,0.1362107980422898,8,8.0,classical
Glomerular,endothelial_mesangial,Lineage3,C2,1,0.05,0.0711842226179607,35,27.46777610508315,classical
Glomerular,endothelial_mesangial,Lineage3,C2,2,0.15,0.0507725990400441,26,19.29158406953158,classical
Glomerular,endothelial_mesangial,Lineage3,C2,3,0.25,0.0557116305910474,62,45.20052784423752,classical
Glomerular,endothelial_mesangial,Lineage3,C2,4,0.35,0.0592084616263246,28,23.465852899351027,classical
Glomerular,endothelial_mesangial,Lineage3,C2,5,0.45,0.07303956192947,13,12.253402703634665,classical
Glomerular,endothelial_mesangial,Lineage3,C2,6,0.55,0.1103643156406839,7,7.0,classical
Glomerular,endothelial_mesangial,Lineage3,C2,7,0.6500000000000001,0.1331313966826803,7,7.0,classical
Glomerular,endothelial_mesangial,Lineage3,C2,8,0.75,0.0911452297799085,6,6.0,classical
Glomerular,endothelial_mesangial,Lineage3,C2,9,0.8500000000000001,0.0791826280269109,5,5.0,classical
Glomerular,endothelial_mesangial,Lineage3,C2,10,0.95,0.0382089791748693,8,8.0,classical
Glomerular,endothelial_mesangial,Lineage3,C4A,1,0.05,0.0011319878487189,35,27.46777610508315,classical
Glomerular,endothelial_mesangial,Lineage3,C4A,2,0.15,0.0,26,19.29158406953158,classical
Glomerular,endothelial_mesangial,Lineage3,C4A,3,0.25,0.0056640784359567,62,45.20052784423752,classical
Glomerular,endothelial_mesangial,Lineage3,C4A,4,0.35,0.0,28,23.465852899351027,classical
Glomerular,endothelial_mesangial,Lineage3,C4A,5,0.45,0.0,13,12.253402703634665,classical
Glomerular,endothelial_mesangial,Lineage3,C4A,6,0.55,0.0,7,7.0,classical
Glomerular,endothelial_mesangial,Lineage3,C4A,7,0.6500000000000001,0.0,7,7.0,classical
Glomerular,endothelial_mesangial,Lineage3,C4A,8,0.75,0.0058728533657879,6,6.0,classical
Glomerular,endothelial_mesangial,Lineage3,C4A,9,0.8500000000000001,0.0,5,5.0,classical
Glomerular,endothelial_mesangial,Lineage3,C4A,10,0.95,0.0,8,8.0,classical
Glomerular,endothelial_mesangial,Lineage3,C4B,1,0.05,0.0,35,27.46777610508315,classical
Glomerular,endothelial_mesangial,Lineage3,C4B,2,0.15,0.0,26,19.29158406953158,classical
Glomerular,endothelial_mesangial,Lineage3,C4B,3,0.25,0.0047900260583535,62,45.20052784423752,classical
Glomerular,endothelial_mesangial,Lineage3,C4B,4,0.35,0.0025943178743952,28,23.465852899351027,classical
Glomerular,endothelial_mesangial,Lineage3,C4B,5,0.45,0.0,13,12.253402703634665,classical
Glomerular,endothelial_mesangial,Lineage3,C4B,6,0.55,0.0,7,7.0,classical
Glomerular,endothelial_mesangial,Lineage3,C4B,7,0.6500000000000001,0.0,7,7.0,classical
Glomerular,endothelial_mesangial,Lineage3,C4B,8,0.75,0.0,6,6.0,classical
Glomerular,endothelial_mesangial,Lineage3,C4B,9,0.8500000000000001,0.0,5,5.0,classical
Glomerular,endothelial_mesangial,Lineage3,C4B,10,0.95,0.0,8,8.0,classical
Glomerular,endothelial_mesangial,Lineage3,C4BPA,1,0.05,0.0033774400011542,35,27.46777610508315,classical
Glomerular,endothelial_mesangial,Lineage3,C4BPA,2,0.15,0.0011386477443304,26,19.29158406953158,classical
Glomerular,endothelial_mesangial,Lineage3,C4BPA,3,0.25,0.0113752386309123,62,45.20052784423752,classical
Glomerular,endothelial_mesangial,Lineage3,C4BPA,4,0.35,0.0141702751822603,28,23.465852899351027,classical
Glomerular,endothelial_mesangial,Lineage3,C4BPA,5,0.45,0.008993709587027,13,12.253402703634665,classical
Glomerular,endothelial_mesangial,Lineage3,C4BPA,6,0.55,0.0085709483000125,7,7.0,classical
Glomerular,endothelial_mesangial,Lineage3,C4BPA,7,0.6500000000000001,0.0164933735952989,7,7.0,classical
Glomerular,endothelial_mesangial,Lineage3,C4BPA,8,0.75,0.0,6,6.0,classical
Glomerular,endothelial_mesangial,Lineage3,C4BPA,9,0.8500000000000001,0.0,5,5.0,classical
Glomerular,endothelial_mesangial,Lineage3,C4BPA,10,0.95,0.0047921536923684,8,8.0,classical
Glomerular,endothelial_mesangial,Lineage3,C4BPB,1,0.05,0.0064883425819529,35,27.46777610508315,classical
Glomerular,endothelial_mesangial,Lineage3,C4BPB,2,0.15,0.0,26,19.29158406953158,classical
Glomerular,endothelial_mesangial,Lineage3,C4BPB,3,0.25,0.0013145936559023,62,45.20052784423752,classical
Glomerular,endothelial_mesangial,Lineage3,C4BPB,4,0.35,0.0047438016465647,28,23.465852899351027,classical
Glomerular,endothelial_mesangial,Lineage3,C4BPB,5,0.45,0.0,13,12.253402703634665,classical
Glomerular,endothelial_mesangial,Lineage3,C4BPB,6,0.55,0.0,7,7.0,classical
Glomerular,endothelial_mesangial,Lineage3,C4BPB,7,0.6500000000000001,0.0,7,7.0,classical
Glomerular,endothelial_mesangial,Lineage3,C4BPB,8,0.75,0.0,6,6.0,classical
Glomerular,endothelial_mesangial,Lineage3,C4BPB,9,0.8500000000000001,0.0,5,5.0,classical
Glomerular,endothelial_mesangial,Lineage3,C4BPB,10,0.95,0.0,8,8.0,classical
Glomerular,endothelial_mesangial,Lineage3,MBL2,1,0.05,0.0,35,27.46777610508315,lectin
Glomerular,endothelial_mesangial,Lineage3,MBL2,2,0.15,0.0,26,19.29158406953158,lectin
Glomerular,endothelial_mesangial,Lineage3,MBL2,3,0.25,0.0,62,45.20052784423752,lectin
Glomerular,endothelial_mesangial,Lineage3,MBL2,4,0.35,0.0,28,23.465852899351027,lectin
Glomerular,endothelial_mesangial,Lineage3,MBL2,5,0.45,0.0,13,12.253402703634665,lectin
Glomerular,endothelial_mesangial,Lineage3,MBL2,6,0.55,0.0,7,7.0,lectin
Glomerular,endothelial_mesangial,Lineage3,MBL2,7,0.6500000000000001,0.0,7,7.0,lectin
Glomerular,endothelial_mesangial,Lineage3,MBL2,8,0.75,0.0,6,6.0,lectin
Glomerular,endothelial_mesangial,Lineage3,MBL2,9,0.8500000000000001,0.0,5,5.0,lectin
Glomerular,endothelial_mesangial,Lineage3,MBL2,10,0.95,0.0,8,8.0,lectin
Glomerular,endothelial_mesangial,Lineage3,FCN1,1,0.05,0.0128625788045951,35,27.46777610508315,lectin
Glomerular,endothelial_mesangial,Lineage3,FCN1,2,0.15,0.0134809858697709,26,19.29158406953158,lectin
Glomerular,endothelial_mesangial,Lineage3,FCN1,3,0.25,0.0097167319152291,62,45.20052784423752,lectin
Glomerular,endothelial_mesangial,Lineage3,FCN1,4,0.35,0.0047005276552585,28,23.465852899351027,lectin
Glomerular,endothelial_mesangial,Lineage3,FCN1,5,0.45,0.008993709587027,13,12.253402703634665,lectin
Glomerular,endothelial_mesangial,Lineage3,FCN1,6,0.55,0.0,7,7.0,lectin
Glomerular,endothelial_mesangial,Lineage3,FCN1,7,0.6500000000000001,0.0261900653805276,7,7.0,lectin
Glomerular,endothelial_mesangial,Lineage3,FCN1,8,0.75,0.035860931145756,6,6.0,lectin
Glomerular,endothelial_mesangial,Lineage3,FCN1,9,0.8500000000000001,0.1702661585832146,5,5.0,lectin
Glomerular,endothelial_mesangial,Lineage3,FCN1,10,0.95,0.0047921536923684,8,8.0,lectin
Glomerular,endothelial_mesangial,Lineage3,FCN2,1,0.05,0.0021027408221437,35,27.46777610508315,lectin
Glomerular,endothelial_mesangial,Lineage3,FCN2,2,0.15,0.0161438985963247,26,19.29158406953158,lectin
Glomerular,endothelial_mesangial,Lineage3,FCN2,3,0.25,0.0046290224265071,62,45.20052784423752,lectin
Glomerular,endothelial_mesangial,Lineage3,FCN2,4,0.35,0.0,28,23.465852899351027,lectin
Glomerular,endothelial_mesangial,Lineage3,FCN2,5,0.45,0.0043116927162378,13,12.253402703634665,lectin
Glomerular,endothelial_mesangial,Lineage3,FCN2,6,0.55,0.0,7,7.0,lectin
Glomerular,endothelial_mesangial,Lineage3,FCN2,7,0.6500000000000001,0.0,7,7.0,lectin
Glomerular,endothelial_mesangial,Lineage3,FCN2,8,0.75,0.0,6,6.0,lectin
Glomerular,endothelial_mesangial,Lineage3,FCN2,9,0.8500000000000001,0.0,5,5.0,lectin
Glomerular,endothelial_mesangial,Lineage3,FCN2,10,0.95,0.0,8,8.0,lectin
Glomerular,endothelial_mesangial,Lineage3,FCN3,1,0.05,0.6330610428921084,35,27.46777610508315,lectin
Glomerular,endothelial_mesangial,Lineage3,FCN3,2,0.15,0.6593927323819198,26,19.29158406953158,lectin
Glomerular,endothelial_mesangial,Lineage3,FCN3,3,0.25,0.7219761194843725,62,45.20052784423752,lectin
Glomerular,endothelial_mesangial,Lineage3,FCN3,4,0.35,0.8784690884826469,28,23.465852899351027,lectin
Glomerular,endothelial_mesangial,Lineage3,FCN3,5,0.45,0.8286162331152385,13,12.253402703634665,lectin
Glomerular,endothelial_mesangial,Lineage3,FCN3,6,0.55,0.7504184011805677,7,7.0,lectin
Glomerular,endothelial_mesangial,Lineage3,FCN3,7,0.6500000000000001,0.7222634202223418,7,7.0,lectin
Glomerular,endothelial_mesangial,Lineage3,FCN3,8,0.75,0.2595885906722863,6,6.0,lectin
Glomerular,endothelial_mesangial,Lineage3,FCN3,9,0.8500000000000001,0.2168364768807695,5,5.0,lectin
Glomerular,endothelial_mesangial,Lineage3,FCN3,10,0.95,0.0523845144566468,8,8.0,lectin
Glomerular,endothelial_mesangial,Lineage3,MASP1,1,0.05,0.0129791475732933,35,27.46777610508315,lectin
Glomerular,endothelial_mesangial,Lineage3,MASP1,2,0.15,0.0288239741768421,26,19.29158406953158,lectin
Glomerular,endothelial_mesangial,Lineage3,MASP1,3,0.25,0.042301630038629,62,45.20052784423752,lectin
Glomerular,endothelial_mesangial,Lineage3,MASP1,4,0.35,0.0533838099058237,28,23.465852899351027,lectin
Glomerular,endothelial_mesangial,Lineage3,MASP1,5,0.45,0.0413059848222885,13,12.253402703634665,lectin
Glomerular,endothelial_mesangial,Lineage3,MASP1,6,0.55,0.0167759017936809,7,7.0,lectin
Glomerular,endothelial_mesangial,Lineage3,MASP1,7,0.6500000000000001,0.1512565958617865,7,7.0,lectin
Glomerular,endothelial_mesangial,Lineage3,MASP1,8,0.75,0.0835110882436423,6,6.0,lectin
Glomerular,endothelial_mesangial,Lineage3,MASP1,9,0.8500000000000001,0.0651225203255196,5,5.0,lectin
Glomerular,endothelial_mesangial,Lineage3,MASP1,10,0.95,0.0130608873166505,8,8.0,lectin
Glomerular,endothelial_mesangial,Lineage3,MASP2,1,0.05,0.0004582182261365,35,27.46777610508315,lectin
Glomerular,endothelial_mesangial,Lineage3,MASP2,2,0.15,0.0068491166047843,26,19.29158406953158,lectin
Glomerular,endothelial_mesangial,Lineage3,MASP2,3,0.25,0.0064916825959936,62,45.20052784423752,lectin
Glomerular,endothelial_mesangial,Lineage3,MASP2,4,0.35,0.0215109634259222,28,23.465852899351027,lectin
Glomerular,endothelial_mesangial,Lineage3,MASP2,5,0.45,0.0043116927162378,13,12.253402703634665,lectin
Glomerular,endothelial_mesangial,Lineage3,MASP2,6,0.55,0.0,7,7.0,lectin
Glomerular,endothelial_mesangial,Lineage3,MASP2,7,0.6500000000000001,0.0,7,7.0,lectin
Glomerular,endothelial_mesangial,Lineage3,MASP2,8,0.75,0.0,6,6.0,lectin
Glomerular,endothelial_mesangial,Lineage3,MASP2,9,0.8500000000000001,0.0,5,5.0,lectin
Glomerular,endothelial_mesangial,Lineage3,MASP2,10,0.95,0.0,8,8.0,lectin
Glomerular,endothelial_mesangial,Lineage3,C3,1,0.05,0.0275314507125487,35,27.46777610508315,alternative
Glomerular,endothelial_mesangial,Lineage3,C3,2,0.15,0.02900088570258,26,19.29158406953158,alternative
Glomerular,endothelial_mesangial,Lineage3,C3,3,0.25,0.1051682498869933,62,45.20052784423752,alternative
Glomerular,endothelial_mesangial,Lineage3,C3,4,0.35,0.0098977973323733,28,23.465852899351027,alternative
Glomerular,endothelial_mesangial,Lineage3,C3,5,0.45,0.0885347866678342,13,12.253402703634665,alternative
Glomerular,endothelial_mesangial,Lineage3,C3,6,0.55,0.1294785784789587,7,7.0,alternative
Glomerular,endothelial_mesangial,Lineage3,C3,7,0.6500000000000001,0.0522079371840393,7,7.0,alternative
Glomerular,endothelial_mesangial,Lineage3,C3,8,0.75,0.0378749933126254,6,6.0,alternative
Glomerular,endothelial_mesangial,Lineage3,C3,9,0.8500000000000001,0.1933072306126093,5,5.0,alternative
Glomerular,endothelial_mesangial,Lineage3,C3,10,0.95,0.3026007509211436,8,8.0,alternative
Glomerular,endothelial_mesangial,Lineage3,CFB,1,0.05,0.044052576463926,35,27.46777610508315,alternative
Glomerular,endothelial_mesangial,Lineage3,CFB,2,0.15,0.0507620482516755,26,19.29158406953158,alternative
Glomerular,endothelial_mesangial,Lineage3,CFB,3,0.25,0.081890248531103,62,45.20052784423752,alternative
Glomerular,endothelial_mesangial,Lineage3,CFB,4,0.35,0.0429388327994912,28,23.465852899351027,alternative
Glomerular,endothelial_mesangial,Lineage3,CFB,5,0.45,0.1084210671725639,13,12.253402703634665,alternative
Glomerular,endothelial_mesangial,Lineage3,CFB,6,0.55,0.039113619172407,7,7.0,alternative
Glomerular,endothelial_mesangial,Lineage3,CFB,7,0.6500000000000001,0.0966418605686325,7,7.0,alternative
Glomerular,endothelial_mesangial,Lineage3,CFB,8,0.75,0.0170319703596534,6,6.0,alternative
Glomerular,endothelial_mesangial,Lineage3,CFB,9,0.8500000000000001,0.0118521595590528,5,5.0,alternative
Glomerular,endothelial_mesangial,Lineage3,CFB,10,0.95,0.1887518652027517,8,8.0,alternative
Glomerular,endothelial_mesangial,Lineage3,CFD,1,0.05,0.0,35,27.46777610508315,alternative
Glomerular,endothelial_mesangial,Lineage3,CFD,2,0.15,0.0112739151012193,26,19.29158406953158,alternative
Glomerular,endothelial_mesangial,Lineage3,CFD,3,0.25,0.0183767641422101,62,45.20052784423752,alternative
Glomerular,endothelial_mesangial,Lineage3,CFD,4,0.35,0.0123888967758717,28,23.465852899351027,alternative
Glomerular,endothelial_mesangial,Lineage3,CFD,5,0.45,0.0237294516039524,13,12.253402703634665,alternative
Glomerular,endothelial_mesangial,Lineage3,CFD,6,0.55,0.0,7,7.0,alternative
Glomerular,endothelial_mesangial,Lineage3,CFD,7,0.6500000000000001,0.0742094131537076,7,7.0,alternative
Glomerular,endothelial_mesangial,Lineage3,CFD,8,0.75,0.0058728533657879,6,6.0,alternative
Glomerular,endothelial_mesangial,Lineage3,CFD,9,0.8500000000000001,0.5440591743932253,5,5.0,alternative
Glomerular,endothelial_mesangial,Lineage3,CFD,10,0.95,0.0047921536923684,8,8.0,alternative
Glomerular,endothelial_mesangial,Lineage3,CFP,1,0.05,0.0,35,27.46777610508315,alternative
Glomerular,endothelial_mesangial,Lineage3,CFP,2,0.15,0.0011386477443304,26,19.29158406953158,alternative
Glomerular,endothelial_mesangial,Lineage3,CFP,3,0.25,0.0078691212899975,62,45.20052784423752,alternative
Glomerular,endothelial_mesangial,Lineage3,CFP,4,0.35,0.0120350982970827,28,23.465852899351027,alternative
Glomerular,endothelial_mesangial,Lineage3,CFP,5,0.45,0.0043116927162378,13,12.253402703634665,alternative
Glomerular,endothelial_mesangial,Lineage3,CFP,6,0.55,0.0,7,7.0,alternative
Glomerular,endothelial_mesangial,Lineage3,CFP,7,0.6500000000000001,0.0,7,7.0,alternative
Glomerular,endothelial_mesangial,Lineage3,CFP,8,0.75,0.0,6,6.0,alternative
Glomerular,endothelial_mesangial,Lineage3,CFP,9,0.8500000000000001,0.0,5,5.0,alternative
Glomerular,endothelial_mesangial,Lineage3,CFP,10,0.95,0.0,8,8.0,alternative
Glomerular,endothelial_mesangial,Lineage3,C5,1,0.05,0.0537606496495779,35,27.46777610508315,terminal
Glomerular,endothelial_mesangial,Lineage3,C5,2,0.15,0.0501393912946929,26,19.29158406953158,terminal
Glomerular,endothelial_mesangial,Lineage3,C5,3,0.25,0.0465489089630303,62,45.20052784423752,terminal
Glomerular,endothelial_mesangial,Lineage3,C5,4,0.35,0.0780350880566414,28,23.465852899351027,terminal
Glomerular,endothelial_mesangial,Lineage3,C5,5,0.45,0.1097137042524436,13,12.253402703634665,terminal
Glomerular,endothelial_mesangial,Lineage3,C5,6,0.55,0.0558895209660879,7,7.0,terminal
Glomerular,endothelial_mesangial,Lineage3,C5,7,0.6500000000000001,0.0982069578066227,7,7.0,terminal
Glomerular,endothelial_mesangial,Lineage3,C5,8,0.75,0.1212352239338687,6,6.0,terminal
Glomerular,endothelial_mesangial,Lineage3,C5,9,0.8500000000000001,0.1874689352958196,5,5.0,terminal
Glomerular,endothelial_mesangial,Lineage3,C5,10,0.95,0.0305349165214572,8,8.0,terminal
Glomerular,endothelial_mesangial,Lineage3,C6,1,0.05,0.0245110435540155,35,27.46777610508315,terminal
Glomerular,endothelial_mesangial,Lineage3,C6,2,0.15,0.0056307577470728,26,19.29158406953158,terminal
Glomerular,endothelial_mesangial,Lineage3,C6,3,0.25,0.0213046260621794,62,45.20052784423752,terminal
Glomerular,endothelial_mesangial,Lineage3,C6,4,0.35,0.0224359950346665,28,23.465852899351027,terminal
Glomerular,endothelial_mesangial,Lineage3,C6,5,0.45,0.0297058263887329,13,12.253402703634665,terminal
Glomerular,endothelial_mesangial,Lineage3,C6,6,0.55,0.0242776848951896,7,7.0,terminal
Glomerular,endothelial_mesangial,Lineage3,C6,7,0.6500000000000001,0.0075805673613759,7,7.0,terminal
Glomerular,endothelial_mesangial,Lineage3,C6,8,0.75,0.061200887858259,6,6.0,terminal
Glomerular,endothelial_mesangial,Lineage3,C6,9,0.8500000000000001,0.0,5,5.0,terminal
Glomerular,endothelial_mesangial,Lineage3,C6,10,0.95,0.0335376244061849,8,8.0,terminal
Glomerular,endothelial_mesangial,Lineage3,C7,1,0.05,0.2065553411015926,35,27.46777610508315,terminal
Glomerular,endothelial_mesangial,Lineage3,C7,2,0.15,0.3406549499344471,26,19.29158406953158,terminal
Glomerular,endothelial_mesangial,Lineage3,C7,3,0.25,0.5185795618557139,62,45.20052784423752,terminal
Glomerular,endothelial_mesangial,Lineage3,C7,4,0.35,0.5492988032092389,28,23.465852899351027,terminal
Glomerular,endothelial_mesangial,Lineage3,C7,5,0.45,0.8101369486630817,13,12.253402703634665,terminal
Glomerular,endothelial_mesangial,Lineage3,C7,6,0.55,0.4079348748075712,7,7.0,terminal
Glomerular,endothelial_mesangial,Lineage3,C7,7,0.6500000000000001,0.4058499503907758,7,7.0,terminal
Glomerular,endothelial_mesangial,Lineage3,C7,8,0.75,0.5125123602336602,6,6.0,terminal
Glomerular,endothelial_mesangial,Lineage3,C7,9,0.8500000000000001,0.7263753478590597,5,5.0,terminal
Glomerular,endothelial_mesangial,Lineage3,C7,10,0.95,0.2228908705294652,8,8.0,terminal
Glomerular,endothelial_mesangial,Lineage3,C8A,1,0.05,0.0058802858995724,35,27.46777610508315,terminal
Glomerular,endothelial_mesangial,Lineage3,C8A,2,0.15,0.0047218527790043,26,19.29158406953158,terminal
Glomerular,endothelial_mesangial,Lineage3,C8A,3,0.25,0.0028737681069107,62,45.20052784423752,terminal
Glomerular,endothelial_mesangial,Lineage3,C8A,4,0.35,0.0032229844784897,28,23.465852899351027,terminal
Glomerular,endothelial_mesangial,Lineage3,C8A,5,0.45,0.0058910203258208,13,12.253402703634665,terminal
Glomerular,endothelial_mesangial,Lineage3,C8A,6,0.55,0.0,7,7.0,terminal
Glomerular,endothelial_mesangial,Lineage3,C8A,7,0.6500000000000001,0.0075805673613759,7,7.0,terminal
Glomerular,endothelial_mesangial,Lineage3,C8A,8,0.75,0.0,6,6.0,terminal
Glomerular,endothelial_mesangial,Lineage3,C8A,9,0.8500000000000001,0.0,5,5.0,terminal
Glomerular,endothelial_mesangial,Lineage3,C8A,10,0.95,0.0,8,8.0,terminal
Glomerular,endothelial_mesangial,Lineage3,C8B,1,0.05,0.0018268107794804,35,27.46777610508315,terminal
Glomerular,endothelial_mesangial,Lineage3,C8B,2,0.15,0.0,26,19.29158406953158,terminal
Glomerular,endothelial_mesangial,Lineage3,C8B,3,0.25,0.0,62,45.20052784423752,terminal
Glomerular,endothelial_mesangial,Lineage3,C8B,4,0.35,0.0,28,23.465852899351027,terminal
Glomerular,endothelial_mesangial,Lineage3,C8B,5,0.45,0.0,13,12.253402703634665,terminal
Glomerular,endothelial_mesangial,Lineage3,C8B,6,0.55,0.0,7,7.0,terminal
Glomerular,endothelial_mesangial,Lineage3,C8B,7,0.6500000000000001,0.0,7,7.0,terminal
Glomerular,endothelial_mesangial,Lineage3,C8B,8,0.75,0.0,6,6.0,terminal
Glomerular,endothelial_mesangial,Lineage3,C8B,9,0.8500000000000001,0.0,5,5.0,terminal
Glomerular,endothelial_mesangial,Lineage3,C8B,10,0.95,0.0042027263055941,8,8.0,terminal
Glomerular,endothelial_mesangial,Lineage3,C8G,1,0.05,0.0023564694896215,35,27.46777610508315,terminal
Glomerular,endothelial_mesangial,Lineage3,C8G,2,0.15,0.011482905430573,26,19.29158406953158,terminal
Glomerular,endothelial_mesangial,Lineage3,C8G,3,0.25,0.0061455334349214,62,45.20052784423752,terminal
Glomerular,endothelial_mesangial,Lineage3,C8G,4,0.35,0.0078266217101555,28,23.465852899351027,terminal
Glomerular,endothelial_mesangial,Lineage3,C8G,5,0.45,0.0086369065458675,13,12.253402703634665,terminal
Glomerular,endothelial_mesangial,Lineage3,C8G,6,0.55,0.0,7,7.0,terminal
Glomerular,endothelial_mesangial,Lineage3,C8G,7,0.6500000000000001,0.0,7,7.0,terminal
Glomerular,endothelial_mesangial,Lineage3,C8G,8,0.75,0.0,6,6.0,terminal
Glomerular,endothelial_mesangial,Lineage3,C8G,9,0.8500000000000001,0.0,5,5.0,terminal
Glomerular,endothelial_mesangial,Lineage3,C8G,10,0.95,0.0,8,8.0,terminal
Glomerular,endothelial_mesangial,Lineage3,C9,1,0.05,0.0249769763488527,35,27.46777610508315,terminal
Glomerular,endothelial_mesangial,Lineage3,C9,2,0.15,0.0538588420660814,26,19.29158406953158,terminal
Glomerular,endothelial_mesangial,Lineage3,C9,3,0.25,0.0906010639399831,62,45.20052784423752,terminal
Glomerular,endothelial_mesangial,Lineage3,C9,4,0.35,0.0709891846988358,28,23.465852899351027,terminal
Glomerular,endothelial_mesangial,Lineage3,C9,5,0.45,0.0730715382434472,13,12.253402703634665,terminal
Glomerular,endothelial_mesangial,Lineage3,C9,6,0.55,0.0109226942298619,7,7.0,terminal
Glomerular,endothelial_mesangial,Lineage3,C9,7,0.6500000000000001,0.0911584198739868,7,7.0,terminal
Glomerular,endothelial_mesangial,Lineage3,C9,8,0.75,0.0587415319462279,6,6.0,terminal
Glomerular,endothelial_mesangial,Lineage3,C9,9,0.8500000000000001,0.0230410720293947,5,5.0,terminal
Glomerular,endothelial_mesangial,Lineage3,C9,10,0.95,0.0180609273507806,8,8.0,terminal
Glomerular,endothelial_mesangial,Lineage3,C3AR1,1,0.05,0.0018693079448183,35,27.46777610508315,receptor
Glomerular,endothelial_mesangial,Lineage3,C3AR1,2,0.15,0.0062176404845296,26,19.29158406953158,receptor
Glomerular,endothelial_mesangial,Lineage3,C3AR1,3,0.25,0.016745740314553,62,45.20052784423752,receptor
Glomerular,endothelial_mesangial,Lineage3,C3AR1,4,0.35,0.0050455685704491,28,23.465852899351027,receptor
Glomerular,endothelial_mesangial,Lineage3,C3AR1,5,0.45,0.0043116927162378,13,12.253402703634665,receptor
Glomerular,endothelial_mesangial,Lineage3,C3AR1,6,0.55,0.0,7,7.0,receptor
Glomerular,endothelial_mesangial,Lineage3,C3AR1,7,0.6500000000000001,0.0,7,7.0,receptor
Glomerular,endothelial_mesangial,Lineage3,C3AR1,8,0.75,0.0058728533657879,6,6.0,receptor
Glomerular,endothelial_mesangial,Lineage3,C3AR1,9,0.8500000000000001,0.0,5,5.0,receptor
Glomerular,endothelial_mesangial,Lineage3,C3AR1,10,0.95,0.0,8,8.0,receptor
Glomerular,endothelial_mesangial,Lineage3,C5AR1,1,0.05,0.0627726184965229,35,27.46777610508315,receptor
Glomerular,endothelial_mesangial,Lineage3,C5AR1,2,0.15,0.0191927605544013,26,19.29158406953158,receptor
Glomerular,endothelial_mesangial,Lineage3,C5AR1,3,0.25,0.0647211131073699,62,45.20052784423752,receptor
Glomerular,endothelial_mesangial,Lineage3,C5AR1,4,0.35,0.0528479652617127,28,23.465852899351027,receptor
Glomerular,endothelial_mesangial,Lineage3,C5AR1,5,0.45,0.033258526570067,13,12.253402703634665,receptor
Glomerular,endothelial_mesangial,Lineage3,C5AR1,6,0.55,0.0242776848951896,7,7.0,receptor
Glomerular,endothelial_mesangial,Lineage3,C5AR1,7,0.6500000000000001,0.1277965540825378,7,7.0,receptor
Glomerular,endothelial_mesangial,Lineage3,C5AR1,8,0.75,0.2434595610509526,6,6.0,receptor
Glomerular,endothelial_mesangial,Lineage3,C5AR1,9,0.8500000000000001,0.0336370506815396,5,5.0,receptor
Glomerular,endothelial_mesangial,Lineage3,C5AR1,10,0.95,0.0042027263055941,8,8.0,receptor
Glomerular,endothelial_mesangial,Lineage3,C5AR2,1,0.05,0.0180333182190444,35,27.46777610508315,receptor
Glomerular,endothelial_mesangial,Lineage3,C5AR2,2,0.15,0.0128611007463816,26,19.29158406953158,receptor
Glomerular,endothelial_mesangial,Lineage3,C5AR2,3,0.25,0.0257557716331936,62,45.20052784423752,receptor
Glomerular,endothelial_mesangial,Lineage3,C5AR2,4,0.35,0.0217998248503784,28,23.465852899351027,receptor
Glomerular,endothelial_mesangial,Lineage3,C5AR2,5,0.45,0.0193903762127569,13,12.253402703634665,receptor
Glomerular,endothelial_mesangial,Lineage3,C5AR2,6,0.55,0.0,7,7.0,receptor
Glomerular,endothelial_mesangial,Lineage3,C5AR2,7,0.6500000000000001,0.04801934777318,7,7.0,receptor
Glomerular,endothelial_mesangial,Lineage3,C5AR2,8,0.75,0.0403338501831716,6,6.0,receptor
Glomerular,endothelial_mesangial,Lineage3,C5AR2,9,0.8500000000000001,0.0118521595590528,5,5.0,receptor
Glomerular,endothelial_mesangial,Lineage3,C5AR2,10,0.95,0.0,8,8.0,receptor
Glomerular,endothelial_mesangial,Lineage3,CR1,1,0.05,0.0145281787583334,35,27.46777610508315,receptor
Glomerular,endothelial_mesangial,Lineage3,CR1,2,0.15,0.0108223016828474,26,19.29158406953158,receptor
Glomerular,endothelial_mesangial,Lineage3,CR1,3,0.25,0.0418114662447885,62,45.20052784423752,receptor
Glomerular,endothelial_mesangial,Lineage3,CR1,4,0.35,0.0523114818696826,28,23.465852899351027,receptor
Glomerular,endothelial_mesangial,Lineage3,CR1,5,0.45,0.0611628605385973,13,12.253402703634665,receptor
Glomerular,endothelial_mesangial,Lineage3,CR1,6,0.55,0.1247329778759674,7,7.0,receptor
Glomerular,endothelial_mesangial,Lineage3,CR1,7,0.6500000000000001,0.1950878732767191,7,7.0,receptor
Glomerular,endothelial_mesangial,Lineage3,CR1,8,0.75,0.7549771653221339,6,6.0,receptor
Glomerular,endothelial_mesangial,Lineage3,CR1,9,0.8500000000000001,0.2057051712766575,5,5.0,receptor
Glomerular,endothelial_mesangial,Lineage3,CR1,10,0.95,0.1764093870148942,8,8.0,receptor
Glomerular,endothelial_mesangial,Lineage3,CR2,1,0.05,0.0268571487858193,35,27.46777610508315,receptor
Glomerular,endothelial_mesangial,Lineage3,CR2,2,0.15,0.0,26,19.29158406953158,receptor
Glomerular,endothelial_mesangial,Lineage3,CR2,3,0.25,0.0099169757909809,62,45.20052784423752,receptor
Glomerular,endothelial_mesangial,Lineage3,CR2,4,0.35,0.0089267613691786,28,23.465852899351027,receptor
Glomerular,endothelial_mesangial,Lineage3,CR2,5,0.45,0.021697413330523,13,12.253402703634665,receptor
Glomerular,endothelial_mesangial,Lineage3,CR2,6,0.55,0.0,7,7.0,receptor
Glomerular,endothelial_mesangial,Lineage3,CR2,7,0.6500000000000001,0.0606049946208697,7,7.0,receptor
Glomerular,endothelial_mesangial,Lineage3,CR2,8,0.75,0.0,6,6.0,receptor
Glomerular,endothelial_mesangial,Lineage3,CR2,9,0.8500000000000001,0.0,5,5.0,receptor
Glomerular,endothelial_mesangial,Lineage3,CR2,10,0.95,0.0,8,8.0,receptor
Glomerular,endothelial_mesangial,Lineage3,ITGAM,1,0.05,0.0171607225002076,35,27.46777610508315,receptor
Glomerular,endothelial_mesangial,Lineage3,ITGAM,2,0.15,0.0092139627817467,26,19.29158406953158,receptor
Glomerular,endothelial_mesangial,Lineage3,ITGAM,3,0.25,0.018437384862238,62,45.20052784423752,receptor
Glomerular,endothelial_mesangial,Lineage3,ITGAM,4,0.35,0.0103364848731788,28,23.465852899351027,receptor
Glomerular,endothelial_mesangial,Lineage3,ITGAM,5,0.45,0.0,13,12.253402703634665,receptor
Glomerular,endothelial_mesangial,Lineage3,ITGAM,6,0.55,0.0133549906653277,7,7.0,receptor
Glomerular,endothelial_mesangial,Lineage3,ITGAM,7,0.6500000000000001,0.0260178718035117,7,7.0,receptor
Glomerular,endothelial_mesangial,Lineage3,ITGAM,8,0.75,0.0208665386336024,6,6.0,receptor
Glomerular,endothelial_mesangial,Lineage3,ITGAM,9,0.8500000000000001,0.0,5,5.0,receptor
Glomerular,endothelial_mesangial,Lineage3,ITGAM,10,0.95,0.0,8,8.0,receptor
Glomerular,endothelial_mesangial,Lineage3,ITGAX,1,0.05,0.0145514367943212,35,27.46777610508315,receptor
Glomerular,endothelial_mesangial,Lineage3,ITGAX,2,0.15,0.0124001856652437,26,19.29158406953158,receptor
Glomerular,endothelial_mesangial,Lineage3,ITGAX,3,0.25,0.0135163807938322,62,45.20052784423752,receptor
Glomerular,endothelial_mesangial,Lineage3,ITGAX,4,0.35,0.0127238606460974,28,23.465852899351027,receptor
Glomerular,endothelial_mesangial,Lineage3,ITGAX,5,0.45,0.0385945905355118,13,12.253402703634665,receptor
Glomerular,endothelial_mesangial,Lineage3,ITGAX,6,0.55,0.2098186814293039,7,7.0,receptor
Glomerular,endothelial_mesangial,Lineage3,ITGAX,7,0.6500000000000001,0.0187837796958767,7,7.0,receptor
Glomerular,endothelial_mesangial,Lineage3,ITGAX,8,0.75,0.0394088928645611,6,6.0,receptor
Glomerular,endothelial_mesangial,Lineage3,ITGAX,9,0.8500000000000001,0.0,5,5.0,receptor
Glomerular,endothelial_mesangial,Lineage3,ITGAX,10,0.95,0.0181560029815868,8,8.0,receptor
Glomerular,endothelial_mesangial,Lineage3,VSIG4,1,0.05,0.0018693079448183,35,27.46777610508315,receptor
Glomerular,endothelial_mesangial,Lineage3,VSIG4,2,0.15,0.0,26,19.29158406953158,receptor
Glomerular,endothelial_mesangial,Lineage3,VSIG4,3,0.25,0.0069267479088627,62,45.20052784423752,receptor
Glomerular,endothelial_mesangial,Lineage3,VSIG4,4,0.35,0.0102983363412166,28,23.465852899351027,receptor
Glomerular,endothelial_mesangial,Lineage3,VSIG4,5,0.45,0.011385276858383,13,12.253402703634665,receptor
Glomerular,endothelial_mesangial,Lineage3,VSIG4,6,0.55,0.0,7,7.0,receptor
Glomerular,endothelial_mesangial,Lineage3,VSIG4,7,0.6500000000000001,0.0,7,7.0,receptor
Glomerular,endothelial_mesangial,Lineage3,VSIG4,8,0.75,0.0058728533657879,6,6.0,receptor
Glomerular,endothelial_mesangial,Lineage3,VSIG4,9,0.8500000000000001,0.0163616803185641,5,5.0,receptor
Glomerular,endothelial_mesangial,Lineage3,VSIG4,10,0.95,0.1858659839168099,8,8.0,receptor
Glomerular,endothelial_mesangial,Lineage3,CFH,1,0.05,0.0489906393444272,35,27.46777610508315,regulator
Glomerular,endothelial_mesangial,Lineage3,CFH,2,0.15,0.1346111656439196,26,19.29158406953158,regulator
Glomerular,endothelial_mesangial,Lineage3,CFH,3,0.25,0.1344825899218435,62,45.20052784423752,regulator
Glomerular,endothelial_mesangial,Lineage3,CFH,4,0.35,0.1211267399515118,28,23.465852899351027,regulator
Glomerular,endothelial_mesangial,Lineage3,CFH,5,0.45,0.2581126744819469,13,12.253402703634665,regulator
Glomerular,endothelial_mesangial,Lineage3,CFH,6,0.55,0.2589177491078569,7,7.0,regulator
Glomerular,endothelial_mesangial,Lineage3,CFH,7,0.6500000000000001,0.8602315328058229,7,7.0,regulator
Glomerular,endothelial_mesangial,Lineage3,CFH,8,0.75,0.6698799501724709,6,6.0,regulator
Glomerular,endothelial_mesangial,Lineage3,CFH,9,0.8500000000000001,1.0274180829640776,5,5.0,regulator
Glomerular,endothelial_mesangial,Lineage3,CFH,10,0.95,1.0271085132999014,8,8.0,regulator
Glomerular,endothelial_mesangial,Lineage3,CFI,1,0.05,0.1279425777717044,35,27.46777610508315,regulator
Glomerular,endothelial_mesangial,Lineage3,CFI,2,0.15,0.1935172176356966,26,19.29158406953158,regulator
Glomerular,endothelial_mesangial,Lineage3,CFI,3,0.25,0.2881845067497728,62,45.20052784423752,regulator
Glomerular,endothelial_mesangial,Lineage3,CFI,4,0.35,0.3528378971480077,28,23.465852899351027,regulator
Glomerular,endothelial_mesangial,Lineage3,CFI,5,0.45,0.4514293803409134,13,12.253402703634665,regulator
Glomerular,endothelial_mesangial,Lineage3,CFI,6,0.55,0.4864221228438,7,7.0,regulator
Glomerular,endothelial_mesangial,Lineage3,CFI,7,0.6500000000000001,0.3936926872561578,7,7.0,regulator
Glomerular,endothelial_mesangial,Lineage3,CFI,8,0.75,0.3428730304387837,6,6.0,regulator
Glomerular,endothelial_mesangial,Lineage3,CFI,9,0.8500000000000001,0.4109032543016188,5,5.0,regulator
Glomerular,endothelial_mesangial,Lineage3,CFI,10,0.95,0.4758067958981353,8,8.0,regulator
Glomerular,endothelial_mesangial,Lineage3,CD46,1,0.05,0.8369307091205551,35,27.46777610508315,regulator
Glomerular,endothelial_mesangial,Lineage3,CD46,2,0.15,0.9324367903967724,26,19.29158406953158,regulator
Glomerular,endothelial_mesangial,Lineage3,CD46,3,0.25,0.9558931322911316,62,45.20052784423752,regulator
Glomerular,endothelial_mesangial,Lineage3,CD46,4,0.35,1.040857718563292,28,23.465852899351027,regulator
Glomerular,endothelial_mesangial,Lineage3,CD46,5,0.45,1.0574000745517873,13,12.253402703634665,regulator
Glomerular,endothelial_mesangial,Lineage3,CD46,6,0.55,0.8481586851702124,7,7.0,regulator
Glomerular,endothelial_mesangial,Lineage3,CD46,7,0.6500000000000001,1.0671784930073964,7,7.0,regulator
Glomerular,endothelial_mesangial,Lineage3,CD46,8,0.75,0.6018456053365945,6,6.0,regulator
Glomerular,endothelial_mesangial,Lineage3,CD46,9,0.8500000000000001,1.245204471163052,5,5.0,regulator
Glomerular,endothelial_mesangial,Lineage3,CD46,10,0.95,0.5801795696594382,8,8.0,regulator
Glomerular,endothelial_mesangial,Lineage3,CD55,1,0.05,0.1256893978795291,35,27.46777610508315,regulator
Glomerular,endothelial_mesangial,Lineage3,CD55,2,0.15,0.2050976166205725,26,19.29158406953158,regulator
Glomerular,endothelial_mesangial,Lineage3,CD55,3,0.25,0.1805471591107474,62,45.20052784423752,regulator
Glomerular,endothelial_mesangial,Lineage3,CD55,4,0.35,0.2327391637815262,28,23.465852899351027,regulator
Glomerular,endothelial_mesangial,Lineage3,CD55,5,0.45,0.2964363894536787,13,12.253402703634665,regulator
Glomerular,endothelial_mesangial,Lineage3,CD55,6,0.55,0.2334575574573597,7,7.0,regulator
Glomerular,endothelial_mesangial,Lineage3,CD55,7,0.6500000000000001,0.1489303712663803,7,7.0,regulator
Glomerular,endothelial_mesangial,Lineage3,CD55,8,0.75,0.2377692603517256,6,6.0,regulator
Glomerular,endothelial_mesangial,Lineage3,CD55,9,0.8500000000000001,0.3227711007218885,5,5.0,regulator
Glomerular,endothelial_mesangial,Lineage3,CD55,10,0.95,0.1595676951380066,8,8.0,regulator
Glomerular,endothelial_mesangial,Lineage3,CD59,1,0.05,0.558402714499431,35,27.46777610508315,regulator
Glomerular,endothelial_mesangial,Lineage3,CD59,2,0.15,0.7204407315417105,26,19.29158406953158,regulator
Glomerular,endothelial_mesangial,Lineage3,CD59,3,0.25,0.8153029330574156,62,45.20052784423752,regulator
Glomerular,endothelial_mesangial,Lineage3,CD59,4,0.35,0.913799009321476,28,23.465852899351027,regulator
Glomerular,endothelial_mesangial,Lineage3,CD59,5,0.45,0.8186805672046455,13,12.253402703634665,regulator
Glomerular,endothelial_mesangial,Lineage3,CD59,6,0.55,0.7350167479821638,7,7.0,regulator
Glomerular,endothelial_mesangial,Lineage3,CD59,7,0.6500000000000001,1.0271464120882785,7,7.0,regulator
Glomerular,endothelial_mesangial,Lineage3,CD59,8,0.75,0.6047041230309506,6,6.0,regulator
Glomerular,endothelial_mesangial,Lineage3,CD59,9,0.8500000000000001,1.2113667895288365,5,5.0,regulator
Glomerular,endothelial_mesangial,Lineage3,CD59,10,0.95,0.4863651665245725,8,8.0,regulator
Glomerular,endothelial_mesangial,Lineage3,SERPING1,1,0.05,0.2207508809930106,35,27.46777610508315,regulator
Glomerular,endothelial_mesangial,Lineage3,SERPING1,2,0.15,0.3801390312115216,26,19.29158406953158,regulator
Glomerular,endothelial_mesangial,Lineage3,SERPING1,3,0.25,0.4821024058123571,62,45.20052784423752,regulator
Glomerular,endothelial_mesangial,Lineage3,SERPING1,4,0.35,0.5019773897544276,28,23.465852899351027,regulator
Glomerular,endothelial_mesangial,Lineage3,SERPING1,5,0.45,0.5317021729093827,13,12.253402703634665,regulator
Glomerular,endothelial_mesangial,Lineage3,SERPING1,6,0.55,0.2943612991762086,7,7.0,regulator
Glomerular,endothelial_mesangial,Lineage3,SERPING1,7,0.6500000000000001,0.4815205261933066,7,7.0,regulator
Glomerular,endothelial_mesangial,Lineage3,SERPING1,8,0.75,0.2502495416867903,6,6.0,regulator
Glomerular,endothelial_mesangial,Lineage3,SERPING1,9,0.8500000000000001,0.6678998252109924,5,5.0,regulator
Glomerular,endothelial_mesangial,Lineage3,SERPING1,10,0.95,0.3317103086917231,8,8.0,regulator
Glomerular,endothelial_mesangial,Lineage3,CFHR1,1,0.05,0.0,35,27.46777610508315,cfhr
Glomerular,endothelial_mesangial,Lineage3,CFHR1,2,0.15,0.0006419183488586,26,19.29158406953158,cfhr
Glomerular,endothelial_mesangial,Lineage3,CFHR1,3,0.25,0.0039150300527018,62,45.20052784423752,cfhr
Glomerular,endothelial_mesangial,Lineage3,CFHR1,4,0.35,0.0050397214177067,28,23.465852899351027,cfhr
Glomerular,endothelial_mesangial,Lineage3,CFHR1,5,0.45,0.0133054023032648,13,12.253402703634665,cfhr
Glomerular,endothelial_mesangial,Lineage3,CFHR1,6,0.55,0.0,7,7.0,cfhr
Glomerular,endothelial_mesangial,Lineage3,CFHR1,7,0.6500000000000001,0.0,7,7.0,cfhr
Glomerular,endothelial_mesangial,Lineage3,CFHR1,8,0.75,0.0,6,6.0,cfhr
Glomerular,endothelial_mesangial,Lineage3,CFHR1,9,0.8500000000000001,0.0,5,5.0,cfhr
Glomerular,endothelial_mesangial,Lineage3,CFHR1,10,0.95,0.0,8,8.0,cfhr
Glomerular,endothelial_mesangial,Lineage3,CFHR2,1,0.05,0.0088231513818897,35,27.46777610508315,cfhr
Glomerular,endothelial_mesangial,Lineage3,CFHR2,2,0.15,0.0,26,19.29158406953158,cfhr
Glomerular,endothelial_mesangial,Lineage3,CFHR2,3,0.25,0.0,62,45.20052784423752,cfhr
Glomerular,endothelial_mesangial,Lineage3,CFHR2,4,0.35,0.0,28,23.465852899351027,cfhr
Glomerular,endothelial_mesangial,Lineage3,CFHR2,5,0.45,0.0,13,12.253402703634665,cfhr
Glomerular,endothelial_mesangial,Lineage3,CFHR2,6,0.55,0.0,7,7.0,cfhr
Glomerular,endothelial_mesangial,Lineage3,CFHR2,7,0.6500000000000001,0.0,7,7.0,cfhr
Glomerular,endothelial_mesangial,Lineage3,CFHR2,8,0.75,0.0,6,6.0,cfhr
Glomerular,endothelial_mesangial,Lineage3,CFHR2,9,0.8500000000000001,0.0,5,5.0,cfhr
Glomerular,endothelial_mesangial,Lineage3,CFHR2,10,0.95,0.0,8,8.0,cfhr
Glomerular,endothelial_mesangial,Lineage3,CFHR3,1,0.05,0.0026127903237906,35,27.46777610508315,cfhr
Glomerular,endothelial_mesangial,Lineage3,CFHR3,2,0.15,0.0,26,19.29158406953158,cfhr
Glomerular,endothelial_mesangial,Lineage3,CFHR3,3,0.25,0.0,62,45.20052784423752,cfhr
Glomerular,endothelial_mesangial,Lineage3,CFHR3,4,0.35,0.0,28,23.465852899351027,cfhr
Glomerular,endothelial_mesangial,Lineage3,CFHR3,5,0.45,0.0262718811158904,13,12.253402703634665,cfhr
Glomerular,endothelial_mesangial,Lineage3,CFHR3,6,0.55,0.0,7,7.0,cfhr
Glomerular,endothelial_mesangial,Lineage3,CFHR3,7,0.6500000000000001,0.0,7,7.0,cfhr
Glomerular,endothelial_mesangial,Lineage3,CFHR3,8,0.75,0.0223433029841448,6,6.0,cfhr
Glomerular,endothelial_mesangial,Lineage3,CFHR3,9,0.8500000000000001,0.0,5,5.0,cfhr
Glomerular,endothelial_mesangial,Lineage3,CFHR3,10,0.95,0.0,8,8.0,cfhr
Glomerular,endothelial_mesangial,Lineage3,CFHR4,1,0.05,0.0,35,27.46777610508315,cfhr
Glomerular,endothelial_mesangial,Lineage3,CFHR4,2,0.15,0.0,26,19.29158406953158,cfhr
Glomerular,endothelial_mesangial,Lineage3,CFHR4,3,0.25,0.0006990700489362,62,45.20052784423752,cfhr
Glomerular,endothelial_mesangial,Lineage3,CFHR4,4,0.35,0.0,28,23.465852899351027,cfhr
Glomerular,endothelial_mesangial,Lineage3,CFHR4,5,0.45,0.0082780932421239,13,12.253402703634665,cfhr
Glomerular,endothelial_mesangial,Lineage3,CFHR4,6,0.55,0.0,7,7.0,cfhr
Glomerular,endothelial_mesangial,Lineage3,CFHR4,7,0.6500000000000001,0.0,7,7.0,cfhr
Glomerular,endothelial_mesangial,Lineage3,CFHR4,8,0.75,0.0,6,6.0,cfhr
Glomerular,endothelial_mesangial,Lineage3,CFHR4,9,0.8500000000000001,0.0,5,5.0,cfhr
Glomerular,endothelial_mesangial,Lineage3,CFHR4,10,0.95,0.0,8,8.0,cfhr
Glomerular,endothelial_mesangial,Lineage3,CFHR5,1,0.05,0.0,35,27.46777610508315,cfhr
Glomerular,endothelial_mesangial,Lineage3,CFHR5,2,0.15,0.0,26,19.29158406953158,cfhr
Glomerular,endothelial_mesangial,Lineage3,CFHR5,3,0.25,0.0031664211861374,62,45.20052784423752,cfhr
Glomerular,endothelial_mesangial,Lineage3,CFHR5,4,0.35,0.0,28,23.465852899351027,cfhr
Glomerular,endothelial_mesangial,Lineage3,CFHR5,5,0.45,0.0,13,12.253402703634665,cfhr
Glomerular,endothelial_mesangial,Lineage3,CFHR5,6,0.55,0.0,7,7.0,cfhr
Glomerular,endothelial_mesangial,Lineage3,CFHR5,7,0.6500000000000001,0.0,7,7.0,cfhr
Glomerular,endothelial_mesangial,Lineage3,CFHR5,8,0.75,0.0,6,6.0,cfhr
Glomerular,endothelial_mesangial,Lineage3,CFHR5,9,0.8500000000000001,0.0,5,5.0,cfhr
Glomerular,endothelial_mesangial,Lineage3,CFHR5,10,0.95,0.0,8,8.0,cfhr
