subclasslevel1,subclasslevel1_label,comparison_id,comparison_label,table_id,gene_symbol,complement_pathway,log2fc,q_value,significant_q0.05,passes_expression_filter
ATL,ATL,ckd_vs_normal,CKD vs normal,targeted_SubclassLevel1_ATL_ckd_vs_normal,C1QA,classical,-0.075821967705814,,False,True
ATL,ATL,ckd_vs_normal,CKD vs normal,targeted_SubclassLevel1_ATL_ckd_vs_normal,C1QB,classical,-0.0770741612721789,,False,True
ATL,ATL,ckd_vs_normal,CKD vs normal,targeted_SubclassLevel1_ATL_ckd_vs_normal,C1QC,classical,-0.0141576653313826,,False,True
ATL,ATL,ckd_vs_normal,CKD vs normal,targeted_SubclassLevel1_ATL_ckd_vs_normal,C1R,classical,-0.0173325892494415,,False,True
ATL,ATL,ckd_vs_normal,CKD vs normal,targeted_SubclassLevel1_ATL_ckd_vs_normal,C1S,classical,0.0836876385418006,,False,True
ATL,ATL,ckd_vs_normal,CKD vs normal,targeted_SubclassLevel1_ATL_ckd_vs_normal,C2,classical,-0.1655129372340221,,False,True
ATL,ATL,ckd_vs_normal,CKD vs normal,targeted_SubclassLevel1_ATL_ckd_vs_normal,C3,alternative,0.0283313592688787,,False,True
ATL,ATL,ckd_vs_normal,CKD vs normal,targeted_SubclassLevel1_ATL_ckd_vs_normal,C3AR1,receptor,-0.0129388070619879,,False,True
ATL,ATL,ckd_vs_normal,CKD vs normal,targeted_SubclassLevel1_ATL_ckd_vs_normal,C4A,classical,,,False,False
ATL,ATL,ckd_vs_normal,CKD vs normal,targeted_SubclassLevel1_ATL_ckd_vs_normal,C4B,classical,,,False,False
ATL,ATL,ckd_vs_normal,CKD vs normal,targeted_SubclassLevel1_ATL_ckd_vs_normal,C4BPA,classical,0.0129993511888796,,False,True
ATL,ATL,ckd_vs_normal,CKD vs normal,targeted_SubclassLevel1_ATL_ckd_vs_normal,C4BPB,classical,,,False,False
ATL,ATL,ckd_vs_normal,CKD vs normal,targeted_SubclassLevel1_ATL_ckd_vs_normal,C5,terminal,0.0036433384092744,,False,True
ATL,ATL,ckd_vs_normal,CKD vs normal,targeted_SubclassLevel1_ATL_ckd_vs_normal,C5AR1,receptor,-0.0270171168384997,,False,True
ATL,ATL,ckd_vs_normal,CKD vs normal,targeted_SubclassLevel1_ATL_ckd_vs_normal,C5AR2,receptor,0.0014107855979631,,False,True
ATL,ATL,ckd_vs_normal,CKD vs normal,targeted_SubclassLevel1_ATL_ckd_vs_normal,C6,terminal,-0.0399934815629419,,False,True
ATL,ATL,ckd_vs_normal,CKD vs normal,targeted_SubclassLevel1_ATL_ckd_vs_normal,C7,terminal,0.0997127170073614,,False,True
ATL,ATL,ckd_vs_normal,CKD vs normal,targeted_SubclassLevel1_ATL_ckd_vs_normal,C8A,terminal,,,False,False
ATL,ATL,ckd_vs_normal,CKD vs normal,targeted_SubclassLevel1_ATL_ckd_vs_normal,C8B,terminal,,,False,False
ATL,ATL,ckd_vs_normal,CKD vs normal,targeted_SubclassLevel1_ATL_ckd_vs_normal,C8G,terminal,,,False,False
ATL,ATL,ckd_vs_normal,CKD vs normal,targeted_SubclassLevel1_ATL_ckd_vs_normal,C9,terminal,0.1491747546187188,,False,True
ATL,ATL,ckd_vs_normal,CKD vs normal,targeted_SubclassLevel1_ATL_ckd_vs_normal,CD46,regulator,-0.5706597430585657,0.1077562592532048,False,True
ATL,ATL,ckd_vs_normal,CKD vs normal,targeted_SubclassLevel1_ATL_ckd_vs_normal,CD55,regulator,-0.7261543873349421,,False,True
ATL,ATL,ckd_vs_normal,CKD vs normal,targeted_SubclassLevel1_ATL_ckd_vs_normal,CD59,regulator,-0.4055085658296801,0.139428661866561,False,True
ATL,ATL,ckd_vs_normal,CKD vs normal,targeted_SubclassLevel1_ATL_ckd_vs_normal,CFB,alternative,-0.0362397366450095,,False,True
ATL,ATL,ckd_vs_normal,CKD vs normal,targeted_SubclassLevel1_ATL_ckd_vs_normal,CFD,alternative,0.0425102424410176,,False,True
ATL,ATL,ckd_vs_normal,CKD vs normal,targeted_SubclassLevel1_ATL_ckd_vs_normal,CFH,regulator,-0.0764284758166439,,False,True
ATL,ATL,ckd_vs_normal,CKD vs normal,targeted_SubclassLevel1_ATL_ckd_vs_normal,CFHR1,regulator,,,False,False
ATL,ATL,ckd_vs_normal,CKD vs normal,targeted_SubclassLevel1_ATL_ckd_vs_normal,CFHR2,regulator,,,False,False
ATL,ATL,ckd_vs_normal,CKD vs normal,targeted_SubclassLevel1_ATL_ckd_vs_normal,CFHR3,regulator,,,False,False
ATL,ATL,ckd_vs_normal,CKD vs normal,targeted_SubclassLevel1_ATL_ckd_vs_normal,CFHR4,regulator,,,False,False
ATL,ATL,ckd_vs_normal,CKD vs normal,targeted_SubclassLevel1_ATL_ckd_vs_normal,CFHR5,regulator,,,False,False
ATL,ATL,ckd_vs_normal,CKD vs normal,targeted_SubclassLevel1_ATL_ckd_vs_normal,CFI,regulator,0.0417037129402093,,False,True
ATL,ATL,ckd_vs_normal,CKD vs normal,targeted_SubclassLevel1_ATL_ckd_vs_normal,CFP,alternative,,,False,False
ATL,ATL,ckd_vs_normal,CKD vs normal,targeted_SubclassLevel1_ATL_ckd_vs_normal,CR1,receptor,0.0065770874640731,,False,True
ATL,ATL,ckd_vs_normal,CKD vs normal,targeted_SubclassLevel1_ATL_ckd_vs_normal,CR2,receptor,,,False,False
ATL,ATL,ckd_vs_normal,CKD vs normal,targeted_SubclassLevel1_ATL_ckd_vs_normal,FCN1,lectin,,,False,False
ATL,ATL,ckd_vs_normal,CKD vs normal,targeted_SubclassLevel1_ATL_ckd_vs_normal,FCN2,lectin,,,False,False
ATL,ATL,ckd_vs_normal,CKD vs normal,targeted_SubclassLevel1_ATL_ckd_vs_normal,FCN3,lectin,,,False,False
ATL,ATL,ckd_vs_normal,CKD vs normal,targeted_SubclassLevel1_ATL_ckd_vs_normal,ITGAM,receptor,0.1373149504841768,,False,True
ATL,ATL,ckd_vs_normal,CKD vs normal,targeted_SubclassLevel1_ATL_ckd_vs_normal,ITGAX,receptor,,,False,False
ATL,ATL,ckd_vs_normal,CKD vs normal,targeted_SubclassLevel1_ATL_ckd_vs_normal,MASP1,lectin,-0.0233119859692362,,False,True
ATL,ATL,ckd_vs_normal,CKD vs normal,targeted_SubclassLevel1_ATL_ckd_vs_normal,MASP2,lectin,-0.0430103018992682,,False,True
ATL,ATL,ckd_vs_normal,CKD vs normal,targeted_SubclassLevel1_ATL_ckd_vs_normal,MBL2,lectin,,,False,False
ATL,ATL,ckd_vs_normal,CKD vs normal,targeted_SubclassLevel1_ATL_ckd_vs_normal,SERPING1,regulator,-0.2351387610367033,0.3511092036886961,False,True
ATL,ATL,ckd_vs_normal,CKD vs normal,targeted_SubclassLevel1_ATL_ckd_vs_normal,VSIG4,receptor,-0.0490186455321435,,False,True
CNT,CNT,ckd_vs_normal,CKD vs normal,targeted_SubclassLevel1_CNT_ckd_vs_normal,C1QA,classical,-0.0568518358186114,,False,True
CNT,CNT,ckd_vs_normal,CKD vs normal,targeted_SubclassLevel1_CNT_ckd_vs_normal,C1QB,classical,-0.0384342255015501,,False,True
CNT,CNT,ckd_vs_normal,CKD vs normal,targeted_SubclassLevel1_CNT_ckd_vs_normal,C1QC,classical,0.0186083225038275,,False,True
CNT,CNT,ckd_vs_normal,CKD vs normal,targeted_SubclassLevel1_CNT_ckd_vs_normal,C1R,classical,-0.0274162303711764,0.6824505950460209,False,True
CNT,CNT,ckd_vs_normal,CKD vs normal,targeted_SubclassLevel1_CNT_ckd_vs_normal,C1S,classical,-0.0449709175274886,0.7390644916984408,False,True
CNT,CNT,ckd_vs_normal,CKD vs normal,targeted_SubclassLevel1_CNT_ckd_vs_normal,C2,classical,-0.011489815908191,0.9419530055915178,False,True
CNT,CNT,ckd_vs_normal,CKD vs normal,targeted_SubclassLevel1_CNT_ckd_vs_normal,C3,alternative,-0.0137600772981893,0.8561130332120956,False,True
CNT,CNT,ckd_vs_normal,CKD vs normal,targeted_SubclassLevel1_CNT_ckd_vs_normal,C3AR1,receptor,-0.0135316960453965,,False,True
CNT,CNT,ckd_vs_normal,CKD vs normal,targeted_SubclassLevel1_CNT_ckd_vs_normal,C4A,classical,,,False,False
CNT,CNT,ckd_vs_normal,CKD vs normal,targeted_SubclassLevel1_CNT_ckd_vs_normal,C4B,classical,,,False,False
CNT,CNT,ckd_vs_normal,CKD vs normal,targeted_SubclassLevel1_CNT_ckd_vs_normal,C4BPA,classical,-0.0016691239141746,,False,True
CNT,CNT,ckd_vs_normal,CKD vs normal,targeted_SubclassLevel1_CNT_ckd_vs_normal,C4BPB,classical,-0.0008139034089977,,False,True
CNT,CNT,ckd_vs_normal,CKD vs normal,targeted_SubclassLevel1_CNT_ckd_vs_normal,C5,terminal,0.0638257840282368,0.581953470148127,False,True
CNT,CNT,ckd_vs_normal,CKD vs normal,targeted_SubclassLevel1_CNT_ckd_vs_normal,C5AR1,receptor,0.0888553800689072,0.4436650213217678,False,True
CNT,CNT,ckd_vs_normal,CKD vs normal,targeted_SubclassLevel1_CNT_ckd_vs_normal,C5AR2,receptor,0.0088008744844297,,False,True
CNT,CNT,ckd_vs_normal,CKD vs normal,targeted_SubclassLevel1_CNT_ckd_vs_normal,C6,terminal,0.0355710074174465,,False,True
CNT,CNT,ckd_vs_normal,CKD vs normal,targeted_SubclassLevel1_CNT_ckd_vs_normal,C7,terminal,-0.0092492339079643,0.8793180309414572,False,True
CNT,CNT,ckd_vs_normal,CKD vs normal,targeted_SubclassLevel1_CNT_ckd_vs_normal,C8A,terminal,,,False,False
CNT,CNT,ckd_vs_normal,CKD vs normal,targeted_SubclassLevel1_CNT_ckd_vs_normal,C8B,terminal,-0.0053598225701404,,False,True
CNT,CNT,ckd_vs_normal,CKD vs normal,targeted_SubclassLevel1_CNT_ckd_vs_normal,C8G,terminal,0.0172364607983691,,False,True
CNT,CNT,ckd_vs_normal,CKD vs normal,targeted_SubclassLevel1_CNT_ckd_vs_normal,C9,terminal,0.0283118531220585,,False,True
CNT,CNT,ckd_vs_normal,CKD vs normal,targeted_SubclassLevel1_CNT_ckd_vs_normal,CD46,regulator,-0.0690785842726748,0.6563759627736347,False,True
CNT,CNT,ckd_vs_normal,CKD vs normal,targeted_SubclassLevel1_CNT_ckd_vs_normal,CD55,regulator,0.5167243643477738,0.1236813595385367,False,True
CNT,CNT,ckd_vs_normal,CKD vs normal,targeted_SubclassLevel1_CNT_ckd_vs_normal,CD59,regulator,-0.0866711146435668,0.5292439877833093,False,True
CNT,CNT,ckd_vs_normal,CKD vs normal,targeted_SubclassLevel1_CNT_ckd_vs_normal,CFB,alternative,0.0016052572033949,0.982491042158378,False,True
CNT,CNT,ckd_vs_normal,CKD vs normal,targeted_SubclassLevel1_CNT_ckd_vs_normal,CFD,alternative,0.0163896100779184,,False,True
CNT,CNT,ckd_vs_normal,CKD vs normal,targeted_SubclassLevel1_CNT_ckd_vs_normal,CFH,regulator,-0.0379281861492049,,False,True
CNT,CNT,ckd_vs_normal,CKD vs normal,targeted_SubclassLevel1_CNT_ckd_vs_normal,CFHR1,regulator,-0.0006005351732081,,False,True
CNT,CNT,ckd_vs_normal,CKD vs normal,targeted_SubclassLevel1_CNT_ckd_vs_normal,CFHR2,regulator,,,False,False
CNT,CNT,ckd_vs_normal,CKD vs normal,targeted_SubclassLevel1_CNT_ckd_vs_normal,CFHR3,regulator,,,False,False
CNT,CNT,ckd_vs_normal,CKD vs normal,targeted_SubclassLevel1_CNT_ckd_vs_normal,CFHR4,regulator,,,False,False
CNT,CNT,ckd_vs_normal,CKD vs normal,targeted_SubclassLevel1_CNT_ckd_vs_normal,CFHR5,regulator,,,False,False
CNT,CNT,ckd_vs_normal,CKD vs normal,targeted_SubclassLevel1_CNT_ckd_vs_normal,CFI,regulator,0.0193378978371744,0.9035458217479324,False,True
CNT,CNT,ckd_vs_normal,CKD vs normal,targeted_SubclassLevel1_CNT_ckd_vs_normal,CFP,alternative,0.0102078354429253,,False,True
CNT,CNT,ckd_vs_normal,CKD vs normal,targeted_SubclassLevel1_CNT_ckd_vs_normal,CR1,receptor,-0.0377134461067539,,False,True
CNT,CNT,ckd_vs_normal,CKD vs normal,targeted_SubclassLevel1_CNT_ckd_vs_normal,CR2,receptor,0.0191749930701188,,False,True
CNT,CNT,ckd_vs_normal,CKD vs normal,targeted_SubclassLevel1_CNT_ckd_vs_normal,FCN1,lectin,0.0224485728546161,,False,True
CNT,CNT,ckd_vs_normal,CKD vs normal,targeted_SubclassLevel1_CNT_ckd_vs_normal,FCN2,lectin,,,False,False
CNT,CNT,ckd_vs_normal,CKD vs normal,targeted_SubclassLevel1_CNT_ckd_vs_normal,FCN3,lectin,-0.0268481996834601,,False,True
CNT,CNT,ckd_vs_normal,CKD vs normal,targeted_SubclassLevel1_CNT_ckd_vs_normal,ITGAM,receptor,0.0124962656356876,,False,True
CNT,CNT,ckd_vs_normal,CKD vs normal,targeted_SubclassLevel1_CNT_ckd_vs_normal,ITGAX,receptor,0.0159512702292846,,False,True
CNT,CNT,ckd_vs_normal,CKD vs normal,targeted_SubclassLevel1_CNT_ckd_vs_normal,MASP1,lectin,-0.0040270878174121,,False,True
CNT,CNT,ckd_vs_normal,CKD vs normal,targeted_SubclassLevel1_CNT_ckd_vs_normal,MASP2,lectin,-0.0242270011374334,,False,True
CNT,CNT,ckd_vs_normal,CKD vs normal,targeted_SubclassLevel1_CNT_ckd_vs_normal,MBL2,lectin,,,False,False
CNT,CNT,ckd_vs_normal,CKD vs normal,targeted_SubclassLevel1_CNT_ckd_vs_normal,SERPING1,regulator,-0.0770353814053381,0.5423717948606102,False,True
CNT,CNT,ckd_vs_normal,CKD vs normal,targeted_SubclassLevel1_CNT_ckd_vs_normal,VSIG4,receptor,3.825794011887432e-05,,False,True
CNT,CNT,aki_vs_normal,AKI vs normal,targeted_SubclassLevel1_CNT_aki_vs_normal,C1QA,classical,-0.12423370337914,0.5072461331504091,False,True
CNT,CNT,aki_vs_normal,AKI vs normal,targeted_SubclassLevel1_CNT_aki_vs_normal,C1QB,classical,0.062719183161211,0.6553717898000916,False,True
CNT,CNT,aki_vs_normal,AKI vs normal,targeted_SubclassLevel1_CNT_aki_vs_normal,C1QC,classical,-0.0499956874188383,,False,True
CNT,CNT,aki_vs_normal,AKI vs normal,targeted_SubclassLevel1_CNT_aki_vs_normal,C1R,classical,1.2990084726260247,0.0127999368838103,True,True
CNT,CNT,aki_vs_normal,AKI vs normal,targeted_SubclassLevel1_CNT_aki_vs_normal,C1S,classical,0.1343663800809085,0.5557123762968915,False,True
CNT,CNT,aki_vs_normal,AKI vs normal,targeted_SubclassLevel1_CNT_aki_vs_normal,C2,classical,-0.1578246772433233,0.489981893331446,False,True
CNT,CNT,aki_vs_normal,AKI vs normal,targeted_SubclassLevel1_CNT_aki_vs_normal,C3,alternative,2.3893862551473934,0.0004092431131159,True,True
CNT,CNT,aki_vs_normal,AKI vs normal,targeted_SubclassLevel1_CNT_aki_vs_normal,C3AR1,receptor,-0.1054551213096247,,False,True
CNT,CNT,aki_vs_normal,AKI vs normal,targeted_SubclassLevel1_CNT_aki_vs_normal,C4A,classical,,,False,False
CNT,CNT,aki_vs_normal,AKI vs normal,targeted_SubclassLevel1_CNT_aki_vs_normal,C4B,classical,,,False,False
CNT,CNT,aki_vs_normal,AKI vs normal,targeted_SubclassLevel1_CNT_aki_vs_normal,C4BPA,classical,-0.0919469510977238,,False,True
CNT,CNT,aki_vs_normal,AKI vs normal,targeted_SubclassLevel1_CNT_aki_vs_normal,C4BPB,classical,0.0050975539554805,,False,True
CNT,CNT,aki_vs_normal,AKI vs normal,targeted_SubclassLevel1_CNT_aki_vs_normal,C5,terminal,0.3169285812457482,0.166694566883069,False,True
CNT,CNT,aki_vs_normal,AKI vs normal,targeted_SubclassLevel1_CNT_aki_vs_normal,C5AR1,receptor,0.0400572856531396,0.8728130981707616,False,True
CNT,CNT,aki_vs_normal,AKI vs normal,targeted_SubclassLevel1_CNT_aki_vs_normal,C5AR2,receptor,-0.1627358616972033,,False,True
CNT,CNT,aki_vs_normal,AKI vs normal,targeted_SubclassLevel1_CNT_aki_vs_normal,C6,terminal,0.0666213584885037,,False,True
CNT,CNT,aki_vs_normal,AKI vs normal,targeted_SubclassLevel1_CNT_aki_vs_normal,C7,terminal,-0.0442764634725256,0.8126912685671047,False,True
CNT,CNT,aki_vs_normal,AKI vs normal,targeted_SubclassLevel1_CNT_aki_vs_normal,C8A,terminal,,,False,False
CNT,CNT,aki_vs_normal,AKI vs normal,targeted_SubclassLevel1_CNT_aki_vs_normal,C8B,terminal,-0.018947192021144,,False,True
CNT,CNT,aki_vs_normal,AKI vs normal,targeted_SubclassLevel1_CNT_aki_vs_normal,C8G,terminal,0.0004433699943918,,False,True
CNT,CNT,aki_vs_normal,AKI vs normal,targeted_SubclassLevel1_CNT_aki_vs_normal,C9,terminal,0.7044067024326445,0.0673682644734945,False,True
CNT,CNT,aki_vs_normal,AKI vs normal,targeted_SubclassLevel1_CNT_aki_vs_normal,CD46,regulator,-0.0036792412003835,0.9873899016633292,False,True
CNT,CNT,aki_vs_normal,AKI vs normal,targeted_SubclassLevel1_CNT_aki_vs_normal,CD55,regulator,0.1787573382899004,0.4447537543661938,False,True
CNT,CNT,aki_vs_normal,AKI vs normal,targeted_SubclassLevel1_CNT_aki_vs_normal,CD59,regulator,0.3787495033893514,0.1409585600505812,False,True
CNT,CNT,aki_vs_normal,AKI vs normal,targeted_SubclassLevel1_CNT_aki_vs_normal,CFB,alternative,1.9941026369223156,0.0006992618437244,True,True
CNT,CNT,aki_vs_normal,AKI vs normal,targeted_SubclassLevel1_CNT_aki_vs_normal,CFD,alternative,0.0032493519175409,0.9799777922133152,False,True
CNT,CNT,aki_vs_normal,AKI vs normal,targeted_SubclassLevel1_CNT_aki_vs_normal,CFH,regulator,0.0305915130556118,0.878948760319471,False,True
CNT,CNT,aki_vs_normal,AKI vs normal,targeted_SubclassLevel1_CNT_aki_vs_normal,CFHR1,regulator,,,False,False
CNT,CNT,aki_vs_normal,AKI vs normal,targeted_SubclassLevel1_CNT_aki_vs_normal,CFHR2,regulator,,,False,False
CNT,CNT,aki_vs_normal,AKI vs normal,targeted_SubclassLevel1_CNT_aki_vs_normal,CFHR3,regulator,,,False,False
CNT,CNT,aki_vs_normal,AKI vs normal,targeted_SubclassLevel1_CNT_aki_vs_normal,CFHR4,regulator,,,False,False
CNT,CNT,aki_vs_normal,AKI vs normal,targeted_SubclassLevel1_CNT_aki_vs_normal,CFHR5,regulator,,,False,False
CNT,CNT,aki_vs_normal,AKI vs normal,targeted_SubclassLevel1_CNT_aki_vs_normal,CFI,regulator,1.0143321741499758,9.859021886708027e-06,True,True
CNT,CNT,aki_vs_normal,AKI vs normal,targeted_SubclassLevel1_CNT_aki_vs_normal,CFP,alternative,-0.0269200747950524,,False,True
CNT,CNT,aki_vs_normal,AKI vs normal,targeted_SubclassLevel1_CNT_aki_vs_normal,CR1,receptor,-0.1775814218113319,0.2014367763601946,False,True
CNT,CNT,aki_vs_normal,AKI vs normal,targeted_SubclassLevel1_CNT_aki_vs_normal,CR2,receptor,-0.0597128343486034,,False,True
CNT,CNT,aki_vs_normal,AKI vs normal,targeted_SubclassLevel1_CNT_aki_vs_normal,FCN1,lectin,-0.0492548168664624,,False,True
CNT,CNT,aki_vs_normal,AKI vs normal,targeted_SubclassLevel1_CNT_aki_vs_normal,FCN2,lectin,,,False,False
CNT,CNT,aki_vs_normal,AKI vs normal,targeted_SubclassLevel1_CNT_aki_vs_normal,FCN3,lectin,-0.1443352417576276,,False,True
CNT,CNT,aki_vs_normal,AKI vs normal,targeted_SubclassLevel1_CNT_aki_vs_normal,ITGAM,receptor,-0.0785025180769542,,False,True
CNT,CNT,aki_vs_normal,AKI vs normal,targeted_SubclassLevel1_CNT_aki_vs_normal,ITGAX,receptor,0.0274447928900108,,False,True
CNT,CNT,aki_vs_normal,AKI vs normal,targeted_SubclassLevel1_CNT_aki_vs_normal,MASP1,lectin,-0.0700865998297476,,False,True
CNT,CNT,aki_vs_normal,AKI vs normal,targeted_SubclassLevel1_CNT_aki_vs_normal,MASP2,lectin,-0.1121424948687305,0.6712675097742742,False,True
CNT,CNT,aki_vs_normal,AKI vs normal,targeted_SubclassLevel1_CNT_aki_vs_normal,MBL2,lectin,,,False,False
CNT,CNT,aki_vs_normal,AKI vs normal,targeted_SubclassLevel1_CNT_aki_vs_normal,SERPING1,regulator,0.8893304539731645,0.0074973964842511,True,True
CNT,CNT,aki_vs_normal,AKI vs normal,targeted_SubclassLevel1_CNT_aki_vs_normal,VSIG4,receptor,0.047286601482037,,False,True
CNT,CNT,aki_vs_ckd,AKI vs CKD,targeted_SubclassLevel1_CNT_aki_vs_ckd,C1QA,classical,-0.0158529575250099,,False,True
CNT,CNT,aki_vs_ckd,AKI vs CKD,targeted_SubclassLevel1_CNT_aki_vs_ckd,C1QB,classical,0.0095253612440414,,False,True
CNT,CNT,aki_vs_ckd,AKI vs CKD,targeted_SubclassLevel1_CNT_aki_vs_ckd,C1QC,classical,-0.0333862336578992,,False,True
CNT,CNT,aki_vs_ckd,AKI vs CKD,targeted_SubclassLevel1_CNT_aki_vs_ckd,C1R,classical,0.038380182635261,0.3527140938842369,False,True
CNT,CNT,aki_vs_ckd,AKI vs CKD,targeted_SubclassLevel1_CNT_aki_vs_ckd,C1S,classical,0.1231385557058701,0.4099785699661977,False,True
CNT,CNT,aki_vs_ckd,AKI vs CKD,targeted_SubclassLevel1_CNT_aki_vs_ckd,C2,classical,-0.131207015915253,0.3732211416392286,False,True
CNT,CNT,aki_vs_ckd,AKI vs CKD,targeted_SubclassLevel1_CNT_aki_vs_ckd,C3,alternative,2.361681149165797,0.0046719145666858,True,True
CNT,CNT,aki_vs_ckd,AKI vs CKD,targeted_SubclassLevel1_CNT_aki_vs_ckd,C3AR1,receptor,,,False,False
CNT,CNT,aki_vs_ckd,AKI vs CKD,targeted_SubclassLevel1_CNT_aki_vs_ckd,C4A,classical,,,False,False
CNT,CNT,aki_vs_ckd,AKI vs CKD,targeted_SubclassLevel1_CNT_aki_vs_ckd,C4B,classical,,,False,False
CNT,CNT,aki_vs_ckd,AKI vs CKD,targeted_SubclassLevel1_CNT_aki_vs_ckd,C4BPA,classical,-0.0268312572725111,,False,True
CNT,CNT,aki_vs_ckd,AKI vs CKD,targeted_SubclassLevel1_CNT_aki_vs_ckd,C4BPB,classical,,,False,False
CNT,CNT,aki_vs_ckd,AKI vs CKD,targeted_SubclassLevel1_CNT_aki_vs_ckd,C5,terminal,-0.0816861885910725,0.5379255497776608,False,True
CNT,CNT,aki_vs_ckd,AKI vs CKD,targeted_SubclassLevel1_CNT_aki_vs_ckd,C5AR1,receptor,0.0021436388282426,0.9903496510880128,False,True
CNT,CNT,aki_vs_ckd,AKI vs CKD,targeted_SubclassLevel1_CNT_aki_vs_ckd,C5AR2,receptor,-0.0510365065025519,,False,True
CNT,CNT,aki_vs_ckd,AKI vs CKD,targeted_SubclassLevel1_CNT_aki_vs_ckd,C6,terminal,-0.0121073353752735,,False,True
CNT,CNT,aki_vs_ckd,AKI vs CKD,targeted_SubclassLevel1_CNT_aki_vs_ckd,C7,terminal,-0.0189155632004399,0.5537366605569014,False,True
CNT,CNT,aki_vs_ckd,AKI vs CKD,targeted_SubclassLevel1_CNT_aki_vs_ckd,C8A,terminal,,,False,False
CNT,CNT,aki_vs_ckd,AKI vs CKD,targeted_SubclassLevel1_CNT_aki_vs_ckd,C8B,terminal,,,False,False
CNT,CNT,aki_vs_ckd,AKI vs CKD,targeted_SubclassLevel1_CNT_aki_vs_ckd,C8G,terminal,,,False,False
CNT,CNT,aki_vs_ckd,AKI vs CKD,targeted_SubclassLevel1_CNT_aki_vs_ckd,C9,terminal,0.011230375818557,0.8826689136015602,False,True
CNT,CNT,aki_vs_ckd,AKI vs CKD,targeted_SubclassLevel1_CNT_aki_vs_ckd,CD46,regulator,-0.0984926148938891,0.5183206008259093,False,True
CNT,CNT,aki_vs_ckd,AKI vs CKD,targeted_SubclassLevel1_CNT_aki_vs_ckd,CD55,regulator,-0.0017932581635895,0.9899213083027876,False,True
CNT,CNT,aki_vs_ckd,AKI vs CKD,targeted_SubclassLevel1_CNT_aki_vs_ckd,CD59,regulator,-0.0027488676612334,0.9810165029686022,False,True
CNT,CNT,aki_vs_ckd,AKI vs CKD,targeted_SubclassLevel1_CNT_aki_vs_ckd,CFB,alternative,0.0827685076106419,0.0827080462005341,False,True
CNT,CNT,aki_vs_ckd,AKI vs CKD,targeted_SubclassLevel1_CNT_aki_vs_ckd,CFD,alternative,-0.0134506730325138,,False,True
CNT,CNT,aki_vs_ckd,AKI vs CKD,targeted_SubclassLevel1_CNT_aki_vs_ckd,CFH,regulator,-0.0139823445969199,,False,True
CNT,CNT,aki_vs_ckd,AKI vs CKD,targeted_SubclassLevel1_CNT_aki_vs_ckd,CFHR1,regulator,,,False,False
CNT,CNT,aki_vs_ckd,AKI vs CKD,targeted_SubclassLevel1_CNT_aki_vs_ckd,CFHR2,regulator,,,False,False
CNT,CNT,aki_vs_ckd,AKI vs CKD,targeted_SubclassLevel1_CNT_aki_vs_ckd,CFHR3,regulator,,,False,False
CNT,CNT,aki_vs_ckd,AKI vs CKD,targeted_SubclassLevel1_CNT_aki_vs_ckd,CFHR4,regulator,,,False,False
CNT,CNT,aki_vs_ckd,AKI vs CKD,targeted_SubclassLevel1_CNT_aki_vs_ckd,CFHR5,regulator,,,False,False
CNT,CNT,aki_vs_ckd,AKI vs CKD,targeted_SubclassLevel1_CNT_aki_vs_ckd,CFI,regulator,0.3898199013625226,0.0830990757079134,False,True
CNT,CNT,aki_vs_ckd,AKI vs CKD,targeted_SubclassLevel1_CNT_aki_vs_ckd,CFP,alternative,-0.0009956427785047,,False,True
CNT,CNT,aki_vs_ckd,AKI vs CKD,targeted_SubclassLevel1_CNT_aki_vs_ckd,CR1,receptor,-0.0210555366701792,,False,True
CNT,CNT,aki_vs_ckd,AKI vs CKD,targeted_SubclassLevel1_CNT_aki_vs_ckd,CR2,receptor,-0.0405624348394378,,False,True
CNT,CNT,aki_vs_ckd,AKI vs CKD,targeted_SubclassLevel1_CNT_aki_vs_ckd,FCN1,lectin,-0.0287167741995586,,False,True
CNT,CNT,aki_vs_ckd,AKI vs CKD,targeted_SubclassLevel1_CNT_aki_vs_ckd,FCN2,lectin,,,False,False
CNT,CNT,aki_vs_ckd,AKI vs CKD,targeted_SubclassLevel1_CNT_aki_vs_ckd,FCN3,lectin,-0.0035551375802765,,False,True
CNT,CNT,aki_vs_ckd,AKI vs CKD,targeted_SubclassLevel1_CNT_aki_vs_ckd,ITGAM,receptor,-0.0235421362042884,,False,True
CNT,CNT,aki_vs_ckd,AKI vs CKD,targeted_SubclassLevel1_CNT_aki_vs_ckd,ITGAX,receptor,0.0029141768522595,,False,True
CNT,CNT,aki_vs_ckd,AKI vs CKD,targeted_SubclassLevel1_CNT_aki_vs_ckd,MASP1,lectin,,,False,False
CNT,CNT,aki_vs_ckd,AKI vs CKD,targeted_SubclassLevel1_CNT_aki_vs_ckd,MASP2,lectin,-0.0225903279092749,,False,True
CNT,CNT,aki_vs_ckd,AKI vs CKD,targeted_SubclassLevel1_CNT_aki_vs_ckd,MBL2,lectin,,,False,False
CNT,CNT,aki_vs_ckd,AKI vs CKD,targeted_SubclassLevel1_CNT_aki_vs_ckd,SERPING1,regulator,0.1019848399850006,0.2953788600265967,False,True
CNT,CNT,aki_vs_ckd,AKI vs CKD,targeted_SubclassLevel1_CNT_aki_vs_ckd,VSIG4,receptor,,,False,False
DCT,DCT,ckd_vs_normal,CKD vs normal,targeted_SubclassLevel1_DCT_ckd_vs_normal,C1QA,classical,0.0075268915439785,,False,True
DCT,DCT,ckd_vs_normal,CKD vs normal,targeted_SubclassLevel1_DCT_ckd_vs_normal,C1QB,classical,-0.0078760017581762,,False,True
DCT,DCT,ckd_vs_normal,CKD vs normal,targeted_SubclassLevel1_DCT_ckd_vs_normal,C1QC,classical,0.0234526991050673,,False,True
DCT,DCT,ckd_vs_normal,CKD vs normal,targeted_SubclassLevel1_DCT_ckd_vs_normal,C1R,classical,-0.0155411588282184,,False,True
DCT,DCT,ckd_vs_normal,CKD vs normal,targeted_SubclassLevel1_DCT_ckd_vs_normal,C1S,classical,0.0090451361985018,0.9326404978938814,False,True
DCT,DCT,ckd_vs_normal,CKD vs normal,targeted_SubclassLevel1_DCT_ckd_vs_normal,C2,classical,0.0831110306063543,0.4014208032506717,False,True
DCT,DCT,ckd_vs_normal,CKD vs normal,targeted_SubclassLevel1_DCT_ckd_vs_normal,C3,alternative,0.0317987191256625,,False,True
DCT,DCT,ckd_vs_normal,CKD vs normal,targeted_SubclassLevel1_DCT_ckd_vs_normal,C3AR1,receptor,-0.0038323420709154,,False,True
DCT,DCT,ckd_vs_normal,CKD vs normal,targeted_SubclassLevel1_DCT_ckd_vs_normal,C4A,classical,0.0005785926157979,,False,True
DCT,DCT,ckd_vs_normal,CKD vs normal,targeted_SubclassLevel1_DCT_ckd_vs_normal,C4B,classical,,,False,False
DCT,DCT,ckd_vs_normal,CKD vs normal,targeted_SubclassLevel1_DCT_ckd_vs_normal,C4BPA,classical,-0.0104956014373369,,False,True
DCT,DCT,ckd_vs_normal,CKD vs normal,targeted_SubclassLevel1_DCT_ckd_vs_normal,C4BPB,classical,-0.0117458170819675,,False,True
DCT,DCT,ckd_vs_normal,CKD vs normal,targeted_SubclassLevel1_DCT_ckd_vs_normal,C5,terminal,0.042881368440841,0.6520542026790827,False,True
DCT,DCT,ckd_vs_normal,CKD vs normal,targeted_SubclassLevel1_DCT_ckd_vs_normal,C5AR1,receptor,0.0341849322083681,0.6646216506252339,False,True
DCT,DCT,ckd_vs_normal,CKD vs normal,targeted_SubclassLevel1_DCT_ckd_vs_normal,C5AR2,receptor,0.0171946256328063,,False,True
DCT,DCT,ckd_vs_normal,CKD vs normal,targeted_SubclassLevel1_DCT_ckd_vs_normal,C6,terminal,-0.0164921885418977,,False,True
DCT,DCT,ckd_vs_normal,CKD vs normal,targeted_SubclassLevel1_DCT_ckd_vs_normal,C7,terminal,-0.0093759359887995,0.8391091716740382,False,True
DCT,DCT,ckd_vs_normal,CKD vs normal,targeted_SubclassLevel1_DCT_ckd_vs_normal,C8A,terminal,-0.0159026542641268,,False,True
DCT,DCT,ckd_vs_normal,CKD vs normal,targeted_SubclassLevel1_DCT_ckd_vs_normal,C8B,terminal,-0.0023415300130299,,False,True
DCT,DCT,ckd_vs_normal,CKD vs normal,targeted_SubclassLevel1_DCT_ckd_vs_normal,C8G,terminal,0.0055736567925426,,False,True
DCT,DCT,ckd_vs_normal,CKD vs normal,targeted_SubclassLevel1_DCT_ckd_vs_normal,C9,terminal,-0.0063959780244629,,False,True
DCT,DCT,ckd_vs_normal,CKD vs normal,targeted_SubclassLevel1_DCT_ckd_vs_normal,CD46,regulator,-0.0699826720866138,0.5267072767201374,False,True
DCT,DCT,ckd_vs_normal,CKD vs normal,targeted_SubclassLevel1_DCT_ckd_vs_normal,CD55,regulator,-0.1146403147130197,0.3099191899501528,False,True
DCT,DCT,ckd_vs_normal,CKD vs normal,targeted_SubclassLevel1_DCT_ckd_vs_normal,CD59,regulator,-0.3692277513156872,0.1544132798684251,False,True
DCT,DCT,ckd_vs_normal,CKD vs normal,targeted_SubclassLevel1_DCT_ckd_vs_normal,CFB,alternative,-0.0150034987509961,,False,True
DCT,DCT,ckd_vs_normal,CKD vs normal,targeted_SubclassLevel1_DCT_ckd_vs_normal,CFD,alternative,0.0136830450607558,,False,True
DCT,DCT,ckd_vs_normal,CKD vs normal,targeted_SubclassLevel1_DCT_ckd_vs_normal,CFH,regulator,-0.0021849351879171,,False,True
DCT,DCT,ckd_vs_normal,CKD vs normal,targeted_SubclassLevel1_DCT_ckd_vs_normal,CFHR1,regulator,-0.0064046978781497,,False,True
DCT,DCT,ckd_vs_normal,CKD vs normal,targeted_SubclassLevel1_DCT_ckd_vs_normal,CFHR2,regulator,,,False,False
DCT,DCT,ckd_vs_normal,CKD vs normal,targeted_SubclassLevel1_DCT_ckd_vs_normal,CFHR3,regulator,-0.003258054928568,,False,True
DCT,DCT,ckd_vs_normal,CKD vs normal,targeted_SubclassLevel1_DCT_ckd_vs_normal,CFHR4,regulator,-0.0010857081443386,,False,True
DCT,DCT,ckd_vs_normal,CKD vs normal,targeted_SubclassLevel1_DCT_ckd_vs_normal,CFHR5,regulator,-0.0100110260542167,,False,True
DCT,DCT,ckd_vs_normal,CKD vs normal,targeted_SubclassLevel1_DCT_ckd_vs_normal,CFI,regulator,-0.026043222368299,0.7334668065970068,False,True
DCT,DCT,ckd_vs_normal,CKD vs normal,targeted_SubclassLevel1_DCT_ckd_vs_normal,CFP,alternative,-0.0007924441445559,,False,True
DCT,DCT,ckd_vs_normal,CKD vs normal,targeted_SubclassLevel1_DCT_ckd_vs_normal,CR1,receptor,-0.0238592222274592,,False,True
DCT,DCT,ckd_vs_normal,CKD vs normal,targeted_SubclassLevel1_DCT_ckd_vs_normal,CR2,receptor,-0.0213814144898386,,False,True
DCT,DCT,ckd_vs_normal,CKD vs normal,targeted_SubclassLevel1_DCT_ckd_vs_normal,FCN1,lectin,-0.0050205215336364,,False,True
DCT,DCT,ckd_vs_normal,CKD vs normal,targeted_SubclassLevel1_DCT_ckd_vs_normal,FCN2,lectin,,,False,False
DCT,DCT,ckd_vs_normal,CKD vs normal,targeted_SubclassLevel1_DCT_ckd_vs_normal,FCN3,lectin,-0.0065716959746578,,False,True
DCT,DCT,ckd_vs_normal,CKD vs normal,targeted_SubclassLevel1_DCT_ckd_vs_normal,ITGAM,receptor,0.012956950427213,,False,True
DCT,DCT,ckd_vs_normal,CKD vs normal,targeted_SubclassLevel1_DCT_ckd_vs_normal,ITGAX,receptor,-0.0060657647314679,,False,True
DCT,DCT,ckd_vs_normal,CKD vs normal,targeted_SubclassLevel1_DCT_ckd_vs_normal,MASP1,lectin,-0.019226783781595,,False,True
DCT,DCT,ckd_vs_normal,CKD vs normal,targeted_SubclassLevel1_DCT_ckd_vs_normal,MASP2,lectin,-0.0040661466957483,,False,True
DCT,DCT,ckd_vs_normal,CKD vs normal,targeted_SubclassLevel1_DCT_ckd_vs_normal,MBL2,lectin,,,False,False
DCT,DCT,ckd_vs_normal,CKD vs normal,targeted_SubclassLevel1_DCT_ckd_vs_normal,SERPING1,regulator,-0.0008265783690446,0.9921448597222688,False,True
DCT,DCT,ckd_vs_normal,CKD vs normal,targeted_SubclassLevel1_DCT_ckd_vs_normal,VSIG4,receptor,0.0068015672973441,,False,True
DCT,DCT,aki_vs_normal,AKI vs normal,targeted_SubclassLevel1_DCT_aki_vs_normal,C1QA,classical,0.1821240241743133,0.4062557150613623,False,True
DCT,DCT,aki_vs_normal,AKI vs normal,targeted_SubclassLevel1_DCT_aki_vs_normal,C1QB,classical,0.1256486234072374,0.5617031349094554,False,True
DCT,DCT,aki_vs_normal,AKI vs normal,targeted_SubclassLevel1_DCT_aki_vs_normal,C1QC,classical,0.1010927308542342,0.6549302779125613,False,True
DCT,DCT,aki_vs_normal,AKI vs normal,targeted_SubclassLevel1_DCT_aki_vs_normal,C1R,classical,0.7210539846280585,0.0653956778080231,False,True
DCT,DCT,aki_vs_normal,AKI vs normal,targeted_SubclassLevel1_DCT_aki_vs_normal,C1S,classical,0.0756975612641051,0.7297334344270532,False,True
DCT,DCT,aki_vs_normal,AKI vs normal,targeted_SubclassLevel1_DCT_aki_vs_normal,C2,classical,-0.4725767201961547,0.0383414190882011,True,True
DCT,DCT,aki_vs_normal,AKI vs normal,targeted_SubclassLevel1_DCT_aki_vs_normal,C3,alternative,2.6721332860857814,4.0766360763273345e-08,True,True
DCT,DCT,aki_vs_normal,AKI vs normal,targeted_SubclassLevel1_DCT_aki_vs_normal,C3AR1,receptor,0.0138947435331761,,False,True
DCT,DCT,aki_vs_normal,AKI vs normal,targeted_SubclassLevel1_DCT_aki_vs_normal,C4A,classical,0.0387850557281209,,False,True
DCT,DCT,aki_vs_normal,AKI vs normal,targeted_SubclassLevel1_DCT_aki_vs_normal,C4B,classical,,,False,False
DCT,DCT,aki_vs_normal,AKI vs normal,targeted_SubclassLevel1_DCT_aki_vs_normal,C4BPA,classical,-0.1289674751106568,,False,True
DCT,DCT,aki_vs_normal,AKI vs normal,targeted_SubclassLevel1_DCT_aki_vs_normal,C4BPB,classical,-0.0146067594358428,,False,True
DCT,DCT,aki_vs_normal,AKI vs normal,targeted_SubclassLevel1_DCT_aki_vs_normal,C5,terminal,-0.2295045358946536,0.2552627424291212,False,True
DCT,DCT,aki_vs_normal,AKI vs normal,targeted_SubclassLevel1_DCT_aki_vs_normal,C5AR1,receptor,0.0105131235649027,0.9692943173447808,False,True
DCT,DCT,aki_vs_normal,AKI vs normal,targeted_SubclassLevel1_DCT_aki_vs_normal,C5AR2,receptor,-0.0353965372971136,0.901134399868472,False,True
DCT,DCT,aki_vs_normal,AKI vs normal,targeted_SubclassLevel1_DCT_aki_vs_normal,C6,terminal,0.1162839347594066,,False,True
DCT,DCT,aki_vs_normal,AKI vs normal,targeted_SubclassLevel1_DCT_aki_vs_normal,C7,terminal,-0.0994172283897326,0.6478812709495491,False,True
DCT,DCT,aki_vs_normal,AKI vs normal,targeted_SubclassLevel1_DCT_aki_vs_normal,C8A,terminal,-0.0755530769479002,,False,True
DCT,DCT,aki_vs_normal,AKI vs normal,targeted_SubclassLevel1_DCT_aki_vs_normal,C8B,terminal,0.0411845739364571,,False,True
DCT,DCT,aki_vs_normal,AKI vs normal,targeted_SubclassLevel1_DCT_aki_vs_normal,C8G,terminal,-0.0564439692550903,,False,True
DCT,DCT,aki_vs_normal,AKI vs normal,targeted_SubclassLevel1_DCT_aki_vs_normal,C9,terminal,1.7374538589088802,0.0001676170713588,True,True
DCT,DCT,aki_vs_normal,AKI vs normal,targeted_SubclassLevel1_DCT_aki_vs_normal,CD46,regulator,-0.0381120925043537,0.8617097350282632,False,True
DCT,DCT,aki_vs_normal,AKI vs normal,targeted_SubclassLevel1_DCT_aki_vs_normal,CD55,regulator,-0.2612740965589056,0.2394282242558022,False,True
DCT,DCT,aki_vs_normal,AKI vs normal,targeted_SubclassLevel1_DCT_aki_vs_normal,CD59,regulator,-0.0253835537066888,0.9269575508940472,False,True
DCT,DCT,aki_vs_normal,AKI vs normal,targeted_SubclassLevel1_DCT_aki_vs_normal,CFB,alternative,1.574030762446084,0.0007749174877163,True,True
DCT,DCT,aki_vs_normal,AKI vs normal,targeted_SubclassLevel1_DCT_aki_vs_normal,CFD,alternative,0.1642906477672853,0.4610253463072031,False,True
DCT,DCT,aki_vs_normal,AKI vs normal,targeted_SubclassLevel1_DCT_aki_vs_normal,CFH,regulator,0.0975680440621029,0.7019112599569636,False,True
DCT,DCT,aki_vs_normal,AKI vs normal,targeted_SubclassLevel1_DCT_aki_vs_normal,CFHR1,regulator,0.0364317897857202,,False,True
DCT,DCT,aki_vs_normal,AKI vs normal,targeted_SubclassLevel1_DCT_aki_vs_normal,CFHR2,regulator,,,False,False
DCT,DCT,aki_vs_normal,AKI vs normal,targeted_SubclassLevel1_DCT_aki_vs_normal,CFHR3,regulator,,,False,False
DCT,DCT,aki_vs_normal,AKI vs normal,targeted_SubclassLevel1_DCT_aki_vs_normal,CFHR4,regulator,,,False,False
DCT,DCT,aki_vs_normal,AKI vs normal,targeted_SubclassLevel1_DCT_aki_vs_normal,CFHR5,regulator,-0.0641382350494834,,False,True
DCT,DCT,aki_vs_normal,AKI vs normal,targeted_SubclassLevel1_DCT_aki_vs_normal,CFI,regulator,1.438786489242803,8.350160800185e-08,True,True
DCT,DCT,aki_vs_normal,AKI vs normal,targeted_SubclassLevel1_DCT_aki_vs_normal,CFP,alternative,-0.0829414296815081,,False,True
DCT,DCT,aki_vs_normal,AKI vs normal,targeted_SubclassLevel1_DCT_aki_vs_normal,CR1,receptor,-0.2223535089517627,0.3764687506038002,False,True
DCT,DCT,aki_vs_normal,AKI vs normal,targeted_SubclassLevel1_DCT_aki_vs_normal,CR2,receptor,-0.185056494639893,,False,True
DCT,DCT,aki_vs_normal,AKI vs normal,targeted_SubclassLevel1_DCT_aki_vs_normal,FCN1,lectin,-0.0617508785754132,,False,True
DCT,DCT,aki_vs_normal,AKI vs normal,targeted_SubclassLevel1_DCT_aki_vs_normal,FCN2,lectin,,,False,False
DCT,DCT,aki_vs_normal,AKI vs normal,targeted_SubclassLevel1_DCT_aki_vs_normal,FCN3,lectin,-0.0959826496859852,,False,True
DCT,DCT,aki_vs_normal,AKI vs normal,targeted_SubclassLevel1_DCT_aki_vs_normal,ITGAM,receptor,-0.1432875010763289,,False,True
DCT,DCT,aki_vs_normal,AKI vs normal,targeted_SubclassLevel1_DCT_aki_vs_normal,ITGAX,receptor,-0.0660220680538668,,False,True
DCT,DCT,aki_vs_normal,AKI vs normal,targeted_SubclassLevel1_DCT_aki_vs_normal,MASP1,lectin,-0.1123412001471994,0.6560708916089201,False,True
DCT,DCT,aki_vs_normal,AKI vs normal,targeted_SubclassLevel1_DCT_aki_vs_normal,MASP2,lectin,-0.0659268107734029,0.8050974445331293,False,True
DCT,DCT,aki_vs_normal,AKI vs normal,targeted_SubclassLevel1_DCT_aki_vs_normal,MBL2,lectin,,,False,False
DCT,DCT,aki_vs_normal,AKI vs normal,targeted_SubclassLevel1_DCT_aki_vs_normal,SERPING1,regulator,0.8957754377238971,0.0016327379400789,True,True
DCT,DCT,aki_vs_normal,AKI vs normal,targeted_SubclassLevel1_DCT_aki_vs_normal,VSIG4,receptor,0.137823937238718,,False,True
DCT,DCT,aki_vs_ckd,AKI vs CKD,targeted_SubclassLevel1_DCT_aki_vs_ckd,C1QA,classical,0.0070273106531363,0.9728274295358772,False,True
DCT,DCT,aki_vs_ckd,AKI vs CKD,targeted_SubclassLevel1_DCT_aki_vs_ckd,C1QB,classical,0.0337637789859326,0.6716948443875566,False,True
DCT,DCT,aki_vs_ckd,AKI vs CKD,targeted_SubclassLevel1_DCT_aki_vs_ckd,C1QC,classical,-0.0175055631612696,,False,True
DCT,DCT,aki_vs_ckd,AKI vs CKD,targeted_SubclassLevel1_DCT_aki_vs_ckd,C1R,classical,0.0587587104918665,0.4677386443841593,False,True
DCT,DCT,aki_vs_ckd,AKI vs CKD,targeted_SubclassLevel1_DCT_aki_vs_ckd,C1S,classical,0.0344683582792523,0.8798263039902673,False,True
DCT,DCT,aki_vs_ckd,AKI vs CKD,targeted_SubclassLevel1_DCT_aki_vs_ckd,C2,classical,-0.2037858735755446,0.2708854969496964,False,True
DCT,DCT,aki_vs_ckd,AKI vs CKD,targeted_SubclassLevel1_DCT_aki_vs_ckd,C3,alternative,1.4463108455273987,0.0124348680123482,True,True
DCT,DCT,aki_vs_ckd,AKI vs CKD,targeted_SubclassLevel1_DCT_aki_vs_ckd,C3AR1,receptor,-0.0142176742209823,,False,True
DCT,DCT,aki_vs_ckd,AKI vs CKD,targeted_SubclassLevel1_DCT_aki_vs_ckd,C4A,classical,,,False,False
DCT,DCT,aki_vs_ckd,AKI vs CKD,targeted_SubclassLevel1_DCT_aki_vs_ckd,C4B,classical,,,False,False
DCT,DCT,aki_vs_ckd,AKI vs CKD,targeted_SubclassLevel1_DCT_aki_vs_ckd,C4BPA,classical,0.0088110200148526,,False,True
DCT,DCT,aki_vs_ckd,AKI vs CKD,targeted_SubclassLevel1_DCT_aki_vs_ckd,C4BPB,classical,,,False,False
DCT,DCT,aki_vs_ckd,AKI vs CKD,targeted_SubclassLevel1_DCT_aki_vs_ckd,C5,terminal,-0.1178704204950714,0.5112456507254067,False,True
DCT,DCT,aki_vs_ckd,AKI vs CKD,targeted_SubclassLevel1_DCT_aki_vs_ckd,C5AR1,receptor,0.1029682459986321,0.5573168233807241,False,True
DCT,DCT,aki_vs_ckd,AKI vs CKD,targeted_SubclassLevel1_DCT_aki_vs_ckd,C5AR2,receptor,-0.0601330854873405,0.6727813555932806,False,True
DCT,DCT,aki_vs_ckd,AKI vs CKD,targeted_SubclassLevel1_DCT_aki_vs_ckd,C6,terminal,0.0308322815243803,,False,True
DCT,DCT,aki_vs_ckd,AKI vs CKD,targeted_SubclassLevel1_DCT_aki_vs_ckd,C7,terminal,-0.0585478870625712,0.229026041980787,False,True
DCT,DCT,aki_vs_ckd,AKI vs CKD,targeted_SubclassLevel1_DCT_aki_vs_ckd,C8A,terminal,-0.0089942758570497,,False,True
DCT,DCT,aki_vs_ckd,AKI vs CKD,targeted_SubclassLevel1_DCT_aki_vs_ckd,C8B,terminal,,,False,False
DCT,DCT,aki_vs_ckd,AKI vs CKD,targeted_SubclassLevel1_DCT_aki_vs_ckd,C8G,terminal,,,False,False
DCT,DCT,aki_vs_ckd,AKI vs CKD,targeted_SubclassLevel1_DCT_aki_vs_ckd,C9,terminal,0.857184179852022,0.0390416816792053,True,True
DCT,DCT,aki_vs_ckd,AKI vs CKD,targeted_SubclassLevel1_DCT_aki_vs_ckd,CD46,regulator,-0.0727103346237434,0.6941545728784158,False,True
DCT,DCT,aki_vs_ckd,AKI vs CKD,targeted_SubclassLevel1_DCT_aki_vs_ckd,CD55,regulator,-0.2388788108916102,0.1926934648589417,False,True
DCT,DCT,aki_vs_ckd,AKI vs CKD,targeted_SubclassLevel1_DCT_aki_vs_ckd,CD59,regulator,0.0063286257544734,0.9764807958792476,False,True
DCT,DCT,aki_vs_ckd,AKI vs CKD,targeted_SubclassLevel1_DCT_aki_vs_ckd,CFB,alternative,1.1063222368510586,0.0324053641772565,True,True
DCT,DCT,aki_vs_ckd,AKI vs CKD,targeted_SubclassLevel1_DCT_aki_vs_ckd,CFD,alternative,-0.0411726215834375,0.5739641868999652,False,True
DCT,DCT,aki_vs_ckd,AKI vs CKD,targeted_SubclassLevel1_DCT_aki_vs_ckd,CFH,regulator,-0.0303782992438437,0.6543673380763314,False,True
DCT,DCT,aki_vs_ckd,AKI vs CKD,targeted_SubclassLevel1_DCT_aki_vs_ckd,CFHR1,regulator,0.0134080422181489,,False,True
DCT,DCT,aki_vs_ckd,AKI vs CKD,targeted_SubclassLevel1_DCT_aki_vs_ckd,CFHR2,regulator,,,False,False
DCT,DCT,aki_vs_ckd,AKI vs CKD,targeted_SubclassLevel1_DCT_aki_vs_ckd,CFHR3,regulator,,,False,False
DCT,DCT,aki_vs_ckd,AKI vs CKD,targeted_SubclassLevel1_DCT_aki_vs_ckd,CFHR4,regulator,,,False,False
DCT,DCT,aki_vs_ckd,AKI vs CKD,targeted_SubclassLevel1_DCT_aki_vs_ckd,CFHR5,regulator,,,False,False
DCT,DCT,aki_vs_ckd,AKI vs CKD,targeted_SubclassLevel1_DCT_aki_vs_ckd,CFI,regulator,1.1877167037443952,1.326392551555734e-06,True,True
DCT,DCT,aki_vs_ckd,AKI vs CKD,targeted_SubclassLevel1_DCT_aki_vs_ckd,CFP,alternative,-0.0144678956576862,,False,True
DCT,DCT,aki_vs_ckd,AKI vs CKD,targeted_SubclassLevel1_DCT_aki_vs_ckd,CR1,receptor,-0.0262312558872245,,False,True
DCT,DCT,aki_vs_ckd,AKI vs CKD,targeted_SubclassLevel1_DCT_aki_vs_ckd,CR2,receptor,-0.0039256916523566,,False,True
DCT,DCT,aki_vs_ckd,AKI vs CKD,targeted_SubclassLevel1_DCT_aki_vs_ckd,FCN1,lectin,0.0087307643249884,,False,True
DCT,DCT,aki_vs_ckd,AKI vs CKD,targeted_SubclassLevel1_DCT_aki_vs_ckd,FCN2,lectin,,,False,False
DCT,DCT,aki_vs_ckd,AKI vs CKD,targeted_SubclassLevel1_DCT_aki_vs_ckd,FCN3,lectin,-0.033742519258166,,False,True
DCT,DCT,aki_vs_ckd,AKI vs CKD,targeted_SubclassLevel1_DCT_aki_vs_ckd,ITGAM,receptor,-0.0509104750008368,,False,True
DCT,DCT,aki_vs_ckd,AKI vs CKD,targeted_SubclassLevel1_DCT_aki_vs_ckd,ITGAX,receptor,-0.0176084577403071,,False,True
DCT,DCT,aki_vs_ckd,AKI vs CKD,targeted_SubclassLevel1_DCT_aki_vs_ckd,MASP1,lectin,0.0135867526965456,,False,True
DCT,DCT,aki_vs_ckd,AKI vs CKD,targeted_SubclassLevel1_DCT_aki_vs_ckd,MASP2,lectin,-0.0080765978667788,,False,True
DCT,DCT,aki_vs_ckd,AKI vs CKD,targeted_SubclassLevel1_DCT_aki_vs_ckd,MBL2,lectin,,,False,False
DCT,DCT,aki_vs_ckd,AKI vs CKD,targeted_SubclassLevel1_DCT_aki_vs_ckd,SERPING1,regulator,0.5176552557925752,0.0586700514630927,False,True
DCT,DCT,aki_vs_ckd,AKI vs CKD,targeted_SubclassLevel1_DCT_aki_vs_ckd,VSIG4,receptor,0.0143701746861701,,False,True
DTL,DTL,ckd_vs_normal,CKD vs normal,targeted_SubclassLevel1_DTL_ckd_vs_normal,C1QA,classical,-0.0261825087641124,0.7634453822683844,False,True
DTL,DTL,ckd_vs_normal,CKD vs normal,targeted_SubclassLevel1_DTL_ckd_vs_normal,C1QB,classical,-0.0542558709113276,,False,True
DTL,DTL,ckd_vs_normal,CKD vs normal,targeted_SubclassLevel1_DTL_ckd_vs_normal,C1QC,classical,-0.014379644889829,,False,True
DTL,DTL,ckd_vs_normal,CKD vs normal,targeted_SubclassLevel1_DTL_ckd_vs_normal,C1R,classical,0.0163491685585517,0.81770813448404,False,True
DTL,DTL,ckd_vs_normal,CKD vs normal,targeted_SubclassLevel1_DTL_ckd_vs_normal,C1S,classical,-0.2762644723802741,0.172373434699763,False,True
DTL,DTL,ckd_vs_normal,CKD vs normal,targeted_SubclassLevel1_DTL_ckd_vs_normal,C2,classical,0.0096998898932207,0.9396060378117091,False,True
DTL,DTL,ckd_vs_normal,CKD vs normal,targeted_SubclassLevel1_DTL_ckd_vs_normal,C3,alternative,0.0554115385209614,0.4136552627668902,False,True
DTL,DTL,ckd_vs_normal,CKD vs normal,targeted_SubclassLevel1_DTL_ckd_vs_normal,C3AR1,receptor,-0.0642649123862278,,False,True
DTL,DTL,ckd_vs_normal,CKD vs normal,targeted_SubclassLevel1_DTL_ckd_vs_normal,C4A,classical,-0.009817572009731,,False,True
DTL,DTL,ckd_vs_normal,CKD vs normal,targeted_SubclassLevel1_DTL_ckd_vs_normal,C4B,classical,-0.0079783528585033,,False,True
DTL,DTL,ckd_vs_normal,CKD vs normal,targeted_SubclassLevel1_DTL_ckd_vs_normal,C4BPA,classical,-0.0478990372754405,,False,True
DTL,DTL,ckd_vs_normal,CKD vs normal,targeted_SubclassLevel1_DTL_ckd_vs_normal,C4BPB,classical,-0.0142557046701147,,False,True
DTL,DTL,ckd_vs_normal,CKD vs normal,targeted_SubclassLevel1_DTL_ckd_vs_normal,C5,terminal,0.1187066273791019,0.402822874387668,False,True
DTL,DTL,ckd_vs_normal,CKD vs normal,targeted_SubclassLevel1_DTL_ckd_vs_normal,C5AR1,receptor,-0.0292722468575567,0.7778477706585454,False,True
DTL,DTL,ckd_vs_normal,CKD vs normal,targeted_SubclassLevel1_DTL_ckd_vs_normal,C5AR2,receptor,0.0040785215202181,,False,True
DTL,DTL,ckd_vs_normal,CKD vs normal,targeted_SubclassLevel1_DTL_ckd_vs_normal,C6,terminal,-0.0231291418705833,0.8667891479127795,False,True
DTL,DTL,ckd_vs_normal,CKD vs normal,targeted_SubclassLevel1_DTL_ckd_vs_normal,C7,terminal,0.0486734201657943,0.5287092182341224,False,True
DTL,DTL,ckd_vs_normal,CKD vs normal,targeted_SubclassLevel1_DTL_ckd_vs_normal,C8A,terminal,-0.0170666509513174,,False,True
DTL,DTL,ckd_vs_normal,CKD vs normal,targeted_SubclassLevel1_DTL_ckd_vs_normal,C8B,terminal,-0.0040619684683883,,False,True
DTL,DTL,ckd_vs_normal,CKD vs normal,targeted_SubclassLevel1_DTL_ckd_vs_normal,C8G,terminal,-0.0111587851205955,,False,True
DTL,DTL,ckd_vs_normal,CKD vs normal,targeted_SubclassLevel1_DTL_ckd_vs_normal,C9,terminal,0.6643135654696202,0.0192111659449599,True,True
DTL,DTL,ckd_vs_normal,CKD vs normal,targeted_SubclassLevel1_DTL_ckd_vs_normal,CD46,regulator,-0.1342958324704933,0.406829749007055,False,True
DTL,DTL,ckd_vs_normal,CKD vs normal,targeted_SubclassLevel1_DTL_ckd_vs_normal,CD55,regulator,-0.8160575791886847,0.0081450264278307,True,True
DTL,DTL,ckd_vs_normal,CKD vs normal,targeted_SubclassLevel1_DTL_ckd_vs_normal,CD59,regulator,-0.0583084231493602,0.6575332554596497,False,True
DTL,DTL,ckd_vs_normal,CKD vs normal,targeted_SubclassLevel1_DTL_ckd_vs_normal,CFB,alternative,-0.069905516253043,0.442289458152208,False,True
DTL,DTL,ckd_vs_normal,CKD vs normal,targeted_SubclassLevel1_DTL_ckd_vs_normal,CFD,alternative,0.038863358161937,0.6971671189041901,False,True
DTL,DTL,ckd_vs_normal,CKD vs normal,targeted_SubclassLevel1_DTL_ckd_vs_normal,CFH,regulator,-0.0093870832802596,0.9640142341392496,False,True
DTL,DTL,ckd_vs_normal,CKD vs normal,targeted_SubclassLevel1_DTL_ckd_vs_normal,CFHR1,regulator,-0.0038858675011347,,False,True
DTL,DTL,ckd_vs_normal,CKD vs normal,targeted_SubclassLevel1_DTL_ckd_vs_normal,CFHR2,regulator,,,False,False
DTL,DTL,ckd_vs_normal,CKD vs normal,targeted_SubclassLevel1_DTL_ckd_vs_normal,CFHR3,regulator,0.0050246451820961,,False,True
DTL,DTL,ckd_vs_normal,CKD vs normal,targeted_SubclassLevel1_DTL_ckd_vs_normal,CFHR4,regulator,0.0182481488842891,,False,True
DTL,DTL,ckd_vs_normal,CKD vs normal,targeted_SubclassLevel1_DTL_ckd_vs_normal,CFHR5,regulator,,,False,False
DTL,DTL,ckd_vs_normal,CKD vs normal,targeted_SubclassLevel1_DTL_ckd_vs_normal,CFI,regulator,0.0452242807354817,0.6317224309555409,False,True
DTL,DTL,ckd_vs_normal,CKD vs normal,targeted_SubclassLevel1_DTL_ckd_vs_normal,CFP,alternative,-0.0018547127040445,,False,True
DTL,DTL,ckd_vs_normal,CKD vs normal,targeted_SubclassLevel1_DTL_ckd_vs_normal,CR1,receptor,0.0951067626534025,,False,True
DTL,DTL,ckd_vs_normal,CKD vs normal,targeted_SubclassLevel1_DTL_ckd_vs_normal,CR2,receptor,0.0130682636629706,,False,True
DTL,DTL,ckd_vs_normal,CKD vs normal,targeted_SubclassLevel1_DTL_ckd_vs_normal,FCN1,lectin,-0.0549715994331079,,False,True
DTL,DTL,ckd_vs_normal,CKD vs normal,targeted_SubclassLevel1_DTL_ckd_vs_normal,FCN2,lectin,,,False,False
DTL,DTL,ckd_vs_normal,CKD vs normal,targeted_SubclassLevel1_DTL_ckd_vs_normal,FCN3,lectin,0.0161737954177149,,False,True
DTL,DTL,ckd_vs_normal,CKD vs normal,targeted_SubclassLevel1_DTL_ckd_vs_normal,ITGAM,receptor,0.0303945622953837,,False,True
DTL,DTL,ckd_vs_normal,CKD vs normal,targeted_SubclassLevel1_DTL_ckd_vs_normal,ITGAX,receptor,0.0219329176984263,,False,True
DTL,DTL,ckd_vs_normal,CKD vs normal,targeted_SubclassLevel1_DTL_ckd_vs_normal,MASP1,lectin,0.7626218329563077,0.0435254261863746,True,True
DTL,DTL,ckd_vs_normal,CKD vs normal,targeted_SubclassLevel1_DTL_ckd_vs_normal,MASP2,lectin,-0.1555430755876293,,False,True
DTL,DTL,ckd_vs_normal,CKD vs normal,targeted_SubclassLevel1_DTL_ckd_vs_normal,MBL2,lectin,,,False,False
DTL,DTL,ckd_vs_normal,CKD vs normal,targeted_SubclassLevel1_DTL_ckd_vs_normal,SERPING1,regulator,-0.0764159979985913,0.4783977599131796,False,True
DTL,DTL,ckd_vs_normal,CKD vs normal,targeted_SubclassLevel1_DTL_ckd_vs_normal,VSIG4,receptor,-0.0349543738719478,,False,True
DTL,DTL,aki_vs_normal,AKI vs normal,targeted_SubclassLevel1_DTL_aki_vs_normal,C1QA,classical,0.1774775818242475,0.1177489472475179,False,True
DTL,DTL,aki_vs_normal,AKI vs normal,targeted_SubclassLevel1_DTL_aki_vs_normal,C1QB,classical,0.0399329685232857,0.5917831925019656,False,True
DTL,DTL,aki_vs_normal,AKI vs normal,targeted_SubclassLevel1_DTL_aki_vs_normal,C1QC,classical,0.0287235058588556,,False,True
DTL,DTL,aki_vs_normal,AKI vs normal,targeted_SubclassLevel1_DTL_aki_vs_normal,C1R,classical,0.0696626190626264,0.1907436523527637,False,True
DTL,DTL,aki_vs_normal,AKI vs normal,targeted_SubclassLevel1_DTL_aki_vs_normal,C1S,classical,-0.0381876823781387,0.8331620678221808,False,True
DTL,DTL,aki_vs_normal,AKI vs normal,targeted_SubclassLevel1_DTL_aki_vs_normal,C2,classical,0.0611724072722586,0.6722418651495058,False,True
DTL,DTL,aki_vs_normal,AKI vs normal,targeted_SubclassLevel1_DTL_aki_vs_normal,C3,alternative,3.0473949758400773,4.000708867079302e-07,True,True
DTL,DTL,aki_vs_normal,AKI vs normal,targeted_SubclassLevel1_DTL_aki_vs_normal,C3AR1,receptor,-0.0621475599798391,,False,True
DTL,DTL,aki_vs_normal,AKI vs normal,targeted_SubclassLevel1_DTL_aki_vs_normal,C4A,classical,-0.0001179148215194,,False,True
DTL,DTL,aki_vs_normal,AKI vs normal,targeted_SubclassLevel1_DTL_aki_vs_normal,C4B,classical,-0.0044483158289601,,False,True
DTL,DTL,aki_vs_normal,AKI vs normal,targeted_SubclassLevel1_DTL_aki_vs_normal,C4BPA,classical,0.0066275649767117,,False,True
DTL,DTL,aki_vs_normal,AKI vs normal,targeted_SubclassLevel1_DTL_aki_vs_normal,C4BPB,classical,0.0104270161637536,,False,True
DTL,DTL,aki_vs_normal,AKI vs normal,targeted_SubclassLevel1_DTL_aki_vs_normal,C5,terminal,0.0616509353651381,0.6970134582549395,False,True
DTL,DTL,aki_vs_normal,AKI vs normal,targeted_SubclassLevel1_DTL_aki_vs_normal,C5AR1,receptor,0.0223763326583203,0.8271426850463255,False,True
DTL,DTL,aki_vs_normal,AKI vs normal,targeted_SubclassLevel1_DTL_aki_vs_normal,C5AR2,receptor,-0.006004148374319,,False,True
DTL,DTL,aki_vs_normal,AKI vs normal,targeted_SubclassLevel1_DTL_aki_vs_normal,C6,terminal,-0.0346982001379067,0.3256626575699969,False,True
DTL,DTL,aki_vs_normal,AKI vs normal,targeted_SubclassLevel1_DTL_aki_vs_normal,C7,terminal,-0.0255344271295503,0.437782268486296,False,True
DTL,DTL,aki_vs_normal,AKI vs normal,targeted_SubclassLevel1_DTL_aki_vs_normal,C8A,terminal,-0.0104504270870747,,False,True
DTL,DTL,aki_vs_normal,AKI vs normal,targeted_SubclassLevel1_DTL_aki_vs_normal,C8B,terminal,0.0002014827634772,,False,True
DTL,DTL,aki_vs_normal,AKI vs normal,targeted_SubclassLevel1_DTL_aki_vs_normal,C8G,terminal,0.0152017877304847,,False,True
DTL,DTL,aki_vs_normal,AKI vs normal,targeted_SubclassLevel1_DTL_aki_vs_normal,C9,terminal,0.1855934060606039,0.2739012939231879,False,True
DTL,DTL,aki_vs_normal,AKI vs normal,targeted_SubclassLevel1_DTL_aki_vs_normal,CD46,regulator,-0.0996967838663854,0.5482985680476554,False,True
DTL,DTL,aki_vs_normal,AKI vs normal,targeted_SubclassLevel1_DTL_aki_vs_normal,CD55,regulator,-0.4807924053933678,0.1039228985669366,False,True
DTL,DTL,aki_vs_normal,AKI vs normal,targeted_SubclassLevel1_DTL_aki_vs_normal,CD59,regulator,0.0268110876812423,0.8461023345645442,False,True
DTL,DTL,aki_vs_normal,AKI vs normal,targeted_SubclassLevel1_DTL_aki_vs_normal,CFB,alternative,1.1891942468772605,0.0229120483584827,True,True
DTL,DTL,aki_vs_normal,AKI vs normal,targeted_SubclassLevel1_DTL_aki_vs_normal,CFD,alternative,-0.1190917948935423,0.3307581765371944,False,True
DTL,DTL,aki_vs_normal,AKI vs normal,targeted_SubclassLevel1_DTL_aki_vs_normal,CFH,regulator,0.0463947342137588,0.3564818065962535,False,True
DTL,DTL,aki_vs_normal,AKI vs normal,targeted_SubclassLevel1_DTL_aki_vs_normal,CFHR1,regulator,0.0206039826234246,,False,True
DTL,DTL,aki_vs_normal,AKI vs normal,targeted_SubclassLevel1_DTL_aki_vs_normal,CFHR2,regulator,,,False,False
DTL,DTL,aki_vs_normal,AKI vs normal,targeted_SubclassLevel1_DTL_aki_vs_normal,CFHR3,regulator,,,False,False
DTL,DTL,aki_vs_normal,AKI vs normal,targeted_SubclassLevel1_DTL_aki_vs_normal,CFHR4,regulator,-0.0034784661627532,,False,True
DTL,DTL,aki_vs_normal,AKI vs normal,targeted_SubclassLevel1_DTL_aki_vs_normal,CFHR5,regulator,,,False,False
DTL,DTL,aki_vs_normal,AKI vs normal,targeted_SubclassLevel1_DTL_aki_vs_normal,CFI,regulator,0.1529133875381323,0.1087392252445379,False,True
DTL,DTL,aki_vs_normal,AKI vs normal,targeted_SubclassLevel1_DTL_aki_vs_normal,CFP,alternative,-0.0207420201629581,,False,True
DTL,DTL,aki_vs_normal,AKI vs normal,targeted_SubclassLevel1_DTL_aki_vs_normal,CR1,receptor,0.0101593961175305,,False,True
DTL,DTL,aki_vs_normal,AKI vs normal,targeted_SubclassLevel1_DTL_aki_vs_normal,CR2,receptor,-0.0010178851769723,,False,True
DTL,DTL,aki_vs_normal,AKI vs normal,targeted_SubclassLevel1_DTL_aki_vs_normal,FCN1,lectin,0.0318314410818605,,False,True
DTL,DTL,aki_vs_normal,AKI vs normal,targeted_SubclassLevel1_DTL_aki_vs_normal,FCN2,lectin,,,False,False
DTL,DTL,aki_vs_normal,AKI vs normal,targeted_SubclassLevel1_DTL_aki_vs_normal,FCN3,lectin,-0.0016029548393148,,False,True
DTL,DTL,aki_vs_normal,AKI vs normal,targeted_SubclassLevel1_DTL_aki_vs_normal,ITGAM,receptor,0.0057346174478592,,False,True
DTL,DTL,aki_vs_normal,AKI vs normal,targeted_SubclassLevel1_DTL_aki_vs_normal,ITGAX,receptor,-0.0027853130461851,,False,True
DTL,DTL,aki_vs_normal,AKI vs normal,targeted_SubclassLevel1_DTL_aki_vs_normal,MASP1,lectin,0.0103307910784832,0.919609944746026,False,True
DTL,DTL,aki_vs_normal,AKI vs normal,targeted_SubclassLevel1_DTL_aki_vs_normal,MASP2,lectin,-0.0584121976229624,,False,True
DTL,DTL,aki_vs_normal,AKI vs normal,targeted_SubclassLevel1_DTL_aki_vs_normal,MBL2,lectin,,,False,False
DTL,DTL,aki_vs_normal,AKI vs normal,targeted_SubclassLevel1_DTL_aki_vs_normal,SERPING1,regulator,0.0884751642039247,0.3653751531014025,False,True
DTL,DTL,aki_vs_normal,AKI vs normal,targeted_SubclassLevel1_DTL_aki_vs_normal,VSIG4,receptor,0.0055079913786409,,False,True
DTL,DTL,aki_vs_ckd,AKI vs CKD,targeted_SubclassLevel1_DTL_aki_vs_ckd,C1QA,classical,0.0078621153077707,,False,True
DTL,DTL,aki_vs_ckd,AKI vs CKD,targeted_SubclassLevel1_DTL_aki_vs_ckd,C1QB,classical,0.0243088287134011,,False,True
DTL,DTL,aki_vs_ckd,AKI vs CKD,targeted_SubclassLevel1_DTL_aki_vs_ckd,C1QC,classical,0.0097388349777787,,False,True
DTL,DTL,aki_vs_ckd,AKI vs CKD,targeted_SubclassLevel1_DTL_aki_vs_ckd,C1R,classical,0.0463578568283338,,False,True
DTL,DTL,aki_vs_ckd,AKI vs CKD,targeted_SubclassLevel1_DTL_aki_vs_ckd,C1S,classical,0.0769034539240226,0.5093455001926126,False,True
DTL,DTL,aki_vs_ckd,AKI vs CKD,targeted_SubclassLevel1_DTL_aki_vs_ckd,C2,classical,0.0537933644166067,0.6072851604888133,False,True
DTL,DTL,aki_vs_ckd,AKI vs CKD,targeted_SubclassLevel1_DTL_aki_vs_ckd,C3,alternative,3.168710824839586,3.7417616360593455e-05,True,True
DTL,DTL,aki_vs_ckd,AKI vs CKD,targeted_SubclassLevel1_DTL_aki_vs_ckd,C3AR1,receptor,-0.0033177439285792,,False,True
DTL,DTL,aki_vs_ckd,AKI vs CKD,targeted_SubclassLevel1_DTL_aki_vs_ckd,C4A,classical,,,False,False
DTL,DTL,aki_vs_ckd,AKI vs CKD,targeted_SubclassLevel1_DTL_aki_vs_ckd,C4B,classical,,,False,False
DTL,DTL,aki_vs_ckd,AKI vs CKD,targeted_SubclassLevel1_DTL_aki_vs_ckd,C4BPA,classical,-0.0004104521682245,,False,True
DTL,DTL,aki_vs_ckd,AKI vs CKD,targeted_SubclassLevel1_DTL_aki_vs_ckd,C4BPB,classical,-0.000334584340278,,False,True
DTL,DTL,aki_vs_ckd,AKI vs CKD,targeted_SubclassLevel1_DTL_aki_vs_ckd,C5,terminal,-0.0510050183490226,0.6005085567980321,False,True
DTL,DTL,aki_vs_ckd,AKI vs CKD,targeted_SubclassLevel1_DTL_aki_vs_ckd,C5AR1,receptor,0.0995844606576625,0.2693264444670841,False,True
DTL,DTL,aki_vs_ckd,AKI vs CKD,targeted_SubclassLevel1_DTL_aki_vs_ckd,C5AR2,receptor,0.0055679477507211,,False,True
DTL,DTL,aki_vs_ckd,AKI vs CKD,targeted_SubclassLevel1_DTL_aki_vs_ckd,C6,terminal,-0.0048502757821289,,False,True
DTL,DTL,aki_vs_ckd,AKI vs CKD,targeted_SubclassLevel1_DTL_aki_vs_ckd,C7,terminal,-0.0379966758364315,0.0290583440185754,True,True
DTL,DTL,aki_vs_ckd,AKI vs CKD,targeted_SubclassLevel1_DTL_aki_vs_ckd,C8A,terminal,,,False,False
DTL,DTL,aki_vs_ckd,AKI vs CKD,targeted_SubclassLevel1_DTL_aki_vs_ckd,C8B,terminal,,,False,False
DTL,DTL,aki_vs_ckd,AKI vs CKD,targeted_SubclassLevel1_DTL_aki_vs_ckd,C8G,terminal,,,False,False
DTL,DTL,aki_vs_ckd,AKI vs CKD,targeted_SubclassLevel1_DTL_aki_vs_ckd,C9,terminal,-0.0406574829117917,,False,True
DTL,DTL,aki_vs_ckd,AKI vs CKD,targeted_SubclassLevel1_DTL_aki_vs_ckd,CD46,regulator,-0.2805942931278671,0.1728384575010704,False,True
DTL,DTL,aki_vs_ckd,AKI vs CKD,targeted_SubclassLevel1_DTL_aki_vs_ckd,CD55,regulator,0.012003056127837,0.943105934349709,False,True
DTL,DTL,aki_vs_ckd,AKI vs CKD,targeted_SubclassLevel1_DTL_aki_vs_ckd,CD59,regulator,-0.0322840689602205,0.7974318013866766,False,True
DTL,DTL,aki_vs_ckd,AKI vs CKD,targeted_SubclassLevel1_DTL_aki_vs_ckd,CFB,alternative,1.922562976314517,0.0043585739184215,True,True
DTL,DTL,aki_vs_ckd,AKI vs CKD,targeted_SubclassLevel1_DTL_aki_vs_ckd,CFD,alternative,-0.1020564987014067,,False,True
DTL,DTL,aki_vs_ckd,AKI vs CKD,targeted_SubclassLevel1_DTL_aki_vs_ckd,CFH,regulator,0.120045527900026,,False,True
DTL,DTL,aki_vs_ckd,AKI vs CKD,targeted_SubclassLevel1_DTL_aki_vs_ckd,CFHR1,regulator,,,False,False
DTL,DTL,aki_vs_ckd,AKI vs CKD,targeted_SubclassLevel1_DTL_aki_vs_ckd,CFHR2,regulator,,,False,False
DTL,DTL,aki_vs_ckd,AKI vs CKD,targeted_SubclassLevel1_DTL_aki_vs_ckd,CFHR3,regulator,,,False,False
DTL,DTL,aki_vs_ckd,AKI vs CKD,targeted_SubclassLevel1_DTL_aki_vs_ckd,CFHR4,regulator,,,False,False
DTL,DTL,aki_vs_ckd,AKI vs CKD,targeted_SubclassLevel1_DTL_aki_vs_ckd,CFHR5,regulator,,,False,False
DTL,DTL,aki_vs_ckd,AKI vs CKD,targeted_SubclassLevel1_DTL_aki_vs_ckd,CFI,regulator,0.7470055138558644,0.0736458476030776,False,True
DTL,DTL,aki_vs_ckd,AKI vs CKD,targeted_SubclassLevel1_DTL_aki_vs_ckd,CFP,alternative,,,False,False
DTL,DTL,aki_vs_ckd,AKI vs CKD,targeted_SubclassLevel1_DTL_aki_vs_ckd,CR1,receptor,-0.0245089445969657,,False,True
DTL,DTL,aki_vs_ckd,AKI vs CKD,targeted_SubclassLevel1_DTL_aki_vs_ckd,CR2,receptor,-0.0118807030333759,,False,True
DTL,DTL,aki_vs_ckd,AKI vs CKD,targeted_SubclassLevel1_DTL_aki_vs_ckd,FCN1,lectin,0.0103783589635583,,False,True
DTL,DTL,aki_vs_ckd,AKI vs CKD,targeted_SubclassLevel1_DTL_aki_vs_ckd,FCN2,lectin,,,False,False
DTL,DTL,aki_vs_ckd,AKI vs CKD,targeted_SubclassLevel1_DTL_aki_vs_ckd,FCN3,lectin,,,False,False
DTL,DTL,aki_vs_ckd,AKI vs CKD,targeted_SubclassLevel1_DTL_aki_vs_ckd,ITGAM,receptor,-0.0063781101208659,,False,True
DTL,DTL,aki_vs_ckd,AKI vs CKD,targeted_SubclassLevel1_DTL_aki_vs_ckd,ITGAX,receptor,0.0136367669655958,,False,True
DTL,DTL,aki_vs_ckd,AKI vs CKD,targeted_SubclassLevel1_DTL_aki_vs_ckd,MASP1,lectin,0.005968444856458,0.9635581204177374,False,True
DTL,DTL,aki_vs_ckd,AKI vs CKD,targeted_SubclassLevel1_DTL_aki_vs_ckd,MASP2,lectin,0.0021486305460929,,False,True
DTL,DTL,aki_vs_ckd,AKI vs CKD,targeted_SubclassLevel1_DTL_aki_vs_ckd,MBL2,lectin,,,False,False
DTL,DTL,aki_vs_ckd,AKI vs CKD,targeted_SubclassLevel1_DTL_aki_vs_ckd,SERPING1,regulator,0.1822306823346206,0.1530395231588856,False,True
DTL,DTL,aki_vs_ckd,AKI vs CKD,targeted_SubclassLevel1_DTL_aki_vs_ckd,VSIG4,receptor,0.0026709589284068,,False,True
EC,EC,ckd_vs_normal,CKD vs normal,targeted_SubclassLevel1_EC_ckd_vs_normal,C1QA,classical,-0.0871595202301998,0.3294871175903013,False,True
EC,EC,ckd_vs_normal,CKD vs normal,targeted_SubclassLevel1_EC_ckd_vs_normal,C1QB,classical,-0.0941126658562166,0.2091205126099867,False,True
EC,EC,ckd_vs_normal,CKD vs normal,targeted_SubclassLevel1_EC_ckd_vs_normal,C1QC,classical,-0.0566352163970701,0.4574716074039071,False,True
EC,EC,ckd_vs_normal,CKD vs normal,targeted_SubclassLevel1_EC_ckd_vs_normal,C1R,classical,-0.0308786906869257,0.8023350700414568,False,True
EC,EC,ckd_vs_normal,CKD vs normal,targeted_SubclassLevel1_EC_ckd_vs_normal,C1S,classical,-0.0835771687508623,0.5838452922295864,False,True
EC,EC,ckd_vs_normal,CKD vs normal,targeted_SubclassLevel1_EC_ckd_vs_normal,C2,classical,-0.1853389998148731,0.2838210208923941,False,True
EC,EC,ckd_vs_normal,CKD vs normal,targeted_SubclassLevel1_EC_ckd_vs_normal,C3,alternative,0.0714084742885619,0.4344980480516664,False,True
EC,EC,ckd_vs_normal,CKD vs normal,targeted_SubclassLevel1_EC_ckd_vs_normal,C3AR1,receptor,-0.0919231545214733,0.5190862047904066,False,True
EC,EC,ckd_vs_normal,CKD vs normal,targeted_SubclassLevel1_EC_ckd_vs_normal,C4A,classical,-0.0023989504259133,,False,True
EC,EC,ckd_vs_normal,CKD vs normal,targeted_SubclassLevel1_EC_ckd_vs_normal,C4B,classical,-0.0077571769285,,False,True
EC,EC,ckd_vs_normal,CKD vs normal,targeted_SubclassLevel1_EC_ckd_vs_normal,C4BPA,classical,-0.0374650490260952,,False,True
EC,EC,ckd_vs_normal,CKD vs normal,targeted_SubclassLevel1_EC_ckd_vs_normal,C4BPB,classical,0.0580622736817075,,False,True
EC,EC,ckd_vs_normal,CKD vs normal,targeted_SubclassLevel1_EC_ckd_vs_normal,C5,terminal,-0.1454753782642076,0.3749887928530709,False,True
EC,EC,ckd_vs_normal,CKD vs normal,targeted_SubclassLevel1_EC_ckd_vs_normal,C5AR1,receptor,0.0302570584804269,0.7806874945895405,False,True
EC,EC,ckd_vs_normal,CKD vs normal,targeted_SubclassLevel1_EC_ckd_vs_normal,C5AR2,receptor,0.0370691277399941,0.6885309188179739,False,True
EC,EC,ckd_vs_normal,CKD vs normal,targeted_SubclassLevel1_EC_ckd_vs_normal,C6,terminal,-0.0895803754638704,0.317293985734019,False,True
EC,EC,ckd_vs_normal,CKD vs normal,targeted_SubclassLevel1_EC_ckd_vs_normal,C7,terminal,0.1084360740377931,0.4056922817261952,False,True
EC,EC,ckd_vs_normal,CKD vs normal,targeted_SubclassLevel1_EC_ckd_vs_normal,C8A,terminal,-0.0017490134272969,,False,True
EC,EC,ckd_vs_normal,CKD vs normal,targeted_SubclassLevel1_EC_ckd_vs_normal,C8B,terminal,-0.0036205348232611,,False,True
EC,EC,ckd_vs_normal,CKD vs normal,targeted_SubclassLevel1_EC_ckd_vs_normal,C8G,terminal,0.0613671167974496,,False,True
EC,EC,ckd_vs_normal,CKD vs normal,targeted_SubclassLevel1_EC_ckd_vs_normal,C9,terminal,0.8326296039388654,0.0055972862639325,True,True
EC,EC,ckd_vs_normal,CKD vs normal,targeted_SubclassLevel1_EC_ckd_vs_normal,CD46,regulator,-0.2167276155124238,0.222228517125749,False,True
EC,EC,ckd_vs_normal,CKD vs normal,targeted_SubclassLevel1_EC_ckd_vs_normal,CD55,regulator,-0.4519517705146861,0.0771136429758595,False,True
EC,EC,ckd_vs_normal,CKD vs normal,targeted_SubclassLevel1_EC_ckd_vs_normal,CD59,regulator,-0.5498027121287504,0.0491033284881454,True,True
EC,EC,ckd_vs_normal,CKD vs normal,targeted_SubclassLevel1_EC_ckd_vs_normal,CFB,alternative,-0.6105044836035198,0.0825175306792683,False,True
EC,EC,ckd_vs_normal,CKD vs normal,targeted_SubclassLevel1_EC_ckd_vs_normal,CFD,alternative,0.0059684592606269,0.938181924128285,False,True
EC,EC,ckd_vs_normal,CKD vs normal,targeted_SubclassLevel1_EC_ckd_vs_normal,CFH,regulator,0.0109073515599989,0.9514691960684888,False,True
EC,EC,ckd_vs_normal,CKD vs normal,targeted_SubclassLevel1_EC_ckd_vs_normal,CFHR1,regulator,0.0074125874862327,,False,True
EC,EC,ckd_vs_normal,CKD vs normal,targeted_SubclassLevel1_EC_ckd_vs_normal,CFHR2,regulator,,,False,False
EC,EC,ckd_vs_normal,CKD vs normal,targeted_SubclassLevel1_EC_ckd_vs_normal,CFHR3,regulator,-0.0418723854068249,,False,True
EC,EC,ckd_vs_normal,CKD vs normal,targeted_SubclassLevel1_EC_ckd_vs_normal,CFHR4,regulator,-0.009374814376728,,False,True
EC,EC,ckd_vs_normal,CKD vs normal,targeted_SubclassLevel1_EC_ckd_vs_normal,CFHR5,regulator,0.0060389787060996,,False,True
EC,EC,ckd_vs_normal,CKD vs normal,targeted_SubclassLevel1_EC_ckd_vs_normal,CFI,regulator,-0.127594507712164,0.4245740532868008,False,True
EC,EC,ckd_vs_normal,CKD vs normal,targeted_SubclassLevel1_EC_ckd_vs_normal,CFP,alternative,0.0266446532690546,,False,True
EC,EC,ckd_vs_normal,CKD vs normal,targeted_SubclassLevel1_EC_ckd_vs_normal,CR1,receptor,0.0209951709216795,0.8366029278621161,False,True
EC,EC,ckd_vs_normal,CKD vs normal,targeted_SubclassLevel1_EC_ckd_vs_normal,CR2,receptor,0.0135662949363159,,False,True
EC,EC,ckd_vs_normal,CKD vs normal,targeted_SubclassLevel1_EC_ckd_vs_normal,FCN1,lectin,0.0947494784352874,,False,True
EC,EC,ckd_vs_normal,CKD vs normal,targeted_SubclassLevel1_EC_ckd_vs_normal,FCN2,lectin,-0.0896045464047028,,False,True
EC,EC,ckd_vs_normal,CKD vs normal,targeted_SubclassLevel1_EC_ckd_vs_normal,FCN3,lectin,-0.073711828292663,0.338437363053491,False,True
EC,EC,ckd_vs_normal,CKD vs normal,targeted_SubclassLevel1_EC_ckd_vs_normal,ITGAM,receptor,-0.0207300926741542,,False,True
EC,EC,ckd_vs_normal,CKD vs normal,targeted_SubclassLevel1_EC_ckd_vs_normal,ITGAX,receptor,0.0555142398849067,,False,True
EC,EC,ckd_vs_normal,CKD vs normal,targeted_SubclassLevel1_EC_ckd_vs_normal,MASP1,lectin,0.0702444419197847,0.4280192281934354,False,True
EC,EC,ckd_vs_normal,CKD vs normal,targeted_SubclassLevel1_EC_ckd_vs_normal,MASP2,lectin,-0.1078619139672152,,False,True
EC,EC,ckd_vs_normal,CKD vs normal,targeted_SubclassLevel1_EC_ckd_vs_normal,MBL2,lectin,,,False,False
EC,EC,ckd_vs_normal,CKD vs normal,targeted_SubclassLevel1_EC_ckd_vs_normal,SERPING1,regulator,-0.1019591558333684,0.4785914604045621,False,True
EC,EC,ckd_vs_normal,CKD vs normal,targeted_SubclassLevel1_EC_ckd_vs_normal,VSIG4,receptor,-0.0475338616802967,,False,True
EC,EC,aki_vs_normal,AKI vs normal,targeted_SubclassLevel1_EC_aki_vs_normal,C1QA,classical,0.2581349561095168,0.1534543909775667,False,True
EC,EC,aki_vs_normal,AKI vs normal,targeted_SubclassLevel1_EC_aki_vs_normal,C1QB,classical,0.6620517700305765,0.085101271317561,False,True
EC,EC,aki_vs_normal,AKI vs normal,targeted_SubclassLevel1_EC_aki_vs_normal,C1QC,classical,0.1370817166828163,0.2313141900738025,False,True
EC,EC,aki_vs_normal,AKI vs normal,targeted_SubclassLevel1_EC_aki_vs_normal,C1R,classical,1.0102470935816965,0.0107413972332316,True,True
EC,EC,aki_vs_normal,AKI vs normal,targeted_SubclassLevel1_EC_aki_vs_normal,C1S,classical,0.263514535150059,0.0906212914781611,False,True
EC,EC,aki_vs_normal,AKI vs normal,targeted_SubclassLevel1_EC_aki_vs_normal,C2,classical,0.0131901945123663,0.9536972262900358,False,True
EC,EC,aki_vs_normal,AKI vs normal,targeted_SubclassLevel1_EC_aki_vs_normal,C3,alternative,2.8836293721640316,1.2511702680397196e-09,True,True
EC,EC,aki_vs_normal,AKI vs normal,targeted_SubclassLevel1_EC_aki_vs_normal,C3AR1,receptor,0.0403923571884286,0.6492766661246467,False,True
EC,EC,aki_vs_normal,AKI vs normal,targeted_SubclassLevel1_EC_aki_vs_normal,C4A,classical,0.0231243229169619,,False,True
EC,EC,aki_vs_normal,AKI vs normal,targeted_SubclassLevel1_EC_aki_vs_normal,C4B,classical,0.0402798654434996,,False,True
EC,EC,aki_vs_normal,AKI vs normal,targeted_SubclassLevel1_EC_aki_vs_normal,C4BPA,classical,0.008256431275871,,False,True
EC,EC,aki_vs_normal,AKI vs normal,targeted_SubclassLevel1_EC_aki_vs_normal,C4BPB,classical,-0.0137071565568168,,False,True
EC,EC,aki_vs_normal,AKI vs normal,targeted_SubclassLevel1_EC_aki_vs_normal,C5,terminal,-0.078568665285904,0.6763718560092101,False,True
EC,EC,aki_vs_normal,AKI vs normal,targeted_SubclassLevel1_EC_aki_vs_normal,C5AR1,receptor,-0.0043345769066825,0.9617576562110896,False,True
EC,EC,aki_vs_normal,AKI vs normal,targeted_SubclassLevel1_EC_aki_vs_normal,C5AR2,receptor,0.1396062645887893,0.2704178090699094,False,True
EC,EC,aki_vs_normal,AKI vs normal,targeted_SubclassLevel1_EC_aki_vs_normal,C6,terminal,-0.0488262467264607,0.7628826865851178,False,True
EC,EC,aki_vs_normal,AKI vs normal,targeted_SubclassLevel1_EC_aki_vs_normal,C7,terminal,0.0499168070117577,0.7717133444760593,False,True
EC,EC,aki_vs_normal,AKI vs normal,targeted_SubclassLevel1_EC_aki_vs_normal,C8A,terminal,-0.0054896246570609,,False,True
EC,EC,aki_vs_normal,AKI vs normal,targeted_SubclassLevel1_EC_aki_vs_normal,C8B,terminal,-0.0178308766697068,,False,True
EC,EC,aki_vs_normal,AKI vs normal,targeted_SubclassLevel1_EC_aki_vs_normal,C8G,terminal,-0.0441353224817636,,False,True
EC,EC,aki_vs_normal,AKI vs normal,targeted_SubclassLevel1_EC_aki_vs_normal,C9,terminal,0.3475396034857416,0.1457552364722504,False,True
EC,EC,aki_vs_normal,AKI vs normal,targeted_SubclassLevel1_EC_aki_vs_normal,CD46,regulator,-0.3290575473773823,0.0464661479514666,True,True
EC,EC,aki_vs_normal,AKI vs normal,targeted_SubclassLevel1_EC_aki_vs_normal,CD55,regulator,-0.3414499129114803,0.1375466481724634,False,True
EC,EC,aki_vs_normal,AKI vs normal,targeted_SubclassLevel1_EC_aki_vs_normal,CD59,regulator,-0.1831917520886758,0.3390205708056191,False,True
EC,EC,aki_vs_normal,AKI vs normal,targeted_SubclassLevel1_EC_aki_vs_normal,CFB,alternative,0.8679168680643687,0.0201691298517251,True,True
EC,EC,aki_vs_normal,AKI vs normal,targeted_SubclassLevel1_EC_aki_vs_normal,CFD,alternative,0.0116905209766581,0.9153929787005316,False,True
EC,EC,aki_vs_normal,AKI vs normal,targeted_SubclassLevel1_EC_aki_vs_normal,CFH,regulator,-0.0217792645518407,0.921447799090111,False,True
EC,EC,aki_vs_normal,AKI vs normal,targeted_SubclassLevel1_EC_aki_vs_normal,CFHR1,regulator,0.0942396306277704,,False,True
EC,EC,aki_vs_normal,AKI vs normal,targeted_SubclassLevel1_EC_aki_vs_normal,CFHR2,regulator,,,False,False
EC,EC,aki_vs_normal,AKI vs normal,targeted_SubclassLevel1_EC_aki_vs_normal,CFHR3,regulator,-0.0415395450653068,,False,True
EC,EC,aki_vs_normal,AKI vs normal,targeted_SubclassLevel1_EC_aki_vs_normal,CFHR4,regulator,0.0505390169648945,,False,True
EC,EC,aki_vs_normal,AKI vs normal,targeted_SubclassLevel1_EC_aki_vs_normal,CFHR5,regulator,,,False,False
EC,EC,aki_vs_normal,AKI vs normal,targeted_SubclassLevel1_EC_aki_vs_normal,CFI,regulator,0.7807045722016611,0.0002849424162692,True,True
EC,EC,aki_vs_normal,AKI vs normal,targeted_SubclassLevel1_EC_aki_vs_normal,CFP,alternative,0.1112649558076178,,False,True
EC,EC,aki_vs_normal,AKI vs normal,targeted_SubclassLevel1_EC_aki_vs_normal,CR1,receptor,-0.0150045831452643,0.9378817430142636,False,True
EC,EC,aki_vs_normal,AKI vs normal,targeted_SubclassLevel1_EC_aki_vs_normal,CR2,receptor,0.006355999967921,0.9207347927282704,False,True
EC,EC,aki_vs_normal,AKI vs normal,targeted_SubclassLevel1_EC_aki_vs_normal,FCN1,lectin,1.452196910043231,,False,True
EC,EC,aki_vs_normal,AKI vs normal,targeted_SubclassLevel1_EC_aki_vs_normal,FCN2,lectin,0.0191626076945149,0.8847593687906897,False,True
EC,EC,aki_vs_normal,AKI vs normal,targeted_SubclassLevel1_EC_aki_vs_normal,FCN3,lectin,0.007410270833757,0.9636543338053486,False,True
EC,EC,aki_vs_normal,AKI vs normal,targeted_SubclassLevel1_EC_aki_vs_normal,ITGAM,receptor,0.2286585475966381,0.1555423301987908,False,True
EC,EC,aki_vs_normal,AKI vs normal,targeted_SubclassLevel1_EC_aki_vs_normal,ITGAX,receptor,1.3884830376407196,0.0181805438102143,True,True
EC,EC,aki_vs_normal,AKI vs normal,targeted_SubclassLevel1_EC_aki_vs_normal,MASP1,lectin,0.1694068869688855,0.1529837481848117,False,True
EC,EC,aki_vs_normal,AKI vs normal,targeted_SubclassLevel1_EC_aki_vs_normal,MASP2,lectin,-0.146629575187435,,False,True
EC,EC,aki_vs_normal,AKI vs normal,targeted_SubclassLevel1_EC_aki_vs_normal,MBL2,lectin,,,False,False
EC,EC,aki_vs_normal,AKI vs normal,targeted_SubclassLevel1_EC_aki_vs_normal,SERPING1,regulator,0.1728922876326028,0.3715625950244946,False,True
EC,EC,aki_vs_normal,AKI vs normal,targeted_SubclassLevel1_EC_aki_vs_normal,VSIG4,receptor,-0.0299509643368826,,False,True
EC,EC,aki_vs_ckd,AKI vs CKD,targeted_SubclassLevel1_EC_aki_vs_ckd,C1QA,classical,0.0230473057492384,0.4440191826041563,False,True
EC,EC,aki_vs_ckd,AKI vs CKD,targeted_SubclassLevel1_EC_aki_vs_ckd,C1QB,classical,0.0157488195480089,0.5362439725990172,False,True
EC,EC,aki_vs_ckd,AKI vs CKD,targeted_SubclassLevel1_EC_aki_vs_ckd,C1QC,classical,0.0082192290025674,,False,True
EC,EC,aki_vs_ckd,AKI vs CKD,targeted_SubclassLevel1_EC_aki_vs_ckd,C1R,classical,0.0295671779079883,0.4944683737340943,False,True
EC,EC,aki_vs_ckd,AKI vs CKD,targeted_SubclassLevel1_EC_aki_vs_ckd,C1S,classical,0.0415773131653497,0.6065483380442638,False,True
EC,EC,aki_vs_ckd,AKI vs CKD,targeted_SubclassLevel1_EC_aki_vs_ckd,C2,classical,0.0089954197776056,0.8991032564646444,False,True
EC,EC,aki_vs_ckd,AKI vs CKD,targeted_SubclassLevel1_EC_aki_vs_ckd,C3,alternative,1.4846256272673084,0.031645405773287,True,True
EC,EC,aki_vs_ckd,AKI vs CKD,targeted_SubclassLevel1_EC_aki_vs_ckd,C3AR1,receptor,0.013884688126269,,False,True
EC,EC,aki_vs_ckd,AKI vs CKD,targeted_SubclassLevel1_EC_aki_vs_ckd,C4A,classical,,,False,False
EC,EC,aki_vs_ckd,AKI vs CKD,targeted_SubclassLevel1_EC_aki_vs_ckd,C4B,classical,,,False,False
EC,EC,aki_vs_ckd,AKI vs CKD,targeted_SubclassLevel1_EC_aki_vs_ckd,C4BPA,classical,0.0043809037171268,,False,True
EC,EC,aki_vs_ckd,AKI vs CKD,targeted_SubclassLevel1_EC_aki_vs_ckd,C4BPB,classical,-0.0068246285665869,,False,True
EC,EC,aki_vs_ckd,AKI vs CKD,targeted_SubclassLevel1_EC_aki_vs_ckd,C5,terminal,-0.0209934858785876,0.8072609973846677,False,True
EC,EC,aki_vs_ckd,AKI vs CKD,targeted_SubclassLevel1_EC_aki_vs_ckd,C5AR1,receptor,-0.0083829156674218,0.8637384192369985,False,True
EC,EC,aki_vs_ckd,AKI vs CKD,targeted_SubclassLevel1_EC_aki_vs_ckd,C5AR2,receptor,0.0072333998219126,0.8331489332117917,False,True
EC,EC,aki_vs_ckd,AKI vs CKD,targeted_SubclassLevel1_EC_aki_vs_ckd,C6,terminal,0.0084113428270691,,False,True
EC,EC,aki_vs_ckd,AKI vs CKD,targeted_SubclassLevel1_EC_aki_vs_ckd,C7,terminal,-0.0411075545848828,0.3630162134123024,False,True
EC,EC,aki_vs_ckd,AKI vs CKD,targeted_SubclassLevel1_EC_aki_vs_ckd,C8A,terminal,,,False,False
EC,EC,aki_vs_ckd,AKI vs CKD,targeted_SubclassLevel1_EC_aki_vs_ckd,C8B,terminal,,,False,False
EC,EC,aki_vs_ckd,AKI vs CKD,targeted_SubclassLevel1_EC_aki_vs_ckd,C8G,terminal,-0.0048772968830332,,False,True
EC,EC,aki_vs_ckd,AKI vs CKD,targeted_SubclassLevel1_EC_aki_vs_ckd,C9,terminal,-0.0018168201884234,0.9839844826052416,False,True
EC,EC,aki_vs_ckd,AKI vs CKD,targeted_SubclassLevel1_EC_aki_vs_ckd,CD46,regulator,-0.4165418170026604,0.1118388685343665,False,True
EC,EC,aki_vs_ckd,AKI vs CKD,targeted_SubclassLevel1_EC_aki_vs_ckd,CD55,regulator,-0.0188051974958726,0.834496367200452,False,True
EC,EC,aki_vs_ckd,AKI vs CKD,targeted_SubclassLevel1_EC_aki_vs_ckd,CD59,regulator,-0.0427464744488347,0.5520228961520546,False,True
EC,EC,aki_vs_ckd,AKI vs CKD,targeted_SubclassLevel1_EC_aki_vs_ckd,CFB,alternative,1.2271327964406875,0.0490995423505585,True,True
EC,EC,aki_vs_ckd,AKI vs CKD,targeted_SubclassLevel1_EC_aki_vs_ckd,CFD,alternative,-0.010744135665509,,False,True
EC,EC,aki_vs_ckd,AKI vs CKD,targeted_SubclassLevel1_EC_aki_vs_ckd,CFH,regulator,-0.0542681138873256,0.4149718191364125,False,True
EC,EC,aki_vs_ckd,AKI vs CKD,targeted_SubclassLevel1_EC_aki_vs_ckd,CFHR1,regulator,0.0049271569067566,,False,True
EC,EC,aki_vs_ckd,AKI vs CKD,targeted_SubclassLevel1_EC_aki_vs_ckd,CFHR2,regulator,,,False,False
EC,EC,aki_vs_ckd,AKI vs CKD,targeted_SubclassLevel1_EC_aki_vs_ckd,CFHR3,regulator,-0.0043861513767984,,False,True
EC,EC,aki_vs_ckd,AKI vs CKD,targeted_SubclassLevel1_EC_aki_vs_ckd,CFHR4,regulator,,,False,False
EC,EC,aki_vs_ckd,AKI vs CKD,targeted_SubclassLevel1_EC_aki_vs_ckd,CFHR5,regulator,,,False,False
EC,EC,aki_vs_ckd,AKI vs CKD,targeted_SubclassLevel1_EC_aki_vs_ckd,CFI,regulator,0.329782156792167,0.1715482159045065,False,True
EC,EC,aki_vs_ckd,AKI vs CKD,targeted_SubclassLevel1_EC_aki_vs_ckd,CFP,alternative,0.0102253661432437,,False,True
EC,EC,aki_vs_ckd,AKI vs CKD,targeted_SubclassLevel1_EC_aki_vs_ckd,CR1,receptor,-0.0046386664752776,,False,True
EC,EC,aki_vs_ckd,AKI vs CKD,targeted_SubclassLevel1_EC_aki_vs_ckd,CR2,receptor,0.0035870556935807,,False,True
EC,EC,aki_vs_ckd,AKI vs CKD,targeted_SubclassLevel1_EC_aki_vs_ckd,FCN1,lectin,0.0018428585050877,,False,True
EC,EC,aki_vs_ckd,AKI vs CKD,targeted_SubclassLevel1_EC_aki_vs_ckd,FCN2,lectin,0.0013728147570345,,False,True
EC,EC,aki_vs_ckd,AKI vs CKD,targeted_SubclassLevel1_EC_aki_vs_ckd,FCN3,lectin,-0.0132827662658571,0.6987929518134806,False,True
EC,EC,aki_vs_ckd,AKI vs CKD,targeted_SubclassLevel1_EC_aki_vs_ckd,ITGAM,receptor,0.023121823087184,,False,True
EC,EC,aki_vs_ckd,AKI vs CKD,targeted_SubclassLevel1_EC_aki_vs_ckd,ITGAX,receptor,0.0209800937831332,,False,True
EC,EC,aki_vs_ckd,AKI vs CKD,targeted_SubclassLevel1_EC_aki_vs_ckd,MASP1,lectin,-0.0252338078223683,0.5574328414919498,False,True
EC,EC,aki_vs_ckd,AKI vs CKD,targeted_SubclassLevel1_EC_aki_vs_ckd,MASP2,lectin,-0.0043441991120527,,False,True
EC,EC,aki_vs_ckd,AKI vs CKD,targeted_SubclassLevel1_EC_aki_vs_ckd,MBL2,lectin,,,False,False
EC,EC,aki_vs_ckd,AKI vs CKD,targeted_SubclassLevel1_EC_aki_vs_ckd,SERPING1,regulator,-0.0050588613905689,0.945316887890002,False,True
EC,EC,aki_vs_ckd,AKI vs CKD,targeted_SubclassLevel1_EC_aki_vs_ckd,VSIG4,receptor,-0.0001346291740353,,False,True
FIB,FIB,ckd_vs_normal,CKD vs normal,targeted_SubclassLevel1_FIB_ckd_vs_normal,C1QA,classical,0.0780681759053223,0.6945273912941655,False,True
FIB,FIB,ckd_vs_normal,CKD vs normal,targeted_SubclassLevel1_FIB_ckd_vs_normal,C1QB,classical,-0.0614956999114983,0.7472164591130369,False,True
FIB,FIB,ckd_vs_normal,CKD vs normal,targeted_SubclassLevel1_FIB_ckd_vs_normal,C1QC,classical,0.0816150326452665,0.6469221979379315,False,True
FIB,FIB,ckd_vs_normal,CKD vs normal,targeted_SubclassLevel1_FIB_ckd_vs_normal,C1R,classical,0.0892176989301417,0.683987919594989,False,True
FIB,FIB,ckd_vs_normal,CKD vs normal,targeted_SubclassLevel1_FIB_ckd_vs_normal,C1S,classical,0.0551196619028894,0.8092070852951824,False,True
FIB,FIB,ckd_vs_normal,CKD vs normal,targeted_SubclassLevel1_FIB_ckd_vs_normal,C2,classical,-0.0813853352106651,0.7026710970383618,False,True
FIB,FIB,ckd_vs_normal,CKD vs normal,targeted_SubclassLevel1_FIB_ckd_vs_normal,C3,alternative,0.0295704251549861,0.8380489013484909,False,True
FIB,FIB,ckd_vs_normal,CKD vs normal,targeted_SubclassLevel1_FIB_ckd_vs_normal,C3AR1,receptor,-0.1870493592898884,0.4542739460966184,False,True
FIB,FIB,ckd_vs_normal,CKD vs normal,targeted_SubclassLevel1_FIB_ckd_vs_normal,C4A,classical,-0.0134393626767872,,False,True
FIB,FIB,ckd_vs_normal,CKD vs normal,targeted_SubclassLevel1_FIB_ckd_vs_normal,C4B,classical,0.0052734899906395,,False,True
FIB,FIB,ckd_vs_normal,CKD vs normal,targeted_SubclassLevel1_FIB_ckd_vs_normal,C4BPA,classical,0.2912667007847839,,False,True
FIB,FIB,ckd_vs_normal,CKD vs normal,targeted_SubclassLevel1_FIB_ckd_vs_normal,C4BPB,classical,0.0081206944789396,,False,True
FIB,FIB,ckd_vs_normal,CKD vs normal,targeted_SubclassLevel1_FIB_ckd_vs_normal,C5,terminal,-0.0792461189866597,0.6983469329452723,False,True
FIB,FIB,ckd_vs_normal,CKD vs normal,targeted_SubclassLevel1_FIB_ckd_vs_normal,C5AR1,receptor,0.2379049682771966,0.2596437239485879,False,True
FIB,FIB,ckd_vs_normal,CKD vs normal,targeted_SubclassLevel1_FIB_ckd_vs_normal,C5AR2,receptor,-0.0732612813004482,,False,True
FIB,FIB,ckd_vs_normal,CKD vs normal,targeted_SubclassLevel1_FIB_ckd_vs_normal,C6,terminal,0.02522472690964,0.9178568019710944,False,True
FIB,FIB,ckd_vs_normal,CKD vs normal,targeted_SubclassLevel1_FIB_ckd_vs_normal,C7,terminal,0.1469190815252438,0.5004593039037838,False,True
FIB,FIB,ckd_vs_normal,CKD vs normal,targeted_SubclassLevel1_FIB_ckd_vs_normal,C8A,terminal,-0.0308091486274417,,False,True
FIB,FIB,ckd_vs_normal,CKD vs normal,targeted_SubclassLevel1_FIB_ckd_vs_normal,C8B,terminal,0.0100127325118275,,False,True
FIB,FIB,ckd_vs_normal,CKD vs normal,targeted_SubclassLevel1_FIB_ckd_vs_normal,C8G,terminal,0.0330077221932138,,False,True
FIB,FIB,ckd_vs_normal,CKD vs normal,targeted_SubclassLevel1_FIB_ckd_vs_normal,C9,terminal,0.596845385752245,0.0437521715437017,True,True
FIB,FIB,ckd_vs_normal,CKD vs normal,targeted_SubclassLevel1_FIB_ckd_vs_normal,CD46,regulator,-0.5216048664765077,0.0265956298189631,True,True
FIB,FIB,ckd_vs_normal,CKD vs normal,targeted_SubclassLevel1_FIB_ckd_vs_normal,CD55,regulator,-0.0526991330016751,0.8113620163029993,False,True
FIB,FIB,ckd_vs_normal,CKD vs normal,targeted_SubclassLevel1_FIB_ckd_vs_normal,CD59,regulator,-0.3257724699632086,0.1366422861891986,False,True
FIB,FIB,ckd_vs_normal,CKD vs normal,targeted_SubclassLevel1_FIB_ckd_vs_normal,CFB,alternative,-0.0833123484518671,0.7110431289160868,False,True
FIB,FIB,ckd_vs_normal,CKD vs normal,targeted_SubclassLevel1_FIB_ckd_vs_normal,CFD,alternative,0.1064977782411805,0.5257092075484663,False,True
FIB,FIB,ckd_vs_normal,CKD vs normal,targeted_SubclassLevel1_FIB_ckd_vs_normal,CFH,regulator,0.2037955056921378,0.3186968888095478,False,True
FIB,FIB,ckd_vs_normal,CKD vs normal,targeted_SubclassLevel1_FIB_ckd_vs_normal,CFHR1,regulator,0.0737677050389691,0.4712760379576713,False,True
FIB,FIB,ckd_vs_normal,CKD vs normal,targeted_SubclassLevel1_FIB_ckd_vs_normal,CFHR2,regulator,,,False,False
FIB,FIB,ckd_vs_normal,CKD vs normal,targeted_SubclassLevel1_FIB_ckd_vs_normal,CFHR3,regulator,0.1132602505637523,0.4280090845807512,False,True
FIB,FIB,ckd_vs_normal,CKD vs normal,targeted_SubclassLevel1_FIB_ckd_vs_normal,CFHR4,regulator,0.1561176432136337,0.2500098004369911,False,True
FIB,FIB,ckd_vs_normal,CKD vs normal,targeted_SubclassLevel1_FIB_ckd_vs_normal,CFHR5,regulator,,,False,False
FIB,FIB,ckd_vs_normal,CKD vs normal,targeted_SubclassLevel1_FIB_ckd_vs_normal,CFI,regulator,-0.0790540400398433,0.6980890077829177,False,True
FIB,FIB,ckd_vs_normal,CKD vs normal,targeted_SubclassLevel1_FIB_ckd_vs_normal,CFP,alternative,0.0237397647010255,,False,True
FIB,FIB,ckd_vs_normal,CKD vs normal,targeted_SubclassLevel1_FIB_ckd_vs_normal,CR1,receptor,0.0675752069325102,0.466215025445476,False,True
FIB,FIB,ckd_vs_normal,CKD vs normal,targeted_SubclassLevel1_FIB_ckd_vs_normal,CR2,receptor,0.1016992579402062,0.1211429946766936,False,True
FIB,FIB,ckd_vs_normal,CKD vs normal,targeted_SubclassLevel1_FIB_ckd_vs_normal,FCN1,lectin,0.1039244671287282,,False,True
FIB,FIB,ckd_vs_normal,CKD vs normal,targeted_SubclassLevel1_FIB_ckd_vs_normal,FCN2,lectin,,,False,False
FIB,FIB,ckd_vs_normal,CKD vs normal,targeted_SubclassLevel1_FIB_ckd_vs_normal,FCN3,lectin,0.098879802173504,0.466179839096671,False,True
FIB,FIB,ckd_vs_normal,CKD vs normal,targeted_SubclassLevel1_FIB_ckd_vs_normal,ITGAM,receptor,0.0593017907429913,0.5807203874706639,False,True
FIB,FIB,ckd_vs_normal,CKD vs normal,targeted_SubclassLevel1_FIB_ckd_vs_normal,ITGAX,receptor,0.0651880007155142,,False,True
FIB,FIB,ckd_vs_normal,CKD vs normal,targeted_SubclassLevel1_FIB_ckd_vs_normal,MASP1,lectin,-0.0297881053685832,0.9075196311788644,False,True
FIB,FIB,ckd_vs_normal,CKD vs normal,targeted_SubclassLevel1_FIB_ckd_vs_normal,MASP2,lectin,-0.9269339801168696,,False,True
FIB,FIB,ckd_vs_normal,CKD vs normal,targeted_SubclassLevel1_FIB_ckd_vs_normal,MBL2,lectin,,,False,False
FIB,FIB,ckd_vs_normal,CKD vs normal,targeted_SubclassLevel1_FIB_ckd_vs_normal,SERPING1,regulator,-0.0525082715264112,0.8215870824901885,False,True
FIB,FIB,ckd_vs_normal,CKD vs normal,targeted_SubclassLevel1_FIB_ckd_vs_normal,VSIG4,receptor,-0.1336301549867897,,False,True
FIB,FIB,aki_vs_normal,AKI vs normal,targeted_SubclassLevel1_FIB_aki_vs_normal,C1QA,classical,1.330076522072475,0.0005394115527233,True,True
FIB,FIB,aki_vs_normal,AKI vs normal,targeted_SubclassLevel1_FIB_aki_vs_normal,C1QB,classical,1.185520919663407,0.0052155482932326,True,True
FIB,FIB,aki_vs_normal,AKI vs normal,targeted_SubclassLevel1_FIB_aki_vs_normal,C1QC,classical,2.028018256350638,3.571392796910003e-05,True,True
FIB,FIB,aki_vs_normal,AKI vs normal,targeted_SubclassLevel1_FIB_aki_vs_normal,C1R,classical,0.6084442466498713,0.0114497849784805,True,True
FIB,FIB,aki_vs_normal,AKI vs normal,targeted_SubclassLevel1_FIB_aki_vs_normal,C1S,classical,0.658300444724695,0.0006010677718004,True,True
FIB,FIB,aki_vs_normal,AKI vs normal,targeted_SubclassLevel1_FIB_aki_vs_normal,C2,classical,-0.0112155479892726,0.9671152406712245,False,True
FIB,FIB,aki_vs_normal,AKI vs normal,targeted_SubclassLevel1_FIB_aki_vs_normal,C3,alternative,2.5640275070002136,1.1929854607784085e-06,True,True
FIB,FIB,aki_vs_normal,AKI vs normal,targeted_SubclassLevel1_FIB_aki_vs_normal,C3AR1,receptor,0.1282378622024402,0.6426299387111066,False,True
FIB,FIB,aki_vs_normal,AKI vs normal,targeted_SubclassLevel1_FIB_aki_vs_normal,C4A,classical,0.2063115686918135,,False,True
FIB,FIB,aki_vs_normal,AKI vs normal,targeted_SubclassLevel1_FIB_aki_vs_normal,C4B,classical,0.188433935807973,,False,True
FIB,FIB,aki_vs_normal,AKI vs normal,targeted_SubclassLevel1_FIB_aki_vs_normal,C4BPA,classical,0.2470056028064464,,False,True
FIB,FIB,aki_vs_normal,AKI vs normal,targeted_SubclassLevel1_FIB_aki_vs_normal,C4BPB,classical,-0.023928896136992,,False,True
FIB,FIB,aki_vs_normal,AKI vs normal,targeted_SubclassLevel1_FIB_aki_vs_normal,C5,terminal,-0.2701811135773973,0.069765641429538,False,True
FIB,FIB,aki_vs_normal,AKI vs normal,targeted_SubclassLevel1_FIB_aki_vs_normal,C5AR1,receptor,0.8568344534383199,0.0004518068436688,True,True
FIB,FIB,aki_vs_normal,AKI vs normal,targeted_SubclassLevel1_FIB_aki_vs_normal,C5AR2,receptor,-0.1479802816076057,,False,True
FIB,FIB,aki_vs_normal,AKI vs normal,targeted_SubclassLevel1_FIB_aki_vs_normal,C6,terminal,-0.0961934958213459,0.7027681583368589,False,True
FIB,FIB,aki_vs_normal,AKI vs normal,targeted_SubclassLevel1_FIB_aki_vs_normal,C7,terminal,-0.0926411257358819,0.6755211333211102,False,True
FIB,FIB,aki_vs_normal,AKI vs normal,targeted_SubclassLevel1_FIB_aki_vs_normal,C8A,terminal,-0.1032937608689083,,False,True
FIB,FIB,aki_vs_normal,AKI vs normal,targeted_SubclassLevel1_FIB_aki_vs_normal,C8B,terminal,-0.0076637833869234,,False,True
FIB,FIB,aki_vs_normal,AKI vs normal,targeted_SubclassLevel1_FIB_aki_vs_normal,C8G,terminal,0.0379373274947627,,False,True
FIB,FIB,aki_vs_normal,AKI vs normal,targeted_SubclassLevel1_FIB_aki_vs_normal,C9,terminal,1.134889496800249,0.0008122497772792,True,True
FIB,FIB,aki_vs_normal,AKI vs normal,targeted_SubclassLevel1_FIB_aki_vs_normal,CD46,regulator,-0.5890010290161881,0.005324367464344,True,True
FIB,FIB,aki_vs_normal,AKI vs normal,targeted_SubclassLevel1_FIB_aki_vs_normal,CD55,regulator,-0.0651325630130259,0.7910895995966498,False,True
FIB,FIB,aki_vs_normal,AKI vs normal,targeted_SubclassLevel1_FIB_aki_vs_normal,CD59,regulator,-0.0140564103354809,0.9568067346617336,False,True
FIB,FIB,aki_vs_normal,AKI vs normal,targeted_SubclassLevel1_FIB_aki_vs_normal,CFB,alternative,1.2614562660257205,8.146879193766722e-05,True,True
FIB,FIB,aki_vs_normal,AKI vs normal,targeted_SubclassLevel1_FIB_aki_vs_normal,CFD,alternative,0.084725287474171,0.7428511142726679,False,True
FIB,FIB,aki_vs_normal,AKI vs normal,targeted_SubclassLevel1_FIB_aki_vs_normal,CFH,regulator,0.5252652281318029,0.039688350416626,True,True
FIB,FIB,aki_vs_normal,AKI vs normal,targeted_SubclassLevel1_FIB_aki_vs_normal,CFHR1,regulator,1.7260240790725758,0.0020097691258391,True,True
FIB,FIB,aki_vs_normal,AKI vs normal,targeted_SubclassLevel1_FIB_aki_vs_normal,CFHR2,regulator,,,False,False
FIB,FIB,aki_vs_normal,AKI vs normal,targeted_SubclassLevel1_FIB_aki_vs_normal,CFHR3,regulator,0.1354199488569509,0.5293386250457416,False,True
FIB,FIB,aki_vs_normal,AKI vs normal,targeted_SubclassLevel1_FIB_aki_vs_normal,CFHR4,regulator,2.1998716071797,0.0011676366973711,True,True
FIB,FIB,aki_vs_normal,AKI vs normal,targeted_SubclassLevel1_FIB_aki_vs_normal,CFHR5,regulator,,,False,False
FIB,FIB,aki_vs_normal,AKI vs normal,targeted_SubclassLevel1_FIB_aki_vs_normal,CFI,regulator,0.8834566575001407,0.0005972016052261,True,True
FIB,FIB,aki_vs_normal,AKI vs normal,targeted_SubclassLevel1_FIB_aki_vs_normal,CFP,alternative,-0.0547555066006332,,False,True
FIB,FIB,aki_vs_normal,AKI vs normal,targeted_SubclassLevel1_FIB_aki_vs_normal,CR1,receptor,0.0949321371920988,0.6824031570274968,False,True
FIB,FIB,aki_vs_normal,AKI vs normal,targeted_SubclassLevel1_FIB_aki_vs_normal,CR2,receptor,-0.0576559122538468,0.9989645417774102,False,True
FIB,FIB,aki_vs_normal,AKI vs normal,targeted_SubclassLevel1_FIB_aki_vs_normal,FCN1,lectin,1.0710178578472984,0.0541620076825649,False,True
FIB,FIB,aki_vs_normal,AKI vs normal,targeted_SubclassLevel1_FIB_aki_vs_normal,FCN2,lectin,,,False,False
FIB,FIB,aki_vs_normal,AKI vs normal,targeted_SubclassLevel1_FIB_aki_vs_normal,FCN3,lectin,-0.1496278201505708,,False,True
FIB,FIB,aki_vs_normal,AKI vs normal,targeted_SubclassLevel1_FIB_aki_vs_normal,ITGAM,receptor,0.0923280557633613,0.6796242782195961,False,True
FIB,FIB,aki_vs_normal,AKI vs normal,targeted_SubclassLevel1_FIB_aki_vs_normal,ITGAX,receptor,1.971264057113754,0.0042432169172903,True,True
FIB,FIB,aki_vs_normal,AKI vs normal,targeted_SubclassLevel1_FIB_aki_vs_normal,MASP1,lectin,0.1460381527000513,0.601911100649603,False,True
FIB,FIB,aki_vs_normal,AKI vs normal,targeted_SubclassLevel1_FIB_aki_vs_normal,MASP2,lectin,-0.0436750128678957,,False,True
FIB,FIB,aki_vs_normal,AKI vs normal,targeted_SubclassLevel1_FIB_aki_vs_normal,MBL2,lectin,,,False,False
FIB,FIB,aki_vs_normal,AKI vs normal,targeted_SubclassLevel1_FIB_aki_vs_normal,SERPING1,regulator,0.2707418893629835,0.2015362900817693,False,True
FIB,FIB,aki_vs_normal,AKI vs normal,targeted_SubclassLevel1_FIB_aki_vs_normal,VSIG4,receptor,0.114682874765781,0.6301379324706455,False,True
FIB,FIB,aki_vs_ckd,AKI vs CKD,targeted_SubclassLevel1_FIB_aki_vs_ckd,C1QA,classical,0.0333910686613834,0.5717004941031193,False,True
FIB,FIB,aki_vs_ckd,AKI vs CKD,targeted_SubclassLevel1_FIB_aki_vs_ckd,C1QB,classical,0.055065478188481,0.2675252559702336,False,True
FIB,FIB,aki_vs_ckd,AKI vs CKD,targeted_SubclassLevel1_FIB_aki_vs_ckd,C1QC,classical,0.0449165465164742,0.2709573408183567,False,True
FIB,FIB,aki_vs_ckd,AKI vs CKD,targeted_SubclassLevel1_FIB_aki_vs_ckd,C1R,classical,0.0212730391095875,0.8327417520840702,False,True
FIB,FIB,aki_vs_ckd,AKI vs CKD,targeted_SubclassLevel1_FIB_aki_vs_ckd,C1S,classical,0.0751298089699807,0.4861419064799559,False,True
FIB,FIB,aki_vs_ckd,AKI vs CKD,targeted_SubclassLevel1_FIB_aki_vs_ckd,C2,classical,0.0691081745844783,0.5591501603384652,False,True
FIB,FIB,aki_vs_ckd,AKI vs CKD,targeted_SubclassLevel1_FIB_aki_vs_ckd,C3,alternative,2.380446378305699,0.0009181083721066,True,True
FIB,FIB,aki_vs_ckd,AKI vs CKD,targeted_SubclassLevel1_FIB_aki_vs_ckd,C3AR1,receptor,0.018473267810883,,False,True
FIB,FIB,aki_vs_ckd,AKI vs CKD,targeted_SubclassLevel1_FIB_aki_vs_ckd,C4A,classical,0.0162403789244215,,False,True
FIB,FIB,aki_vs_ckd,AKI vs CKD,targeted_SubclassLevel1_FIB_aki_vs_ckd,C4B,classical,0.0091354115394419,,False,True
FIB,FIB,aki_vs_ckd,AKI vs CKD,targeted_SubclassLevel1_FIB_aki_vs_ckd,C4BPA,classical,-0.0012427102214642,,False,True
FIB,FIB,aki_vs_ckd,AKI vs CKD,targeted_SubclassLevel1_FIB_aki_vs_ckd,C4BPB,classical,0.0097854990456005,,False,True
FIB,FIB,aki_vs_ckd,AKI vs CKD,targeted_SubclassLevel1_FIB_aki_vs_ckd,C5,terminal,-0.313411369958508,0.1311887924770944,False,True
FIB,FIB,aki_vs_ckd,AKI vs CKD,targeted_SubclassLevel1_FIB_aki_vs_ckd,C5AR1,receptor,0.0968366233900914,0.375261276342436,False,True
FIB,FIB,aki_vs_ckd,AKI vs CKD,targeted_SubclassLevel1_FIB_aki_vs_ckd,C5AR2,receptor,-0.0043589896927615,,False,True
FIB,FIB,aki_vs_ckd,AKI vs CKD,targeted_SubclassLevel1_FIB_aki_vs_ckd,C6,terminal,-0.0582912722031612,0.5580604534870383,False,True
FIB,FIB,aki_vs_ckd,AKI vs CKD,targeted_SubclassLevel1_FIB_aki_vs_ckd,C7,terminal,-0.1461669195448593,0.2692943309285059,False,True
FIB,FIB,aki_vs_ckd,AKI vs CKD,targeted_SubclassLevel1_FIB_aki_vs_ckd,C8A,terminal,,,False,False
FIB,FIB,aki_vs_ckd,AKI vs CKD,targeted_SubclassLevel1_FIB_aki_vs_ckd,C8B,terminal,,,False,False
FIB,FIB,aki_vs_ckd,AKI vs CKD,targeted_SubclassLevel1_FIB_aki_vs_ckd,C8G,terminal,,,False,False
FIB,FIB,aki_vs_ckd,AKI vs CKD,targeted_SubclassLevel1_FIB_aki_vs_ckd,C9,terminal,0.0107690732466284,0.9315696049721104,False,True
FIB,FIB,aki_vs_ckd,AKI vs CKD,targeted_SubclassLevel1_FIB_aki_vs_ckd,CD46,regulator,-0.166815172509237,0.2524206111508385,False,True
FIB,FIB,aki_vs_ckd,AKI vs CKD,targeted_SubclassLevel1_FIB_aki_vs_ckd,CD55,regulator,-0.0216931157486236,0.8794786586445369,False,True
FIB,FIB,aki_vs_ckd,AKI vs CKD,targeted_SubclassLevel1_FIB_aki_vs_ckd,CD59,regulator,-0.0096556149175044,0.9383221543902092,False,True
FIB,FIB,aki_vs_ckd,AKI vs CKD,targeted_SubclassLevel1_FIB_aki_vs_ckd,CFB,alternative,0.7605189279862934,0.0377972147007992,True,True
FIB,FIB,aki_vs_ckd,AKI vs CKD,targeted_SubclassLevel1_FIB_aki_vs_ckd,CFD,alternative,-0.0374637023002397,0.2731387303606644,False,True
FIB,FIB,aki_vs_ckd,AKI vs CKD,targeted_SubclassLevel1_FIB_aki_vs_ckd,CFH,regulator,0.0454527076984171,0.6896857630537069,False,True
FIB,FIB,aki_vs_ckd,AKI vs CKD,targeted_SubclassLevel1_FIB_aki_vs_ckd,CFHR1,regulator,0.0169476364690891,0.5759081435311559,False,True
FIB,FIB,aki_vs_ckd,AKI vs CKD,targeted_SubclassLevel1_FIB_aki_vs_ckd,CFHR2,regulator,,,False,False
FIB,FIB,aki_vs_ckd,AKI vs CKD,targeted_SubclassLevel1_FIB_aki_vs_ckd,CFHR3,regulator,-0.018592275877164,,False,True
FIB,FIB,aki_vs_ckd,AKI vs CKD,targeted_SubclassLevel1_FIB_aki_vs_ckd,CFHR4,regulator,0.0412501749435798,0.2876317840463404,False,True
FIB,FIB,aki_vs_ckd,AKI vs CKD,targeted_SubclassLevel1_FIB_aki_vs_ckd,CFHR5,regulator,,,False,False
FIB,FIB,aki_vs_ckd,AKI vs CKD,targeted_SubclassLevel1_FIB_aki_vs_ckd,CFI,regulator,0.8994819982216296,0.0048964279081062,True,True
FIB,FIB,aki_vs_ckd,AKI vs CKD,targeted_SubclassLevel1_FIB_aki_vs_ckd,CFP,alternative,-0.0072468960271966,,False,True
FIB,FIB,aki_vs_ckd,AKI vs CKD,targeted_SubclassLevel1_FIB_aki_vs_ckd,CR1,receptor,-0.0058965482492395,0.9104846310164518,False,True
FIB,FIB,aki_vs_ckd,AKI vs CKD,targeted_SubclassLevel1_FIB_aki_vs_ckd,CR2,receptor,-0.0029057972975212,,False,True
FIB,FIB,aki_vs_ckd,AKI vs CKD,targeted_SubclassLevel1_FIB_aki_vs_ckd,FCN1,lectin,0.0675654451910097,,False,True
FIB,FIB,aki_vs_ckd,AKI vs CKD,targeted_SubclassLevel1_FIB_aki_vs_ckd,FCN2,lectin,,,False,False
FIB,FIB,aki_vs_ckd,AKI vs CKD,targeted_SubclassLevel1_FIB_aki_vs_ckd,FCN3,lectin,-0.0406728666364602,,False,True
FIB,FIB,aki_vs_ckd,AKI vs CKD,targeted_SubclassLevel1_FIB_aki_vs_ckd,ITGAM,receptor,0.0110133446635114,,False,True
FIB,FIB,aki_vs_ckd,AKI vs CKD,targeted_SubclassLevel1_FIB_aki_vs_ckd,ITGAX,receptor,2.403139594498231,,False,True
FIB,FIB,aki_vs_ckd,AKI vs CKD,targeted_SubclassLevel1_FIB_aki_vs_ckd,MASP1,lectin,0.0090162249837442,0.8816285020824062,False,True
FIB,FIB,aki_vs_ckd,AKI vs CKD,targeted_SubclassLevel1_FIB_aki_vs_ckd,MASP2,lectin,0.0128020758806537,,False,True
FIB,FIB,aki_vs_ckd,AKI vs CKD,targeted_SubclassLevel1_FIB_aki_vs_ckd,MBL2,lectin,,,False,False
FIB,FIB,aki_vs_ckd,AKI vs CKD,targeted_SubclassLevel1_FIB_aki_vs_ckd,SERPING1,regulator,0.0533886317786782,0.5787827144558567,False,True
FIB,FIB,aki_vs_ckd,AKI vs CKD,targeted_SubclassLevel1_FIB_aki_vs_ckd,VSIG4,receptor,0.0291763677097192,,False,True
IC,IC,ckd_vs_normal,CKD vs normal,targeted_SubclassLevel1_IC_ckd_vs_normal,C1QA,classical,-0.0390502258501603,0.4779405505118806,False,True
IC,IC,ckd_vs_normal,CKD vs normal,targeted_SubclassLevel1_IC_ckd_vs_normal,C1QB,classical,-0.0182703669011076,0.7899160511958189,False,True
IC,IC,ckd_vs_normal,CKD vs normal,targeted_SubclassLevel1_IC_ckd_vs_normal,C1QC,classical,-0.0817527872339044,,False,True
IC,IC,ckd_vs_normal,CKD vs normal,targeted_SubclassLevel1_IC_ckd_vs_normal,C1R,classical,-0.036428729552073,0.6052339000192816,False,True
IC,IC,ckd_vs_normal,CKD vs normal,targeted_SubclassLevel1_IC_ckd_vs_normal,C1S,classical,0.0387897163256496,0.7898817797255774,False,True
IC,IC,ckd_vs_normal,CKD vs normal,targeted_SubclassLevel1_IC_ckd_vs_normal,C2,classical,-0.0932449099876767,0.493697416065526,False,True
IC,IC,ckd_vs_normal,CKD vs normal,targeted_SubclassLevel1_IC_ckd_vs_normal,C3,alternative,-0.0320937732751434,0.555402434273309,False,True
IC,IC,ckd_vs_normal,CKD vs normal,targeted_SubclassLevel1_IC_ckd_vs_normal,C3AR1,receptor,-0.0300075133143167,,False,True
IC,IC,ckd_vs_normal,CKD vs normal,targeted_SubclassLevel1_IC_ckd_vs_normal,C4A,classical,-0.0054579066878645,,False,True
IC,IC,ckd_vs_normal,CKD vs normal,targeted_SubclassLevel1_IC_ckd_vs_normal,C4B,classical,-0.0030605469786066,,False,True
IC,IC,ckd_vs_normal,CKD vs normal,targeted_SubclassLevel1_IC_ckd_vs_normal,C4BPA,classical,0.0012929676458691,,False,True
IC,IC,ckd_vs_normal,CKD vs normal,targeted_SubclassLevel1_IC_ckd_vs_normal,C4BPB,classical,-0.1245460705620154,0.2814293468848052,False,True
IC,IC,ckd_vs_normal,CKD vs normal,targeted_SubclassLevel1_IC_ckd_vs_normal,C5,terminal,-0.0155133345856927,0.9045275512781554,False,True
IC,IC,ckd_vs_normal,CKD vs normal,targeted_SubclassLevel1_IC_ckd_vs_normal,C5AR1,receptor,0.1025577932976544,0.3916397382889992,False,True
IC,IC,ckd_vs_normal,CKD vs normal,targeted_SubclassLevel1_IC_ckd_vs_normal,C5AR2,receptor,0.253842514760675,0.187621975523855,False,True
IC,IC,ckd_vs_normal,CKD vs normal,targeted_SubclassLevel1_IC_ckd_vs_normal,C6,terminal,-0.0385292021864069,0.6692956308129546,False,True
IC,IC,ckd_vs_normal,CKD vs normal,targeted_SubclassLevel1_IC_ckd_vs_normal,C7,terminal,0.0114844380841229,0.8898218500511771,False,True
IC,IC,ckd_vs_normal,CKD vs normal,targeted_SubclassLevel1_IC_ckd_vs_normal,C8A,terminal,0.014699091277343,,False,True
IC,IC,ckd_vs_normal,CKD vs normal,targeted_SubclassLevel1_IC_ckd_vs_normal,C8B,terminal,0.0027585283803357,,False,True
IC,IC,ckd_vs_normal,CKD vs normal,targeted_SubclassLevel1_IC_ckd_vs_normal,C8G,terminal,-0.021406277646803,,False,True
IC,IC,ckd_vs_normal,CKD vs normal,targeted_SubclassLevel1_IC_ckd_vs_normal,C9,terminal,0.1553977561089933,0.2562451526045459,False,True
IC,IC,ckd_vs_normal,CKD vs normal,targeted_SubclassLevel1_IC_ckd_vs_normal,CD46,regulator,-0.0781032425705659,0.5983169325127186,False,True
IC,IC,ckd_vs_normal,CKD vs normal,targeted_SubclassLevel1_IC_ckd_vs_normal,CD55,regulator,-0.1802713416886982,0.335309768899002,False,True
IC,IC,ckd_vs_normal,CKD vs normal,targeted_SubclassLevel1_IC_ckd_vs_normal,CD59,regulator,-0.0533631648462401,0.6975697393994301,False,True
IC,IC,ckd_vs_normal,CKD vs normal,targeted_SubclassLevel1_IC_ckd_vs_normal,CFB,alternative,-0.0826600130807807,0.3686870509880137,False,True
IC,IC,ckd_vs_normal,CKD vs normal,targeted_SubclassLevel1_IC_ckd_vs_normal,CFD,alternative,-0.0195704405958511,0.8390975595009189,False,True
IC,IC,ckd_vs_normal,CKD vs normal,targeted_SubclassLevel1_IC_ckd_vs_normal,CFH,regulator,-1.4262634713645286,0.0145509068651596,True,True
IC,IC,ckd_vs_normal,CKD vs normal,targeted_SubclassLevel1_IC_ckd_vs_normal,CFHR1,regulator,-0.0033959460007145,,False,True
IC,IC,ckd_vs_normal,CKD vs normal,targeted_SubclassLevel1_IC_ckd_vs_normal,CFHR2,regulator,,,False,False
IC,IC,ckd_vs_normal,CKD vs normal,targeted_SubclassLevel1_IC_ckd_vs_normal,CFHR3,regulator,-0.0203691988008,,False,True
IC,IC,ckd_vs_normal,CKD vs normal,targeted_SubclassLevel1_IC_ckd_vs_normal,CFHR4,regulator,-0.0013839664084319,,False,True
IC,IC,ckd_vs_normal,CKD vs normal,targeted_SubclassLevel1_IC_ckd_vs_normal,CFHR5,regulator,0.0001175568623332,,False,True
IC,IC,ckd_vs_normal,CKD vs normal,targeted_SubclassLevel1_IC_ckd_vs_normal,CFI,regulator,-0.039522681226908,0.7676761179287671,False,True
IC,IC,ckd_vs_normal,CKD vs normal,targeted_SubclassLevel1_IC_ckd_vs_normal,CFP,alternative,0.0063438088442487,,False,True
IC,IC,ckd_vs_normal,CKD vs normal,targeted_SubclassLevel1_IC_ckd_vs_normal,CR1,receptor,-0.0189935063329722,0.7744781662880733,False,True
IC,IC,ckd_vs_normal,CKD vs normal,targeted_SubclassLevel1_IC_ckd_vs_normal,CR2,receptor,-0.0089897872581912,,False,True
IC,IC,ckd_vs_normal,CKD vs normal,targeted_SubclassLevel1_IC_ckd_vs_normal,FCN1,lectin,0.0023602918551401,,False,True
IC,IC,ckd_vs_normal,CKD vs normal,targeted_SubclassLevel1_IC_ckd_vs_normal,FCN2,lectin,,,False,False
IC,IC,ckd_vs_normal,CKD vs normal,targeted_SubclassLevel1_IC_ckd_vs_normal,FCN3,lectin,-0.0494548657262465,,False,True
IC,IC,ckd_vs_normal,CKD vs normal,targeted_SubclassLevel1_IC_ckd_vs_normal,ITGAM,receptor,0.0247435878934588,,False,True
IC,IC,ckd_vs_normal,CKD vs normal,targeted_SubclassLevel1_IC_ckd_vs_normal,ITGAX,receptor,-0.0623257555527807,,False,True
IC,IC,ckd_vs_normal,CKD vs normal,targeted_SubclassLevel1_IC_ckd_vs_normal,MASP1,lectin,-0.0029745506083307,0.9890883954103874,False,True
IC,IC,ckd_vs_normal,CKD vs normal,targeted_SubclassLevel1_IC_ckd_vs_normal,MASP2,lectin,-0.0397655868651664,0.6335360949819974,False,True
IC,IC,ckd_vs_normal,CKD vs normal,targeted_SubclassLevel1_IC_ckd_vs_normal,MBL2,lectin,,,False,False
IC,IC,ckd_vs_normal,CKD vs normal,targeted_SubclassLevel1_IC_ckd_vs_normal,SERPING1,regulator,-0.0370113178031685,0.7648766126212585,False,True
IC,IC,ckd_vs_normal,CKD vs normal,targeted_SubclassLevel1_IC_ckd_vs_normal,VSIG4,receptor,-0.028729404453633,,False,True
IC,IC,aki_vs_normal,AKI vs normal,targeted_SubclassLevel1_IC_aki_vs_normal,C1QA,classical,0.1704768438377899,0.0758767365065938,False,True
IC,IC,aki_vs_normal,AKI vs normal,targeted_SubclassLevel1_IC_aki_vs_normal,C1QB,classical,0.0091816089754001,0.9055601482673102,False,True
IC,IC,aki_vs_normal,AKI vs normal,targeted_SubclassLevel1_IC_aki_vs_normal,C1QC,classical,0.0581582177695681,0.4150998719502043,False,True
IC,IC,aki_vs_normal,AKI vs normal,targeted_SubclassLevel1_IC_aki_vs_normal,C1R,classical,1.0132867131757706,0.0311401341170158,True,True
IC,IC,aki_vs_normal,AKI vs normal,targeted_SubclassLevel1_IC_aki_vs_normal,C1S,classical,-0.0217497462152845,0.9174246295788596,False,True
IC,IC,aki_vs_normal,AKI vs normal,targeted_SubclassLevel1_IC_aki_vs_normal,C2,classical,-0.0571563913991886,0.733309938363389,False,True
IC,IC,aki_vs_normal,AKI vs normal,targeted_SubclassLevel1_IC_aki_vs_normal,C3,alternative,2.381823889826473,2.329557831978908e-05,True,True
IC,IC,aki_vs_normal,AKI vs normal,targeted_SubclassLevel1_IC_aki_vs_normal,C3AR1,receptor,-0.0036188657795242,,False,True
IC,IC,aki_vs_normal,AKI vs normal,targeted_SubclassLevel1_IC_aki_vs_normal,C4A,classical,0.0630690603347532,,False,True
IC,IC,aki_vs_normal,AKI vs normal,targeted_SubclassLevel1_IC_aki_vs_normal,C4B,classical,0.0073414051400584,,False,True
IC,IC,aki_vs_normal,AKI vs normal,targeted_SubclassLevel1_IC_aki_vs_normal,C4BPA,classical,-0.0062236403557056,,False,True
IC,IC,aki_vs_normal,AKI vs normal,targeted_SubclassLevel1_IC_aki_vs_normal,C4BPB,classical,-0.0535076717992285,0.6871880214577875,False,True
IC,IC,aki_vs_normal,AKI vs normal,targeted_SubclassLevel1_IC_aki_vs_normal,C5,terminal,0.0800570745937103,0.5894086475403991,False,True
IC,IC,aki_vs_normal,AKI vs normal,targeted_SubclassLevel1_IC_aki_vs_normal,C5AR1,receptor,0.0221020539717088,0.8799738119868781,False,True
IC,IC,aki_vs_normal,AKI vs normal,targeted_SubclassLevel1_IC_aki_vs_normal,C5AR2,receptor,0.0416827049446726,0.7930440348075891,False,True
IC,IC,aki_vs_normal,AKI vs normal,targeted_SubclassLevel1_IC_aki_vs_normal,C6,terminal,0.1086193542539665,0.3130302340628161,False,True
IC,IC,aki_vs_normal,AKI vs normal,targeted_SubclassLevel1_IC_aki_vs_normal,C7,terminal,0.0556906108286647,0.6232903719905949,False,True
IC,IC,aki_vs_normal,AKI vs normal,targeted_SubclassLevel1_IC_aki_vs_normal,C8A,terminal,-0.0159074732343936,,False,True
IC,IC,aki_vs_normal,AKI vs normal,targeted_SubclassLevel1_IC_aki_vs_normal,C8B,terminal,0.0100695398305855,,False,True
IC,IC,aki_vs_normal,AKI vs normal,targeted_SubclassLevel1_IC_aki_vs_normal,C8G,terminal,-0.0125836750934014,,False,True
IC,IC,aki_vs_normal,AKI vs normal,targeted_SubclassLevel1_IC_aki_vs_normal,C9,terminal,0.0661396662541545,0.6615101529042133,False,True
IC,IC,aki_vs_normal,AKI vs normal,targeted_SubclassLevel1_IC_aki_vs_normal,CD46,regulator,-0.0076864473997586,0.9710584728159674,False,True
IC,IC,aki_vs_normal,AKI vs normal,targeted_SubclassLevel1_IC_aki_vs_normal,CD55,regulator,-0.2581942483579334,0.1793756652833426,False,True
IC,IC,aki_vs_normal,AKI vs normal,targeted_SubclassLevel1_IC_aki_vs_normal,CD59,regulator,0.0613799281849463,0.7167546618891437,False,True
IC,IC,aki_vs_normal,AKI vs normal,targeted_SubclassLevel1_IC_aki_vs_normal,CFB,alternative,0.1169230751220999,0.2765736309326661,False,True
IC,IC,aki_vs_normal,AKI vs normal,targeted_SubclassLevel1_IC_aki_vs_normal,CFD,alternative,0.0220447941831016,0.8544742978116057,False,True
IC,IC,aki_vs_normal,AKI vs normal,targeted_SubclassLevel1_IC_aki_vs_normal,CFH,regulator,0.0183583462145941,0.8923260966463561,False,True
IC,IC,aki_vs_normal,AKI vs normal,targeted_SubclassLevel1_IC_aki_vs_normal,CFHR1,regulator,0.0296662448924938,,False,True
IC,IC,aki_vs_normal,AKI vs normal,targeted_SubclassLevel1_IC_aki_vs_normal,CFHR2,regulator,,,False,False
IC,IC,aki_vs_normal,AKI vs normal,targeted_SubclassLevel1_IC_aki_vs_normal,CFHR3,regulator,,,False,False
IC,IC,aki_vs_normal,AKI vs normal,targeted_SubclassLevel1_IC_aki_vs_normal,CFHR4,regulator,0.0098922388920866,,False,True
IC,IC,aki_vs_normal,AKI vs normal,targeted_SubclassLevel1_IC_aki_vs_normal,CFHR5,regulator,-0.0020922285460932,,False,True
IC,IC,aki_vs_normal,AKI vs normal,targeted_SubclassLevel1_IC_aki_vs_normal,CFI,regulator,1.1528301328184047,5.371717823533052e-07,True,True
IC,IC,aki_vs_normal,AKI vs normal,targeted_SubclassLevel1_IC_aki_vs_normal,CFP,alternative,-0.009873032277204,,False,True
IC,IC,aki_vs_normal,AKI vs normal,targeted_SubclassLevel1_IC_aki_vs_normal,CR1,receptor,-0.023601647294186,0.8553576174060026,False,True
IC,IC,aki_vs_normal,AKI vs normal,targeted_SubclassLevel1_IC_aki_vs_normal,CR2,receptor,0.0135271009985909,,False,True
IC,IC,aki_vs_normal,AKI vs normal,targeted_SubclassLevel1_IC_aki_vs_normal,FCN1,lectin,0.0576367122122487,,False,True
IC,IC,aki_vs_normal,AKI vs normal,targeted_SubclassLevel1_IC_aki_vs_normal,FCN2,lectin,,,False,False
IC,IC,aki_vs_normal,AKI vs normal,targeted_SubclassLevel1_IC_aki_vs_normal,FCN3,lectin,0.0005726872238416,,False,True
IC,IC,aki_vs_normal,AKI vs normal,targeted_SubclassLevel1_IC_aki_vs_normal,ITGAM,receptor,0.0381460479691724,,False,True
IC,IC,aki_vs_normal,AKI vs normal,targeted_SubclassLevel1_IC_aki_vs_normal,ITGAX,receptor,0.0326176156995158,,False,True
IC,IC,aki_vs_normal,AKI vs normal,targeted_SubclassLevel1_IC_aki_vs_normal,MASP1,lectin,-0.0234322956451324,,False,True
IC,IC,aki_vs_normal,AKI vs normal,targeted_SubclassLevel1_IC_aki_vs_normal,MASP2,lectin,0.002627350519775,,False,True
IC,IC,aki_vs_normal,AKI vs normal,targeted_SubclassLevel1_IC_aki_vs_normal,MBL2,lectin,,,False,False
IC,IC,aki_vs_normal,AKI vs normal,targeted_SubclassLevel1_IC_aki_vs_normal,SERPING1,regulator,1.6697260988440457,5.01456630391674e-07,True,True
IC,IC,aki_vs_normal,AKI vs normal,targeted_SubclassLevel1_IC_aki_vs_normal,VSIG4,receptor,0.0037759915649087,,False,True
IC,IC,aki_vs_ckd,AKI vs CKD,targeted_SubclassLevel1_IC_aki_vs_ckd,C1QA,classical,0.037546315587552,0.1088624411164467,False,True
IC,IC,aki_vs_ckd,AKI vs CKD,targeted_SubclassLevel1_IC_aki_vs_ckd,C1QB,classical,4.7566985852618384e-05,0.9684742085156212,False,True
IC,IC,aki_vs_ckd,AKI vs CKD,targeted_SubclassLevel1_IC_aki_vs_ckd,C1QC,classical,0.0212512082130286,,False,True
IC,IC,aki_vs_ckd,AKI vs CKD,targeted_SubclassLevel1_IC_aki_vs_ckd,C1R,classical,0.0201229386610017,0.4960086067173609,False,True
IC,IC,aki_vs_ckd,AKI vs CKD,targeted_SubclassLevel1_IC_aki_vs_ckd,C1S,classical,0.0084193946968393,0.9675866007600532,False,True
IC,IC,aki_vs_ckd,AKI vs CKD,targeted_SubclassLevel1_IC_aki_vs_ckd,C2,classical,0.0064022883686319,0.9698462496766732,False,True
IC,IC,aki_vs_ckd,AKI vs CKD,targeted_SubclassLevel1_IC_aki_vs_ckd,C3,alternative,2.7385533848722647,8.495054086227496e-05,True,True
IC,IC,aki_vs_ckd,AKI vs CKD,targeted_SubclassLevel1_IC_aki_vs_ckd,C3AR1,receptor,0.0027616092044995,,False,True
IC,IC,aki_vs_ckd,AKI vs CKD,targeted_SubclassLevel1_IC_aki_vs_ckd,C4A,classical,0.01226027062455,,False,True
IC,IC,aki_vs_ckd,AKI vs CKD,targeted_SubclassLevel1_IC_aki_vs_ckd,C4B,classical,,,False,False
IC,IC,aki_vs_ckd,AKI vs CKD,targeted_SubclassLevel1_IC_aki_vs_ckd,C4BPA,classical,-0.007204547742374,,False,True
IC,IC,aki_vs_ckd,AKI vs CKD,targeted_SubclassLevel1_IC_aki_vs_ckd,C4BPB,classical,-0.0009010253322422,0.9886242979898732,False,True
IC,IC,aki_vs_ckd,AKI vs CKD,targeted_SubclassLevel1_IC_aki_vs_ckd,C5,terminal,0.0189818318891061,0.8772611641333762,False,True
IC,IC,aki_vs_ckd,AKI vs CKD,targeted_SubclassLevel1_IC_aki_vs_ckd,C5AR1,receptor,0.0196173953156822,0.8692930429543066,False,True
IC,IC,aki_vs_ckd,AKI vs CKD,targeted_SubclassLevel1_IC_aki_vs_ckd,C5AR2,receptor,-0.0094281560177966,0.9644356027007388,False,True
IC,IC,aki_vs_ckd,AKI vs CKD,targeted_SubclassLevel1_IC_aki_vs_ckd,C6,terminal,0.0237160230058568,0.7160401199534445,False,True
IC,IC,aki_vs_ckd,AKI vs CKD,targeted_SubclassLevel1_IC_aki_vs_ckd,C7,terminal,0.0019446322000144,0.9814309228200668,False,True
IC,IC,aki_vs_ckd,AKI vs CKD,targeted_SubclassLevel1_IC_aki_vs_ckd,C8A,terminal,-0.0055219975076544,,False,True
IC,IC,aki_vs_ckd,AKI vs CKD,targeted_SubclassLevel1_IC_aki_vs_ckd,C8B,terminal,-0.0008187833453674,,False,True
IC,IC,aki_vs_ckd,AKI vs CKD,targeted_SubclassLevel1_IC_aki_vs_ckd,C8G,terminal,0.0007132353572236,,False,True
IC,IC,aki_vs_ckd,AKI vs CKD,targeted_SubclassLevel1_IC_aki_vs_ckd,C9,terminal,-0.0592064196595834,0.5303062845331971,False,True
IC,IC,aki_vs_ckd,AKI vs CKD,targeted_SubclassLevel1_IC_aki_vs_ckd,CD46,regulator,-0.0258781478196111,0.8603855172060545,False,True
IC,IC,aki_vs_ckd,AKI vs CKD,targeted_SubclassLevel1_IC_aki_vs_ckd,CD55,regulator,-0.0772365010653862,0.5848809222848202,False,True
IC,IC,aki_vs_ckd,AKI vs CKD,targeted_SubclassLevel1_IC_aki_vs_ckd,CD59,regulator,0.0061494291049717,0.9680553004733412,False,True
IC,IC,aki_vs_ckd,AKI vs CKD,targeted_SubclassLevel1_IC_aki_vs_ckd,CFB,alternative,0.057389380990706,0.1639181528593156,False,True
IC,IC,aki_vs_ckd,AKI vs CKD,targeted_SubclassLevel1_IC_aki_vs_ckd,CFD,alternative,0.003505326279689,0.9593180536029038,False,True
IC,IC,aki_vs_ckd,AKI vs CKD,targeted_SubclassLevel1_IC_aki_vs_ckd,CFH,regulator,0.0349045978009996,0.3397500909410177,False,True
IC,IC,aki_vs_ckd,AKI vs CKD,targeted_SubclassLevel1_IC_aki_vs_ckd,CFHR1,regulator,0.0057747479886109,,False,True
IC,IC,aki_vs_ckd,AKI vs CKD,targeted_SubclassLevel1_IC_aki_vs_ckd,CFHR2,regulator,,,False,False
IC,IC,aki_vs_ckd,AKI vs CKD,targeted_SubclassLevel1_IC_aki_vs_ckd,CFHR3,regulator,,,False,False
IC,IC,aki_vs_ckd,AKI vs CKD,targeted_SubclassLevel1_IC_aki_vs_ckd,CFHR4,regulator,,,False,False
IC,IC,aki_vs_ckd,AKI vs CKD,targeted_SubclassLevel1_IC_aki_vs_ckd,CFHR5,regulator,,,False,False
IC,IC,aki_vs_ckd,AKI vs CKD,targeted_SubclassLevel1_IC_aki_vs_ckd,CFI,regulator,0.9309916282065974,0.0013324050428615,True,True
IC,IC,aki_vs_ckd,AKI vs CKD,targeted_SubclassLevel1_IC_aki_vs_ckd,CFP,alternative,-0.0004873081454546,,False,True
IC,IC,aki_vs_ckd,AKI vs CKD,targeted_SubclassLevel1_IC_aki_vs_ckd,CR1,receptor,-0.0028655054232199,,False,True
IC,IC,aki_vs_ckd,AKI vs CKD,targeted_SubclassLevel1_IC_aki_vs_ckd,CR2,receptor,0.0123688103476584,,False,True
IC,IC,aki_vs_ckd,AKI vs CKD,targeted_SubclassLevel1_IC_aki_vs_ckd,FCN1,lectin,0.0149906795835148,,False,True
IC,IC,aki_vs_ckd,AKI vs CKD,targeted_SubclassLevel1_IC_aki_vs_ckd,FCN2,lectin,,,False,False
IC,IC,aki_vs_ckd,AKI vs CKD,targeted_SubclassLevel1_IC_aki_vs_ckd,FCN3,lectin,0.0166227784637789,,False,True
IC,IC,aki_vs_ckd,AKI vs CKD,targeted_SubclassLevel1_IC_aki_vs_ckd,ITGAM,receptor,0.0080817900940087,,False,True
IC,IC,aki_vs_ckd,AKI vs CKD,targeted_SubclassLevel1_IC_aki_vs_ckd,ITGAX,receptor,0.0306683623000858,,False,True
IC,IC,aki_vs_ckd,AKI vs CKD,targeted_SubclassLevel1_IC_aki_vs_ckd,MASP1,lectin,-0.0057595303004403,,False,True
IC,IC,aki_vs_ckd,AKI vs CKD,targeted_SubclassLevel1_IC_aki_vs_ckd,MASP2,lectin,0.0069584158132371,0.8368407389437974,False,True
IC,IC,aki_vs_ckd,AKI vs CKD,targeted_SubclassLevel1_IC_aki_vs_ckd,MBL2,lectin,,,False,False
IC,IC,aki_vs_ckd,AKI vs CKD,targeted_SubclassLevel1_IC_aki_vs_ckd,SERPING1,regulator,1.2690370851124688,0.0006366446893728,True,True
IC,IC,aki_vs_ckd,AKI vs CKD,targeted_SubclassLevel1_IC_aki_vs_ckd,VSIG4,receptor,0.0085444178094684,,False,True
Lymphoid,Lymphoid,ckd_vs_normal,CKD vs normal,targeted_SubclassLevel1_Lymphoid_ckd_vs_normal,C1QA,classical,-0.0360371205943112,0.7831210352317254,False,True
Lymphoid,Lymphoid,ckd_vs_normal,CKD vs normal,targeted_SubclassLevel1_Lymphoid_ckd_vs_normal,C1QB,classical,-0.0459808265629632,,False,True
Lymphoid,Lymphoid,ckd_vs_normal,CKD vs normal,targeted_SubclassLevel1_Lymphoid_ckd_vs_normal,C1QC,classical,0.0039217405513066,,False,True
Lymphoid,Lymphoid,ckd_vs_normal,CKD vs normal,targeted_SubclassLevel1_Lymphoid_ckd_vs_normal,C1R,classical,0.0328106350317537,0.7738733874310209,False,True
Lymphoid,Lymphoid,ckd_vs_normal,CKD vs normal,targeted_SubclassLevel1_Lymphoid_ckd_vs_normal,C1S,classical,0.1502120811827377,0.3874462440248226,False,True
Lymphoid,Lymphoid,ckd_vs_normal,CKD vs normal,targeted_SubclassLevel1_Lymphoid_ckd_vs_normal,C2,classical,0.1408561296408969,,False,True
Lymphoid,Lymphoid,ckd_vs_normal,CKD vs normal,targeted_SubclassLevel1_Lymphoid_ckd_vs_normal,C3,alternative,0.0254030942347695,,False,True
Lymphoid,Lymphoid,ckd_vs_normal,CKD vs normal,targeted_SubclassLevel1_Lymphoid_ckd_vs_normal,C3AR1,receptor,-0.8397119364459431,,False,True
Lymphoid,Lymphoid,ckd_vs_normal,CKD vs normal,targeted_SubclassLevel1_Lymphoid_ckd_vs_normal,C4A,classical,,,False,False
Lymphoid,Lymphoid,ckd_vs_normal,CKD vs normal,targeted_SubclassLevel1_Lymphoid_ckd_vs_normal,C4B,classical,0.0015934459438556,,False,True
Lymphoid,Lymphoid,ckd_vs_normal,CKD vs normal,targeted_SubclassLevel1_Lymphoid_ckd_vs_normal,C4BPA,classical,-0.0051939000793701,,False,True
Lymphoid,Lymphoid,ckd_vs_normal,CKD vs normal,targeted_SubclassLevel1_Lymphoid_ckd_vs_normal,C4BPB,classical,,,False,False
Lymphoid,Lymphoid,ckd_vs_normal,CKD vs normal,targeted_SubclassLevel1_Lymphoid_ckd_vs_normal,C5,terminal,0.0213708778224374,,False,True
Lymphoid,Lymphoid,ckd_vs_normal,CKD vs normal,targeted_SubclassLevel1_Lymphoid_ckd_vs_normal,C5AR1,receptor,0.0518407920570564,,False,True
Lymphoid,Lymphoid,ckd_vs_normal,CKD vs normal,targeted_SubclassLevel1_Lymphoid_ckd_vs_normal,C5AR2,receptor,0.037534180834174,,False,True
Lymphoid,Lymphoid,ckd_vs_normal,CKD vs normal,targeted_SubclassLevel1_Lymphoid_ckd_vs_normal,C6,terminal,0.0355569993491141,,False,True
Lymphoid,Lymphoid,ckd_vs_normal,CKD vs normal,targeted_SubclassLevel1_Lymphoid_ckd_vs_normal,C7,terminal,0.0381877261717437,0.7549407061862266,False,True
Lymphoid,Lymphoid,ckd_vs_normal,CKD vs normal,targeted_SubclassLevel1_Lymphoid_ckd_vs_normal,C8A,terminal,,,False,False
Lymphoid,Lymphoid,ckd_vs_normal,CKD vs normal,targeted_SubclassLevel1_Lymphoid_ckd_vs_normal,C8B,terminal,,,False,False
Lymphoid,Lymphoid,ckd_vs_normal,CKD vs normal,targeted_SubclassLevel1_Lymphoid_ckd_vs_normal,C8G,terminal,,,False,False
Lymphoid,Lymphoid,ckd_vs_normal,CKD vs normal,targeted_SubclassLevel1_Lymphoid_ckd_vs_normal,C9,terminal,-0.0001009263854092,,False,True
Lymphoid,Lymphoid,ckd_vs_normal,CKD vs normal,targeted_SubclassLevel1_Lymphoid_ckd_vs_normal,CD46,regulator,-0.3074226865881986,0.1092360349957839,False,True
Lymphoid,Lymphoid,ckd_vs_normal,CKD vs normal,targeted_SubclassLevel1_Lymphoid_ckd_vs_normal,CD55,regulator,-0.6927807714516192,0.0244800506590376,True,True
Lymphoid,Lymphoid,ckd_vs_normal,CKD vs normal,targeted_SubclassLevel1_Lymphoid_ckd_vs_normal,CD59,regulator,-0.5020616727108276,0.0901107389322312,False,True
Lymphoid,Lymphoid,ckd_vs_normal,CKD vs normal,targeted_SubclassLevel1_Lymphoid_ckd_vs_normal,CFB,alternative,-0.0617025413360801,,False,True
Lymphoid,Lymphoid,ckd_vs_normal,CKD vs normal,targeted_SubclassLevel1_Lymphoid_ckd_vs_normal,CFD,alternative,0.0204693088149196,,False,True
Lymphoid,Lymphoid,ckd_vs_normal,CKD vs normal,targeted_SubclassLevel1_Lymphoid_ckd_vs_normal,CFH,regulator,-0.0320956538880941,0.8474697878699157,False,True
Lymphoid,Lymphoid,ckd_vs_normal,CKD vs normal,targeted_SubclassLevel1_Lymphoid_ckd_vs_normal,CFHR1,regulator,0.015630347900989,,False,True
Lymphoid,Lymphoid,ckd_vs_normal,CKD vs normal,targeted_SubclassLevel1_Lymphoid_ckd_vs_normal,CFHR2,regulator,,,False,False
Lymphoid,Lymphoid,ckd_vs_normal,CKD vs normal,targeted_SubclassLevel1_Lymphoid_ckd_vs_normal,CFHR3,regulator,,,False,False
Lymphoid,Lymphoid,ckd_vs_normal,CKD vs normal,targeted_SubclassLevel1_Lymphoid_ckd_vs_normal,CFHR4,regulator,,,False,False
Lymphoid,Lymphoid,ckd_vs_normal,CKD vs normal,targeted_SubclassLevel1_Lymphoid_ckd_vs_normal,CFHR5,regulator,,,False,False
Lymphoid,Lymphoid,ckd_vs_normal,CKD vs normal,targeted_SubclassLevel1_Lymphoid_ckd_vs_normal,CFI,regulator,-0.0845872236396267,0.4756322021894872,False,True
Lymphoid,Lymphoid,ckd_vs_normal,CKD vs normal,targeted_SubclassLevel1_Lymphoid_ckd_vs_normal,CFP,alternative,-0.0054863288315883,,False,True
Lymphoid,Lymphoid,ckd_vs_normal,CKD vs normal,targeted_SubclassLevel1_Lymphoid_ckd_vs_normal,CR1,receptor,0.0162965299613644,0.8865829979647656,False,True
Lymphoid,Lymphoid,ckd_vs_normal,CKD vs normal,targeted_SubclassLevel1_Lymphoid_ckd_vs_normal,CR2,receptor,0.0085099479890282,,False,True
Lymphoid,Lymphoid,ckd_vs_normal,CKD vs normal,targeted_SubclassLevel1_Lymphoid_ckd_vs_normal,FCN1,lectin,-0.0310238556875182,,False,True
Lymphoid,Lymphoid,ckd_vs_normal,CKD vs normal,targeted_SubclassLevel1_Lymphoid_ckd_vs_normal,FCN2,lectin,,,False,False
Lymphoid,Lymphoid,ckd_vs_normal,CKD vs normal,targeted_SubclassLevel1_Lymphoid_ckd_vs_normal,FCN3,lectin,-0.0354665640668794,,False,True
Lymphoid,Lymphoid,ckd_vs_normal,CKD vs normal,targeted_SubclassLevel1_Lymphoid_ckd_vs_normal,ITGAM,receptor,0.1000572582253,0.4584251907664662,False,True
Lymphoid,Lymphoid,ckd_vs_normal,CKD vs normal,targeted_SubclassLevel1_Lymphoid_ckd_vs_normal,ITGAX,receptor,-0.132110492578907,0.259531858382478,False,True
Lymphoid,Lymphoid,ckd_vs_normal,CKD vs normal,targeted_SubclassLevel1_Lymphoid_ckd_vs_normal,MASP1,lectin,-0.0528015789129175,,False,True
Lymphoid,Lymphoid,ckd_vs_normal,CKD vs normal,targeted_SubclassLevel1_Lymphoid_ckd_vs_normal,MASP2,lectin,-0.0005310796443131,,False,True
Lymphoid,Lymphoid,ckd_vs_normal,CKD vs normal,targeted_SubclassLevel1_Lymphoid_ckd_vs_normal,MBL2,lectin,,,False,False
Lymphoid,Lymphoid,ckd_vs_normal,CKD vs normal,targeted_SubclassLevel1_Lymphoid_ckd_vs_normal,SERPING1,regulator,-0.1301361393310766,0.3039519748005473,False,True
Lymphoid,Lymphoid,ckd_vs_normal,CKD vs normal,targeted_SubclassLevel1_Lymphoid_ckd_vs_normal,VSIG4,receptor,-0.0063944612025598,,False,True
Lymphoid,Lymphoid,aki_vs_normal,AKI vs normal,targeted_SubclassLevel1_Lymphoid_aki_vs_normal,C1QA,classical,1.148302280286789,0.0224856460602122,True,True
Lymphoid,Lymphoid,aki_vs_normal,AKI vs normal,targeted_SubclassLevel1_Lymphoid_aki_vs_normal,C1QB,classical,1.080160650234543,0.039160052446261,True,True
Lymphoid,Lymphoid,aki_vs_normal,AKI vs normal,targeted_SubclassLevel1_Lymphoid_aki_vs_normal,C1QC,classical,1.0775436807933958,0.0783377418670138,False,True
Lymphoid,Lymphoid,aki_vs_normal,AKI vs normal,targeted_SubclassLevel1_Lymphoid_aki_vs_normal,C1R,classical,0.1565133248548859,0.3112928857415289,False,True
Lymphoid,Lymphoid,aki_vs_normal,AKI vs normal,targeted_SubclassLevel1_Lymphoid_aki_vs_normal,C1S,classical,0.4692589181636227,0.0451356304270853,True,True
Lymphoid,Lymphoid,aki_vs_normal,AKI vs normal,targeted_SubclassLevel1_Lymphoid_aki_vs_normal,C2,classical,0.6469067292934426,0.0594402224532787,False,True
Lymphoid,Lymphoid,aki_vs_normal,AKI vs normal,targeted_SubclassLevel1_Lymphoid_aki_vs_normal,C3,alternative,2.659213077911345,5.139236563498353e-06,True,True
Lymphoid,Lymphoid,aki_vs_normal,AKI vs normal,targeted_SubclassLevel1_Lymphoid_aki_vs_normal,C3AR1,receptor,0.0339874870759759,0.8408354110219988,False,True
Lymphoid,Lymphoid,aki_vs_normal,AKI vs normal,targeted_SubclassLevel1_Lymphoid_aki_vs_normal,C4A,classical,0.0318068659946285,,False,True
Lymphoid,Lymphoid,aki_vs_normal,AKI vs normal,targeted_SubclassLevel1_Lymphoid_aki_vs_normal,C4B,classical,,,False,False
Lymphoid,Lymphoid,aki_vs_normal,AKI vs normal,targeted_SubclassLevel1_Lymphoid_aki_vs_normal,C4BPA,classical,,,False,False
Lymphoid,Lymphoid,aki_vs_normal,AKI vs normal,targeted_SubclassLevel1_Lymphoid_aki_vs_normal,C4BPB,classical,,,False,False
Lymphoid,Lymphoid,aki_vs_normal,AKI vs normal,targeted_SubclassLevel1_Lymphoid_aki_vs_normal,C5,terminal,0.0106040451623734,0.9579265659853942,False,True
Lymphoid,Lymphoid,aki_vs_normal,AKI vs normal,targeted_SubclassLevel1_Lymphoid_aki_vs_normal,C5AR1,receptor,0.0113870047906054,0.9662709535609848,False,True
Lymphoid,Lymphoid,aki_vs_normal,AKI vs normal,targeted_SubclassLevel1_Lymphoid_aki_vs_normal,C5AR2,receptor,0.0021454707515511,,False,True
Lymphoid,Lymphoid,aki_vs_normal,AKI vs normal,targeted_SubclassLevel1_Lymphoid_aki_vs_normal,C6,terminal,-0.0339565690508579,,False,True
Lymphoid,Lymphoid,aki_vs_normal,AKI vs normal,targeted_SubclassLevel1_Lymphoid_aki_vs_normal,C7,terminal,0.0591229916806818,0.7150999615824574,False,True
Lymphoid,Lymphoid,aki_vs_normal,AKI vs normal,targeted_SubclassLevel1_Lymphoid_aki_vs_normal,C8A,terminal,,,False,False
Lymphoid,Lymphoid,aki_vs_normal,AKI vs normal,targeted_SubclassLevel1_Lymphoid_aki_vs_normal,C8B,terminal,,,False,False
Lymphoid,Lymphoid,aki_vs_normal,AKI vs normal,targeted_SubclassLevel1_Lymphoid_aki_vs_normal,C8G,terminal,,,False,False
Lymphoid,Lymphoid,aki_vs_normal,AKI vs normal,targeted_SubclassLevel1_Lymphoid_aki_vs_normal,C9,terminal,-0.0018431948771381,,False,True
Lymphoid,Lymphoid,aki_vs_normal,AKI vs normal,targeted_SubclassLevel1_Lymphoid_aki_vs_normal,CD46,regulator,-0.24322060607855,0.1114854083884132,False,True
Lymphoid,Lymphoid,aki_vs_normal,AKI vs normal,targeted_SubclassLevel1_Lymphoid_aki_vs_normal,CD55,regulator,-0.9952783986626832,2.9060168770525336e-05,True,True
Lymphoid,Lymphoid,aki_vs_normal,AKI vs normal,targeted_SubclassLevel1_Lymphoid_aki_vs_normal,CD59,regulator,-0.0779424412741035,0.6789941191418823,False,True
Lymphoid,Lymphoid,aki_vs_normal,AKI vs normal,targeted_SubclassLevel1_Lymphoid_aki_vs_normal,CFB,alternative,1.1794892342494727,0.0180483002534089,True,True
Lymphoid,Lymphoid,aki_vs_normal,AKI vs normal,targeted_SubclassLevel1_Lymphoid_aki_vs_normal,CFD,alternative,-0.0083464472814789,0.9293849338784363,False,True
Lymphoid,Lymphoid,aki_vs_normal,AKI vs normal,targeted_SubclassLevel1_Lymphoid_aki_vs_normal,CFH,regulator,0.0694983965187098,0.6742963956262121,False,True
Lymphoid,Lymphoid,aki_vs_normal,AKI vs normal,targeted_SubclassLevel1_Lymphoid_aki_vs_normal,CFHR1,regulator,0.0488102967584688,,False,True
Lymphoid,Lymphoid,aki_vs_normal,AKI vs normal,targeted_SubclassLevel1_Lymphoid_aki_vs_normal,CFHR2,regulator,,,False,False
Lymphoid,Lymphoid,aki_vs_normal,AKI vs normal,targeted_SubclassLevel1_Lymphoid_aki_vs_normal,CFHR3,regulator,,,False,False
Lymphoid,Lymphoid,aki_vs_normal,AKI vs normal,targeted_SubclassLevel1_Lymphoid_aki_vs_normal,CFHR4,regulator,,,False,False
Lymphoid,Lymphoid,aki_vs_normal,AKI vs normal,targeted_SubclassLevel1_Lymphoid_aki_vs_normal,CFHR5,regulator,,,False,False
Lymphoid,Lymphoid,aki_vs_normal,AKI vs normal,targeted_SubclassLevel1_Lymphoid_aki_vs_normal,CFI,regulator,0.2019705177404893,0.2663142889118801,False,True
Lymphoid,Lymphoid,aki_vs_normal,AKI vs normal,targeted_SubclassLevel1_Lymphoid_aki_vs_normal,CFP,alternative,0.0427196174328805,,False,True
Lymphoid,Lymphoid,aki_vs_normal,AKI vs normal,targeted_SubclassLevel1_Lymphoid_aki_vs_normal,CR1,receptor,0.1500239550569914,0.2718316293695477,False,True
Lymphoid,Lymphoid,aki_vs_normal,AKI vs normal,targeted_SubclassLevel1_Lymphoid_aki_vs_normal,CR2,receptor,0.0411341995239206,0.7653132500621179,False,True
Lymphoid,Lymphoid,aki_vs_normal,AKI vs normal,targeted_SubclassLevel1_Lymphoid_aki_vs_normal,FCN1,lectin,1.819649226865739,0.0079343288128328,True,True
Lymphoid,Lymphoid,aki_vs_normal,AKI vs normal,targeted_SubclassLevel1_Lymphoid_aki_vs_normal,FCN2,lectin,,,False,False
Lymphoid,Lymphoid,aki_vs_normal,AKI vs normal,targeted_SubclassLevel1_Lymphoid_aki_vs_normal,FCN3,lectin,-0.0374443299972874,,False,True
Lymphoid,Lymphoid,aki_vs_normal,AKI vs normal,targeted_SubclassLevel1_Lymphoid_aki_vs_normal,ITGAM,receptor,0.3458780145436493,0.1412606782235616,False,True
Lymphoid,Lymphoid,aki_vs_normal,AKI vs normal,targeted_SubclassLevel1_Lymphoid_aki_vs_normal,ITGAX,receptor,0.0233768434541703,0.8736946330329871,False,True
Lymphoid,Lymphoid,aki_vs_normal,AKI vs normal,targeted_SubclassLevel1_Lymphoid_aki_vs_normal,MASP1,lectin,-0.0389597965685235,,False,True
Lymphoid,Lymphoid,aki_vs_normal,AKI vs normal,targeted_SubclassLevel1_Lymphoid_aki_vs_normal,MASP2,lectin,-0.0071633375660508,,False,True
Lymphoid,Lymphoid,aki_vs_normal,AKI vs normal,targeted_SubclassLevel1_Lymphoid_aki_vs_normal,MBL2,lectin,,,False,False
Lymphoid,Lymphoid,aki_vs_normal,AKI vs normal,targeted_SubclassLevel1_Lymphoid_aki_vs_normal,SERPING1,regulator,0.2711840883122155,0.1797360931024282,False,True
Lymphoid,Lymphoid,aki_vs_normal,AKI vs normal,targeted_SubclassLevel1_Lymphoid_aki_vs_normal,VSIG4,receptor,0.0486923800463246,0.737393377737363,False,True
Lymphoid,Lymphoid,aki_vs_ckd,AKI vs CKD,targeted_SubclassLevel1_Lymphoid_aki_vs_ckd,C1QA,classical,1.5416245625724476,0.0809986980196681,False,True
Lymphoid,Lymphoid,aki_vs_ckd,AKI vs CKD,targeted_SubclassLevel1_Lymphoid_aki_vs_ckd,C1QB,classical,1.8995454724761365,0.0294755867416465,True,True
Lymphoid,Lymphoid,aki_vs_ckd,AKI vs CKD,targeted_SubclassLevel1_Lymphoid_aki_vs_ckd,C1QC,classical,1.558733861670697,0.1681778128464243,False,True
Lymphoid,Lymphoid,aki_vs_ckd,AKI vs CKD,targeted_SubclassLevel1_Lymphoid_aki_vs_ckd,C1R,classical,0.0031260078191414,0.9749791993745158,False,True
Lymphoid,Lymphoid,aki_vs_ckd,AKI vs CKD,targeted_SubclassLevel1_Lymphoid_aki_vs_ckd,C1S,classical,0.0287114017489489,0.7178080525430268,False,True
Lymphoid,Lymphoid,aki_vs_ckd,AKI vs CKD,targeted_SubclassLevel1_Lymphoid_aki_vs_ckd,C2,classical,0.0077507260384679,0.9140825932865736,False,True
Lymphoid,Lymphoid,aki_vs_ckd,AKI vs CKD,targeted_SubclassLevel1_Lymphoid_aki_vs_ckd,C3,alternative,2.7457889476604547,6.5505648506550095e-06,True,True
Lymphoid,Lymphoid,aki_vs_ckd,AKI vs CKD,targeted_SubclassLevel1_Lymphoid_aki_vs_ckd,C3AR1,receptor,0.0110843990015943,0.8063826678312636,False,True
Lymphoid,Lymphoid,aki_vs_ckd,AKI vs CKD,targeted_SubclassLevel1_Lymphoid_aki_vs_ckd,C4A,classical,0.0018794570999929,,False,True
Lymphoid,Lymphoid,aki_vs_ckd,AKI vs CKD,targeted_SubclassLevel1_Lymphoid_aki_vs_ckd,C4B,classical,0.0009915327745726,,False,True
Lymphoid,Lymphoid,aki_vs_ckd,AKI vs CKD,targeted_SubclassLevel1_Lymphoid_aki_vs_ckd,C4BPA,classical,0.0014231147774365,,False,True
Lymphoid,Lymphoid,aki_vs_ckd,AKI vs CKD,targeted_SubclassLevel1_Lymphoid_aki_vs_ckd,C4BPB,classical,,,False,False
Lymphoid,Lymphoid,aki_vs_ckd,AKI vs CKD,targeted_SubclassLevel1_Lymphoid_aki_vs_ckd,C5,terminal,-0.0113591143985291,0.8670181523693355,False,True
Lymphoid,Lymphoid,aki_vs_ckd,AKI vs CKD,targeted_SubclassLevel1_Lymphoid_aki_vs_ckd,C5AR1,receptor,0.0077605162628928,0.8968162908291105,False,True
Lymphoid,Lymphoid,aki_vs_ckd,AKI vs CKD,targeted_SubclassLevel1_Lymphoid_aki_vs_ckd,C5AR2,receptor,-0.0051590784341075,,False,True
Lymphoid,Lymphoid,aki_vs_ckd,AKI vs CKD,targeted_SubclassLevel1_Lymphoid_aki_vs_ckd,C6,terminal,-0.0052138501980158,,False,True
Lymphoid,Lymphoid,aki_vs_ckd,AKI vs CKD,targeted_SubclassLevel1_Lymphoid_aki_vs_ckd,C7,terminal,-0.0027901990406957,0.9730378049774314,False,True
Lymphoid,Lymphoid,aki_vs_ckd,AKI vs CKD,targeted_SubclassLevel1_Lymphoid_aki_vs_ckd,C8A,terminal,,,False,False
Lymphoid,Lymphoid,aki_vs_ckd,AKI vs CKD,targeted_SubclassLevel1_Lymphoid_aki_vs_ckd,C8B,terminal,,,False,False
Lymphoid,Lymphoid,aki_vs_ckd,AKI vs CKD,targeted_SubclassLevel1_Lymphoid_aki_vs_ckd,C8G,terminal,,,False,False
Lymphoid,Lymphoid,aki_vs_ckd,AKI vs CKD,targeted_SubclassLevel1_Lymphoid_aki_vs_ckd,C9,terminal,0.0001125663395801,,False,True
Lymphoid,Lymphoid,aki_vs_ckd,AKI vs CKD,targeted_SubclassLevel1_Lymphoid_aki_vs_ckd,CD46,regulator,-0.0316314445683665,0.7164340933532809,False,True
Lymphoid,Lymphoid,aki_vs_ckd,AKI vs CKD,targeted_SubclassLevel1_Lymphoid_aki_vs_ckd,CD55,regulator,-0.009423763823504,0.9499006417844305,False,True
Lymphoid,Lymphoid,aki_vs_ckd,AKI vs CKD,targeted_SubclassLevel1_Lymphoid_aki_vs_ckd,CD59,regulator,0.0138566325096431,0.8412661530727893,False,True
Lymphoid,Lymphoid,aki_vs_ckd,AKI vs CKD,targeted_SubclassLevel1_Lymphoid_aki_vs_ckd,CFB,alternative,1.4611891933953078,0.1463025090861006,False,True
Lymphoid,Lymphoid,aki_vs_ckd,AKI vs CKD,targeted_SubclassLevel1_Lymphoid_aki_vs_ckd,CFD,alternative,-0.0083455475092937,0.8209478686409594,False,True
Lymphoid,Lymphoid,aki_vs_ckd,AKI vs CKD,targeted_SubclassLevel1_Lymphoid_aki_vs_ckd,CFH,regulator,0.0062832799384673,0.9550285324120942,False,True
Lymphoid,Lymphoid,aki_vs_ckd,AKI vs CKD,targeted_SubclassLevel1_Lymphoid_aki_vs_ckd,CFHR1,regulator,-0.0006891905382178,,False,True
Lymphoid,Lymphoid,aki_vs_ckd,AKI vs CKD,targeted_SubclassLevel1_Lymphoid_aki_vs_ckd,CFHR2,regulator,,,False,False
Lymphoid,Lymphoid,aki_vs_ckd,AKI vs CKD,targeted_SubclassLevel1_Lymphoid_aki_vs_ckd,CFHR3,regulator,,,False,False
Lymphoid,Lymphoid,aki_vs_ckd,AKI vs CKD,targeted_SubclassLevel1_Lymphoid_aki_vs_ckd,CFHR4,regulator,,,False,False
Lymphoid,Lymphoid,aki_vs_ckd,AKI vs CKD,targeted_SubclassLevel1_Lymphoid_aki_vs_ckd,CFHR5,regulator,,,False,False
Lymphoid,Lymphoid,aki_vs_ckd,AKI vs CKD,targeted_SubclassLevel1_Lymphoid_aki_vs_ckd,CFI,regulator,0.0143220109849724,0.6009134023368067,False,True
Lymphoid,Lymphoid,aki_vs_ckd,AKI vs CKD,targeted_SubclassLevel1_Lymphoid_aki_vs_ckd,CFP,alternative,0.000183427239292,,False,True
Lymphoid,Lymphoid,aki_vs_ckd,AKI vs CKD,targeted_SubclassLevel1_Lymphoid_aki_vs_ckd,CR1,receptor,0.0175273393187177,0.7335397066379401,False,True
Lymphoid,Lymphoid,aki_vs_ckd,AKI vs CKD,targeted_SubclassLevel1_Lymphoid_aki_vs_ckd,CR2,receptor,0.0023255695183853,0.9843016754023002,False,True
Lymphoid,Lymphoid,aki_vs_ckd,AKI vs CKD,targeted_SubclassLevel1_Lymphoid_aki_vs_ckd,FCN1,lectin,0.0045416164617009,0.8941701886078146,False,True
Lymphoid,Lymphoid,aki_vs_ckd,AKI vs CKD,targeted_SubclassLevel1_Lymphoid_aki_vs_ckd,FCN2,lectin,,,False,False
Lymphoid,Lymphoid,aki_vs_ckd,AKI vs CKD,targeted_SubclassLevel1_Lymphoid_aki_vs_ckd,FCN3,lectin,-0.0009264503539415,,False,True
Lymphoid,Lymphoid,aki_vs_ckd,AKI vs CKD,targeted_SubclassLevel1_Lymphoid_aki_vs_ckd,ITGAM,receptor,0.0056847288610056,0.9690152002705404,False,True
Lymphoid,Lymphoid,aki_vs_ckd,AKI vs CKD,targeted_SubclassLevel1_Lymphoid_aki_vs_ckd,ITGAX,receptor,0.010199024691704,0.7145318676695839,False,True
Lymphoid,Lymphoid,aki_vs_ckd,AKI vs CKD,targeted_SubclassLevel1_Lymphoid_aki_vs_ckd,MASP1,lectin,-0.0001059328050948,,False,True
Lymphoid,Lymphoid,aki_vs_ckd,AKI vs CKD,targeted_SubclassLevel1_Lymphoid_aki_vs_ckd,MASP2,lectin,0.0050812047705046,,False,True
Lymphoid,Lymphoid,aki_vs_ckd,AKI vs CKD,targeted_SubclassLevel1_Lymphoid_aki_vs_ckd,MBL2,lectin,,,False,False
Lymphoid,Lymphoid,aki_vs_ckd,AKI vs CKD,targeted_SubclassLevel1_Lymphoid_aki_vs_ckd,SERPING1,regulator,0.0199821214980096,0.4309122680556037,False,True
Lymphoid,Lymphoid,aki_vs_ckd,AKI vs CKD,targeted_SubclassLevel1_Lymphoid_aki_vs_ckd,VSIG4,receptor,0.0071552665122799,0.8881775288164753,False,True
Myeloid,Myeloid,ckd_vs_normal,CKD vs normal,targeted_SubclassLevel1_Myeloid_ckd_vs_normal,C1QA,classical,-0.1179110244349961,0.5893767887876439,False,True
Myeloid,Myeloid,ckd_vs_normal,CKD vs normal,targeted_SubclassLevel1_Myeloid_ckd_vs_normal,C1QB,classical,-0.2467005398864775,0.307669122220138,False,True
Myeloid,Myeloid,ckd_vs_normal,CKD vs normal,targeted_SubclassLevel1_Myeloid_ckd_vs_normal,C1QC,classical,-0.2922549061080196,0.2080680669302891,False,True
Myeloid,Myeloid,ckd_vs_normal,CKD vs normal,targeted_SubclassLevel1_Myeloid_ckd_vs_normal,C1R,classical,0.0793097640098178,0.6716126983739676,False,True
Myeloid,Myeloid,ckd_vs_normal,CKD vs normal,targeted_SubclassLevel1_Myeloid_ckd_vs_normal,C1S,classical,0.0268443352611617,0.910779450655256,False,True
Myeloid,Myeloid,ckd_vs_normal,CKD vs normal,targeted_SubclassLevel1_Myeloid_ckd_vs_normal,C2,classical,-0.0175984180144519,0.9391941322468718,False,True
Myeloid,Myeloid,ckd_vs_normal,CKD vs normal,targeted_SubclassLevel1_Myeloid_ckd_vs_normal,C3,alternative,0.1037351292922937,0.6413763816827509,False,True
Myeloid,Myeloid,ckd_vs_normal,CKD vs normal,targeted_SubclassLevel1_Myeloid_ckd_vs_normal,C3AR1,receptor,-0.8330364111822807,0.0014177715080465,True,True
Myeloid,Myeloid,ckd_vs_normal,CKD vs normal,targeted_SubclassLevel1_Myeloid_ckd_vs_normal,C4A,classical,,,False,False
Myeloid,Myeloid,ckd_vs_normal,CKD vs normal,targeted_SubclassLevel1_Myeloid_ckd_vs_normal,C4B,classical,,,False,False
Myeloid,Myeloid,ckd_vs_normal,CKD vs normal,targeted_SubclassLevel1_Myeloid_ckd_vs_normal,C4BPA,classical,-0.0476543361473823,,False,True
Myeloid,Myeloid,ckd_vs_normal,CKD vs normal,targeted_SubclassLevel1_Myeloid_ckd_vs_normal,C4BPB,classical,0.1069567434895399,0.3439490143607129,False,True
Myeloid,Myeloid,ckd_vs_normal,CKD vs normal,targeted_SubclassLevel1_Myeloid_ckd_vs_normal,C5,terminal,-0.6120882896982748,0.0159163283115212,True,True
Myeloid,Myeloid,ckd_vs_normal,CKD vs normal,targeted_SubclassLevel1_Myeloid_ckd_vs_normal,C5AR1,receptor,-1.8208233075432587,4.50912059805381e-08,True,True
Myeloid,Myeloid,ckd_vs_normal,CKD vs normal,targeted_SubclassLevel1_Myeloid_ckd_vs_normal,C5AR2,receptor,-0.4799292096124189,0.0675060577121331,False,True
Myeloid,Myeloid,ckd_vs_normal,CKD vs normal,targeted_SubclassLevel1_Myeloid_ckd_vs_normal,C6,terminal,0.0575762453653789,,False,True
Myeloid,Myeloid,ckd_vs_normal,CKD vs normal,targeted_SubclassLevel1_Myeloid_ckd_vs_normal,C7,terminal,0.3468449742380702,0.1649130884238524,False,True
Myeloid,Myeloid,ckd_vs_normal,CKD vs normal,targeted_SubclassLevel1_Myeloid_ckd_vs_normal,C8A,terminal,,,False,False
Myeloid,Myeloid,ckd_vs_normal,CKD vs normal,targeted_SubclassLevel1_Myeloid_ckd_vs_normal,C8B,terminal,,,False,False
Myeloid,Myeloid,ckd_vs_normal,CKD vs normal,targeted_SubclassLevel1_Myeloid_ckd_vs_normal,C8G,terminal,-0.013854341235037,,False,True
Myeloid,Myeloid,ckd_vs_normal,CKD vs normal,targeted_SubclassLevel1_Myeloid_ckd_vs_normal,C9,terminal,0.9786844191305676,0.0094870894262649,True,True
Myeloid,Myeloid,ckd_vs_normal,CKD vs normal,targeted_SubclassLevel1_Myeloid_ckd_vs_normal,CD46,regulator,-0.2695138744605824,0.064836108603297,False,True
Myeloid,Myeloid,ckd_vs_normal,CKD vs normal,targeted_SubclassLevel1_Myeloid_ckd_vs_normal,CD55,regulator,-0.6888475992976549,0.0025602169322797,True,True
Myeloid,Myeloid,ckd_vs_normal,CKD vs normal,targeted_SubclassLevel1_Myeloid_ckd_vs_normal,CD59,regulator,-0.2971607439107218,0.1916516491839263,False,True
Myeloid,Myeloid,ckd_vs_normal,CKD vs normal,targeted_SubclassLevel1_Myeloid_ckd_vs_normal,CFB,alternative,-0.1875178271948179,0.3138240691871786,False,True
Myeloid,Myeloid,ckd_vs_normal,CKD vs normal,targeted_SubclassLevel1_Myeloid_ckd_vs_normal,CFD,alternative,0.0258394854073789,0.9184507772673048,False,True
Myeloid,Myeloid,ckd_vs_normal,CKD vs normal,targeted_SubclassLevel1_Myeloid_ckd_vs_normal,CFH,regulator,-0.0846486957847185,0.6618874514024016,False,True
Myeloid,Myeloid,ckd_vs_normal,CKD vs normal,targeted_SubclassLevel1_Myeloid_ckd_vs_normal,CFHR1,regulator,0.039227760246483,,False,True
Myeloid,Myeloid,ckd_vs_normal,CKD vs normal,targeted_SubclassLevel1_Myeloid_ckd_vs_normal,CFHR2,regulator,,,False,False
Myeloid,Myeloid,ckd_vs_normal,CKD vs normal,targeted_SubclassLevel1_Myeloid_ckd_vs_normal,CFHR3,regulator,,,False,False
Myeloid,Myeloid,ckd_vs_normal,CKD vs normal,targeted_SubclassLevel1_Myeloid_ckd_vs_normal,CFHR4,regulator,,,False,False
Myeloid,Myeloid,ckd_vs_normal,CKD vs normal,targeted_SubclassLevel1_Myeloid_ckd_vs_normal,CFHR5,regulator,,,False,False
Myeloid,Myeloid,ckd_vs_normal,CKD vs normal,targeted_SubclassLevel1_Myeloid_ckd_vs_normal,CFI,regulator,0.0004433199737882,0.997039370290584,False,True
Myeloid,Myeloid,ckd_vs_normal,CKD vs normal,targeted_SubclassLevel1_Myeloid_ckd_vs_normal,CFP,alternative,0.0139305469785284,0.949953143698968,False,True
Myeloid,Myeloid,ckd_vs_normal,CKD vs normal,targeted_SubclassLevel1_Myeloid_ckd_vs_normal,CR1,receptor,-0.0477613299628286,0.8266808441827543,False,True
Myeloid,Myeloid,ckd_vs_normal,CKD vs normal,targeted_SubclassLevel1_Myeloid_ckd_vs_normal,CR2,receptor,-0.0683413626014787,,False,True
Myeloid,Myeloid,ckd_vs_normal,CKD vs normal,targeted_SubclassLevel1_Myeloid_ckd_vs_normal,FCN1,lectin,0.1961829721784097,0.3932629929178822,False,True
Myeloid,Myeloid,ckd_vs_normal,CKD vs normal,targeted_SubclassLevel1_Myeloid_ckd_vs_normal,FCN2,lectin,,,False,False
Myeloid,Myeloid,ckd_vs_normal,CKD vs normal,targeted_SubclassLevel1_Myeloid_ckd_vs_normal,FCN3,lectin,-0.0375514130374892,,False,True
Myeloid,Myeloid,ckd_vs_normal,CKD vs normal,targeted_SubclassLevel1_Myeloid_ckd_vs_normal,ITGAM,receptor,0.1543881548458903,0.4107925661199448,False,True
Myeloid,Myeloid,ckd_vs_normal,CKD vs normal,targeted_SubclassLevel1_Myeloid_ckd_vs_normal,ITGAX,receptor,0.0174469258067019,0.9428285656591874,False,True
Myeloid,Myeloid,ckd_vs_normal,CKD vs normal,targeted_SubclassLevel1_Myeloid_ckd_vs_normal,MASP1,lectin,0.153056883529774,,False,True
Myeloid,Myeloid,ckd_vs_normal,CKD vs normal,targeted_SubclassLevel1_Myeloid_ckd_vs_normal,MASP2,lectin,0.0047179869686561,,False,True
Myeloid,Myeloid,ckd_vs_normal,CKD vs normal,targeted_SubclassLevel1_Myeloid_ckd_vs_normal,MBL2,lectin,,,False,False
Myeloid,Myeloid,ckd_vs_normal,CKD vs normal,targeted_SubclassLevel1_Myeloid_ckd_vs_normal,SERPING1,regulator,-0.1110707708772041,0.6059322987903337,False,True
Myeloid,Myeloid,ckd_vs_normal,CKD vs normal,targeted_SubclassLevel1_Myeloid_ckd_vs_normal,VSIG4,receptor,-0.6517695839204228,0.0093580641296426,True,True
Myeloid,Myeloid,aki_vs_normal,AKI vs normal,targeted_SubclassLevel1_Myeloid_aki_vs_normal,C1QA,classical,-0.0119708629521778,0.971516411772639,False,True
Myeloid,Myeloid,aki_vs_normal,AKI vs normal,targeted_SubclassLevel1_Myeloid_aki_vs_normal,C1QB,classical,-0.0209229447065564,0.9411218917204028,False,True
Myeloid,Myeloid,aki_vs_normal,AKI vs normal,targeted_SubclassLevel1_Myeloid_aki_vs_normal,C1QC,classical,-0.0034062818303202,0.9898097267559244,False,True
Myeloid,Myeloid,aki_vs_normal,AKI vs normal,targeted_SubclassLevel1_Myeloid_aki_vs_normal,C1R,classical,0.6749227920184718,0.0230884587460571,True,True
Myeloid,Myeloid,aki_vs_normal,AKI vs normal,targeted_SubclassLevel1_Myeloid_aki_vs_normal,C1S,classical,0.4724588323634031,0.0120811456172691,True,True
Myeloid,Myeloid,aki_vs_normal,AKI vs normal,targeted_SubclassLevel1_Myeloid_aki_vs_normal,C2,classical,0.9912616397673122,0.0008586014090783,True,True
Myeloid,Myeloid,aki_vs_normal,AKI vs normal,targeted_SubclassLevel1_Myeloid_aki_vs_normal,C3,alternative,0.6268953759437136,0.019338237956668,True,True
Myeloid,Myeloid,aki_vs_normal,AKI vs normal,targeted_SubclassLevel1_Myeloid_aki_vs_normal,C3AR1,receptor,-0.9142960138394964,4.39288200317077e-06,True,True
Myeloid,Myeloid,aki_vs_normal,AKI vs normal,targeted_SubclassLevel1_Myeloid_aki_vs_normal,C4A,classical,,,False,False
Myeloid,Myeloid,aki_vs_normal,AKI vs normal,targeted_SubclassLevel1_Myeloid_aki_vs_normal,C4B,classical,,,False,False
Myeloid,Myeloid,aki_vs_normal,AKI vs normal,targeted_SubclassLevel1_Myeloid_aki_vs_normal,C4BPA,classical,0.0732310382815145,,False,True
Myeloid,Myeloid,aki_vs_normal,AKI vs normal,targeted_SubclassLevel1_Myeloid_aki_vs_normal,C4BPB,classical,1.0483645485741546,0.0296455199934786,True,True
Myeloid,Myeloid,aki_vs_normal,AKI vs normal,targeted_SubclassLevel1_Myeloid_aki_vs_normal,C5,terminal,-1.0081827313463958,1.4252569416126489e-06,True,True
Myeloid,Myeloid,aki_vs_normal,AKI vs normal,targeted_SubclassLevel1_Myeloid_aki_vs_normal,C5AR1,receptor,-2.1306918957271197,2.2710708705531806e-16,True,True
Myeloid,Myeloid,aki_vs_normal,AKI vs normal,targeted_SubclassLevel1_Myeloid_aki_vs_normal,C5AR2,receptor,-1.1527115206927123,1.9353484332669193e-06,True,True
Myeloid,Myeloid,aki_vs_normal,AKI vs normal,targeted_SubclassLevel1_Myeloid_aki_vs_normal,C6,terminal,-0.0481319847610371,,False,True
Myeloid,Myeloid,aki_vs_normal,AKI vs normal,targeted_SubclassLevel1_Myeloid_aki_vs_normal,C7,terminal,0.1192198901721344,0.6048162649086275,False,True
Myeloid,Myeloid,aki_vs_normal,AKI vs normal,targeted_SubclassLevel1_Myeloid_aki_vs_normal,C8A,terminal,,,False,False
Myeloid,Myeloid,aki_vs_normal,AKI vs normal,targeted_SubclassLevel1_Myeloid_aki_vs_normal,C8B,terminal,,,False,False
Myeloid,Myeloid,aki_vs_normal,AKI vs normal,targeted_SubclassLevel1_Myeloid_aki_vs_normal,C8G,terminal,,,False,False
Myeloid,Myeloid,aki_vs_normal,AKI vs normal,targeted_SubclassLevel1_Myeloid_aki_vs_normal,C9,terminal,1.1671699360900647,0.0002220190414557,True,True
Myeloid,Myeloid,aki_vs_normal,AKI vs normal,targeted_SubclassLevel1_Myeloid_aki_vs_normal,CD46,regulator,-0.127987664206365,0.3320015862130254,False,True
Myeloid,Myeloid,aki_vs_normal,AKI vs normal,targeted_SubclassLevel1_Myeloid_aki_vs_normal,CD55,regulator,-0.7998756909787887,8.336017779565337e-06,True,True
Myeloid,Myeloid,aki_vs_normal,AKI vs normal,targeted_SubclassLevel1_Myeloid_aki_vs_normal,CD59,regulator,0.0798450423739891,0.7211479441185371,False,True
Myeloid,Myeloid,aki_vs_normal,AKI vs normal,targeted_SubclassLevel1_Myeloid_aki_vs_normal,CFB,alternative,0.8145592092190848,0.0173109176484577,True,True
Myeloid,Myeloid,aki_vs_normal,AKI vs normal,targeted_SubclassLevel1_Myeloid_aki_vs_normal,CFD,alternative,0.0358132251126413,0.8960646361879206,False,True
Myeloid,Myeloid,aki_vs_normal,AKI vs normal,targeted_SubclassLevel1_Myeloid_aki_vs_normal,CFH,regulator,0.3283779205969928,0.2105668552663471,False,True
Myeloid,Myeloid,aki_vs_normal,AKI vs normal,targeted_SubclassLevel1_Myeloid_aki_vs_normal,CFHR1,regulator,0.0642539462334285,,False,True
Myeloid,Myeloid,aki_vs_normal,AKI vs normal,targeted_SubclassLevel1_Myeloid_aki_vs_normal,CFHR2,regulator,,,False,False
Myeloid,Myeloid,aki_vs_normal,AKI vs normal,targeted_SubclassLevel1_Myeloid_aki_vs_normal,CFHR3,regulator,,,False,False
Myeloid,Myeloid,aki_vs_normal,AKI vs normal,targeted_SubclassLevel1_Myeloid_aki_vs_normal,CFHR4,regulator,,,False,False
Myeloid,Myeloid,aki_vs_normal,AKI vs normal,targeted_SubclassLevel1_Myeloid_aki_vs_normal,CFHR5,regulator,,,False,False
Myeloid,Myeloid,aki_vs_normal,AKI vs normal,targeted_SubclassLevel1_Myeloid_aki_vs_normal,CFI,regulator,0.3638918285146963,0.142340610816294,False,True
Myeloid,Myeloid,aki_vs_normal,AKI vs normal,targeted_SubclassLevel1_Myeloid_aki_vs_normal,CFP,alternative,0.0885032201506551,0.6963907074643707,False,True
Myeloid,Myeloid,aki_vs_normal,AKI vs normal,targeted_SubclassLevel1_Myeloid_aki_vs_normal,CR1,receptor,0.9542497411074748,0.0012682374302121,True,True
Myeloid,Myeloid,aki_vs_normal,AKI vs normal,targeted_SubclassLevel1_Myeloid_aki_vs_normal,CR2,receptor,-0.0630882026646456,,False,True
Myeloid,Myeloid,aki_vs_normal,AKI vs normal,targeted_SubclassLevel1_Myeloid_aki_vs_normal,FCN1,lectin,0.5570578306430912,0.0641418998715442,False,True
Myeloid,Myeloid,aki_vs_normal,AKI vs normal,targeted_SubclassLevel1_Myeloid_aki_vs_normal,FCN2,lectin,,,False,False
Myeloid,Myeloid,aki_vs_normal,AKI vs normal,targeted_SubclassLevel1_Myeloid_aki_vs_normal,FCN3,lectin,-2.1480126487894475,,False,True
Myeloid,Myeloid,aki_vs_normal,AKI vs normal,targeted_SubclassLevel1_Myeloid_aki_vs_normal,ITGAM,receptor,0.2368546945235947,0.169295837937362,False,True
Myeloid,Myeloid,aki_vs_normal,AKI vs normal,targeted_SubclassLevel1_Myeloid_aki_vs_normal,ITGAX,receptor,0.1993981260436588,0.375152991800332,False,True
Myeloid,Myeloid,aki_vs_normal,AKI vs normal,targeted_SubclassLevel1_Myeloid_aki_vs_normal,MASP1,lectin,0.0128933215944524,,False,True
Myeloid,Myeloid,aki_vs_normal,AKI vs normal,targeted_SubclassLevel1_Myeloid_aki_vs_normal,MASP2,lectin,0.1234640455481543,,False,True
Myeloid,Myeloid,aki_vs_normal,AKI vs normal,targeted_SubclassLevel1_Myeloid_aki_vs_normal,MBL2,lectin,,,False,False
Myeloid,Myeloid,aki_vs_normal,AKI vs normal,targeted_SubclassLevel1_Myeloid_aki_vs_normal,SERPING1,regulator,0.6044181193104031,0.0334601484351496,True,True
Myeloid,Myeloid,aki_vs_normal,AKI vs normal,targeted_SubclassLevel1_Myeloid_aki_vs_normal,VSIG4,receptor,-0.6513695521086774,0.0009519710346292,True,True
Myeloid,Myeloid,aki_vs_ckd,AKI vs CKD,targeted_SubclassLevel1_Myeloid_aki_vs_ckd,C1QA,classical,0.029656247915136,0.8215222887023533,False,True
Myeloid,Myeloid,aki_vs_ckd,AKI vs CKD,targeted_SubclassLevel1_Myeloid_aki_vs_ckd,C1QB,classical,0.0509666052195193,0.656521651751548,False,True
Myeloid,Myeloid,aki_vs_ckd,AKI vs CKD,targeted_SubclassLevel1_Myeloid_aki_vs_ckd,C1QC,classical,0.1320070323725852,0.2657803285911215,False,True
Myeloid,Myeloid,aki_vs_ckd,AKI vs CKD,targeted_SubclassLevel1_Myeloid_aki_vs_ckd,C1R,classical,0.0780473783144758,0.4336846396857911,False,True
Myeloid,Myeloid,aki_vs_ckd,AKI vs CKD,targeted_SubclassLevel1_Myeloid_aki_vs_ckd,C1S,classical,0.3636289392579311,0.1279097732234685,False,True
Myeloid,Myeloid,aki_vs_ckd,AKI vs CKD,targeted_SubclassLevel1_Myeloid_aki_vs_ckd,C2,classical,1.1341842801191515,0.0047905515607636,True,True
Myeloid,Myeloid,aki_vs_ckd,AKI vs CKD,targeted_SubclassLevel1_Myeloid_aki_vs_ckd,C3,alternative,0.8251955866441464,0.0280170218400975,True,True
Myeloid,Myeloid,aki_vs_ckd,AKI vs CKD,targeted_SubclassLevel1_Myeloid_aki_vs_ckd,C3AR1,receptor,-0.0068819677351174,0.977474780956768,False,True
Myeloid,Myeloid,aki_vs_ckd,AKI vs CKD,targeted_SubclassLevel1_Myeloid_aki_vs_ckd,C4A,classical,,,False,False
Myeloid,Myeloid,aki_vs_ckd,AKI vs CKD,targeted_SubclassLevel1_Myeloid_aki_vs_ckd,C4B,classical,,,False,False
Myeloid,Myeloid,aki_vs_ckd,AKI vs CKD,targeted_SubclassLevel1_Myeloid_aki_vs_ckd,C4BPA,classical,0.0347729755790365,,False,True
Myeloid,Myeloid,aki_vs_ckd,AKI vs CKD,targeted_SubclassLevel1_Myeloid_aki_vs_ckd,C4BPB,classical,0.0013889630440018,0.9921532030339042,False,True
Myeloid,Myeloid,aki_vs_ckd,AKI vs CKD,targeted_SubclassLevel1_Myeloid_aki_vs_ckd,C5,terminal,-0.4354446159810735,0.0665833715572023,False,True
Myeloid,Myeloid,aki_vs_ckd,AKI vs CKD,targeted_SubclassLevel1_Myeloid_aki_vs_ckd,C5AR1,receptor,-0.0908671949021118,0.4494846657398972,False,True
Myeloid,Myeloid,aki_vs_ckd,AKI vs CKD,targeted_SubclassLevel1_Myeloid_aki_vs_ckd,C5AR2,receptor,-0.015191733586787,0.9337030584130178,False,True
Myeloid,Myeloid,aki_vs_ckd,AKI vs CKD,targeted_SubclassLevel1_Myeloid_aki_vs_ckd,C6,terminal,-0.0168572290476655,,False,True
Myeloid,Myeloid,aki_vs_ckd,AKI vs CKD,targeted_SubclassLevel1_Myeloid_aki_vs_ckd,C7,terminal,-0.052330032402547,0.6564523145128952,False,True
Myeloid,Myeloid,aki_vs_ckd,AKI vs CKD,targeted_SubclassLevel1_Myeloid_aki_vs_ckd,C8A,terminal,,,False,False
Myeloid,Myeloid,aki_vs_ckd,AKI vs CKD,targeted_SubclassLevel1_Myeloid_aki_vs_ckd,C8B,terminal,,,False,False
Myeloid,Myeloid,aki_vs_ckd,AKI vs CKD,targeted_SubclassLevel1_Myeloid_aki_vs_ckd,C8G,terminal,,,False,False
Myeloid,Myeloid,aki_vs_ckd,AKI vs CKD,targeted_SubclassLevel1_Myeloid_aki_vs_ckd,C9,terminal,-0.0371060464552446,0.7049435783043011,False,True
Myeloid,Myeloid,aki_vs_ckd,AKI vs CKD,targeted_SubclassLevel1_Myeloid_aki_vs_ckd,CD46,regulator,-0.0894239866765556,0.5537165504027014,False,True
Myeloid,Myeloid,aki_vs_ckd,AKI vs CKD,targeted_SubclassLevel1_Myeloid_aki_vs_ckd,CD55,regulator,-0.1038302920515248,0.5055286075957907,False,True
Myeloid,Myeloid,aki_vs_ckd,AKI vs CKD,targeted_SubclassLevel1_Myeloid_aki_vs_ckd,CD59,regulator,0.1188851083420558,0.3913018740880401,False,True
Myeloid,Myeloid,aki_vs_ckd,AKI vs CKD,targeted_SubclassLevel1_Myeloid_aki_vs_ckd,CFB,alternative,1.2867251683083956,0.0091935637123497,True,True
Myeloid,Myeloid,aki_vs_ckd,AKI vs CKD,targeted_SubclassLevel1_Myeloid_aki_vs_ckd,CFD,alternative,0.0144811598145101,0.9354015174861244,False,True
Myeloid,Myeloid,aki_vs_ckd,AKI vs CKD,targeted_SubclassLevel1_Myeloid_aki_vs_ckd,CFH,regulator,0.1007876025084755,0.3105795927539444,False,True
Myeloid,Myeloid,aki_vs_ckd,AKI vs CKD,targeted_SubclassLevel1_Myeloid_aki_vs_ckd,CFHR1,regulator,0.0120791373048057,,False,True
Myeloid,Myeloid,aki_vs_ckd,AKI vs CKD,targeted_SubclassLevel1_Myeloid_aki_vs_ckd,CFHR2,regulator,,,False,False
Myeloid,Myeloid,aki_vs_ckd,AKI vs CKD,targeted_SubclassLevel1_Myeloid_aki_vs_ckd,CFHR3,regulator,,,False,False
Myeloid,Myeloid,aki_vs_ckd,AKI vs CKD,targeted_SubclassLevel1_Myeloid_aki_vs_ckd,CFHR4,regulator,-0.0056920907800157,,False,True
Myeloid,Myeloid,aki_vs_ckd,AKI vs CKD,targeted_SubclassLevel1_Myeloid_aki_vs_ckd,CFHR5,regulator,,,False,False
Myeloid,Myeloid,aki_vs_ckd,AKI vs CKD,targeted_SubclassLevel1_Myeloid_aki_vs_ckd,CFI,regulator,0.1387615027672653,0.1594227098303662,False,True
Myeloid,Myeloid,aki_vs_ckd,AKI vs CKD,targeted_SubclassLevel1_Myeloid_aki_vs_ckd,CFP,alternative,0.0639565903394508,0.5819481261455952,False,True
Myeloid,Myeloid,aki_vs_ckd,AKI vs CKD,targeted_SubclassLevel1_Myeloid_aki_vs_ckd,CR1,receptor,0.8128309753022134,0.0139076080856693,True,True
Myeloid,Myeloid,aki_vs_ckd,AKI vs CKD,targeted_SubclassLevel1_Myeloid_aki_vs_ckd,CR2,receptor,0.0285139103497924,,False,True
Myeloid,Myeloid,aki_vs_ckd,AKI vs CKD,targeted_SubclassLevel1_Myeloid_aki_vs_ckd,FCN1,lectin,0.0509912761044185,0.6844309967309901,False,True
Myeloid,Myeloid,aki_vs_ckd,AKI vs CKD,targeted_SubclassLevel1_Myeloid_aki_vs_ckd,FCN2,lectin,,,False,False
Myeloid,Myeloid,aki_vs_ckd,AKI vs CKD,targeted_SubclassLevel1_Myeloid_aki_vs_ckd,FCN3,lectin,-0.0333312603439021,,False,True
Myeloid,Myeloid,aki_vs_ckd,AKI vs CKD,targeted_SubclassLevel1_Myeloid_aki_vs_ckd,ITGAM,receptor,-0.0013296603345591,0.992914844563354,False,True
Myeloid,Myeloid,aki_vs_ckd,AKI vs CKD,targeted_SubclassLevel1_Myeloid_aki_vs_ckd,ITGAX,receptor,0.052194113468753,0.7268113611871235,False,True
Myeloid,Myeloid,aki_vs_ckd,AKI vs CKD,targeted_SubclassLevel1_Myeloid_aki_vs_ckd,MASP1,lectin,0.0073603316207988,,False,True
Myeloid,Myeloid,aki_vs_ckd,AKI vs CKD,targeted_SubclassLevel1_Myeloid_aki_vs_ckd,MASP2,lectin,0.0024070695504719,,False,True
Myeloid,Myeloid,aki_vs_ckd,AKI vs CKD,targeted_SubclassLevel1_Myeloid_aki_vs_ckd,MBL2,lectin,,,False,False
Myeloid,Myeloid,aki_vs_ckd,AKI vs CKD,targeted_SubclassLevel1_Myeloid_aki_vs_ckd,SERPING1,regulator,0.6847818779638132,0.0517421243667877,False,True
Myeloid,Myeloid,aki_vs_ckd,AKI vs CKD,targeted_SubclassLevel1_Myeloid_aki_vs_ckd,VSIG4,receptor,-0.0613495781728023,0.6527398797902882,False,True
PC,PC,ckd_vs_normal,CKD vs normal,targeted_SubclassLevel1_PC_ckd_vs_normal,C1QA,classical,0.0050372590271681,0.9823244456480954,False,True
PC,PC,ckd_vs_normal,CKD vs normal,targeted_SubclassLevel1_PC_ckd_vs_normal,C1QB,classical,-0.143648156633396,0.3233659620249198,False,True
PC,PC,ckd_vs_normal,CKD vs normal,targeted_SubclassLevel1_PC_ckd_vs_normal,C1QC,classical,-0.040581237418883,0.8014095495818674,False,True
PC,PC,ckd_vs_normal,CKD vs normal,targeted_SubclassLevel1_PC_ckd_vs_normal,C1R,classical,0.0177061166864906,0.9270850009682506,False,True
PC,PC,ckd_vs_normal,CKD vs normal,targeted_SubclassLevel1_PC_ckd_vs_normal,C1S,classical,-0.0837641056507479,0.6393178286256346,False,True
PC,PC,ckd_vs_normal,CKD vs normal,targeted_SubclassLevel1_PC_ckd_vs_normal,C2,classical,-0.0868941961975364,0.6403337563040061,False,True
PC,PC,ckd_vs_normal,CKD vs normal,targeted_SubclassLevel1_PC_ckd_vs_normal,C3,alternative,0.1752878519218522,0.2150829556593012,False,True
PC,PC,ckd_vs_normal,CKD vs normal,targeted_SubclassLevel1_PC_ckd_vs_normal,C3AR1,receptor,-0.5409840048849708,0.2158757285154618,False,True
PC,PC,ckd_vs_normal,CKD vs normal,targeted_SubclassLevel1_PC_ckd_vs_normal,C4A,classical,-0.0090539391012924,,False,True
PC,PC,ckd_vs_normal,CKD vs normal,targeted_SubclassLevel1_PC_ckd_vs_normal,C4B,classical,0.059068897771621,,False,True
PC,PC,ckd_vs_normal,CKD vs normal,targeted_SubclassLevel1_PC_ckd_vs_normal,C4BPA,classical,0.2979383581744005,0.1379394471996475,False,True
PC,PC,ckd_vs_normal,CKD vs normal,targeted_SubclassLevel1_PC_ckd_vs_normal,C4BPB,classical,-0.0322150098085471,,False,True
PC,PC,ckd_vs_normal,CKD vs normal,targeted_SubclassLevel1_PC_ckd_vs_normal,C5,terminal,0.2614304885102524,0.1531955864399381,False,True
PC,PC,ckd_vs_normal,CKD vs normal,targeted_SubclassLevel1_PC_ckd_vs_normal,C5AR1,receptor,0.3266814055576242,0.0966846788621431,False,True
PC,PC,ckd_vs_normal,CKD vs normal,targeted_SubclassLevel1_PC_ckd_vs_normal,C5AR2,receptor,0.1082702722462787,0.4272519034344676,False,True
PC,PC,ckd_vs_normal,CKD vs normal,targeted_SubclassLevel1_PC_ckd_vs_normal,C6,terminal,0.0432203966631149,0.6193667455943141,False,True
PC,PC,ckd_vs_normal,CKD vs normal,targeted_SubclassLevel1_PC_ckd_vs_normal,C7,terminal,0.0130715028930377,0.9241205131722646,False,True
PC,PC,ckd_vs_normal,CKD vs normal,targeted_SubclassLevel1_PC_ckd_vs_normal,C8A,terminal,-0.0122302108692178,,False,True
PC,PC,ckd_vs_normal,CKD vs normal,targeted_SubclassLevel1_PC_ckd_vs_normal,C8B,terminal,-0.0300517464185661,,False,True
PC,PC,ckd_vs_normal,CKD vs normal,targeted_SubclassLevel1_PC_ckd_vs_normal,C8G,terminal,-0.0127524446849876,,False,True
PC,PC,ckd_vs_normal,CKD vs normal,targeted_SubclassLevel1_PC_ckd_vs_normal,C9,terminal,0.2326617432815328,0.2775217812154101,False,True
PC,PC,ckd_vs_normal,CKD vs normal,targeted_SubclassLevel1_PC_ckd_vs_normal,CD46,regulator,-0.091999257036269,0.5884071064714638,False,True
PC,PC,ckd_vs_normal,CKD vs normal,targeted_SubclassLevel1_PC_ckd_vs_normal,CD55,regulator,-0.4590663942844568,0.0615456175495408,False,True
PC,PC,ckd_vs_normal,CKD vs normal,targeted_SubclassLevel1_PC_ckd_vs_normal,CD59,regulator,-0.1221006165597963,0.550351057007083,False,True
PC,PC,ckd_vs_normal,CKD vs normal,targeted_SubclassLevel1_PC_ckd_vs_normal,CFB,alternative,-0.052729935899738,0.8005156424071332,False,True
PC,PC,ckd_vs_normal,CKD vs normal,targeted_SubclassLevel1_PC_ckd_vs_normal,CFD,alternative,-0.0116039770526634,0.9562627562785462,False,True
PC,PC,ckd_vs_normal,CKD vs normal,targeted_SubclassLevel1_PC_ckd_vs_normal,CFH,regulator,-1.1191239070175434,0.020823784483027,True,True
PC,PC,ckd_vs_normal,CKD vs normal,targeted_SubclassLevel1_PC_ckd_vs_normal,CFHR1,regulator,0.0069164321086068,,False,True
PC,PC,ckd_vs_normal,CKD vs normal,targeted_SubclassLevel1_PC_ckd_vs_normal,CFHR2,regulator,-0.0073192235045655,,False,True
PC,PC,ckd_vs_normal,CKD vs normal,targeted_SubclassLevel1_PC_ckd_vs_normal,CFHR3,regulator,-0.0232479750530714,,False,True
PC,PC,ckd_vs_normal,CKD vs normal,targeted_SubclassLevel1_PC_ckd_vs_normal,CFHR4,regulator,0.0075467540742311,,False,True
PC,PC,ckd_vs_normal,CKD vs normal,targeted_SubclassLevel1_PC_ckd_vs_normal,CFHR5,regulator,0.017747482367685,,False,True
PC,PC,ckd_vs_normal,CKD vs normal,targeted_SubclassLevel1_PC_ckd_vs_normal,CFI,regulator,0.0697531176000046,0.7199664458650722,False,True
PC,PC,ckd_vs_normal,CKD vs normal,targeted_SubclassLevel1_PC_ckd_vs_normal,CFP,alternative,0.0638552971882027,,False,True
PC,PC,ckd_vs_normal,CKD vs normal,targeted_SubclassLevel1_PC_ckd_vs_normal,CR1,receptor,-0.2233567134838803,0.151311768339644,False,True
PC,PC,ckd_vs_normal,CKD vs normal,targeted_SubclassLevel1_PC_ckd_vs_normal,CR2,receptor,0.1980820707353235,0.1611007771035975,False,True
PC,PC,ckd_vs_normal,CKD vs normal,targeted_SubclassLevel1_PC_ckd_vs_normal,FCN1,lectin,0.0475923514612322,,False,True
PC,PC,ckd_vs_normal,CKD vs normal,targeted_SubclassLevel1_PC_ckd_vs_normal,FCN2,lectin,,,False,False
PC,PC,ckd_vs_normal,CKD vs normal,targeted_SubclassLevel1_PC_ckd_vs_normal,FCN3,lectin,-0.0535451934321541,0.7577522834943118,False,True
PC,PC,ckd_vs_normal,CKD vs normal,targeted_SubclassLevel1_PC_ckd_vs_normal,ITGAM,receptor,0.2006544679442888,0.2103758775803798,False,True
PC,PC,ckd_vs_normal,CKD vs normal,targeted_SubclassLevel1_PC_ckd_vs_normal,ITGAX,receptor,0.020554475374297,0.6560631063147139,False,True
PC,PC,ckd_vs_normal,CKD vs normal,targeted_SubclassLevel1_PC_ckd_vs_normal,MASP1,lectin,0.0513226480157623,0.4036705845291206,False,True
PC,PC,ckd_vs_normal,CKD vs normal,targeted_SubclassLevel1_PC_ckd_vs_normal,MASP2,lectin,-0.1242445526663779,0.5082533110910668,False,True
PC,PC,ckd_vs_normal,CKD vs normal,targeted_SubclassLevel1_PC_ckd_vs_normal,MBL2,lectin,,,False,False
PC,PC,ckd_vs_normal,CKD vs normal,targeted_SubclassLevel1_PC_ckd_vs_normal,SERPING1,regulator,0.0731999974455503,0.7228580297805557,False,True
PC,PC,ckd_vs_normal,CKD vs normal,targeted_SubclassLevel1_PC_ckd_vs_normal,VSIG4,receptor,-0.0735576880363873,,False,True
PC,PC,aki_vs_normal,AKI vs normal,targeted_SubclassLevel1_PC_aki_vs_normal,C1QA,classical,0.8831643887740818,0.0306553698535891,True,True
PC,PC,aki_vs_normal,AKI vs normal,targeted_SubclassLevel1_PC_aki_vs_normal,C1QB,classical,0.1028169578324689,0.4344010164680191,False,True
PC,PC,aki_vs_normal,AKI vs normal,targeted_SubclassLevel1_PC_aki_vs_normal,C1QC,classical,0.0391268313569059,0.7674089050475932,False,True
PC,PC,aki_vs_normal,AKI vs normal,targeted_SubclassLevel1_PC_aki_vs_normal,C1R,classical,1.488104259508083,7.101872301541452e-05,True,True
PC,PC,aki_vs_normal,AKI vs normal,targeted_SubclassLevel1_PC_aki_vs_normal,C1S,classical,0.2909680916846442,0.0716415178452969,False,True
PC,PC,aki_vs_normal,AKI vs normal,targeted_SubclassLevel1_PC_aki_vs_normal,C2,classical,0.0187005802313094,0.9336316103706712,False,True
PC,PC,aki_vs_normal,AKI vs normal,targeted_SubclassLevel1_PC_aki_vs_normal,C3,alternative,3.0159365988622304,2.8774564628470218e-08,True,True
PC,PC,aki_vs_normal,AKI vs normal,targeted_SubclassLevel1_PC_aki_vs_normal,C3AR1,receptor,-0.176068120596353,,False,True
PC,PC,aki_vs_normal,AKI vs normal,targeted_SubclassLevel1_PC_aki_vs_normal,C4A,classical,0.075541536574925,,False,True
PC,PC,aki_vs_normal,AKI vs normal,targeted_SubclassLevel1_PC_aki_vs_normal,C4B,classical,0.0717491396425526,,False,True
PC,PC,aki_vs_normal,AKI vs normal,targeted_SubclassLevel1_PC_aki_vs_normal,C4BPA,classical,0.1666716173221298,,False,True
PC,PC,aki_vs_normal,AKI vs normal,targeted_SubclassLevel1_PC_aki_vs_normal,C4BPB,classical,-0.0469627769818774,,False,True
PC,PC,aki_vs_normal,AKI vs normal,targeted_SubclassLevel1_PC_aki_vs_normal,C5,terminal,0.2065455972697974,0.2647563383517163,False,True
PC,PC,aki_vs_normal,AKI vs normal,targeted_SubclassLevel1_PC_aki_vs_normal,C5AR1,receptor,0.2310635414345984,0.2169441713619576,False,True
PC,PC,aki_vs_normal,AKI vs normal,targeted_SubclassLevel1_PC_aki_vs_normal,C5AR2,receptor,-0.2908683262065476,0.2921770923592323,False,True
PC,PC,aki_vs_normal,AKI vs normal,targeted_SubclassLevel1_PC_aki_vs_normal,C6,terminal,0.0300982760152151,0.8221185286270692,False,True
PC,PC,aki_vs_normal,AKI vs normal,targeted_SubclassLevel1_PC_aki_vs_normal,C7,terminal,-0.0185444965458207,0.9058922974845988,False,True
PC,PC,aki_vs_normal,AKI vs normal,targeted_SubclassLevel1_PC_aki_vs_normal,C8A,terminal,0.0612256055311548,,False,True
PC,PC,aki_vs_normal,AKI vs normal,targeted_SubclassLevel1_PC_aki_vs_normal,C8B,terminal,-0.0210157347824534,,False,True
PC,PC,aki_vs_normal,AKI vs normal,targeted_SubclassLevel1_PC_aki_vs_normal,C8G,terminal,-0.0527870454290134,,False,True
PC,PC,aki_vs_normal,AKI vs normal,targeted_SubclassLevel1_PC_aki_vs_normal,C9,terminal,0.8855732867248308,0.0036551181203385,True,True
PC,PC,aki_vs_normal,AKI vs normal,targeted_SubclassLevel1_PC_aki_vs_normal,CD46,regulator,-0.0343164697480525,0.8541315186257012,False,True
PC,PC,aki_vs_normal,AKI vs normal,targeted_SubclassLevel1_PC_aki_vs_normal,CD55,regulator,-0.2819459805892149,0.1773541908773767,False,True
PC,PC,aki_vs_normal,AKI vs normal,targeted_SubclassLevel1_PC_aki_vs_normal,CD59,regulator,0.5663523223930571,0.0190240920345709,True,True
PC,PC,aki_vs_normal,AKI vs normal,targeted_SubclassLevel1_PC_aki_vs_normal,CFB,alternative,1.9934193161298688,7.031234000796763e-07,True,True
PC,PC,aki_vs_normal,AKI vs normal,targeted_SubclassLevel1_PC_aki_vs_normal,CFD,alternative,0.0287123885798625,0.8896505955601774,False,True
PC,PC,aki_vs_normal,AKI vs normal,targeted_SubclassLevel1_PC_aki_vs_normal,CFH,regulator,-0.0766565084448804,0.3843527220278755,False,True
PC,PC,aki_vs_normal,AKI vs normal,targeted_SubclassLevel1_PC_aki_vs_normal,CFHR1,regulator,0.071405549219181,,False,True
PC,PC,aki_vs_normal,AKI vs normal,targeted_SubclassLevel1_PC_aki_vs_normal,CFHR2,regulator,,,False,False
PC,PC,aki_vs_normal,AKI vs normal,targeted_SubclassLevel1_PC_aki_vs_normal,CFHR3,regulator,0.0123698587116451,,False,True
PC,PC,aki_vs_normal,AKI vs normal,targeted_SubclassLevel1_PC_aki_vs_normal,CFHR4,regulator,0.120082235526607,,False,True
PC,PC,aki_vs_normal,AKI vs normal,targeted_SubclassLevel1_PC_aki_vs_normal,CFHR5,regulator,0.0343046581537285,,False,True
PC,PC,aki_vs_normal,AKI vs normal,targeted_SubclassLevel1_PC_aki_vs_normal,CFI,regulator,1.2835083528668203,9.638768576574386e-11,True,True
PC,PC,aki_vs_normal,AKI vs normal,targeted_SubclassLevel1_PC_aki_vs_normal,CFP,alternative,0.0720340148681589,,False,True
PC,PC,aki_vs_normal,AKI vs normal,targeted_SubclassLevel1_PC_aki_vs_normal,CR1,receptor,-0.0163774687736577,0.8768449975331173,False,True
PC,PC,aki_vs_normal,AKI vs normal,targeted_SubclassLevel1_PC_aki_vs_normal,CR2,receptor,-0.0477753555470474,0.7230456859665043,False,True
PC,PC,aki_vs_normal,AKI vs normal,targeted_SubclassLevel1_PC_aki_vs_normal,FCN1,lectin,0.0316025360446356,,False,True
PC,PC,aki_vs_normal,AKI vs normal,targeted_SubclassLevel1_PC_aki_vs_normal,FCN2,lectin,,,False,False
PC,PC,aki_vs_normal,AKI vs normal,targeted_SubclassLevel1_PC_aki_vs_normal,FCN3,lectin,-0.0265583166463239,,False,True
PC,PC,aki_vs_normal,AKI vs normal,targeted_SubclassLevel1_PC_aki_vs_normal,ITGAM,receptor,0.0907119659676442,,False,True
PC,PC,aki_vs_normal,AKI vs normal,targeted_SubclassLevel1_PC_aki_vs_normal,ITGAX,receptor,-0.0877844412051993,,False,True
PC,PC,aki_vs_normal,AKI vs normal,targeted_SubclassLevel1_PC_aki_vs_normal,MASP1,lectin,-0.1006282050805243,,False,True
PC,PC,aki_vs_normal,AKI vs normal,targeted_SubclassLevel1_PC_aki_vs_normal,MASP2,lectin,0.0043136416462126,0.960989545674456,False,True
PC,PC,aki_vs_normal,AKI vs normal,targeted_SubclassLevel1_PC_aki_vs_normal,MBL2,lectin,,,False,False
PC,PC,aki_vs_normal,AKI vs normal,targeted_SubclassLevel1_PC_aki_vs_normal,SERPING1,regulator,1.253648271017884,7.409896801453267e-06,True,True
PC,PC,aki_vs_normal,AKI vs normal,targeted_SubclassLevel1_PC_aki_vs_normal,VSIG4,receptor,0.0602544349410616,,False,True
PC,PC,aki_vs_ckd,AKI vs CKD,targeted_SubclassLevel1_PC_aki_vs_ckd,C1QA,classical,0.0380298506675273,0.2679311288346494,False,True
PC,PC,aki_vs_ckd,AKI vs CKD,targeted_SubclassLevel1_PC_aki_vs_ckd,C1QB,classical,0.0205819192551522,0.5080180610512289,False,True
PC,PC,aki_vs_ckd,AKI vs CKD,targeted_SubclassLevel1_PC_aki_vs_ckd,C1QC,classical,0.0087812683920721,,False,True
PC,PC,aki_vs_ckd,AKI vs CKD,targeted_SubclassLevel1_PC_aki_vs_ckd,C1R,classical,0.060563560333174,0.1111711409255416,False,True
PC,PC,aki_vs_ckd,AKI vs CKD,targeted_SubclassLevel1_PC_aki_vs_ckd,C1S,classical,0.3227552395135952,0.1315972376738403,False,True
PC,PC,aki_vs_ckd,AKI vs CKD,targeted_SubclassLevel1_PC_aki_vs_ckd,C2,classical,0.0797297938080461,0.4621330874965262,False,True
PC,PC,aki_vs_ckd,AKI vs CKD,targeted_SubclassLevel1_PC_aki_vs_ckd,C3,alternative,1.9901933785982704,0.007128500154562,True,True
PC,PC,aki_vs_ckd,AKI vs CKD,targeted_SubclassLevel1_PC_aki_vs_ckd,C3AR1,receptor,0.0050410388609228,,False,True
PC,PC,aki_vs_ckd,AKI vs CKD,targeted_SubclassLevel1_PC_aki_vs_ckd,C4A,classical,0.0059111261413393,,False,True
PC,PC,aki_vs_ckd,AKI vs CKD,targeted_SubclassLevel1_PC_aki_vs_ckd,C4B,classical,-0.0032277764420399,,False,True
PC,PC,aki_vs_ckd,AKI vs CKD,targeted_SubclassLevel1_PC_aki_vs_ckd,C4BPA,classical,-0.0217305499189443,,False,True
PC,PC,aki_vs_ckd,AKI vs CKD,targeted_SubclassLevel1_PC_aki_vs_ckd,C4BPB,classical,-0.0023726980963556,,False,True
PC,PC,aki_vs_ckd,AKI vs CKD,targeted_SubclassLevel1_PC_aki_vs_ckd,C5,terminal,-0.0102584129619893,0.9511328092063248,False,True
PC,PC,aki_vs_ckd,AKI vs CKD,targeted_SubclassLevel1_PC_aki_vs_ckd,C5AR1,receptor,0.0350998631337297,0.7405413568113534,False,True
PC,PC,aki_vs_ckd,AKI vs CKD,targeted_SubclassLevel1_PC_aki_vs_ckd,C5AR2,receptor,-0.0178055906831024,,False,True
PC,PC,aki_vs_ckd,AKI vs CKD,targeted_SubclassLevel1_PC_aki_vs_ckd,C6,terminal,-0.0017855518197928,,False,True
PC,PC,aki_vs_ckd,AKI vs CKD,targeted_SubclassLevel1_PC_aki_vs_ckd,C7,terminal,-0.0087684188536989,0.743103561236765,False,True
PC,PC,aki_vs_ckd,AKI vs CKD,targeted_SubclassLevel1_PC_aki_vs_ckd,C8A,terminal,-0.0004378148214535,,False,True
PC,PC,aki_vs_ckd,AKI vs CKD,targeted_SubclassLevel1_PC_aki_vs_ckd,C8B,terminal,,,False,False
PC,PC,aki_vs_ckd,AKI vs CKD,targeted_SubclassLevel1_PC_aki_vs_ckd,C8G,terminal,-0.0083120393014617,,False,True
PC,PC,aki_vs_ckd,AKI vs CKD,targeted_SubclassLevel1_PC_aki_vs_ckd,C9,terminal,-0.0097452595376077,0.9268146759950788,False,True
PC,PC,aki_vs_ckd,AKI vs CKD,targeted_SubclassLevel1_PC_aki_vs_ckd,CD46,regulator,-0.0735351371863023,0.5174280819733333,False,True
PC,PC,aki_vs_ckd,AKI vs CKD,targeted_SubclassLevel1_PC_aki_vs_ckd,CD55,regulator,-0.0024469735453619,0.987700754637846,False,True
PC,PC,aki_vs_ckd,AKI vs CKD,targeted_SubclassLevel1_PC_aki_vs_ckd,CD59,regulator,0.0569255453000969,0.4200605419839981,False,True
PC,PC,aki_vs_ckd,AKI vs CKD,targeted_SubclassLevel1_PC_aki_vs_ckd,CFB,alternative,1.4153939576923835,0.0017022013106167,True,True
PC,PC,aki_vs_ckd,AKI vs CKD,targeted_SubclassLevel1_PC_aki_vs_ckd,CFD,alternative,-0.0093248667582361,0.8789291837493043,False,True
PC,PC,aki_vs_ckd,AKI vs CKD,targeted_SubclassLevel1_PC_aki_vs_ckd,CFH,regulator,0.0074910785866623,0.8142332225493815,False,True
PC,PC,aki_vs_ckd,AKI vs CKD,targeted_SubclassLevel1_PC_aki_vs_ckd,CFHR1,regulator,0.0019662651022619,,False,True
PC,PC,aki_vs_ckd,AKI vs CKD,targeted_SubclassLevel1_PC_aki_vs_ckd,CFHR2,regulator,,,False,False
PC,PC,aki_vs_ckd,AKI vs CKD,targeted_SubclassLevel1_PC_aki_vs_ckd,CFHR3,regulator,,,False,False
PC,PC,aki_vs_ckd,AKI vs CKD,targeted_SubclassLevel1_PC_aki_vs_ckd,CFHR4,regulator,0.000734997890823,,False,True
PC,PC,aki_vs_ckd,AKI vs CKD,targeted_SubclassLevel1_PC_aki_vs_ckd,CFHR5,regulator,,,False,False
PC,PC,aki_vs_ckd,AKI vs CKD,targeted_SubclassLevel1_PC_aki_vs_ckd,CFI,regulator,0.9155368383551388,0.0003737062650107,True,True
PC,PC,aki_vs_ckd,AKI vs CKD,targeted_SubclassLevel1_PC_aki_vs_ckd,CFP,alternative,-0.0039934477073622,,False,True
PC,PC,aki_vs_ckd,AKI vs CKD,targeted_SubclassLevel1_PC_aki_vs_ckd,CR1,receptor,0.0107769018864532,,False,True
PC,PC,aki_vs_ckd,AKI vs CKD,targeted_SubclassLevel1_PC_aki_vs_ckd,CR2,receptor,-0.0205261096442216,0.5032071346833831,False,True
PC,PC,aki_vs_ckd,AKI vs CKD,targeted_SubclassLevel1_PC_aki_vs_ckd,FCN1,lectin,0.0200502960615974,,False,True
PC,PC,aki_vs_ckd,AKI vs CKD,targeted_SubclassLevel1_PC_aki_vs_ckd,FCN2,lectin,,,False,False
PC,PC,aki_vs_ckd,AKI vs CKD,targeted_SubclassLevel1_PC_aki_vs_ckd,FCN3,lectin,0.0055945609565622,,False,True
PC,PC,aki_vs_ckd,AKI vs CKD,targeted_SubclassLevel1_PC_aki_vs_ckd,ITGAM,receptor,0.0162786603015271,,False,True
PC,PC,aki_vs_ckd,AKI vs CKD,targeted_SubclassLevel1_PC_aki_vs_ckd,ITGAX,receptor,-0.0102526075344689,,False,True
PC,PC,aki_vs_ckd,AKI vs CKD,targeted_SubclassLevel1_PC_aki_vs_ckd,MASP1,lectin,-0.0132742942700431,,False,True
PC,PC,aki_vs_ckd,AKI vs CKD,targeted_SubclassLevel1_PC_aki_vs_ckd,MASP2,lectin,0.0045581043571309,,False,True
PC,PC,aki_vs_ckd,AKI vs CKD,targeted_SubclassLevel1_PC_aki_vs_ckd,MBL2,lectin,,,False,False
PC,PC,aki_vs_ckd,AKI vs CKD,targeted_SubclassLevel1_PC_aki_vs_ckd,SERPING1,regulator,0.5654106498300145,0.0891307053848719,False,True
PC,PC,aki_vs_ckd,AKI vs CKD,targeted_SubclassLevel1_PC_aki_vs_ckd,VSIG4,receptor,0.0060570348750307,,False,True
PEC,PEC,ckd_vs_normal,CKD vs normal,targeted_SubclassLevel1_PEC_ckd_vs_normal,C1QA,classical,0.0126053354290956,,False,True
PEC,PEC,ckd_vs_normal,CKD vs normal,targeted_SubclassLevel1_PEC_ckd_vs_normal,C1QB,classical,-0.0118998891104406,,False,True
PEC,PEC,ckd_vs_normal,CKD vs normal,targeted_SubclassLevel1_PEC_ckd_vs_normal,C1QC,classical,0.0144330928464673,,False,True
PEC,PEC,ckd_vs_normal,CKD vs normal,targeted_SubclassLevel1_PEC_ckd_vs_normal,C1R,classical,-0.0068721564647584,0.9602630128232325,False,True
PEC,PEC,ckd_vs_normal,CKD vs normal,targeted_SubclassLevel1_PEC_ckd_vs_normal,C1S,classical,-0.0107846928612001,0.9560695621257744,False,True
PEC,PEC,ckd_vs_normal,CKD vs normal,targeted_SubclassLevel1_PEC_ckd_vs_normal,C2,classical,0.0030622979907802,,False,True
PEC,PEC,ckd_vs_normal,CKD vs normal,targeted_SubclassLevel1_PEC_ckd_vs_normal,C3,alternative,0.0253536649897293,0.6698026331043317,False,True
PEC,PEC,ckd_vs_normal,CKD vs normal,targeted_SubclassLevel1_PEC_ckd_vs_normal,C3AR1,receptor,0.0024353734041286,,False,True
PEC,PEC,ckd_vs_normal,CKD vs normal,targeted_SubclassLevel1_PEC_ckd_vs_normal,C4A,classical,0.0080128951990503,,False,True
PEC,PEC,ckd_vs_normal,CKD vs normal,targeted_SubclassLevel1_PEC_ckd_vs_normal,C4B,classical,,,False,False
PEC,PEC,ckd_vs_normal,CKD vs normal,targeted_SubclassLevel1_PEC_ckd_vs_normal,C4BPA,classical,0.011485547204606,,False,True
PEC,PEC,ckd_vs_normal,CKD vs normal,targeted_SubclassLevel1_PEC_ckd_vs_normal,C4BPB,classical,,,False,False
PEC,PEC,ckd_vs_normal,CKD vs normal,targeted_SubclassLevel1_PEC_ckd_vs_normal,C5,terminal,4.503112893677587e-05,0.9996369134969386,False,True
PEC,PEC,ckd_vs_normal,CKD vs normal,targeted_SubclassLevel1_PEC_ckd_vs_normal,C5AR1,receptor,-0.0015920530902753,,False,True
PEC,PEC,ckd_vs_normal,CKD vs normal,targeted_SubclassLevel1_PEC_ckd_vs_normal,C5AR2,receptor,-0.0051983367606179,,False,True
PEC,PEC,ckd_vs_normal,CKD vs normal,targeted_SubclassLevel1_PEC_ckd_vs_normal,C6,terminal,-0.0688984116386241,,False,True
PEC,PEC,ckd_vs_normal,CKD vs normal,targeted_SubclassLevel1_PEC_ckd_vs_normal,C7,terminal,0.005127558300997,0.9514027552545424,False,True
PEC,PEC,ckd_vs_normal,CKD vs normal,targeted_SubclassLevel1_PEC_ckd_vs_normal,C8A,terminal,,,False,False
PEC,PEC,ckd_vs_normal,CKD vs normal,targeted_SubclassLevel1_PEC_ckd_vs_normal,C8B,terminal,,,False,False
PEC,PEC,ckd_vs_normal,CKD vs normal,targeted_SubclassLevel1_PEC_ckd_vs_normal,C8G,terminal,,,False,False
PEC,PEC,ckd_vs_normal,CKD vs normal,targeted_SubclassLevel1_PEC_ckd_vs_normal,C9,terminal,0.0120141096524104,,False,True
PEC,PEC,ckd_vs_normal,CKD vs normal,targeted_SubclassLevel1_PEC_ckd_vs_normal,CD46,regulator,0.0200381635469096,0.934400263824616,False,True
PEC,PEC,ckd_vs_normal,CKD vs normal,targeted_SubclassLevel1_PEC_ckd_vs_normal,CD55,regulator,-0.0494058475299035,0.6468027449002651,False,True
PEC,PEC,ckd_vs_normal,CKD vs normal,targeted_SubclassLevel1_PEC_ckd_vs_normal,CD59,regulator,-0.013497139233448,0.9421516263660116,False,True
PEC,PEC,ckd_vs_normal,CKD vs normal,targeted_SubclassLevel1_PEC_ckd_vs_normal,CFB,alternative,-0.0045404849369733,,False,True
PEC,PEC,ckd_vs_normal,CKD vs normal,targeted_SubclassLevel1_PEC_ckd_vs_normal,CFD,alternative,0.0155652536445802,,False,True
PEC,PEC,ckd_vs_normal,CKD vs normal,targeted_SubclassLevel1_PEC_ckd_vs_normal,CFH,regulator,-0.0278053239954156,0.8973804031625852,False,True
PEC,PEC,ckd_vs_normal,CKD vs normal,targeted_SubclassLevel1_PEC_ckd_vs_normal,CFHR1,regulator,,,False,False
PEC,PEC,ckd_vs_normal,CKD vs normal,targeted_SubclassLevel1_PEC_ckd_vs_normal,CFHR2,regulator,,,False,False
PEC,PEC,ckd_vs_normal,CKD vs normal,targeted_SubclassLevel1_PEC_ckd_vs_normal,CFHR3,regulator,0.0602968238853802,,False,True
PEC,PEC,ckd_vs_normal,CKD vs normal,targeted_SubclassLevel1_PEC_ckd_vs_normal,CFHR4,regulator,,,False,False
PEC,PEC,ckd_vs_normal,CKD vs normal,targeted_SubclassLevel1_PEC_ckd_vs_normal,CFHR5,regulator,,,False,False
PEC,PEC,ckd_vs_normal,CKD vs normal,targeted_SubclassLevel1_PEC_ckd_vs_normal,CFI,regulator,0.0352771148688711,0.8598178267832384,False,True
PEC,PEC,ckd_vs_normal,CKD vs normal,targeted_SubclassLevel1_PEC_ckd_vs_normal,CFP,alternative,,,False,False
PEC,PEC,ckd_vs_normal,CKD vs normal,targeted_SubclassLevel1_PEC_ckd_vs_normal,CR1,receptor,0.0125865506579851,,False,True
PEC,PEC,ckd_vs_normal,CKD vs normal,targeted_SubclassLevel1_PEC_ckd_vs_normal,CR2,receptor,-0.0130945050263016,,False,True
PEC,PEC,ckd_vs_normal,CKD vs normal,targeted_SubclassLevel1_PEC_ckd_vs_normal,FCN1,lectin,,,False,False
PEC,PEC,ckd_vs_normal,CKD vs normal,targeted_SubclassLevel1_PEC_ckd_vs_normal,FCN2,lectin,,,False,False
PEC,PEC,ckd_vs_normal,CKD vs normal,targeted_SubclassLevel1_PEC_ckd_vs_normal,FCN3,lectin,-0.0136457631350437,,False,True
PEC,PEC,ckd_vs_normal,CKD vs normal,targeted_SubclassLevel1_PEC_ckd_vs_normal,ITGAM,receptor,0.013665952978752,,False,True
PEC,PEC,ckd_vs_normal,CKD vs normal,targeted_SubclassLevel1_PEC_ckd_vs_normal,ITGAX,receptor,0.0113466088795141,,False,True
PEC,PEC,ckd_vs_normal,CKD vs normal,targeted_SubclassLevel1_PEC_ckd_vs_normal,MASP1,lectin,0.0399101145482864,,False,True
PEC,PEC,ckd_vs_normal,CKD vs normal,targeted_SubclassLevel1_PEC_ckd_vs_normal,MASP2,lectin,-0.0021461818498281,,False,True
PEC,PEC,ckd_vs_normal,CKD vs normal,targeted_SubclassLevel1_PEC_ckd_vs_normal,MBL2,lectin,,,False,False
PEC,PEC,ckd_vs_normal,CKD vs normal,targeted_SubclassLevel1_PEC_ckd_vs_normal,SERPING1,regulator,-0.0071168186657716,0.9617455850869254,False,True
PEC,PEC,ckd_vs_normal,CKD vs normal,targeted_SubclassLevel1_PEC_ckd_vs_normal,VSIG4,receptor,0.0030199612161756,,False,True
PEC,PEC,aki_vs_normal,AKI vs normal,targeted_SubclassLevel1_PEC_aki_vs_normal,C1QA,classical,0.1746663345967141,,False,True
PEC,PEC,aki_vs_normal,AKI vs normal,targeted_SubclassLevel1_PEC_aki_vs_normal,C1QB,classical,0.1179682692682073,,False,True
PEC,PEC,aki_vs_normal,AKI vs normal,targeted_SubclassLevel1_PEC_aki_vs_normal,C1QC,classical,0.1089339324414757,,False,True
PEC,PEC,aki_vs_normal,AKI vs normal,targeted_SubclassLevel1_PEC_aki_vs_normal,C1R,classical,1.742535001400738,0.0001415898157341,True,True
PEC,PEC,aki_vs_normal,AKI vs normal,targeted_SubclassLevel1_PEC_aki_vs_normal,C1S,classical,1.1248247670608382,0.0003248467614471,True,True
PEC,PEC,aki_vs_normal,AKI vs normal,targeted_SubclassLevel1_PEC_aki_vs_normal,C2,classical,0.1183817083484475,0.5546172587493774,False,True
PEC,PEC,aki_vs_normal,AKI vs normal,targeted_SubclassLevel1_PEC_aki_vs_normal,C3,alternative,1.8007511070075617,0.0121519183944673,True,True
PEC,PEC,aki_vs_normal,AKI vs normal,targeted_SubclassLevel1_PEC_aki_vs_normal,C3AR1,receptor,0.0156691067347819,,False,True
PEC,PEC,aki_vs_normal,AKI vs normal,targeted_SubclassLevel1_PEC_aki_vs_normal,C4A,classical,-0.0173023850793575,,False,True
PEC,PEC,aki_vs_normal,AKI vs normal,targeted_SubclassLevel1_PEC_aki_vs_normal,C4B,classical,,,False,False
PEC,PEC,aki_vs_normal,AKI vs normal,targeted_SubclassLevel1_PEC_aki_vs_normal,C4BPA,classical,-0.0353238152220687,,False,True
PEC,PEC,aki_vs_normal,AKI vs normal,targeted_SubclassLevel1_PEC_aki_vs_normal,C4BPB,classical,,,False,False
PEC,PEC,aki_vs_normal,AKI vs normal,targeted_SubclassLevel1_PEC_aki_vs_normal,C5,terminal,0.21909742275277,0.3365478463082343,False,True
PEC,PEC,aki_vs_normal,AKI vs normal,targeted_SubclassLevel1_PEC_aki_vs_normal,C5AR1,receptor,0.0150312136187758,0.9404627619332796,False,True
PEC,PEC,aki_vs_normal,AKI vs normal,targeted_SubclassLevel1_PEC_aki_vs_normal,C5AR2,receptor,0.0131170360744546,,False,True
PEC,PEC,aki_vs_normal,AKI vs normal,targeted_SubclassLevel1_PEC_aki_vs_normal,C6,terminal,-0.1876763581121893,0.2369336129332387,False,True
PEC,PEC,aki_vs_normal,AKI vs normal,targeted_SubclassLevel1_PEC_aki_vs_normal,C7,terminal,0.0101331149018369,0.9516630856765064,False,True
PEC,PEC,aki_vs_normal,AKI vs normal,targeted_SubclassLevel1_PEC_aki_vs_normal,C8A,terminal,,,False,False
PEC,PEC,aki_vs_normal,AKI vs normal,targeted_SubclassLevel1_PEC_aki_vs_normal,C8B,terminal,,,False,False
PEC,PEC,aki_vs_normal,AKI vs normal,targeted_SubclassLevel1_PEC_aki_vs_normal,C8G,terminal,,,False,False
PEC,PEC,aki_vs_normal,AKI vs normal,targeted_SubclassLevel1_PEC_aki_vs_normal,C9,terminal,0.1386583711109608,0.391490433348626,False,True
PEC,PEC,aki_vs_normal,AKI vs normal,targeted_SubclassLevel1_PEC_aki_vs_normal,CD46,regulator,-0.0351650036169534,0.9045487428141724,False,True
PEC,PEC,aki_vs_normal,AKI vs normal,targeted_SubclassLevel1_PEC_aki_vs_normal,CD55,regulator,-0.4527791234436703,0.1486382347642516,False,True
PEC,PEC,aki_vs_normal,AKI vs normal,targeted_SubclassLevel1_PEC_aki_vs_normal,CD59,regulator,0.2273640059156605,0.353182062561641,False,True
PEC,PEC,aki_vs_normal,AKI vs normal,targeted_SubclassLevel1_PEC_aki_vs_normal,CFB,alternative,1.3050754918602947,0.01353471825449,True,True
PEC,PEC,aki_vs_normal,AKI vs normal,targeted_SubclassLevel1_PEC_aki_vs_normal,CFD,alternative,0.2054961270948865,,False,True
PEC,PEC,aki_vs_normal,AKI vs normal,targeted_SubclassLevel1_PEC_aki_vs_normal,CFH,regulator,0.1859310893222309,0.4149272680498561,False,True
PEC,PEC,aki_vs_normal,AKI vs normal,targeted_SubclassLevel1_PEC_aki_vs_normal,CFHR1,regulator,,,False,False
PEC,PEC,aki_vs_normal,AKI vs normal,targeted_SubclassLevel1_PEC_aki_vs_normal,CFHR2,regulator,,,False,False
PEC,PEC,aki_vs_normal,AKI vs normal,targeted_SubclassLevel1_PEC_aki_vs_normal,CFHR3,regulator,0.0234728897492831,,False,True
PEC,PEC,aki_vs_normal,AKI vs normal,targeted_SubclassLevel1_PEC_aki_vs_normal,CFHR4,regulator,,,False,False
PEC,PEC,aki_vs_normal,AKI vs normal,targeted_SubclassLevel1_PEC_aki_vs_normal,CFHR5,regulator,,,False,False
PEC,PEC,aki_vs_normal,AKI vs normal,targeted_SubclassLevel1_PEC_aki_vs_normal,CFI,regulator,0.7443533958959783,0.0147210147511372,True,True
PEC,PEC,aki_vs_normal,AKI vs normal,targeted_SubclassLevel1_PEC_aki_vs_normal,CFP,alternative,,,False,False
PEC,PEC,aki_vs_normal,AKI vs normal,targeted_SubclassLevel1_PEC_aki_vs_normal,CR1,receptor,0.0401167778251223,0.692099474335941,False,True
PEC,PEC,aki_vs_normal,AKI vs normal,targeted_SubclassLevel1_PEC_aki_vs_normal,CR2,receptor,-0.0178953778295125,,False,True
PEC,PEC,aki_vs_normal,AKI vs normal,targeted_SubclassLevel1_PEC_aki_vs_normal,FCN1,lectin,,,False,False
PEC,PEC,aki_vs_normal,AKI vs normal,targeted_SubclassLevel1_PEC_aki_vs_normal,FCN2,lectin,,,False,False
PEC,PEC,aki_vs_normal,AKI vs normal,targeted_SubclassLevel1_PEC_aki_vs_normal,FCN3,lectin,-0.0610627602420223,,False,True
PEC,PEC,aki_vs_normal,AKI vs normal,targeted_SubclassLevel1_PEC_aki_vs_normal,ITGAM,receptor,0.0060959343237245,,False,True
PEC,PEC,aki_vs_normal,AKI vs normal,targeted_SubclassLevel1_PEC_aki_vs_normal,ITGAX,receptor,0.0892701835972799,,False,True
PEC,PEC,aki_vs_normal,AKI vs normal,targeted_SubclassLevel1_PEC_aki_vs_normal,MASP1,lectin,-0.1949472326670085,0.3194788439180341,False,True
PEC,PEC,aki_vs_normal,AKI vs normal,targeted_SubclassLevel1_PEC_aki_vs_normal,MASP2,lectin,-0.0056942783771082,,False,True
PEC,PEC,aki_vs_normal,AKI vs normal,targeted_SubclassLevel1_PEC_aki_vs_normal,MBL2,lectin,,,False,False
PEC,PEC,aki_vs_normal,AKI vs normal,targeted_SubclassLevel1_PEC_aki_vs_normal,SERPING1,regulator,0.9455074175138772,0.0270810519632932,True,True
PEC,PEC,aki_vs_normal,AKI vs normal,targeted_SubclassLevel1_PEC_aki_vs_normal,VSIG4,receptor,0.016526008524416,,False,True
PEC,PEC,aki_vs_ckd,AKI vs CKD,targeted_SubclassLevel1_PEC_aki_vs_ckd,C1QA,classical,0.0058359782688723,,False,True
PEC,PEC,aki_vs_ckd,AKI vs CKD,targeted_SubclassLevel1_PEC_aki_vs_ckd,C1QB,classical,0.0155337752092784,,False,True
PEC,PEC,aki_vs_ckd,AKI vs CKD,targeted_SubclassLevel1_PEC_aki_vs_ckd,C1QC,classical,-0.0022914031888588,,False,True
PEC,PEC,aki_vs_ckd,AKI vs CKD,targeted_SubclassLevel1_PEC_aki_vs_ckd,C1R,classical,0.0655717323819383,,False,True
PEC,PEC,aki_vs_ckd,AKI vs CKD,targeted_SubclassLevel1_PEC_aki_vs_ckd,C1S,classical,0.2161131779179018,,False,True
PEC,PEC,aki_vs_ckd,AKI vs CKD,targeted_SubclassLevel1_PEC_aki_vs_ckd,C2,classical,-0.0369421555819614,,False,True
PEC,PEC,aki_vs_ckd,AKI vs CKD,targeted_SubclassLevel1_PEC_aki_vs_ckd,C3,alternative,0.0874290248941306,0.1411944624946779,False,True
PEC,PEC,aki_vs_ckd,AKI vs CKD,targeted_SubclassLevel1_PEC_aki_vs_ckd,C3AR1,receptor,,,False,False
PEC,PEC,aki_vs_ckd,AKI vs CKD,targeted_SubclassLevel1_PEC_aki_vs_ckd,C4A,classical,,,False,False
PEC,PEC,aki_vs_ckd,AKI vs CKD,targeted_SubclassLevel1_PEC_aki_vs_ckd,C4B,classical,,,False,False
PEC,PEC,aki_vs_ckd,AKI vs CKD,targeted_SubclassLevel1_PEC_aki_vs_ckd,C4BPA,classical,-0.0162371826419317,,False,True
PEC,PEC,aki_vs_ckd,AKI vs CKD,targeted_SubclassLevel1_PEC_aki_vs_ckd,C4BPB,classical,,,False,False
PEC,PEC,aki_vs_ckd,AKI vs CKD,targeted_SubclassLevel1_PEC_aki_vs_ckd,C5,terminal,-0.0405506695608826,,False,True
PEC,PEC,aki_vs_ckd,AKI vs CKD,targeted_SubclassLevel1_PEC_aki_vs_ckd,C5AR1,receptor,0.0641736703712449,,False,True
PEC,PEC,aki_vs_ckd,AKI vs CKD,targeted_SubclassLevel1_PEC_aki_vs_ckd,C5AR2,receptor,,,False,False
PEC,PEC,aki_vs_ckd,AKI vs CKD,targeted_SubclassLevel1_PEC_aki_vs_ckd,C6,terminal,0.0043413554279886,,False,True
PEC,PEC,aki_vs_ckd,AKI vs CKD,targeted_SubclassLevel1_PEC_aki_vs_ckd,C7,terminal,-0.0112705508803779,0.6959686401680412,False,True
PEC,PEC,aki_vs_ckd,AKI vs CKD,targeted_SubclassLevel1_PEC_aki_vs_ckd,C8A,terminal,,,False,False
PEC,PEC,aki_vs_ckd,AKI vs CKD,targeted_SubclassLevel1_PEC_aki_vs_ckd,C8B,terminal,,,False,False
PEC,PEC,aki_vs_ckd,AKI vs CKD,targeted_SubclassLevel1_PEC_aki_vs_ckd,C8G,terminal,,,False,False
PEC,PEC,aki_vs_ckd,AKI vs CKD,targeted_SubclassLevel1_PEC_aki_vs_ckd,C9,terminal,-0.0010869444291027,,False,True
PEC,PEC,aki_vs_ckd,AKI vs CKD,targeted_SubclassLevel1_PEC_aki_vs_ckd,CD46,regulator,-0.1051912487337984,0.4182522692985442,False,True
PEC,PEC,aki_vs_ckd,AKI vs CKD,targeted_SubclassLevel1_PEC_aki_vs_ckd,CD55,regulator,0.0136108533382492,,False,True
PEC,PEC,aki_vs_ckd,AKI vs CKD,targeted_SubclassLevel1_PEC_aki_vs_ckd,CD59,regulator,-0.0018216431831529,0.9898123407727134,False,True
PEC,PEC,aki_vs_ckd,AKI vs CKD,targeted_SubclassLevel1_PEC_aki_vs_ckd,CFB,alternative,0.0450330423173636,,False,True
PEC,PEC,aki_vs_ckd,AKI vs CKD,targeted_SubclassLevel1_PEC_aki_vs_ckd,CFD,alternative,0.0024773520600931,,False,True
PEC,PEC,aki_vs_ckd,AKI vs CKD,targeted_SubclassLevel1_PEC_aki_vs_ckd,CFH,regulator,-0.1436530831558022,0.2871078967039737,False,True
PEC,PEC,aki_vs_ckd,AKI vs CKD,targeted_SubclassLevel1_PEC_aki_vs_ckd,CFHR1,regulator,,,False,False
PEC,PEC,aki_vs_ckd,AKI vs CKD,targeted_SubclassLevel1_PEC_aki_vs_ckd,CFHR2,regulator,,,False,False
PEC,PEC,aki_vs_ckd,AKI vs CKD,targeted_SubclassLevel1_PEC_aki_vs_ckd,CFHR3,regulator,-0.0166697478508732,,False,True
PEC,PEC,aki_vs_ckd,AKI vs CKD,targeted_SubclassLevel1_PEC_aki_vs_ckd,CFHR4,regulator,,,False,False
PEC,PEC,aki_vs_ckd,AKI vs CKD,targeted_SubclassLevel1_PEC_aki_vs_ckd,CFHR5,regulator,,,False,False
PEC,PEC,aki_vs_ckd,AKI vs CKD,targeted_SubclassLevel1_PEC_aki_vs_ckd,CFI,regulator,0.0270736619280732,0.8201720226161539,False,True
PEC,PEC,aki_vs_ckd,AKI vs CKD,targeted_SubclassLevel1_PEC_aki_vs_ckd,CFP,alternative,,,False,False
PEC,PEC,aki_vs_ckd,AKI vs CKD,targeted_SubclassLevel1_PEC_aki_vs_ckd,CR1,receptor,-0.0217615920504949,,False,True
PEC,PEC,aki_vs_ckd,AKI vs CKD,targeted_SubclassLevel1_PEC_aki_vs_ckd,CR2,receptor,-0.007693490102987,,False,True
PEC,PEC,aki_vs_ckd,AKI vs CKD,targeted_SubclassLevel1_PEC_aki_vs_ckd,FCN1,lectin,,,False,False
PEC,PEC,aki_vs_ckd,AKI vs CKD,targeted_SubclassLevel1_PEC_aki_vs_ckd,FCN2,lectin,,,False,False
PEC,PEC,aki_vs_ckd,AKI vs CKD,targeted_SubclassLevel1_PEC_aki_vs_ckd,FCN3,lectin,,,False,False
PEC,PEC,aki_vs_ckd,AKI vs CKD,targeted_SubclassLevel1_PEC_aki_vs_ckd,ITGAM,receptor,0.0054620022198183,,False,True
PEC,PEC,aki_vs_ckd,AKI vs CKD,targeted_SubclassLevel1_PEC_aki_vs_ckd,ITGAX,receptor,0.0443158723531917,,False,True
PEC,PEC,aki_vs_ckd,AKI vs CKD,targeted_SubclassLevel1_PEC_aki_vs_ckd,MASP1,lectin,-0.081924660529641,,False,True
PEC,PEC,aki_vs_ckd,AKI vs CKD,targeted_SubclassLevel1_PEC_aki_vs_ckd,MASP2,lectin,,,False,False
PEC,PEC,aki_vs_ckd,AKI vs CKD,targeted_SubclassLevel1_PEC_aki_vs_ckd,MBL2,lectin,,,False,False
PEC,PEC,aki_vs_ckd,AKI vs CKD,targeted_SubclassLevel1_PEC_aki_vs_ckd,SERPING1,regulator,0.0166414861218906,0.8288313962899342,False,True
PEC,PEC,aki_vs_ckd,AKI vs CKD,targeted_SubclassLevel1_PEC_aki_vs_ckd,VSIG4,receptor,,,False,False
POD,POD,ckd_vs_normal,CKD vs normal,targeted_SubclassLevel1_POD_ckd_vs_normal,C1QA,classical,0.001366950430037,0.9999496310123046,False,True
POD,POD,ckd_vs_normal,CKD vs normal,targeted_SubclassLevel1_POD_ckd_vs_normal,C1QB,classical,0.000614200992952,0.9999496310123046,False,True
POD,POD,ckd_vs_normal,CKD vs normal,targeted_SubclassLevel1_POD_ckd_vs_normal,C1QC,classical,0.0003090821159503,0.9999496310123046,False,True
POD,POD,ckd_vs_normal,CKD vs normal,targeted_SubclassLevel1_POD_ckd_vs_normal,C1R,classical,-0.0057466541416106,0.9999496310123046,False,True
POD,POD,ckd_vs_normal,CKD vs normal,targeted_SubclassLevel1_POD_ckd_vs_normal,C1S,classical,-0.0086363006035849,0.9999496310123046,False,True
POD,POD,ckd_vs_normal,CKD vs normal,targeted_SubclassLevel1_POD_ckd_vs_normal,C2,classical,-0.0022602324750654,0.9999496310123046,False,True
POD,POD,ckd_vs_normal,CKD vs normal,targeted_SubclassLevel1_POD_ckd_vs_normal,C3,alternative,-0.0030496441206674,0.9999496310123046,False,True
POD,POD,ckd_vs_normal,CKD vs normal,targeted_SubclassLevel1_POD_ckd_vs_normal,C3AR1,receptor,-0.0002511435641179,0.9999496310123046,False,True
POD,POD,ckd_vs_normal,CKD vs normal,targeted_SubclassLevel1_POD_ckd_vs_normal,C4A,classical,,,False,False
POD,POD,ckd_vs_normal,CKD vs normal,targeted_SubclassLevel1_POD_ckd_vs_normal,C4B,classical,,,False,False
POD,POD,ckd_vs_normal,CKD vs normal,targeted_SubclassLevel1_POD_ckd_vs_normal,C4BPA,classical,-0.0010620498568347,0.9999496310123046,False,True
POD,POD,ckd_vs_normal,CKD vs normal,targeted_SubclassLevel1_POD_ckd_vs_normal,C4BPB,classical,,,False,False
POD,POD,ckd_vs_normal,CKD vs normal,targeted_SubclassLevel1_POD_ckd_vs_normal,C5,terminal,-0.0034061923566803,0.9999496310123046,False,True
POD,POD,ckd_vs_normal,CKD vs normal,targeted_SubclassLevel1_POD_ckd_vs_normal,C5AR1,receptor,0.0006835380514119,0.9999496310123046,False,True
POD,POD,ckd_vs_normal,CKD vs normal,targeted_SubclassLevel1_POD_ckd_vs_normal,C5AR2,receptor,0.0029907495654641,0.9999496310123046,False,True
POD,POD,ckd_vs_normal,CKD vs normal,targeted_SubclassLevel1_POD_ckd_vs_normal,C6,terminal,-0.0024249410733576,0.9999496310123046,False,True
POD,POD,ckd_vs_normal,CKD vs normal,targeted_SubclassLevel1_POD_ckd_vs_normal,C7,terminal,0.0011741182120702,0.9999496310123046,False,True
POD,POD,ckd_vs_normal,CKD vs normal,targeted_SubclassLevel1_POD_ckd_vs_normal,C8A,terminal,,,False,False
POD,POD,ckd_vs_normal,CKD vs normal,targeted_SubclassLevel1_POD_ckd_vs_normal,C8B,terminal,,,False,False
POD,POD,ckd_vs_normal,CKD vs normal,targeted_SubclassLevel1_POD_ckd_vs_normal,C8G,terminal,,,False,False
POD,POD,ckd_vs_normal,CKD vs normal,targeted_SubclassLevel1_POD_ckd_vs_normal,C9,terminal,0.0052021841419096,0.9999496310123046,False,True
POD,POD,ckd_vs_normal,CKD vs normal,targeted_SubclassLevel1_POD_ckd_vs_normal,CD46,regulator,-0.0098514492055562,0.9999496310123046,False,True
POD,POD,ckd_vs_normal,CKD vs normal,targeted_SubclassLevel1_POD_ckd_vs_normal,CD55,regulator,-0.0097589796214525,0.9999496310123046,False,True
POD,POD,ckd_vs_normal,CKD vs normal,targeted_SubclassLevel1_POD_ckd_vs_normal,CD59,regulator,-0.0088581147676014,0.9999496310123046,False,True
POD,POD,ckd_vs_normal,CKD vs normal,targeted_SubclassLevel1_POD_ckd_vs_normal,CFB,alternative,-0.0021290092165351,0.9999496310123046,False,True
POD,POD,ckd_vs_normal,CKD vs normal,targeted_SubclassLevel1_POD_ckd_vs_normal,CFD,alternative,0.0010968753469578,0.9999496310123046,False,True
POD,POD,ckd_vs_normal,CKD vs normal,targeted_SubclassLevel1_POD_ckd_vs_normal,CFH,regulator,0.0043038558297342,0.9999496310123046,False,True
POD,POD,ckd_vs_normal,CKD vs normal,targeted_SubclassLevel1_POD_ckd_vs_normal,CFHR1,regulator,0.0004096166546335,0.9999496310123046,False,True
POD,POD,ckd_vs_normal,CKD vs normal,targeted_SubclassLevel1_POD_ckd_vs_normal,CFHR2,regulator,,,False,False
POD,POD,ckd_vs_normal,CKD vs normal,targeted_SubclassLevel1_POD_ckd_vs_normal,CFHR3,regulator,0.0005633069568178,0.9999496310123046,False,True
POD,POD,ckd_vs_normal,CKD vs normal,targeted_SubclassLevel1_POD_ckd_vs_normal,CFHR4,regulator,,,False,False
POD,POD,ckd_vs_normal,CKD vs normal,targeted_SubclassLevel1_POD_ckd_vs_normal,CFHR5,regulator,,,False,False
POD,POD,ckd_vs_normal,CKD vs normal,targeted_SubclassLevel1_POD_ckd_vs_normal,CFI,regulator,-0.0001766945957404,0.9999496310123046,False,True
POD,POD,ckd_vs_normal,CKD vs normal,targeted_SubclassLevel1_POD_ckd_vs_normal,CFP,alternative,-0.0027209346111754,0.9999496310123046,False,True
POD,POD,ckd_vs_normal,CKD vs normal,targeted_SubclassLevel1_POD_ckd_vs_normal,CR1,receptor,0.0072352450845415,0.9999496310123046,False,True
POD,POD,ckd_vs_normal,CKD vs normal,targeted_SubclassLevel1_POD_ckd_vs_normal,CR2,receptor,-0.0073668113163873,0.9999496310123046,False,True
POD,POD,ckd_vs_normal,CKD vs normal,targeted_SubclassLevel1_POD_ckd_vs_normal,FCN1,lectin,0.0018328096143566,0.9999496310123046,False,True
POD,POD,ckd_vs_normal,CKD vs normal,targeted_SubclassLevel1_POD_ckd_vs_normal,FCN2,lectin,,,False,False
POD,POD,ckd_vs_normal,CKD vs normal,targeted_SubclassLevel1_POD_ckd_vs_normal,FCN3,lectin,0.0001734471949333,0.9999496310123046,False,True
POD,POD,ckd_vs_normal,CKD vs normal,targeted_SubclassLevel1_POD_ckd_vs_normal,ITGAM,receptor,0.0013320447591349,0.9999496310123046,False,True
POD,POD,ckd_vs_normal,CKD vs normal,targeted_SubclassLevel1_POD_ckd_vs_normal,ITGAX,receptor,0.0008703423211747,0.9999496310123046,False,True
POD,POD,ckd_vs_normal,CKD vs normal,targeted_SubclassLevel1_POD_ckd_vs_normal,MASP1,lectin,-0.0027047407794936,0.9999496310123046,False,True
POD,POD,ckd_vs_normal,CKD vs normal,targeted_SubclassLevel1_POD_ckd_vs_normal,MASP2,lectin,0.0009805448116583,0.9999496310123046,False,True
POD,POD,ckd_vs_normal,CKD vs normal,targeted_SubclassLevel1_POD_ckd_vs_normal,MBL2,lectin,,,False,False
POD,POD,ckd_vs_normal,CKD vs normal,targeted_SubclassLevel1_POD_ckd_vs_normal,SERPING1,regulator,0.0016386937110909,0.9999496310123046,False,True
POD,POD,ckd_vs_normal,CKD vs normal,targeted_SubclassLevel1_POD_ckd_vs_normal,VSIG4,receptor,0.0008117736594772,0.9999496310123046,False,True
POD,POD,aki_vs_normal,AKI vs normal,targeted_SubclassLevel1_POD_aki_vs_normal,C1QA,classical,0.0088839843095927,,False,True
POD,POD,aki_vs_normal,AKI vs normal,targeted_SubclassLevel1_POD_aki_vs_normal,C1QB,classical,0.0085699187993726,,False,True
POD,POD,aki_vs_normal,AKI vs normal,targeted_SubclassLevel1_POD_aki_vs_normal,C1QC,classical,0.0063059974155594,,False,True
POD,POD,aki_vs_normal,AKI vs normal,targeted_SubclassLevel1_POD_aki_vs_normal,C1R,classical,0.0090996427055695,0.9059210522902534,False,True
POD,POD,aki_vs_normal,AKI vs normal,targeted_SubclassLevel1_POD_aki_vs_normal,C1S,classical,0.0635128727704553,0.5703311461548022,False,True
POD,POD,aki_vs_normal,AKI vs normal,targeted_SubclassLevel1_POD_aki_vs_normal,C2,classical,-0.0059573040613948,,False,True
POD,POD,aki_vs_normal,AKI vs normal,targeted_SubclassLevel1_POD_aki_vs_normal,C3,alternative,0.0132882977702225,,False,True
POD,POD,aki_vs_normal,AKI vs normal,targeted_SubclassLevel1_POD_aki_vs_normal,C3AR1,receptor,0.0066379178075354,,False,True
POD,POD,aki_vs_normal,AKI vs normal,targeted_SubclassLevel1_POD_aki_vs_normal,C4A,classical,,,False,False
POD,POD,aki_vs_normal,AKI vs normal,targeted_SubclassLevel1_POD_aki_vs_normal,C4B,classical,,,False,False
POD,POD,aki_vs_normal,AKI vs normal,targeted_SubclassLevel1_POD_aki_vs_normal,C4BPA,classical,-0.0020538974198637,,False,True
POD,POD,aki_vs_normal,AKI vs normal,targeted_SubclassLevel1_POD_aki_vs_normal,C4BPB,classical,,,False,False
POD,POD,aki_vs_normal,AKI vs normal,targeted_SubclassLevel1_POD_aki_vs_normal,C5,terminal,-0.0023627278932026,0.9938063465797748,False,True
POD,POD,aki_vs_normal,AKI vs normal,targeted_SubclassLevel1_POD_aki_vs_normal,C5AR1,receptor,0.0048915768914775,,False,True
POD,POD,aki_vs_normal,AKI vs normal,targeted_SubclassLevel1_POD_aki_vs_normal,C5AR2,receptor,0.0058211572823441,,False,True
POD,POD,aki_vs_normal,AKI vs normal,targeted_SubclassLevel1_POD_aki_vs_normal,C6,terminal,-0.0313156766539403,,False,True
POD,POD,aki_vs_normal,AKI vs normal,targeted_SubclassLevel1_POD_aki_vs_normal,C7,terminal,0.0002264653614244,0.9977013129242128,False,True
POD,POD,aki_vs_normal,AKI vs normal,targeted_SubclassLevel1_POD_aki_vs_normal,C8A,terminal,,,False,False
POD,POD,aki_vs_normal,AKI vs normal,targeted_SubclassLevel1_POD_aki_vs_normal,C8B,terminal,,,False,False
POD,POD,aki_vs_normal,AKI vs normal,targeted_SubclassLevel1_POD_aki_vs_normal,C8G,terminal,,,False,False
POD,POD,aki_vs_normal,AKI vs normal,targeted_SubclassLevel1_POD_aki_vs_normal,C9,terminal,-0.0288187261474768,,False,True
POD,POD,aki_vs_normal,AKI vs normal,targeted_SubclassLevel1_POD_aki_vs_normal,CD46,regulator,0.0012191343694183,0.99698859124854,False,True
POD,POD,aki_vs_normal,AKI vs normal,targeted_SubclassLevel1_POD_aki_vs_normal,CD55,regulator,-0.0141843620932326,0.9207821781361074,False,True
POD,POD,aki_vs_normal,AKI vs normal,targeted_SubclassLevel1_POD_aki_vs_normal,CD59,regulator,0.0112946646572215,0.9059210522902534,False,True
POD,POD,aki_vs_normal,AKI vs normal,targeted_SubclassLevel1_POD_aki_vs_normal,CFB,alternative,0.0266893391410977,,False,True
POD,POD,aki_vs_normal,AKI vs normal,targeted_SubclassLevel1_POD_aki_vs_normal,CFD,alternative,0.0126468690326438,,False,True
POD,POD,aki_vs_normal,AKI vs normal,targeted_SubclassLevel1_POD_aki_vs_normal,CFH,regulator,0.0187428587135772,0.8308454716559198,False,True
POD,POD,aki_vs_normal,AKI vs normal,targeted_SubclassLevel1_POD_aki_vs_normal,CFHR1,regulator,,,False,False
POD,POD,aki_vs_normal,AKI vs normal,targeted_SubclassLevel1_POD_aki_vs_normal,CFHR2,regulator,,,False,False
POD,POD,aki_vs_normal,AKI vs normal,targeted_SubclassLevel1_POD_aki_vs_normal,CFHR3,regulator,,,False,False
POD,POD,aki_vs_normal,AKI vs normal,targeted_SubclassLevel1_POD_aki_vs_normal,CFHR4,regulator,,,False,False
POD,POD,aki_vs_normal,AKI vs normal,targeted_SubclassLevel1_POD_aki_vs_normal,CFHR5,regulator,,,False,False
POD,POD,aki_vs_normal,AKI vs normal,targeted_SubclassLevel1_POD_aki_vs_normal,CFI,regulator,0.0183396675635212,0.6862087889884148,False,True
POD,POD,aki_vs_normal,AKI vs normal,targeted_SubclassLevel1_POD_aki_vs_normal,CFP,alternative,-0.0029877828187609,,False,True
POD,POD,aki_vs_normal,AKI vs normal,targeted_SubclassLevel1_POD_aki_vs_normal,CR1,receptor,-0.0118400891889101,0.9450461457973404,False,True
POD,POD,aki_vs_normal,AKI vs normal,targeted_SubclassLevel1_POD_aki_vs_normal,CR2,receptor,-0.0159166059258527,,False,True
POD,POD,aki_vs_normal,AKI vs normal,targeted_SubclassLevel1_POD_aki_vs_normal,FCN1,lectin,0.0043169521279311,,False,True
POD,POD,aki_vs_normal,AKI vs normal,targeted_SubclassLevel1_POD_aki_vs_normal,FCN2,lectin,,,False,False
POD,POD,aki_vs_normal,AKI vs normal,targeted_SubclassLevel1_POD_aki_vs_normal,FCN3,lectin,0.0045365114154921,,False,True
POD,POD,aki_vs_normal,AKI vs normal,targeted_SubclassLevel1_POD_aki_vs_normal,ITGAM,receptor,-0.001902642144685,,False,True
POD,POD,aki_vs_normal,AKI vs normal,targeted_SubclassLevel1_POD_aki_vs_normal,ITGAX,receptor,0.0026670490952423,,False,True
POD,POD,aki_vs_normal,AKI vs normal,targeted_SubclassLevel1_POD_aki_vs_normal,MASP1,lectin,0.0016617261192634,,False,True
POD,POD,aki_vs_normal,AKI vs normal,targeted_SubclassLevel1_POD_aki_vs_normal,MASP2,lectin,-0.0009604659941271,,False,True
POD,POD,aki_vs_normal,AKI vs normal,targeted_SubclassLevel1_POD_aki_vs_normal,MBL2,lectin,,,False,False
POD,POD,aki_vs_normal,AKI vs normal,targeted_SubclassLevel1_POD_aki_vs_normal,SERPING1,regulator,0.0070706587391061,0.9383383739550684,False,True
POD,POD,aki_vs_normal,AKI vs normal,targeted_SubclassLevel1_POD_aki_vs_normal,VSIG4,receptor,0.0054599080514273,,False,True
POD,POD,aki_vs_ckd,AKI vs CKD,targeted_SubclassLevel1_POD_aki_vs_ckd,C1QA,classical,-1.581415975912971e-07,0.999836900824765,False,True
POD,POD,aki_vs_ckd,AKI vs CKD,targeted_SubclassLevel1_POD_aki_vs_ckd,C1QB,classical,2.694094560308241e-07,0.999836900824765,False,True
POD,POD,aki_vs_ckd,AKI vs CKD,targeted_SubclassLevel1_POD_aki_vs_ckd,C1QC,classical,1.7772913522765964e-07,0.999836900824765,False,True
POD,POD,aki_vs_ckd,AKI vs CKD,targeted_SubclassLevel1_POD_aki_vs_ckd,C1R,classical,1.7499435051768458e-06,0.999836900824765,False,True
POD,POD,aki_vs_ckd,AKI vs CKD,targeted_SubclassLevel1_POD_aki_vs_ckd,C1S,classical,2.42999221905025e-06,0.999836900824765,False,True
POD,POD,aki_vs_ckd,AKI vs CKD,targeted_SubclassLevel1_POD_aki_vs_ckd,C2,classical,-3.244877534139171e-06,0.999836900824765,False,True
POD,POD,aki_vs_ckd,AKI vs CKD,targeted_SubclassLevel1_POD_aki_vs_ckd,C3,alternative,3.031696099968647e-07,0.999836900824765,False,True
POD,POD,aki_vs_ckd,AKI vs CKD,targeted_SubclassLevel1_POD_aki_vs_ckd,C3AR1,receptor,1.5225780349485098e-07,0.999836900824765,False,True
POD,POD,aki_vs_ckd,AKI vs CKD,targeted_SubclassLevel1_POD_aki_vs_ckd,C4A,classical,,,False,False
POD,POD,aki_vs_ckd,AKI vs CKD,targeted_SubclassLevel1_POD_aki_vs_ckd,C4B,classical,,,False,False
POD,POD,aki_vs_ckd,AKI vs CKD,targeted_SubclassLevel1_POD_aki_vs_ckd,C4BPA,classical,,,False,False
POD,POD,aki_vs_ckd,AKI vs CKD,targeted_SubclassLevel1_POD_aki_vs_ckd,C4BPB,classical,,,False,False
POD,POD,aki_vs_ckd,AKI vs CKD,targeted_SubclassLevel1_POD_aki_vs_ckd,C5,terminal,-3.657131892207765e-06,0.999836900824765,False,True
POD,POD,aki_vs_ckd,AKI vs CKD,targeted_SubclassLevel1_POD_aki_vs_ckd,C5AR1,receptor,3.1504063890681646e-08,0.999836900824765,False,True
POD,POD,aki_vs_ckd,AKI vs CKD,targeted_SubclassLevel1_POD_aki_vs_ckd,C5AR2,receptor,-4.020854571509265e-07,0.999836900824765,False,True
POD,POD,aki_vs_ckd,AKI vs CKD,targeted_SubclassLevel1_POD_aki_vs_ckd,C6,terminal,-1.906680920287079e-07,0.999836900824765,False,True
POD,POD,aki_vs_ckd,AKI vs CKD,targeted_SubclassLevel1_POD_aki_vs_ckd,C7,terminal,-1.5982036394029952e-06,0.999836900824765,False,True
POD,POD,aki_vs_ckd,AKI vs CKD,targeted_SubclassLevel1_POD_aki_vs_ckd,C8A,terminal,,,False,False
POD,POD,aki_vs_ckd,AKI vs CKD,targeted_SubclassLevel1_POD_aki_vs_ckd,C8B,terminal,,,False,False
POD,POD,aki_vs_ckd,AKI vs CKD,targeted_SubclassLevel1_POD_aki_vs_ckd,C8G,terminal,,,False,False
POD,POD,aki_vs_ckd,AKI vs CKD,targeted_SubclassLevel1_POD_aki_vs_ckd,C9,terminal,-1.0264278098178857e-06,0.999836900824765,False,True
POD,POD,aki_vs_ckd,AKI vs CKD,targeted_SubclassLevel1_POD_aki_vs_ckd,CD46,regulator,7.02736934431598e-07,0.999836900824765,False,True
POD,POD,aki_vs_ckd,AKI vs CKD,targeted_SubclassLevel1_POD_aki_vs_ckd,CD55,regulator,-6.0830372899667755e-06,0.999836900824765,False,True
POD,POD,aki_vs_ckd,AKI vs CKD,targeted_SubclassLevel1_POD_aki_vs_ckd,CD59,regulator,-3.0263077851296273e-06,0.999836900824765,False,True
POD,POD,aki_vs_ckd,AKI vs CKD,targeted_SubclassLevel1_POD_aki_vs_ckd,CFB,alternative,2.9870158883331804e-06,0.999836900824765,False,True
POD,POD,aki_vs_ckd,AKI vs CKD,targeted_SubclassLevel1_POD_aki_vs_ckd,CFD,alternative,-3.94968576006337e-07,0.999836900824765,False,True
POD,POD,aki_vs_ckd,AKI vs CKD,targeted_SubclassLevel1_POD_aki_vs_ckd,CFH,regulator,4.4979550856819175e-05,0.999836900824765,False,True
POD,POD,aki_vs_ckd,AKI vs CKD,targeted_SubclassLevel1_POD_aki_vs_ckd,CFHR1,regulator,,,False,False
POD,POD,aki_vs_ckd,AKI vs CKD,targeted_SubclassLevel1_POD_aki_vs_ckd,CFHR2,regulator,,,False,False
POD,POD,aki_vs_ckd,AKI vs CKD,targeted_SubclassLevel1_POD_aki_vs_ckd,CFHR3,regulator,,,False,False
POD,POD,aki_vs_ckd,AKI vs CKD,targeted_SubclassLevel1_POD_aki_vs_ckd,CFHR4,regulator,,,False,False
POD,POD,aki_vs_ckd,AKI vs CKD,targeted_SubclassLevel1_POD_aki_vs_ckd,CFHR5,regulator,,,False,False
POD,POD,aki_vs_ckd,AKI vs CKD,targeted_SubclassLevel1_POD_aki_vs_ckd,CFI,regulator,-4.7073745775563215e-06,0.999836900824765,False,True
POD,POD,aki_vs_ckd,AKI vs CKD,targeted_SubclassLevel1_POD_aki_vs_ckd,CFP,alternative,,,False,False
POD,POD,aki_vs_ckd,AKI vs CKD,targeted_SubclassLevel1_POD_aki_vs_ckd,CR1,receptor,1.0755951176264792e-06,0.999836900824765,False,True
POD,POD,aki_vs_ckd,AKI vs CKD,targeted_SubclassLevel1_POD_aki_vs_ckd,CR2,receptor,-7.691753701401904e-07,0.999836900824765,False,True
POD,POD,aki_vs_ckd,AKI vs CKD,targeted_SubclassLevel1_POD_aki_vs_ckd,FCN1,lectin,-9.643326501601552e-07,0.999836900824765,False,True
POD,POD,aki_vs_ckd,AKI vs CKD,targeted_SubclassLevel1_POD_aki_vs_ckd,FCN2,lectin,,,False,False
POD,POD,aki_vs_ckd,AKI vs CKD,targeted_SubclassLevel1_POD_aki_vs_ckd,FCN3,lectin,4.4236841785946546e-08,0.999836900824765,False,True
POD,POD,aki_vs_ckd,AKI vs CKD,targeted_SubclassLevel1_POD_aki_vs_ckd,ITGAM,receptor,-4.47698887776831e-07,0.999836900824765,False,True
POD,POD,aki_vs_ckd,AKI vs CKD,targeted_SubclassLevel1_POD_aki_vs_ckd,ITGAX,receptor,-1.2103216038301569e-06,0.999836900824765,False,True
POD,POD,aki_vs_ckd,AKI vs CKD,targeted_SubclassLevel1_POD_aki_vs_ckd,MASP1,lectin,2.607595622981682e-07,0.999836900824765,False,True
POD,POD,aki_vs_ckd,AKI vs CKD,targeted_SubclassLevel1_POD_aki_vs_ckd,MASP2,lectin,-2.872366215714033e-07,0.999836900824765,False,True
POD,POD,aki_vs_ckd,AKI vs CKD,targeted_SubclassLevel1_POD_aki_vs_ckd,MBL2,lectin,,,False,False
POD,POD,aki_vs_ckd,AKI vs CKD,targeted_SubclassLevel1_POD_aki_vs_ckd,SERPING1,regulator,-2.1179320798030864e-06,0.999836900824765,False,True
POD,POD,aki_vs_ckd,AKI vs CKD,targeted_SubclassLevel1_POD_aki_vs_ckd,VSIG4,receptor,9.991465965384598e-07,0.999836900824765,False,True
PT,PT,ckd_vs_normal,CKD vs normal,targeted_SubclassLevel1_PT_ckd_vs_normal,C1QA,classical,0.005127322144247,0.9420410373504848,False,True
PT,PT,ckd_vs_normal,CKD vs normal,targeted_SubclassLevel1_PT_ckd_vs_normal,C1QB,classical,-0.019534680476809,0.6682074397271375,False,True
PT,PT,ckd_vs_normal,CKD vs normal,targeted_SubclassLevel1_PT_ckd_vs_normal,C1QC,classical,0.0024553236061082,0.9394624473226284,False,True
PT,PT,ckd_vs_normal,CKD vs normal,targeted_SubclassLevel1_PT_ckd_vs_normal,C1R,classical,0.0019890840176145,0.979821345986037,False,True
PT,PT,ckd_vs_normal,CKD vs normal,targeted_SubclassLevel1_PT_ckd_vs_normal,C1S,classical,0.0363156118622334,0.7615487280126914,False,True
PT,PT,ckd_vs_normal,CKD vs normal,targeted_SubclassLevel1_PT_ckd_vs_normal,C2,classical,0.0057144759017316,0.9689526902326512,False,True
PT,PT,ckd_vs_normal,CKD vs normal,targeted_SubclassLevel1_PT_ckd_vs_normal,C3,alternative,0.0521216892760294,0.2689572234624671,False,True
PT,PT,ckd_vs_normal,CKD vs normal,targeted_SubclassLevel1_PT_ckd_vs_normal,C3AR1,receptor,-0.004558867718927,,False,True
PT,PT,ckd_vs_normal,CKD vs normal,targeted_SubclassLevel1_PT_ckd_vs_normal,C4A,classical,-0.0093242262695046,0.9388078558784736,False,True
PT,PT,ckd_vs_normal,CKD vs normal,targeted_SubclassLevel1_PT_ckd_vs_normal,C4B,classical,-0.022398654613677,0.7143170712540768,False,True
PT,PT,ckd_vs_normal,CKD vs normal,targeted_SubclassLevel1_PT_ckd_vs_normal,C4BPA,classical,0.0007210095476795,,False,True
PT,PT,ckd_vs_normal,CKD vs normal,targeted_SubclassLevel1_PT_ckd_vs_normal,C4BPB,classical,0.002528920325512,,False,True
PT,PT,ckd_vs_normal,CKD vs normal,targeted_SubclassLevel1_PT_ckd_vs_normal,C5,terminal,0.0362877612146727,0.6939693717054066,False,True
PT,PT,ckd_vs_normal,CKD vs normal,targeted_SubclassLevel1_PT_ckd_vs_normal,C5AR1,receptor,-0.0197846345707604,0.8014011765500737,False,True
PT,PT,ckd_vs_normal,CKD vs normal,targeted_SubclassLevel1_PT_ckd_vs_normal,C5AR2,receptor,0.0004350512488722,0.9593639679692664,False,True
PT,PT,ckd_vs_normal,CKD vs normal,targeted_SubclassLevel1_PT_ckd_vs_normal,C6,terminal,-0.0622795650786897,0.2021164673319089,False,True
PT,PT,ckd_vs_normal,CKD vs normal,targeted_SubclassLevel1_PT_ckd_vs_normal,C7,terminal,0.002816576510279,0.9711337949305976,False,True
PT,PT,ckd_vs_normal,CKD vs normal,targeted_SubclassLevel1_PT_ckd_vs_normal,C8A,terminal,-0.0169069732097653,,False,True
PT,PT,ckd_vs_normal,CKD vs normal,targeted_SubclassLevel1_PT_ckd_vs_normal,C8B,terminal,-0.0210699884203489,,False,True
PT,PT,ckd_vs_normal,CKD vs normal,targeted_SubclassLevel1_PT_ckd_vs_normal,C8G,terminal,-0.0100202535619718,,False,True
PT,PT,ckd_vs_normal,CKD vs normal,targeted_SubclassLevel1_PT_ckd_vs_normal,C9,terminal,-0.0143017405746568,0.8896257438481123,False,True
PT,PT,ckd_vs_normal,CKD vs normal,targeted_SubclassLevel1_PT_ckd_vs_normal,CD46,regulator,-0.1107636361737298,0.4016518210778011,False,True
PT,PT,ckd_vs_normal,CKD vs normal,targeted_SubclassLevel1_PT_ckd_vs_normal,CD55,regulator,-1.146313920438676,0.0020355302436092,True,True
PT,PT,ckd_vs_normal,CKD vs normal,targeted_SubclassLevel1_PT_ckd_vs_normal,CD59,regulator,-0.0361643703015589,0.7600074953869803,False,True
PT,PT,ckd_vs_normal,CKD vs normal,targeted_SubclassLevel1_PT_ckd_vs_normal,CFB,alternative,0.010047506764574,0.9060917620315816,False,True
PT,PT,ckd_vs_normal,CKD vs normal,targeted_SubclassLevel1_PT_ckd_vs_normal,CFD,alternative,0.0148851754307987,0.7224506629422749,False,True
PT,PT,ckd_vs_normal,CKD vs normal,targeted_SubclassLevel1_PT_ckd_vs_normal,CFH,regulator,0.0357152248643495,0.459200854808291,False,True
PT,PT,ckd_vs_normal,CKD vs normal,targeted_SubclassLevel1_PT_ckd_vs_normal,CFHR1,regulator,0.0039775465468521,,False,True
PT,PT,ckd_vs_normal,CKD vs normal,targeted_SubclassLevel1_PT_ckd_vs_normal,CFHR2,regulator,-0.0017232642929267,,False,True
PT,PT,ckd_vs_normal,CKD vs normal,targeted_SubclassLevel1_PT_ckd_vs_normal,CFHR3,regulator,-0.007416819067941,,False,True
PT,PT,ckd_vs_normal,CKD vs normal,targeted_SubclassLevel1_PT_ckd_vs_normal,CFHR4,regulator,-0.007219890183248,,False,True
PT,PT,ckd_vs_normal,CKD vs normal,targeted_SubclassLevel1_PT_ckd_vs_normal,CFHR5,regulator,0.0003259149041344,,False,True
PT,PT,ckd_vs_normal,CKD vs normal,targeted_SubclassLevel1_PT_ckd_vs_normal,CFI,regulator,-0.0062113034384857,0.96421915800543,False,True
PT,PT,ckd_vs_normal,CKD vs normal,targeted_SubclassLevel1_PT_ckd_vs_normal,CFP,alternative,0.0202291852454906,,False,True
PT,PT,ckd_vs_normal,CKD vs normal,targeted_SubclassLevel1_PT_ckd_vs_normal,CR1,receptor,-0.0180440770389222,0.6760664144612593,False,True
PT,PT,ckd_vs_normal,CKD vs normal,targeted_SubclassLevel1_PT_ckd_vs_normal,CR2,receptor,0.0099166931116091,0.8368944740490336,False,True
PT,PT,ckd_vs_normal,CKD vs normal,targeted_SubclassLevel1_PT_ckd_vs_normal,FCN1,lectin,0.0145966386647769,0.663992279058808,False,True
PT,PT,ckd_vs_normal,CKD vs normal,targeted_SubclassLevel1_PT_ckd_vs_normal,FCN2,lectin,-0.007790984056637,,False,True
PT,PT,ckd_vs_normal,CKD vs normal,targeted_SubclassLevel1_PT_ckd_vs_normal,FCN3,lectin,-0.0245640476215309,,False,True
PT,PT,ckd_vs_normal,CKD vs normal,targeted_SubclassLevel1_PT_ckd_vs_normal,ITGAM,receptor,0.0321648317473355,0.4565149070222102,False,True
PT,PT,ckd_vs_normal,CKD vs normal,targeted_SubclassLevel1_PT_ckd_vs_normal,ITGAX,receptor,-0.0050913516620687,0.9573338479011234,False,True
PT,PT,ckd_vs_normal,CKD vs normal,targeted_SubclassLevel1_PT_ckd_vs_normal,MASP1,lectin,0.4305944062554447,0.0497859514684462,True,True
PT,PT,ckd_vs_normal,CKD vs normal,targeted_SubclassLevel1_PT_ckd_vs_normal,MASP2,lectin,-0.0113550073852195,,False,True
PT,PT,ckd_vs_normal,CKD vs normal,targeted_SubclassLevel1_PT_ckd_vs_normal,MBL2,lectin,-0.0048648767453109,,False,True
PT,PT,ckd_vs_normal,CKD vs normal,targeted_SubclassLevel1_PT_ckd_vs_normal,SERPING1,regulator,-0.0141312630022187,0.8760989160942282,False,True
PT,PT,ckd_vs_normal,CKD vs normal,targeted_SubclassLevel1_PT_ckd_vs_normal,VSIG4,receptor,0.0229222106449929,,False,True
PT,PT,aki_vs_normal,AKI vs normal,targeted_SubclassLevel1_PT_aki_vs_normal,C1QA,classical,1.5404354447487705,0.0001243972091454,True,True
PT,PT,aki_vs_normal,AKI vs normal,targeted_SubclassLevel1_PT_aki_vs_normal,C1QB,classical,1.0423052607173342,0.0138325431225416,True,True
PT,PT,aki_vs_normal,AKI vs normal,targeted_SubclassLevel1_PT_aki_vs_normal,C1QC,classical,1.546421491910588,0.0005534898211465,True,True
PT,PT,aki_vs_normal,AKI vs normal,targeted_SubclassLevel1_PT_aki_vs_normal,C1R,classical,1.7247080541551991,1.4652064748459637e-08,True,True
PT,PT,aki_vs_normal,AKI vs normal,targeted_SubclassLevel1_PT_aki_vs_normal,C1S,classical,0.4926205519786608,0.0001539508667454,True,True
PT,PT,aki_vs_normal,AKI vs normal,targeted_SubclassLevel1_PT_aki_vs_normal,C2,classical,0.5104850840231122,0.0034259865110875,True,True
PT,PT,aki_vs_normal,AKI vs normal,targeted_SubclassLevel1_PT_aki_vs_normal,C3,alternative,2.8759547978925193,5.637001208697976e-12,True,True
PT,PT,aki_vs_normal,AKI vs normal,targeted_SubclassLevel1_PT_aki_vs_normal,C3AR1,receptor,-0.0032352381147233,0.9476651022830046,False,True
PT,PT,aki_vs_normal,AKI vs normal,targeted_SubclassLevel1_PT_aki_vs_normal,C4A,classical,1.0041001249782997,0.00236986478008,True,True
PT,PT,aki_vs_normal,AKI vs normal,targeted_SubclassLevel1_PT_aki_vs_normal,C4B,classical,0.6514485540845255,0.0474912893261584,True,True
PT,PT,aki_vs_normal,AKI vs normal,targeted_SubclassLevel1_PT_aki_vs_normal,C4BPA,classical,-0.1340258686033579,0.5063452372901704,False,True
PT,PT,aki_vs_normal,AKI vs normal,targeted_SubclassLevel1_PT_aki_vs_normal,C4BPB,classical,-0.0432411653654979,,False,True
PT,PT,aki_vs_normal,AKI vs normal,targeted_SubclassLevel1_PT_aki_vs_normal,C5,terminal,0.8617633514968033,3.0635773596500443e-06,True,True
PT,PT,aki_vs_normal,AKI vs normal,targeted_SubclassLevel1_PT_aki_vs_normal,C5AR1,receptor,0.905962664352534,0.000157104230404,True,True
PT,PT,aki_vs_normal,AKI vs normal,targeted_SubclassLevel1_PT_aki_vs_normal,C5AR2,receptor,-0.3386683943161724,0.134959865018528,False,True
PT,PT,aki_vs_normal,AKI vs normal,targeted_SubclassLevel1_PT_aki_vs_normal,C6,terminal,-1.409023983905593,1.4826390025730772e-05,True,True
PT,PT,aki_vs_normal,AKI vs normal,targeted_SubclassLevel1_PT_aki_vs_normal,C7,terminal,-0.1259071688626888,0.5734605816042535,False,True
PT,PT,aki_vs_normal,AKI vs normal,targeted_SubclassLevel1_PT_aki_vs_normal,C8A,terminal,0.0243114375244319,0.9809824115157428,False,True
PT,PT,aki_vs_normal,AKI vs normal,targeted_SubclassLevel1_PT_aki_vs_normal,C8B,terminal,-1.6675294317057685,0.0078077889676314,True,True
PT,PT,aki_vs_normal,AKI vs normal,targeted_SubclassLevel1_PT_aki_vs_normal,C8G,terminal,0.5912134063460034,0.0925769251092649,False,True
PT,PT,aki_vs_normal,AKI vs normal,targeted_SubclassLevel1_PT_aki_vs_normal,C9,terminal,0.6544483276143366,0.0040591047719303,True,True
PT,PT,aki_vs_normal,AKI vs normal,targeted_SubclassLevel1_PT_aki_vs_normal,CD46,regulator,-0.0963613296320169,0.4037607546076918,False,True
PT,PT,aki_vs_normal,AKI vs normal,targeted_SubclassLevel1_PT_aki_vs_normal,CD55,regulator,-1.091921017114901,0.0002110910782812,True,True
PT,PT,aki_vs_normal,AKI vs normal,targeted_SubclassLevel1_PT_aki_vs_normal,CD59,regulator,-0.0106273504099421,0.9595268642817022,False,True
PT,PT,aki_vs_normal,AKI vs normal,targeted_SubclassLevel1_PT_aki_vs_normal,CFB,alternative,1.5860000368257672,7.31040260538407e-08,True,True
PT,PT,aki_vs_normal,AKI vs normal,targeted_SubclassLevel1_PT_aki_vs_normal,CFD,alternative,0.8864585097907814,0.012819213339798,True,True
PT,PT,aki_vs_normal,AKI vs normal,targeted_SubclassLevel1_PT_aki_vs_normal,CFH,regulator,0.9035044623562798,0.0085457443573294,True,True
PT,PT,aki_vs_normal,AKI vs normal,targeted_SubclassLevel1_PT_aki_vs_normal,CFHR1,regulator,1.37242404810969,,False,True
PT,PT,aki_vs_normal,AKI vs normal,targeted_SubclassLevel1_PT_aki_vs_normal,CFHR2,regulator,-0.0673966150872527,,False,True
PT,PT,aki_vs_normal,AKI vs normal,targeted_SubclassLevel1_PT_aki_vs_normal,CFHR3,regulator,-0.0669877146877716,,False,True
PT,PT,aki_vs_normal,AKI vs normal,targeted_SubclassLevel1_PT_aki_vs_normal,CFHR4,regulator,0.0368363123740042,,False,True
PT,PT,aki_vs_normal,AKI vs normal,targeted_SubclassLevel1_PT_aki_vs_normal,CFHR5,regulator,-0.0512975450419175,,False,True
PT,PT,aki_vs_normal,AKI vs normal,targeted_SubclassLevel1_PT_aki_vs_normal,CFI,regulator,0.7525890930900294,0.0002164562845373,True,True
PT,PT,aki_vs_normal,AKI vs normal,targeted_SubclassLevel1_PT_aki_vs_normal,CFP,alternative,-0.0102893635309332,0.8762814981858084,False,True
PT,PT,aki_vs_normal,AKI vs normal,targeted_SubclassLevel1_PT_aki_vs_normal,CR1,receptor,-0.0981912483995571,0.6595593808159962,False,True
PT,PT,aki_vs_normal,AKI vs normal,targeted_SubclassLevel1_PT_aki_vs_normal,CR2,receptor,-0.0874852857769774,0.6543253510643056,False,True
PT,PT,aki_vs_normal,AKI vs normal,targeted_SubclassLevel1_PT_aki_vs_normal,FCN1,lectin,0.0361122686530501,0.9023464391858316,False,True
PT,PT,aki_vs_normal,AKI vs normal,targeted_SubclassLevel1_PT_aki_vs_normal,FCN2,lectin,-0.0688992117697691,,False,True
PT,PT,aki_vs_normal,AKI vs normal,targeted_SubclassLevel1_PT_aki_vs_normal,FCN3,lectin,-0.2684009402698677,0.1770424966869694,False,True
PT,PT,aki_vs_normal,AKI vs normal,targeted_SubclassLevel1_PT_aki_vs_normal,ITGAM,receptor,-0.048247820177282,0.8255404661341448,False,True
PT,PT,aki_vs_normal,AKI vs normal,targeted_SubclassLevel1_PT_aki_vs_normal,ITGAX,receptor,-0.0211648130761066,0.7888631993597434,False,True
PT,PT,aki_vs_normal,AKI vs normal,targeted_SubclassLevel1_PT_aki_vs_normal,MASP1,lectin,0.2181598263047074,0.2406795374427931,False,True
PT,PT,aki_vs_normal,AKI vs normal,targeted_SubclassLevel1_PT_aki_vs_normal,MASP2,lectin,-0.0222020374233899,0.9050883023292406,False,True
PT,PT,aki_vs_normal,AKI vs normal,targeted_SubclassLevel1_PT_aki_vs_normal,MBL2,lectin,-0.0213936745533336,,False,True
PT,PT,aki_vs_normal,AKI vs normal,targeted_SubclassLevel1_PT_aki_vs_normal,SERPING1,regulator,0.2581157169636585,0.2543661108373154,False,True
PT,PT,aki_vs_normal,AKI vs normal,targeted_SubclassLevel1_PT_aki_vs_normal,VSIG4,receptor,1.7046499092000214,0.0017052437854253,True,True
PT,PT,aki_vs_ckd,AKI vs CKD,targeted_SubclassLevel1_PT_aki_vs_ckd,C1QA,classical,0.5500086416914391,0.0463122541473475,True,True
PT,PT,aki_vs_ckd,AKI vs CKD,targeted_SubclassLevel1_PT_aki_vs_ckd,C1QB,classical,0.0742266598408344,0.2778451989224125,False,True
PT,PT,aki_vs_ckd,AKI vs CKD,targeted_SubclassLevel1_PT_aki_vs_ckd,C1QC,classical,0.5433463971571362,0.0445985507171214,True,True
PT,PT,aki_vs_ckd,AKI vs CKD,targeted_SubclassLevel1_PT_aki_vs_ckd,C1R,classical,1.1474559547547714,0.003080430234815,True,True
PT,PT,aki_vs_ckd,AKI vs CKD,targeted_SubclassLevel1_PT_aki_vs_ckd,C1S,classical,0.3662638880855292,0.0424764375267823,True,True
PT,PT,aki_vs_ckd,AKI vs CKD,targeted_SubclassLevel1_PT_aki_vs_ckd,C2,classical,0.6552956244560008,0.0006267389082944,True,True
PT,PT,aki_vs_ckd,AKI vs CKD,targeted_SubclassLevel1_PT_aki_vs_ckd,C3,alternative,1.9934338681138384,4.112336065745456e-05,True,True
PT,PT,aki_vs_ckd,AKI vs CKD,targeted_SubclassLevel1_PT_aki_vs_ckd,C3AR1,receptor,0.0433312196784911,,False,True
PT,PT,aki_vs_ckd,AKI vs CKD,targeted_SubclassLevel1_PT_aki_vs_ckd,C4A,classical,0.7543984224974504,0.040071525544675,True,True
PT,PT,aki_vs_ckd,AKI vs CKD,targeted_SubclassLevel1_PT_aki_vs_ckd,C4B,classical,0.9331840016244224,0.0298729094488781,True,True
PT,PT,aki_vs_ckd,AKI vs CKD,targeted_SubclassLevel1_PT_aki_vs_ckd,C4BPA,classical,-0.0411235179508081,,False,True
PT,PT,aki_vs_ckd,AKI vs CKD,targeted_SubclassLevel1_PT_aki_vs_ckd,C4BPB,classical,-0.0151961197793812,,False,True
PT,PT,aki_vs_ckd,AKI vs CKD,targeted_SubclassLevel1_PT_aki_vs_ckd,C5,terminal,0.2164467868469443,0.1967040732031065,False,True
PT,PT,aki_vs_ckd,AKI vs CKD,targeted_SubclassLevel1_PT_aki_vs_ckd,C5AR1,receptor,1.130436278461981,0.0002575307680531,True,True
PT,PT,aki_vs_ckd,AKI vs CKD,targeted_SubclassLevel1_PT_aki_vs_ckd,C5AR2,receptor,-0.0373722405656089,0.6397813181640014,False,True
PT,PT,aki_vs_ckd,AKI vs CKD,targeted_SubclassLevel1_PT_aki_vs_ckd,C6,terminal,-0.0071720681523914,0.9688067328528438,False,True
PT,PT,aki_vs_ckd,AKI vs CKD,targeted_SubclassLevel1_PT_aki_vs_ckd,C7,terminal,-0.1224134680017569,0.1665610100790544,False,True
PT,PT,aki_vs_ckd,AKI vs CKD,targeted_SubclassLevel1_PT_aki_vs_ckd,C8A,terminal,-0.0213998324240546,,False,True
PT,PT,aki_vs_ckd,AKI vs CKD,targeted_SubclassLevel1_PT_aki_vs_ckd,C8B,terminal,-0.0523741416259239,,False,True
PT,PT,aki_vs_ckd,AKI vs CKD,targeted_SubclassLevel1_PT_aki_vs_ckd,C8G,terminal,0.8151837117473821,,False,True
PT,PT,aki_vs_ckd,AKI vs CKD,targeted_SubclassLevel1_PT_aki_vs_ckd,C9,terminal,0.213928302229313,0.1937868259182597,False,True
PT,PT,aki_vs_ckd,AKI vs CKD,targeted_SubclassLevel1_PT_aki_vs_ckd,CD46,regulator,-0.073026569098966,0.5608894477776295,False,True
PT,PT,aki_vs_ckd,AKI vs CKD,targeted_SubclassLevel1_PT_aki_vs_ckd,CD55,regulator,-0.0543879448892234,0.721153864898242,False,True
PT,PT,aki_vs_ckd,AKI vs CKD,targeted_SubclassLevel1_PT_aki_vs_ckd,CD59,regulator,0.1388474034348936,0.3801296202830967,False,True
PT,PT,aki_vs_ckd,AKI vs CKD,targeted_SubclassLevel1_PT_aki_vs_ckd,CFB,alternative,1.4763524994296302,4.059629003851829e-05,True,True
PT,PT,aki_vs_ckd,AKI vs CKD,targeted_SubclassLevel1_PT_aki_vs_ckd,CFD,alternative,0.6472915056936038,0.077391325693816,False,True
PT,PT,aki_vs_ckd,AKI vs CKD,targeted_SubclassLevel1_PT_aki_vs_ckd,CFH,regulator,1.1918219021462175,0.0130165718233528,True,True
PT,PT,aki_vs_ckd,AKI vs CKD,targeted_SubclassLevel1_PT_aki_vs_ckd,CFHR1,regulator,-0.0078277636837568,,False,True
PT,PT,aki_vs_ckd,AKI vs CKD,targeted_SubclassLevel1_PT_aki_vs_ckd,CFHR2,regulator,-0.0283361551585096,,False,True
PT,PT,aki_vs_ckd,AKI vs CKD,targeted_SubclassLevel1_PT_aki_vs_ckd,CFHR3,regulator,0.008652354108969,,False,True
PT,PT,aki_vs_ckd,AKI vs CKD,targeted_SubclassLevel1_PT_aki_vs_ckd,CFHR4,regulator,-0.0197963918868564,,False,True
PT,PT,aki_vs_ckd,AKI vs CKD,targeted_SubclassLevel1_PT_aki_vs_ckd,CFHR5,regulator,-0.0236432828380121,,False,True
PT,PT,aki_vs_ckd,AKI vs CKD,targeted_SubclassLevel1_PT_aki_vs_ckd,CFI,regulator,0.5094490261039124,0.0044464799368284,True,True
PT,PT,aki_vs_ckd,AKI vs CKD,targeted_SubclassLevel1_PT_aki_vs_ckd,CFP,alternative,0.0062195357565683,,False,True
PT,PT,aki_vs_ckd,AKI vs CKD,targeted_SubclassLevel1_PT_aki_vs_ckd,CR1,receptor,-0.0463978259163291,0.4461831953840598,False,True
PT,PT,aki_vs_ckd,AKI vs CKD,targeted_SubclassLevel1_PT_aki_vs_ckd,CR2,receptor,-0.0666300723629057,0.4050305018379519,False,True
PT,PT,aki_vs_ckd,AKI vs CKD,targeted_SubclassLevel1_PT_aki_vs_ckd,FCN1,lectin,-0.0074740003607842,0.8724451575328123,False,True
PT,PT,aki_vs_ckd,AKI vs CKD,targeted_SubclassLevel1_PT_aki_vs_ckd,FCN2,lectin,-0.0036458042979573,,False,True
PT,PT,aki_vs_ckd,AKI vs CKD,targeted_SubclassLevel1_PT_aki_vs_ckd,FCN3,lectin,-0.0172911409257378,,False,True
PT,PT,aki_vs_ckd,AKI vs CKD,targeted_SubclassLevel1_PT_aki_vs_ckd,ITGAM,receptor,-0.0749146449627281,0.4742999881525137,False,True
PT,PT,aki_vs_ckd,AKI vs CKD,targeted_SubclassLevel1_PT_aki_vs_ckd,ITGAX,receptor,0.0111016489149899,0.980235481871666,False,True
PT,PT,aki_vs_ckd,AKI vs CKD,targeted_SubclassLevel1_PT_aki_vs_ckd,MASP1,lectin,-0.1156049968886643,0.4345045611133679,False,True
PT,PT,aki_vs_ckd,AKI vs CKD,targeted_SubclassLevel1_PT_aki_vs_ckd,MASP2,lectin,-0.0410788061686888,0.6630702706581266,False,True
PT,PT,aki_vs_ckd,AKI vs CKD,targeted_SubclassLevel1_PT_aki_vs_ckd,MBL2,lectin,,,False,False
PT,PT,aki_vs_ckd,AKI vs CKD,targeted_SubclassLevel1_PT_aki_vs_ckd,SERPING1,regulator,0.5423026791269143,0.0479864514725307,True,True
PT,PT,aki_vs_ckd,AKI vs CKD,targeted_SubclassLevel1_PT_aki_vs_ckd,VSIG4,receptor,0.0253762054691712,,False,True
TAL,TAL,ckd_vs_normal,CKD vs normal,targeted_SubclassLevel1_TAL_ckd_vs_normal,C1QA,classical,-0.0577296415944057,0.582483890146608,False,True
TAL,TAL,ckd_vs_normal,CKD vs normal,targeted_SubclassLevel1_TAL_ckd_vs_normal,C1QB,classical,-0.1127742258094325,0.2428742788794944,False,True
TAL,TAL,ckd_vs_normal,CKD vs normal,targeted_SubclassLevel1_TAL_ckd_vs_normal,C1QC,classical,-0.0425452179058993,0.6973081846353635,False,True
TAL,TAL,ckd_vs_normal,CKD vs normal,targeted_SubclassLevel1_TAL_ckd_vs_normal,C1R,classical,-0.0586216438901354,0.6040570102168306,False,True
TAL,TAL,ckd_vs_normal,CKD vs normal,targeted_SubclassLevel1_TAL_ckd_vs_normal,C1S,classical,-0.0738715156282157,0.5851681321719818,False,True
TAL,TAL,ckd_vs_normal,CKD vs normal,targeted_SubclassLevel1_TAL_ckd_vs_normal,C2,classical,0.057571469093056,0.6983977505399411,False,True
TAL,TAL,ckd_vs_normal,CKD vs normal,targeted_SubclassLevel1_TAL_ckd_vs_normal,C3,alternative,0.0834376087098766,0.4131906043713998,False,True
TAL,TAL,ckd_vs_normal,CKD vs normal,targeted_SubclassLevel1_TAL_ckd_vs_normal,C3AR1,receptor,-0.0355460046134266,0.9119050972335384,False,True
TAL,TAL,ckd_vs_normal,CKD vs normal,targeted_SubclassLevel1_TAL_ckd_vs_normal,C4A,classical,-0.0039952804150182,,False,True
TAL,TAL,ckd_vs_normal,CKD vs normal,targeted_SubclassLevel1_TAL_ckd_vs_normal,C4B,classical,0.0055310626162244,,False,True
TAL,TAL,ckd_vs_normal,CKD vs normal,targeted_SubclassLevel1_TAL_ckd_vs_normal,C4BPA,classical,0.0401819823239246,0.68325727385946,False,True
TAL,TAL,ckd_vs_normal,CKD vs normal,targeted_SubclassLevel1_TAL_ckd_vs_normal,C4BPB,classical,-0.2320845970144265,,False,True
TAL,TAL,ckd_vs_normal,CKD vs normal,targeted_SubclassLevel1_TAL_ckd_vs_normal,C5,terminal,0.1059641037405426,0.413705514084749,False,True
TAL,TAL,ckd_vs_normal,CKD vs normal,targeted_SubclassLevel1_TAL_ckd_vs_normal,C5AR1,receptor,0.1561955263039498,0.2698435867158341,False,True
TAL,TAL,ckd_vs_normal,CKD vs normal,targeted_SubclassLevel1_TAL_ckd_vs_normal,C5AR2,receptor,-0.0039450691501575,0.9850282835897584,False,True
TAL,TAL,ckd_vs_normal,CKD vs normal,targeted_SubclassLevel1_TAL_ckd_vs_normal,C6,terminal,-0.1787354536315089,0.1473037145287183,False,True
TAL,TAL,ckd_vs_normal,CKD vs normal,targeted_SubclassLevel1_TAL_ckd_vs_normal,C7,terminal,-0.015567271600021,0.8710874452361717,False,True
TAL,TAL,ckd_vs_normal,CKD vs normal,targeted_SubclassLevel1_TAL_ckd_vs_normal,C8A,terminal,0.0060552728062034,,False,True
TAL,TAL,ckd_vs_normal,CKD vs normal,targeted_SubclassLevel1_TAL_ckd_vs_normal,C8B,terminal,-0.0359791109110303,,False,True
TAL,TAL,ckd_vs_normal,CKD vs normal,targeted_SubclassLevel1_TAL_ckd_vs_normal,C8G,terminal,-0.0123787452872955,,False,True
TAL,TAL,ckd_vs_normal,CKD vs normal,targeted_SubclassLevel1_TAL_ckd_vs_normal,C9,terminal,0.0552790140996238,0.6857355092325493,False,True
TAL,TAL,ckd_vs_normal,CKD vs normal,targeted_SubclassLevel1_TAL_ckd_vs_normal,CD46,regulator,-0.1972765321550674,0.1840520038954151,False,True
TAL,TAL,ckd_vs_normal,CKD vs normal,targeted_SubclassLevel1_TAL_ckd_vs_normal,CD55,regulator,-0.4098143049401131,0.0764049545426121,False,True
TAL,TAL,ckd_vs_normal,CKD vs normal,targeted_SubclassLevel1_TAL_ckd_vs_normal,CD59,regulator,-0.1005754455136218,0.5171357939792185,False,True
TAL,TAL,ckd_vs_normal,CKD vs normal,targeted_SubclassLevel1_TAL_ckd_vs_normal,CFB,alternative,-0.1603776116898836,0.2175368858927777,False,True
TAL,TAL,ckd_vs_normal,CKD vs normal,targeted_SubclassLevel1_TAL_ckd_vs_normal,CFD,alternative,-0.022228332405695,0.9022259458675208,False,True
TAL,TAL,ckd_vs_normal,CKD vs normal,targeted_SubclassLevel1_TAL_ckd_vs_normal,CFH,regulator,-1.0778612118597524,0.0355661940677123,True,True
TAL,TAL,ckd_vs_normal,CKD vs normal,targeted_SubclassLevel1_TAL_ckd_vs_normal,CFHR1,regulator,-0.0280522082490831,,False,True
TAL,TAL,ckd_vs_normal,CKD vs normal,targeted_SubclassLevel1_TAL_ckd_vs_normal,CFHR2,regulator,-0.0200082029720397,,False,True
TAL,TAL,ckd_vs_normal,CKD vs normal,targeted_SubclassLevel1_TAL_ckd_vs_normal,CFHR3,regulator,-0.0058416306546049,,False,True
TAL,TAL,ckd_vs_normal,CKD vs normal,targeted_SubclassLevel1_TAL_ckd_vs_normal,CFHR4,regulator,-0.0798078492214213,,False,True
TAL,TAL,ckd_vs_normal,CKD vs normal,targeted_SubclassLevel1_TAL_ckd_vs_normal,CFHR5,regulator,-0.0901178770842829,,False,True
TAL,TAL,ckd_vs_normal,CKD vs normal,targeted_SubclassLevel1_TAL_ckd_vs_normal,CFI,regulator,0.0262246465266949,0.8683808127037144,False,True
TAL,TAL,ckd_vs_normal,CKD vs normal,targeted_SubclassLevel1_TAL_ckd_vs_normal,CFP,alternative,0.1312260574391839,0.1950424996963072,False,True
TAL,TAL,ckd_vs_normal,CKD vs normal,targeted_SubclassLevel1_TAL_ckd_vs_normal,CR1,receptor,-0.0726750533477103,0.4727296497767866,False,True
TAL,TAL,ckd_vs_normal,CKD vs normal,targeted_SubclassLevel1_TAL_ckd_vs_normal,CR2,receptor,-0.0007295622363624,0.9126924411799427,False,True
TAL,TAL,ckd_vs_normal,CKD vs normal,targeted_SubclassLevel1_TAL_ckd_vs_normal,FCN1,lectin,-0.0674645435219671,0.6488905344105781,False,True
TAL,TAL,ckd_vs_normal,CKD vs normal,targeted_SubclassLevel1_TAL_ckd_vs_normal,FCN2,lectin,-0.0158049155848767,,False,True
TAL,TAL,ckd_vs_normal,CKD vs normal,targeted_SubclassLevel1_TAL_ckd_vs_normal,FCN3,lectin,-0.0543498267465069,0.5974313728067339,False,True
TAL,TAL,ckd_vs_normal,CKD vs normal,targeted_SubclassLevel1_TAL_ckd_vs_normal,ITGAM,receptor,-0.0303552879863925,0.8702325869488825,False,True
TAL,TAL,ckd_vs_normal,CKD vs normal,targeted_SubclassLevel1_TAL_ckd_vs_normal,ITGAX,receptor,-0.0316398528287475,0.9142531049958548,False,True
TAL,TAL,ckd_vs_normal,CKD vs normal,targeted_SubclassLevel1_TAL_ckd_vs_normal,MASP1,lectin,-0.0210157259503132,0.9238576706180294,False,True
TAL,TAL,ckd_vs_normal,CKD vs normal,targeted_SubclassLevel1_TAL_ckd_vs_normal,MASP2,lectin,-0.2777869051637316,0.2039904718528468,False,True
TAL,TAL,ckd_vs_normal,CKD vs normal,targeted_SubclassLevel1_TAL_ckd_vs_normal,MBL2,lectin,-0.0023857383052546,,False,True
TAL,TAL,ckd_vs_normal,CKD vs normal,targeted_SubclassLevel1_TAL_ckd_vs_normal,SERPING1,regulator,-0.0594507946808628,0.6894398967840439,False,True
TAL,TAL,ckd_vs_normal,CKD vs normal,targeted_SubclassLevel1_TAL_ckd_vs_normal,VSIG4,receptor,-0.0634644665522851,,False,True
TAL,TAL,aki_vs_normal,AKI vs normal,targeted_SubclassLevel1_TAL_aki_vs_normal,C1QA,classical,0.5471597095895552,0.1098038000454163,False,True
TAL,TAL,aki_vs_normal,AKI vs normal,targeted_SubclassLevel1_TAL_aki_vs_normal,C1QB,classical,0.2724308294939956,0.3032447877830021,False,True
TAL,TAL,aki_vs_normal,AKI vs normal,targeted_SubclassLevel1_TAL_aki_vs_normal,C1QC,classical,0.0046307956106152,0.9997608363413656,False,True
TAL,TAL,aki_vs_normal,AKI vs normal,targeted_SubclassLevel1_TAL_aki_vs_normal,C1R,classical,0.8637633222211507,0.0063557153366888,True,True
TAL,TAL,aki_vs_normal,AKI vs normal,targeted_SubclassLevel1_TAL_aki_vs_normal,C1S,classical,-0.0289609336854341,0.8378529680322625,False,True
TAL,TAL,aki_vs_normal,AKI vs normal,targeted_SubclassLevel1_TAL_aki_vs_normal,C2,classical,-0.2471553842233633,0.1390718836722585,False,True
TAL,TAL,aki_vs_normal,AKI vs normal,targeted_SubclassLevel1_TAL_aki_vs_normal,C3,alternative,2.5380519021489105,4.5386644385947007e-10,True,True
TAL,TAL,aki_vs_normal,AKI vs normal,targeted_SubclassLevel1_TAL_aki_vs_normal,C3AR1,receptor,-0.4601147414407618,0.1530305976920907,False,True
TAL,TAL,aki_vs_normal,AKI vs normal,targeted_SubclassLevel1_TAL_aki_vs_normal,C4A,classical,0.3544829220663128,,False,True
TAL,TAL,aki_vs_normal,AKI vs normal,targeted_SubclassLevel1_TAL_aki_vs_normal,C4B,classical,0.0687428978860547,,False,True
TAL,TAL,aki_vs_normal,AKI vs normal,targeted_SubclassLevel1_TAL_aki_vs_normal,C4BPA,classical,0.0290208840003242,0.9256477763983424,False,True
TAL,TAL,aki_vs_normal,AKI vs normal,targeted_SubclassLevel1_TAL_aki_vs_normal,C4BPB,classical,-0.3134871154483894,0.3134185530363326,False,True
TAL,TAL,aki_vs_normal,AKI vs normal,targeted_SubclassLevel1_TAL_aki_vs_normal,C5,terminal,-0.2837205514205894,0.0493911616877341,True,True
TAL,TAL,aki_vs_normal,AKI vs normal,targeted_SubclassLevel1_TAL_aki_vs_normal,C5AR1,receptor,0.0142990743855118,0.9549672974069324,False,True
TAL,TAL,aki_vs_normal,AKI vs normal,targeted_SubclassLevel1_TAL_aki_vs_normal,C5AR2,receptor,-0.6402700705951759,0.0026411948285016,True,True
TAL,TAL,aki_vs_normal,AKI vs normal,targeted_SubclassLevel1_TAL_aki_vs_normal,C6,terminal,-1.744851319409659,2.259527579455616e-05,True,True
TAL,TAL,aki_vs_normal,AKI vs normal,targeted_SubclassLevel1_TAL_aki_vs_normal,C7,terminal,-0.0804002132334551,0.7258171462681053,False,True
TAL,TAL,aki_vs_normal,AKI vs normal,targeted_SubclassLevel1_TAL_aki_vs_normal,C8A,terminal,-0.0464999850259869,0.9504467044457884,False,True
TAL,TAL,aki_vs_normal,AKI vs normal,targeted_SubclassLevel1_TAL_aki_vs_normal,C8B,terminal,-0.1704252269016805,0.6338294996609675,False,True
TAL,TAL,aki_vs_normal,AKI vs normal,targeted_SubclassLevel1_TAL_aki_vs_normal,C8G,terminal,-0.2777750447599829,0.3978837060906867,False,True
TAL,TAL,aki_vs_normal,AKI vs normal,targeted_SubclassLevel1_TAL_aki_vs_normal,C9,terminal,1.6356495686932142,2.4247843367353894e-10,True,True
TAL,TAL,aki_vs_normal,AKI vs normal,targeted_SubclassLevel1_TAL_aki_vs_normal,CD46,regulator,-0.1699140862987225,0.2152179478522756,False,True
TAL,TAL,aki_vs_normal,AKI vs normal,targeted_SubclassLevel1_TAL_aki_vs_normal,CD55,regulator,-0.1828742151086,0.3903166541446298,False,True
TAL,TAL,aki_vs_normal,AKI vs normal,targeted_SubclassLevel1_TAL_aki_vs_normal,CD59,regulator,0.134598864622799,0.5212266364036392,False,True
TAL,TAL,aki_vs_normal,AKI vs normal,targeted_SubclassLevel1_TAL_aki_vs_normal,CFB,alternative,1.0788709348905183,0.0039917785158784,True,True
TAL,TAL,aki_vs_normal,AKI vs normal,targeted_SubclassLevel1_TAL_aki_vs_normal,CFD,alternative,0.0272468316356075,0.928996986151176,False,True
TAL,TAL,aki_vs_normal,AKI vs normal,targeted_SubclassLevel1_TAL_aki_vs_normal,CFH,regulator,-0.0134626787031797,0.9497004382721752,False,True
TAL,TAL,aki_vs_normal,AKI vs normal,targeted_SubclassLevel1_TAL_aki_vs_normal,CFHR1,regulator,0.9665605396798403,,False,True
TAL,TAL,aki_vs_normal,AKI vs normal,targeted_SubclassLevel1_TAL_aki_vs_normal,CFHR2,regulator,-0.0911919617121466,,False,True
TAL,TAL,aki_vs_normal,AKI vs normal,targeted_SubclassLevel1_TAL_aki_vs_normal,CFHR3,regulator,0.0904693087444995,,False,True
TAL,TAL,aki_vs_normal,AKI vs normal,targeted_SubclassLevel1_TAL_aki_vs_normal,CFHR4,regulator,0.0124962365946309,,False,True
TAL,TAL,aki_vs_normal,AKI vs normal,targeted_SubclassLevel1_TAL_aki_vs_normal,CFHR5,regulator,0.0429158109304593,,False,True
TAL,TAL,aki_vs_normal,AKI vs normal,targeted_SubclassLevel1_TAL_aki_vs_normal,CFI,regulator,1.2272027571891584,9.557898411305253e-14,True,True
TAL,TAL,aki_vs_normal,AKI vs normal,targeted_SubclassLevel1_TAL_aki_vs_normal,CFP,alternative,0.0475512184332177,0.851588179478732,False,True
TAL,TAL,aki_vs_normal,AKI vs normal,targeted_SubclassLevel1_TAL_aki_vs_normal,CR1,receptor,-1.3337994504709745,0.0118304381920919,True,True
TAL,TAL,aki_vs_normal,AKI vs normal,targeted_SubclassLevel1_TAL_aki_vs_normal,CR2,receptor,-0.4490557906652896,0.0930311563379669,False,True
TAL,TAL,aki_vs_normal,AKI vs normal,targeted_SubclassLevel1_TAL_aki_vs_normal,FCN1,lectin,-0.0620905184080263,0.7352129928855,False,True
TAL,TAL,aki_vs_normal,AKI vs normal,targeted_SubclassLevel1_TAL_aki_vs_normal,FCN2,lectin,-0.0757381710732793,,False,True
TAL,TAL,aki_vs_normal,AKI vs normal,targeted_SubclassLevel1_TAL_aki_vs_normal,FCN3,lectin,-0.1781865497177976,0.3191336405860588,False,True
TAL,TAL,aki_vs_normal,AKI vs normal,targeted_SubclassLevel1_TAL_aki_vs_normal,ITGAM,receptor,-0.3389502845506311,0.2228985293928638,False,True
TAL,TAL,aki_vs_normal,AKI vs normal,targeted_SubclassLevel1_TAL_aki_vs_normal,ITGAX,receptor,-1.2053096900125118,0.0223366127468504,True,True
TAL,TAL,aki_vs_normal,AKI vs normal,targeted_SubclassLevel1_TAL_aki_vs_normal,MASP1,lectin,-0.0883184511759413,0.6505830753480191,False,True
TAL,TAL,aki_vs_normal,AKI vs normal,targeted_SubclassLevel1_TAL_aki_vs_normal,MASP2,lectin,-0.1819536794858967,0.4657700865279702,False,True
TAL,TAL,aki_vs_normal,AKI vs normal,targeted_SubclassLevel1_TAL_aki_vs_normal,MBL2,lectin,,,False,False
TAL,TAL,aki_vs_normal,AKI vs normal,targeted_SubclassLevel1_TAL_aki_vs_normal,SERPING1,regulator,0.9715423447343132,3.1485895768709207e-06,True,True
TAL,TAL,aki_vs_normal,AKI vs normal,targeted_SubclassLevel1_TAL_aki_vs_normal,VSIG4,receptor,-0.0229538088373429,0.8930116118217106,False,True
TAL,TAL,aki_vs_ckd,AKI vs CKD,targeted_SubclassLevel1_TAL_aki_vs_ckd,C1QA,classical,0.0940506091398533,0.3690068551625064,False,True
TAL,TAL,aki_vs_ckd,AKI vs CKD,targeted_SubclassLevel1_TAL_aki_vs_ckd,C1QB,classical,0.1038907206755139,0.2972748847208363,False,True
TAL,TAL,aki_vs_ckd,AKI vs CKD,targeted_SubclassLevel1_TAL_aki_vs_ckd,C1QC,classical,0.0196841857742921,0.8702615055710117,False,True
TAL,TAL,aki_vs_ckd,AKI vs CKD,targeted_SubclassLevel1_TAL_aki_vs_ckd,C1R,classical,0.1258908808164417,0.2284580754426633,False,True
TAL,TAL,aki_vs_ckd,AKI vs CKD,targeted_SubclassLevel1_TAL_aki_vs_ckd,C1S,classical,0.0711758491497161,0.6826229887032865,False,True
TAL,TAL,aki_vs_ckd,AKI vs CKD,targeted_SubclassLevel1_TAL_aki_vs_ckd,C2,classical,-0.413243889153865,0.0096558408608007,True,True
TAL,TAL,aki_vs_ckd,AKI vs CKD,targeted_SubclassLevel1_TAL_aki_vs_ckd,C3,alternative,2.441628794616296,6.977109514443273e-07,True,True
TAL,TAL,aki_vs_ckd,AKI vs CKD,targeted_SubclassLevel1_TAL_aki_vs_ckd,C3AR1,receptor,-0.0150145804054052,,False,True
TAL,TAL,aki_vs_ckd,AKI vs CKD,targeted_SubclassLevel1_TAL_aki_vs_ckd,C4A,classical,0.1082052581188643,,False,True
TAL,TAL,aki_vs_ckd,AKI vs CKD,targeted_SubclassLevel1_TAL_aki_vs_ckd,C4B,classical,-0.0209213316405888,,False,True
TAL,TAL,aki_vs_ckd,AKI vs CKD,targeted_SubclassLevel1_TAL_aki_vs_ckd,C4BPA,classical,0.0740499421592206,0.5841420452121208,False,True
TAL,TAL,aki_vs_ckd,AKI vs CKD,targeted_SubclassLevel1_TAL_aki_vs_ckd,C4BPB,classical,-0.0070902004654137,,False,True
TAL,TAL,aki_vs_ckd,AKI vs CKD,targeted_SubclassLevel1_TAL_aki_vs_ckd,C5,terminal,-0.4220201013989098,0.0039316686583612,True,True
TAL,TAL,aki_vs_ckd,AKI vs CKD,targeted_SubclassLevel1_TAL_aki_vs_ckd,C5AR1,receptor,0.0252955492004316,0.9136082707301416,False,True
TAL,TAL,aki_vs_ckd,AKI vs CKD,targeted_SubclassLevel1_TAL_aki_vs_ckd,C5AR2,receptor,-0.5065247280185863,0.0386645931006814,True,True
TAL,TAL,aki_vs_ckd,AKI vs CKD,targeted_SubclassLevel1_TAL_aki_vs_ckd,C6,terminal,-0.0855365627994457,0.4117328298269322,False,True
TAL,TAL,aki_vs_ckd,AKI vs CKD,targeted_SubclassLevel1_TAL_aki_vs_ckd,C7,terminal,-0.0693410157415666,0.3171188944957288,False,True
TAL,TAL,aki_vs_ckd,AKI vs CKD,targeted_SubclassLevel1_TAL_aki_vs_ckd,C8A,terminal,-0.0252234729091628,,False,True
TAL,TAL,aki_vs_ckd,AKI vs CKD,targeted_SubclassLevel1_TAL_aki_vs_ckd,C8B,terminal,-0.0544095379098077,,False,True
TAL,TAL,aki_vs_ckd,AKI vs CKD,targeted_SubclassLevel1_TAL_aki_vs_ckd,C8G,terminal,-0.048733266964545,,False,True
TAL,TAL,aki_vs_ckd,AKI vs CKD,targeted_SubclassLevel1_TAL_aki_vs_ckd,C9,terminal,1.0158082743528232,2.755146680642837e-05,True,True
TAL,TAL,aki_vs_ckd,AKI vs CKD,targeted_SubclassLevel1_TAL_aki_vs_ckd,CD46,regulator,-0.1428669267030528,0.3775180826134235,False,True
TAL,TAL,aki_vs_ckd,AKI vs CKD,targeted_SubclassLevel1_TAL_aki_vs_ckd,CD55,regulator,0.0842758693935253,0.6745063668479405,False,True
TAL,TAL,aki_vs_ckd,AKI vs CKD,targeted_SubclassLevel1_TAL_aki_vs_ckd,CD59,regulator,0.0946343987478037,0.5915207987481786,False,True
TAL,TAL,aki_vs_ckd,AKI vs CKD,targeted_SubclassLevel1_TAL_aki_vs_ckd,CFB,alternative,1.460698633775144,0.000437868163218,True,True
TAL,TAL,aki_vs_ckd,AKI vs CKD,targeted_SubclassLevel1_TAL_aki_vs_ckd,CFD,alternative,-0.0598828768138218,0.6718320545750033,False,True
TAL,TAL,aki_vs_ckd,AKI vs CKD,targeted_SubclassLevel1_TAL_aki_vs_ckd,CFH,regulator,0.0318458095006383,0.7223208412191767,False,True
TAL,TAL,aki_vs_ckd,AKI vs CKD,targeted_SubclassLevel1_TAL_aki_vs_ckd,CFHR1,regulator,0.0472381690502735,,False,True
TAL,TAL,aki_vs_ckd,AKI vs CKD,targeted_SubclassLevel1_TAL_aki_vs_ckd,CFHR2,regulator,-0.0138462854602574,,False,True
TAL,TAL,aki_vs_ckd,AKI vs CKD,targeted_SubclassLevel1_TAL_aki_vs_ckd,CFHR3,regulator,0.0046101364381378,,False,True
TAL,TAL,aki_vs_ckd,AKI vs CKD,targeted_SubclassLevel1_TAL_aki_vs_ckd,CFHR4,regulator,0.0177931680779783,,False,True
TAL,TAL,aki_vs_ckd,AKI vs CKD,targeted_SubclassLevel1_TAL_aki_vs_ckd,CFHR5,regulator,0.0275302078857793,,False,True
TAL,TAL,aki_vs_ckd,AKI vs CKD,targeted_SubclassLevel1_TAL_aki_vs_ckd,CFI,regulator,0.9672383310849234,7.496094176887817e-07,True,True
TAL,TAL,aki_vs_ckd,AKI vs CKD,targeted_SubclassLevel1_TAL_aki_vs_ckd,CFP,alternative,0.0318645782510022,0.8987250867162369,False,True
TAL,TAL,aki_vs_ckd,AKI vs CKD,targeted_SubclassLevel1_TAL_aki_vs_ckd,CR1,receptor,-0.0925860914735559,0.2903102180828449,False,True
TAL,TAL,aki_vs_ckd,AKI vs CKD,targeted_SubclassLevel1_TAL_aki_vs_ckd,CR2,receptor,-0.1038282915499959,,False,True
TAL,TAL,aki_vs_ckd,AKI vs CKD,targeted_SubclassLevel1_TAL_aki_vs_ckd,FCN1,lectin,0.1339814962180349,,False,True
TAL,TAL,aki_vs_ckd,AKI vs CKD,targeted_SubclassLevel1_TAL_aki_vs_ckd,FCN2,lectin,,,False,False
TAL,TAL,aki_vs_ckd,AKI vs CKD,targeted_SubclassLevel1_TAL_aki_vs_ckd,FCN3,lectin,0.021155046213937,,False,True
TAL,TAL,aki_vs_ckd,AKI vs CKD,targeted_SubclassLevel1_TAL_aki_vs_ckd,ITGAM,receptor,-0.0826944600142261,0.4653678253449342,False,True
TAL,TAL,aki_vs_ckd,AKI vs CKD,targeted_SubclassLevel1_TAL_aki_vs_ckd,ITGAX,receptor,-0.0614145574838142,,False,True
TAL,TAL,aki_vs_ckd,AKI vs CKD,targeted_SubclassLevel1_TAL_aki_vs_ckd,MASP1,lectin,0.0688134454907037,0.6270289728280327,False,True
TAL,TAL,aki_vs_ckd,AKI vs CKD,targeted_SubclassLevel1_TAL_aki_vs_ckd,MASP2,lectin,-0.0324097906060055,0.8264905158574136,False,True
TAL,TAL,aki_vs_ckd,AKI vs CKD,targeted_SubclassLevel1_TAL_aki_vs_ckd,MBL2,lectin,,,False,False
TAL,TAL,aki_vs_ckd,AKI vs CKD,targeted_SubclassLevel1_TAL_aki_vs_ckd,SERPING1,regulator,0.9981950905057216,9.80092652577657e-05,True,True
TAL,TAL,aki_vs_ckd,AKI vs CKD,targeted_SubclassLevel1_TAL_aki_vs_ckd,VSIG4,receptor,0.023769968726751,,False,True
VSM_P,VSM/P,ckd_vs_normal,CKD vs normal,targeted_SubclassLevel1_VSM_P_ckd_vs_normal,C1QA,classical,-0.1698042136935623,,False,True
VSM_P,VSM/P,ckd_vs_normal,CKD vs normal,targeted_SubclassLevel1_VSM_P_ckd_vs_normal,C1QB,classical,-0.1845297716066095,,False,True
VSM_P,VSM/P,ckd_vs_normal,CKD vs normal,targeted_SubclassLevel1_VSM_P_ckd_vs_normal,C1QC,classical,-0.1237581807905392,,False,True
VSM_P,VSM/P,ckd_vs_normal,CKD vs normal,targeted_SubclassLevel1_VSM_P_ckd_vs_normal,C1R,classical,-0.37569465697788,0.3543347359529105,False,True
VSM_P,VSM/P,ckd_vs_normal,CKD vs normal,targeted_SubclassLevel1_VSM_P_ckd_vs_normal,C1S,classical,-0.299518385674425,0.4115218861915994,False,True
VSM_P,VSM/P,ckd_vs_normal,CKD vs normal,targeted_SubclassLevel1_VSM_P_ckd_vs_normal,C2,classical,-0.0318229238729678,0.9396301629695956,False,True
VSM_P,VSM/P,ckd_vs_normal,CKD vs normal,targeted_SubclassLevel1_VSM_P_ckd_vs_normal,C3,alternative,0.0973875797201497,,False,True
VSM_P,VSM/P,ckd_vs_normal,CKD vs normal,targeted_SubclassLevel1_VSM_P_ckd_vs_normal,C3AR1,receptor,-0.1556044277182875,,False,True
VSM_P,VSM/P,ckd_vs_normal,CKD vs normal,targeted_SubclassLevel1_VSM_P_ckd_vs_normal,C4A,classical,,,False,False
VSM_P,VSM/P,ckd_vs_normal,CKD vs normal,targeted_SubclassLevel1_VSM_P_ckd_vs_normal,C4B,classical,,,False,False
VSM_P,VSM/P,ckd_vs_normal,CKD vs normal,targeted_SubclassLevel1_VSM_P_ckd_vs_normal,C4BPA,classical,-0.104686276277035,,False,True
VSM_P,VSM/P,ckd_vs_normal,CKD vs normal,targeted_SubclassLevel1_VSM_P_ckd_vs_normal,C4BPB,classical,0.3579135156557719,,False,True
VSM_P,VSM/P,ckd_vs_normal,CKD vs normal,targeted_SubclassLevel1_VSM_P_ckd_vs_normal,C5,terminal,-0.1057809575036158,0.7635978936343987,False,True
VSM_P,VSM/P,ckd_vs_normal,CKD vs normal,targeted_SubclassLevel1_VSM_P_ckd_vs_normal,C5AR1,receptor,0.1970650736180108,0.5815006640971875,False,True
VSM_P,VSM/P,ckd_vs_normal,CKD vs normal,targeted_SubclassLevel1_VSM_P_ckd_vs_normal,C5AR2,receptor,0.1224130785573653,,False,True
VSM_P,VSM/P,ckd_vs_normal,CKD vs normal,targeted_SubclassLevel1_VSM_P_ckd_vs_normal,C6,terminal,-0.11797170779399,,False,True
VSM_P,VSM/P,ckd_vs_normal,CKD vs normal,targeted_SubclassLevel1_VSM_P_ckd_vs_normal,C7,terminal,0.1768280239975308,0.6574630301537415,False,True
VSM_P,VSM/P,ckd_vs_normal,CKD vs normal,targeted_SubclassLevel1_VSM_P_ckd_vs_normal,C8A,terminal,,,False,False
VSM_P,VSM/P,ckd_vs_normal,CKD vs normal,targeted_SubclassLevel1_VSM_P_ckd_vs_normal,C8B,terminal,,,False,False
VSM_P,VSM/P,ckd_vs_normal,CKD vs normal,targeted_SubclassLevel1_VSM_P_ckd_vs_normal,C8G,terminal,,,False,False
VSM_P,VSM/P,ckd_vs_normal,CKD vs normal,targeted_SubclassLevel1_VSM_P_ckd_vs_normal,C9,terminal,0.064095987244142,,False,True
VSM_P,VSM/P,ckd_vs_normal,CKD vs normal,targeted_SubclassLevel1_VSM_P_ckd_vs_normal,CD46,regulator,-0.3325522682925568,0.176456454749436,False,True
VSM_P,VSM/P,ckd_vs_normal,CKD vs normal,targeted_SubclassLevel1_VSM_P_ckd_vs_normal,CD55,regulator,0.4712396999839188,0.1804359501770488,False,True
VSM_P,VSM/P,ckd_vs_normal,CKD vs normal,targeted_SubclassLevel1_VSM_P_ckd_vs_normal,CD59,regulator,-0.4330026155762265,0.2305896382159959,False,True
VSM_P,VSM/P,ckd_vs_normal,CKD vs normal,targeted_SubclassLevel1_VSM_P_ckd_vs_normal,CFB,alternative,-0.7244740853943359,0.1646738874633041,False,True
VSM_P,VSM/P,ckd_vs_normal,CKD vs normal,targeted_SubclassLevel1_VSM_P_ckd_vs_normal,CFD,alternative,0.0823489026162981,,False,True
VSM_P,VSM/P,ckd_vs_normal,CKD vs normal,targeted_SubclassLevel1_VSM_P_ckd_vs_normal,CFH,regulator,-0.0187649374647724,0.9675347500969386,False,True
VSM_P,VSM/P,ckd_vs_normal,CKD vs normal,targeted_SubclassLevel1_VSM_P_ckd_vs_normal,CFHR1,regulator,0.0028036030840926,,False,True
VSM_P,VSM/P,ckd_vs_normal,CKD vs normal,targeted_SubclassLevel1_VSM_P_ckd_vs_normal,CFHR2,regulator,,,False,False
VSM_P,VSM/P,ckd_vs_normal,CKD vs normal,targeted_SubclassLevel1_VSM_P_ckd_vs_normal,CFHR3,regulator,-0.0309733378907773,,False,True
VSM_P,VSM/P,ckd_vs_normal,CKD vs normal,targeted_SubclassLevel1_VSM_P_ckd_vs_normal,CFHR4,regulator,,,False,False
VSM_P,VSM/P,ckd_vs_normal,CKD vs normal,targeted_SubclassLevel1_VSM_P_ckd_vs_normal,CFHR5,regulator,,,False,False
VSM_P,VSM/P,ckd_vs_normal,CKD vs normal,targeted_SubclassLevel1_VSM_P_ckd_vs_normal,CFI,regulator,-0.3621912395998202,0.3166005288418678,False,True
VSM_P,VSM/P,ckd_vs_normal,CKD vs normal,targeted_SubclassLevel1_VSM_P_ckd_vs_normal,CFP,alternative,0.0826267990852451,,False,True
VSM_P,VSM/P,ckd_vs_normal,CKD vs normal,targeted_SubclassLevel1_VSM_P_ckd_vs_normal,CR1,receptor,-0.1832566258686898,,False,True
VSM_P,VSM/P,ckd_vs_normal,CKD vs normal,targeted_SubclassLevel1_VSM_P_ckd_vs_normal,CR2,receptor,0.0382947464507881,,False,True
VSM_P,VSM/P,ckd_vs_normal,CKD vs normal,targeted_SubclassLevel1_VSM_P_ckd_vs_normal,FCN1,lectin,0.0151826609361414,,False,True
VSM_P,VSM/P,ckd_vs_normal,CKD vs normal,targeted_SubclassLevel1_VSM_P_ckd_vs_normal,FCN2,lectin,,,False,False
VSM_P,VSM/P,ckd_vs_normal,CKD vs normal,targeted_SubclassLevel1_VSM_P_ckd_vs_normal,FCN3,lectin,-0.0035252259751233,,False,True
VSM_P,VSM/P,ckd_vs_normal,CKD vs normal,targeted_SubclassLevel1_VSM_P_ckd_vs_normal,ITGAM,receptor,0.9990173730561386,,False,True
VSM_P,VSM/P,ckd_vs_normal,CKD vs normal,targeted_SubclassLevel1_VSM_P_ckd_vs_normal,ITGAX,receptor,0.0953798023008928,,False,True
VSM_P,VSM/P,ckd_vs_normal,CKD vs normal,targeted_SubclassLevel1_VSM_P_ckd_vs_normal,MASP1,lectin,0.1875048545323218,,False,True
VSM_P,VSM/P,ckd_vs_normal,CKD vs normal,targeted_SubclassLevel1_VSM_P_ckd_vs_normal,MASP2,lectin,0.0083712800646987,,False,True
VSM_P,VSM/P,ckd_vs_normal,CKD vs normal,targeted_SubclassLevel1_VSM_P_ckd_vs_normal,MBL2,lectin,,,False,False
VSM_P,VSM/P,ckd_vs_normal,CKD vs normal,targeted_SubclassLevel1_VSM_P_ckd_vs_normal,SERPING1,regulator,-0.3611205565719875,0.3261755292301985,False,True
VSM_P,VSM/P,ckd_vs_normal,CKD vs normal,targeted_SubclassLevel1_VSM_P_ckd_vs_normal,VSIG4,receptor,-0.0829964477625025,,False,True
VSM_P,VSM/P,aki_vs_normal,AKI vs normal,targeted_SubclassLevel1_VSM_P_aki_vs_normal,C1QA,classical,0.0529709665601208,,False,True
VSM_P,VSM/P,aki_vs_normal,AKI vs normal,targeted_SubclassLevel1_VSM_P_aki_vs_normal,C1QB,classical,0.034363099587349,,False,True
VSM_P,VSM/P,aki_vs_normal,AKI vs normal,targeted_SubclassLevel1_VSM_P_aki_vs_normal,C1QC,classical,0.0228499781027015,,False,True
VSM_P,VSM/P,aki_vs_normal,AKI vs normal,targeted_SubclassLevel1_VSM_P_aki_vs_normal,C1R,classical,0.066920864547941,0.6077707094016955,False,True
VSM_P,VSM/P,aki_vs_normal,AKI vs normal,targeted_SubclassLevel1_VSM_P_aki_vs_normal,C1S,classical,0.041976957497461,0.7968044742252157,False,True
VSM_P,VSM/P,aki_vs_normal,AKI vs normal,targeted_SubclassLevel1_VSM_P_aki_vs_normal,C2,classical,-0.0310948064667204,,False,True
VSM_P,VSM/P,aki_vs_normal,AKI vs normal,targeted_SubclassLevel1_VSM_P_aki_vs_normal,C3,alternative,0.1045569445354346,,False,True
VSM_P,VSM/P,aki_vs_normal,AKI vs normal,targeted_SubclassLevel1_VSM_P_aki_vs_normal,C3AR1,receptor,0.0086758112767564,,False,True
VSM_P,VSM/P,aki_vs_normal,AKI vs normal,targeted_SubclassLevel1_VSM_P_aki_vs_normal,C4A,classical,,,False,False
VSM_P,VSM/P,aki_vs_normal,AKI vs normal,targeted_SubclassLevel1_VSM_P_aki_vs_normal,C4B,classical,,,False,False
VSM_P,VSM/P,aki_vs_normal,AKI vs normal,targeted_SubclassLevel1_VSM_P_aki_vs_normal,C4BPA,classical,0.006831778332826,,False,True
VSM_P,VSM/P,aki_vs_normal,AKI vs normal,targeted_SubclassLevel1_VSM_P_aki_vs_normal,C4BPB,classical,-0.0043991169071953,,False,True
VSM_P,VSM/P,aki_vs_normal,AKI vs normal,targeted_SubclassLevel1_VSM_P_aki_vs_normal,C5,terminal,0.0092687444788994,0.9607582255615584,False,True
VSM_P,VSM/P,aki_vs_normal,AKI vs normal,targeted_SubclassLevel1_VSM_P_aki_vs_normal,C5AR1,receptor,-0.0108918021127613,0.941002313644404,False,True
VSM_P,VSM/P,aki_vs_normal,AKI vs normal,targeted_SubclassLevel1_VSM_P_aki_vs_normal,C5AR2,receptor,0.0118383250553238,,False,True
VSM_P,VSM/P,aki_vs_normal,AKI vs normal,targeted_SubclassLevel1_VSM_P_aki_vs_normal,C6,terminal,-0.029090302262625,,False,True
VSM_P,VSM/P,aki_vs_normal,AKI vs normal,targeted_SubclassLevel1_VSM_P_aki_vs_normal,C7,terminal,0.1071708410911912,0.5343510723654938,False,True
VSM_P,VSM/P,aki_vs_normal,AKI vs normal,targeted_SubclassLevel1_VSM_P_aki_vs_normal,C8A,terminal,,,False,False
VSM_P,VSM/P,aki_vs_normal,AKI vs normal,targeted_SubclassLevel1_VSM_P_aki_vs_normal,C8B,terminal,,,False,False
VSM_P,VSM/P,aki_vs_normal,AKI vs normal,targeted_SubclassLevel1_VSM_P_aki_vs_normal,C8G,terminal,,,False,False
VSM_P,VSM/P,aki_vs_normal,AKI vs normal,targeted_SubclassLevel1_VSM_P_aki_vs_normal,C9,terminal,0.0633020692252341,,False,True
VSM_P,VSM/P,aki_vs_normal,AKI vs normal,targeted_SubclassLevel1_VSM_P_aki_vs_normal,CD46,regulator,-0.1680851194517651,0.4129830592916645,False,True
VSM_P,VSM/P,aki_vs_normal,AKI vs normal,targeted_SubclassLevel1_VSM_P_aki_vs_normal,CD55,regulator,-0.2817056503271896,0.207388060785086,False,True
VSM_P,VSM/P,aki_vs_normal,AKI vs normal,targeted_SubclassLevel1_VSM_P_aki_vs_normal,CD59,regulator,-0.0677999319078675,0.6507291382808217,False,True
VSM_P,VSM/P,aki_vs_normal,AKI vs normal,targeted_SubclassLevel1_VSM_P_aki_vs_normal,CFB,alternative,-0.0280130050293145,,False,True
VSM_P,VSM/P,aki_vs_normal,AKI vs normal,targeted_SubclassLevel1_VSM_P_aki_vs_normal,CFD,alternative,0.0179817118315685,,False,True
VSM_P,VSM/P,aki_vs_normal,AKI vs normal,targeted_SubclassLevel1_VSM_P_aki_vs_normal,CFH,regulator,0.0381448442395112,0.811398131010936,False,True
VSM_P,VSM/P,aki_vs_normal,AKI vs normal,targeted_SubclassLevel1_VSM_P_aki_vs_normal,CFHR1,regulator,0.0010861241326853,,False,True
VSM_P,VSM/P,aki_vs_normal,AKI vs normal,targeted_SubclassLevel1_VSM_P_aki_vs_normal,CFHR2,regulator,,,False,False
VSM_P,VSM/P,aki_vs_normal,AKI vs normal,targeted_SubclassLevel1_VSM_P_aki_vs_normal,CFHR3,regulator,,,False,False
VSM_P,VSM/P,aki_vs_normal,AKI vs normal,targeted_SubclassLevel1_VSM_P_aki_vs_normal,CFHR4,regulator,,,False,False
VSM_P,VSM/P,aki_vs_normal,AKI vs normal,targeted_SubclassLevel1_VSM_P_aki_vs_normal,CFHR5,regulator,,,False,False
VSM_P,VSM/P,aki_vs_normal,AKI vs normal,targeted_SubclassLevel1_VSM_P_aki_vs_normal,CFI,regulator,0.1251916570895742,0.3177047872115804,False,True
VSM_P,VSM/P,aki_vs_normal,AKI vs normal,targeted_SubclassLevel1_VSM_P_aki_vs_normal,CFP,alternative,,,False,False
VSM_P,VSM/P,aki_vs_normal,AKI vs normal,targeted_SubclassLevel1_VSM_P_aki_vs_normal,CR1,receptor,-0.0135838961627866,,False,True
VSM_P,VSM/P,aki_vs_normal,AKI vs normal,targeted_SubclassLevel1_VSM_P_aki_vs_normal,CR2,receptor,-0.0023805742461725,,False,True
VSM_P,VSM/P,aki_vs_normal,AKI vs normal,targeted_SubclassLevel1_VSM_P_aki_vs_normal,FCN1,lectin,-0.0026356327465875,,False,True
VSM_P,VSM/P,aki_vs_normal,AKI vs normal,targeted_SubclassLevel1_VSM_P_aki_vs_normal,FCN2,lectin,,,False,False
VSM_P,VSM/P,aki_vs_normal,AKI vs normal,targeted_SubclassLevel1_VSM_P_aki_vs_normal,FCN3,lectin,-0.0297954825511897,,False,True
VSM_P,VSM/P,aki_vs_normal,AKI vs normal,targeted_SubclassLevel1_VSM_P_aki_vs_normal,ITGAM,receptor,0.032483325139128,,False,True
VSM_P,VSM/P,aki_vs_normal,AKI vs normal,targeted_SubclassLevel1_VSM_P_aki_vs_normal,ITGAX,receptor,-0.006676717226514,,False,True
VSM_P,VSM/P,aki_vs_normal,AKI vs normal,targeted_SubclassLevel1_VSM_P_aki_vs_normal,MASP1,lectin,0.0065979376612584,,False,True
VSM_P,VSM/P,aki_vs_normal,AKI vs normal,targeted_SubclassLevel1_VSM_P_aki_vs_normal,MASP2,lectin,-0.0147436857575003,,False,True
VSM_P,VSM/P,aki_vs_normal,AKI vs normal,targeted_SubclassLevel1_VSM_P_aki_vs_normal,MBL2,lectin,,,False,False
VSM_P,VSM/P,aki_vs_normal,AKI vs normal,targeted_SubclassLevel1_VSM_P_aki_vs_normal,SERPING1,regulator,0.0386584938443177,0.8240196819175961,False,True
VSM_P,VSM/P,aki_vs_normal,AKI vs normal,targeted_SubclassLevel1_VSM_P_aki_vs_normal,VSIG4,receptor,0.0153075454219582,,False,True
VSM_P,VSM/P,aki_vs_ckd,AKI vs CKD,targeted_SubclassLevel1_VSM_P_aki_vs_ckd,C1QA,classical,0.001018607324848,0.9990404652200254,False,True
VSM_P,VSM/P,aki_vs_ckd,AKI vs CKD,targeted_SubclassLevel1_VSM_P_aki_vs_ckd,C1QB,classical,0.0020130942594839,0.9990404652200254,False,True
VSM_P,VSM/P,aki_vs_ckd,AKI vs CKD,targeted_SubclassLevel1_VSM_P_aki_vs_ckd,C1QC,classical,0.0012538422389471,0.9990404652200254,False,True
VSM_P,VSM/P,aki_vs_ckd,AKI vs CKD,targeted_SubclassLevel1_VSM_P_aki_vs_ckd,C1R,classical,0.0023941601068971,0.9990404652200254,False,True
VSM_P,VSM/P,aki_vs_ckd,AKI vs CKD,targeted_SubclassLevel1_VSM_P_aki_vs_ckd,C1S,classical,0.002963061175905,0.9990404652200254,False,True
VSM_P,VSM/P,aki_vs_ckd,AKI vs CKD,targeted_SubclassLevel1_VSM_P_aki_vs_ckd,C2,classical,-0.0040019481977833,0.9990404652200254,False,True
VSM_P,VSM/P,aki_vs_ckd,AKI vs CKD,targeted_SubclassLevel1_VSM_P_aki_vs_ckd,C3,alternative,0.0034403022984792,0.9990404652200254,False,True
VSM_P,VSM/P,aki_vs_ckd,AKI vs CKD,targeted_SubclassLevel1_VSM_P_aki_vs_ckd,C3AR1,receptor,,,False,False
VSM_P,VSM/P,aki_vs_ckd,AKI vs CKD,targeted_SubclassLevel1_VSM_P_aki_vs_ckd,C4A,classical,,,False,False
VSM_P,VSM/P,aki_vs_ckd,AKI vs CKD,targeted_SubclassLevel1_VSM_P_aki_vs_ckd,C4B,classical,,,False,False
VSM_P,VSM/P,aki_vs_ckd,AKI vs CKD,targeted_SubclassLevel1_VSM_P_aki_vs_ckd,C4BPA,classical,,,False,False
VSM_P,VSM/P,aki_vs_ckd,AKI vs CKD,targeted_SubclassLevel1_VSM_P_aki_vs_ckd,C4BPB,classical,,,False,False
VSM_P,VSM/P,aki_vs_ckd,AKI vs CKD,targeted_SubclassLevel1_VSM_P_aki_vs_ckd,C5,terminal,0.0007902792832107,0.9990404652200254,False,True
VSM_P,VSM/P,aki_vs_ckd,AKI vs CKD,targeted_SubclassLevel1_VSM_P_aki_vs_ckd,C5AR1,receptor,-0.0011879127066688,0.9990404652200254,False,True
VSM_P,VSM/P,aki_vs_ckd,AKI vs CKD,targeted_SubclassLevel1_VSM_P_aki_vs_ckd,C5AR2,receptor,,,False,False
VSM_P,VSM/P,aki_vs_ckd,AKI vs CKD,targeted_SubclassLevel1_VSM_P_aki_vs_ckd,C6,terminal,0.0001245137788207,0.9996289934445808,False,True
VSM_P,VSM/P,aki_vs_ckd,AKI vs CKD,targeted_SubclassLevel1_VSM_P_aki_vs_ckd,C7,terminal,0.0018836233808452,0.9990404652200254,False,True
VSM_P,VSM/P,aki_vs_ckd,AKI vs CKD,targeted_SubclassLevel1_VSM_P_aki_vs_ckd,C8A,terminal,,,False,False
VSM_P,VSM/P,aki_vs_ckd,AKI vs CKD,targeted_SubclassLevel1_VSM_P_aki_vs_ckd,C8B,terminal,,,False,False
VSM_P,VSM/P,aki_vs_ckd,AKI vs CKD,targeted_SubclassLevel1_VSM_P_aki_vs_ckd,C8G,terminal,,,False,False
VSM_P,VSM/P,aki_vs_ckd,AKI vs CKD,targeted_SubclassLevel1_VSM_P_aki_vs_ckd,C9,terminal,0.0011614013001354,0.9990404652200254,False,True
VSM_P,VSM/P,aki_vs_ckd,AKI vs CKD,targeted_SubclassLevel1_VSM_P_aki_vs_ckd,CD46,regulator,-0.0059161182883678,0.9990404652200254,False,True
VSM_P,VSM/P,aki_vs_ckd,AKI vs CKD,targeted_SubclassLevel1_VSM_P_aki_vs_ckd,CD55,regulator,-0.0113060175185367,0.1695510776540729,False,True
VSM_P,VSM/P,aki_vs_ckd,AKI vs CKD,targeted_SubclassLevel1_VSM_P_aki_vs_ckd,CD59,regulator,-0.0013434059525647,0.9990404652200254,False,True
VSM_P,VSM/P,aki_vs_ckd,AKI vs CKD,targeted_SubclassLevel1_VSM_P_aki_vs_ckd,CFB,alternative,-0.0004303803557334,0.9990404652200254,False,True
VSM_P,VSM/P,aki_vs_ckd,AKI vs CKD,targeted_SubclassLevel1_VSM_P_aki_vs_ckd,CFD,alternative,-0.0013046681026159,0.9990404652200254,False,True
VSM_P,VSM/P,aki_vs_ckd,AKI vs CKD,targeted_SubclassLevel1_VSM_P_aki_vs_ckd,CFH,regulator,0.0012030495200708,0.9990404652200254,False,True
VSM_P,VSM/P,aki_vs_ckd,AKI vs CKD,targeted_SubclassLevel1_VSM_P_aki_vs_ckd,CFHR1,regulator,,,False,False
VSM_P,VSM/P,aki_vs_ckd,AKI vs CKD,targeted_SubclassLevel1_VSM_P_aki_vs_ckd,CFHR2,regulator,,,False,False
VSM_P,VSM/P,aki_vs_ckd,AKI vs CKD,targeted_SubclassLevel1_VSM_P_aki_vs_ckd,CFHR3,regulator,,,False,False
VSM_P,VSM/P,aki_vs_ckd,AKI vs CKD,targeted_SubclassLevel1_VSM_P_aki_vs_ckd,CFHR4,regulator,,,False,False
VSM_P,VSM/P,aki_vs_ckd,AKI vs CKD,targeted_SubclassLevel1_VSM_P_aki_vs_ckd,CFHR5,regulator,,,False,False
VSM_P,VSM/P,aki_vs_ckd,AKI vs CKD,targeted_SubclassLevel1_VSM_P_aki_vs_ckd,CFI,regulator,0.004199665984258,0.9990404652200254,False,True
VSM_P,VSM/P,aki_vs_ckd,AKI vs CKD,targeted_SubclassLevel1_VSM_P_aki_vs_ckd,CFP,alternative,,,False,False
VSM_P,VSM/P,aki_vs_ckd,AKI vs CKD,targeted_SubclassLevel1_VSM_P_aki_vs_ckd,CR1,receptor,0.0005180244488374,0.9990404652200254,False,True
VSM_P,VSM/P,aki_vs_ckd,AKI vs CKD,targeted_SubclassLevel1_VSM_P_aki_vs_ckd,CR2,receptor,,,False,False
VSM_P,VSM/P,aki_vs_ckd,AKI vs CKD,targeted_SubclassLevel1_VSM_P_aki_vs_ckd,FCN1,lectin,,,False,False
VSM_P,VSM/P,aki_vs_ckd,AKI vs CKD,targeted_SubclassLevel1_VSM_P_aki_vs_ckd,FCN2,lectin,,,False,False
VSM_P,VSM/P,aki_vs_ckd,AKI vs CKD,targeted_SubclassLevel1_VSM_P_aki_vs_ckd,FCN3,lectin,3.6683819134390635e-05,0.9990404652200254,False,True
VSM_P,VSM/P,aki_vs_ckd,AKI vs CKD,targeted_SubclassLevel1_VSM_P_aki_vs_ckd,ITGAM,receptor,-0.0010281070119072,0.9990404652200254,False,True
VSM_P,VSM/P,aki_vs_ckd,AKI vs CKD,targeted_SubclassLevel1_VSM_P_aki_vs_ckd,ITGAX,receptor,0.0003416813225644,0.9990404652200254,False,True
VSM_P,VSM/P,aki_vs_ckd,AKI vs CKD,targeted_SubclassLevel1_VSM_P_aki_vs_ckd,MASP1,lectin,-0.000394988548197,0.9990404652200254,False,True
VSM_P,VSM/P,aki_vs_ckd,AKI vs CKD,targeted_SubclassLevel1_VSM_P_aki_vs_ckd,MASP2,lectin,-0.0008359714478066,0.9990404652200254,False,True
VSM_P,VSM/P,aki_vs_ckd,AKI vs CKD,targeted_SubclassLevel1_VSM_P_aki_vs_ckd,MBL2,lectin,,,False,False
VSM_P,VSM/P,aki_vs_ckd,AKI vs CKD,targeted_SubclassLevel1_VSM_P_aki_vs_ckd,SERPING1,regulator,0.0014938584960942,0.9990404652200254,False,True
VSM_P,VSM/P,aki_vs_ckd,AKI vs CKD,targeted_SubclassLevel1_VSM_P_aki_vs_ckd,VSIG4,receptor,,,False,False
