population,comparison_id,comparison,gene_id,gene_symbol,complement_module,passes_expression_filter,total_pseudobulk_count,detected_pseudobulk_donors,deseq2_base_mean,deseq2_log2fc_mle,deseq2_lfc_se_mle,deseq2_log2fc_shrunk,deseq2_lfc_se_shrunk,deseq2_log2fc,deseq2_lfc_se,deseq2_lfc_shrunk_applied,deseq2_p_value,deseq2_q_value,is_de_primary_q_0_05,model_n_fitted_group1,model_n_fitted_group2,model_n_fitted_nuclei_group1,model_n_fitted_nuclei_group2,model_candidate_covariates,model_final_covariates,model_n_complete_case_dropped,model_used_unadjusted_fallback,model_design_formula,source_file
global,aki_vs_ckd,acute kidney injury vs chronic kidney disease,ENSG00000125730,C3,alternative,True,59270,135,337.39734150223205,2.32210059458164,0.3661576803764018,2.202025365067222,0.3739240408771468,2.202025365067222,0.3739240408771468,True,2.2708869527740483e-10,2.2213479744339033e-07,True,34.0,94.0,124074.0,311889.0,sex;diabetes_history_clean;hypertension_clean;Race_grouped;Age_grouped,sex;diabetes_history_clean;hypertension_clean;Race_grouped;Age_grouped,7.0,False,~ sex + diabetes_history_clean + hypertension_clean + Race_grouped + Age_grouped + disease,pseudobulk_de_aki_vs_ckd.csv
global,aki_vs_ckd,acute kidney injury vs chronic kidney disease,ENSG00000243649,CFB,alternative,True,26653,135,120.5341136033082,1.569398923187367,0.2729490018208661,1.4726016800729256,0.2765264301532629,1.4726016800729256,0.2765264301532629,True,8.935536719015934e-09,2.7441448870456953e-06,True,34.0,94.0,124074.0,311889.0,sex;diabetes_history_clean;hypertension_clean;Race_grouped;Age_grouped,sex;diabetes_history_clean;hypertension_clean;Race_grouped;Age_grouped,7.0,False,~ sex + diabetes_history_clean + hypertension_clean + Race_grouped + Age_grouped + disease,pseudobulk_de_aki_vs_ckd.csv
global,aki_vs_ckd,acute kidney injury vs chronic kidney disease,ENSG00000197766,CFD,alternative,True,13496,130,63.84301890147733,0.0241147413227584,0.37295212883009,0.0048265479423099,0.2046606935464232,0.0048265479423099,0.2046606935464232,True,0.9484454444896724,0.9760898037804132,False,34.0,94.0,124074.0,311889.0,sex;diabetes_history_clean;hypertension_clean;Race_grouped;Age_grouped,sex;diabetes_history_clean;hypertension_clean;Race_grouped;Age_grouped,7.0,False,~ sex + diabetes_history_clean + hypertension_clean + Race_grouped + Age_grouped + disease,pseudobulk_de_aki_vs_ckd.csv
global,aki_vs_ckd,acute kidney injury vs chronic kidney disease,ENSG00000126759,CFP,alternative,True,1504,130,9.287924799669764,0.7011849102201437,0.282845461457849,0.4018169110056115,0.3300340011032802,0.4018169110056115,0.3300340011032802,True,0.0131736926710988,0.078000702362468,False,34.0,94.0,124074.0,311889.0,sex;diabetes_history_clean;hypertension_clean;Race_grouped;Age_grouped,sex;diabetes_history_clean;hypertension_clean;Race_grouped;Age_grouped,7.0,False,~ sex + diabetes_history_clean + hypertension_clean + Race_grouped + Age_grouped + disease,pseudobulk_de_aki_vs_ckd.csv
global,aki_vs_ckd,acute kidney injury vs chronic kidney disease,ENSG00000173372,C1QA,classical,True,29881,134,175.77614991378596,1.9071869682593752,0.4707474182218606,1.4648097125849031,0.6528078640238596,1.4648097125849031,0.6528078640238596,True,5.09116788341521e-05,0.0015491110019456,True,34.0,94.0,124074.0,311889.0,sex;diabetes_history_clean;hypertension_clean;Race_grouped;Age_grouped,sex;diabetes_history_clean;hypertension_clean;Race_grouped;Age_grouped,7.0,False,~ sex + diabetes_history_clean + hypertension_clean + Race_grouped + Age_grouped + disease,pseudobulk_de_aki_vs_ckd.csv
global,aki_vs_ckd,acute kidney injury vs chronic kidney disease,ENSG00000173369,C1QB,classical,True,25065,132,145.18535396917048,2.078492298968724,0.4993352569063921,1.608980105508897,0.7012352305097689,1.608980105508897,0.7012352305097689,True,3.1475648147323545e-05,0.0010860756579666,True,34.0,94.0,124074.0,311889.0,sex;diabetes_history_clean;hypertension_clean;Race_grouped;Age_grouped,sex;diabetes_history_clean;hypertension_clean;Race_grouped;Age_grouped,7.0,False,~ sex + diabetes_history_clean + hypertension_clean + Race_grouped + Age_grouped + disease,pseudobulk_de_aki_vs_ckd.csv
global,aki_vs_ckd,acute kidney injury vs chronic kidney disease,ENSG00000159189,C1QC,classical,True,14641,129,86.87084305221262,2.441340212744338,0.511942254682605,2.063945853970256,0.6815713746643204,2.063945853970256,0.6815713746643204,True,1.8534452216213573e-06,0.0001352247009619,True,34.0,94.0,124074.0,311889.0,sex;diabetes_history_clean;hypertension_clean;Race_grouped;Age_grouped,sex;diabetes_history_clean;hypertension_clean;Race_grouped;Age_grouped,7.0,False,~ sex + diabetes_history_clean + hypertension_clean + Race_grouped + Age_grouped + disease,pseudobulk_de_aki_vs_ckd.csv
global,aki_vs_ckd,acute kidney injury vs chronic kidney disease,ENSG00000159403,C1R,classical,True,36825,134,167.26128445002593,0.7491423343811733,0.2759910727621942,0.4985039794146618,0.3114005898889343,0.4985039794146618,0.3114005898889343,True,0.0066401632272884,0.049289868183225,True,34.0,94.0,124074.0,311889.0,sex;diabetes_history_clean;hypertension_clean;Race_grouped;Age_grouped,sex;diabetes_history_clean;hypertension_clean;Race_grouped;Age_grouped,7.0,False,~ sex + diabetes_history_clean + hypertension_clean + Race_grouped + Age_grouped + disease,pseudobulk_de_aki_vs_ckd.csv
global,aki_vs_ckd,acute kidney injury vs chronic kidney disease,ENSG00000182326,C1S,classical,True,66706,135,307.7575038032364,0.3995549593883392,0.1568519354070139,0.3188084402394197,0.1580720055539512,0.3188084402394197,0.1580720055539512,True,0.010854811251949,0.0685688639022308,False,34.0,94.0,124074.0,311889.0,sex;diabetes_history_clean;hypertension_clean;Race_grouped;Age_grouped,sex;diabetes_history_clean;hypertension_clean;Race_grouped;Age_grouped,7.0,False,~ sex + diabetes_history_clean + hypertension_clean + Race_grouped + Age_grouped + disease,pseudobulk_de_aki_vs_ckd.csv
global,aki_vs_ckd,acute kidney injury vs chronic kidney disease,ENSG00000166278,C2,classical,True,26239,135,137.44134282076476,0.6540835255792139,0.1485722270569949,0.5950429000761787,0.1494841258089329,0.5950429000761787,0.1494841258089329,True,1.0702953400973283e-05,0.0005047780397734,True,34.0,94.0,124074.0,311889.0,sex;diabetes_history_clean;hypertension_clean;Race_grouped;Age_grouped,sex;diabetes_history_clean;hypertension_clean;Race_grouped;Age_grouped,7.0,False,~ sex + diabetes_history_clean + hypertension_clean + Race_grouped + Age_grouped + disease,pseudobulk_de_aki_vs_ckd.csv
global,aki_vs_ckd,acute kidney injury vs chronic kidney disease,ENSG00000244731,C4A,classical,True,1026,113,6.1598164843169725,1.5479086170427576,0.3896083613431964,1.3226594145118926,0.4497808559797462,1.3226594145118926,0.4497808559797462,True,7.097718264151089e-05,0.0019877867225963,True,34.0,94.0,124074.0,311889.0,sex;diabetes_history_clean;hypertension_clean;Race_grouped;Age_grouped,sex;diabetes_history_clean;hypertension_clean;Race_grouped;Age_grouped,7.0,False,~ sex + diabetes_history_clean + hypertension_clean + Race_grouped + Age_grouped + disease,pseudobulk_de_aki_vs_ckd.csv
global,aki_vs_ckd,acute kidney injury vs chronic kidney disease,ENSG00000224389,C4B,classical,True,756,111,4.689859904742168,1.273279179451552,0.410101699948348,0.9330402846269648,0.4802776519886269,0.9330402846269648,0.4802776519886269,True,0.0019041491261817,0.020670153132588,True,34.0,94.0,124074.0,311889.0,sex;diabetes_history_clean;hypertension_clean;Race_grouped;Age_grouped,sex;diabetes_history_clean;hypertension_clean;Race_grouped;Age_grouped,7.0,False,~ sex + diabetes_history_clean + hypertension_clean + Race_grouped + Age_grouped + disease,pseudobulk_de_aki_vs_ckd.csv
global,aki_vs_ckd,acute kidney injury vs chronic kidney disease,ENSG00000123838,C4BPA,classical,True,1647,121,7.346969552612522,0.0817357386354906,0.3125067016751874,0.024374022424388,0.185773620068132,0.024374022424388,0.185773620068132,True,0.7936693567672011,0.8992624953827145,False,34.0,94.0,124074.0,311889.0,sex;diabetes_history_clean;hypertension_clean;Race_grouped;Age_grouped,sex;diabetes_history_clean;hypertension_clean;Race_grouped;Age_grouped,7.0,False,~ sex + diabetes_history_clean + hypertension_clean + Race_grouped + Age_grouped + disease,pseudobulk_de_aki_vs_ckd.csv
global,aki_vs_ckd,acute kidney injury vs chronic kidney disease,ENSG00000123843,C4BPB,classical,True,1268,116,6.664878961273931,0.1489305000118791,0.3787588595943765,0.0264785949692634,0.1965791459137846,0.0264785949692634,0.1965791459137846,True,0.6941668630386242,0.8426398207662971,False,34.0,94.0,124074.0,311889.0,sex;diabetes_history_clean;hypertension_clean;Race_grouped;Age_grouped,sex;diabetes_history_clean;hypertension_clean;Race_grouped;Age_grouped,7.0,False,~ sex + diabetes_history_clean + hypertension_clean + Race_grouped + Age_grouped + disease,pseudobulk_de_aki_vs_ckd.csv
global,aki_vs_ckd,acute kidney injury vs chronic kidney disease,ENSG00000085265,FCN1,lectin,True,6911,130,41.295621847357296,1.7571207503654642,0.393578053529366,1.4455037362646264,0.5212694221582197,1.4455037362646264,0.5212694221582197,True,8.026401486306988e-06,0.000413226685487,True,34.0,94.0,124074.0,311889.0,sex;diabetes_history_clean;hypertension_clean;Race_grouped;Age_grouped,sex;diabetes_history_clean;hypertension_clean;Race_grouped;Age_grouped,7.0,False,~ sex + diabetes_history_clean + hypertension_clean + Race_grouped + Age_grouped + disease,pseudobulk_de_aki_vs_ckd.csv
global,aki_vs_ckd,acute kidney injury vs chronic kidney disease,ENSG00000160339,FCN2,lectin,True,168,66,0.8521038026205525,0.3568859478293312,0.5330873108197599,0.0605143370280368,0.2193985185629606,0.0605143370280368,0.2193985185629606,True,0.5031957284569978,,False,34.0,94.0,124074.0,311889.0,sex;diabetes_history_clean;hypertension_clean;Race_grouped;Age_grouped,sex;diabetes_history_clean;hypertension_clean;Race_grouped;Age_grouped,7.0,False,~ sex + diabetes_history_clean + hypertension_clean + Race_grouped + Age_grouped + disease,pseudobulk_de_aki_vs_ckd.csv
global,aki_vs_ckd,acute kidney injury vs chronic kidney disease,ENSG00000142748,FCN3,lectin,True,3925,128,16.849582883553595,-0.3313492246726011,0.3259969099599121,-0.0765504991023757,0.2182721352336773,-0.0765504991023757,0.2182721352336773,True,0.3094302353341344,0.5525796952090098,False,34.0,94.0,124074.0,311889.0,sex;diabetes_history_clean;hypertension_clean;Race_grouped;Age_grouped,sex;diabetes_history_clean;hypertension_clean;Race_grouped;Age_grouped,7.0,False,~ sex + diabetes_history_clean + hypertension_clean + Race_grouped + Age_grouped + disease,pseudobulk_de_aki_vs_ckd.csv
global,aki_vs_ckd,acute kidney injury vs chronic kidney disease,ENSG00000127241,MASP1,lectin,True,18392,135,96.07770269602956,0.0766444836695615,0.1962330775313844,0.0406302888124312,0.1490087926355563,0.0406302888124312,0.1490087926355563,True,0.6961085844461778,0.8433451295324772,False,34.0,94.0,124074.0,311889.0,sex;diabetes_history_clean;hypertension_clean;Race_grouped;Age_grouped,sex;diabetes_history_clean;hypertension_clean;Race_grouped;Age_grouped,7.0,False,~ sex + diabetes_history_clean + hypertension_clean + Race_grouped + Age_grouped + disease,pseudobulk_de_aki_vs_ckd.csv
global,aki_vs_ckd,acute kidney injury vs chronic kidney disease,ENSG00000009724,MASP2,lectin,True,2052,123,9.4891202244354,-0.1838309420396828,0.3068168848897738,-0.049190342164671,0.1845944379253507,-0.049190342164671,0.1845944379253507,True,0.5490693726826448,0.7509046811268295,False,34.0,94.0,124074.0,311889.0,sex;diabetes_history_clean;hypertension_clean;Race_grouped;Age_grouped,sex;diabetes_history_clean;hypertension_clean;Race_grouped;Age_grouped,7.0,False,~ sex + diabetes_history_clean + hypertension_clean + Race_grouped + Age_grouped + disease,pseudobulk_de_aki_vs_ckd.csv
global,aki_vs_ckd,acute kidney injury vs chronic kidney disease,ENSG00000165471,MBL2,lectin,True,37,23,0.201546733437065,-0.5995853579556663,1.0829334808889908,-0.0276127085472829,0.2068924757788084,-0.0276127085472829,0.2068924757788084,True,0.5798062412619934,,False,34.0,94.0,124074.0,311889.0,sex;diabetes_history_clean;hypertension_clean;Race_grouped;Age_grouped,sex;diabetes_history_clean;hypertension_clean;Race_grouped;Age_grouped,7.0,False,~ sex + diabetes_history_clean + hypertension_clean + Race_grouped + Age_grouped + disease,pseudobulk_de_aki_vs_ckd.csv
global,aki_vs_ckd,acute kidney injury vs chronic kidney disease,ENSG00000171860,C3AR1,receptor,True,5292,131,31.77028348191419,1.1568309347872423,0.3841115128341332,0.5979573977536944,0.5990234990730335,0.5979573977536944,0.5990234990730335,True,0.0025978409810174,0.0255441467422382,True,34.0,94.0,124074.0,311889.0,sex;diabetes_history_clean;hypertension_clean;Race_grouped;Age_grouped,sex;diabetes_history_clean;hypertension_clean;Race_grouped;Age_grouped,7.0,False,~ sex + diabetes_history_clean + hypertension_clean + Race_grouped + Age_grouped + disease,pseudobulk_de_aki_vs_ckd.csv
global,aki_vs_ckd,acute kidney injury vs chronic kidney disease,ENSG00000197405,C5AR1,receptor,True,67873,135,347.95236456794066,0.3883477871707592,0.2161017555134662,0.2297555195351271,0.2016901692667041,0.2297555195351271,0.2016901692667041,True,0.0723261196745563,0.232895043492405,False,34.0,94.0,124074.0,311889.0,sex;diabetes_history_clean;hypertension_clean;Race_grouped;Age_grouped,sex;diabetes_history_clean;hypertension_clean;Race_grouped;Age_grouped,7.0,False,~ sex + diabetes_history_clean + hypertension_clean + Race_grouped + Age_grouped + disease,pseudobulk_de_aki_vs_ckd.csv
global,aki_vs_ckd,acute kidney injury vs chronic kidney disease,ENSG00000134830,C5AR2,receptor,True,5496,134,30.897464874750472,-0.4390798159375665,0.1780635990997016,-0.3150218037500719,0.1893413789448909,-0.3150218037500719,0.1893413789448909,True,0.0136684940007736,0.0799908254053698,False,34.0,94.0,124074.0,311889.0,sex;diabetes_history_clean;hypertension_clean;Race_grouped;Age_grouped,sex;diabetes_history_clean;hypertension_clean;Race_grouped;Age_grouped,7.0,False,~ sex + diabetes_history_clean + hypertension_clean + Race_grouped + Age_grouped + disease,pseudobulk_de_aki_vs_ckd.csv
global,aki_vs_ckd,acute kidney injury vs chronic kidney disease,ENSG00000203710,CR1,receptor,True,35343,135,207.54727133500376,0.9281565376423252,0.3606381967025125,0.3182783022016489,0.4557309690144729,0.3182783022016489,0.4557309690144729,True,0.0100631980706767,0.0650940789234982,False,34.0,94.0,124074.0,311889.0,sex;diabetes_history_clean;hypertension_clean;Race_grouped;Age_grouped,sex;diabetes_history_clean;hypertension_clean;Race_grouped;Age_grouped,7.0,False,~ sex + diabetes_history_clean + hypertension_clean + Race_grouped + Age_grouped + disease,pseudobulk_de_aki_vs_ckd.csv
global,aki_vs_ckd,acute kidney injury vs chronic kidney disease,ENSG00000117322,CR2,receptor,True,5977,132,32.52050516249447,-0.1402263418472928,0.4140101988883755,-0.0238936996155629,0.2316682342436581,-0.0238936996155629,0.2316682342436581,True,0.7348337616848721,0.8665451245640198,False,34.0,94.0,124074.0,311889.0,sex;diabetes_history_clean;hypertension_clean;Race_grouped;Age_grouped,sex;diabetes_history_clean;hypertension_clean;Race_grouped;Age_grouped,7.0,False,~ sex + diabetes_history_clean + hypertension_clean + Race_grouped + Age_grouped + disease,pseudobulk_de_aki_vs_ckd.csv
global,aki_vs_ckd,acute kidney injury vs chronic kidney disease,ENSG00000169896,ITGAM,receptor,True,9115,134,52.21303015845118,0.9426877457349666,0.3087753529754209,0.6012271306578997,0.4126043695257227,0.6012271306578997,0.4126043695257227,True,0.0022657426891999,0.0233296413896528,True,34.0,94.0,124074.0,311889.0,sex;diabetes_history_clean;hypertension_clean;Race_grouped;Age_grouped,sex;diabetes_history_clean;hypertension_clean;Race_grouped;Age_grouped,7.0,False,~ sex + diabetes_history_clean + hypertension_clean + Race_grouped + Age_grouped + disease,pseudobulk_de_aki_vs_ckd.csv
global,aki_vs_ckd,acute kidney injury vs chronic kidney disease,ENSG00000140678,ITGAX,receptor,True,12881,132,77.99995066574226,1.2425022100996987,0.3978998064610649,0.7170054118935673,0.5894472440208959,0.7170054118935673,0.5894472440208959,True,0.001792301676542,0.0198809238047678,True,34.0,94.0,124074.0,311889.0,sex;diabetes_history_clean;hypertension_clean;Race_grouped;Age_grouped,sex;diabetes_history_clean;hypertension_clean;Race_grouped;Age_grouped,7.0,False,~ sex + diabetes_history_clean + hypertension_clean + Race_grouped + Age_grouped + disease,pseudobulk_de_aki_vs_ckd.csv
global,aki_vs_ckd,acute kidney injury vs chronic kidney disease,ENSG00000155659,VSIG4,receptor,True,6901,129,37.73589664221787,1.1839782210231764,0.4168195370167803,0.2889793567445736,0.5126901693645683,0.2889793567445736,0.5126901693645683,True,0.0045042084864003,0.0377652858204193,True,34.0,94.0,124074.0,311889.0,sex;diabetes_history_clean;hypertension_clean;Race_grouped;Age_grouped,sex;diabetes_history_clean;hypertension_clean;Race_grouped;Age_grouped,7.0,False,~ sex + diabetes_history_clean + hypertension_clean + Race_grouped + Age_grouped + disease,pseudobulk_de_aki_vs_ckd.csv
global,aki_vs_ckd,acute kidney injury vs chronic kidney disease,ENSG00000117335,CD46,regulator,True,335772,135,1439.5598201511089,-0.2274574181408744,0.1207938151860135,-0.1759090168377763,0.1187044719868404,-0.1759090168377763,0.1187044719868404,True,0.059697379086297,0.2074016678569048,False,34.0,94.0,124074.0,311889.0,sex;diabetes_history_clean;hypertension_clean;Race_grouped;Age_grouped,sex;diabetes_history_clean;hypertension_clean;Race_grouped;Age_grouped,7.0,False,~ sex + diabetes_history_clean + hypertension_clean + Race_grouped + Age_grouped + disease,pseudobulk_de_aki_vs_ckd.csv
global,aki_vs_ckd,acute kidney injury vs chronic kidney disease,ENSG00000196352,CD55,regulator,True,62142,135,279.361490808441,-0.1979839223017178,0.1368741745529158,-0.1402188468512099,0.1280138474363168,-0.1402188468512099,0.1280138474363168,True,0.1480463726974314,0.3628504240196926,False,34.0,94.0,124074.0,311889.0,sex;diabetes_history_clean;hypertension_clean;Race_grouped;Age_grouped,sex;diabetes_history_clean;hypertension_clean;Race_grouped;Age_grouped,7.0,False,~ sex + diabetes_history_clean + hypertension_clean + Race_grouped + Age_grouped + disease,pseudobulk_de_aki_vs_ckd.csv
global,aki_vs_ckd,acute kidney injury vs chronic kidney disease,ENSG00000085063,CD59,regulator,True,269531,135,1134.7946903718787,0.1185748542084513,0.1785664481586095,0.0635515779162158,0.1508660978080935,0.0635515779162158,0.1508660978080935,True,0.5066661798128813,0.7203480019675277,False,34.0,94.0,124074.0,311889.0,sex;diabetes_history_clean;hypertension_clean;Race_grouped;Age_grouped,sex;diabetes_history_clean;hypertension_clean;Race_grouped;Age_grouped,7.0,False,~ sex + diabetes_history_clean + hypertension_clean + Race_grouped + Age_grouped + disease,pseudobulk_de_aki_vs_ckd.csv
global,aki_vs_ckd,acute kidney injury vs chronic kidney disease,ENSG00000000971,CFH,regulator,True,61410,135,284.2637155006857,0.6015879011056781,0.2240307771333193,0.4451550539877447,0.2301431778382625,0.4451550539877447,0.2301431778382625,True,0.0072466612146017,0.0520105934815637,False,34.0,94.0,124074.0,311889.0,sex;diabetes_history_clean;hypertension_clean;Race_grouped;Age_grouped,sex;diabetes_history_clean;hypertension_clean;Race_grouped;Age_grouped,7.0,False,~ sex + diabetes_history_clean + hypertension_clean + Race_grouped + Age_grouped + disease,pseudobulk_de_aki_vs_ckd.csv
global,aki_vs_ckd,acute kidney injury vs chronic kidney disease,ENSG00000205403,CFI,regulator,True,262851,135,1211.0783548138018,0.8633922339476441,0.1679095302119989,0.8033650939249204,0.1699553451984393,0.8033650939249204,0.1699553451984393,True,2.718167960401934e-07,3.339048093124441e-05,True,34.0,94.0,124074.0,311889.0,sex;diabetes_history_clean;hypertension_clean;Race_grouped;Age_grouped,sex;diabetes_history_clean;hypertension_clean;Race_grouped;Age_grouped,7.0,False,~ sex + diabetes_history_clean + hypertension_clean + Race_grouped + Age_grouped + disease,pseudobulk_de_aki_vs_ckd.csv
global,aki_vs_ckd,acute kidney injury vs chronic kidney disease,ENSG00000149131,SERPING1,regulator,True,103801,135,404.56333905219634,0.8573991551582115,0.2040054032595826,0.7533509345368262,0.2178154393545942,0.7533509345368262,0.2178154393545942,True,2.636035454983133e-05,0.0009656079389952,True,34.0,94.0,124074.0,311889.0,sex;diabetes_history_clean;hypertension_clean;Race_grouped;Age_grouped,sex;diabetes_history_clean;hypertension_clean;Race_grouped;Age_grouped,7.0,False,~ sex + diabetes_history_clean + hypertension_clean + Race_grouped + Age_grouped + disease,pseudobulk_de_aki_vs_ckd.csv
global,aki_vs_ckd,acute kidney injury vs chronic kidney disease,ENSG00000106804,C5,terminal,True,33769,135,156.56770655329518,0.1151375384196742,0.122345837254173,0.0841025842287066,0.112567527533019,0.0841025842287066,0.112567527533019,True,0.3466625324467084,0.5890932453718771,False,34.0,94.0,124074.0,311889.0,sex;diabetes_history_clean;hypertension_clean;Race_grouped;Age_grouped,sex;diabetes_history_clean;hypertension_clean;Race_grouped;Age_grouped,7.0,False,~ sex + diabetes_history_clean + hypertension_clean + Race_grouped + Age_grouped + disease,pseudobulk_de_aki_vs_ckd.csv
global,aki_vs_ckd,acute kidney injury vs chronic kidney disease,ENSG00000039537,C6,terminal,True,8601,133,40.87360283259416,0.0745662116447504,0.2769234574591434,0.0288649756702821,0.1764542326992429,0.0288649756702821,0.1764542326992429,True,0.7877246054281389,0.8961703447754717,False,34.0,94.0,124074.0,311889.0,sex;diabetes_history_clean;hypertension_clean;Race_grouped;Age_grouped,sex;diabetes_history_clean;hypertension_clean;Race_grouped;Age_grouped,7.0,False,~ sex + diabetes_history_clean + hypertension_clean + Race_grouped + Age_grouped + disease,pseudobulk_de_aki_vs_ckd.csv
global,aki_vs_ckd,acute kidney injury vs chronic kidney disease,ENSG00000112936,C7,terminal,True,259346,135,1183.7866965994622,-0.1278362495117125,0.2716766570420714,-0.0420272451093719,0.1850804604020489,-0.0420272451093719,0.1850804604020489,True,0.6379652792750474,0.8081199516035145,False,34.0,94.0,124074.0,311889.0,sex;diabetes_history_clean;hypertension_clean;Race_grouped;Age_grouped,sex;diabetes_history_clean;hypertension_clean;Race_grouped;Age_grouped,7.0,False,~ sex + diabetes_history_clean + hypertension_clean + Race_grouped + Age_grouped + disease,pseudobulk_de_aki_vs_ckd.csv
global,aki_vs_ckd,acute kidney injury vs chronic kidney disease,ENSG00000157131,C8A,terminal,True,485,94,3.0265328809102368,-0.6370010052646597,0.4901209269691154,-0.0724284050670245,0.2437305288629486,-0.0724284050670245,0.2437305288629486,True,0.1937102209204456,0.4251708339341719,False,34.0,94.0,124074.0,311889.0,sex;diabetes_history_clean;hypertension_clean;Race_grouped;Age_grouped,sex;diabetes_history_clean;hypertension_clean;Race_grouped;Age_grouped,7.0,False,~ sex + diabetes_history_clean + hypertension_clean + Race_grouped + Age_grouped + disease,pseudobulk_de_aki_vs_ckd.csv
global,aki_vs_ckd,acute kidney injury vs chronic kidney disease,ENSG00000021852,C8B,terminal,True,257,77,1.3118963839526734,-0.7800627605549341,0.5598467345337449,-0.0714928135729806,0.2349786722919014,-0.0714928135729806,0.2349786722919014,True,0.1635138086892175,,False,34.0,94.0,124074.0,311889.0,sex;diabetes_history_clean;hypertension_clean;Race_grouped;Age_grouped,sex;diabetes_history_clean;hypertension_clean;Race_grouped;Age_grouped,7.0,False,~ sex + diabetes_history_clean + hypertension_clean + Race_grouped + Age_grouped + disease,pseudobulk_de_aki_vs_ckd.csv
global,aki_vs_ckd,acute kidney injury vs chronic kidney disease,ENSG00000176919,C8G,terminal,True,819,112,2.903571871627962,0.3779547354628484,0.3394013522181225,0.1177489431579542,0.2180919062225164,0.1177489431579542,0.2180919062225164,True,0.265454127424984,0.5075587460668394,False,34.0,94.0,124074.0,311889.0,sex;diabetes_history_clean;hypertension_clean;Race_grouped;Age_grouped,sex;diabetes_history_clean;hypertension_clean;Race_grouped;Age_grouped,7.0,False,~ sex + diabetes_history_clean + hypertension_clean + Race_grouped + Age_grouped + disease,pseudobulk_de_aki_vs_ckd.csv
global,aki_vs_ckd,acute kidney injury vs chronic kidney disease,ENSG00000113600,C9,terminal,True,30997,135,139.46265383579168,0.4138696930634787,0.1973320000486009,0.259630988694663,0.2027234858019184,0.259630988694663,0.2027234858019184,True,0.0359646556355389,0.1510696722305224,False,34.0,94.0,124074.0,311889.0,sex;diabetes_history_clean;hypertension_clean;Race_grouped;Age_grouped,sex;diabetes_history_clean;hypertension_clean;Race_grouped;Age_grouped,7.0,False,~ sex + diabetes_history_clean + hypertension_clean + Race_grouped + Age_grouped + disease,pseudobulk_de_aki_vs_ckd.csv
global,aki_vs_normal,acute kidney injury vs normal,ENSG00000125730,C3,alternative,True,71277,128,539.9531508904358,3.231257061739724,0.3288328451674705,3.159828912654926,0.3417171659649051,3.159828912654926,0.3417171659649051,True,8.662481380434549e-23,2.186987799180376e-19,True,34.0,72.0,124074.0,772784.0,sex;diabetes_history_clean;hypertension_clean;Race_grouped;Age_grouped,sex;diabetes_history_clean;hypertension_clean;Race_grouped;Age_grouped,22.0,False,~ sex + diabetes_history_clean + hypertension_clean + Race_grouped + Age_grouped + disease,pseudobulk_de_aki_vs_normal.csv
global,aki_vs_normal,acute kidney injury vs normal,ENSG00000243649,CFB,alternative,True,53323,128,259.10741027666154,1.560211186500608,0.2641740278705164,1.4738494854763675,0.2655302059965584,1.4738494854763675,0.2655302059965584,True,3.5051897937895593e-09,1.5897190118659957e-07,True,34.0,72.0,124074.0,772784.0,sex;diabetes_history_clean;hypertension_clean;Race_grouped;Age_grouped,sex;diabetes_history_clean;hypertension_clean;Race_grouped;Age_grouped,22.0,False,~ sex + diabetes_history_clean + hypertension_clean + Race_grouped + Age_grouped + disease,pseudobulk_de_aki_vs_normal.csv
global,aki_vs_normal,acute kidney injury vs normal,ENSG00000197766,CFD,alternative,True,29510,128,108.1991510033534,0.3097908517527237,0.3532060460236732,0.1594834950306619,0.2815060545963255,0.1594834950306619,0.2815060545963255,True,0.3804418139870297,0.5631163375293654,False,34.0,72.0,124074.0,772784.0,sex;diabetes_history_clean;hypertension_clean;Race_grouped;Age_grouped,sex;diabetes_history_clean;hypertension_clean;Race_grouped;Age_grouped,22.0,False,~ sex + diabetes_history_clean + hypertension_clean + Race_grouped + Age_grouped + disease,pseudobulk_de_aki_vs_normal.csv
global,aki_vs_normal,acute kidney injury vs normal,ENSG00000126759,CFP,alternative,True,2227,124,16.25408426416154,1.041878705965496,0.2571431235146202,0.9125173015068238,0.2629314606094005,0.9125173015068238,0.2629314606094005,True,5.0836766553052146e-05,0.0005742545411973,True,34.0,72.0,124074.0,772784.0,sex;diabetes_history_clean;hypertension_clean;Race_grouped;Age_grouped,sex;diabetes_history_clean;hypertension_clean;Race_grouped;Age_grouped,22.0,False,~ sex + diabetes_history_clean + hypertension_clean + Race_grouped + Age_grouped + disease,pseudobulk_de_aki_vs_normal.csv
global,aki_vs_normal,acute kidney injury vs normal,ENSG00000173372,C1QA,classical,True,40691,127,424.3190243555877,2.560033969044056,0.5052833771807922,2.338535155078156,0.5527349078032098,2.338535155078156,0.5527349078032098,True,4.051304849021068e-07,9.398034586978737e-06,True,34.0,72.0,124074.0,772784.0,sex;diabetes_history_clean;hypertension_clean;Race_grouped;Age_grouped,sex;diabetes_history_clean;hypertension_clean;Race_grouped;Age_grouped,22.0,False,~ sex + diabetes_history_clean + hypertension_clean + Race_grouped + Age_grouped + disease,pseudobulk_de_aki_vs_normal.csv
global,aki_vs_normal,acute kidney injury vs normal,ENSG00000173369,C1QB,classical,True,37953,125,387.5242131414129,2.5367153894670156,0.5300295388308388,2.2830894056035285,0.5867558565699853,2.2830894056035285,0.5867558565699853,True,1.7014762057412943e-06,3.250760560252868e-05,True,34.0,72.0,124074.0,772784.0,sex;diabetes_history_clean;hypertension_clean;Race_grouped;Age_grouped,sex;diabetes_history_clean;hypertension_clean;Race_grouped;Age_grouped,22.0,False,~ sex + diabetes_history_clean + hypertension_clean + Race_grouped + Age_grouped + disease,pseudobulk_de_aki_vs_normal.csv
global,aki_vs_normal,acute kidney injury vs normal,ENSG00000159189,C1QC,classical,True,19266,122,237.87901329731443,2.6488766252791063,0.5547447674637916,2.383273765154045,0.6150619502506449,2.383273765154045,0.6150619502506449,True,1.7975497185393945e-06,3.410054243761396e-05,True,34.0,72.0,124074.0,772784.0,sex;diabetes_history_clean;hypertension_clean;Race_grouped;Age_grouped,sex;diabetes_history_clean;hypertension_clean;Race_grouped;Age_grouped,22.0,False,~ sex + diabetes_history_clean + hypertension_clean + Race_grouped + Age_grouped + disease,pseudobulk_de_aki_vs_normal.csv
global,aki_vs_normal,acute kidney injury vs normal,ENSG00000159403,C1R,classical,True,74810,128,298.3150619723992,0.986699541007544,0.2516123762029552,0.8838441454255738,0.2430839353736457,0.8838441454255738,0.2430839353736457,True,8.799711456939049e-05,0.0009080247217282,True,34.0,72.0,124074.0,772784.0,sex;diabetes_history_clean;hypertension_clean;Race_grouped;Age_grouped,sex;diabetes_history_clean;hypertension_clean;Race_grouped;Age_grouped,22.0,False,~ sex + diabetes_history_clean + hypertension_clean + Race_grouped + Age_grouped + disease,pseudobulk_de_aki_vs_normal.csv
global,aki_vs_normal,acute kidney injury vs normal,ENSG00000182326,C1S,classical,True,144884,128,583.6371818275841,0.3389721191539583,0.1271270574169763,0.3076272814935923,0.1228829364188028,0.3076272814935923,0.1228829364188028,True,0.0076667454833468,0.0335059850079781,True,34.0,72.0,124074.0,772784.0,sex;diabetes_history_clean;hypertension_clean;Race_grouped;Age_grouped,sex;diabetes_history_clean;hypertension_clean;Race_grouped;Age_grouped,22.0,False,~ sex + diabetes_history_clean + hypertension_clean + Race_grouped + Age_grouped + disease,pseudobulk_de_aki_vs_normal.csv
global,aki_vs_normal,acute kidney injury vs normal,ENSG00000166278,C2,classical,True,56038,128,286.3877382981146,0.5586278969096704,0.155716593229022,0.5063544473397934,0.1551780395365943,0.5063544473397934,0.1551780395365943,True,0.000333907971375,0.0027093899480324,True,34.0,72.0,124074.0,772784.0,sex;diabetes_history_clean;hypertension_clean;Race_grouped;Age_grouped,sex;diabetes_history_clean;hypertension_clean;Race_grouped;Age_grouped,22.0,False,~ sex + diabetes_history_clean + hypertension_clean + Race_grouped + Age_grouped + disease,pseudobulk_de_aki_vs_normal.csv
global,aki_vs_normal,acute kidney injury vs normal,ENSG00000244731,C4A,classical,True,1866,117,10.96381961402547,1.5201920574294456,0.3392025554566195,1.3725075979735175,0.3434389529532178,1.3725075979735175,0.3434389529532178,True,7.40631056055587e-06,0.0001136109289835,True,34.0,72.0,124074.0,772784.0,sex;diabetes_history_clean;hypertension_clean;Race_grouped;Age_grouped,sex;diabetes_history_clean;hypertension_clean;Race_grouped;Age_grouped,22.0,False,~ sex + diabetes_history_clean + hypertension_clean + Race_grouped + Age_grouped + disease,pseudobulk_de_aki_vs_normal.csv
global,aki_vs_normal,acute kidney injury vs normal,ENSG00000224389,C4B,classical,True,1354,109,8.166229606312655,1.263982436504703,0.3605050259188182,1.0588938025809165,0.3631990141454447,1.0588938025809165,0.3631990141454447,True,0.0004546496368496,0.0034791779232122,True,34.0,72.0,124074.0,772784.0,sex;diabetes_history_clean;hypertension_clean;Race_grouped;Age_grouped,sex;diabetes_history_clean;hypertension_clean;Race_grouped;Age_grouped,22.0,False,~ sex + diabetes_history_clean + hypertension_clean + Race_grouped + Age_grouped + disease,pseudobulk_de_aki_vs_normal.csv
global,aki_vs_normal,acute kidney injury vs normal,ENSG00000123838,C4BPA,classical,True,3088,117,12.84254350946841,0.1059876686596442,0.2615804269808188,0.0652467890746001,0.2408865677086076,0.0652467890746001,0.2408865677086076,True,0.6853437685026598,0.8084122299352453,False,34.0,72.0,124074.0,772784.0,sex;diabetes_history_clean;hypertension_clean;Race_grouped;Age_grouped,sex;diabetes_history_clean;hypertension_clean;Race_grouped;Age_grouped,22.0,False,~ sex + diabetes_history_clean + hypertension_clean + Race_grouped + Age_grouped + disease,pseudobulk_de_aki_vs_normal.csv
global,aki_vs_normal,acute kidney injury vs normal,ENSG00000123843,C4BPB,classical,True,2206,118,10.544338479176458,0.957710031027712,0.2956031052795445,0.8153572638901974,0.2812247088872509,0.8153572638901974,0.2812247088872509,True,0.0011959215361368,0.0076196927147846,True,34.0,72.0,124074.0,772784.0,sex;diabetes_history_clean;hypertension_clean;Race_grouped;Age_grouped,sex;diabetes_history_clean;hypertension_clean;Race_grouped;Age_grouped,22.0,False,~ sex + diabetes_history_clean + hypertension_clean + Race_grouped + Age_grouped + disease,pseudobulk_de_aki_vs_normal.csv
global,aki_vs_normal,acute kidney injury vs normal,ENSG00000085265,FCN1,lectin,True,7863,127,130.63234033763138,1.9329065127221547,0.4609032795040995,1.673666368246789,0.5263368429365685,1.673666368246789,0.5263368429365685,True,2.74397741418274e-05,0.0003412624784075,True,34.0,72.0,124074.0,772784.0,sex;diabetes_history_clean;hypertension_clean;Race_grouped;Age_grouped,sex;diabetes_history_clean;hypertension_clean;Race_grouped;Age_grouped,22.0,False,~ sex + diabetes_history_clean + hypertension_clean + Race_grouped + Age_grouped + disease,pseudobulk_de_aki_vs_normal.csv
global,aki_vs_normal,acute kidney injury vs normal,ENSG00000160339,FCN2,lectin,True,733,86,1.8517662867034703,-0.0464720479028913,0.4010349871292836,-0.012180266540254,0.3532993004829348,-0.012180266540254,0.3532993004829348,True,0.9077474220963891,0.950707501636264,False,34.0,72.0,124074.0,772784.0,sex;diabetes_history_clean;hypertension_clean;Race_grouped;Age_grouped,sex;diabetes_history_clean;hypertension_clean;Race_grouped;Age_grouped,22.0,False,~ sex + diabetes_history_clean + hypertension_clean + Race_grouped + Age_grouped + disease,pseudobulk_de_aki_vs_normal.csv
global,aki_vs_normal,acute kidney injury vs normal,ENSG00000142748,FCN3,lectin,True,12614,123,36.04556432061694,-0.4564340628573957,0.3207875632301146,-0.2529346512999319,0.329112153455923,-0.2529346512999319,0.329112153455923,True,0.1547783069124897,0.3091892118040874,False,34.0,72.0,124074.0,772784.0,sex;diabetes_history_clean;hypertension_clean;Race_grouped;Age_grouped,sex;diabetes_history_clean;hypertension_clean;Race_grouped;Age_grouped,22.0,False,~ sex + diabetes_history_clean + hypertension_clean + Race_grouped + Age_grouped + disease,pseudobulk_de_aki_vs_normal.csv
global,aki_vs_normal,acute kidney injury vs normal,ENSG00000127241,MASP1,lectin,True,28385,127,120.1954094025748,0.4276174483282463,0.2138077457774881,0.3282515769100466,0.2181630608474682,0.3282515769100466,0.2181630608474682,True,0.0454992756523373,0.1281679270258682,False,34.0,72.0,124074.0,772784.0,sex;diabetes_history_clean;hypertension_clean;Race_grouped;Age_grouped,sex;diabetes_history_clean;hypertension_clean;Race_grouped;Age_grouped,22.0,False,~ sex + diabetes_history_clean + hypertension_clean + Race_grouped + Age_grouped + disease,pseudobulk_de_aki_vs_normal.csv
global,aki_vs_normal,acute kidney injury vs normal,ENSG00000009724,MASP2,lectin,True,4231,120,17.197494480832606,-0.3358288879181687,0.2648073156527268,-0.2265463561218835,0.2370899518022236,-0.2265463561218835,0.2370899518022236,True,0.2047261997059235,0.374698540825872,False,34.0,72.0,124074.0,772784.0,sex;diabetes_history_clean;hypertension_clean;Race_grouped;Age_grouped,sex;diabetes_history_clean;hypertension_clean;Race_grouped;Age_grouped,22.0,False,~ sex + diabetes_history_clean + hypertension_clean + Race_grouped + Age_grouped + disease,pseudobulk_de_aki_vs_normal.csv
global,aki_vs_normal,acute kidney injury vs normal,ENSG00000165471,MBL2,lectin,True,64,30,0.1777143161109,-0.2663710458163491,0.7777970878038636,-0.0947215249763387,0.5295641841903884,-0.0947215249763387,0.5295641841903884,True,0.7319983033112633,,False,34.0,72.0,124074.0,772784.0,sex;diabetes_history_clean;hypertension_clean;Race_grouped;Age_grouped,sex;diabetes_history_clean;hypertension_clean;Race_grouped;Age_grouped,22.0,False,~ sex + diabetes_history_clean + hypertension_clean + Race_grouped + Age_grouped + disease,pseudobulk_de_aki_vs_normal.csv
global,aki_vs_normal,acute kidney injury vs normal,ENSG00000171860,C3AR1,receptor,True,8988,128,63.12621199819429,1.3249454657054225,0.3428759648906748,1.166827420529564,0.3384604561588467,1.166827420529564,0.3384604561588467,True,0.000111448333755,0.001102690633391,True,34.0,72.0,124074.0,772784.0,sex;diabetes_history_clean;hypertension_clean;Race_grouped;Age_grouped,sex;diabetes_history_clean;hypertension_clean;Race_grouped;Age_grouped,22.0,False,~ sex + diabetes_history_clean + hypertension_clean + Race_grouped + Age_grouped + disease,pseudobulk_de_aki_vs_normal.csv
global,aki_vs_normal,acute kidney injury vs normal,ENSG00000197405,C5AR1,receptor,True,137594,128,783.3821654030061,0.0054551245870016,0.2219134626045449,0.0043421255921957,0.2229882526120551,0.0043421255921957,0.2229882526120551,True,0.9803882048920356,0.9901273770054376,False,34.0,72.0,124074.0,772784.0,sex;diabetes_history_clean;hypertension_clean;Race_grouped;Age_grouped,sex;diabetes_history_clean;hypertension_clean;Race_grouped;Age_grouped,22.0,False,~ sex + diabetes_history_clean + hypertension_clean + Race_grouped + Age_grouped + disease,pseudobulk_de_aki_vs_normal.csv
global,aki_vs_normal,acute kidney injury vs normal,ENSG00000134830,C5AR2,receptor,True,10899,128,58.66913903303634,-0.2326355620659633,0.2202659101189474,-0.1683201828063781,0.2048885662794503,-0.1683201828063781,0.2048885662794503,True,0.2908961207342966,0.4736129016426402,False,34.0,72.0,124074.0,772784.0,sex;diabetes_history_clean;hypertension_clean;Race_grouped;Age_grouped,sex;diabetes_history_clean;hypertension_clean;Race_grouped;Age_grouped,22.0,False,~ sex + diabetes_history_clean + hypertension_clean + Race_grouped + Age_grouped + disease,pseudobulk_de_aki_vs_normal.csv
global,aki_vs_normal,acute kidney injury vs normal,ENSG00000203710,CR1,receptor,True,54258,128,565.16297581413,1.6666510762198277,0.4196610544916935,1.416128999751754,0.4637098595948805,1.416128999751754,0.4637098595948805,True,7.144494207523368e-05,0.0007651099205059,True,34.0,72.0,124074.0,772784.0,sex;diabetes_history_clean;hypertension_clean;Race_grouped;Age_grouped,sex;diabetes_history_clean;hypertension_clean;Race_grouped;Age_grouped,22.0,False,~ sex + diabetes_history_clean + hypertension_clean + Race_grouped + Age_grouped + disease,pseudobulk_de_aki_vs_normal.csv
global,aki_vs_normal,acute kidney injury vs normal,ENSG00000117322,CR2,receptor,True,10658,126,47.85061611262888,0.1385535421429366,0.4072841143584124,0.0493623092669039,0.4655561076201729,0.0493623092669039,0.4655561076201729,True,0.7337142632752935,0.8406235041481032,False,34.0,72.0,124074.0,772784.0,sex;diabetes_history_clean;hypertension_clean;Race_grouped;Age_grouped,sex;diabetes_history_clean;hypertension_clean;Race_grouped;Age_grouped,22.0,False,~ sex + diabetes_history_clean + hypertension_clean + Race_grouped + Age_grouped + disease,pseudobulk_de_aki_vs_normal.csv
global,aki_vs_normal,acute kidney injury vs normal,ENSG00000169896,ITGAM,receptor,True,10400,127,81.18287098245276,1.9043311289185116,0.3098983569897646,1.8097558452692035,0.3056752747281231,1.8097558452692035,0.3056752747281231,True,7.99542082927725e-10,4.310129349533516e-08,True,34.0,72.0,124074.0,772784.0,sex;diabetes_history_clean;hypertension_clean;Race_grouped;Age_grouped,sex;diabetes_history_clean;hypertension_clean;Race_grouped;Age_grouped,22.0,False,~ sex + diabetes_history_clean + hypertension_clean + Race_grouped + Age_grouped + disease,pseudobulk_de_aki_vs_normal.csv
global,aki_vs_normal,acute kidney injury vs normal,ENSG00000140678,ITGAX,receptor,True,14691,128,144.84909665104965,2.7118078218328003,0.3967754930357221,2.583669906546187,0.4258041805621426,2.583669906546187,0.4258041805621426,True,8.222542918445554e-12,8.415883792473867e-10,True,34.0,72.0,124074.0,772784.0,sex;diabetes_history_clean;hypertension_clean;Race_grouped;Age_grouped,sex;diabetes_history_clean;hypertension_clean;Race_grouped;Age_grouped,22.0,False,~ sex + diabetes_history_clean + hypertension_clean + Race_grouped + Age_grouped + disease,pseudobulk_de_aki_vs_normal.csv
global,aki_vs_normal,acute kidney injury vs normal,ENSG00000155659,VSIG4,receptor,True,11471,124,117.2515160745865,1.2058896044984868,0.4643487460298533,0.7749042149093216,0.5537125743739804,0.7749042149093216,0.5537125743739804,True,0.0094056128168092,0.0393526371907267,True,34.0,72.0,124074.0,772784.0,sex;diabetes_history_clean;hypertension_clean;Race_grouped;Age_grouped,sex;diabetes_history_clean;hypertension_clean;Race_grouped;Age_grouped,22.0,False,~ sex + diabetes_history_clean + hypertension_clean + Race_grouped + Age_grouped + disease,pseudobulk_de_aki_vs_normal.csv
global,aki_vs_normal,acute kidney injury vs normal,ENSG00000117335,CD46,regulator,True,846961,128,3077.2690325228077,-0.2258757202511696,0.0982498509614802,-0.2088891584515947,0.0962187979716039,-0.2088891584515947,0.0962187979716039,True,0.0215053364365327,0.0736436840376619,False,34.0,72.0,124074.0,772784.0,sex;diabetes_history_clean;hypertension_clean;Race_grouped;Age_grouped,sex;diabetes_history_clean;hypertension_clean;Race_grouped;Age_grouped,22.0,False,~ sex + diabetes_history_clean + hypertension_clean + Race_grouped + Age_grouped + disease,pseudobulk_de_aki_vs_normal.csv
global,aki_vs_normal,acute kidney injury vs normal,ENSG00000196352,CD55,regulator,True,176040,128,705.7700683130154,-0.6323745031531548,0.1876817948929265,-0.5611820831988606,0.1834803381687286,-0.5611820831988606,0.1834803381687286,True,0.0007533280172237,0.0052514555015672,True,34.0,72.0,124074.0,772784.0,sex;diabetes_history_clean;hypertension_clean;Race_grouped;Age_grouped,sex;diabetes_history_clean;hypertension_clean;Race_grouped;Age_grouped,22.0,False,~ sex + diabetes_history_clean + hypertension_clean + Race_grouped + Age_grouped + disease,pseudobulk_de_aki_vs_normal.csv
global,aki_vs_normal,acute kidney injury vs normal,ENSG00000085063,CD59,regulator,True,652735,128,2478.673630068563,0.0733791183888837,0.1475847575915971,0.0609910351683395,0.146350580588309,0.0609910351683395,0.146350580588309,True,0.619048131739468,0.7624198625068918,False,34.0,72.0,124074.0,772784.0,sex;diabetes_history_clean;hypertension_clean;Race_grouped;Age_grouped,sex;diabetes_history_clean;hypertension_clean;Race_grouped;Age_grouped,22.0,False,~ sex + diabetes_history_clean + hypertension_clean + Race_grouped + Age_grouped + disease,pseudobulk_de_aki_vs_normal.csv
global,aki_vs_normal,acute kidney injury vs normal,ENSG00000000971,CFH,regulator,True,128787,128,537.9563074412267,0.5836281210734223,0.1985568528391461,0.5014659106378483,0.1948909531013578,0.5014659106378483,0.1948909531013578,True,0.0032890123907528,0.0171238905980835,True,34.0,72.0,124074.0,772784.0,sex;diabetes_history_clean;hypertension_clean;Race_grouped;Age_grouped,sex;diabetes_history_clean;hypertension_clean;Race_grouped;Age_grouped,22.0,False,~ sex + diabetes_history_clean + hypertension_clean + Race_grouped + Age_grouped + disease,pseudobulk_de_aki_vs_normal.csv
global,aki_vs_normal,acute kidney injury vs normal,ENSG00000205403,CFI,regulator,True,500818,128,2260.6384703981735,1.0206865301762256,0.1779732651906546,0.9639543476868068,0.1821170942089023,0.9639543476868068,0.1821170942089023,True,9.748049527714392e-09,3.83907466521531e-07,True,34.0,72.0,124074.0,772784.0,sex;diabetes_history_clean;hypertension_clean;Race_grouped;Age_grouped,sex;diabetes_history_clean;hypertension_clean;Race_grouped;Age_grouped,22.0,False,~ sex + diabetes_history_clean + hypertension_clean + Race_grouped + Age_grouped + disease,pseudobulk_de_aki_vs_normal.csv
global,aki_vs_normal,acute kidney injury vs normal,ENSG00000149131,SERPING1,regulator,True,215597,128,863.0356711841499,0.8685899486656906,0.190263483986216,0.8019870818647695,0.1890188619480262,0.8019870818647695,0.1890188619480262,True,4.990297151795061e-06,8.123914159633702e-05,True,34.0,72.0,124074.0,772784.0,sex;diabetes_history_clean;hypertension_clean;Race_grouped;Age_grouped,sex;diabetes_history_clean;hypertension_clean;Race_grouped;Age_grouped,22.0,False,~ sex + diabetes_history_clean + hypertension_clean + Race_grouped + Age_grouped + disease,pseudobulk_de_aki_vs_normal.csv
global,aki_vs_normal,acute kidney injury vs normal,ENSG00000106804,C5,terminal,True,66043,128,281.20328637541445,0.3474512307436377,0.0965045665521875,0.3289359347152774,0.0945987979105063,0.3289359347152774,0.0945987979105063,True,0.00031777626924,0.0026038138086327,True,34.0,72.0,124074.0,772784.0,sex;diabetes_history_clean;hypertension_clean;Race_grouped;Age_grouped,sex;diabetes_history_clean;hypertension_clean;Race_grouped;Age_grouped,22.0,False,~ sex + diabetes_history_clean + hypertension_clean + Race_grouped + Age_grouped + disease,pseudobulk_de_aki_vs_normal.csv
global,aki_vs_normal,acute kidney injury vs normal,ENSG00000039537,C6,terminal,True,33660,128,145.63935543839426,-1.0261160347692195,0.2782341935094254,-0.8538619128781233,0.3045136773999202,-0.8538619128781233,0.3045136773999202,True,0.0002260609045086,0.0019754084692803,True,34.0,72.0,124074.0,772784.0,sex;diabetes_history_clean;hypertension_clean;Race_grouped;Age_grouped,sex;diabetes_history_clean;hypertension_clean;Race_grouped;Age_grouped,22.0,False,~ sex + diabetes_history_clean + hypertension_clean + Race_grouped + Age_grouped + disease,pseudobulk_de_aki_vs_normal.csv
global,aki_vs_normal,acute kidney injury vs normal,ENSG00000112936,C7,terminal,True,509407,128,1935.581247695981,-0.0529675814305483,0.2295125682523164,-0.036726175630677,0.2110548659636325,-0.036726175630677,0.2110548659636325,True,0.8174834484026798,0.895098433366135,False,34.0,72.0,124074.0,772784.0,sex;diabetes_history_clean;hypertension_clean;Race_grouped;Age_grouped,sex;diabetes_history_clean;hypertension_clean;Race_grouped;Age_grouped,22.0,False,~ sex + diabetes_history_clean + hypertension_clean + Race_grouped + Age_grouped + disease,pseudobulk_de_aki_vs_normal.csv
global,aki_vs_normal,acute kidney injury vs normal,ENSG00000157131,C8A,terminal,True,1110,98,4.9967646570758735,-0.2649342615848595,0.3767317978173243,-0.1100193741945877,0.3368160140997282,-0.1100193741945877,0.3368160140997282,True,0.4819038928807673,0.6545848207305958,False,34.0,72.0,124074.0,772784.0,sex;diabetes_history_clean;hypertension_clean;Race_grouped;Age_grouped,sex;diabetes_history_clean;hypertension_clean;Race_grouped;Age_grouped,22.0,False,~ sex + diabetes_history_clean + hypertension_clean + Race_grouped + Age_grouped + disease,pseudobulk_de_aki_vs_normal.csv
global,aki_vs_normal,acute kidney injury vs normal,ENSG00000021852,C8B,terminal,True,692,86,3.952862550481502,-0.9790373162923958,0.4329126060088061,-0.5402356883261438,0.4717036236480327,-0.5402356883261438,0.4717036236480327,True,0.0237275329047096,0.0792506304616491,False,34.0,72.0,124074.0,772784.0,sex;diabetes_history_clean;hypertension_clean;Race_grouped;Age_grouped,sex;diabetes_history_clean;hypertension_clean;Race_grouped;Age_grouped,22.0,False,~ sex + diabetes_history_clean + hypertension_clean + Race_grouped + Age_grouped + disease,pseudobulk_de_aki_vs_normal.csv
global,aki_vs_normal,acute kidney injury vs normal,ENSG00000176919,C8G,terminal,True,1549,117,6.070964548885143,0.0731000112908877,0.2786132324325268,0.0438353804564434,0.2531869152140084,0.0438353804564434,0.2531869152140084,True,0.7930354868063352,0.878395964459887,False,34.0,72.0,124074.0,772784.0,sex;diabetes_history_clean;hypertension_clean;Race_grouped;Age_grouped,sex;diabetes_history_clean;hypertension_clean;Race_grouped;Age_grouped,22.0,False,~ sex + diabetes_history_clean + hypertension_clean + Race_grouped + Age_grouped + disease,pseudobulk_de_aki_vs_normal.csv
global,aki_vs_normal,acute kidney injury vs normal,ENSG00000113600,C9,terminal,True,50090,128,220.8882989481156,0.964856342338956,0.2069797816973274,0.8874475912902678,0.2088240025425335,0.8874475912902678,0.2088240025425335,True,3.137650300033711e-06,5.4978746957675706e-05,True,34.0,72.0,124074.0,772784.0,sex;diabetes_history_clean;hypertension_clean;Race_grouped;Age_grouped,sex;diabetes_history_clean;hypertension_clean;Race_grouped;Age_grouped,22.0,False,~ sex + diabetes_history_clean + hypertension_clean + Race_grouped + Age_grouped + disease,pseudobulk_de_aki_vs_normal.csv
global,ckd_vs_normal,chronic kidney disease vs normal,ENSG00000125730,C3,alternative,True,59727,183,209.69121533627873,1.1387530622960156,0.3654770213213431,0.871086834718452,0.3639123315483455,0.871086834718452,0.3639123315483455,True,0.001834470545361,0.0292702249021237,True,94.0,72.0,311889.0,772784.0,sex;diabetes_history_clean;hypertension_clean;Race_grouped;Age_grouped,sex;diabetes_history_clean;hypertension_clean;Race_grouped;Age_grouped,17.0,False,~ sex + diabetes_history_clean + hypertension_clean + Race_grouped + Age_grouped + disease,pseudobulk_de_ckd_vs_normal.csv
global,ckd_vs_normal,chronic kidney disease vs normal,ENSG00000243649,CFB,alternative,True,48932,183,117.12610194086056,-0.1421067073438795,0.290310555812973,-0.041830876697689,0.2273826054139276,-0.041830876697689,0.2273826054139276,True,0.6244885096719708,0.8191640932403307,False,94.0,72.0,311889.0,772784.0,sex;diabetes_history_clean;hypertension_clean;Race_grouped;Age_grouped,sex;diabetes_history_clean;hypertension_clean;Race_grouped;Age_grouped,17.0,False,~ sex + diabetes_history_clean + hypertension_clean + Race_grouped + Age_grouped + disease,pseudobulk_de_ckd_vs_normal.csv
global,ckd_vs_normal,chronic kidney disease vs normal,ENSG00000197766,CFD,alternative,True,34448,178,84.12717090519105,0.1195516911102454,0.3781943149635734,0.0194565872843081,0.2972019220389483,0.0194565872843081,0.2972019220389483,True,0.7519176395824032,0.8903737893358478,False,94.0,72.0,311889.0,772784.0,sex;diabetes_history_clean;hypertension_clean;Race_grouped;Age_grouped,sex;diabetes_history_clean;hypertension_clean;Race_grouped;Age_grouped,17.0,False,~ sex + diabetes_history_clean + hypertension_clean + Race_grouped + Age_grouped + disease,pseudobulk_de_ckd_vs_normal.csv
global,ckd_vs_normal,chronic kidney disease vs normal,ENSG00000126759,CFP,alternative,True,2561,174,10.706117459314193,0.6064316869676367,0.2691558770760662,0.2799881236433126,0.2800253202267765,0.2799881236433126,0.2800253202267765,True,0.0242536453974101,0.1430072243498565,False,94.0,72.0,311889.0,772784.0,sex;diabetes_history_clean;hypertension_clean;Race_grouped;Age_grouped,sex;diabetes_history_clean;hypertension_clean;Race_grouped;Age_grouped,17.0,False,~ sex + diabetes_history_clean + hypertension_clean + Race_grouped + Age_grouped + disease,pseudobulk_de_ckd_vs_normal.csv
global,ckd_vs_normal,chronic kidney disease vs normal,ENSG00000173372,C1QA,classical,True,36460,181,165.44079149735023,0.0515257780549973,0.4648261581178272,0.0063453282830779,0.3195636587400794,0.0063453282830779,0.3195636587400794,True,0.9117356392521974,0.9643695552872842,False,94.0,72.0,311889.0,772784.0,sex;diabetes_history_clean;hypertension_clean;Race_grouped;Age_grouped,sex;diabetes_history_clean;hypertension_clean;Race_grouped;Age_grouped,17.0,False,~ sex + diabetes_history_clean + hypertension_clean + Race_grouped + Age_grouped + disease,pseudobulk_de_ckd_vs_normal.csv
global,ckd_vs_normal,chronic kidney disease vs normal,ENSG00000173369,C1QB,classical,True,31586,177,134.24834957502463,-0.3541436420340161,0.4909127327492015,-0.0379085029177901,0.32302558627398,-0.0379085029177901,0.32302558627398,True,0.4706644531766475,0.7144715081787555,False,94.0,72.0,311889.0,772784.0,sex;diabetes_history_clean;hypertension_clean;Race_grouped;Age_grouped,sex;diabetes_history_clean;hypertension_clean;Race_grouped;Age_grouped,17.0,False,~ sex + diabetes_history_clean + hypertension_clean + Race_grouped + Age_grouped + disease,pseudobulk_de_ckd_vs_normal.csv
global,ckd_vs_normal,chronic kidney disease vs normal,ENSG00000159189,C1QC,classical,True,16945,171,92.40309270064265,-0.1653051873533862,0.5174101403838777,-0.0139331981390886,0.3420658435887631,-0.0139331981390886,0.3420658435887631,True,0.7493581653303518,0.8894460784831694,False,94.0,72.0,311889.0,772784.0,sex;diabetes_history_clean;hypertension_clean;Race_grouped;Age_grouped,sex;diabetes_history_clean;hypertension_clean;Race_grouped;Age_grouped,17.0,False,~ sex + diabetes_history_clean + hypertension_clean + Race_grouped + Age_grouped + disease,pseudobulk_de_ckd_vs_normal.csv
global,ckd_vs_normal,chronic kidney disease vs normal,ENSG00000159403,C1R,classical,True,79881,182,189.82281495229535,0.0101120796074121,0.2886327975940393,0.0025060073433823,0.2352697936549982,0.0025060073433823,0.2352697936549982,True,0.9720523029446004,0.9892408213852608,False,94.0,72.0,311889.0,772784.0,sex;diabetes_history_clean;hypertension_clean;Race_grouped;Age_grouped,sex;diabetes_history_clean;hypertension_clean;Race_grouped;Age_grouped,17.0,False,~ sex + diabetes_history_clean + hypertension_clean + Race_grouped + Age_grouped + disease,pseudobulk_de_ckd_vs_normal.csv
global,ckd_vs_normal,chronic kidney disease vs normal,ENSG00000182326,C1S,classical,True,159778,183,396.0331529018284,-0.0671269496521508,0.1466943306292565,-0.0411195797537723,0.1392685230733361,-0.0411195797537723,0.1392685230733361,True,0.6472416855322081,0.8331110449725911,False,94.0,72.0,311889.0,772784.0,sex;diabetes_history_clean;hypertension_clean;Race_grouped;Age_grouped,sex;diabetes_history_clean;hypertension_clean;Race_grouped;Age_grouped,17.0,False,~ sex + diabetes_history_clean + hypertension_clean + Race_grouped + Age_grouped + disease,pseudobulk_de_ckd_vs_normal.csv
global,ckd_vs_normal,chronic kidney disease vs normal,ENSG00000166278,C2,classical,True,60851,183,174.47467602085808,0.0196943508403649,0.1266148914212025,0.0157990745252731,0.1256756724986305,0.0157990745252731,0.1256756724986305,True,0.8763914469310722,0.948398845646907,False,94.0,72.0,311889.0,772784.0,sex;diabetes_history_clean;hypertension_clean;Race_grouped;Age_grouped,sex;diabetes_history_clean;hypertension_clean;Race_grouped;Age_grouped,17.0,False,~ sex + diabetes_history_clean + hypertension_clean + Race_grouped + Age_grouped + disease,pseudobulk_de_ckd_vs_normal.csv
global,ckd_vs_normal,chronic kidney disease vs normal,ENSG00000244731,C4A,classical,True,1892,156,5.65422121655587,0.0325399489429849,0.3752090987906371,-0.001153968907995,0.296452255896424,-0.001153968907995,0.296452255896424,True,0.9308902315843436,0.9732344180635316,False,94.0,72.0,311889.0,772784.0,sex;diabetes_history_clean;hypertension_clean;Race_grouped;Age_grouped,sex;diabetes_history_clean;hypertension_clean;Race_grouped;Age_grouped,17.0,False,~ sex + diabetes_history_clean + hypertension_clean + Race_grouped + Age_grouped + disease,pseudobulk_de_ckd_vs_normal.csv
global,ckd_vs_normal,chronic kidney disease vs normal,ENSG00000224389,C4B,classical,True,1388,150,4.850457006545935,0.0255738799857411,0.4159308042216885,-0.0001557941347911,0.3149059341302962,-0.0001557941347911,0.3149059341302962,True,0.9509722430416504,0.9813928982774696,False,94.0,72.0,311889.0,772784.0,sex;diabetes_history_clean;hypertension_clean;Race_grouped;Age_grouped,sex;diabetes_history_clean;hypertension_clean;Race_grouped;Age_grouped,17.0,False,~ sex + diabetes_history_clean + hypertension_clean + Race_grouped + Age_grouped + disease,pseudobulk_de_ckd_vs_normal.csv
global,ckd_vs_normal,chronic kidney disease vs normal,ENSG00000123838,C4BPA,classical,True,3469,168,9.513881516014436,0.1476232698903488,0.2763696447158669,0.0422384740526668,0.2479022305928597,0.0422384740526668,0.2479022305928597,True,0.5932366972196896,0.7994919275516679,False,94.0,72.0,311889.0,772784.0,sex;diabetes_history_clean;hypertension_clean;Race_grouped;Age_grouped,sex;diabetes_history_clean;hypertension_clean;Race_grouped;Age_grouped,17.0,False,~ sex + diabetes_history_clean + hypertension_clean + Race_grouped + Age_grouped + disease,pseudobulk_de_ckd_vs_normal.csv
global,ckd_vs_normal,chronic kidney disease vs normal,ENSG00000123843,C4BPB,classical,True,2464,164,7.482119002828291,-0.0602415544494429,0.2913954611501638,-0.0207159662335177,0.3150320134355923,-0.0207159662335177,0.3150320134355923,True,0.8362170528482609,0.9313415829698788,False,94.0,72.0,311889.0,772784.0,sex;diabetes_history_clean;hypertension_clean;Race_grouped;Age_grouped,sex;diabetes_history_clean;hypertension_clean;Race_grouped;Age_grouped,17.0,False,~ sex + diabetes_history_clean + hypertension_clean + Race_grouped + Age_grouped + disease,pseudobulk_de_ckd_vs_normal.csv
global,ckd_vs_normal,chronic kidney disease vs normal,ENSG00000085265,FCN1,lectin,True,6628,177,59.91114906612005,0.4445372847057109,0.4388174635413108,0.0686494950775787,0.315965110242653,0.0686494950775787,0.315965110242653,True,0.3110436224772507,0.5762250144224543,False,94.0,72.0,311889.0,772784.0,sex;diabetes_history_clean;hypertension_clean;Race_grouped;Age_grouped,sex;diabetes_history_clean;hypertension_clean;Race_grouped;Age_grouped,17.0,False,~ sex + diabetes_history_clean + hypertension_clean + Race_grouped + Age_grouped + disease,pseudobulk_de_ckd_vs_normal.csv
global,ckd_vs_normal,chronic kidney disease vs normal,ENSG00000160339,FCN2,lectin,True,723,102,1.2571465695591522,-0.7190093253052888,0.495832389052328,-0.1207051646443357,0.4697679157562741,-0.1207051646443357,0.4697679157562741,True,0.1470290730188366,0.384208341120076,False,94.0,72.0,311889.0,772784.0,sex;diabetes_history_clean;hypertension_clean;Race_grouped;Age_grouped,sex;diabetes_history_clean;hypertension_clean;Race_grouped;Age_grouped,17.0,False,~ sex + diabetes_history_clean + hypertension_clean + Race_grouped + Age_grouped + disease,pseudobulk_de_ckd_vs_normal.csv
global,ckd_vs_normal,chronic kidney disease vs normal,ENSG00000142748,FCN3,lectin,True,13081,175,25.61380910245006,-0.4120602564000982,0.3431218642765414,-0.0734599672663464,0.3312658821084707,-0.0734599672663464,0.3312658821084707,True,0.2297841040724343,0.4896183499926633,False,94.0,72.0,311889.0,772784.0,sex;diabetes_history_clean;hypertension_clean;Race_grouped;Age_grouped,sex;diabetes_history_clean;hypertension_clean;Race_grouped;Age_grouped,17.0,False,~ sex + diabetes_history_clean + hypertension_clean + Race_grouped + Age_grouped + disease,pseudobulk_de_ckd_vs_normal.csv
global,ckd_vs_normal,chronic kidney disease vs normal,ENSG00000127241,MASP1,lectin,True,36331,182,109.9545367012849,0.671619900786846,0.2208966795614116,0.5110959851839358,0.2287678198610301,0.5110959851839358,0.2287678198610301,True,0.0023624411787923,0.0348279758128786,True,94.0,72.0,311889.0,772784.0,sex;diabetes_history_clean;hypertension_clean;Race_grouped;Age_grouped,sex;diabetes_history_clean;hypertension_clean;Race_grouped;Age_grouped,17.0,False,~ sex + diabetes_history_clean + hypertension_clean + Race_grouped + Age_grouped + disease,pseudobulk_de_ckd_vs_normal.csv
global,ckd_vs_normal,chronic kidney disease vs normal,ENSG00000009724,MASP2,lectin,True,4883,167,13.504730281101734,-0.5584310367192474,0.3003586188317732,-0.2502078006514724,0.2782154904234935,-0.2502078006514724,0.2782154904234935,True,0.06299676986838,0.2420982488775952,False,94.0,72.0,311889.0,772784.0,sex;diabetes_history_clean;hypertension_clean;Race_grouped;Age_grouped,sex;diabetes_history_clean;hypertension_clean;Race_grouped;Age_grouped,17.0,False,~ sex + diabetes_history_clean + hypertension_clean + Race_grouped + Age_grouped + disease,pseudobulk_de_ckd_vs_normal.csv
global,ckd_vs_normal,chronic kidney disease vs normal,ENSG00000165471,MBL2,lectin,True,91,47,0.2765907704665246,0.3579120295917042,0.7739391868885048,-0.0174281161253941,0.925814270448029,-0.0174281161253941,0.925814270448029,True,0.6437550813880848,,False,94.0,72.0,311889.0,772784.0,sex;diabetes_history_clean;hypertension_clean;Race_grouped;Age_grouped,sex;diabetes_history_clean;hypertension_clean;Race_grouped;Age_grouped,17.0,False,~ sex + diabetes_history_clean + hypertension_clean + Race_grouped + Age_grouped + disease,pseudobulk_de_ckd_vs_normal.csv
global,ckd_vs_normal,chronic kidney disease vs normal,ENSG00000171860,C3AR1,receptor,True,9430,179,33.59351654418188,-0.3575035352549557,0.3455688022207204,-0.0726194970233814,0.3078703784370348,-0.0726194970233814,0.3078703784370348,True,0.300885427694508,0.5664869686695307,False,94.0,72.0,311889.0,772784.0,sex;diabetes_history_clean;hypertension_clean;Race_grouped;Age_grouped,sex;diabetes_history_clean;hypertension_clean;Race_grouped;Age_grouped,17.0,False,~ sex + diabetes_history_clean + hypertension_clean + Race_grouped + Age_grouped + disease,pseudobulk_de_ckd_vs_normal.csv
global,ckd_vs_normal,chronic kidney disease vs normal,ENSG00000197405,C5AR1,receptor,True,149831,183,500.9590638587034,0.2188624015887462,0.2333806390173958,0.0797493074195463,0.2338364183872647,0.0797493074195463,0.2338364183872647,True,0.3483515215803351,0.610659506439421,False,94.0,72.0,311889.0,772784.0,sex;diabetes_history_clean;hypertension_clean;Race_grouped;Age_grouped,sex;diabetes_history_clean;hypertension_clean;Race_grouped;Age_grouped,17.0,False,~ sex + diabetes_history_clean + hypertension_clean + Race_grouped + Age_grouped + disease,pseudobulk_de_ckd_vs_normal.csv
global,ckd_vs_normal,chronic kidney disease vs normal,ENSG00000134830,C5AR2,receptor,True,13097,182,46.62233158053772,0.2478287343079856,0.196964558001097,0.1136547932800071,0.2039357370859256,0.1136547932800071,0.2039357370859256,True,0.2083048832485614,0.4648066284072097,False,94.0,72.0,311889.0,772784.0,sex;diabetes_history_clean;hypertension_clean;Race_grouped;Age_grouped,sex;diabetes_history_clean;hypertension_clean;Race_grouped;Age_grouped,17.0,False,~ sex + diabetes_history_clean + hypertension_clean + Race_grouped + Age_grouped + disease,pseudobulk_de_ckd_vs_normal.csv
global,ckd_vs_normal,chronic kidney disease vs normal,ENSG00000203710,CR1,receptor,True,50985,183,255.9168532154561,0.6312636553940676,0.3911037310639933,0.0950615633236898,0.3666237450471206,0.0950615633236898,0.3666237450471206,True,0.1065150961620225,0.3212809537693911,False,94.0,72.0,311889.0,772784.0,sex;diabetes_history_clean;hypertension_clean;Race_grouped;Age_grouped,sex;diabetes_history_clean;hypertension_clean;Race_grouped;Age_grouped,17.0,False,~ sex + diabetes_history_clean + hypertension_clean + Race_grouped + Age_grouped + disease,pseudobulk_de_ckd_vs_normal.csv
global,ckd_vs_normal,chronic kidney disease vs normal,ENSG00000117322,CR2,receptor,True,14239,178,41.58824328173612,0.3819864364538415,0.4398893590681951,0.044800830044985,0.3624390649674527,0.044800830044985,0.3624390649674527,True,0.3851921687207075,0.6431032383173736,False,94.0,72.0,311889.0,772784.0,sex;diabetes_history_clean;hypertension_clean;Race_grouped;Age_grouped,sex;diabetes_history_clean;hypertension_clean;Race_grouped;Age_grouped,17.0,False,~ sex + diabetes_history_clean + hypertension_clean + Race_grouped + Age_grouped + disease,pseudobulk_de_ckd_vs_normal.csv
global,ckd_vs_normal,chronic kidney disease vs normal,ENSG00000169896,ITGAM,receptor,True,11691,181,50.58178473471953,0.7141011716460642,0.2887874273518459,0.3584826100560785,0.3059350610670333,0.3584826100560785,0.3059350610670333,True,0.0134075222502803,0.1012700032545701,False,94.0,72.0,311889.0,772784.0,sex;diabetes_history_clean;hypertension_clean;Race_grouped;Age_grouped,sex;diabetes_history_clean;hypertension_clean;Race_grouped;Age_grouped,17.0,False,~ sex + diabetes_history_clean + hypertension_clean + Race_grouped + Age_grouped + disease,pseudobulk_de_ckd_vs_normal.csv
global,ckd_vs_normal,chronic kidney disease vs normal,ENSG00000140678,ITGAX,receptor,True,11690,180,56.20760746079162,0.6528415602672462,0.3708092298965255,0.1311882691064162,0.3567340935921658,0.1311882691064162,0.3567340935921658,True,0.0783084901108268,0.2721505146892681,False,94.0,72.0,311889.0,772784.0,sex;diabetes_history_clean;hypertension_clean;Race_grouped;Age_grouped,sex;diabetes_history_clean;hypertension_clean;Race_grouped;Age_grouped,17.0,False,~ sex + diabetes_history_clean + hypertension_clean + Race_grouped + Age_grouped + disease,pseudobulk_de_ckd_vs_normal.csv
global,ckd_vs_normal,chronic kidney disease vs normal,ENSG00000155659,VSIG4,receptor,True,12138,173,57.37789240616401,-0.2336257659474528,0.4511934584848029,-0.0280712967662283,0.3477178840201267,-0.0280712967662283,0.3477178840201267,True,0.6046012312908646,0.8079274762863506,False,94.0,72.0,311889.0,772784.0,sex;diabetes_history_clean;hypertension_clean;Race_grouped;Age_grouped,sex;diabetes_history_clean;hypertension_clean;Race_grouped;Age_grouped,17.0,False,~ sex + diabetes_history_clean + hypertension_clean + Race_grouped + Age_grouped + disease,pseudobulk_de_ckd_vs_normal.csv
global,ckd_vs_normal,chronic kidney disease vs normal,ENSG00000117335,CD46,regulator,True,934009,183,2144.478628118393,-0.2862790226832727,0.1176588921082438,-0.2325304452077513,0.112839685453539,-0.2325304452077513,0.112839685453539,True,0.0149690510607014,0.1082610923685799,False,94.0,72.0,311889.0,772784.0,sex;diabetes_history_clean;hypertension_clean;Race_grouped;Age_grouped,sex;diabetes_history_clean;hypertension_clean;Race_grouped;Age_grouped,17.0,False,~ sex + diabetes_history_clean + hypertension_clean + Race_grouped + Age_grouped + disease,pseudobulk_de_ckd_vs_normal.csv
global,ckd_vs_normal,chronic kidney disease vs normal,ENSG00000196352,CD55,regulator,True,192132,183,468.389420094041,-0.5449487564713463,0.1847640827917551,-0.4384730341996686,0.1719465701086694,-0.4384730341996686,0.1719465701086694,True,0.0031836052887395,0.0428675455529994,True,94.0,72.0,311889.0,772784.0,sex;diabetes_history_clean;hypertension_clean;Race_grouped;Age_grouped,sex;diabetes_history_clean;hypertension_clean;Race_grouped;Age_grouped,17.0,False,~ sex + diabetes_history_clean + hypertension_clean + Race_grouped + Age_grouped + disease,pseudobulk_de_ckd_vs_normal.csv
global,ckd_vs_normal,chronic kidney disease vs normal,ENSG00000085063,CD59,regulator,True,682604,183,1569.9396996521916,-0.2656702548909758,0.1615022476036095,-0.1704614674305627,0.1543087438798433,-0.1704614674305627,0.1543087438798433,True,0.0999710144527487,0.3101646124317552,False,94.0,72.0,311889.0,772784.0,sex;diabetes_history_clean;hypertension_clean;Race_grouped;Age_grouped,sex;diabetes_history_clean;hypertension_clean;Race_grouped;Age_grouped,17.0,False,~ sex + diabetes_history_clean + hypertension_clean + Race_grouped + Age_grouped + disease,pseudobulk_de_ckd_vs_normal.csv
global,ckd_vs_normal,chronic kidney disease vs normal,ENSG00000000971,CFH,regulator,True,140395,183,344.1132874383855,-0.0343101519993404,0.2162720282864376,-0.0142377072875584,0.195263250260084,-0.0142377072875584,0.195263250260084,True,0.8739497529750873,0.947791567830212,False,94.0,72.0,311889.0,772784.0,sex;diabetes_history_clean;hypertension_clean;Race_grouped;Age_grouped,sex;diabetes_history_clean;hypertension_clean;Race_grouped;Age_grouped,17.0,False,~ sex + diabetes_history_clean + hypertension_clean + Race_grouped + Age_grouped + disease,pseudobulk_de_ckd_vs_normal.csv
global,ckd_vs_normal,chronic kidney disease vs normal,ENSG00000205403,CFI,regulator,True,518699,183,1323.7105300555838,0.0784528467515325,0.1790289807996494,0.0389686963554624,0.16826958053139,0.0389686963554624,0.16826958053139,True,0.6612318047370558,0.8412301942251534,False,94.0,72.0,311889.0,772784.0,sex;diabetes_history_clean;hypertension_clean;Race_grouped;Age_grouped,sex;diabetes_history_clean;hypertension_clean;Race_grouped;Age_grouped,17.0,False,~ sex + diabetes_history_clean + hypertension_clean + Race_grouped + Age_grouped + disease,pseudobulk_de_ckd_vs_normal.csv
global,ckd_vs_normal,chronic kidney disease vs normal,ENSG00000149131,SERPING1,regulator,True,205008,183,457.04068791900386,-0.152432700490682,0.197007271415888,-0.072492358557614,0.1805288365183291,-0.072492358557614,0.1805288365183291,True,0.4390836768746986,0.6891148392673723,False,94.0,72.0,311889.0,772784.0,sex;diabetes_history_clean;hypertension_clean;Race_grouped;Age_grouped,sex;diabetes_history_clean;hypertension_clean;Race_grouped;Age_grouped,17.0,False,~ sex + diabetes_history_clean + hypertension_clean + Race_grouped + Age_grouped + disease,pseudobulk_de_ckd_vs_normal.csv
global,ckd_vs_normal,chronic kidney disease vs normal,ENSG00000106804,C5,terminal,True,75704,183,201.8399752755706,0.1579500721854862,0.112236295655694,0.1195678616828484,0.1114084690821987,0.1195678616828484,0.1114084690821987,True,0.1593386254684983,0.4017104474424045,False,94.0,72.0,311889.0,772784.0,sex;diabetes_history_clean;hypertension_clean;Race_grouped;Age_grouped,sex;diabetes_history_clean;hypertension_clean;Race_grouped;Age_grouped,17.0,False,~ sex + diabetes_history_clean + hypertension_clean + Race_grouped + Age_grouped + disease,pseudobulk_de_ckd_vs_normal.csv
global,ckd_vs_normal,chronic kidney disease vs normal,ENSG00000039537,C6,terminal,True,35815,181,85.98861523582288,-0.6546958489997932,0.3029264715362559,-0.2927302719629505,0.3011705725384376,-0.2927302719629505,0.3011705725384376,True,0.0306770492811627,0.1637714808583346,False,94.0,72.0,311889.0,772784.0,sex;diabetes_history_clean;hypertension_clean;Race_grouped;Age_grouped,sex;diabetes_history_clean;hypertension_clean;Race_grouped;Age_grouped,17.0,False,~ sex + diabetes_history_clean + hypertension_clean + Race_grouped + Age_grouped + disease,pseudobulk_de_ckd_vs_normal.csv
global,ckd_vs_normal,chronic kidney disease vs normal,ENSG00000112936,C7,terminal,True,606917,183,1579.285852204154,0.055088919418015,0.2699464225785509,0.017099517996758,0.2377357313463202,0.017099517996758,0.2377357313463202,True,0.8382960389001217,0.9323543069550172,False,94.0,72.0,311889.0,772784.0,sex;diabetes_history_clean;hypertension_clean;Race_grouped;Age_grouped,sex;diabetes_history_clean;hypertension_clean;Race_grouped;Age_grouped,17.0,False,~ sex + diabetes_history_clean + hypertension_clean + Race_grouped + Age_grouped + disease,pseudobulk_de_ckd_vs_normal.csv
global,ckd_vs_normal,chronic kidney disease vs normal,ENSG00000157131,C8A,terminal,True,1253,138,4.399331957927347,-0.2030854899761788,0.435771197246892,-0.0314710059167221,0.3059461220955723,-0.0314710059167221,0.3059461220955723,True,0.6411890354248198,0.829596256412859,False,94.0,72.0,311889.0,772784.0,sex;diabetes_history_clean;hypertension_clean;Race_grouped;Age_grouped,sex;diabetes_history_clean;hypertension_clean;Race_grouped;Age_grouped,17.0,False,~ sex + diabetes_history_clean + hypertension_clean + Race_grouped + Age_grouped + disease,pseudobulk_de_ckd_vs_normal.csv
global,ckd_vs_normal,chronic kidney disease vs normal,ENSG00000021852,C8B,terminal,True,801,115,2.5445360819829537,-0.287245427866502,0.4820905271653545,-0.0437828350012242,0.4199693132494922,-0.0437828350012242,0.4199693132494922,True,0.5512868196740011,0.7710793439193794,False,94.0,72.0,311889.0,772784.0,sex;diabetes_history_clean;hypertension_clean;Race_grouped;Age_grouped,sex;diabetes_history_clean;hypertension_clean;Race_grouped;Age_grouped,17.0,False,~ sex + diabetes_history_clean + hypertension_clean + Race_grouped + Age_grouped + disease,pseudobulk_de_ckd_vs_normal.csv
global,ckd_vs_normal,chronic kidney disease vs normal,ENSG00000176919,C8G,terminal,True,1410,155,3.8873501536413313,0.0449354864173826,0.2865930248410127,0.0038074518833771,0.2379020745662051,0.0038074518833771,0.2379020745662051,True,0.8754087975616113,0.9480770584943112,False,94.0,72.0,311889.0,772784.0,sex;diabetes_history_clean;hypertension_clean;Race_grouped;Age_grouped,sex;diabetes_history_clean;hypertension_clean;Race_grouped;Age_grouped,17.0,False,~ sex + diabetes_history_clean + hypertension_clean + Race_grouped + Age_grouped + disease,pseudobulk_de_ckd_vs_normal.csv
global,ckd_vs_normal,chronic kidney disease vs normal,ENSG00000113600,C9,terminal,True,56549,183,154.93373845507003,0.2850529140536267,0.2122329491158293,0.1196553311877613,0.2151527898811945,0.1196553311877613,0.2151527898811945,True,0.1792352630658266,0.4281547966089611,False,94.0,72.0,311889.0,772784.0,sex;diabetes_history_clean;hypertension_clean;Race_grouped;Age_grouped,sex;diabetes_history_clean;hypertension_clean;Race_grouped;Age_grouped,17.0,False,~ sex + diabetes_history_clean + hypertension_clean + Race_grouped + Age_grouped + disease,pseudobulk_de_ckd_vs_normal.csv
,targeted_SubclassLevel1_ATL_ckd_vs_normal,chronic kidney disease vs normal,ENSG00000125730,C3,alternative,True,386,24,3.0587625882963594,0.791119556659206,1.5841775421352235,0.0283313592688787,0.3644992012490944,0.0283313592688787,0.3644992012490944,True,0.6175059369406051,,False,,,,,,,,,,pseudobulk_de_targeted_SubclassLevel1_ATL_ckd_vs_normal.csv
,targeted_SubclassLevel1_ATL_ckd_vs_normal,chronic kidney disease vs normal,ENSG00000243649,CFB,alternative,True,525,28,4.121239968807609,-0.4166730198541348,1.229807665239637,-0.0362397366450095,0.3617293028579878,-0.0362397366450095,0.3617293028579878,True,0.7347517128566545,,False,,,,,,,,,,pseudobulk_de_targeted_SubclassLevel1_ATL_ckd_vs_normal.csv
,targeted_SubclassLevel1_ATL_ckd_vs_normal,chronic kidney disease vs normal,ENSG00000197766,CFD,alternative,True,283,25,2.318940000933157,1.3947783793946398,1.045235202963582,0.0425102424410176,0.3410286887035855,0.0425102424410176,0.3410286887035855,True,0.1820676216702554,,False,,,,,,,,,,pseudobulk_de_targeted_SubclassLevel1_ATL_ckd_vs_normal.csv
,targeted_SubclassLevel1_ATL_ckd_vs_normal,chronic kidney disease vs normal,ENSG00000126759,CFP,alternative,False,10,8,,,,,,,,,,,False,,,,,,,,,,pseudobulk_de_targeted_SubclassLevel1_ATL_ckd_vs_normal.csv
,targeted_SubclassLevel1_ATL_ckd_vs_normal,chronic kidney disease vs normal,ENSG00000173372,C1QA,classical,True,191,23,2.142988214350037,0.0538732002295873,1.378688168798205,-0.075821967705814,0.3906132876301103,-0.075821967705814,0.3906132876301103,True,0.9688300376786813,,False,,,,,,,,,,pseudobulk_de_targeted_SubclassLevel1_ATL_ckd_vs_normal.csv
,targeted_SubclassLevel1_ATL_ckd_vs_normal,chronic kidney disease vs normal,ENSG00000173369,C1QB,classical,True,250,23,2.5306751470207773,-0.2107243031199102,1.3844272816325347,-0.0770741612721789,0.4520487395543144,-0.0770741612721789,0.4520487395543144,True,0.8790209500471781,,False,,,,,,,,,,pseudobulk_de_targeted_SubclassLevel1_ATL_ckd_vs_normal.csv
,targeted_SubclassLevel1_ATL_ckd_vs_normal,chronic kidney disease vs normal,ENSG00000159189,C1QC,classical,True,99,21,0.8993747061270043,1.0644093669933483,1.5875483763049476,-0.0141576653313826,0.3463709805324197,-0.0141576653313826,0.3463709805324197,True,0.5025558933650738,,False,,,,,,,,,,pseudobulk_de_targeted_SubclassLevel1_ATL_ckd_vs_normal.csv
,targeted_SubclassLevel1_ATL_ckd_vs_normal,chronic kidney disease vs normal,ENSG00000159403,C1R,classical,True,414,22,2.544364792931007,0.3974341610629712,1.4903371559849354,-0.0173325892494415,0.3902983033849688,-0.0173325892494415,0.3902983033849688,True,0.7897201791633884,,False,,,,,,,,,,pseudobulk_de_targeted_SubclassLevel1_ATL_ckd_vs_normal.csv
,targeted_SubclassLevel1_ATL_ckd_vs_normal,chronic kidney disease vs normal,ENSG00000182326,C1S,classical,True,1542,37,15.486275624724096,0.4245491041831921,0.646363817551683,0.0836876385418006,0.344386093349692,0.0836876385418006,0.344386093349692,True,0.5112922636777173,,False,,,,,,,,,,pseudobulk_de_targeted_SubclassLevel1_ATL_ckd_vs_normal.csv
,targeted_SubclassLevel1_ATL_ckd_vs_normal,chronic kidney disease vs normal,ENSG00000166278,C2,classical,True,532,30,4.268665725443896,-0.6818680098340723,0.94791573490531,-0.1655129372340221,0.3803679517787733,-0.1655129372340221,0.3803679517787733,True,0.47193515655906,,False,,,,,,,,,,pseudobulk_de_targeted_SubclassLevel1_ATL_ckd_vs_normal.csv
,targeted_SubclassLevel1_ATL_ckd_vs_normal,chronic kidney disease vs normal,ENSG00000244731,C4A,classical,False,5,4,,,,,,,,,,,False,,,,,,,,,,pseudobulk_de_targeted_SubclassLevel1_ATL_ckd_vs_normal.csv
,targeted_SubclassLevel1_ATL_ckd_vs_normal,chronic kidney disease vs normal,ENSG00000224389,C4B,classical,False,4,4,,,,,,,,,,,False,,,,,,,,,,pseudobulk_de_targeted_SubclassLevel1_ATL_ckd_vs_normal.csv
,targeted_SubclassLevel1_ATL_ckd_vs_normal,chronic kidney disease vs normal,ENSG00000123838,C4BPA,classical,True,59,15,0.3423239645632306,2.6840392685643955,1.662961655319657,0.0129993511888796,0.3570843712928849,0.0129993511888796,0.3570843712928849,True,0.1065249276057576,,False,,,,,,,,,,pseudobulk_de_targeted_SubclassLevel1_ATL_ckd_vs_normal.csv
,targeted_SubclassLevel1_ATL_ckd_vs_normal,chronic kidney disease vs normal,ENSG00000123843,C4BPB,classical,False,3,3,,,,,,,,,,,False,,,,,,,,,,pseudobulk_de_targeted_SubclassLevel1_ATL_ckd_vs_normal.csv
,targeted_SubclassLevel1_ATL_ckd_vs_normal,chronic kidney disease vs normal,ENSG00000085265,FCN1,lectin,False,15,11,,,,,,,,,,,False,,,,,,,,,,pseudobulk_de_targeted_SubclassLevel1_ATL_ckd_vs_normal.csv
,targeted_SubclassLevel1_ATL_ckd_vs_normal,chronic kidney disease vs normal,ENSG00000160339,FCN2,lectin,False,1,1,,,,,,,,,,,False,,,,,,,,,,pseudobulk_de_targeted_SubclassLevel1_ATL_ckd_vs_normal.csv
,targeted_SubclassLevel1_ATL_ckd_vs_normal,chronic kidney disease vs normal,ENSG00000142748,FCN3,lectin,False,15,7,,,,,,,,,,,False,,,,,,,,,,pseudobulk_de_targeted_SubclassLevel1_ATL_ckd_vs_normal.csv
,targeted_SubclassLevel1_ATL_ckd_vs_normal,chronic kidney disease vs normal,ENSG00000127241,MASP1,lectin,True,61,16,0.4419920498998049,1.0393086135064855,2.0537156751592693,-0.0233119859692362,0.4116136812574306,-0.0233119859692362,0.4116136812574306,True,0.6128127322045599,,False,,,,,,,,,,pseudobulk_de_targeted_SubclassLevel1_ATL_ckd_vs_normal.csv
,targeted_SubclassLevel1_ATL_ckd_vs_normal,chronic kidney disease vs normal,ENSG00000009724,MASP2,lectin,True,93,23,1.5053321621375748,1.1145605844912485,1.638585589862842,-0.0430103018992682,0.3619686530899569,-0.0430103018992682,0.3619686530899569,True,0.4963798931506996,,False,,,,,,,,,,pseudobulk_de_targeted_SubclassLevel1_ATL_ckd_vs_normal.csv
,targeted_SubclassLevel1_ATL_ckd_vs_normal,chronic kidney disease vs normal,ENSG00000165471,MBL2,lectin,False,2,2,,,,,,,,,,,False,,,,,,,,,,pseudobulk_de_targeted_SubclassLevel1_ATL_ckd_vs_normal.csv
,targeted_SubclassLevel1_ATL_ckd_vs_normal,chronic kidney disease vs normal,ENSG00000171860,C3AR1,receptor,True,54,18,0.5232834745455531,1.2015576099420322,1.7446571533711326,-0.0129388070619879,0.3367225178397879,-0.0129388070619879,0.3367225178397879,True,0.49100766450991,,False,,,,,,,,,,pseudobulk_de_targeted_SubclassLevel1_ATL_ckd_vs_normal.csv
,targeted_SubclassLevel1_ATL_ckd_vs_normal,chronic kidney disease vs normal,ENSG00000197405,C5AR1,receptor,True,1383,33,11.902354295639563,-0.0099540818824413,0.8205864979421056,-0.0270171168384997,0.3417815371924463,-0.0270171168384997,0.3417815371924463,True,0.990321540147835,,False,,,,,,,,,,pseudobulk_de_targeted_SubclassLevel1_ATL_ckd_vs_normal.csv
,targeted_SubclassLevel1_ATL_ckd_vs_normal,chronic kidney disease vs normal,ENSG00000134830,C5AR2,receptor,True,29,16,0.3201794383866764,2.5536159674278975,1.9005751580961716,0.0014107855979631,0.3382235675718142,0.0014107855979631,0.3382235675718142,True,0.1790772273144557,,False,,,,,,,,,,pseudobulk_de_targeted_SubclassLevel1_ATL_ckd_vs_normal.csv
,targeted_SubclassLevel1_ATL_ckd_vs_normal,chronic kidney disease vs normal,ENSG00000203710,CR1,receptor,True,28,15,0.2370849424156346,2.613604001888655,1.7327096901521082,0.0065770874640731,0.3451327111791218,0.0065770874640731,0.3451327111791218,True,0.1314544408530267,,False,,,,,,,,,,pseudobulk_de_targeted_SubclassLevel1_ATL_ckd_vs_normal.csv
,targeted_SubclassLevel1_ATL_ckd_vs_normal,chronic kidney disease vs normal,ENSG00000117322,CR2,receptor,False,6,4,,,,,,,,,,,False,,,,,,,,,,pseudobulk_de_targeted_SubclassLevel1_ATL_ckd_vs_normal.csv
,targeted_SubclassLevel1_ATL_ckd_vs_normal,chronic kidney disease vs normal,ENSG00000169896,ITGAM,receptor,True,25,15,2.4870374357788143,3.48669542843522,1.6190526196828865,0.1373149504841768,0.4567055826315275,0.1373149504841768,0.4567055826315275,True,0.0312762227606847,,False,,,,,,,,,,pseudobulk_de_targeted_SubclassLevel1_ATL_ckd_vs_normal.csv
,targeted_SubclassLevel1_ATL_ckd_vs_normal,chronic kidney disease vs normal,ENSG00000140678,ITGAX,receptor,False,14,6,,,,,,,,,,,False,,,,,,,,,,pseudobulk_de_targeted_SubclassLevel1_ATL_ckd_vs_normal.csv
,targeted_SubclassLevel1_ATL_ckd_vs_normal,chronic kidney disease vs normal,ENSG00000155659,VSIG4,receptor,True,45,15,0.4330161936733123,1.9385059694337416,1.7951231231455889,-0.0490186455321435,0.4502389066548142,-0.0490186455321435,0.4502389066548142,True,0.2801984956340154,,False,,,,,,,,,,pseudobulk_de_targeted_SubclassLevel1_ATL_ckd_vs_normal.csv
,targeted_SubclassLevel1_ATL_ckd_vs_normal,chronic kidney disease vs normal,ENSG00000117335,CD46,regulator,True,16762,39,159.50706111296563,-0.9112560440878442,0.3719427543371611,-0.5706597430585657,0.4100469210591666,-0.5706597430585657,0.4100469210591666,True,0.014286016580887,0.1077562592532048,False,,,,,,,,,,pseudobulk_de_targeted_SubclassLevel1_ATL_ckd_vs_normal.csv
,targeted_SubclassLevel1_ATL_ckd_vs_normal,chronic kidney disease vs normal,ENSG00000196352,CD55,regulator,True,2768,33,24.028808253678815,-1.2607949425328482,0.5338040393423567,-0.7261543873349421,0.5692000734031943,-0.7261543873349421,0.5692000734031943,True,0.0181812534911655,,False,,,,,,,,,,pseudobulk_de_targeted_SubclassLevel1_ATL_ckd_vs_normal.csv
,targeted_SubclassLevel1_ATL_ckd_vs_normal,chronic kidney disease vs normal,ENSG00000085063,CD59,regulator,True,17466,38,155.42087210194035,-1.2562639607463948,0.5578837822155609,-0.4055085658296801,0.6336686599904948,-0.4055085658296801,0.6336686599904948,True,0.0243325044969982,0.139428661866561,False,,,,,,,,,,pseudobulk_de_targeted_SubclassLevel1_ATL_ckd_vs_normal.csv
,targeted_SubclassLevel1_ATL_ckd_vs_normal,chronic kidney disease vs normal,ENSG00000000971,CFH,regulator,True,241,21,1.7551415532054977,-1.057885220145956,1.8976700075167816,-0.0764284758166439,0.4095020478277549,-0.0764284758166439,0.4095020478277549,True,0.5772095465372058,,False,,,,,,,,,,pseudobulk_de_targeted_SubclassLevel1_ATL_ckd_vs_normal.csv
,targeted_SubclassLevel1_ATL_ckd_vs_normal,chronic kidney disease vs normal,ENSG00000205403,CFI,regulator,True,1373,34,12.577274326318204,0.4507318394552976,0.96095426786507,0.0417037129402093,0.4307541363492527,0.0417037129402093,0.4307541363492527,True,0.6390366937813525,,False,,,,,,,,,,pseudobulk_de_targeted_SubclassLevel1_ATL_ckd_vs_normal.csv
,targeted_SubclassLevel1_ATL_ckd_vs_normal,chronic kidney disease vs normal,ENSG00000149131,SERPING1,regulator,True,5091,36,40.53921541978973,-0.874688339601216,0.5847757638879532,-0.2351387610367033,0.4528717653470779,-0.2351387610367033,0.4528717653470779,True,0.1347143615915403,0.3511092036886961,False,,,,,,,,,,pseudobulk_de_targeted_SubclassLevel1_ATL_ckd_vs_normal.csv
,targeted_SubclassLevel1_ATL_ckd_vs_normal,chronic kidney disease vs normal,ENSG00000106804,C5,terminal,True,503,30,6.143694691850215,0.1591678892654804,0.9967217288157428,0.0036433384092744,0.3561228091599345,0.0036433384092744,0.3561228091599345,True,0.8731241749927435,,False,,,,,,,,,,pseudobulk_de_targeted_SubclassLevel1_ATL_ckd_vs_normal.csv
,targeted_SubclassLevel1_ATL_ckd_vs_normal,chronic kidney disease vs normal,ENSG00000039537,C6,terminal,True,76,18,0.6778695067102735,0.2862760317460984,1.9358868617118763,-0.0399934815629419,0.4357422687498117,-0.0399934815629419,0.4357422687498117,True,0.8824386616688797,,False,,,,,,,,,,pseudobulk_de_targeted_SubclassLevel1_ATL_ckd_vs_normal.csv
,targeted_SubclassLevel1_ATL_ckd_vs_normal,chronic kidney disease vs normal,ENSG00000112936,C7,terminal,True,588,25,11.55413753059106,2.105940140626168,1.184798676799431,0.0997127170073614,0.7180860775063761,0.0997127170073614,0.7180860775063761,True,0.0754914924509751,,False,,,,,,,,,,pseudobulk_de_targeted_SubclassLevel1_ATL_ckd_vs_normal.csv
,targeted_SubclassLevel1_ATL_ckd_vs_normal,chronic kidney disease vs normal,ENSG00000157131,C8A,terminal,False,2,2,,,,,,,,,,,False,,,,,,,,,,pseudobulk_de_targeted_SubclassLevel1_ATL_ckd_vs_normal.csv
,targeted_SubclassLevel1_ATL_ckd_vs_normal,chronic kidney disease vs normal,ENSG00000021852,C8B,terminal,False,2,2,,,,,,,,,,,False,,,,,,,,,,pseudobulk_de_targeted_SubclassLevel1_ATL_ckd_vs_normal.csv
,targeted_SubclassLevel1_ATL_ckd_vs_normal,chronic kidney disease vs normal,ENSG00000176919,C8G,terminal,False,13,11,,,,,,,,,,,False,,,,,,,,,,pseudobulk_de_targeted_SubclassLevel1_ATL_ckd_vs_normal.csv
,targeted_SubclassLevel1_ATL_ckd_vs_normal,chronic kidney disease vs normal,ENSG00000113600,C9,terminal,True,105,22,2.4393863840541536,2.845474986570444,1.2453815764201153,0.1491747546187188,0.4983517893693437,0.1491747546187188,0.4983517893693437,True,0.0223232783107138,,False,,,,,,,,,,pseudobulk_de_targeted_SubclassLevel1_ATL_ckd_vs_normal.csv
,targeted_SubclassLevel1_CNT_aki_vs_ckd,acute kidney injury vs chronic kidney disease,ENSG00000125730,C3,alternative,True,896,60,6.643600664059052,2.949639852021155,0.7242086823944365,2.361681149165797,0.9149171410350848,2.361681149165797,0.9149171410350848,True,4.6428524369279806e-05,0.0046719145666858,True,,,,,,,,,,pseudobulk_de_targeted_SubclassLevel1_CNT_aki_vs_ckd.csv
,targeted_SubclassLevel1_CNT_aki_vs_ckd,acute kidney injury vs chronic kidney disease,ENSG00000243649,CFB,alternative,True,742,71,5.4057542566364445,1.5912157082661544,0.5674516748236825,0.0827685076106419,0.1953012610338877,0.0827685076106419,0.1953012610338877,True,0.0050450505354904,0.0827080462005341,False,,,,,,,,,,pseudobulk_de_targeted_SubclassLevel1_CNT_aki_vs_ckd.csv
,targeted_SubclassLevel1_CNT_aki_vs_ckd,acute kidney injury vs chronic kidney disease,ENSG00000197766,CFD,alternative,True,176,55,1.2012369547435766,-0.1389679304992191,0.5307212130739969,-0.0134506730325138,0.1693388902279506,-0.0134506730325138,0.1693388902279506,True,0.7934391507231946,,False,,,,,,,,,,pseudobulk_de_targeted_SubclassLevel1_CNT_aki_vs_ckd.csv
,targeted_SubclassLevel1_CNT_aki_vs_ckd,acute kidney injury vs chronic kidney disease,ENSG00000126759,CFP,alternative,True,22,20,0.3196392091372058,0.4260846133344872,0.9930624312261452,-0.0009956427785047,0.160465548581517,-0.0009956427785047,0.160465548581517,True,0.6678786473609114,,False,,,,,,,,,,pseudobulk_de_targeted_SubclassLevel1_CNT_aki_vs_ckd.csv
,targeted_SubclassLevel1_CNT_aki_vs_ckd,acute kidney injury vs chronic kidney disease,ENSG00000173372,C1QA,classical,True,81,38,0.6445352734251606,-0.2672674009016157,0.686298785243722,-0.0158529575250099,0.1578310537568627,-0.0158529575250099,0.1578310537568627,True,0.6969558579202682,,False,,,,,,,,,,pseudobulk_de_targeted_SubclassLevel1_CNT_aki_vs_ckd.csv
,targeted_SubclassLevel1_CNT_aki_vs_ckd,acute kidney injury vs chronic kidney disease,ENSG00000173369,C1QB,classical,True,76,28,0.4862129093684143,0.4885024058201624,0.9285194169548112,0.0095253612440414,0.1691044041338704,0.0095253612440414,0.1691044041338704,True,0.5988124878594092,,False,,,,,,,,,,pseudobulk_de_targeted_SubclassLevel1_CNT_aki_vs_ckd.csv
,targeted_SubclassLevel1_CNT_aki_vs_ckd,acute kidney injury vs chronic kidney disease,ENSG00000159189,C1QC,classical,True,42,25,0.4089545224407948,-0.8798611980685291,0.9461913337465752,-0.0333862336578992,0.1900428662246971,-0.0333862336578992,0.1900428662246971,True,0.3524240249337739,,False,,,,,,,,,,pseudobulk_de_targeted_SubclassLevel1_CNT_aki_vs_ckd.csv
,targeted_SubclassLevel1_CNT_aki_vs_ckd,acute kidney injury vs chronic kidney disease,ENSG00000159403,C1R,classical,True,420,61,2.754711117928772,0.996805495968868,0.563752935896184,0.038380182635261,0.1555758439513159,0.038380182635261,0.1555758439513159,True,0.077034128075612,0.3527140938842369,False,,,,,,,,,,pseudobulk_de_targeted_SubclassLevel1_CNT_aki_vs_ckd.csv
,targeted_SubclassLevel1_CNT_aki_vs_ckd,acute kidney injury vs chronic kidney disease,ENSG00000182326,C1S,classical,True,1187,87,8.181336753395152,0.4045222854560037,0.2491596283922836,0.1231385557058701,0.1882574129175215,0.1231385557058701,0.1882574129175215,True,0.1044725947875966,0.4099785699661977,False,,,,,,,,,,pseudobulk_de_targeted_SubclassLevel1_CNT_aki_vs_ckd.csv
,targeted_SubclassLevel1_CNT_aki_vs_ckd,acute kidney injury vs chronic kidney disease,ENSG00000166278,C2,classical,True,630,83,4.331311719613411,-0.4210174463815108,0.2460799319973946,-0.131207015915253,0.1932404693670062,-0.131207015915253,0.1932404693670062,True,0.0871001067987232,0.3732211416392286,False,,,,,,,,,,pseudobulk_de_targeted_SubclassLevel1_CNT_aki_vs_ckd.csv
,targeted_SubclassLevel1_CNT_aki_vs_ckd,acute kidney injury vs chronic kidney disease,ENSG00000244731,C4A,classical,False,13,11,,,,,,,,,,,False,,,,,,,,,,pseudobulk_de_targeted_SubclassLevel1_CNT_aki_vs_ckd.csv
,targeted_SubclassLevel1_CNT_aki_vs_ckd,acute kidney injury vs chronic kidney disease,ENSG00000224389,C4B,classical,False,11,10,,,,,,,,,,,False,,,,,,,,,,pseudobulk_de_targeted_SubclassLevel1_CNT_aki_vs_ckd.csv
,targeted_SubclassLevel1_CNT_aki_vs_ckd,acute kidney injury vs chronic kidney disease,ENSG00000123838,C4BPA,classical,True,47,30,0.3267381652081022,-0.531341311809766,0.8329533476889799,-0.0268312572725111,0.1760060247952476,-0.0268312572725111,0.1760060247952476,True,0.5235384875517639,,False,,,,,,,,,,pseudobulk_de_targeted_SubclassLevel1_CNT_aki_vs_ckd.csv
,targeted_SubclassLevel1_CNT_aki_vs_ckd,acute kidney injury vs chronic kidney disease,ENSG00000123843,C4BPB,classical,False,14,13,,,,,,,,,,,False,,,,,,,,,,pseudobulk_de_targeted_SubclassLevel1_CNT_aki_vs_ckd.csv
,targeted_SubclassLevel1_CNT_aki_vs_ckd,acute kidney injury vs chronic kidney disease,ENSG00000085265,FCN1,lectin,True,31,21,0.294666610351632,-0.9459449224808254,1.1136282813854113,-0.0287167741995586,0.1689416876993282,-0.0287167741995586,0.1689416876993282,True,0.3956442378268942,,False,,,,,,,,,,pseudobulk_de_targeted_SubclassLevel1_CNT_aki_vs_ckd.csv
,targeted_SubclassLevel1_CNT_aki_vs_ckd,acute kidney injury vs chronic kidney disease,ENSG00000160339,FCN2,lectin,False,2,2,,,,,,,,,,,False,,,,,,,,,,pseudobulk_de_targeted_SubclassLevel1_CNT_aki_vs_ckd.csv
,targeted_SubclassLevel1_CNT_aki_vs_ckd,acute kidney injury vs chronic kidney disease,ENSG00000142748,FCN3,lectin,True,20,15,0.1377864500615399,0.0144587373093724,1.2033931399499975,-0.0035551375802765,0.1556085455149019,-0.0035551375802765,0.1556085455149019,True,0.9904136683800212,,False,,,,,,,,,,pseudobulk_de_targeted_SubclassLevel1_CNT_aki_vs_ckd.csv
,targeted_SubclassLevel1_CNT_aki_vs_ckd,acute kidney injury vs chronic kidney disease,ENSG00000127241,MASP1,lectin,False,17,11,,,,,,,,,,,False,,,,,,,,,,pseudobulk_de_targeted_SubclassLevel1_CNT_aki_vs_ckd.csv
,targeted_SubclassLevel1_CNT_aki_vs_ckd,acute kidney injury vs chronic kidney disease,ENSG00000009724,MASP2,lectin,True,60,32,0.4390958540974157,-0.6260201043824151,0.8210449943533886,-0.0225903279092749,0.1666545342359192,-0.0225903279092749,0.1666545342359192,True,0.4457810475803722,,False,,,,,,,,,,pseudobulk_de_targeted_SubclassLevel1_CNT_aki_vs_ckd.csv
,targeted_SubclassLevel1_CNT_aki_vs_ckd,acute kidney injury vs chronic kidney disease,ENSG00000165471,MBL2,lectin,False,1,1,,,,,,,,,,,False,,,,,,,,,,pseudobulk_de_targeted_SubclassLevel1_CNT_aki_vs_ckd.csv
,targeted_SubclassLevel1_CNT_aki_vs_ckd,acute kidney injury vs chronic kidney disease,ENSG00000171860,C3AR1,receptor,False,19,15,,,,,,,,,,,False,,,,,,,,,,pseudobulk_de_targeted_SubclassLevel1_CNT_aki_vs_ckd.csv
,targeted_SubclassLevel1_CNT_aki_vs_ckd,acute kidney injury vs chronic kidney disease,ENSG00000197405,C5AR1,receptor,True,2685,90,18.523014215623885,0.0091979737152991,0.2560314945468074,0.0021436388282426,0.1432059829496369,0.0021436388282426,0.1432059829496369,True,0.9713420299588011,0.9903496510880128,False,,,,,,,,,,pseudobulk_de_targeted_SubclassLevel1_CNT_aki_vs_ckd.csv
,targeted_SubclassLevel1_CNT_aki_vs_ckd,acute kidney injury vs chronic kidney disease,ENSG00000134830,C5AR2,receptor,True,67,31,0.3869499564580952,-1.1467080226730069,0.8431912746087419,-0.0510365065025519,0.1714464150466832,-0.0510365065025519,0.1714464150466832,True,0.1738419753835857,,False,,,,,,,,,,pseudobulk_de_targeted_SubclassLevel1_CNT_aki_vs_ckd.csv
,targeted_SubclassLevel1_CNT_aki_vs_ckd,acute kidney injury vs chronic kidney disease,ENSG00000203710,CR1,receptor,True,36,27,0.4337972838105108,-0.3072101656339541,0.8881790763697336,-0.0210555366701792,0.1704059859997944,-0.0210555366701792,0.1704059859997944,True,0.7294271569947264,,False,,,,,,,,,,pseudobulk_de_targeted_SubclassLevel1_CNT_aki_vs_ckd.csv
,targeted_SubclassLevel1_CNT_aki_vs_ckd,acute kidney injury vs chronic kidney disease,ENSG00000117322,CR2,receptor,True,34,24,0.3337769241173061,-0.8449983558945741,0.9036553095712544,-0.0405624348394378,0.1612095673425302,-0.0405624348394378,0.1612095673425302,True,0.3497423117047143,,False,,,,,,,,,,pseudobulk_de_targeted_SubclassLevel1_CNT_aki_vs_ckd.csv
,targeted_SubclassLevel1_CNT_aki_vs_ckd,acute kidney injury vs chronic kidney disease,ENSG00000169896,ITGAM,receptor,True,51,22,0.2800142542378797,-0.9251694907463563,1.086686805605494,-0.0235421362042884,0.1623617796627244,-0.0235421362042884,0.1623617796627244,True,0.3945654123588967,,False,,,,,,,,,,pseudobulk_de_targeted_SubclassLevel1_CNT_aki_vs_ckd.csv
,targeted_SubclassLevel1_CNT_aki_vs_ckd,acute kidney injury vs chronic kidney disease,ENSG00000140678,ITGAX,receptor,True,27,19,0.4063929014282867,0.3485451215149258,1.1794536400396596,0.0029141768522595,0.2475122030203818,0.0029141768522595,0.2475122030203818,True,0.7676012212796547,,False,,,,,,,,,,pseudobulk_de_targeted_SubclassLevel1_CNT_aki_vs_ckd.csv
,targeted_SubclassLevel1_CNT_aki_vs_ckd,acute kidney injury vs chronic kidney disease,ENSG00000155659,VSIG4,receptor,False,18,9,,,,,,,,,,,False,,,,,,,,,,pseudobulk_de_targeted_SubclassLevel1_CNT_aki_vs_ckd.csv
,targeted_SubclassLevel1_CNT_aki_vs_ckd,acute kidney injury vs chronic kidney disease,ENSG00000117335,CD46,regulator,True,10646,91,73.78210051353895,-0.2485722861472883,0.1870765605235397,-0.0984926148938891,0.1507928691804516,-0.0984926148938891,0.1507928691804516,True,0.1839405075605829,0.5183206008259093,False,,,,,,,,,,pseudobulk_de_targeted_SubclassLevel1_CNT_aki_vs_ckd.csv
,targeted_SubclassLevel1_CNT_aki_vs_ckd,acute kidney injury vs chronic kidney disease,ENSG00000196352,CD55,regulator,True,2981,88,21.560286354845253,-0.0138133919074347,0.3442555047236599,-0.0017932581635895,0.1379890307487219,-0.0017932581635895,0.1379890307487219,True,0.9679931470204016,0.9899213083027876,False,,,,,,,,,,pseudobulk_de_targeted_SubclassLevel1_CNT_aki_vs_ckd.csv
,targeted_SubclassLevel1_CNT_aki_vs_ckd,acute kidney injury vs chronic kidney disease,ENSG00000085063,CD59,regulator,True,6846,91,45.42486318455873,-0.0237891990935367,0.3172472380652384,-0.0027488676612334,0.1502355482940479,-0.0027488676612334,0.1502355482940479,True,0.9402256058833688,0.9810165029686022,False,,,,,,,,,,pseudobulk_de_targeted_SubclassLevel1_CNT_aki_vs_ckd.csv
,targeted_SubclassLevel1_CNT_aki_vs_ckd,acute kidney injury vs chronic kidney disease,ENSG00000000971,CFH,regulator,True,164,48,1.5038175555717803,-0.2529239015595881,0.7021413437640015,-0.0139823445969199,0.1526980525598341,-0.0139823445969199,0.1526980525598341,True,0.7186841671309816,,False,,,,,,,,,,pseudobulk_de_targeted_SubclassLevel1_CNT_aki_vs_ckd.csv
,targeted_SubclassLevel1_CNT_aki_vs_ckd,acute kidney injury vs chronic kidney disease,ENSG00000205403,CFI,regulator,True,5404,91,36.02911859659789,0.5666211589914761,0.2023174613994036,0.3898199013625226,0.2296967169864749,0.3898199013625226,0.2296967169864749,True,0.0050999205164392,0.0830990757079134,False,,,,,,,,,,pseudobulk_de_targeted_SubclassLevel1_CNT_aki_vs_ckd.csv
,targeted_SubclassLevel1_CNT_aki_vs_ckd,acute kidney injury vs chronic kidney disease,ENSG00000149131,SERPING1,regulator,True,2979,87,18.029222659839046,0.6588711341750272,0.341437244993971,0.1019848399850006,0.202696159149896,0.1019848399850006,0.202696159149896,True,0.0536441352528958,0.2953788600265967,False,,,,,,,,,,pseudobulk_de_targeted_SubclassLevel1_CNT_aki_vs_ckd.csv
,targeted_SubclassLevel1_CNT_aki_vs_ckd,acute kidney injury vs chronic kidney disease,ENSG00000106804,C5,terminal,True,652,84,4.589976152009746,-0.3416399073461597,0.2665181876841241,-0.0816861885910725,0.1638994998765038,-0.0816861885910725,0.1638994998765038,True,0.199890572807717,0.5379255497776608,False,,,,,,,,,,pseudobulk_de_targeted_SubclassLevel1_CNT_aki_vs_ckd.csv
,targeted_SubclassLevel1_CNT_aki_vs_ckd,acute kidney injury vs chronic kidney disease,ENSG00000039537,C6,terminal,True,46,31,0.4355971957326894,-0.2765673257532292,0.8797494006409287,-0.0121073353752735,0.1975181883641998,-0.0121073353752735,0.1975181883641998,True,0.7532396011503544,,False,,,,,,,,,,pseudobulk_de_targeted_SubclassLevel1_CNT_aki_vs_ckd.csv
,targeted_SubclassLevel1_CNT_aki_vs_ckd,acute kidney injury vs chronic kidney disease,ENSG00000112936,C7,terminal,True,1206,61,11.219439617269767,-0.9944501937505628,0.8013439990997474,-0.0189155632004399,0.1682362209185056,-0.0189155632004399,0.1682362209185056,True,0.2146139128193908,0.5537366605569014,False,,,,,,,,,,pseudobulk_de_targeted_SubclassLevel1_CNT_aki_vs_ckd.csv
,targeted_SubclassLevel1_CNT_aki_vs_ckd,acute kidney injury vs chronic kidney disease,ENSG00000157131,C8A,terminal,False,5,4,,,,,,,,,,,False,,,,,,,,,,pseudobulk_de_targeted_SubclassLevel1_CNT_aki_vs_ckd.csv
,targeted_SubclassLevel1_CNT_aki_vs_ckd,acute kidney injury vs chronic kidney disease,ENSG00000021852,C8B,terminal,False,6,5,,,,,,,,,,,False,,,,,,,,,,pseudobulk_de_targeted_SubclassLevel1_CNT_aki_vs_ckd.csv
,targeted_SubclassLevel1_CNT_aki_vs_ckd,acute kidney injury vs chronic kidney disease,ENSG00000176919,C8G,terminal,False,16,14,,,,,,,,,,,False,,,,,,,,,,pseudobulk_de_targeted_SubclassLevel1_CNT_aki_vs_ckd.csv
,targeted_SubclassLevel1_CNT_aki_vs_ckd,acute kidney injury vs chronic kidney disease,ENSG00000113600,C9,terminal,True,458,66,2.414611240521039,0.1782597587203977,0.4457469457999468,0.011230375818557,0.1484521373848475,0.011230375818557,0.1484521373848475,True,0.6892209928463707,0.8826689136015602,False,,,,,,,,,,pseudobulk_de_targeted_SubclassLevel1_CNT_aki_vs_ckd.csv
,targeted_SubclassLevel1_CNT_aki_vs_normal,acute kidney injury vs normal,ENSG00000125730,C3,alternative,True,1136,75,11.649948264047945,2.9196905835867417,0.662756093252685,2.3893862551473934,0.7459409419518002,2.3893862551473934,0.7459409419518002,True,1.05599960562451e-05,0.0004092431131159,True,,,,,,,,,,pseudobulk_de_targeted_SubclassLevel1_CNT_aki_vs_normal.csv
,targeted_SubclassLevel1_CNT_aki_vs_normal,acute kidney injury vs normal,ENSG00000243649,CFB,alternative,True,1048,73,8.767146518602623,2.406429434416957,0.5663063196071937,1.9941026369223156,0.5799316333851257,1.9941026369223156,0.5799316333851257,True,2.1439902406373472e-05,0.0006992618437244,True,,,,,,,,,,pseudobulk_de_targeted_SubclassLevel1_CNT_aki_vs_normal.csv
,targeted_SubclassLevel1_CNT_aki_vs_normal,acute kidney injury vs normal,ENSG00000197766,CFD,alternative,True,303,64,1.4679394758822737,0.0313651060209389,0.4963062291723387,0.0032493519175409,0.809955315145831,0.0032493519175409,0.809955315145831,True,0.9496095674669112,0.9799777922133152,False,,,,,,,,,,pseudobulk_de_targeted_SubclassLevel1_CNT_aki_vs_normal.csv
,targeted_SubclassLevel1_CNT_aki_vs_normal,acute kidney injury vs normal,ENSG00000126759,CFP,alternative,True,43,23,0.1727102584879101,-0.1278193900261286,0.952196763024724,-0.0269200747950524,0.4581659288378288,-0.0269200747950524,0.4581659288378288,True,0.8932157060631908,,False,,,,,,,,,,pseudobulk_de_targeted_SubclassLevel1_CNT_aki_vs_normal.csv
,targeted_SubclassLevel1_CNT_aki_vs_normal,acute kidney injury vs normal,ENSG00000173372,C1QA,classical,True,293,48,1.0681187504290048,-0.7576712087029334,0.6442597787658374,-0.12423370337914,0.5094544064925961,-0.12423370337914,0.5094544064925961,True,0.2395814113070905,0.5072461331504091,False,,,,,,,,,,pseudobulk_de_targeted_SubclassLevel1_CNT_aki_vs_normal.csv
,targeted_SubclassLevel1_CNT_aki_vs_normal,acute kidney injury vs normal,ENSG00000173369,C1QB,classical,True,241,42,1.1399488119460783,0.5756533455783411,0.6709560688162779,0.062719183161211,0.4671350771783836,0.062719183161211,0.4671350771783836,True,0.390914652593161,0.6553717898000916,False,,,,,,,,,,pseudobulk_de_targeted_SubclassLevel1_CNT_aki_vs_normal.csv
,targeted_SubclassLevel1_CNT_aki_vs_normal,acute kidney injury vs normal,ENSG00000159189,C1QC,classical,True,111,33,0.51263360262037,-0.3348846264937707,0.7787466584493159,-0.0499956874188383,1.6097426829331365,-0.0499956874188383,1.6097426829331365,True,0.6671736308006044,,False,,,,,,,,,,pseudobulk_de_targeted_SubclassLevel1_CNT_aki_vs_normal.csv
,targeted_SubclassLevel1_CNT_aki_vs_normal,acute kidney injury vs normal,ENSG00000159403,C1R,classical,True,681,71,3.552970916930821,1.5914428150764008,0.4817763838575946,1.2990084726260247,0.4561725361223059,1.2990084726260247,0.4561725361223059,True,0.0009556054972555,0.0127999368838103,True,,,,,,,,,,pseudobulk_de_targeted_SubclassLevel1_CNT_aki_vs_normal.csv
,targeted_SubclassLevel1_CNT_aki_vs_normal,acute kidney injury vs normal,ENSG00000182326,C1S,classical,True,2266,90,10.750633580227976,0.2048272490864854,0.1908104764126535,0.1343663800809085,0.1888297494706699,0.1343663800809085,0.1888297494706699,True,0.2830651640473556,0.5557123762968915,False,,,,,,,,,,pseudobulk_de_targeted_SubclassLevel1_CNT_aki_vs_normal.csv
,targeted_SubclassLevel1_CNT_aki_vs_normal,acute kidney injury vs normal,ENSG00000166278,C2,classical,True,1231,91,6.235713793688058,-0.2628524385336731,0.216935269485357,-0.1578246772433233,0.2166497841785999,-0.1578246772433233,0.2166497841785999,True,0.2256414094886895,0.489981893331446,False,,,,,,,,,,pseudobulk_de_targeted_SubclassLevel1_CNT_aki_vs_normal.csv
,targeted_SubclassLevel1_CNT_aki_vs_normal,acute kidney injury vs normal,ENSG00000244731,C4A,classical,False,18,16,,,,,,,,,,,False,,,,,,,,,,pseudobulk_de_targeted_SubclassLevel1_CNT_aki_vs_normal.csv
,targeted_SubclassLevel1_CNT_aki_vs_normal,acute kidney injury vs normal,ENSG00000224389,C4B,classical,False,12,10,,,,,,,,,,,False,,,,,,,,,,pseudobulk_de_targeted_SubclassLevel1_CNT_aki_vs_normal.csv
,targeted_SubclassLevel1_CNT_aki_vs_normal,acute kidney injury vs normal,ENSG00000123838,C4BPA,classical,True,73,32,0.4250113634543882,-0.4456662656186947,0.7353576266359715,-0.0919469510977238,0.9030605281624776,-0.0919469510977238,0.9030605281624776,True,0.5444790449004344,,False,,,,,,,,,,pseudobulk_de_targeted_SubclassLevel1_CNT_aki_vs_normal.csv
,targeted_SubclassLevel1_CNT_aki_vs_normal,acute kidney injury vs normal,ENSG00000123843,C4BPB,classical,True,23,15,0.0515500833131041,0.3205964908353325,1.3849135777055803,0.0050975539554805,0.5900050937658128,0.0050975539554805,0.5900050937658128,True,0.8169325566136505,,False,,,,,,,,,,pseudobulk_de_targeted_SubclassLevel1_CNT_aki_vs_normal.csv
,targeted_SubclassLevel1_CNT_aki_vs_normal,acute kidney injury vs normal,ENSG00000085265,FCN1,lectin,True,46,30,0.1884659829395522,-0.1585320490126561,0.7659028140179485,-0.0492548168664624,1.1884480117270475,-0.0492548168664624,1.1884480117270475,True,0.8360198854769516,,False,,,,,,,,,,pseudobulk_de_targeted_SubclassLevel1_CNT_aki_vs_normal.csv
,targeted_SubclassLevel1_CNT_aki_vs_normal,acute kidney injury vs normal,ENSG00000160339,FCN2,lectin,False,6,6,,,,,,,,,,,False,,,,,,,,,,pseudobulk_de_targeted_SubclassLevel1_CNT_aki_vs_normal.csv
,targeted_SubclassLevel1_CNT_aki_vs_normal,acute kidney injury vs normal,ENSG00000142748,FCN3,lectin,True,104,26,0.3427544325231851,-1.2703802022804949,0.9257182729801038,-0.1443352417576276,0.754298468484255,-0.1443352417576276,0.754298468484255,True,0.1699643457660383,,False,,,,,,,,,,pseudobulk_de_targeted_SubclassLevel1_CNT_aki_vs_normal.csv
,targeted_SubclassLevel1_CNT_aki_vs_normal,acute kidney injury vs normal,ENSG00000127241,MASP1,lectin,True,42,21,0.2544534625214507,-0.4164187405841231,0.9427424021394128,-0.0700865998297476,0.70376391390351,-0.0700865998297476,0.70376391390351,True,0.6586990769362793,,False,,,,,,,,,,pseudobulk_de_targeted_SubclassLevel1_CNT_aki_vs_normal.csv
,targeted_SubclassLevel1_CNT_aki_vs_normal,acute kidney injury vs normal,ENSG00000009724,MASP2,lectin,True,107,43,0.5641758868631153,-0.5220838179081146,0.6358355411012647,-0.1121424948687305,0.815784093705596,-0.1121424948687305,0.815784093705596,True,0.411589977283253,0.6712675097742742,False,,,,,,,,,,pseudobulk_de_targeted_SubclassLevel1_CNT_aki_vs_normal.csv
,targeted_SubclassLevel1_CNT_aki_vs_normal,acute kidney injury vs normal,ENSG00000165471,MBL2,lectin,False,2,2,,,,,,,,,,,False,,,,,,,,,,pseudobulk_de_targeted_SubclassLevel1_CNT_aki_vs_normal.csv
,targeted_SubclassLevel1_CNT_aki_vs_normal,acute kidney injury vs normal,ENSG00000171860,C3AR1,receptor,True,70,25,0.4587718375717709,-0.6021510272478283,0.8170395254625572,-0.1054551213096247,1.036261840948838,-0.1054551213096247,1.036261840948838,True,0.4611276361751866,,False,,,,,,,,,,pseudobulk_de_targeted_SubclassLevel1_CNT_aki_vs_normal.csv
,targeted_SubclassLevel1_CNT_aki_vs_normal,acute kidney injury vs normal,ENSG00000197405,C5AR1,receptor,True,4409,96,23.859172661658363,0.0838916426361169,0.2304159216030433,0.0400572856531396,0.266338824250923,0.0400572856531396,0.266338824250923,True,0.7157923927579619,0.8728130981707616,False,,,,,,,,,,pseudobulk_de_targeted_SubclassLevel1_CNT_aki_vs_normal.csv
,targeted_SubclassLevel1_CNT_aki_vs_normal,acute kidney injury vs normal,ENSG00000134830,C5AR2,receptor,True,127,44,0.4851464994471456,-0.8094544576273465,0.6430023713354929,-0.1627358616972033,0.7065940588820852,-0.1627358616972033,0.7065940588820852,True,0.2080783799049324,,False,,,,,,,,,,pseudobulk_de_targeted_SubclassLevel1_CNT_aki_vs_normal.csv
,targeted_SubclassLevel1_CNT_aki_vs_normal,acute kidney injury vs normal,ENSG00000203710,CR1,receptor,True,193,32,0.6858115282723691,-1.8506902386546935,0.9489616151270264,-0.1775814218113319,0.8443895997521749,-0.1775814218113319,0.8443895997521749,True,0.0511491098524055,0.2014367763601946,False,,,,,,,,,,pseudobulk_de_targeted_SubclassLevel1_CNT_aki_vs_normal.csv
,targeted_SubclassLevel1_CNT_aki_vs_normal,acute kidney injury vs normal,ENSG00000117322,CR2,receptor,True,106,25,0.3962866682192853,-0.7594323285722486,0.9816223641213684,-0.0597128343486034,0.6718698480455512,-0.0597128343486034,0.6718698480455512,True,0.4391376830622484,,False,,,,,,,,,,pseudobulk_de_targeted_SubclassLevel1_CNT_aki_vs_normal.csv
,targeted_SubclassLevel1_CNT_aki_vs_normal,acute kidney injury vs normal,ENSG00000169896,ITGAM,receptor,True,60,32,0.2544491947135652,-0.4582215956345349,0.8289187472237963,-0.0785025180769542,2.0758012873940657,-0.0785025180769542,2.0758012873940657,True,0.580404241471429,,False,,,,,,,,,,pseudobulk_de_targeted_SubclassLevel1_CNT_aki_vs_normal.csv
,targeted_SubclassLevel1_CNT_aki_vs_normal,acute kidney injury vs normal,ENSG00000140678,ITGAX,receptor,True,45,20,0.3536827618252726,0.2328358861270237,1.1351353033655818,0.0274447928900108,0.3771278253518288,0.0274447928900108,0.3771278253518288,True,0.8374804820247632,,False,,,,,,,,,,pseudobulk_de_targeted_SubclassLevel1_CNT_aki_vs_normal.csv
,targeted_SubclassLevel1_CNT_aki_vs_normal,acute kidney injury vs normal,ENSG00000155659,VSIG4,receptor,True,56,18,0.2624325998040125,0.7913424872586236,1.0535939624954391,0.047286601482037,0.5110550366462486,0.047286601482037,0.5110550366462486,True,0.4525992943449882,,False,,,,,,,,,,pseudobulk_de_targeted_SubclassLevel1_CNT_aki_vs_normal.csv
,targeted_SubclassLevel1_CNT_aki_vs_normal,acute kidney injury vs normal,ENSG00000117335,CD46,regulator,True,20524,96,103.91124163935844,-0.0058979891552792,0.1619368469974879,-0.0036792412003835,0.1586029636925354,-0.0036792412003835,0.1586029636925354,True,0.9709462400966858,0.9873899016633292,False,,,,,,,,,,pseudobulk_de_targeted_SubclassLevel1_CNT_aki_vs_normal.csv
,targeted_SubclassLevel1_CNT_aki_vs_normal,acute kidney injury vs normal,ENSG00000196352,CD55,regulator,True,5261,92,25.40646616959972,0.3436166078448098,0.2617813444150178,0.1787573382899004,0.2521771886122668,0.1787573382899004,0.2521771886122668,True,0.1893146592021933,0.4447537543661938,False,,,,,,,,,,pseudobulk_de_targeted_SubclassLevel1_CNT_aki_vs_normal.csv
,targeted_SubclassLevel1_CNT_aki_vs_normal,acute kidney injury vs normal,ENSG00000085063,CD59,regulator,True,12636,96,66.517747720619,0.5729244077808624,0.2628004069976048,0.3787495033893514,0.2574014737454835,0.3787495033893514,0.2574014737454835,True,0.029251956013075,0.1409585600505812,False,,,,,,,,,,pseudobulk_de_targeted_SubclassLevel1_CNT_aki_vs_normal.csv
,targeted_SubclassLevel1_CNT_aki_vs_normal,acute kidney injury vs normal,ENSG00000000971,CFH,regulator,True,437,49,2.461421801643335,0.2085763575753865,0.5947662563514622,0.0305915130556118,0.5672998634636267,0.0305915130556118,0.5672998634636267,True,0.7258237301628638,0.878948760319471,False,,,,,,,,,,pseudobulk_de_targeted_SubclassLevel1_CNT_aki_vs_normal.csv
,targeted_SubclassLevel1_CNT_aki_vs_normal,acute kidney injury vs normal,ENSG00000205403,CFI,regulator,True,8347,96,44.595379926282135,1.090305595741203,0.2029837705327101,1.0143321741499758,0.2045287280330462,1.0143321741499758,0.2045287280330462,True,7.813074130035874e-08,9.859021886708027e-06,True,,,,,,,,,,pseudobulk_de_targeted_SubclassLevel1_CNT_aki_vs_normal.csv
,targeted_SubclassLevel1_CNT_aki_vs_normal,acute kidney injury vs normal,ENSG00000149131,SERPING1,regulator,True,5080,94,27.652636664773784,1.062208895726839,0.303984103027952,0.8893304539731645,0.298151191634566,0.8893304539731645,0.298151191634566,True,0.0004753227262245,0.0074973964842511,True,,,,,,,,,,pseudobulk_de_targeted_SubclassLevel1_CNT_aki_vs_normal.csv
,targeted_SubclassLevel1_CNT_aki_vs_normal,acute kidney injury vs normal,ENSG00000106804,C5,terminal,True,1036,89,5.019156942562008,0.4717354785978237,0.22721803672065,0.3169285812457482,0.231384992695547,0.3169285812457482,0.231384992695547,True,0.0378814018199596,0.166694566883069,False,,,,,,,,,,pseudobulk_de_targeted_SubclassLevel1_CNT_aki_vs_normal.csv
,targeted_SubclassLevel1_CNT_aki_vs_normal,acute kidney injury vs normal,ENSG00000039537,C6,terminal,True,63,34,0.3868205860658549,0.5451170582057203,0.6927698213421722,0.0666213584885037,0.6166334775689051,0.0666213584885037,0.6166334775689051,True,0.4313602788704288,,False,,,,,,,,,,pseudobulk_de_targeted_SubclassLevel1_CNT_aki_vs_normal.csv
,targeted_SubclassLevel1_CNT_aki_vs_normal,acute kidney injury vs normal,ENSG00000112936,C7,terminal,True,2489,59,10.447535644123446,-0.3492621075401622,0.6886988490934174,-0.0442764634725256,0.359987805109851,-0.0442764634725256,0.359987805109851,True,0.6120613040856262,0.8126912685671047,False,,,,,,,,,,pseudobulk_de_targeted_SubclassLevel1_CNT_aki_vs_normal.csv
,targeted_SubclassLevel1_CNT_aki_vs_normal,acute kidney injury vs normal,ENSG00000157131,C8A,terminal,False,14,12,,,,,,,,,,,False,,,,,,,,,,pseudobulk_de_targeted_SubclassLevel1_CNT_aki_vs_normal.csv
,targeted_SubclassLevel1_CNT_aki_vs_normal,acute kidney injury vs normal,ENSG00000021852,C8B,terminal,True,21,11,0.1655909902144099,-0.3335667213608627,1.569168773093519,-0.018947192021144,1.9386827603071672,-0.018947192021144,1.9386827603071672,True,0.8316581400929866,,False,,,,,,,,,,pseudobulk_de_targeted_SubclassLevel1_CNT_aki_vs_normal.csv
,targeted_SubclassLevel1_CNT_aki_vs_normal,acute kidney injury vs normal,ENSG00000176919,C8G,terminal,True,23,17,0.1062134183064068,0.1097360204520051,1.1936527259504637,0.0004433699943918,0.3961885795266185,0.0004433699943918,0.3961885795266185,True,0.9267513092755304,,False,,,,,,,,,,pseudobulk_de_targeted_SubclassLevel1_CNT_aki_vs_normal.csv
,targeted_SubclassLevel1_CNT_aki_vs_normal,acute kidney injury vs normal,ENSG00000113600,C9,terminal,True,620,71,3.135958594549809,1.1572558183810142,0.4485177916419427,0.7044067024326445,0.4492164490521466,0.7044067024326445,0.4492164490521466,True,0.0098749349793907,0.0673682644734945,False,,,,,,,,,,pseudobulk_de_targeted_SubclassLevel1_CNT_aki_vs_normal.csv
,targeted_SubclassLevel1_CNT_ckd_vs_normal,chronic kidney disease vs normal,ENSG00000125730,C3,alternative,True,768,85,4.57312612180054,-0.3221792773716455,0.7913415487834912,-0.0137600772981893,0.2099488470921889,-0.0137600772981893,0.2099488470921889,True,0.6839121461728737,0.8561130332120956,False,,,,,,,,,,pseudobulk_de_targeted_SubclassLevel1_CNT_ckd_vs_normal.csv
,targeted_SubclassLevel1_CNT_ckd_vs_normal,chronic kidney disease vs normal,ENSG00000243649,CFB,alternative,True,872,92,4.535730769823661,0.0372547935677022,0.6330326265619293,0.0016052572033949,0.2251400808519937,0.0016052572033949,0.2251400808519937,True,0.9530705470492368,0.982491042158378,False,,,,,,,,,,pseudobulk_de_targeted_SubclassLevel1_CNT_ckd_vs_normal.csv
,targeted_SubclassLevel1_CNT_ckd_vs_normal,chronic kidney disease vs normal,ENSG00000197766,CFD,alternative,True,357,85,1.377359510730226,0.2029505458668248,0.5149627886104594,0.0163896100779184,0.2870278051481369,0.0163896100779184,0.2870278051481369,True,0.6935018909819712,,False,,,,,,,,,,pseudobulk_de_targeted_SubclassLevel1_CNT_ckd_vs_normal.csv
,targeted_SubclassLevel1_CNT_ckd_vs_normal,chronic kidney disease vs normal,ENSG00000126759,CFP,alternative,True,53,33,0.2834199735865227,0.571231034751678,0.9460577517936696,0.0102078354429253,0.8682618099821588,0.0102078354429253,0.8682618099821588,True,0.5459756606415265,,False,,,,,,,,,,pseudobulk_de_targeted_SubclassLevel1_CNT_ckd_vs_normal.csv
,targeted_SubclassLevel1_CNT_ckd_vs_normal,chronic kidney disease vs normal,ENSG00000173372,C1QA,classical,True,318,64,0.942556027284818,-1.0425031964502869,0.6947369690496112,-0.0568518358186114,0.3557911461746777,-0.0568518358186114,0.3557911461746777,True,0.133466166335148,,False,,,,,,,,,,pseudobulk_de_targeted_SubclassLevel1_CNT_ckd_vs_normal.csv
,targeted_SubclassLevel1_CNT_ckd_vs_normal,chronic kidney disease vs normal,ENSG00000173369,C1QB,classical,True,237,46,0.7632726214352616,-1.0900515032989342,0.8525269764617531,-0.0384342255015501,0.2898580685133081,-0.0384342255015501,0.2898580685133081,True,0.2010336060366228,,False,,,,,,,,,,pseudobulk_de_targeted_SubclassLevel1_CNT_ckd_vs_normal.csv
,targeted_SubclassLevel1_CNT_ckd_vs_normal,chronic kidney disease vs normal,ENSG00000159189,C1QC,classical,True,131,46,0.5633208516135292,0.5184270386101834,0.7920598310552943,0.0186083225038275,0.3020839611645753,0.0186083225038275,0.3020839611645753,True,0.5127703103362387,,False,,,,,,,,,,pseudobulk_de_targeted_SubclassLevel1_CNT_ckd_vs_normal.csv
,targeted_SubclassLevel1_CNT_ckd_vs_normal,chronic kidney disease vs normal,ENSG00000159403,C1R,classical,True,653,88,2.386193610650716,-0.4639334630140508,0.5540073460206395,-0.0274162303711764,0.2522355627107179,-0.0274162303711764,0.2522355627107179,True,0.4023599443225865,0.6824505950460209,False,,,,,,,,,,pseudobulk_de_targeted_SubclassLevel1_CNT_ckd_vs_normal.csv
,targeted_SubclassLevel1_CNT_ckd_vs_normal,chronic kidney disease vs normal,ENSG00000182326,C1S,classical,True,2475,129,9.255506172301708,-0.1683748448731509,0.2389767706962992,-0.0449709175274886,0.2086599575232808,-0.0449709175274886,0.2086599575232808,True,0.4810805264807916,0.7390644916984408,False,,,,,,,,,,pseudobulk_de_targeted_SubclassLevel1_CNT_ckd_vs_normal.csv
,targeted_SubclassLevel1_CNT_ckd_vs_normal,chronic kidney disease vs normal,ENSG00000166278,C2,classical,True,1395,124,5.633151211194243,-0.0442643493240562,0.2376028049113285,-0.011489815908191,0.2241550266781659,-0.011489815908191,0.2241550266781659,True,0.8522129834303144,0.9419530055915178,False,,,,,,,,,,pseudobulk_de_targeted_SubclassLevel1_CNT_ckd_vs_normal.csv
,targeted_SubclassLevel1_CNT_ckd_vs_normal,chronic kidney disease vs normal,ENSG00000244731,C4A,classical,False,15,15,,,,,,,,,,,False,,,,,,,,,,pseudobulk_de_targeted_SubclassLevel1_CNT_ckd_vs_normal.csv
,targeted_SubclassLevel1_CNT_ckd_vs_normal,chronic kidney disease vs normal,ENSG00000224389,C4B,classical,False,9,8,,,,,,,,,,,False,,,,,,,,,,pseudobulk_de_targeted_SubclassLevel1_CNT_ckd_vs_normal.csv
,targeted_SubclassLevel1_CNT_ckd_vs_normal,chronic kidney disease vs normal,ENSG00000123838,C4BPA,classical,True,96,44,0.4445027806249146,0.2130211555184248,0.8541626646611311,-0.0016691239141746,0.4581212089080417,-0.0016691239141746,0.4581212089080417,True,0.8030577355339934,,False,,,,,,,,,,pseudobulk_de_targeted_SubclassLevel1_CNT_ckd_vs_normal.csv
,targeted_SubclassLevel1_CNT_ckd_vs_normal,chronic kidney disease vs normal,ENSG00000123843,C4BPB,classical,True,27,20,0.0969406211649164,0.3545809090163774,1.2670458599072871,-0.0008139034089977,0.5764456632522358,-0.0008139034089977,0.5764456632522358,True,0.7795937245034601,,False,,,,,,,,,,pseudobulk_de_targeted_SubclassLevel1_CNT_ckd_vs_normal.csv
,targeted_SubclassLevel1_CNT_ckd_vs_normal,chronic kidney disease vs normal,ENSG00000085265,FCN1,lectin,True,63,37,0.326193668608248,0.9662383432964148,0.919038312076778,0.0224485728546161,0.6577162750690159,0.0224485728546161,0.6577162750690159,True,0.2930941672087854,,False,,,,,,,,,,pseudobulk_de_targeted_SubclassLevel1_CNT_ckd_vs_normal.csv
,targeted_SubclassLevel1_CNT_ckd_vs_normal,chronic kidney disease vs normal,ENSG00000160339,FCN2,lectin,False,4,4,,,,,,,,,,,False,,,,,,,,,,pseudobulk_de_targeted_SubclassLevel1_CNT_ckd_vs_normal.csv
,targeted_SubclassLevel1_CNT_ckd_vs_normal,chronic kidney disease vs normal,ENSG00000142748,FCN3,lectin,True,118,35,0.2827210865277952,-0.7332325907267067,0.9148667929256604,-0.0268481996834601,0.3266275629404779,-0.0268481996834601,0.3266275629404779,True,0.4228632090752846,,False,,,,,,,,,,pseudobulk_de_targeted_SubclassLevel1_CNT_ckd_vs_normal.csv
,targeted_SubclassLevel1_CNT_ckd_vs_normal,chronic kidney disease vs normal,ENSG00000127241,MASP1,lectin,True,49,24,0.3154566794519532,0.288067615183622,1.253436418960224,-0.0040270878174121,0.4460393181320609,-0.0040270878174121,0.4460393181320609,True,0.818229871421329,,False,,,,,,,,,,pseudobulk_de_targeted_SubclassLevel1_CNT_ckd_vs_normal.csv
,targeted_SubclassLevel1_CNT_ckd_vs_normal,chronic kidney disease vs normal,ENSG00000009724,MASP2,lectin,True,131,53,0.5991262305653128,-0.4454068295228328,0.8201341013928349,-0.0242270011374334,0.6081519911459414,-0.0242270011374334,0.6081519911459414,True,0.587067669224784,,False,,,,,,,,,,pseudobulk_de_targeted_SubclassLevel1_CNT_ckd_vs_normal.csv
,targeted_SubclassLevel1_CNT_ckd_vs_normal,chronic kidney disease vs normal,ENSG00000165471,MBL2,lectin,False,3,3,,,,,,,,,,,False,,,,,,,,,,pseudobulk_de_targeted_SubclassLevel1_CNT_ckd_vs_normal.csv
,targeted_SubclassLevel1_CNT_ckd_vs_normal,chronic kidney disease vs normal,ENSG00000171860,C3AR1,receptor,True,73,28,0.2214738730144866,-0.200082450232179,1.0230442870740275,-0.0135316960453965,0.4259939980683239,-0.0135316960453965,0.4259939980683239,True,0.8449423981106507,,False,,,,,,,,,,pseudobulk_de_targeted_SubclassLevel1_CNT_ckd_vs_normal.csv
,targeted_SubclassLevel1_CNT_ckd_vs_normal,chronic kidney disease vs normal,ENSG00000197405,C5AR1,receptor,True,4784,130,20.94784645100205,0.3746913028823684,0.2578176706638627,0.0888553800689072,0.2642868418162065,0.0888553800689072,0.2642868418162065,True,0.1461352220327063,0.4436650213217678,False,,,,,,,,,,pseudobulk_de_targeted_SubclassLevel1_CNT_ckd_vs_normal.csv
,targeted_SubclassLevel1_CNT_ckd_vs_normal,chronic kidney disease vs normal,ENSG00000134830,C5AR2,receptor,True,152,57,0.540627623230646,0.3259805978606469,0.66617540759587,0.0088008744844297,0.4283176704914024,0.0088008744844297,0.4283176704914024,True,0.6246070378765536,,False,,,,,,,,,,pseudobulk_de_targeted_SubclassLevel1_CNT_ckd_vs_normal.csv
,targeted_SubclassLevel1_CNT_ckd_vs_normal,chronic kidney disease vs normal,ENSG00000203710,CR1,receptor,True,219,51,0.6832556115804697,-1.2031242208867678,0.8742186411851512,-0.0377134461067539,0.4953270376652393,-0.0377134461067539,0.4953270376652393,True,0.1687510386433145,,False,,,,,,,,,,pseudobulk_de_targeted_SubclassLevel1_CNT_ckd_vs_normal.csv
,targeted_SubclassLevel1_CNT_ckd_vs_normal,chronic kidney disease vs normal,ENSG00000117322,CR2,receptor,True,128,43,0.4684586214808299,0.6274838430067468,0.8128543201516136,0.0191749930701188,0.7685567383941029,0.0191749930701188,0.7685567383941029,True,0.4401433492022772,,False,,,,,,,,,,pseudobulk_de_targeted_SubclassLevel1_CNT_ckd_vs_normal.csv
,targeted_SubclassLevel1_CNT_ckd_vs_normal,chronic kidney disease vs normal,ENSG00000169896,ITGAM,receptor,True,95,44,0.3308967745414956,0.6574179841957308,0.8791255845816952,0.0124962656356876,0.7475016974059709,0.0124962656356876,0.7475016974059709,True,0.4545754002283707,,False,,,,,,,,,,pseudobulk_de_targeted_SubclassLevel1_CNT_ckd_vs_normal.csv
,targeted_SubclassLevel1_CNT_ckd_vs_normal,chronic kidney disease vs normal,ENSG00000140678,ITGAX,receptor,True,46,27,0.2659921309209943,0.8426949240592145,1.1044674473377885,0.0159512702292846,0.8966526862966473,0.0159512702292846,0.8966526862966473,True,0.4454708141625612,,False,,,,,,,,,,pseudobulk_de_targeted_SubclassLevel1_CNT_ckd_vs_normal.csv
,targeted_SubclassLevel1_CNT_ckd_vs_normal,chronic kidney disease vs normal,ENSG00000155659,VSIG4,receptor,True,48,17,0.1329301635408096,0.1382552749313849,1.3560320276885156,3.825794011887432e-05,2.269087126700876,3.825794011887432e-05,2.269087126700876,True,0.9187917910378492,,False,,,,,,,,,,pseudobulk_de_targeted_SubclassLevel1_CNT_ckd_vs_normal.csv
,targeted_SubclassLevel1_CNT_ckd_vs_normal,chronic kidney disease vs normal,ENSG00000117335,CD46,regulator,True,22300,131,87.64772679676646,-0.163752021179479,0.1826591297250053,-0.0690785842726748,0.1686312647221941,-0.0690785842726748,0.1686312647221941,True,0.3699913000756636,0.6563759627736347,False,,,,,,,,,,pseudobulk_de_targeted_SubclassLevel1_CNT_ckd_vs_normal.csv
,targeted_SubclassLevel1_CNT_ckd_vs_normal,chronic kidney disease vs normal,ENSG00000196352,CD55,regulator,True,6066,128,22.71633936085316,0.8226716937505,0.308869659516687,0.5167243643477738,0.3018592311860404,0.5167243643477738,0.3018592311860404,True,0.0077334379769897,0.1236813595385367,False,,,,,,,,,,pseudobulk_de_targeted_SubclassLevel1_CNT_ckd_vs_normal.csv
,targeted_SubclassLevel1_CNT_ckd_vs_normal,chronic kidney disease vs normal,ENSG00000085063,CD59,regulator,True,11696,131,46.75669540418909,-0.3361153830000321,0.2804468426893247,-0.0866711146435668,0.2256660650856642,-0.0866711146435668,0.2256660650856642,True,0.2307226421532042,0.5292439877833093,False,,,,,,,,,,pseudobulk_de_targeted_SubclassLevel1_CNT_ckd_vs_normal.csv
,targeted_SubclassLevel1_CNT_ckd_vs_normal,chronic kidney disease vs normal,ENSG00000000971,CFH,regulator,True,507,75,2.1184917132611356,-0.8313845017904105,0.6071045555079697,-0.0379281861492049,0.6088849860941717,-0.0379281861492049,0.6088849860941717,True,0.1708662860243502,,False,,,,,,,,,,pseudobulk_de_targeted_SubclassLevel1_CNT_ckd_vs_normal.csv
,targeted_SubclassLevel1_CNT_ckd_vs_normal,chronic kidney disease vs normal,ENSG00000205403,CFI,regulator,True,8137,131,33.09915656461925,0.0652270893958228,0.2251396121713041,0.0193378978371744,0.191827492040752,0.0193378978371744,0.191827492040752,True,0.772031674589203,0.9035458217479324,False,,,,,,,,,,pseudobulk_de_targeted_SubclassLevel1_CNT_ckd_vs_normal.csv
,targeted_SubclassLevel1_CNT_ckd_vs_normal,chronic kidney disease vs normal,ENSG00000149131,SERPING1,regulator,True,4315,127,16.28678785665763,-0.3981271483394325,0.342003385386689,-0.0770353814053381,0.2447943925340257,-0.0770353814053381,0.2447943925340257,True,0.2443822950697577,0.5423717948606102,False,,,,,,,,,,pseudobulk_de_targeted_SubclassLevel1_CNT_ckd_vs_normal.csv
,targeted_SubclassLevel1_CNT_ckd_vs_normal,chronic kidney disease vs normal,ENSG00000106804,C5,terminal,True,1228,125,5.117763490801504,0.2785545216447924,0.2598131609384663,0.0638257840282368,0.263643029751515,0.0638257840282368,0.263643029751515,True,0.2836598526474144,0.581953470148127,False,,,,,,,,,,pseudobulk_de_targeted_SubclassLevel1_CNT_ckd_vs_normal.csv
,targeted_SubclassLevel1_CNT_ckd_vs_normal,chronic kidney disease vs normal,ENSG00000039537,C6,terminal,True,81,47,0.3711030184288137,1.0990742754481622,0.7482750771835256,0.0355710074174465,0.5448704856611606,0.0355710074174465,0.5448704856611606,True,0.1418842006673372,,False,,,,,,,,,,pseudobulk_de_targeted_SubclassLevel1_CNT_ckd_vs_normal.csv
,targeted_SubclassLevel1_CNT_ckd_vs_normal,chronic kidney disease vs normal,ENSG00000112936,C7,terminal,True,3247,94,12.691526073210962,-0.2356412989309389,0.6725248736738892,-0.0092492339079643,0.284179078018846,-0.0092492339079643,0.284179078018846,True,0.7260512648300381,0.8793180309414572,False,,,,,,,,,,pseudobulk_de_targeted_SubclassLevel1_CNT_ckd_vs_normal.csv
,targeted_SubclassLevel1_CNT_ckd_vs_normal,chronic kidney disease vs normal,ENSG00000157131,C8A,terminal,False,17,14,,,,,,,,,,,False,,,,,,,,,,pseudobulk_de_targeted_SubclassLevel1_CNT_ckd_vs_normal.csv
,targeted_SubclassLevel1_CNT_ckd_vs_normal,chronic kidney disease vs normal,ENSG00000021852,C8B,terminal,True,25,14,0.1235850540970256,-0.0251058018437817,1.7262895456823235,-0.0053598225701404,0.5765980164334333,-0.0053598225701404,0.5765980164334333,True,0.9883966014730255,,False,,,,,,,,,,pseudobulk_de_targeted_SubclassLevel1_CNT_ckd_vs_normal.csv
,targeted_SubclassLevel1_CNT_ckd_vs_normal,chronic kidney disease vs normal,ENSG00000176919,C8G,terminal,True,27,21,0.0980776638157813,0.9293119251703464,1.1925947020098266,0.0172364607983691,0.3563968755135488,0.0172364607983691,0.3563968755135488,True,0.4358411023327616,,False,,,,,,,,,,pseudobulk_de_targeted_SubclassLevel1_CNT_ckd_vs_normal.csv
,targeted_SubclassLevel1_CNT_ckd_vs_normal,chronic kidney disease vs normal,ENSG00000113600,C9,terminal,True,544,95,2.010812712697916,0.3983242112565435,0.4989070988387591,0.0283118531220585,0.3918198626995341,0.0283118531220585,0.3918198626995341,True,0.4246421433558079,,False,,,,,,,,,,pseudobulk_de_targeted_SubclassLevel1_CNT_ckd_vs_normal.csv
,targeted_SubclassLevel1_DCT_aki_vs_ckd,acute kidney injury vs chronic kidney disease,ENSG00000125730,C3,alternative,True,698,73,4.998639838326343,2.0019107858976355,0.5777111171283298,1.4463108455273987,0.6991257203956734,1.4463108455273987,0.6991257203956734,True,0.0005297478693786,0.0124348680123482,True,,,,,,,,,,pseudobulk_de_targeted_SubclassLevel1_DCT_aki_vs_ckd.csv
,targeted_SubclassLevel1_DCT_aki_vs_ckd,acute kidney injury vs chronic kidney disease,ENSG00000243649,CFB,alternative,True,345,69,2.2275793031807014,1.6694786736798923,0.5425711503789423,1.1063222368510586,0.7888521851839718,1.1063222368510586,0.7888521851839718,True,0.0020911179314973,0.0324053641772565,True,,,,,,,,,,pseudobulk_de_targeted_SubclassLevel1_DCT_aki_vs_ckd.csv
,targeted_SubclassLevel1_DCT_aki_vs_ckd,acute kidney injury vs chronic kidney disease,ENSG00000197766,CFD,alternative,True,200,60,1.1735581324143731,-0.6999512268523227,0.6031749949686417,-0.0411726215834375,0.2073271549024115,-0.0411726215834375,0.2073271549024115,True,0.2458677958886023,0.5739641868999652,False,,,,,,,,,,pseudobulk_de_targeted_SubclassLevel1_DCT_aki_vs_ckd.csv
,targeted_SubclassLevel1_DCT_aki_vs_ckd,acute kidney injury vs chronic kidney disease,ENSG00000126759,CFP,alternative,True,31,26,0.2104583160244774,-0.3100156030575134,0.921070250984392,-0.0144678956576862,0.199834939801238,-0.0144678956576862,0.199834939801238,True,0.7364320797004799,,False,,,,,,,,,,pseudobulk_de_targeted_SubclassLevel1_DCT_aki_vs_ckd.csv
,targeted_SubclassLevel1_DCT_aki_vs_ckd,acute kidney injury vs chronic kidney disease,ENSG00000173372,C1QA,classical,True,215,56,1.4885873253048862,0.0716711891141163,0.6540166066782832,0.0070273106531363,0.2008018313832943,0.0070273106531363,0.2008018313832943,True,0.9127375622692032,0.9728274295358772,False,,,,,,,,,,pseudobulk_de_targeted_SubclassLevel1_DCT_aki_vs_ckd.csv
,targeted_SubclassLevel1_DCT_aki_vs_ckd,acute kidney injury vs chronic kidney disease,ENSG00000173369,C1QB,classical,True,158,51,1.1310475291461968,0.663452233065832,0.711427600957354,0.0337637789859326,0.2046679944951442,0.0337637789859326,0.2046679944951442,True,0.3510447912707608,0.6716948443875566,False,,,,,,,,,,pseudobulk_de_targeted_SubclassLevel1_DCT_aki_vs_ckd.csv
,targeted_SubclassLevel1_DCT_aki_vs_ckd,acute kidney injury vs chronic kidney disease,ENSG00000159189,C1QC,classical,True,101,46,0.7480694922555045,-0.4552593613212816,0.7794183535812653,-0.0175055631612696,0.2024042084784711,-0.0175055631612696,0.2024042084784711,True,0.5591520845034145,,False,,,,,,,,,,pseudobulk_de_targeted_SubclassLevel1_DCT_aki_vs_ckd.csv
,targeted_SubclassLevel1_DCT_aki_vs_ckd,acute kidney injury vs chronic kidney disease,ENSG00000159403,C1R,classical,True,514,77,3.46641409877145,0.7476724643508693,0.5324801743903987,0.0587587104918665,0.210393256115226,0.0587587104918665,0.210393256115226,True,0.1602795394321039,0.4677386443841593,False,,,,,,,,,,pseudobulk_de_targeted_SubclassLevel1_DCT_aki_vs_ckd.csv
,targeted_SubclassLevel1_DCT_aki_vs_ckd,acute kidney injury vs chronic kidney disease,ENSG00000182326,C1S,classical,True,2080,103,11.743288622067114,0.0880849513895356,0.209107009607577,0.0344683582792523,0.1471963417495781,0.0344683582792523,0.1471963417495781,True,0.6735773429394389,0.8798263039902673,False,,,,,,,,,,pseudobulk_de_targeted_SubclassLevel1_DCT_aki_vs_ckd.csv
,targeted_SubclassLevel1_DCT_aki_vs_ckd,acute kidney injury vs chronic kidney disease,ENSG00000166278,C2,classical,True,1165,95,6.843374628212774,-0.3586162838088305,0.1897363885487087,-0.2037858735755446,0.1822518774729284,-0.2037858735755446,0.1822518774729284,True,0.0587477333366752,0.2708854969496964,False,,,,,,,,,,pseudobulk_de_targeted_SubclassLevel1_DCT_aki_vs_ckd.csv
,targeted_SubclassLevel1_DCT_aki_vs_ckd,acute kidney injury vs chronic kidney disease,ENSG00000244731,C4A,classical,False,13,11,,,,,,,,,,,False,,,,,,,,,,pseudobulk_de_targeted_SubclassLevel1_DCT_aki_vs_ckd.csv
,targeted_SubclassLevel1_DCT_aki_vs_ckd,acute kidney injury vs chronic kidney disease,ENSG00000224389,C4B,classical,False,8,6,,,,,,,,,,,False,,,,,,,,,,pseudobulk_de_targeted_SubclassLevel1_DCT_aki_vs_ckd.csv
,targeted_SubclassLevel1_DCT_aki_vs_ckd,acute kidney injury vs chronic kidney disease,ENSG00000123838,C4BPA,classical,True,73,38,0.3941263982504135,0.0121877636371022,0.725461812996103,0.0088110200148526,0.1904883714125827,0.0088110200148526,0.1904883714125827,True,0.986596164202686,,False,,,,,,,,,,pseudobulk_de_targeted_SubclassLevel1_DCT_aki_vs_ckd.csv
,targeted_SubclassLevel1_DCT_aki_vs_ckd,acute kidney injury vs chronic kidney disease,ENSG00000123843,C4BPB,classical,False,19,18,,,,,,,,,,,False,,,,,,,,,,pseudobulk_de_targeted_SubclassLevel1_DCT_aki_vs_ckd.csv
,targeted_SubclassLevel1_DCT_aki_vs_ckd,acute kidney injury vs chronic kidney disease,ENSG00000085265,FCN1,lectin,True,39,24,0.2384576313657817,0.230386710550968,1.023834675869705,0.0087307643249884,0.2310465119601606,0.0087307643249884,0.2310465119601606,True,0.8219611078999352,,False,,,,,,,,,,pseudobulk_de_targeted_SubclassLevel1_DCT_aki_vs_ckd.csv
,targeted_SubclassLevel1_DCT_aki_vs_ckd,acute kidney injury vs chronic kidney disease,ENSG00000160339,FCN2,lectin,False,6,5,,,,,,,,,,,False,,,,,,,,,,pseudobulk_de_targeted_SubclassLevel1_DCT_aki_vs_ckd.csv
,targeted_SubclassLevel1_DCT_aki_vs_ckd,acute kidney injury vs chronic kidney disease,ENSG00000142748,FCN3,lectin,True,44,27,0.318495690296937,-0.6253674826538954,0.8894911794350246,-0.033742519258166,0.1897724863521647,-0.033742519258166,0.1897724863521647,True,0.4820170876678464,,False,,,,,,,,,,pseudobulk_de_targeted_SubclassLevel1_DCT_aki_vs_ckd.csv
,targeted_SubclassLevel1_DCT_aki_vs_ckd,acute kidney injury vs chronic kidney disease,ENSG00000127241,MASP1,lectin,True,45,30,0.4018468166264631,0.1072637760632956,0.861598986273816,0.0135867526965456,0.1873482472223897,0.0135867526965456,0.1873482472223897,True,0.9009242684732456,,False,,,,,,,,,,pseudobulk_de_targeted_SubclassLevel1_DCT_aki_vs_ckd.csv
,targeted_SubclassLevel1_DCT_aki_vs_ckd,acute kidney injury vs chronic kidney disease,ENSG00000009724,MASP2,lectin,True,120,43,0.7061640039562757,-0.1801132117238419,0.6837850157650226,-0.0080765978667788,0.1885593793006528,-0.0080765978667788,0.1885593793006528,True,0.7922375133971883,,False,,,,,,,,,,pseudobulk_de_targeted_SubclassLevel1_DCT_aki_vs_ckd.csv
,targeted_SubclassLevel1_DCT_aki_vs_ckd,acute kidney injury vs chronic kidney disease,ENSG00000165471,MBL2,lectin,False,1,1,,,,,,,,,,,False,,,,,,,,,,pseudobulk_de_targeted_SubclassLevel1_DCT_aki_vs_ckd.csv
,targeted_SubclassLevel1_DCT_aki_vs_ckd,acute kidney injury vs chronic kidney disease,ENSG00000171860,C3AR1,receptor,True,56,39,0.3858709462061211,-0.2945638116795986,0.7791385152595838,-0.0142176742209823,0.1769952924804894,-0.0142176742209823,0.1769952924804894,True,0.7053834435978639,,False,,,,,,,,,,pseudobulk_de_targeted_SubclassLevel1_DCT_aki_vs_ckd.csv
,targeted_SubclassLevel1_DCT_aki_vs_ckd,acute kidney injury vs chronic kidney disease,ENSG00000197405,C5AR1,receptor,True,4868,106,31.138421192253876,0.2966645851511445,0.247718469417795,0.1029682459986321,0.1848641992894514,0.1029682459986321,0.1848641992894514,True,0.2310775777178135,0.5573168233807241,False,,,,,,,,,,pseudobulk_de_targeted_SubclassLevel1_DCT_aki_vs_ckd.csv
,targeted_SubclassLevel1_DCT_aki_vs_ckd,acute kidney injury vs chronic kidney disease,ENSG00000134830,C5AR2,receptor,True,436,82,2.2477326761837446,-0.3048975098133313,0.3277226893152994,-0.0601330854873405,0.1715769234939718,-0.0601330854873405,0.1715769234939718,True,0.3521887828751607,0.6727813555932806,False,,,,,,,,,,pseudobulk_de_targeted_SubclassLevel1_DCT_aki_vs_ckd.csv
,targeted_SubclassLevel1_DCT_aki_vs_ckd,acute kidney injury vs chronic kidney disease,ENSG00000203710,CR1,receptor,True,99,45,0.9430403016341468,-0.7660990652113505,0.7439433024074558,-0.0262312558872245,0.1967921350902977,-0.0262312558872245,0.1967921350902977,True,0.3031125773497427,,False,,,,,,,,,,pseudobulk_de_targeted_SubclassLevel1_DCT_aki_vs_ckd.csv
,targeted_SubclassLevel1_DCT_aki_vs_ckd,acute kidney injury vs chronic kidney disease,ENSG00000117322,CR2,receptor,True,38,28,0.2323043249154911,-0.1200871601723367,0.8321436058045258,-0.0039256916523566,0.1882153464834901,-0.0039256916523566,0.1882153464834901,True,0.8852551920779568,,False,,,,,,,,,,pseudobulk_de_targeted_SubclassLevel1_DCT_aki_vs_ckd.csv
,targeted_SubclassLevel1_DCT_aki_vs_ckd,acute kidney injury vs chronic kidney disease,ENSG00000169896,ITGAM,receptor,True,63,39,0.7325266320290186,-1.0411047396011028,0.8477753906392106,-0.0509104750008368,0.2101089760616357,-0.0509104750008368,0.2101089760616357,True,0.219430779793482,,False,,,,,,,,,,pseudobulk_de_targeted_SubclassLevel1_DCT_aki_vs_ckd.csv
,targeted_SubclassLevel1_DCT_aki_vs_ckd,acute kidney injury vs chronic kidney disease,ENSG00000140678,ITGAX,receptor,True,37,26,0.2653867781386815,-0.3558741335300966,0.9685450003246656,-0.0176084577403071,0.2053282810896969,-0.0176084577403071,0.2053282810896969,True,0.7132970314118716,,False,,,,,,,,,,pseudobulk_de_targeted_SubclassLevel1_DCT_aki_vs_ckd.csv
,targeted_SubclassLevel1_DCT_aki_vs_ckd,acute kidney injury vs chronic kidney disease,ENSG00000155659,VSIG4,receptor,True,32,19,0.3009665699048025,0.5891902308549491,1.2048003993791436,0.0143701746861701,0.2104680721403145,0.0143701746861701,0.2104680721403145,True,0.6248165258146265,,False,,,,,,,,,,pseudobulk_de_targeted_SubclassLevel1_DCT_aki_vs_ckd.csv
,targeted_SubclassLevel1_DCT_aki_vs_ckd,acute kidney injury vs chronic kidney disease,ENSG00000117335,CD46,regulator,True,17741,106,96.98860176137543,-0.1511472142719974,0.1714771451838924,-0.0727103346237434,0.1438191965932051,-0.0727103346237434,0.1438191965932051,True,0.3780784553948009,0.6941545728784158,False,,,,,,,,,,pseudobulk_de_targeted_SubclassLevel1_DCT_aki_vs_ckd.csv
,targeted_SubclassLevel1_DCT_aki_vs_ckd,acute kidney injury vs chronic kidney disease,ENSG00000196352,CD55,regulator,True,2523,102,13.98556479782361,-0.3939592094064716,0.1850062605125708,-0.2388788108916102,0.1904583742052577,-0.2388788108916102,0.1904583742052577,True,0.0332181072352766,0.1926934648589417,False,,,,,,,,,,pseudobulk_de_targeted_SubclassLevel1_DCT_aki_vs_ckd.csv
,targeted_SubclassLevel1_DCT_aki_vs_ckd,acute kidney injury vs chronic kidney disease,ENSG00000085063,CD59,regulator,True,12015,105,66.92367261942886,0.0210467748351497,0.2359296007229121,0.0063286257544734,0.1653169317251782,0.0063286257544734,0.1653169317251782,True,0.9289167187603948,0.9764807958792476,False,,,,,,,,,,pseudobulk_de_targeted_SubclassLevel1_DCT_aki_vs_ckd.csv
,targeted_SubclassLevel1_DCT_aki_vs_ckd,acute kidney injury vs chronic kidney disease,ENSG00000000971,CFH,regulator,True,396,67,3.2433719136293124,-0.5612486862098583,0.5765592948850019,-0.0303782992438437,0.1954714748216952,-0.0303782992438437,0.1954714748216952,True,0.3303322489027219,0.6543673380763314,False,,,,,,,,,,pseudobulk_de_targeted_SubclassLevel1_DCT_aki_vs_ckd.csv
,targeted_SubclassLevel1_DCT_aki_vs_ckd,acute kidney injury vs chronic kidney disease,ENSG00000205403,CFI,regulator,True,8578,106,49.12205489553966,1.2681611954427543,0.2125928019276275,1.1877167037443952,0.2267547066333871,1.1877167037443952,0.2267547066333871,True,2.443161819038007e-09,1.326392551555734e-06,True,,,,,,,,,,pseudobulk_de_targeted_SubclassLevel1_DCT_aki_vs_ckd.csv
,targeted_SubclassLevel1_DCT_aki_vs_ckd,acute kidney injury vs chronic kidney disease,ENSG00000149131,SERPING1,regulator,True,4147,102,22.966848403690836,0.7714241883802898,0.2758071496161771,0.5176552557925752,0.3075514171792738,0.5176552557925752,0.3075514171792738,True,0.0051584400868882,0.0586700514630927,False,,,,,,,,,,pseudobulk_de_targeted_SubclassLevel1_DCT_aki_vs_ckd.csv
,targeted_SubclassLevel1_DCT_aki_vs_ckd,acute kidney injury vs chronic kidney disease,ENSG00000106804,C5,terminal,True,1085,96,6.687130901315482,-0.2896021591113336,0.222368788967977,-0.1178704204950714,0.1742645653957684,-0.1178704204950714,0.1742645653957684,True,0.192796510272081,0.5112456507254067,False,,,,,,,,,,pseudobulk_de_targeted_SubclassLevel1_DCT_aki_vs_ckd.csv
,targeted_SubclassLevel1_DCT_aki_vs_ckd,acute kidney injury vs chronic kidney disease,ENSG00000039537,C6,terminal,True,59,38,0.4010537574174593,0.4140543940042802,0.7112359938371879,0.0308322815243803,0.1773511707416163,0.0308322815243803,0.1773511707416163,True,0.560457731965754,,False,,,,,,,,,,pseudobulk_de_targeted_SubclassLevel1_DCT_aki_vs_ckd.csv
,targeted_SubclassLevel1_DCT_aki_vs_ckd,acute kidney injury vs chronic kidney disease,ENSG00000112936,C7,terminal,True,2422,81,14.645155561399584,-1.2184952193694256,0.6070142952421832,-0.0585478870625712,0.2358939090845035,-0.0585478870625712,0.2358939090845035,True,0.0447115193511138,0.229026041980787,False,,,,,,,,,,pseudobulk_de_targeted_SubclassLevel1_DCT_aki_vs_ckd.csv
,targeted_SubclassLevel1_DCT_aki_vs_ckd,acute kidney injury vs chronic kidney disease,ENSG00000157131,C8A,terminal,True,22,20,0.2111131829237366,-0.3450343246034151,1.253609096610245,-0.0089942758570497,0.1964244040209286,-0.0089942758570497,0.1964244040209286,True,0.7831373994720515,,False,,,,,,,,,,pseudobulk_de_targeted_SubclassLevel1_DCT_aki_vs_ckd.csv
,targeted_SubclassLevel1_DCT_aki_vs_ckd,acute kidney injury vs chronic kidney disease,ENSG00000021852,C8B,terminal,False,13,11,,,,,,,,,,,False,,,,,,,,,,pseudobulk_de_targeted_SubclassLevel1_DCT_aki_vs_ckd.csv
,targeted_SubclassLevel1_DCT_aki_vs_ckd,acute kidney injury vs chronic kidney disease,ENSG00000176919,C8G,terminal,False,13,10,,,,,,,,,,,False,,,,,,,,,,pseudobulk_de_targeted_SubclassLevel1_DCT_aki_vs_ckd.csv
,targeted_SubclassLevel1_DCT_aki_vs_ckd,acute kidney injury vs chronic kidney disease,ENSG00000113600,C9,terminal,True,427,74,2.1009450540684274,1.220659549318614,0.4075211321307621,0.857184179852022,0.52954833038458,0.857184179852022,0.52954833038458,True,0.0027414966511815,0.0390416816792053,True,,,,,,,,,,pseudobulk_de_targeted_SubclassLevel1_DCT_aki_vs_ckd.csv
,targeted_SubclassLevel1_DCT_aki_vs_normal,acute kidney injury vs normal,ENSG00000125730,C3,alternative,True,808,73,6.6751091850421815,2.871292365139621,0.4618082472276452,2.6721332860857814,0.4780171755278679,2.6721332860857814,0.4780171755278679,True,5.051410318551602e-10,4.0766360763273345e-08,True,,,,,,,,,,pseudobulk_de_targeted_SubclassLevel1_DCT_aki_vs_normal.csv
,targeted_SubclassLevel1_DCT_aki_vs_normal,acute kidney injury vs normal,ENSG00000243649,CFB,alternative,True,679,69,3.3163095685700745,1.763387254722033,0.4356239536935414,1.574030762446084,0.4239364967934824,1.574030762446084,0.4239364967934824,True,5.166652266711035e-05,0.0007749174877163,True,,,,,,,,,,pseudobulk_de_targeted_SubclassLevel1_DCT_aki_vs_normal.csv
,targeted_SubclassLevel1_DCT_aki_vs_normal,acute kidney injury vs normal,ENSG00000197766,CFD,alternative,True,286,57,1.1340893810809347,0.5654965893271363,0.4697891386524818,0.1642906477672853,0.4890832488697599,0.1642906477672853,0.4890832488697599,True,0.2286961673346667,0.4610253463072031,False,,,,,,,,,,pseudobulk_de_targeted_SubclassLevel1_DCT_aki_vs_normal.csv
,targeted_SubclassLevel1_DCT_aki_vs_normal,acute kidney injury vs normal,ENSG00000126759,CFP,alternative,True,65,30,0.2684653988034177,-0.4777671207324336,0.8592619663807922,-0.0829414296815081,1.0629274676917218,-0.0829414296815081,1.0629274676917218,True,0.5781969580344537,,False,,,,,,,,,,pseudobulk_de_targeted_SubclassLevel1_DCT_aki_vs_normal.csv
,targeted_SubclassLevel1_DCT_aki_vs_normal,acute kidney injury vs normal,ENSG00000173372,C1QA,classical,True,490,50,2.055021314806751,0.8085055320283264,0.6114664908295094,0.1821240241743133,0.5059688065100295,0.1821240241743133,0.5059688065100295,True,0.1860882021239701,0.4062557150613623,False,,,,,,,,,,pseudobulk_de_targeted_SubclassLevel1_DCT_aki_vs_normal.csv
,targeted_SubclassLevel1_DCT_aki_vs_normal,acute kidney injury vs normal,ENSG00000173369,C1QB,classical,True,406,56,1.6225065002437695,0.5540054751156691,0.5535075433483971,0.1256486234072374,0.6389450256422875,0.1256486234072374,0.6389450256422875,True,0.3168753531185081,0.5617031349094554,False,,,,,,,,,,pseudobulk_de_targeted_SubclassLevel1_DCT_aki_vs_normal.csv
,targeted_SubclassLevel1_DCT_aki_vs_normal,acute kidney injury vs normal,ENSG00000159189,C1QC,classical,True,171,49,0.868932910130521,0.4840631413645921,0.5947690459616124,0.1010927308542342,0.6143580484673656,0.1010927308542342,0.6143580484673656,True,0.4157209139980501,0.6549302779125613,False,,,,,,,,,,pseudobulk_de_targeted_SubclassLevel1_DCT_aki_vs_normal.csv
,targeted_SubclassLevel1_DCT_aki_vs_normal,acute kidney injury vs normal,ENSG00000159403,C1R,classical,True,954,76,4.583127806559294,1.1085419901937474,0.4478512016027878,0.7210539846280585,0.410658382598629,0.7210539846280585,0.410658382598629,True,0.0133144352318595,0.0653956778080231,False,,,,,,,,,,pseudobulk_de_targeted_SubclassLevel1_DCT_aki_vs_normal.csv
,targeted_SubclassLevel1_DCT_aki_vs_normal,acute kidney injury vs normal,ENSG00000182326,C1S,classical,True,4123,102,18.4496557427557,0.0971501982569193,0.1479314810919204,0.0756975612641051,0.145350104445207,0.0756975612641051,0.145350104445207,True,0.5113582071607243,0.7297334344270532,False,,,,,,,,,,pseudobulk_de_targeted_SubclassLevel1_DCT_aki_vs_normal.csv
,targeted_SubclassLevel1_DCT_aki_vs_normal,acute kidney injury vs normal,ENSG00000166278,C2,classical,True,2442,95,11.540003537050495,-0.5986530761443248,0.2204736537522295,-0.4725767201961547,0.2217802772585128,-0.4725767201961547,0.2217802772585128,True,0.006621488333824,0.0383414190882011,True,,,,,,,,,,pseudobulk_de_targeted_SubclassLevel1_DCT_aki_vs_normal.csv
,targeted_SubclassLevel1_DCT_aki_vs_normal,acute kidney injury vs normal,ENSG00000244731,C4A,classical,True,25,15,0.1868938719148495,0.4303609701681013,1.2663274829976916,0.0387850557281209,0.4428500362971755,0.0387850557281209,0.4428500362971755,True,0.7339697446710376,,False,,,,,,,,,,pseudobulk_de_targeted_SubclassLevel1_DCT_aki_vs_normal.csv
,targeted_SubclassLevel1_DCT_aki_vs_normal,acute kidney injury vs normal,ENSG00000224389,C4B,classical,False,16,10,,,,,,,,,,,False,,,,,,,,,,pseudobulk_de_targeted_SubclassLevel1_DCT_aki_vs_normal.csv
,targeted_SubclassLevel1_DCT_aki_vs_normal,acute kidney injury vs normal,ENSG00000123838,C4BPA,classical,True,157,45,0.5344986695467836,-0.5870517849858814,0.6015836727386109,-0.1289674751106568,0.7028847364875501,-0.1289674751106568,0.7028847364875501,True,0.3291418034322069,,False,,,,,,,,,,pseudobulk_de_targeted_SubclassLevel1_DCT_aki_vs_normal.csv
,targeted_SubclassLevel1_DCT_aki_vs_normal,acute kidney injury vs normal,ENSG00000123843,C4BPB,classical,True,49,24,0.1964692827181462,-0.06856155980111,0.963106624430086,-0.0146067594358428,6.23334019183758,-0.0146067594358428,6.23334019183758,True,0.9432481934273907,,False,,,,,,,,,,pseudobulk_de_targeted_SubclassLevel1_DCT_aki_vs_normal.csv
,targeted_SubclassLevel1_DCT_aki_vs_normal,acute kidney injury vs normal,ENSG00000085265,FCN1,lectin,True,64,34,0.4875927261883613,-0.1347943672851321,0.6721400276067698,-0.0617508785754132,0.791429853076562,-0.0617508785754132,0.791429853076562,True,0.8410543149582662,,False,,,,,,,,,,pseudobulk_de_targeted_SubclassLevel1_DCT_aki_vs_normal.csv
,targeted_SubclassLevel1_DCT_aki_vs_normal,acute kidney injury vs normal,ENSG00000160339,FCN2,lectin,False,10,6,,,,,,,,,,,False,,,,,,,,,,pseudobulk_de_targeted_SubclassLevel1_DCT_aki_vs_normal.csv
,targeted_SubclassLevel1_DCT_aki_vs_normal,acute kidney injury vs normal,ENSG00000142748,FCN3,lectin,True,171,31,0.3760203291790983,-0.4259370150538195,0.7036385742123932,-0.0959826496859852,0.6163054500647698,-0.0959826496859852,0.6163054500647698,True,0.5449564692947104,,False,,,,,,,,,,pseudobulk_de_targeted_SubclassLevel1_DCT_aki_vs_normal.csv
,targeted_SubclassLevel1_DCT_aki_vs_normal,acute kidney injury vs normal,ENSG00000127241,MASP1,lectin,True,88,36,0.7054821796063491,-0.6008155035185935,0.7420656090045333,-0.1123412001471994,0.7243393757606356,-0.1123412001471994,0.7243393757606356,True,0.4181397485767552,0.6560708916089201,False,,,,,,,,,,pseudobulk_de_targeted_SubclassLevel1_DCT_aki_vs_normal.csv
,targeted_SubclassLevel1_DCT_aki_vs_normal,acute kidney injury vs normal,ENSG00000009724,MASP2,lectin,True,206,50,0.7047966438340766,-0.2223975625708031,0.4551276873652867,-0.0659268107734029,0.5400854201010039,-0.0659268107734029,0.5400854201010039,True,0.625090413242229,0.8050974445331293,False,,,,,,,,,,pseudobulk_de_targeted_SubclassLevel1_DCT_aki_vs_normal.csv
,targeted_SubclassLevel1_DCT_aki_vs_normal,acute kidney injury vs normal,ENSG00000165471,MBL2,lectin,False,7,1,,,,,,,,,,,False,,,,,,,,,,pseudobulk_de_targeted_SubclassLevel1_DCT_aki_vs_normal.csv
,targeted_SubclassLevel1_DCT_aki_vs_normal,acute kidney injury vs normal,ENSG00000171860,C3AR1,receptor,True,101,37,0.3417444205141446,0.2322468933203543,0.7316027169930888,0.0138947435331761,2.378133859867716,0.0138947435331761,2.378133859867716,True,0.7509025766337989,,False,,,,,,,,,,pseudobulk_de_targeted_SubclassLevel1_DCT_aki_vs_normal.csv
,targeted_SubclassLevel1_DCT_aki_vs_normal,acute kidney injury vs normal,ENSG00000197405,C5AR1,receptor,True,8679,102,44.17791889905613,0.017756577911895,0.2082687843400448,0.0105131235649027,0.2419254927197625,0.0105131235649027,0.2419254927197625,True,0.9320562890809648,0.9692943173447808,False,,,,,,,,,,pseudobulk_de_targeted_SubclassLevel1_DCT_aki_vs_normal.csv
,targeted_SubclassLevel1_DCT_aki_vs_normal,acute kidney injury vs normal,ENSG00000134830,C5AR2,receptor,True,717,86,3.157267761453377,-0.0768262065873424,0.2975173775837847,-0.0353965372971136,0.2957122909941297,-0.0353965372971136,0.2957122909941297,True,0.7962338309082475,0.901134399868472,False,,,,,,,,,,pseudobulk_de_targeted_SubclassLevel1_DCT_aki_vs_normal.csv
,targeted_SubclassLevel1_DCT_aki_vs_normal,acute kidney injury vs normal,ENSG00000203710,CR1,receptor,True,301,49,1.3144098850136956,-0.9014206554377644,0.6482799842892082,-0.2223535089517627,0.516004063855807,-0.2223535089517627,0.516004063855807,True,0.1643830266271881,0.3764687506038002,False,,,,,,,,,,pseudobulk_de_targeted_SubclassLevel1_DCT_aki_vs_normal.csv
,targeted_SubclassLevel1_DCT_aki_vs_normal,acute kidney injury vs normal,ENSG00000117322,CR2,receptor,True,190,43,0.6500998261037568,-1.0399431479083872,0.6995906404706534,-0.185056494639893,0.8807251751634311,-0.185056494639893,0.8807251751634311,True,0.1371462893819066,,False,,,,,,,,,,pseudobulk_de_targeted_SubclassLevel1_DCT_aki_vs_normal.csv
,targeted_SubclassLevel1_DCT_aki_vs_normal,acute kidney injury vs normal,ENSG00000169896,ITGAM,receptor,True,116,42,0.3581198087437403,-0.543207758741242,0.6104750406825371,-0.1432875010763289,1.0599335385968036,-0.1432875010763289,1.0599335385968036,True,0.3735670691288238,,False,,,,,,,,,,pseudobulk_de_targeted_SubclassLevel1_DCT_aki_vs_normal.csv
,targeted_SubclassLevel1_DCT_aki_vs_normal,acute kidney injury vs normal,ENSG00000140678,ITGAX,receptor,True,71,32,0.2992794173763651,-0.3447869120251492,0.7788446006989944,-0.0660220680538668,2.776664977405007,-0.0660220680538668,2.776664977405007,True,0.6579897947322767,,False,,,,,,,,,,pseudobulk_de_targeted_SubclassLevel1_DCT_aki_vs_normal.csv
,targeted_SubclassLevel1_DCT_aki_vs_normal,acute kidney injury vs normal,ENSG00000155659,VSIG4,receptor,True,54,24,0.3025003910469176,0.7548808884217384,0.7409909275965418,0.137823937238718,1.6661558160147574,0.137823937238718,1.6661558160147574,True,0.3083239878680337,,False,,,,,,,,,,pseudobulk_de_targeted_SubclassLevel1_DCT_aki_vs_normal.csv
,targeted_SubclassLevel1_DCT_aki_vs_normal,acute kidney injury vs normal,ENSG00000117335,CD46,regulator,True,35818,102,160.15449611439786,-0.0478972751313434,0.1357879577337914,-0.0381120925043537,0.1322474003630231,-0.0381120925043537,0.1322474003630231,True,0.7242865110057135,0.8617097350282632,False,,,,,,,,,,pseudobulk_de_targeted_SubclassLevel1_DCT_aki_vs_normal.csv
,targeted_SubclassLevel1_DCT_aki_vs_normal,acute kidney injury vs normal,ENSG00000196352,CD55,regulator,True,5909,100,26.774193083966697,-0.3676442227328251,0.2112000817646163,-0.2612740965589056,0.2117025645487815,-0.2612740965589056,0.2117025645487815,True,0.081729335778733,0.2394282242558022,False,,,,,,,,,,pseudobulk_de_targeted_SubclassLevel1_DCT_aki_vs_normal.csv
,targeted_SubclassLevel1_DCT_aki_vs_normal,acute kidney injury vs normal,ENSG00000085063,CD59,regulator,True,27475,102,122.26933625700777,-0.0404100966439612,0.2047301079194587,-0.0253835537066888,0.2096640915200708,-0.0253835537066888,0.2096640915200708,True,0.8435283909321267,0.9269575508940472,False,,,,,,,,,,pseudobulk_de_targeted_SubclassLevel1_DCT_aki_vs_normal.csv
,targeted_SubclassLevel1_DCT_aki_vs_normal,acute kidney injury vs normal,ENSG00000000971,CFH,regulator,True,766,52,3.2184381702838603,0.4231191228077636,0.5914881436595014,0.0975680440621029,0.4510027122237736,0.0975680440621029,0.4510027122237736,True,0.4743948060575146,0.7019112599569636,False,,,,,,,,,,pseudobulk_de_targeted_SubclassLevel1_DCT_aki_vs_normal.csv
,targeted_SubclassLevel1_DCT_aki_vs_normal,acute kidney injury vs normal,ENSG00000205403,CFI,regulator,True,14013,102,76.44830485181808,1.5107030469654592,0.248337246258675,1.438786489242803,0.2511978329225314,1.438786489242803,0.2511978329225314,True,1.177542377462837e-09,8.350160800185e-08,True,,,,,,,,,,pseudobulk_de_targeted_SubclassLevel1_DCT_aki_vs_normal.csv
,targeted_SubclassLevel1_DCT_aki_vs_normal,acute kidney injury vs normal,ENSG00000149131,SERPING1,regulator,True,7899,99,37.65674144269003,1.034206572673302,0.2700301985897526,0.8957754377238971,0.2685387786868421,0.8957754377238971,0.2685387786868421,True,0.0001281607860472,0.0016327379400789,True,,,,,,,,,,pseudobulk_de_targeted_SubclassLevel1_DCT_aki_vs_normal.csv
,targeted_SubclassLevel1_DCT_aki_vs_normal,acute kidney injury vs normal,ENSG00000106804,C5,terminal,True,2220,96,10.712927387245896,-0.3008174209106062,0.1773064303925755,-0.2295045358946536,0.1756866318048088,-0.2295045358946536,0.1756866318048088,True,0.089773023541388,0.2552627424291212,False,,,,,,,,,,pseudobulk_de_targeted_SubclassLevel1_DCT_aki_vs_normal.csv
,targeted_SubclassLevel1_DCT_aki_vs_normal,acute kidney injury vs normal,ENSG00000039537,C6,terminal,True,115,38,0.664962625929515,0.6228434045247894,0.7004944423860638,0.1162839347594066,0.9430785164175776,0.1162839347594066,0.9430785164175776,True,0.3739234130115274,,False,,,,,,,,,,pseudobulk_de_targeted_SubclassLevel1_DCT_aki_vs_normal.csv
,targeted_SubclassLevel1_DCT_aki_vs_normal,acute kidney injury vs normal,ENSG00000112936,C7,terminal,True,4277,75,15.802854998431824,-0.4745411556909644,0.5747332396497618,-0.0994172283897326,0.4658532985005109,-0.0994172283897326,0.4658532985005109,True,0.408990167725099,0.6478812709495491,False,,,,,,,,,,pseudobulk_de_targeted_SubclassLevel1_DCT_aki_vs_normal.csv
,targeted_SubclassLevel1_DCT_aki_vs_normal,acute kidney injury vs normal,ENSG00000157131,C8A,terminal,True,54,27,0.2235367276524351,-0.3022123687844089,0.8116762093874816,-0.0755530769479002,0.8893219982052074,-0.0755530769479002,0.8893219982052074,True,0.7096462791613968,,False,,,,,,,,,,pseudobulk_de_targeted_SubclassLevel1_DCT_aki_vs_normal.csv
,targeted_SubclassLevel1_DCT_aki_vs_normal,acute kidney injury vs normal,ENSG00000021852,C8B,terminal,True,29,16,0.1511470200543601,0.2714777820388725,1.192765164134112,0.0411845739364571,0.8776978673838053,0.0411845739364571,0.8776978673838053,True,0.8199543318872529,,False,,,,,,,,,,pseudobulk_de_targeted_SubclassLevel1_DCT_aki_vs_normal.csv
,targeted_SubclassLevel1_DCT_aki_vs_normal,acute kidney injury vs normal,ENSG00000176919,C8G,terminal,True,40,20,0.0897496210977669,-0.4332751177546616,1.3111859189153177,-0.0564439692550903,0.7331914300168082,-0.0564439692550903,0.7331914300168082,True,0.7410635789764871,,False,,,,,,,,,,pseudobulk_de_targeted_SubclassLevel1_DCT_aki_vs_normal.csv
,targeted_SubclassLevel1_DCT_aki_vs_normal,acute kidney injury vs normal,ENSG00000113600,C9,terminal,True,546,69,3.174588196032438,1.9369311380820915,0.4343971371938233,1.7374538589088802,0.4484715545161318,1.7374538589088802,0.4484715545161318,True,8.238333868115788e-06,0.0001676170713588,True,,,,,,,,,,pseudobulk_de_targeted_SubclassLevel1_DCT_aki_vs_normal.csv
,targeted_SubclassLevel1_DCT_ckd_vs_normal,chronic kidney disease vs normal,ENSG00000125730,C3,alternative,True,654,92,3.37909027034171,1.285209117737398,0.6084029491435982,0.0317987191256625,0.2871838196059791,0.0317987191256625,0.2871838196059791,True,0.0346495170774521,,False,,,,,,,,,,pseudobulk_de_targeted_SubclassLevel1_DCT_ckd_vs_normal.csv
,targeted_SubclassLevel1_DCT_ckd_vs_normal,chronic kidney disease vs normal,ENSG00000243649,CFB,alternative,True,590,86,1.849590120757688,-0.4588127849774961,0.6272214955118222,-0.0150034987509961,0.2482525295177171,-0.0150034987509961,0.2482525295177171,True,0.4644735504375392,,False,,,,,,,,,,pseudobulk_de_targeted_SubclassLevel1_DCT_ckd_vs_normal.csv
,targeted_SubclassLevel1_DCT_ckd_vs_normal,chronic kidney disease vs normal,ENSG00000197766,CFD,alternative,True,324,83,1.2809746921762917,0.4669245424446861,0.538783063174681,0.0136830450607558,0.2424485946878218,0.0136830450607558,0.2424485946878218,True,0.3861458118882033,,False,,,,,,,,,,pseudobulk_de_targeted_SubclassLevel1_DCT_ckd_vs_normal.csv
,targeted_SubclassLevel1_DCT_ckd_vs_normal,chronic kidney disease vs normal,ENSG00000126759,CFP,alternative,True,82,44,0.2452873375300151,0.6121044393046614,0.8244027881633418,-0.0007924441445559,0.3828527733806525,-0.0007924441445559,0.3828527733806525,True,0.4577952006016866,,False,,,,,,,,,,pseudobulk_de_targeted_SubclassLevel1_DCT_ckd_vs_normal.csv
,targeted_SubclassLevel1_DCT_ckd_vs_normal,chronic kidney disease vs normal,ENSG00000173372,C1QA,classical,True,547,78,1.515937658639403,0.2933860478628425,0.58182360588918,0.0075268915439785,0.2181650714296066,0.0075268915439785,0.2181650714296066,True,0.6140839035883884,,False,,,,,,,,,,pseudobulk_de_targeted_SubclassLevel1_DCT_ckd_vs_normal.csv
,targeted_SubclassLevel1_DCT_ckd_vs_normal,chronic kidney disease vs normal,ENSG00000173369,C1QB,classical,True,428,69,1.1659199951210668,-0.1206673414947372,0.6929649616383419,-0.0078760017581762,0.2068958352157845,-0.0078760017581762,0.2068958352157845,True,0.8617617626564369,,False,,,,,,,,,,pseudobulk_de_targeted_SubclassLevel1_DCT_ckd_vs_normal.csv
,targeted_SubclassLevel1_DCT_ckd_vs_normal,chronic kidney disease vs normal,ENSG00000159189,C1QC,classical,True,192,59,0.757509492409222,0.9886289403541826,0.6890260436774237,0.0234526991050673,0.2035873261141582,0.0234526991050673,0.2035873261141582,True,0.1513381521085361,,False,,,,,,,,,,pseudobulk_de_targeted_SubclassLevel1_DCT_ckd_vs_normal.csv
,targeted_SubclassLevel1_DCT_ckd_vs_normal,chronic kidney disease vs normal,ENSG00000159403,C1R,classical,True,1022,97,3.5457613152239373,-0.4096693874781778,0.5808699259503101,-0.0155411588282184,0.2245143595409683,-0.0155411588282184,0.2245143595409683,True,0.4806430244796854,,False,,,,,,,,,,pseudobulk_de_targeted_SubclassLevel1_DCT_ckd_vs_normal.csv
,targeted_SubclassLevel1_DCT_ckd_vs_normal,chronic kidney disease vs normal,ENSG00000182326,C1S,classical,True,4603,137,14.786286469638164,0.0386786497473039,0.1960883894924798,0.0090451361985018,0.1680880619110724,0.0090451361985018,0.1680880619110724,True,0.84363104712534,0.9326404978938814,False,,,,,,,,,,pseudobulk_de_targeted_SubclassLevel1_DCT_ckd_vs_normal.csv
,targeted_SubclassLevel1_DCT_ckd_vs_normal,chronic kidney disease vs normal,ENSG00000166278,C2,classical,True,2857,134,9.990943875640996,0.3037624519627161,0.1948679561423123,0.0831110306063543,0.1892255205572829,0.0831110306063543,0.1892255205572829,True,0.1190409517926051,0.4014208032506717,False,,,,,,,,,,pseudobulk_de_targeted_SubclassLevel1_DCT_ckd_vs_normal.csv
,targeted_SubclassLevel1_DCT_ckd_vs_normal,chronic kidney disease vs normal,ENSG00000244731,C4A,classical,True,26,18,0.0549284746195458,0.7463660245580496,1.5536786930706843,0.0005785926157979,0.4278892547018221,0.0005785926157979,0.4278892547018221,True,0.6309527039616384,,False,,,,,,,,,,pseudobulk_de_targeted_SubclassLevel1_DCT_ckd_vs_normal.csv
,targeted_SubclassLevel1_DCT_ckd_vs_normal,chronic kidney disease vs normal,ENSG00000224389,C4B,classical,False,18,12,,,,,,,,,,,False,,,,,,,,,,pseudobulk_de_targeted_SubclassLevel1_DCT_ckd_vs_normal.csv
,targeted_SubclassLevel1_DCT_ckd_vs_normal,chronic kidney disease vs normal,ENSG00000123838,C4BPA,classical,True,188,59,0.4668204069072498,-0.0286003833017122,0.6939554271145513,-0.0104956014373369,0.3275495873926999,-0.0104956014373369,0.3275495873926999,True,0.9671256324336006,,False,,,,,,,,,,pseudobulk_de_targeted_SubclassLevel1_DCT_ckd_vs_normal.csv
,targeted_SubclassLevel1_DCT_ckd_vs_normal,chronic kidney disease vs normal,ENSG00000123843,C4BPB,classical,True,54,30,0.1628255379459445,0.1031365379543443,1.0693072711261882,-0.0117458170819675,0.3421322569648539,-0.0117458170819675,0.3421322569648539,True,0.9231618076939708,,False,,,,,,,,,,pseudobulk_de_targeted_SubclassLevel1_DCT_ckd_vs_normal.csv
,targeted_SubclassLevel1_DCT_ckd_vs_normal,chronic kidney disease vs normal,ENSG00000085265,FCN1,lectin,True,71,42,0.352317996552575,0.3177691302136634,0.8540918620476334,-0.0050205215336364,0.2343414542257596,-0.0050205215336364,0.2343414542257596,True,0.7098519151228194,,False,,,,,,,,,,pseudobulk_de_targeted_SubclassLevel1_DCT_ckd_vs_normal.csv
,targeted_SubclassLevel1_DCT_ckd_vs_normal,chronic kidney disease vs normal,ENSG00000160339,FCN2,lectin,False,10,7,,,,,,,,,,,False,,,,,,,,,,pseudobulk_de_targeted_SubclassLevel1_DCT_ckd_vs_normal.csv
,targeted_SubclassLevel1_DCT_ckd_vs_normal,chronic kidney disease vs normal,ENSG00000142748,FCN3,lectin,True,191,46,0.4311291156346787,0.038793548688709,0.7404087405861963,-0.0065716959746578,0.2890636991791956,-0.0065716959746578,0.2890636991791956,True,0.9582141380808812,,False,,,,,,,,,,pseudobulk_de_targeted_SubclassLevel1_DCT_ckd_vs_normal.csv
,targeted_SubclassLevel1_DCT_ckd_vs_normal,chronic kidney disease vs normal,ENSG00000127241,MASP1,lectin,True,113,48,0.5565315966469503,-0.5079981141001441,0.8894634013791871,-0.019226783781595,0.5702056566385577,-0.019226783781595,0.5702056566385577,True,0.5679123762988885,,False,,,,,,,,,,pseudobulk_de_targeted_SubclassLevel1_DCT_ckd_vs_normal.csv
,targeted_SubclassLevel1_DCT_ckd_vs_normal,chronic kidney disease vs normal,ENSG00000009724,MASP2,lectin,True,262,69,0.8094510213892214,0.1003899182097653,0.6005537287014325,-0.0040661466957483,0.3483025937034155,-0.0040661466957483,0.3483025937034155,True,0.8672423791327837,,False,,,,,,,,,,pseudobulk_de_targeted_SubclassLevel1_DCT_ckd_vs_normal.csv
,targeted_SubclassLevel1_DCT_ckd_vs_normal,chronic kidney disease vs normal,ENSG00000165471,MBL2,lectin,False,8,2,,,,,,,,,,,False,,,,,,,,,,pseudobulk_de_targeted_SubclassLevel1_DCT_ckd_vs_normal.csv
,targeted_SubclassLevel1_DCT_ckd_vs_normal,chronic kidney disease vs normal,ENSG00000171860,C3AR1,receptor,True,125,54,0.4250396202082614,0.3038323318477507,0.7334719048818094,-0.0038323420709154,0.3259810677478718,-0.0038323420709154,0.3259810677478718,True,0.6786994185643951,,False,,,,,,,,,,pseudobulk_de_targeted_SubclassLevel1_DCT_ckd_vs_normal.csv
,targeted_SubclassLevel1_DCT_ckd_vs_normal,chronic kidney disease vs normal,ENSG00000197405,C5AR1,receptor,True,9411,140,36.65917878103684,0.1921053049109692,0.2218541354250519,0.0341849322083681,0.208595115005993,0.0341849322083681,0.208595115005993,True,0.3865405310616246,0.6646216506252339,False,,,,,,,,,,pseudobulk_de_targeted_SubclassLevel1_DCT_ckd_vs_normal.csv
,targeted_SubclassLevel1_DCT_ckd_vs_normal,chronic kidney disease vs normal,ENSG00000134830,C5AR2,receptor,True,865,120,2.9295617744759035,0.1904367959346994,0.3116520575652921,0.0171946256328063,0.2687688025877658,0.0171946256328063,0.2687688025877658,True,0.5411626429683081,,False,,,,,,,,,,pseudobulk_de_targeted_SubclassLevel1_DCT_ckd_vs_normal.csv
,targeted_SubclassLevel1_DCT_ckd_vs_normal,chronic kidney disease vs normal,ENSG00000203710,CR1,receptor,True,344,72,1.334404030756971,-0.6903813018454562,0.6924369531533485,-0.0238592222274592,0.3184393231671035,-0.0238592222274592,0.3184393231671035,True,0.3187493269918862,,False,,,,,,,,,,pseudobulk_de_targeted_SubclassLevel1_DCT_ckd_vs_normal.csv
,targeted_SubclassLevel1_DCT_ckd_vs_normal,chronic kidney disease vs normal,ENSG00000117322,CR2,receptor,True,212,55,0.4495984910580451,-0.8111806197722609,0.8525960165324715,-0.0213814144898386,0.3661009316264705,-0.0213814144898386,0.3661009316264705,True,0.341388998948283,,False,,,,,,,,,,pseudobulk_de_targeted_SubclassLevel1_DCT_ckd_vs_normal.csv
,targeted_SubclassLevel1_DCT_ckd_vs_normal,chronic kidney disease vs normal,ENSG00000169896,ITGAM,receptor,True,151,59,0.7719780501738728,0.8264392794592759,0.762373501587861,0.012956950427213,0.3402700308747447,0.012956950427213,0.3402700308747447,True,0.2783494431492349,,False,,,,,,,,,,pseudobulk_de_targeted_SubclassLevel1_DCT_ckd_vs_normal.csv
,targeted_SubclassLevel1_DCT_ckd_vs_normal,chronic kidney disease vs normal,ENSG00000140678,ITGAX,receptor,True,84,42,0.3403136326255704,0.1521475012663817,0.9225767079294472,-0.0060657647314679,0.3232446936866166,-0.0060657647314679,0.3232446936866166,True,0.8690102343946721,,False,,,,,,,,,,pseudobulk_de_targeted_SubclassLevel1_DCT_ckd_vs_normal.csv
,targeted_SubclassLevel1_DCT_ckd_vs_normal,chronic kidney disease vs normal,ENSG00000155659,VSIG4,receptor,True,62,27,0.2363803454372277,1.021259886508736,1.0666099366342296,0.0068015672973441,0.237135915920054,0.0068015672973441,0.237135915920054,True,0.3383239937564217,,False,,,,,,,,,,pseudobulk_de_targeted_SubclassLevel1_DCT_ckd_vs_normal.csv
,targeted_SubclassLevel1_DCT_ckd_vs_normal,chronic kidney disease vs normal,ENSG00000117335,CD46,regulator,True,40547,140,125.07578320990748,-0.232274087245586,0.1905014408016561,-0.0699826720866138,0.1676300651678596,-0.0699826720866138,0.1676300651678596,True,0.2227389516876541,0.5267072767201374,False,,,,,,,,,,pseudobulk_de_targeted_SubclassLevel1_DCT_ckd_vs_normal.csv
,targeted_SubclassLevel1_DCT_ckd_vs_normal,chronic kidney disease vs normal,ENSG00000196352,CD55,regulator,True,6648,134,20.43424763552817,-0.4422630248354121,0.2360030157177308,-0.1146403147130197,0.2229613090518201,-0.1146403147130197,0.2229613090518201,True,0.0609342952997298,0.3099191899501528,False,,,,,,,,,,pseudobulk_de_targeted_SubclassLevel1_DCT_ckd_vs_normal.csv
,targeted_SubclassLevel1_DCT_ckd_vs_normal,chronic kidney disease vs normal,ENSG00000085063,CD59,regulator,True,29196,139,86.1047584388461,-0.5844432176560566,0.2284734133356022,-0.3692277513156872,0.2236586566409771,-0.3692277513156872,0.2236586566409771,True,0.0105265192479391,0.1544132798684251,False,,,,,,,,,,pseudobulk_de_targeted_SubclassLevel1_DCT_ckd_vs_normal.csv
,targeted_SubclassLevel1_DCT_ckd_vs_normal,chronic kidney disease vs normal,ENSG00000000971,CFH,regulator,True,902,89,3.698580633718027,-0.0348216635608862,0.5763134792128906,-0.0021849351879171,0.229739684270911,-0.0021849351879171,0.229739684270911,True,0.9518200201599047,,False,,,,,,,,,,pseudobulk_de_targeted_SubclassLevel1_DCT_ckd_vs_normal.csv
,targeted_SubclassLevel1_DCT_ckd_vs_normal,chronic kidney disease vs normal,ENSG00000205403,CFI,regulator,True,12511,140,42.86528921383471,-0.1979285181374979,0.282019848010066,-0.026043222368299,0.2055861443003419,-0.026043222368299,0.2055861443003419,True,0.4827884423492287,0.7334668065970068,False,,,,,,,,,,pseudobulk_de_targeted_SubclassLevel1_DCT_ckd_vs_normal.csv
,targeted_SubclassLevel1_DCT_ckd_vs_normal,chronic kidney disease vs normal,ENSG00000149131,SERPING1,regulator,True,7546,133,21.569670160079745,-0.0076400840436339,0.3041283175083381,-0.0008265783690446,0.1898887390697412,-0.0008265783690446,0.1898887390697412,True,0.9799582490452357,0.9921448597222688,False,,,,,,,,,,pseudobulk_de_targeted_SubclassLevel1_DCT_ckd_vs_normal.csv
,targeted_SubclassLevel1_DCT_ckd_vs_normal,chronic kidney disease vs normal,ENSG00000106804,C5,terminal,True,2611,132,8.741345063604912,0.1784553019911252,0.1993607750578815,0.042881368440841,0.1829977804830339,0.042881368440841,0.1829977804830339,True,0.3707136001193615,0.6520542026790827,False,,,,,,,,,,pseudobulk_de_targeted_SubclassLevel1_DCT_ckd_vs_normal.csv
,targeted_SubclassLevel1_DCT_ckd_vs_normal,chronic kidney disease vs normal,ENSG00000039537,C6,terminal,True,128,48,0.4923541648950391,-0.3577871053926001,0.8851465836624557,-0.0164921885418977,0.3758938483408972,-0.0164921885418977,0.3758938483408972,True,0.6860566353815765,,False,,,,,,,,,,pseudobulk_de_targeted_SubclassLevel1_DCT_ckd_vs_normal.csv
,targeted_SubclassLevel1_DCT_ckd_vs_normal,chronic kidney disease vs normal,ENSG00000112936,C7,terminal,True,5675,120,18.68699046438642,-0.2353034574574419,0.5346602789303648,-0.0093759359887995,0.2153871665625011,-0.0093759359887995,0.2153871665625011,True,0.6598654016242391,0.8391091716740382,False,,,,,,,,,,pseudobulk_de_targeted_SubclassLevel1_DCT_ckd_vs_normal.csv
,targeted_SubclassLevel1_DCT_ckd_vs_normal,chronic kidney disease vs normal,ENSG00000157131,C8A,terminal,True,60,33,0.2472798595212346,-0.2012745711271979,1.0251072985502838,-0.0159026542641268,0.4172360907415764,-0.0159026542641268,0.4172360907415764,True,0.844340234583147,,False,,,,,,,,,,pseudobulk_de_targeted_SubclassLevel1_DCT_ckd_vs_normal.csv
,targeted_SubclassLevel1_DCT_ckd_vs_normal,chronic kidney disease vs normal,ENSG00000021852,C8B,terminal,True,36,21,0.096839117713966,0.6792988829051296,1.4851611051843716,-0.0023415300130299,0.4122201739973861,-0.0023415300130299,0.4122201739973861,True,0.6473902450902875,,False,,,,,,,,,,pseudobulk_de_targeted_SubclassLevel1_DCT_ckd_vs_normal.csv
,targeted_SubclassLevel1_DCT_ckd_vs_normal,chronic kidney disease vs normal,ENSG00000176919,C8G,terminal,True,47,26,0.1433740035749662,1.1906967740298051,1.322206020366844,0.0055736567925426,0.1852448241277022,0.0055736567925426,0.1852448241277022,True,0.3678340087177664,,False,,,,,,,,,,pseudobulk_de_targeted_SubclassLevel1_DCT_ckd_vs_normal.csv
,targeted_SubclassLevel1_DCT_ckd_vs_normal,chronic kidney disease vs normal,ENSG00000113600,C9,terminal,True,451,85,1.621873146755552,-0.0348253531837546,0.5397328374407141,-0.0063959780244629,0.2758895445176115,-0.0063959780244629,0.2758895445176115,True,0.9485535411899187,,False,,,,,,,,,,pseudobulk_de_targeted_SubclassLevel1_DCT_ckd_vs_normal.csv
,targeted_SubclassLevel1_DTL_aki_vs_ckd,acute kidney injury vs chronic kidney disease,ENSG00000125730,C3,alternative,True,1676,51,15.864692782571462,3.510943476658237,0.622923389861139,3.168710824839586,0.75340134472794,3.168710824839586,0.75340134472794,True,1.7380676062177742e-08,3.7417616360593455e-05,True,,,,,,,,,,pseudobulk_de_targeted_SubclassLevel1_DTL_aki_vs_ckd.csv
,targeted_SubclassLevel1_DTL_aki_vs_ckd,acute kidney injury vs chronic kidney disease,ENSG00000243649,CFB,alternative,True,890,48,6.384733984336188,2.2435717660856547,0.5332057248018574,1.922562976314517,0.6089901059074241,1.922562976314517,0.6089901059074241,True,2.5797868281426332e-05,0.0043585739184215,True,,,,,,,,,,pseudobulk_de_targeted_SubclassLevel1_DTL_aki_vs_ckd.csv
,targeted_SubclassLevel1_DTL_aki_vs_ckd,acute kidney injury vs chronic kidney disease,ENSG00000197766,CFD,alternative,True,328,41,2.026855706323377,-1.0488719591022526,0.5384333445541934,-0.1020564987014067,0.2316765144175868,-0.1020564987014067,0.2316765144175868,True,0.0514141178224344,,False,,,,,,,,,,pseudobulk_de_targeted_SubclassLevel1_DTL_aki_vs_ckd.csv
,targeted_SubclassLevel1_DTL_aki_vs_ckd,acute kidney injury vs chronic kidney disease,ENSG00000126759,CFP,alternative,False,17,11,,,,,,,,,,,False,,,,,,,,,,pseudobulk_de_targeted_SubclassLevel1_DTL_aki_vs_ckd.csv
,targeted_SubclassLevel1_DTL_aki_vs_ckd,acute kidney injury vs chronic kidney disease,ENSG00000173372,C1QA,classical,True,283,35,2.1630941041438336,0.4070226953408973,0.8103037368848447,0.0078621153077707,0.1541527005034145,0.0078621153077707,0.1541527005034145,True,0.6154503220898422,,False,,,,,,,,,,pseudobulk_de_targeted_SubclassLevel1_DTL_aki_vs_ckd.csv
,targeted_SubclassLevel1_DTL_aki_vs_ckd,acute kidney injury vs chronic kidney disease,ENSG00000173369,C1QB,classical,True,213,28,1.1515298335047024,0.9791994861919676,0.8490503667122569,0.0243088287134011,0.1703626927082656,0.0243088287134011,0.1703626927082656,True,0.2487922485737967,,False,,,,,,,,,,pseudobulk_de_targeted_SubclassLevel1_DTL_aki_vs_ckd.csv
,targeted_SubclassLevel1_DTL_aki_vs_ckd,acute kidney injury vs chronic kidney disease,ENSG00000159189,C1QC,classical,True,116,25,0.651722338350663,1.0692183134683102,1.0437378535623958,0.0097388349777787,0.1644535711382272,0.0097388349777787,0.1644535711382272,True,0.3056403855241599,,False,,,,,,,,,,pseudobulk_de_targeted_SubclassLevel1_DTL_aki_vs_ckd.csv
,targeted_SubclassLevel1_DTL_aki_vs_ckd,acute kidney injury vs chronic kidney disease,ENSG00000159403,C1R,classical,True,638,44,4.216399891551944,1.1340601921919455,0.6395613183412412,0.0463578568283338,0.2091746910120511,0.0463578568283338,0.2091746910120511,True,0.0761981458856116,,False,,,,,,,,,,pseudobulk_de_targeted_SubclassLevel1_DTL_aki_vs_ckd.csv
,targeted_SubclassLevel1_DTL_aki_vs_ckd,acute kidney injury vs chronic kidney disease,ENSG00000182326,C1S,classical,True,1846,54,9.407837263463804,0.4050310806853162,0.3068459072666863,0.0769034539240226,0.1757391058712186,0.0769034539240226,0.1757391058712186,True,0.1868410209154011,0.5093455001926126,False,,,,,,,,,,pseudobulk_de_targeted_SubclassLevel1_DTL_aki_vs_ckd.csv
,targeted_SubclassLevel1_DTL_aki_vs_ckd,acute kidney injury vs chronic kidney disease,ENSG00000166278,C2,classical,True,691,55,7.315152546887696,0.4228356403524347,0.3997654076617239,0.0537933644166067,0.1754095222060674,0.0537933644166067,0.1754095222060674,True,0.2901879360236157,0.6072851604888133,False,,,,,,,,,,pseudobulk_de_targeted_SubclassLevel1_DTL_aki_vs_ckd.csv
,targeted_SubclassLevel1_DTL_aki_vs_ckd,acute kidney injury vs chronic kidney disease,ENSG00000244731,C4A,classical,False,12,3,,,,,,,,,,,False,,,,,,,,,,pseudobulk_de_targeted_SubclassLevel1_DTL_aki_vs_ckd.csv
,targeted_SubclassLevel1_DTL_aki_vs_ckd,acute kidney injury vs chronic kidney disease,ENSG00000224389,C4B,classical,False,3,3,,,,,,,,,,,False,,,,,,,,,,pseudobulk_de_targeted_SubclassLevel1_DTL_aki_vs_ckd.csv
,targeted_SubclassLevel1_DTL_aki_vs_ckd,acute kidney injury vs chronic kidney disease,ENSG00000123838,C4BPA,classical,True,170,20,0.5406494774717647,0.9726595830888072,1.1511657109803546,-0.0004104521682245,0.1497644879448536,-0.0004104521682245,0.1497644879448536,True,0.3981474307650946,,False,,,,,,,,,,pseudobulk_de_targeted_SubclassLevel1_DTL_aki_vs_ckd.csv
,targeted_SubclassLevel1_DTL_aki_vs_ckd,acute kidney injury vs chronic kidney disease,ENSG00000123843,C4BPB,classical,True,20,11,0.2063553884971077,0.7832055006192821,1.6415054591588896,-0.000334584340278,0.1634523013104604,-0.000334584340278,0.1634523013104604,True,0.6332721555202903,,False,,,,,,,,,,pseudobulk_de_targeted_SubclassLevel1_DTL_aki_vs_ckd.csv
,targeted_SubclassLevel1_DTL_aki_vs_ckd,acute kidney injury vs chronic kidney disease,ENSG00000085265,FCN1,lectin,True,29,12,0.3481669553543712,1.882198510719204,1.684590628377215,0.0103783589635583,0.1571066617158919,0.0103783589635583,0.1571066617158919,True,0.2638647049571898,,False,,,,,,,,,,pseudobulk_de_targeted_SubclassLevel1_DTL_aki_vs_ckd.csv
,targeted_SubclassLevel1_DTL_aki_vs_ckd,acute kidney injury vs chronic kidney disease,ENSG00000160339,FCN2,lectin,False,2,2,,,,,,,,,,,False,,,,,,,,,,pseudobulk_de_targeted_SubclassLevel1_DTL_aki_vs_ckd.csv
,targeted_SubclassLevel1_DTL_aki_vs_ckd,acute kidney injury vs chronic kidney disease,ENSG00000142748,FCN3,lectin,False,16,8,,,,,,,,,,,False,,,,,,,,,,pseudobulk_de_targeted_SubclassLevel1_DTL_aki_vs_ckd.csv
,targeted_SubclassLevel1_DTL_aki_vs_ckd,acute kidney injury vs chronic kidney disease,ENSG00000127241,MASP1,lectin,True,916,55,9.874685867934373,0.0564897306793994,0.452163542362106,0.005968444856458,0.1736155369346244,0.005968444856458,0.1736155369346244,True,0.9005773232045234,0.9635581204177374,False,,,,,,,,,,pseudobulk_de_targeted_SubclassLevel1_DTL_aki_vs_ckd.csv
,targeted_SubclassLevel1_DTL_aki_vs_ckd,acute kidney injury vs chronic kidney disease,ENSG00000009724,MASP2,lectin,True,76,21,0.4263792337322735,0.3423986817811117,1.065226323477083,0.0021486305460929,0.1540470539522715,0.0021486305460929,0.1540470539522715,True,0.7478824285916933,,False,,,,,,,,,,pseudobulk_de_targeted_SubclassLevel1_DTL_aki_vs_ckd.csv
,targeted_SubclassLevel1_DTL_aki_vs_ckd,acute kidney injury vs chronic kidney disease,ENSG00000165471,MBL2,lectin,False,0,0,,,,,,,,,,,False,,,,,,,,,,pseudobulk_de_targeted_SubclassLevel1_DTL_aki_vs_ckd.csv
,targeted_SubclassLevel1_DTL_aki_vs_ckd,acute kidney injury vs chronic kidney disease,ENSG00000171860,C3AR1,receptor,True,27,17,0.2955398564543538,0.1649018975040354,1.2114531935518038,-0.0033177439285792,0.171352681607867,-0.0033177439285792,0.171352681607867,True,0.8917271420789878,,False,,,,,,,,,,pseudobulk_de_targeted_SubclassLevel1_DTL_aki_vs_ckd.csv
,targeted_SubclassLevel1_DTL_aki_vs_ckd,acute kidney injury vs chronic kidney disease,ENSG00000197405,C5AR1,receptor,True,1453,55,9.812387162372564,0.9488250708006308,0.4738177772716357,0.0995844606576625,0.2539633150034783,0.0995844606576625,0.2539633150034783,True,0.0452298557096614,0.2693264444670841,False,,,,,,,,,,pseudobulk_de_targeted_SubclassLevel1_DTL_aki_vs_ckd.csv
,targeted_SubclassLevel1_DTL_aki_vs_ckd,acute kidney injury vs chronic kidney disease,ENSG00000134830,C5AR2,receptor,True,36,16,0.146061614983194,0.8495794384534905,1.133125803441934,0.0055679477507211,0.1600232817973711,0.0055679477507211,0.1600232817973711,True,0.4533955232819443,,False,,,,,,,,,,pseudobulk_de_targeted_SubclassLevel1_DTL_aki_vs_ckd.csv
,targeted_SubclassLevel1_DTL_aki_vs_ckd,acute kidney injury vs chronic kidney disease,ENSG00000203710,CR1,receptor,True,59,26,0.5194398825747871,-0.5433818776517055,0.9964957521050468,-0.0245089445969657,0.1854265107779795,-0.0245089445969657,0.1854265107779795,True,0.5855522112755157,,False,,,,,,,,,,pseudobulk_de_targeted_SubclassLevel1_DTL_aki_vs_ckd.csv
,targeted_SubclassLevel1_DTL_aki_vs_ckd,acute kidney injury vs chronic kidney disease,ENSG00000117322,CR2,receptor,True,29,17,0.270162967355445,-0.0354588947409883,1.309604420116735,-0.0118807030333759,0.1766827786903221,-0.0118807030333759,0.1766827786903221,True,0.9783990892792344,,False,,,,,,,,,,pseudobulk_de_targeted_SubclassLevel1_DTL_aki_vs_ckd.csv
,targeted_SubclassLevel1_DTL_aki_vs_ckd,acute kidney injury vs chronic kidney disease,ENSG00000169896,ITGAM,receptor,True,67,23,0.9161018865258568,0.3015356828526023,0.9866769170757343,-0.0063781101208659,0.1636646262662197,-0.0063781101208659,0.1636646262662197,True,0.7599036506530488,,False,,,,,,,,,,pseudobulk_de_targeted_SubclassLevel1_DTL_aki_vs_ckd.csv
,targeted_SubclassLevel1_DTL_aki_vs_ckd,acute kidney injury vs chronic kidney disease,ENSG00000140678,ITGAX,receptor,True,32,22,0.8004079224093075,1.0484822676062524,1.1849125455343013,0.0136367669655958,0.179527598567676,0.0136367669655958,0.179527598567676,True,0.376231892490998,,False,,,,,,,,,,pseudobulk_de_targeted_SubclassLevel1_DTL_aki_vs_ckd.csv
,targeted_SubclassLevel1_DTL_aki_vs_ckd,acute kidney injury vs chronic kidney disease,ENSG00000155659,VSIG4,receptor,True,30,11,0.0949064181259717,0.905065650066762,1.6879385489873389,0.0026709589284068,0.1940979873004271,0.0026709589284068,0.1940979873004271,True,0.5918231993039773,,False,,,,,,,,,,pseudobulk_de_targeted_SubclassLevel1_DTL_aki_vs_ckd.csv
,targeted_SubclassLevel1_DTL_aki_vs_ckd,acute kidney injury vs chronic kidney disease,ENSG00000117335,CD46,regulator,True,14928,58,83.81664596144597,-0.4901909169379282,0.2089108446133601,-0.2805942931278671,0.2324025333581243,-0.2805942931278671,0.2324025333581243,True,0.0189551406839313,0.1728384575010704,False,,,,,,,,,,pseudobulk_de_targeted_SubclassLevel1_DTL_aki_vs_ckd.csv
,targeted_SubclassLevel1_DTL_aki_vs_ckd,acute kidney injury vs chronic kidney disease,ENSG00000196352,CD55,regulator,True,2218,55,12.649192009417767,0.0504724871430116,0.2596991442796902,0.012003056127837,0.1440346059747325,0.012003056127837,0.1440346059747325,True,0.8459019628476016,0.943105934349709,False,,,,,,,,,,pseudobulk_de_targeted_SubclassLevel1_DTL_aki_vs_ckd.csv
,targeted_SubclassLevel1_DTL_aki_vs_ckd,acute kidney injury vs chronic kidney disease,ENSG00000085063,CD59,regulator,True,10292,57,58.87320432917527,-0.1832312937612039,0.3033393682058446,-0.0322840689602205,0.1652760283220158,-0.0322840689602205,0.1652760283220158,True,0.5458122668108187,0.7974318013866766,False,,,,,,,,,,pseudobulk_de_targeted_SubclassLevel1_DTL_aki_vs_ckd.csv
,targeted_SubclassLevel1_DTL_aki_vs_ckd,acute kidney injury vs chronic kidney disease,ENSG00000000971,CFH,regulator,True,325,44,4.199317082688731,1.6518782652612596,0.6265401742214817,0.120045527900026,0.3178633772082154,0.120045527900026,0.3178633772082154,True,0.00837641920688,,False,,,,,,,,,,pseudobulk_de_targeted_SubclassLevel1_DTL_aki_vs_ckd.csv
,targeted_SubclassLevel1_DTL_aki_vs_ckd,acute kidney injury vs chronic kidney disease,ENSG00000205403,CFI,regulator,True,3988,58,36.15832228353455,1.0690689162217983,0.3669182172221233,0.7470055138558644,0.3914063464273146,0.7470055138558644,0.3914063464273146,True,0.0035723749057222,0.0736458476030776,False,,,,,,,,,,pseudobulk_de_targeted_SubclassLevel1_DTL_aki_vs_ckd.csv
,targeted_SubclassLevel1_DTL_aki_vs_ckd,acute kidney injury vs chronic kidney disease,ENSG00000149131,SERPING1,regulator,True,6155,55,26.576337895194342,0.8740153156903574,0.359401450282112,0.1822306823346206,0.3338711611480809,0.1822306823346206,0.3338711611480809,True,0.015021361695109,0.1530395231588856,False,,,,,,,,,,pseudobulk_de_targeted_SubclassLevel1_DTL_aki_vs_ckd.csv
,targeted_SubclassLevel1_DTL_aki_vs_ckd,acute kidney injury vs chronic kidney disease,ENSG00000106804,C5,terminal,True,1336,51,6.963944129275011,-0.3891128957379931,0.3620132764122133,-0.0510050183490226,0.1731319461550574,-0.0510050183490226,0.1731319461550574,True,0.2824382719021349,0.6005085567980321,False,,,,,,,,,,pseudobulk_de_targeted_SubclassLevel1_DTL_aki_vs_ckd.csv
,targeted_SubclassLevel1_DTL_aki_vs_ckd,acute kidney injury vs chronic kidney disease,ENSG00000039537,C6,terminal,True,68,30,1.1013649472602964,-0.3361558816290032,1.0520653091141223,-0.0048502757821289,0.16009116640041,-0.0048502757821289,0.16009116640041,True,0.7493322464842894,,False,,,,,,,,,,pseudobulk_de_targeted_SubclassLevel1_DTL_aki_vs_ckd.csv
,targeted_SubclassLevel1_DTL_aki_vs_ckd,acute kidney injury vs chronic kidney disease,ENSG00000112936,C7,terminal,True,1823,42,12.60752440252192,-2.8594423278304393,0.8357999724030666,-0.0379966758364315,0.3713406714150576,-0.0379966758364315,0.3713406714150576,True,0.00062344516156,0.0290583440185754,True,,,,,,,,,,pseudobulk_de_targeted_SubclassLevel1_DTL_aki_vs_ckd.csv
,targeted_SubclassLevel1_DTL_aki_vs_ckd,acute kidney injury vs chronic kidney disease,ENSG00000157131,C8A,terminal,False,6,5,,,,,,,,,,,False,,,,,,,,,,pseudobulk_de_targeted_SubclassLevel1_DTL_aki_vs_ckd.csv
,targeted_SubclassLevel1_DTL_aki_vs_ckd,acute kidney injury vs chronic kidney disease,ENSG00000021852,C8B,terminal,False,4,4,,,,,,,,,,,False,,,,,,,,,,pseudobulk_de_targeted_SubclassLevel1_DTL_aki_vs_ckd.csv
,targeted_SubclassLevel1_DTL_aki_vs_ckd,acute kidney injury vs chronic kidney disease,ENSG00000176919,C8G,terminal,False,11,9,,,,,,,,,,,False,,,,,,,,,,pseudobulk_de_targeted_SubclassLevel1_DTL_aki_vs_ckd.csv
,targeted_SubclassLevel1_DTL_aki_vs_ckd,acute kidney injury vs chronic kidney disease,ENSG00000113600,C9,terminal,True,771,51,4.918604180667384,-0.1999277080382492,0.2948175306064844,-0.0406574829117917,0.1512535748310756,-0.0406574829117917,0.1512535748310756,True,0.4976826130471136,,False,,,,,,,,,,pseudobulk_de_targeted_SubclassLevel1_DTL_aki_vs_ckd.csv
,targeted_SubclassLevel1_DTL_aki_vs_normal,acute kidney injury vs normal,ENSG00000125730,C3,alternative,True,3384,66,22.49780236384591,3.201640471037543,0.5042580888124825,3.0473949758400773,0.5817803979777553,3.0473949758400773,0.5817803979777553,True,2.1642351267484351e-10,4.000708867079302e-07,True,,,,,,,,,,pseudobulk_de_targeted_SubclassLevel1_DTL_aki_vs_normal.csv
,targeted_SubclassLevel1_DTL_aki_vs_normal,acute kidney injury vs normal,ENSG00000243649,CFB,alternative,True,2549,72,13.30110685628817,1.6026597501436166,0.4510051848481102,1.1891942468772605,0.5078538420728852,1.1891942468772605,0.5078538420728852,True,0.0003801000989926,0.0229120483584827,True,,,,,,,,,,pseudobulk_de_targeted_SubclassLevel1_DTL_aki_vs_normal.csv
,targeted_SubclassLevel1_DTL_aki_vs_normal,acute kidney injury vs normal,ENSG00000197766,CFD,alternative,True,1243,59,4.114314170365892,-0.6191519620051552,0.3506432093247412,-0.1190917948935423,0.2499573238045837,-0.1190917948935423,0.2499573238045837,True,0.0774360219758593,0.3307581765371944,False,,,,,,,,,,pseudobulk_de_targeted_SubclassLevel1_DTL_aki_vs_normal.csv
,targeted_SubclassLevel1_DTL_aki_vs_normal,acute kidney injury vs normal,ENSG00000126759,CFP,alternative,True,61,29,0.3596149149639588,-0.1744942845976373,0.8244288712000639,-0.0207420201629581,0.2295492596168219,-0.0207420201629581,0.2295492596168219,True,0.8323763944221892,,False,,,,,,,,,,pseudobulk_de_targeted_SubclassLevel1_DTL_aki_vs_normal.csv
,targeted_SubclassLevel1_DTL_aki_vs_normal,acute kidney injury vs normal,ENSG00000173372,C1QA,classical,True,776,53,3.5457711011572153,1.5983847133460716,0.6123269468073806,0.1774775818242475,0.3940748318844604,0.1774775818242475,0.3940748318844604,True,0.0090450895343107,0.1177489472475179,False,,,,,,,,,,pseudobulk_de_targeted_SubclassLevel1_DTL_aki_vs_normal.csv
,targeted_SubclassLevel1_DTL_aki_vs_normal,acute kidney injury vs normal,ENSG00000173369,C1QB,classical,True,810,48,3.146943571732124,0.7312608553258357,0.6640896193709224,0.0399329685232857,0.2300513681129824,0.0399329685232857,0.2300513681129824,True,0.2708323151836248,0.5917831925019656,False,,,,,,,,,,pseudobulk_de_targeted_SubclassLevel1_DTL_aki_vs_normal.csv
,targeted_SubclassLevel1_DTL_aki_vs_normal,acute kidney injury vs normal,ENSG00000159189,C1QC,classical,True,310,42,1.179162787634544,0.6979083766837659,0.7154261153870268,0.0287235058588556,0.2332432161074783,0.0287235058588556,0.2332432161074783,True,0.3293052322855103,,False,,,,,,,,,,pseudobulk_de_targeted_SubclassLevel1_DTL_aki_vs_normal.csv
,targeted_SubclassLevel1_DTL_aki_vs_normal,acute kidney injury vs normal,ENSG00000159403,C1R,classical,True,1628,65,7.631716050784094,1.206598426580327,0.5324183556113067,0.0696626190626264,0.497292353918931,0.0696626190626264,0.497292353918931,True,0.0234354684939676,0.1907436523527637,False,,,,,,,,,,pseudobulk_de_targeted_SubclassLevel1_DTL_aki_vs_normal.csv
,targeted_SubclassLevel1_DTL_aki_vs_normal,acute kidney injury vs normal,ENSG00000182326,C1S,classical,True,6575,75,22.9545162443301,-0.092413698120644,0.1821168781053667,-0.0381876823781387,0.1430396590925468,-0.0381876823781387,0.1430396590925468,True,0.6118449334114044,0.8331620678221808,False,,,,,,,,,,pseudobulk_de_targeted_SubclassLevel1_DTL_aki_vs_normal.csv
,targeted_SubclassLevel1_DTL_aki_vs_normal,acute kidney injury vs normal,ENSG00000166278,C2,classical,True,2338,74,12.560035909627098,0.2073185225529811,0.2271842260981438,0.0611724072722586,0.1733361579958561,0.0611724072722586,0.1733361579958561,True,0.3614756553142242,0.6722418651495058,False,,,,,,,,,,pseudobulk_de_targeted_SubclassLevel1_DTL_aki_vs_normal.csv
,targeted_SubclassLevel1_DTL_aki_vs_normal,acute kidney injury vs normal,ENSG00000244731,C4A,classical,True,43,14,0.2669164901617946,0.2722150327441321,1.6338128890515309,-0.0001179148215194,0.6419701973484598,-0.0001179148215194,0.6419701973484598,True,0.8676742916301647,,False,,,,,,,,,,pseudobulk_de_targeted_SubclassLevel1_DTL_aki_vs_normal.csv
,targeted_SubclassLevel1_DTL_aki_vs_normal,acute kidney injury vs normal,ENSG00000224389,C4B,classical,True,24,10,0.3214174397341076,-0.2975284706469852,2.269454829430442,-0.0044483158289601,0.2897430023396892,-0.0044483158289601,0.2897430023396892,True,0.8956951755015945,,False,,,,,,,,,,pseudobulk_de_targeted_SubclassLevel1_DTL_aki_vs_normal.csv
,targeted_SubclassLevel1_DTL_aki_vs_normal,acute kidney injury vs normal,ENSG00000123838,C4BPA,classical,True,412,44,1.2375439909074633,0.1644955171254135,0.5619609367975155,0.0066275649767117,0.2203588419711127,0.0066275649767117,0.2203588419711127,True,0.7697384779353436,,False,,,,,,,,,,pseudobulk_de_targeted_SubclassLevel1_DTL_aki_vs_normal.csv
,targeted_SubclassLevel1_DTL_aki_vs_normal,acute kidney injury vs normal,ENSG00000123843,C4BPB,classical,True,50,26,0.2004750241007051,0.4145657023714625,0.6892658487313872,0.0104270161637536,0.170828481419474,0.0104270161637536,0.170828481419474,True,0.5475337764846658,,False,,,,,,,,,,pseudobulk_de_targeted_SubclassLevel1_DTL_aki_vs_normal.csv
,targeted_SubclassLevel1_DTL_aki_vs_normal,acute kidney injury vs normal,ENSG00000085265,FCN1,lectin,True,117,34,0.8810742671298359,0.8584825781986487,0.7642563449109816,0.0318314410818605,0.172142106453401,0.0318314410818605,0.172142106453401,True,0.2613137558894464,,False,,,,,,,,,,pseudobulk_de_targeted_SubclassLevel1_DTL_aki_vs_normal.csv
,targeted_SubclassLevel1_DTL_aki_vs_normal,acute kidney injury vs normal,ENSG00000160339,FCN2,lectin,False,4,4,,,,,,,,,,,False,,,,,,,,,,pseudobulk_de_targeted_SubclassLevel1_DTL_aki_vs_normal.csv
,targeted_SubclassLevel1_DTL_aki_vs_normal,acute kidney injury vs normal,ENSG00000142748,FCN3,lectin,True,102,28,1.289735513368861,0.3072080243871296,0.8787558169253794,-0.0016029548393148,0.8482029952156689,-0.0016029548393148,0.8482029952156689,True,0.7266431895333347,,False,,,,,,,,,,pseudobulk_de_targeted_SubclassLevel1_DTL_aki_vs_normal.csv
,targeted_SubclassLevel1_DTL_aki_vs_normal,acute kidney injury vs normal,ENSG00000127241,MASP1,lectin,True,2166,74,15.319298841645145,0.1032746818450837,0.3958255158853725,0.0103307910784832,0.3023804916139084,0.0103307910784832,0.3023804916139084,True,0.7941622120666425,0.919609944746026,False,,,,,,,,,,pseudobulk_de_targeted_SubclassLevel1_DTL_aki_vs_normal.csv
,targeted_SubclassLevel1_DTL_aki_vs_normal,acute kidney injury vs normal,ENSG00000009724,MASP2,lectin,True,360,43,1.791991875682201,-0.8586731722718793,0.6291234576568939,-0.0584121976229624,0.1950119137778685,-0.0584121976229624,0.1950119137778685,True,0.1722931939466636,,False,,,,,,,,,,pseudobulk_de_targeted_SubclassLevel1_DTL_aki_vs_normal.csv
,targeted_SubclassLevel1_DTL_aki_vs_normal,acute kidney injury vs normal,ENSG00000165471,MBL2,lectin,False,1,1,,,,,,,,,,,False,,,,,,,,,,pseudobulk_de_targeted_SubclassLevel1_DTL_aki_vs_normal.csv
,targeted_SubclassLevel1_DTL_aki_vs_normal,acute kidney injury vs normal,ENSG00000171860,C3AR1,receptor,True,155,42,0.5300412899492564,-0.8434122615479073,0.6359975608943377,-0.0621475599798391,0.2206607782072889,-0.0621475599798391,0.2206607782072889,True,0.1847982985544288,,False,,,,,,,,,,pseudobulk_de_targeted_SubclassLevel1_DTL_aki_vs_normal.csv
,targeted_SubclassLevel1_DTL_aki_vs_normal,acute kidney injury vs normal,ENSG00000197405,C5AR1,receptor,True,4375,77,23.54093619128675,0.1994414702376589,0.3820775627812802,0.0223763326583203,0.2984386208957669,0.0223763326583203,0.2984386208957669,True,0.6016758294422451,0.8271426850463255,False,,,,,,,,,,pseudobulk_de_targeted_SubclassLevel1_DTL_aki_vs_normal.csv
,targeted_SubclassLevel1_DTL_aki_vs_normal,acute kidney injury vs normal,ENSG00000134830,C5AR2,receptor,True,146,31,0.353537584694126,0.2069898539571951,0.6758241562063261,-0.006004148374319,0.2359233052723182,-0.006004148374319,0.2359233052723182,True,0.7593932327226801,,False,,,,,,,,,,pseudobulk_de_targeted_SubclassLevel1_DTL_aki_vs_normal.csv
,targeted_SubclassLevel1_DTL_aki_vs_normal,acute kidney injury vs normal,ENSG00000203710,CR1,receptor,True,136,40,1.0212598727471904,0.7291680313107256,0.7407059751683577,0.0101593961175305,0.1941323949182642,0.0101593961175305,0.1941323949182642,True,0.324907551943779,,False,,,,,,,,,,pseudobulk_de_targeted_SubclassLevel1_DTL_aki_vs_normal.csv
,targeted_SubclassLevel1_DTL_aki_vs_normal,acute kidney injury vs normal,ENSG00000117322,CR2,receptor,True,76,28,1.0414010269754692,0.0133563597888751,1.0372813414885462,-0.0010178851769723,0.2240606814124992,-0.0010178851769723,0.2240606814124992,True,0.9897264721129057,,False,,,,,,,,,,pseudobulk_de_targeted_SubclassLevel1_DTL_aki_vs_normal.csv
,targeted_SubclassLevel1_DTL_aki_vs_normal,acute kidney injury vs normal,ENSG00000169896,ITGAM,receptor,True,147,41,1.3333157399661648,0.1753002418467586,0.5610502387201585,0.0057346174478592,0.2424222630899113,0.0057346174478592,0.2424222630899113,True,0.7546984280782628,,False,,,,,,,,,,pseudobulk_de_targeted_SubclassLevel1_DTL_aki_vs_normal.csv
,targeted_SubclassLevel1_DTL_aki_vs_normal,acute kidney injury vs normal,ENSG00000140678,ITGAX,receptor,True,76,34,0.8063264192602952,0.0530705216243249,0.7064347804185512,-0.0027853130461851,0.2896271026639963,-0.0027853130461851,0.2896271026639963,True,0.9401156975610556,,False,,,,,,,,,,pseudobulk_de_targeted_SubclassLevel1_DTL_aki_vs_normal.csv
,targeted_SubclassLevel1_DTL_aki_vs_normal,acute kidney injury vs normal,ENSG00000155659,VSIG4,receptor,True,128,31,0.3752129912083505,0.4421231617490282,0.7205170017807313,0.0055079913786409,0.3046094024489527,0.0055079913786409,0.3046094024489527,True,0.5394669053249812,,False,,,,,,,,,,pseudobulk_de_targeted_SubclassLevel1_DTL_aki_vs_normal.csv
,targeted_SubclassLevel1_DTL_aki_vs_normal,acute kidney injury vs normal,ENSG00000117335,CD46,regulator,True,55456,80,191.94736077281215,-0.2422879972108933,0.2015554602198674,-0.0996967838663854,0.1736855740849533,-0.0996967838663854,0.1736855740849533,True,0.2293282873979811,0.5482985680476554,False,,,,,,,,,,pseudobulk_de_targeted_SubclassLevel1_DTL_aki_vs_normal.csv
,targeted_SubclassLevel1_DTL_aki_vs_normal,acute kidney injury vs normal,ENSG00000196352,CD55,regulator,True,10443,76,38.002690783152815,-0.7173317235890248,0.2663214910885619,-0.4807924053933678,0.2879087251236806,-0.4807924053933678,0.2879087251236806,True,0.0070710297035386,0.1039228985669366,False,,,,,,,,,,pseudobulk_de_targeted_SubclassLevel1_DTL_aki_vs_normal.csv
,targeted_SubclassLevel1_DTL_aki_vs_normal,acute kidney injury vs normal,ENSG00000085063,CD59,regulator,True,35555,79,126.77960720932232,0.1438735540123695,0.3027605429675044,0.0268110876812423,0.234649425801413,0.0268110876812423,0.234649425801413,True,0.63464032175458,0.8461023345645442,False,,,,,,,,,,pseudobulk_de_targeted_SubclassLevel1_DTL_aki_vs_normal.csv
,targeted_SubclassLevel1_DTL_aki_vs_normal,acute kidney injury vs normal,ENSG00000000971,CFH,regulator,True,952,63,9.055962282015187,0.959327571818715,0.5695103732017861,0.0463947342137588,0.6826757861853933,0.0463947342137588,0.6826757861853933,True,0.0920893692517698,0.3564818065962535,False,,,,,,,,,,pseudobulk_de_targeted_SubclassLevel1_DTL_aki_vs_normal.csv
,targeted_SubclassLevel1_DTL_aki_vs_normal,acute kidney injury vs normal,ENSG00000205403,CFI,regulator,True,8707,81,61.92596876740069,1.1542080460757973,0.4326841023165743,0.1529133875381323,0.4927536727918182,0.1529133875381323,0.4927536727918182,True,0.0076405694723126,0.1087392252445379,False,,,,,,,,,,pseudobulk_de_targeted_SubclassLevel1_DTL_aki_vs_normal.csv
,targeted_SubclassLevel1_DTL_aki_vs_normal,acute kidney injury vs normal,ENSG00000149131,SERPING1,regulator,True,20579,76,64.02612286913346,0.6881512480886108,0.413867632124861,0.0884751642039247,0.3955947764692166,0.0884751642039247,0.3955947764692166,True,0.0963659521943602,0.3653751531014025,False,,,,,,,,,,pseudobulk_de_targeted_SubclassLevel1_DTL_aki_vs_normal.csv
,targeted_SubclassLevel1_DTL_aki_vs_normal,acute kidney injury vs normal,ENSG00000106804,C5,terminal,True,3613,74,14.4020299295767,0.1979108776293321,0.2330633950952674,0.0616509353651381,0.1728013515299272,0.0616509353651381,0.1728013515299272,True,0.3957856668951381,0.6970134582549395,False,,,,,,,,,,pseudobulk_de_targeted_SubclassLevel1_DTL_aki_vs_normal.csv
,targeted_SubclassLevel1_DTL_aki_vs_normal,acute kidney injury vs normal,ENSG00000039537,C6,terminal,True,335,55,4.216172194188013,-1.3537386130285591,0.7599337436183722,-0.0346982001379067,0.240560666332281,-0.0346982001379067,0.240560666332281,True,0.0748487088616895,0.3256626575699969,False,,,,,,,,,,pseudobulk_de_targeted_SubclassLevel1_DTL_aki_vs_normal.csv
,targeted_SubclassLevel1_DTL_aki_vs_normal,acute kidney injury vs normal,ENSG00000112936,C7,terminal,True,3991,55,15.812681831916688,-0.9699554807208628,0.6598441902500309,-0.0255344271295503,0.3852612645576979,-0.0255344271295503,0.3852612645576979,True,0.141568107498724,0.437782268486296,False,,,,,,,,,,pseudobulk_de_targeted_SubclassLevel1_DTL_aki_vs_normal.csv
,targeted_SubclassLevel1_DTL_aki_vs_normal,acute kidney injury vs normal,ENSG00000157131,C8A,terminal,True,27,21,0.3264020174165672,-0.2741275479391963,1.0556353677614505,-0.0104504270870747,0.4123582250416993,-0.0104504270870747,0.4123582250416993,True,0.7951105074804063,,False,,,,,,,,,,pseudobulk_de_targeted_SubclassLevel1_DTL_aki_vs_normal.csv
,targeted_SubclassLevel1_DTL_aki_vs_normal,acute kidney injury vs normal,ENSG00000021852,C8B,terminal,True,23,13,0.0622164525507853,0.2475069755139048,1.0798298670561537,0.0002014827634772,0.24026293749735,0.0002014827634772,0.24026293749735,True,0.8187062967627202,,False,,,,,,,,,,pseudobulk_de_targeted_SubclassLevel1_DTL_aki_vs_normal.csv
,targeted_SubclassLevel1_DTL_aki_vs_normal,acute kidney injury vs normal,ENSG00000176919,C8G,terminal,True,44,22,0.096899999265511,0.3321921943138013,0.705926744850404,0.0152017877304847,0.2429205088403065,0.0152017877304847,0.2429205088403065,True,0.6379435391598596,,False,,,,,,,,,,pseudobulk_de_targeted_SubclassLevel1_DTL_aki_vs_normal.csv
,targeted_SubclassLevel1_DTL_aki_vs_normal,acute kidney injury vs normal,ENSG00000113600,C9,terminal,True,1715,70,8.598475229445086,0.5222396305352082,0.2674071168263148,0.1855934060606039,0.2541141982652823,0.1855934060606039,0.2541141982652823,True,0.0508224616421759,0.2739012939231879,False,,,,,,,,,,pseudobulk_de_targeted_SubclassLevel1_DTL_aki_vs_normal.csv
,targeted_SubclassLevel1_DTL_ckd_vs_normal,chronic kidney disease vs normal,ENSG00000125730,C3,alternative,True,2286,87,6.550753677006666,0.6824503995494422,0.4740642094183424,0.0554115385209614,0.2860742937418009,0.0554115385209614,0.2860742937418009,True,0.1499880260119293,0.4136552627668902,False,,,,,,,,,,pseudobulk_de_targeted_SubclassLevel1_DTL_ckd_vs_normal.csv
,targeted_SubclassLevel1_DTL_ckd_vs_normal,chronic kidney disease vs normal,ENSG00000243649,CFB,alternative,True,2145,88,6.18867602415181,-0.5694707741172808,0.4171830959028427,-0.069905516253043,0.3088310486398486,-0.069905516253043,0.3088310486398486,True,0.1722411104641957,0.442289458152208,False,,,,,,,,,,pseudobulk_de_targeted_SubclassLevel1_DTL_ckd_vs_normal.csv
,targeted_SubclassLevel1_DTL_ckd_vs_normal,chronic kidney disease vs normal,ENSG00000197766,CFD,alternative,True,1341,80,3.756754823644482,0.2333672546375412,0.3162764747003431,0.038863358161937,0.267922806597107,0.038863358161937,0.267922806597107,True,0.4606004985225362,0.6971671189041901,False,,,,,,,,,,pseudobulk_de_targeted_SubclassLevel1_DTL_ckd_vs_normal.csv
,targeted_SubclassLevel1_DTL_ckd_vs_normal,chronic kidney disease vs normal,ENSG00000126759,CFP,alternative,True,68,32,0.2421986076081124,0.4989460748866208,0.7288836394925918,-0.0018547127040445,0.3203887895536996,-0.0018547127040445,0.3203887895536996,True,0.4936376448539397,,False,,,,,,,,,,pseudobulk_de_targeted_SubclassLevel1_DTL_ckd_vs_normal.csv
,targeted_SubclassLevel1_DTL_ckd_vs_normal,chronic kidney disease vs normal,ENSG00000173372,C1QA,classical,True,771,68,2.627462129883501,-0.3237605590512565,0.5363005024071317,-0.0261825087641124,0.3507558909430464,-0.0261825087641124,0.3507558909430464,True,0.5460481410754939,0.7634453822683844,False,,,,,,,,,,pseudobulk_de_targeted_SubclassLevel1_DTL_ckd_vs_normal.csv
,targeted_SubclassLevel1_DTL_ckd_vs_normal,chronic kidney disease vs normal,ENSG00000173369,C1QB,classical,True,781,58,1.9145010131096931,-0.8797331307436635,0.6248211267807148,-0.0542558709113276,0.3116848996374742,-0.0542558709113276,0.3116848996374742,True,0.1591381862648999,,False,,,,,,,,,,pseudobulk_de_targeted_SubclassLevel1_DTL_ckd_vs_normal.csv
,targeted_SubclassLevel1_DTL_ckd_vs_normal,chronic kidney disease vs normal,ENSG00000159189,C1QC,classical,True,318,49,0.8886837745041546,-0.1142069716068303,0.6613958900234961,-0.014379644889829,0.2682850407461868,-0.014379644889829,0.2682850407461868,True,0.8629063771462393,,False,,,,,,,,,,pseudobulk_de_targeted_SubclassLevel1_DTL_ckd_vs_normal.csv
,targeted_SubclassLevel1_DTL_ckd_vs_normal,chronic kidney disease vs normal,ENSG00000159403,C1R,classical,True,1484,81,5.312590681140161,0.2103323375532448,0.4408316224791898,0.0163491685585517,0.3450242560901357,0.0163491685585517,0.3450242560901357,True,0.6332722256211755,0.81770813448404,False,,,,,,,,,,pseudobulk_de_targeted_SubclassLevel1_DTL_ckd_vs_normal.csv
,targeted_SubclassLevel1_DTL_ckd_vs_normal,chronic kidney disease vs normal,ENSG00000182326,C1S,classical,True,6613,97,16.55029084078468,-0.4340578059078472,0.1924730759055192,-0.2762644723802741,0.1896340136461922,-0.2762644723802741,0.1896340136461922,True,0.0241232146139377,0.172373434699763,False,,,,,,,,,,pseudobulk_de_targeted_SubclassLevel1_DTL_ckd_vs_normal.csv
,targeted_SubclassLevel1_DTL_ckd_vs_normal,chronic kidney disease vs normal,ENSG00000166278,C2,classical,True,2381,97,9.531300676821251,0.0388056744156182,0.2245852514255627,0.0096998898932207,0.195316137844023,0.0096998898932207,0.195316137844023,True,0.8628179368061242,0.9396060378117091,False,,,,,,,,,,pseudobulk_de_targeted_SubclassLevel1_DTL_ckd_vs_normal.csv
,targeted_SubclassLevel1_DTL_ckd_vs_normal,chronic kidney disease vs normal,ENSG00000244731,C4A,classical,True,35,15,0.1405424673642434,0.1482860028146239,1.744140730903865,-0.009817572009731,0.3452482609469421,-0.009817572009731,0.3452482609469421,True,0.9322458744305095,,False,,,,,,,,,,pseudobulk_de_targeted_SubclassLevel1_DTL_ckd_vs_normal.csv
,targeted_SubclassLevel1_DTL_ckd_vs_normal,chronic kidney disease vs normal,ENSG00000224389,C4B,classical,True,23,9,0.1370276003727997,0.4862178746820459,2.3760524373876235,-0.0079783528585033,0.3018590706077381,-0.0079783528585033,0.3018590706077381,True,0.8378591547122708,,False,,,,,,,,,,pseudobulk_de_targeted_SubclassLevel1_DTL_ckd_vs_normal.csv
,targeted_SubclassLevel1_DTL_ckd_vs_normal,chronic kidney disease vs normal,ENSG00000123838,C4BPA,classical,True,326,52,0.6874799670403353,-0.4040863988467888,0.5845317038766646,-0.0478990372754405,0.3253002527519674,-0.0478990372754405,0.3253002527519674,True,0.4893774274203473,,False,,,,,,,,,,pseudobulk_de_targeted_SubclassLevel1_DTL_ckd_vs_normal.csv
,targeted_SubclassLevel1_DTL_ckd_vs_normal,chronic kidney disease vs normal,ENSG00000123843,C4BPB,classical,True,48,31,0.2824949511035757,0.5031174191526041,0.8210841782536125,-0.0142557046701147,0.4067059431922971,-0.0142557046701147,0.4067059431922971,True,0.5400431954133537,,False,,,,,,,,,,pseudobulk_de_targeted_SubclassLevel1_DTL_ckd_vs_normal.csv
,targeted_SubclassLevel1_DTL_ckd_vs_normal,chronic kidney disease vs normal,ENSG00000085265,FCN1,lectin,True,106,32,0.3580726795839779,-0.7044573480277463,0.8686593953310724,-0.0549715994331079,0.3757096694817793,-0.0549715994331079,0.3757096694817793,True,0.4173824772025929,,False,,,,,,,,,,pseudobulk_de_targeted_SubclassLevel1_DTL_ckd_vs_normal.csv
,targeted_SubclassLevel1_DTL_ckd_vs_normal,chronic kidney disease vs normal,ENSG00000160339,FCN2,lectin,False,4,4,,,,,,,,,,,False,,,,,,,,,,pseudobulk_de_targeted_SubclassLevel1_DTL_ckd_vs_normal.csv
,targeted_SubclassLevel1_DTL_ckd_vs_normal,chronic kidney disease vs normal,ENSG00000142748,FCN3,lectin,True,100,28,0.8307055241441146,1.0554832005531296,0.9556029096603555,0.0161737954177149,0.4188153178050955,0.0161737954177149,0.4188153178050955,True,0.2693673265445053,,False,,,,,,,,,,pseudobulk_de_targeted_SubclassLevel1_DTL_ckd_vs_normal.csv
,targeted_SubclassLevel1_DTL_ckd_vs_normal,chronic kidney disease vs normal,ENSG00000127241,MASP1,lectin,True,2536,97,13.18122538775354,1.0795883941400664,0.3435903740868423,0.7626218329563077,0.357861187537195,0.7626218329563077,0.357861187537195,True,0.0016775227482803,0.0435254261863746,True,,,,,,,,,,pseudobulk_de_targeted_SubclassLevel1_DTL_ckd_vs_normal.csv
,targeted_SubclassLevel1_DTL_ckd_vs_normal,chronic kidney disease vs normal,ENSG00000009724,MASP2,lectin,True,358,52,1.2222836878511052,-1.1740294958087152,0.6098678388661534,-0.1555430755876293,0.4621716512557872,-0.1555430755876293,0.4621716512557872,True,0.0542224033368477,,False,,,,,,,,,,pseudobulk_de_targeted_SubclassLevel1_DTL_ckd_vs_normal.csv
,targeted_SubclassLevel1_DTL_ckd_vs_normal,chronic kidney disease vs normal,ENSG00000165471,MBL2,lectin,False,1,1,,,,,,,,,,,False,,,,,,,,,,pseudobulk_de_targeted_SubclassLevel1_DTL_ckd_vs_normal.csv
,targeted_SubclassLevel1_DTL_ckd_vs_normal,chronic kidney disease vs normal,ENSG00000171860,C3AR1,receptor,True,168,49,0.5407799877252232,-0.613622706156079,0.6171340768457195,-0.0642649123862278,0.3210764556013384,-0.0642649123862278,0.3210764556013384,True,0.3200718723565053,,False,,,,,,,,,,pseudobulk_de_targeted_SubclassLevel1_DTL_ckd_vs_normal.csv
,targeted_SubclassLevel1_DTL_ckd_vs_normal,chronic kidney disease vs normal,ENSG00000197405,C5AR1,receptor,True,4646,98,15.592398002948876,-0.1995966425675279,0.3502311587679161,-0.0292722468575567,0.3125456505530704,-0.0292722468575567,0.3125456505530704,True,0.5687457085136428,0.7778477706585454,False,,,,,,,,,,pseudobulk_de_targeted_SubclassLevel1_DTL_ckd_vs_normal.csv
,targeted_SubclassLevel1_DTL_ckd_vs_normal,chronic kidney disease vs normal,ENSG00000134830,C5AR2,receptor,True,146,37,0.2938577488786427,0.4647445749365678,0.7118146690591961,0.0040785215202181,0.4444478211293866,0.0040785215202181,0.4444478211293866,True,0.5138200447403728,,False,,,,,,,,,,pseudobulk_de_targeted_SubclassLevel1_DTL_ckd_vs_normal.csv
,targeted_SubclassLevel1_DTL_ckd_vs_normal,chronic kidney disease vs normal,ENSG00000203710,CR1,receptor,True,169,54,0.8970046004771303,1.3528535559570485,0.5643956962234528,0.0951067626534025,0.39857228308256,0.0951067626534025,0.39857228308256,True,0.0165301577427861,,False,,,,,,,,,,pseudobulk_de_targeted_SubclassLevel1_DTL_ckd_vs_normal.csv
,targeted_SubclassLevel1_DTL_ckd_vs_normal,chronic kidney disease vs normal,ENSG00000117322,CR2,receptor,True,95,37,0.7429654032449422,0.7695465638305076,0.8801398611164528,0.0130682636629706,0.4322168824801454,0.0130682636629706,0.4322168824801454,True,0.3819299811317184,,False,,,,,,,,,,pseudobulk_de_targeted_SubclassLevel1_DTL_ckd_vs_normal.csv
,targeted_SubclassLevel1_DTL_ckd_vs_normal,chronic kidney disease vs normal,ENSG00000169896,ITGAM,receptor,True,166,54,1.5078910078413004,0.5688448626847166,0.5866471743901267,0.0303945622953837,0.4599480013085457,0.0303945622953837,0.4599480013085457,True,0.3322189156763943,,False,,,,,,,,,,pseudobulk_de_targeted_SubclassLevel1_DTL_ckd_vs_normal.csv
,targeted_SubclassLevel1_DTL_ckd_vs_normal,chronic kidney disease vs normal,ENSG00000140678,ITGAX,receptor,True,84,42,0.5827400021392932,0.8182732974010133,0.7072832794426177,0.0219329176984263,0.9859863617295752,0.0219329176984263,0.9859863617295752,True,0.247303240939495,,False,,,,,,,,,,pseudobulk_de_targeted_SubclassLevel1_DTL_ckd_vs_normal.csv
,targeted_SubclassLevel1_DTL_ckd_vs_normal,chronic kidney disease vs normal,ENSG00000155659,VSIG4,receptor,True,128,34,0.2371343689379971,-0.2122032087595238,0.7027507844847092,-0.0349543738719478,0.3008204306803677,-0.0349543738719478,0.3008204306803677,True,0.7626819245935352,,False,,,,,,,,,,pseudobulk_de_targeted_SubclassLevel1_DTL_ckd_vs_normal.csv
,targeted_SubclassLevel1_DTL_ckd_vs_normal,chronic kidney disease vs normal,ENSG00000117335,CD46,regulator,True,56232,104,151.89060115531996,-0.2595894131755774,0.178057217435206,-0.1342958324704933,0.170446029489509,-0.1342958324704933,0.170446029489509,True,0.1448684246798884,0.406829749007055,False,,,,,,,,,,pseudobulk_de_targeted_SubclassLevel1_DTL_ckd_vs_normal.csv
,targeted_SubclassLevel1_DTL_ckd_vs_normal,chronic kidney disease vs normal,ENSG00000196352,CD55,regulator,True,10557,99,27.421816681646543,-0.9303454754677734,0.2379599627452833,-0.8160575791886847,0.2270011251770015,-0.8160575791886847,0.2270011251770015,True,9.242141289946282e-05,0.0081450264278307,True,,,,,,,,,,pseudobulk_de_targeted_SubclassLevel1_DTL_ckd_vs_normal.csv
,targeted_SubclassLevel1_DTL_ckd_vs_normal,chronic kidney disease vs normal,ENSG00000085063,CD59,regulator,True,34687,102,96.76180310350048,-0.2102916217611632,0.2545907585677849,-0.0583084231493602,0.2352636557666265,-0.0583084231493602,0.2352636557666265,True,0.4088048601069652,0.6575332554596497,False,,,,,,,,,,pseudobulk_de_targeted_SubclassLevel1_DTL_ckd_vs_normal.csv
,targeted_SubclassLevel1_DTL_ckd_vs_normal,chronic kidney disease vs normal,ENSG00000000971,CFH,regulator,True,985,81,4.820684459744273,-0.0564150306595698,0.5109721008544057,-0.0093870832802596,0.4475984900069343,-0.0093870832802596,0.4475984900069343,True,0.912086394026566,0.9640142341392496,False,,,,,,,,,,pseudobulk_de_targeted_SubclassLevel1_DTL_ckd_vs_normal.csv
,targeted_SubclassLevel1_DTL_ckd_vs_normal,chronic kidney disease vs normal,ENSG00000205403,CFI,regulator,True,8399,105,40.70720977789173,0.325450819781561,0.3653687705697248,0.0452242807354817,0.3463434441872119,0.0452242807354817,0.3463434441872119,True,0.3730653789999446,0.6317224309555409,False,,,,,,,,,,pseudobulk_de_targeted_SubclassLevel1_DTL_ckd_vs_normal.csv
,targeted_SubclassLevel1_DTL_ckd_vs_normal,chronic kidney disease vs normal,ENSG00000149131,SERPING1,regulator,True,17866,97,38.410891417877224,-0.4175011395231719,0.3300256429520052,-0.0764159979985913,0.2798093318627868,-0.0764159979985913,0.2798093318627868,True,0.2058510154531754,0.4783977599131796,False,,,,,,,,,,pseudobulk_de_targeted_SubclassLevel1_DTL_ckd_vs_normal.csv
,targeted_SubclassLevel1_DTL_ckd_vs_normal,chronic kidney disease vs normal,ENSG00000106804,C5,terminal,True,3731,95,11.56358385711975,0.3168417444392292,0.2161364238622996,0.1187066273791019,0.2187452362487654,0.1187066273791019,0.2187452362487654,True,0.142666252980839,0.402822874387668,False,,,,,,,,,,pseudobulk_de_targeted_SubclassLevel1_DTL_ckd_vs_normal.csv
,targeted_SubclassLevel1_DTL_ckd_vs_normal,chronic kidney disease vs normal,ENSG00000039537,C6,terminal,True,363,71,2.877735311141221,-0.2345603920775327,0.6564625638160745,-0.0231291418705833,0.397770815583564,-0.0231291418705833,0.397770815583564,True,0.7208600257327802,0.8667891479127795,False,,,,,,,,,,pseudobulk_de_targeted_SubclassLevel1_DTL_ckd_vs_normal.csv
,targeted_SubclassLevel1_DTL_ckd_vs_normal,chronic kidney disease vs normal,ENSG00000112936,C7,terminal,True,4430,83,17.40080712915882,0.5413344956285218,0.476516008375,0.0486734201657943,0.3924785908886211,0.0486734201657943,0.3924785908886211,True,0.2559457526861161,0.5287092182341224,False,,,,,,,,,,pseudobulk_de_targeted_SubclassLevel1_DTL_ckd_vs_normal.csv
,targeted_SubclassLevel1_DTL_ckd_vs_normal,chronic kidney disease vs normal,ENSG00000157131,C8A,terminal,True,27,20,0.1718276186558393,0.514865880539896,1.2561415265894664,-0.0170666509513174,0.2912555348071674,-0.0170666509513174,0.2912555348071674,True,0.6818947998165283,,False,,,,,,,,,,pseudobulk_de_targeted_SubclassLevel1_DTL_ckd_vs_normal.csv
,targeted_SubclassLevel1_DTL_ckd_vs_normal,chronic kidney disease vs normal,ENSG00000021852,C8B,terminal,True,21,11,0.0353183981210621,0.8151429526422781,1.8754162609697904,-0.0040619684683883,0.943005822859853,-0.0040619684683883,0.943005822859853,True,0.6638190996131768,,False,,,,,,,,,,pseudobulk_de_targeted_SubclassLevel1_DTL_ckd_vs_normal.csv
,targeted_SubclassLevel1_DTL_ckd_vs_normal,chronic kidney disease vs normal,ENSG00000176919,C8G,terminal,True,39,19,0.0791288518609808,0.4840724326023898,1.073444676592845,-0.0111587851205955,0.2125664559686413,-0.0111587851205955,0.2125664559686413,True,0.6520238698745421,,False,,,,,,,,,,pseudobulk_de_targeted_SubclassLevel1_DTL_ckd_vs_normal.csv
,targeted_SubclassLevel1_DTL_ckd_vs_normal,chronic kidney disease vs normal,ENSG00000113600,C9,terminal,True,1768,87,6.520424920577054,0.8208049693045069,0.2318273520689207,0.6643135654696202,0.2363609461814338,0.6643135654696202,0.2363609461814338,True,0.0003992375915125,0.0192111659449599,True,,,,,,,,,,pseudobulk_de_targeted_SubclassLevel1_DTL_ckd_vs_normal.csv
,targeted_SubclassLevel1_EC_aki_vs_ckd,acute kidney injury vs chronic kidney disease,ENSG00000125730,C3,alternative,True,668,95,4.730846308138295,1.9424777312865684,0.5115794940929862,1.4846256272673084,0.67287060661016,1.4846256272673084,0.67287060661016,True,0.0001464457927068,0.031645405773287,True,,,,,,,,,,pseudobulk_de_targeted_SubclassLevel1_EC_aki_vs_ckd.csv
,targeted_SubclassLevel1_EC_aki_vs_ckd,acute kidney injury vs chronic kidney disease,ENSG00000243649,CFB,alternative,True,646,85,3.0889340636096976,1.6390688278004004,0.4603024813626754,1.2271327964406875,0.5863195616363783,1.2271327964406875,0.5863195616363783,True,0.0003696539657556,0.0490995423505585,True,,,,,,,,,,pseudobulk_de_targeted_SubclassLevel1_EC_aki_vs_ckd.csv
,targeted_SubclassLevel1_EC_aki_vs_ckd,acute kidney injury vs chronic kidney disease,ENSG00000197766,CFD,alternative,True,203,51,1.169072437134662,-0.8036586252896932,0.8226201129636221,-0.010744135665509,0.1300286340368905,-0.010744135665509,0.1300286340368905,True,0.3285939630943785,,False,,,,,,,,,,pseudobulk_de_targeted_SubclassLevel1_EC_aki_vs_ckd.csv
,targeted_SubclassLevel1_EC_aki_vs_ckd,acute kidney injury vs chronic kidney disease,ENSG00000126759,CFP,alternative,True,49,34,0.2710716490470927,0.6117074242360567,0.7460297950836469,0.0102253661432437,0.1142494455276786,0.0102253661432437,0.1142494455276786,True,0.4122443869103919,,False,,,,,,,,,,pseudobulk_de_targeted_SubclassLevel1_EC_aki_vs_ckd.csv
,targeted_SubclassLevel1_EC_aki_vs_ckd,acute kidney injury vs chronic kidney disease,ENSG00000173372,C1QA,classical,True,400,72,2.2624916651541627,0.9721740447806388,0.5801919478415197,0.0230473057492384,0.1187839472767196,0.0230473057492384,0.1187839472767196,True,0.0938150766394608,0.4440191826041563,False,,,,,,,,,,pseudobulk_de_targeted_SubclassLevel1_EC_aki_vs_ckd.csv
,targeted_SubclassLevel1_EC_aki_vs_ckd,acute kidney injury vs chronic kidney disease,ENSG00000173369,C1QB,classical,True,331,66,1.6452683559410253,0.8404012467303934,0.6038671114932109,0.0157488195480089,0.1095104978634555,0.0157488195480089,0.1095104978634555,True,0.1640135695141034,0.5362439725990172,False,,,,,,,,,,pseudobulk_de_targeted_SubclassLevel1_EC_aki_vs_ckd.csv
,targeted_SubclassLevel1_EC_aki_vs_ckd,acute kidney injury vs chronic kidney disease,ENSG00000159189,C1QC,classical,True,167,50,1.0523921487685173,0.4718336797567262,0.752781493291024,0.0082192290025674,0.1117386375595007,0.0082192290025674,0.1117386375595007,True,0.5307988435630802,,False,,,,,,,,,,pseudobulk_de_targeted_SubclassLevel1_EC_aki_vs_ckd.csv
,targeted_SubclassLevel1_EC_aki_vs_ckd,acute kidney injury vs chronic kidney disease,ENSG00000159403,C1R,classical,True,1271,94,6.628735305688912,0.6646379392840963,0.4403177658514425,0.0295671779079883,0.1110464378835149,0.0295671779079883,0.1110464378835149,True,0.1311836568941197,0.4944683737340943,False,,,,,,,,,,pseudobulk_de_targeted_SubclassLevel1_EC_aki_vs_ckd.csv
,targeted_SubclassLevel1_EC_aki_vs_ckd,acute kidney injury vs chronic kidney disease,ENSG00000182326,C1S,classical,True,2025,112,11.177218858883853,0.2750678090383681,0.2314276157609413,0.0415773131653497,0.1148549811185435,0.0415773131653497,0.1148549811185435,True,0.2346091098941758,0.6065483380442638,False,,,,,,,,,,pseudobulk_de_targeted_SubclassLevel1_EC_aki_vs_ckd.csv
,targeted_SubclassLevel1_EC_aki_vs_ckd,acute kidney injury vs chronic kidney disease,ENSG00000166278,C2,classical,True,444,92,2.5700861928305234,0.1181541284736909,0.3232871631753133,0.0089954197776056,0.1130435300687356,0.0089954197776056,0.1130435300687356,True,0.714755127922257,0.8991032564646444,False,,,,,,,,,,pseudobulk_de_targeted_SubclassLevel1_EC_aki_vs_ckd.csv
,targeted_SubclassLevel1_EC_aki_vs_ckd,acute kidney injury vs chronic kidney disease,ENSG00000244731,C4A,classical,False,10,8,,,,,,,,,,,False,,,,,,,,,,pseudobulk_de_targeted_SubclassLevel1_EC_aki_vs_ckd.csv
,targeted_SubclassLevel1_EC_aki_vs_ckd,acute kidney injury vs chronic kidney disease,ENSG00000224389,C4B,classical,False,14,13,,,,,,,,,,,False,,,,,,,,,,pseudobulk_de_targeted_SubclassLevel1_EC_aki_vs_ckd.csv
,targeted_SubclassLevel1_EC_aki_vs_ckd,acute kidney injury vs chronic kidney disease,ENSG00000123838,C4BPA,classical,True,66,38,0.4370954875429474,0.4476437466923667,0.7289819377237414,0.0043809037171268,0.1119111133286184,0.0043809037171268,0.1119111133286184,True,0.5391710582699831,,False,,,,,,,,,,pseudobulk_de_targeted_SubclassLevel1_EC_aki_vs_ckd.csv
,targeted_SubclassLevel1_EC_aki_vs_ckd,acute kidney injury vs chronic kidney disease,ENSG00000123843,C4BPB,classical,True,55,30,0.3208874308800391,-0.2032938168984523,0.8820005478491106,-0.0068246285665869,0.1050606932217746,-0.0068246285665869,0.1050606932217746,True,0.8177097024374003,,False,,,,,,,,,,pseudobulk_de_targeted_SubclassLevel1_EC_aki_vs_ckd.csv
,targeted_SubclassLevel1_EC_aki_vs_ckd,acute kidney injury vs chronic kidney disease,ENSG00000085265,FCN1,lectin,True,91,48,0.4502488187115633,0.290538787621338,0.6607064775912709,0.0018428585050877,0.1127612922939685,0.0018428585050877,0.1127612922939685,True,0.6601257339246018,,False,,,,,,,,,,pseudobulk_de_targeted_SubclassLevel1_EC_aki_vs_ckd.csv
,targeted_SubclassLevel1_EC_aki_vs_ckd,acute kidney injury vs chronic kidney disease,ENSG00000160339,FCN2,lectin,True,94,43,0.6603962541803822,0.2540578019398543,0.750231564492407,0.0013728147570345,0.1072506544754751,0.0013728147570345,0.1072506544754751,True,0.7348815631949535,,False,,,,,,,,,,pseudobulk_de_targeted_SubclassLevel1_EC_aki_vs_ckd.csv
,targeted_SubclassLevel1_EC_aki_vs_ckd,acute kidney injury vs chronic kidney disease,ENSG00000142748,FCN3,lectin,True,2959,108,16.745729370502694,-0.4145752669351124,0.4407790688370188,-0.0132827662658571,0.1073697184978269,-0.0132827662658571,0.1073697184978269,True,0.3469349176429961,0.6987929518134806,False,,,,,,,,,,pseudobulk_de_targeted_SubclassLevel1_EC_aki_vs_ckd.csv
,targeted_SubclassLevel1_EC_aki_vs_ckd,acute kidney injury vs chronic kidney disease,ENSG00000127241,MASP1,lectin,True,317,85,2.329379997850515,-0.6724721023156788,0.5038527571204346,-0.0252338078223683,0.118520800272051,-0.0252338078223683,0.118520800272051,True,0.1819876628653214,0.5574328414919498,False,,,,,,,,,,pseudobulk_de_targeted_SubclassLevel1_EC_aki_vs_ckd.csv
,targeted_SubclassLevel1_EC_aki_vs_ckd,acute kidney injury vs chronic kidney disease,ENSG00000009724,MASP2,lectin,True,71,34,0.336196080359057,-0.0714610365383793,0.7717555360411534,-0.0043441991120527,0.1095689399740019,-0.0043441991120527,0.1095689399740019,True,0.9262249736349224,,False,,,,,,,,,,pseudobulk_de_targeted_SubclassLevel1_EC_aki_vs_ckd.csv
,targeted_SubclassLevel1_EC_aki_vs_ckd,acute kidney injury vs chronic kidney disease,ENSG00000165471,MBL2,lectin,False,3,3,,,,,,,,,,,False,,,,,,,,,,pseudobulk_de_targeted_SubclassLevel1_EC_aki_vs_ckd.csv
,targeted_SubclassLevel1_EC_aki_vs_ckd,acute kidney injury vs chronic kidney disease,ENSG00000171860,C3AR1,receptor,True,73,44,0.6515535357083616,0.8140992476450696,0.6953329789248776,0.013884688126269,0.1129913419210593,0.013884688126269,0.1129913419210593,True,0.2416772142708249,,False,,,,,,,,,,pseudobulk_de_targeted_SubclassLevel1_EC_aki_vs_ckd.csv
,targeted_SubclassLevel1_EC_aki_vs_ckd,acute kidney injury vs chronic kidney disease,ENSG00000197405,C5AR1,receptor,True,273,75,2.1853132748021418,-0.248800513408412,0.5170606810968824,-0.0083829156674218,0.1188236297065931,-0.0083829156674218,0.1188236297065931,True,0.6303868492988957,0.8637384192369985,False,,,,,,,,,,pseudobulk_de_targeted_SubclassLevel1_EC_aki_vs_ckd.csv
,targeted_SubclassLevel1_EC_aki_vs_ckd,acute kidney injury vs chronic kidney disease,ENSG00000134830,C5AR2,receptor,True,218,73,1.5238102562396716,0.3017260413139206,0.5328741352303257,0.0072333998219126,0.1127138752683144,0.0072333998219126,0.1127138752683144,True,0.571241622818228,0.8331489332117917,False,,,,,,,,,,pseudobulk_de_targeted_SubclassLevel1_EC_aki_vs_ckd.csv
,targeted_SubclassLevel1_EC_aki_vs_ckd,acute kidney injury vs chronic kidney disease,ENSG00000203710,CR1,receptor,True,177,66,1.1499776423256882,-0.102965631216448,0.6013386755124588,-0.0046386664752776,0.1100992444741171,-0.0046386664752776,0.1100992444741171,True,0.8640449984798553,,False,,,,,,,,,,pseudobulk_de_targeted_SubclassLevel1_EC_aki_vs_ckd.csv
,targeted_SubclassLevel1_EC_aki_vs_ckd,acute kidney injury vs chronic kidney disease,ENSG00000117322,CR2,receptor,True,55,38,0.5534876810991058,0.2338645310224684,0.8354912230807936,0.0035870556935807,0.1294412788455055,0.0035870556935807,0.1294412788455055,True,0.7795445504531893,,False,,,,,,,,,,pseudobulk_de_targeted_SubclassLevel1_EC_aki_vs_ckd.csv
,targeted_SubclassLevel1_EC_aki_vs_ckd,acute kidney injury vs chronic kidney disease,ENSG00000169896,ITGAM,receptor,True,102,57,0.7522663661048484,0.8702279194504883,0.5769053967139057,0.023121823087184,0.1270745311834777,0.023121823087184,0.1270745311834777,True,0.1314416226946084,,False,,,,,,,,,,pseudobulk_de_targeted_SubclassLevel1_EC_aki_vs_ckd.csv
,targeted_SubclassLevel1_EC_aki_vs_ckd,acute kidney injury vs chronic kidney disease,ENSG00000140678,ITGAX,receptor,True,135,55,0.9575062058137214,0.9602986543933668,0.6389308517586028,0.0209800937831332,0.1241329520793955,0.0209800937831332,0.1241329520793955,True,0.1328448622748116,,False,,,,,,,,,,pseudobulk_de_targeted_SubclassLevel1_EC_aki_vs_ckd.csv
,targeted_SubclassLevel1_EC_aki_vs_ckd,acute kidney injury vs chronic kidney disease,ENSG00000155659,VSIG4,receptor,True,60,31,0.2953453257725224,0.0950808430872665,0.8861942181208553,-0.0001346291740353,0.1219657695508446,-0.0001346291740353,0.1219657695508446,True,0.914557963844151,,False,,,,,,,,,,pseudobulk_de_targeted_SubclassLevel1_EC_aki_vs_ckd.csv
,targeted_SubclassLevel1_EC_aki_vs_ckd,acute kidney injury vs chronic kidney disease,ENSG00000117335,CD46,regulator,True,15301,115,73.19033866712958,-0.5727662378863473,0.1825049191473882,-0.4165418170026604,0.2189351641528795,-0.4165418170026604,0.2189351641528795,True,0.0016989575587259,0.1118388685343665,False,,,,,,,,,,pseudobulk_de_targeted_SubclassLevel1_EC_aki_vs_ckd.csv
,targeted_SubclassLevel1_EC_aki_vs_ckd,acute kidney injury vs chronic kidney disease,ENSG00000196352,CD55,regulator,True,6187,115,25.986866348497426,-0.1239030054335897,0.2210813623769367,-0.0188051974958726,0.1039273379809301,-0.0188051974958726,0.1039273379809301,True,0.5751788401915534,0.834496367200452,False,,,,,,,,,,pseudobulk_de_targeted_SubclassLevel1_EC_aki_vs_ckd.csv
,targeted_SubclassLevel1_EC_aki_vs_ckd,acute kidney injury vs chronic kidney disease,ENSG00000085063,CD59,regulator,True,24429,116,114.7599827853799,-0.3524124116909864,0.2612273333103172,-0.0427464744488347,0.1151822659262324,-0.0427464744488347,0.1151822659262324,True,0.1773163849781105,0.5520228961520546,False,,,,,,,,,,pseudobulk_de_targeted_SubclassLevel1_EC_aki_vs_ckd.csv
,targeted_SubclassLevel1_EC_aki_vs_ckd,acute kidney injury vs chronic kidney disease,ENSG00000000971,CFH,regulator,True,5396,111,21.924291879914826,-0.5379460565374092,0.3039208189393602,-0.0542681138873256,0.1306734488185647,-0.0542681138873256,0.1306734488185647,True,0.0767237385719111,0.4149718191364125,False,,,,,,,,,,pseudobulk_de_targeted_SubclassLevel1_EC_aki_vs_ckd.csv
,targeted_SubclassLevel1_EC_aki_vs_ckd,acute kidney injury vs chronic kidney disease,ENSG00000205403,CFI,regulator,True,6204,115,31.490447379322532,0.636365862243089,0.2272972168945677,0.329782156792167,0.3417469307162933,0.329782156792167,0.3417469307162933,True,0.0051148833815421,0.1715482159045065,False,,,,,,,,,,pseudobulk_de_targeted_SubclassLevel1_EC_aki_vs_ckd.csv
,targeted_SubclassLevel1_EC_aki_vs_ckd,acute kidney injury vs chronic kidney disease,ENSG00000149131,SERPING1,regulator,True,4868,112,24.71950668781748,-0.0607078195757904,0.2911218200535834,-0.0050588613905689,0.1030379132418602,-0.0050588613905689,0.1030379132418602,True,0.8348146608569985,0.945316887890002,False,,,,,,,,,,pseudobulk_de_targeted_SubclassLevel1_EC_aki_vs_ckd.csv
,targeted_SubclassLevel1_EC_aki_vs_ckd,acute kidney injury vs chronic kidney disease,ENSG00000106804,C5,terminal,True,661,106,3.730060707737444,-0.1785017090782865,0.2800291202841953,-0.0209934858785876,0.1098158482519096,-0.0209934858785876,0.1098158482519096,True,0.5238384045875288,0.8072609973846677,False,,,,,,,,,,pseudobulk_de_targeted_SubclassLevel1_EC_aki_vs_ckd.csv
,targeted_SubclassLevel1_EC_aki_vs_ckd,acute kidney injury vs chronic kidney disease,ENSG00000039537,C6,terminal,True,142,55,0.7324449515294813,0.3754480089867758,0.5909867426605497,0.0084113428270691,0.1135832904708407,0.0084113428270691,0.1135832904708407,True,0.5252392488785009,,False,,,,,,,,,,pseudobulk_de_targeted_SubclassLevel1_EC_aki_vs_ckd.csv
,targeted_SubclassLevel1_EC_aki_vs_ckd,acute kidney injury vs chronic kidney disease,ENSG00000112936,C7,terminal,True,5215,107,31.523873841935185,-0.8036947075444342,0.4143770709262503,-0.0411075545848828,0.1193956323845502,-0.0411075545848828,0.1193956323845502,True,0.052437437801048,0.3630162134123024,False,,,,,,,,,,pseudobulk_de_targeted_SubclassLevel1_EC_aki_vs_ckd.csv
,targeted_SubclassLevel1_EC_aki_vs_ckd,acute kidney injury vs chronic kidney disease,ENSG00000157131,C8A,terminal,False,15,11,,,,,,,,,,,False,,,,,,,,,,pseudobulk_de_targeted_SubclassLevel1_EC_aki_vs_ckd.csv
,targeted_SubclassLevel1_EC_aki_vs_ckd,acute kidney injury vs chronic kidney disease,ENSG00000021852,C8B,terminal,False,11,10,,,,,,,,,,,False,,,,,,,,,,pseudobulk_de_targeted_SubclassLevel1_EC_aki_vs_ckd.csv
,targeted_SubclassLevel1_EC_aki_vs_ckd,acute kidney injury vs chronic kidney disease,ENSG00000176919,C8G,terminal,True,26,19,0.0904694759374417,-0.2015187778093545,1.1411171596701943,-0.0048772968830332,0.1431022994236339,-0.0048772968830332,0.1431022994236339,True,0.8598243237374721,,False,,,,,,,,,,pseudobulk_de_targeted_SubclassLevel1_EC_aki_vs_ckd.csv
,targeted_SubclassLevel1_EC_aki_vs_ckd,acute kidney injury vs chronic kidney disease,ENSG00000113600,C9,terminal,True,636,92,3.086840299012683,-0.0183017150652499,0.2914792590381916,-0.0018168201884234,0.1032695427714484,-0.0018168201884234,0.1032695427714484,True,0.9499344601031536,0.9839844826052416,False,,,,,,,,,,pseudobulk_de_targeted_SubclassLevel1_EC_aki_vs_ckd.csv
,targeted_SubclassLevel1_EC_aki_vs_normal,acute kidney injury vs normal,ENSG00000125730,C3,alternative,True,907,87,6.292531017116092,2.965661831831838,0.4186268385721461,2.8836293721640316,0.4402806938722036,2.8836293721640316,0.4402806938722036,True,1.3978812315830024e-12,1.2511702680397196e-09,True,,,,,,,,,,pseudobulk_de_targeted_SubclassLevel1_EC_aki_vs_normal.csv
,targeted_SubclassLevel1_EC_aki_vs_normal,acute kidney injury vs normal,ENSG00000243649,CFB,alternative,True,1938,98,7.601932325345928,1.1182163473796525,0.3453753315154076,0.8679168680643687,0.3648290374064305,0.8679168680643687,0.3648290374064305,True,0.0012050400523242,0.0201691298517251,True,,,,,,,,,,pseudobulk_de_targeted_SubclassLevel1_EC_aki_vs_normal.csv
,targeted_SubclassLevel1_EC_aki_vs_normal,acute kidney injury vs normal,ENSG00000197766,CFD,alternative,True,605,64,1.712613884757472,0.1377719492730212,0.5105049028524157,0.0116905209766581,0.3259139631254352,0.0116905209766581,0.3259139631254352,True,0.7872572669204619,0.9153929787005316,False,,,,,,,,,,pseudobulk_de_targeted_SubclassLevel1_EC_aki_vs_normal.csv
,targeted_SubclassLevel1_EC_aki_vs_normal,acute kidney injury vs normal,ENSG00000126759,CFP,alternative,True,75,42,0.2957441859590144,0.9919399200628732,0.5341647472997724,0.1112649558076178,0.3862819843833878,0.1112649558076178,0.3862819843833878,True,0.0633122236424106,,False,,,,,,,,,,pseudobulk_de_targeted_SubclassLevel1_EC_aki_vs_normal.csv
,targeted_SubclassLevel1_EC_aki_vs_normal,acute kidney injury vs normal,ENSG00000173372,C1QA,classical,True,945,74,3.3893871240042017,1.1425868164862727,0.5146904196673273,0.2581349561095168,0.4742169207990723,0.2581349561095168,0.4742169207990723,True,0.0264221857079969,0.1534543909775667,False,,,,,,,,,,pseudobulk_de_targeted_SubclassLevel1_EC_aki_vs_normal.csv
,targeted_SubclassLevel1_EC_aki_vs_normal,acute kidney injury vs normal,ENSG00000173369,C1QB,classical,True,874,74,3.4324680696822485,1.2877248593867932,0.5019831629450693,0.6620517700305765,0.59148505535782,0.6620517700305765,0.59148505535782,True,0.0103094059794683,0.085101271317561,False,,,,,,,,,,pseudobulk_de_targeted_SubclassLevel1_EC_aki_vs_normal.csv
,targeted_SubclassLevel1_EC_aki_vs_normal,acute kidney injury vs normal,ENSG00000159189,C1QC,classical,True,376,59,1.646672163214749,1.0657293879581309,0.5489896449193729,0.1370817166828163,0.4433300897110081,0.1370817166828163,0.4433300897110081,True,0.0522272455970888,0.2313141900738025,False,,,,,,,,,,pseudobulk_de_targeted_SubclassLevel1_EC_aki_vs_normal.csv
,targeted_SubclassLevel1_EC_aki_vs_normal,acute kidney injury vs normal,ENSG00000159403,C1R,classical,True,2843,101,11.150642176030845,1.2177428184721064,0.3505662714497625,1.0102470935816965,0.3523919800865023,1.0102470935816965,0.3523919800865023,True,0.0005134396248851,0.0107413972332316,True,,,,,,,,,,pseudobulk_de_targeted_SubclassLevel1_EC_aki_vs_normal.csv
,targeted_SubclassLevel1_EC_aki_vs_normal,acute kidney injury vs normal,ENSG00000182326,C1S,classical,True,5193,115,19.96734358492074,0.3308903444351834,0.1308771740530862,0.263514535150059,0.1318966877506978,0.263514535150059,0.1318966877506978,True,0.0114632371224502,0.0906212914781611,False,,,,,,,,,,pseudobulk_de_targeted_SubclassLevel1_EC_aki_vs_normal.csv
,targeted_SubclassLevel1_EC_aki_vs_normal,acute kidney injury vs normal,ENSG00000166278,C2,classical,True,1217,103,5.644977312002913,0.033461780771113,0.2209251805428045,0.0131901945123663,0.1932525501140755,0.0131901945123663,0.1932525501140755,True,0.8796112450296636,0.9536972262900358,False,,,,,,,,,,pseudobulk_de_targeted_SubclassLevel1_EC_aki_vs_normal.csv
,targeted_SubclassLevel1_EC_aki_vs_normal,acute kidney injury vs normal,ENSG00000244731,C4A,classical,True,26,17,0.0974459310010497,0.7118702866051839,1.197639517549676,0.0231243229169619,3.471554098754224,0.0231243229169619,3.471554098754224,True,0.5522483172833759,,False,,,,,,,,,,pseudobulk_de_targeted_SubclassLevel1_EC_aki_vs_normal.csv
,targeted_SubclassLevel1_EC_aki_vs_normal,acute kidney injury vs normal,ENSG00000224389,C4B,classical,True,24,15,0.1318964566701646,0.9719980370124652,1.0653887283281571,0.0402798654434996,0.4087741969242348,0.0402798654434996,0.4087741969242348,True,0.3615891293050545,,False,,,,,,,,,,pseudobulk_de_targeted_SubclassLevel1_EC_aki_vs_normal.csv
,targeted_SubclassLevel1_EC_aki_vs_normal,acute kidney injury vs normal,ENSG00000123838,C4BPA,classical,True,154,50,0.6652871996809349,0.1452837920107338,0.4719749521151334,0.008256431275871,0.2969276545560388,0.008256431275871,0.2969276545560388,True,0.758218556954944,,False,,,,,,,,,,pseudobulk_de_targeted_SubclassLevel1_EC_aki_vs_normal.csv
,targeted_SubclassLevel1_EC_aki_vs_normal,acute kidney injury vs normal,ENSG00000123843,C4BPB,classical,True,115,45,0.4036563628862712,0.1356412726040263,0.5474444257552162,-0.0137071565568168,0.2608489917277342,-0.0137071565568168,0.2608489917277342,True,0.8043110007073684,,False,,,,,,,,,,pseudobulk_de_targeted_SubclassLevel1_EC_aki_vs_normal.csv
,targeted_SubclassLevel1_EC_aki_vs_normal,acute kidney injury vs normal,ENSG00000085265,FCN1,lectin,True,104,46,0.5128784292786212,1.691914153390513,0.60156375265269,1.452196910043231,0.6442248878752644,1.452196910043231,0.6442248878752644,True,0.0049153933028097,,False,,,,,,,,,,pseudobulk_de_targeted_SubclassLevel1_EC_aki_vs_normal.csv
,targeted_SubclassLevel1_EC_aki_vs_normal,acute kidney injury vs normal,ENSG00000160339,FCN2,lectin,True,542,71,1.6067527748139996,0.1900510040896454,0.5423132794558904,0.0191626076945149,0.3024941443141519,0.0191626076945149,0.3024941443141519,True,0.7260047225778341,0.8847593687906897,False,,,,,,,,,,pseudobulk_de_targeted_SubclassLevel1_EC_aki_vs_normal.csv
,targeted_SubclassLevel1_EC_aki_vs_normal,acute kidney injury vs normal,ENSG00000142748,FCN3,lectin,True,9863,111,37.34020303201232,0.052287857210636,0.4287001915866483,0.007410270833757,0.2794585595495656,0.007410270833757,0.2794585595495656,True,0.9029240800693322,0.9636543338053486,False,,,,,,,,,,pseudobulk_de_targeted_SubclassLevel1_EC_aki_vs_normal.csv
,targeted_SubclassLevel1_EC_aki_vs_normal,acute kidney injury vs normal,ENSG00000127241,MASP1,lectin,True,697,84,2.7484246778869874,0.9301713640530752,0.4186589379691198,0.1694068869688855,0.5662276112480316,0.1694068869688855,0.5662276112480316,True,0.0262976426040182,0.1529837481848117,False,,,,,,,,,,pseudobulk_de_targeted_SubclassLevel1_EC_aki_vs_normal.csv
,targeted_SubclassLevel1_EC_aki_vs_normal,acute kidney injury vs normal,ENSG00000009724,MASP2,lectin,True,206,56,0.6294148699033362,-0.5964569468563085,0.4657922369374203,-0.146629575187435,0.3308868349215448,-0.146629575187435,0.3308868349215448,True,0.200361808677678,,False,,,,,,,,,,pseudobulk_de_targeted_SubclassLevel1_EC_aki_vs_normal.csv
,targeted_SubclassLevel1_EC_aki_vs_normal,acute kidney injury vs normal,ENSG00000165471,MBL2,lectin,False,4,4,,,,,,,,,,,False,,,,,,,,,,pseudobulk_de_targeted_SubclassLevel1_EC_aki_vs_normal.csv
,targeted_SubclassLevel1_EC_aki_vs_normal,acute kidney injury vs normal,ENSG00000171860,C3AR1,receptor,True,191,59,1.823847136520807,0.4317050229700135,0.476029812422125,0.0403923571884286,0.297342827853677,0.0403923571884286,0.297342827853677,True,0.3644668069951664,0.6492766661246467,False,,,,,,,,,,pseudobulk_de_targeted_SubclassLevel1_EC_aki_vs_normal.csv
,targeted_SubclassLevel1_EC_aki_vs_normal,acute kidney injury vs normal,ENSG00000197405,C5AR1,receptor,True,585,87,4.092361632104664,-0.0486645608185116,0.3810815941388047,-0.0043345769066825,0.2834722685669116,-0.0043345769066825,0.2834722685669116,True,0.89838547374039,0.9617576562110896,False,,,,,,,,,,pseudobulk_de_targeted_SubclassLevel1_EC_aki_vs_normal.csv
,targeted_SubclassLevel1_EC_aki_vs_normal,acute kidney injury vs normal,ENSG00000134830,C5AR2,receptor,True,439,78,2.0146466731081163,0.6920465545389222,0.3797663231045621,0.1396062645887893,0.3659177736690245,0.1396062645887893,0.3659177736690245,True,0.0684101235437018,0.2704178090699094,False,,,,,,,,,,pseudobulk_de_targeted_SubclassLevel1_EC_aki_vs_normal.csv
,targeted_SubclassLevel1_EC_aki_vs_normal,acute kidney injury vs normal,ENSG00000203710,CR1,receptor,True,494,82,1.9585966828636736,-0.0838957208756715,0.422047400748412,-0.0150045831452643,0.3239078547390563,-0.0150045831452643,0.3239078547390563,True,0.8424327311333346,0.9378817430142636,False,,,,,,,,,,pseudobulk_de_targeted_SubclassLevel1_EC_aki_vs_normal.csv
,targeted_SubclassLevel1_EC_aki_vs_normal,acute kidney injury vs normal,ENSG00000117322,CR2,receptor,True,161,54,0.9964771770761142,0.1672151807225205,0.6566197656349612,0.006355999967921,0.3336977728358719,0.006355999967921,0.3336977728358719,True,0.7989852529819708,0.9207347927282704,False,,,,,,,,,,pseudobulk_de_targeted_SubclassLevel1_EC_aki_vs_normal.csv
,targeted_SubclassLevel1_EC_aki_vs_normal,acute kidney injury vs normal,ENSG00000169896,ITGAM,receptor,True,191,72,1.1389533693879177,0.8456811279199854,0.3822385929338576,0.2286585475966381,0.4178233137301027,0.2286585475966381,0.4178233137301027,True,0.0269360653754556,0.1555423301987908,False,,,,,,,,,,pseudobulk_de_targeted_SubclassLevel1_EC_aki_vs_normal.csv
,targeted_SubclassLevel1_EC_aki_vs_normal,acute kidney injury vs normal,ENSG00000140678,ITGAX,receptor,True,156,57,1.0182900444289549,1.6272995471940614,0.4966341278668844,1.3884830376407196,0.5165680767063395,1.3884830376407196,0.5165680767063395,True,0.0010504400179768,0.0181805438102143,True,,,,,,,,,,pseudobulk_de_targeted_SubclassLevel1_EC_aki_vs_normal.csv
,targeted_SubclassLevel1_EC_aki_vs_normal,acute kidney injury vs normal,ENSG00000155659,VSIG4,receptor,True,173,48,0.5173877874328008,-0.1056944546600902,0.621093679637619,-0.0299509643368826,0.6189152190750056,-0.0299509643368826,0.6189152190750056,True,0.864872717508089,,False,,,,,,,,,,pseudobulk_de_targeted_SubclassLevel1_EC_aki_vs_normal.csv
,targeted_SubclassLevel1_EC_aki_vs_normal,acute kidney injury vs normal,ENSG00000117335,CD46,regulator,True,51057,118,162.11378118837496,-0.3990295764294967,0.1390208295693244,-0.3290575473773823,0.1379457944124479,-0.3290575473773823,0.1379457944124479,True,0.0041010035240672,0.0464661479514666,True,,,,,,,,,,pseudobulk_de_targeted_SubclassLevel1_EC_aki_vs_normal.csv
,targeted_SubclassLevel1_EC_aki_vs_normal,acute kidney injury vs normal,ENSG00000196352,CD55,regulator,True,21331,115,66.75173641692123,-0.5312849552343383,0.232241521929837,-0.3414499129114803,0.2358889423132488,-0.3414499129114803,0.2358889423132488,True,0.0221585045044806,0.1375466481724634,False,,,,,,,,,,pseudobulk_de_targeted_SubclassLevel1_EC_aki_vs_normal.csv
,targeted_SubclassLevel1_EC_aki_vs_normal,acute kidney injury vs normal,ENSG00000085063,CD59,regulator,True,100470,117,309.6072340566333,-0.3663485229797944,0.2230298323585306,-0.1831917520886758,0.2129012285365618,-0.1831917520886758,0.2129012285365618,True,0.1004659803767668,0.3390205708056191,False,,,,,,,,,,pseudobulk_de_targeted_SubclassLevel1_EC_aki_vs_normal.csv
,targeted_SubclassLevel1_EC_aki_vs_normal,acute kidney injury vs normal,ENSG00000000971,CFH,regulator,True,15288,113,42.93582632165235,-0.0692601458716089,0.2753872585910309,-0.0217792645518407,0.2041240102454868,-0.0217792645518407,0.2041240102454868,True,0.8014268594689355,0.921447799090111,False,,,,,,,,,,pseudobulk_de_targeted_SubclassLevel1_EC_aki_vs_normal.csv
,targeted_SubclassLevel1_EC_aki_vs_normal,acute kidney injury vs normal,ENSG00000205403,CFI,regulator,True,15386,118,60.04331974043754,0.859135123835764,0.1879199695712915,0.7807045722016611,0.1877195131316783,0.7807045722016611,0.1877195131316783,True,4.835203432845094e-06,0.0002849424162692,True,,,,,,,,,,pseudobulk_de_targeted_SubclassLevel1_EC_aki_vs_normal.csv
,targeted_SubclassLevel1_EC_aki_vs_normal,acute kidney injury vs normal,ENSG00000149131,SERPING1,regulator,True,14430,116,50.867143424396296,0.3821587648599628,0.2457384149097549,0.1728922876326028,0.2188039235618007,0.1728922876326028,0.2188039235618007,True,0.1199116389350202,0.3715625950244946,False,,,,,,,,,,pseudobulk_de_targeted_SubclassLevel1_EC_aki_vs_normal.csv
,targeted_SubclassLevel1_EC_aki_vs_normal,acute kidney injury vs normal,ENSG00000106804,C5,terminal,True,1918,108,6.779887437821603,-0.1442729472435691,0.1718057153451986,-0.078568665285904,0.1601088155113884,-0.078568665285904,0.1601088155113884,True,0.4010515181540033,0.6763718560092101,False,,,,,,,,,,pseudobulk_de_targeted_SubclassLevel1_EC_aki_vs_normal.csv
,targeted_SubclassLevel1_EC_aki_vs_normal,acute kidney injury vs normal,ENSG00000039537,C6,terminal,True,465,73,1.7279603238743508,-0.2850481760467951,0.4414894933879819,-0.0488262467264607,0.3416837251036638,-0.0488262467264607,0.3416837251036638,True,0.5185053373656565,0.7628826865851178,False,,,,,,,,,,pseudobulk_de_targeted_SubclassLevel1_EC_aki_vs_normal.csv
,targeted_SubclassLevel1_EC_aki_vs_normal,acute kidney injury vs normal,ENSG00000112936,C7,terminal,True,8651,107,32.46849930215698,0.2067356620942551,0.3331273017864169,0.0499168070117577,0.2543704266912887,0.0499168070117577,0.2543704266912887,True,0.5348690457987124,0.7717133444760593,False,,,,,,,,,,pseudobulk_de_targeted_SubclassLevel1_EC_aki_vs_normal.csv
,targeted_SubclassLevel1_EC_aki_vs_normal,acute kidney injury vs normal,ENSG00000157131,C8A,terminal,True,36,20,0.1558697958339035,0.3645373123651421,0.9665328882447668,-0.0054896246570609,0.8327111815059626,-0.0054896246570609,0.8327111815059626,True,0.7060548825091915,,False,,,,,,,,,,pseudobulk_de_targeted_SubclassLevel1_EC_aki_vs_normal.csv
,targeted_SubclassLevel1_EC_aki_vs_normal,acute kidney injury vs normal,ENSG00000021852,C8B,terminal,True,23,19,0.1421245425183652,0.1741862733008503,1.088570980231626,-0.0178308766697068,0.2672648627959767,-0.0178308766697068,0.2672648627959767,True,0.872870280035001,,False,,,,,,,,,,pseudobulk_de_targeted_SubclassLevel1_EC_aki_vs_normal.csv
,targeted_SubclassLevel1_EC_aki_vs_normal,acute kidney injury vs normal,ENSG00000176919,C8G,terminal,True,70,42,0.7853317987506829,-0.099462771526568,0.6894497434010494,-0.0441353224817636,0.2631434881180921,-0.0441353224817636,0.2631434881180921,True,0.8852920118905412,,False,,,,,,,,,,pseudobulk_de_targeted_SubclassLevel1_EC_aki_vs_normal.csv
,targeted_SubclassLevel1_EC_aki_vs_normal,acute kidney injury vs normal,ENSG00000113600,C9,terminal,True,970,100,4.318684330607548,0.5563453071651978,0.2472533553185072,0.3475396034857416,0.2447419323914747,0.3475396034857416,0.2447419323914747,True,0.0244424614471447,0.1457552364722504,False,,,,,,,,,,pseudobulk_de_targeted_SubclassLevel1_EC_aki_vs_normal.csv
,targeted_SubclassLevel1_EC_ckd_vs_normal,chronic kidney disease vs normal,ENSG00000125730,C3,alternative,True,875,126,3.3645631691388354,0.5979135338423832,0.4566589598061022,0.0714084742885619,0.401309277930282,0.0714084742885619,0.401309277930282,True,0.1904253662575078,0.4344980480516664,False,,,,,,,,,,pseudobulk_de_targeted_SubclassLevel1_EC_ckd_vs_normal.csv
,targeted_SubclassLevel1_EC_ckd_vs_normal,chronic kidney disease vs normal,ENSG00000243649,CFB,alternative,True,1920,125,3.975564425510068,-1.0920576021230202,0.4116025772227222,-0.6105044836035198,0.4351579630155548,-0.6105044836035198,0.4351579630155548,True,0.007973625979692,0.0825175306792683,False,,,,,,,,,,pseudobulk_de_targeted_SubclassLevel1_EC_ckd_vs_normal.csv
,targeted_SubclassLevel1_EC_ckd_vs_normal,chronic kidney disease vs normal,ENSG00000197766,CFD,alternative,True,668,85,1.5699742377141992,0.0942521521901302,0.5852581137793893,0.0059684592606269,0.3302622310328622,0.0059684592606269,0.3302622310328622,True,0.8720589551530669,0.938181924128285,False,,,,,,,,,,pseudobulk_de_targeted_SubclassLevel1_EC_ckd_vs_normal.csv
,targeted_SubclassLevel1_EC_ckd_vs_normal,chronic kidney disease vs normal,ENSG00000126759,CFP,alternative,True,88,50,0.2779884229712752,0.6593001894901299,0.6438725081332506,0.0266446532690546,0.4868244257044444,0.0266446532690546,0.4868244257044444,True,0.3058538045443767,,False,,,,,,,,,,pseudobulk_de_targeted_SubclassLevel1_EC_ckd_vs_normal.csv
,targeted_SubclassLevel1_EC_ckd_vs_normal,chronic kidney disease vs normal,ENSG00000173372,C1QA,classical,True,1045,106,2.6553783862298292,-0.82743413904075,0.5198302168512221,-0.0871595202301998,0.3178692292168572,-0.0871595202301998,0.3178692292168572,True,0.1114433140778245,0.3294871175903013,False,,,,,,,,,,pseudobulk_de_targeted_SubclassLevel1_EC_ckd_vs_normal.csv
,targeted_SubclassLevel1_EC_ckd_vs_normal,chronic kidney disease vs normal,ENSG00000173369,C1QB,classical,True,919,98,2.176063707008477,-1.1049552685118411,0.5517864123923382,-0.0941126658562166,0.3896344526824988,-0.0941126658562166,0.3896344526824988,True,0.0452304032981474,0.2091205126099867,False,,,,,,,,,,pseudobulk_de_targeted_SubclassLevel1_EC_ckd_vs_normal.csv
,targeted_SubclassLevel1_EC_ckd_vs_normal,chronic kidney disease vs normal,ENSG00000159189,C1QC,classical,True,441,77,1.2022396046048407,-0.7842190184463641,0.6271459750740604,-0.0566352163970701,0.3832556678677842,-0.0566352163970701,0.3832556678677842,True,0.2111326864112666,0.4574716074039071,False,,,,,,,,,,pseudobulk_de_targeted_SubclassLevel1_EC_ckd_vs_normal.csv
,targeted_SubclassLevel1_EC_ckd_vs_normal,chronic kidney disease vs normal,ENSG00000159403,C1R,classical,True,3022,137,7.431102855627008,-0.1772076979807281,0.372688963057991,-0.0308786906869257,0.3046481801710725,-0.0308786906869257,0.3046481801710725,True,0.6344419218626618,0.8023350700414568,False,,,,,,,,,,pseudobulk_de_targeted_SubclassLevel1_EC_ckd_vs_normal.csv
,targeted_SubclassLevel1_EC_ckd_vs_normal,chronic kidney disease vs normal,ENSG00000182326,C1S,classical,True,5730,165,14.937195838155974,-0.1521284633159138,0.1597947596869831,-0.0835771687508623,0.1575748446698788,-0.0835771687508623,0.1575748446698788,True,0.3410847563423774,0.5838452922295864,False,,,,,,,,,,pseudobulk_de_targeted_SubclassLevel1_EC_ckd_vs_normal.csv
,targeted_SubclassLevel1_EC_ckd_vs_normal,chronic kidney disease vs normal,ENSG00000166278,C2,classical,True,1309,145,3.913442126085248,-0.4450367090602093,0.2562434243904592,-0.1853389998148731,0.2488000688560004,-0.1853389998148731,0.2488000688560004,True,0.082427213434306,0.2838210208923941,False,,,,,,,,,,pseudobulk_de_targeted_SubclassLevel1_EC_ckd_vs_normal.csv
,targeted_SubclassLevel1_EC_ckd_vs_normal,chronic kidney disease vs normal,ENSG00000244731,C4A,classical,True,28,17,0.0974180216250764,0.4838803957195718,1.6629254247127994,-0.0023989504259133,0.3369581963076605,-0.0023989504259133,0.3369581963076605,True,0.7710655322876923,,False,,,,,,,,,,pseudobulk_de_targeted_SubclassLevel1_EC_ckd_vs_normal.csv
,targeted_SubclassLevel1_EC_ckd_vs_normal,chronic kidney disease vs normal,ENSG00000224389,C4B,classical,True,24,16,0.0872112931646049,0.5072982074159156,1.3934565939220618,-0.0077571769285,1.1608740925408672,-0.0077571769285,1.1608740925408672,True,0.7158151347728288,,False,,,,,,,,,,pseudobulk_de_targeted_SubclassLevel1_EC_ckd_vs_normal.csv
,targeted_SubclassLevel1_EC_ckd_vs_normal,chronic kidney disease vs normal,ENSG00000123838,C4BPA,classical,True,166,64,0.567048936078403,-0.2735104589784261,0.6014790547757812,-0.0374650490260952,0.3550652282411985,-0.0374650490260952,0.3550652282411985,True,0.649303628849319,,False,,,,,,,,,,pseudobulk_de_targeted_SubclassLevel1_EC_ckd_vs_normal.csv
,targeted_SubclassLevel1_EC_ckd_vs_normal,chronic kidney disease vs normal,ENSG00000123843,C4BPB,classical,True,136,61,0.4220720150946363,0.7885402533432586,0.5865208940729053,0.0580622736817075,0.5821216761145895,0.0580622736817075,0.5821216761145895,True,0.1788071918808923,,False,,,,,,,,,,pseudobulk_de_targeted_SubclassLevel1_EC_ckd_vs_normal.csv
,targeted_SubclassLevel1_EC_ckd_vs_normal,chronic kidney disease vs normal,ENSG00000085265,FCN1,lectin,True,133,62,0.4252817027216459,1.158867890028041,0.5868385950208075,0.0947494784352874,0.4809809601964541,0.0947494784352874,0.4809809601964541,True,0.0482949054790151,,False,,,,,,,,,,pseudobulk_de_targeted_SubclassLevel1_EC_ckd_vs_normal.csv
,targeted_SubclassLevel1_EC_ckd_vs_normal,chronic kidney disease vs normal,ENSG00000160339,FCN2,lectin,True,520,82,0.9450159073147296,-1.1578212781669968,0.6326072587719577,-0.0896045464047028,0.4690005870143544,-0.0896045464047028,0.4690005870143544,True,0.0672144915573188,,False,,,,,,,,,,pseudobulk_de_targeted_SubclassLevel1_EC_ckd_vs_normal.csv
,targeted_SubclassLevel1_EC_ckd_vs_normal,chronic kidney disease vs normal,ENSG00000142748,FCN3,lectin,True,9950,157,25.535463529175253,-0.6981982652499782,0.4447527319323842,-0.073711828292663,0.4291850744684795,-0.073711828292663,0.4291850744684795,True,0.1164483436183696,0.338437363053491,False,,,,,,,,,,pseudobulk_de_targeted_SubclassLevel1_EC_ckd_vs_normal.csv
,targeted_SubclassLevel1_EC_ckd_vs_normal,chronic kidney disease vs normal,ENSG00000127241,MASP1,lectin,True,834,117,2.675037288222609,0.6054048627579787,0.4564083683475767,0.0702444419197847,0.5819749894576002,0.0702444419197847,0.5819749894576002,True,0.1846892484560541,0.4280192281934354,False,,,,,,,,,,pseudobulk_de_targeted_SubclassLevel1_EC_ckd_vs_normal.csv
,targeted_SubclassLevel1_EC_ckd_vs_normal,chronic kidney disease vs normal,ENSG00000009724,MASP2,lectin,True,227,74,0.5465410232549331,-0.612815906535714,0.4999277413684146,-0.1078619139672152,0.3767060869254176,-0.1078619139672152,0.3767060869254176,True,0.2202705732569295,,False,,,,,,,,,,pseudobulk_de_targeted_SubclassLevel1_EC_ckd_vs_normal.csv
,targeted_SubclassLevel1_EC_ckd_vs_normal,chronic kidney disease vs normal,ENSG00000165471,MBL2,lectin,False,5,5,,,,,,,,,,,False,,,,,,,,,,pseudobulk_de_targeted_SubclassLevel1_EC_ckd_vs_normal.csv
,targeted_SubclassLevel1_EC_ckd_vs_normal,chronic kidney disease vs normal,ENSG00000171860,C3AR1,receptor,True,218,69,1.1679039427634228,-0.5683401450569233,0.5163811364092972,-0.0919231545214733,0.372403674606383,-0.0919231545214733,0.372403674606383,True,0.2710614544407379,0.5190862047904066,False,,,,,,,,,,pseudobulk_de_targeted_SubclassLevel1_EC_ckd_vs_normal.csv
,targeted_SubclassLevel1_EC_ckd_vs_normal,chronic kidney disease vs normal,ENSG00000197405,C5AR1,receptor,True,688,116,2.8346332935479626,0.2242344328154406,0.4281071734359836,0.0302570584804269,0.4367496871375015,0.0302570584804269,0.4367496871375015,True,0.6004308221632264,0.7806874945895405,False,,,,,,,,,,pseudobulk_de_targeted_SubclassLevel1_EC_ckd_vs_normal.csv
,targeted_SubclassLevel1_EC_ckd_vs_normal,chronic kidney disease vs normal,ENSG00000134830,C5AR2,receptor,True,521,109,1.639679347248986,0.3119654829973012,0.4273677533103754,0.0370691277399941,0.4606211018836896,0.0370691277399941,0.4606211018836896,True,0.46540874541343,0.6885309188179739,False,,,,,,,,,,pseudobulk_de_targeted_SubclassLevel1_EC_ckd_vs_normal.csv
,targeted_SubclassLevel1_EC_ckd_vs_normal,chronic kidney disease vs normal,ENSG00000203710,CR1,receptor,True,547,102,1.6025162736600136,0.1983439120922565,0.4975016429349074,0.0209951709216795,0.4656983217172545,0.0209951709216795,0.4656983217172545,True,0.6901290699473445,0.8366029278621161,False,,,,,,,,,,pseudobulk_de_targeted_SubclassLevel1_EC_ckd_vs_normal.csv
,targeted_SubclassLevel1_EC_ckd_vs_normal,chronic kidney disease vs normal,ENSG00000117322,CR2,receptor,True,186,68,0.7480600994837746,0.3995135836196303,0.6913738604276274,0.0135662949363159,0.5060264937068848,0.0135662949363159,0.5060264937068848,True,0.5633622712654118,,False,,,,,,,,,,pseudobulk_de_targeted_SubclassLevel1_EC_ckd_vs_normal.csv
,targeted_SubclassLevel1_EC_ckd_vs_normal,chronic kidney disease vs normal,ENSG00000169896,ITGAM,receptor,True,221,89,0.8763268411490909,-0.047317969662538,0.4666430140710542,-0.0207300926741542,0.3259294231603568,-0.0207300926741542,0.3259294231603568,True,0.919232310420008,,False,,,,,,,,,,pseudobulk_de_targeted_SubclassLevel1_EC_ckd_vs_normal.csv
,targeted_SubclassLevel1_EC_ckd_vs_normal,chronic kidney disease vs normal,ENSG00000140678,ITGAX,receptor,True,189,76,0.9307220444647144,0.7194112732549658,0.5950254977264134,0.0555142398849067,0.5137726318668876,0.0555142398849067,0.5137726318668876,True,0.2266464159899888,,False,,,,,,,,,,pseudobulk_de_targeted_SubclassLevel1_EC_ckd_vs_normal.csv
,targeted_SubclassLevel1_EC_ckd_vs_normal,chronic kidney disease vs normal,ENSG00000155659,VSIG4,receptor,True,195,61,0.4427073889810476,-0.324287222108314,0.6218241982108178,-0.0475338616802967,0.3139874838865634,-0.0475338616802967,0.3139874838865634,True,0.6020118945455539,,False,,,,,,,,,,pseudobulk_de_targeted_SubclassLevel1_EC_ckd_vs_normal.csv
,targeted_SubclassLevel1_EC_ckd_vs_normal,chronic kidney disease vs normal,ENSG00000117335,CD46,regulator,True,54620,169,118.70697604077012,-0.309804307272445,0.1582754617197076,-0.2167276155124238,0.1528255427804512,-0.2167276155124238,0.1528255427804512,True,0.0503034880335087,0.222228517125749,False,,,,,,,,,,pseudobulk_de_targeted_SubclassLevel1_EC_ckd_vs_normal.csv
,targeted_SubclassLevel1_EC_ckd_vs_normal,chronic kidney disease vs normal,ENSG00000196352,CD55,regulator,True,22758,168,45.102083415496345,-0.6072708111450345,0.2252977134724827,-0.4519517705146861,0.21421200043516,-0.4519517705146861,0.21421200043516,True,0.0070301035426641,0.0771136429758595,False,,,,,,,,,,pseudobulk_de_targeted_SubclassLevel1_EC_ckd_vs_normal.csv
,targeted_SubclassLevel1_EC_ckd_vs_normal,chronic kidney disease vs normal,ENSG00000085063,CD59,regulator,True,102513,169,202.47332039613235,-0.7352444456678914,0.249464627250954,-0.5498027121287504,0.24297596268589,-0.5498027121287504,0.24297596268589,True,0.0032057305535617,0.0491033284881454,True,,,,,,,,,,pseudobulk_de_targeted_SubclassLevel1_EC_ckd_vs_normal.csv
,targeted_SubclassLevel1_EC_ckd_vs_normal,chronic kidney disease vs normal,ENSG00000000971,CFH,regulator,True,16704,166,32.68049049083991,0.0328337015076585,0.2640764580153967,0.0109073515599989,0.246125427745269,0.0109073515599989,0.246125427745269,True,0.9010507705525768,0.9514691960684888,False,,,,,,,,,,pseudobulk_de_targeted_SubclassLevel1_EC_ckd_vs_normal.csv
,targeted_SubclassLevel1_EC_ckd_vs_normal,chronic kidney disease vs normal,ENSG00000205403,CFI,regulator,True,15430,169,38.33705885161569,-0.2719096293174065,0.2036743131126778,-0.127594507712164,0.1992155994652878,-0.127594507712164,0.1992155994652878,True,0.1818692417884027,0.4245740532868008,False,,,,,,,,,,pseudobulk_de_targeted_SubclassLevel1_EC_ckd_vs_normal.csv
,targeted_SubclassLevel1_EC_ckd_vs_normal,chronic kidney disease vs normal,ENSG00000149131,SERPING1,regulator,True,14586,166,34.35116087589529,-0.3074522833706505,0.2565500027000504,-0.1019591558333684,0.2498512690332392,-0.1019591558333684,0.2498512690332392,True,0.2307571461130811,0.4785914604045621,False,,,,,,,,,,pseudobulk_de_targeted_SubclassLevel1_EC_ckd_vs_normal.csv
,targeted_SubclassLevel1_EC_ckd_vs_normal,chronic kidney disease vs normal,ENSG00000106804,C5,terminal,True,2059,158,5.327553050807445,-0.2788738951127268,0.190001364765307,-0.1454753782642076,0.185236653068612,-0.1454753782642076,0.185236653068612,True,0.1421730131925668,0.3749887928530709,False,,,,,,,,,,pseudobulk_de_targeted_SubclassLevel1_EC_ckd_vs_normal.csv
,targeted_SubclassLevel1_EC_ckd_vs_normal,chronic kidney disease vs normal,ENSG00000039537,C6,terminal,True,461,92,1.2464964669738223,-0.7992813814086882,0.4905197521578121,-0.0895803754638704,0.4482301694875566,-0.0895803754638704,0.4482301694875566,True,0.1032160787963397,0.317293985734019,False,,,,,,,,,,pseudobulk_de_targeted_SubclassLevel1_EC_ckd_vs_normal.csv
,targeted_SubclassLevel1_EC_ckd_vs_normal,chronic kidney disease vs normal,ENSG00000112936,C7,terminal,True,11138,162,38.80690430034333,0.4810939584086063,0.3484788166362054,0.1084360740377931,0.3326045786785928,0.1084360740377931,0.3326045786785928,True,0.1674160168554295,0.4056922817261952,False,,,,,,,,,,pseudobulk_de_targeted_SubclassLevel1_EC_ckd_vs_normal.csv
,targeted_SubclassLevel1_EC_ckd_vs_normal,chronic kidney disease vs normal,ENSG00000157131,C8A,terminal,True,43,27,0.158560318881165,0.4143574752453461,0.9909223691520932,-0.0017490134272969,0.8564565861741977,-0.0017490134272969,0.8564565861741977,True,0.6758350251915317,,False,,,,,,,,,,pseudobulk_de_targeted_SubclassLevel1_EC_ckd_vs_normal.csv
,targeted_SubclassLevel1_EC_ckd_vs_normal,chronic kidney disease vs normal,ENSG00000021852,C8B,terminal,True,28,23,0.1315973879247213,0.6984997037591301,1.163778786982363,-0.0036205348232611,0.4132833879539357,-0.0036205348232611,0.4132833879539357,True,0.5483731392839053,,False,,,,,,,,,,pseudobulk_de_targeted_SubclassLevel1_EC_ckd_vs_normal.csv
,targeted_SubclassLevel1_EC_ckd_vs_normal,chronic kidney disease vs normal,ENSG00000176919,C8G,terminal,True,80,47,0.4249100758426666,1.104393055889915,0.7236343239753118,0.0613671167974496,0.3483428900293786,0.0613671167974496,0.3483428900293786,True,0.1269661358703612,,False,,,,,,,,,,pseudobulk_de_targeted_SubclassLevel1_EC_ckd_vs_normal.csv
,targeted_SubclassLevel1_EC_ckd_vs_normal,chronic kidney disease vs normal,ENSG00000113600,C9,terminal,True,1176,146,3.7978680440894177,0.9680827534418518,0.248429490207101,0.8326296039388654,0.2537315059800267,0.8326296039388654,0.2537315059800267,True,9.746764936308978e-05,0.0055972862639325,True,,,,,,,,,,pseudobulk_de_targeted_SubclassLevel1_EC_ckd_vs_normal.csv
,targeted_SubclassLevel1_FIB_aki_vs_ckd,acute kidney injury vs chronic kidney disease,ENSG00000125730,C3,alternative,True,8913,106,53.982792662674015,2.9070658627779222,0.6028832484292863,2.380446378305699,0.8421757403046651,2.380446378305699,0.8421757403046651,True,1.421698818989678e-06,0.0009181083721066,True,,,,,,,,,,pseudobulk_de_targeted_SubclassLevel1_FIB_aki_vs_ckd.csv
,targeted_SubclassLevel1_FIB_aki_vs_ckd,acute kidney injury vs chronic kidney disease,ENSG00000243649,CFB,alternative,True,1660,107,9.30838891141606,1.0793655000191646,0.3277380015690616,0.7605189279862934,0.424201013208393,0.7605189279862934,0.424201013208393,True,0.0009899088748812,0.0377972147007992,True,,,,,,,,,,pseudobulk_de_targeted_SubclassLevel1_FIB_aki_vs_ckd.csv
,targeted_SubclassLevel1_FIB_aki_vs_ckd,acute kidney injury vs chronic kidney disease,ENSG00000197766,CFD,alternative,True,6504,104,33.67536225551468,-1.1200512480379912,0.5527022924993891,-0.0374637023002397,0.1480038806206445,-0.0374637023002397,0.1480038806206445,True,0.0427135630426864,0.2731387303606644,False,,,,,,,,,,pseudobulk_de_targeted_SubclassLevel1_FIB_aki_vs_ckd.csv
,targeted_SubclassLevel1_FIB_aki_vs_ckd,acute kidney injury vs chronic kidney disease,ENSG00000126759,CFP,alternative,True,36,27,0.193257290454498,-0.1307443874849707,0.7899883098989264,-0.0072468960271966,0.1400488158208248,-0.0072468960271966,0.1400488158208248,True,0.8685491325840333,,False,,,,,,,,,,pseudobulk_de_targeted_SubclassLevel1_FIB_aki_vs_ckd.csv
,targeted_SubclassLevel1_FIB_aki_vs_ckd,acute kidney injury vs chronic kidney disease,ENSG00000173372,C1QA,classical,True,787,93,4.86806289966544,0.5570264504013838,0.4521414485198527,0.0333910686613834,0.1304592875093016,0.0333910686613834,0.1304592875093016,True,0.2179588449074873,0.5717004941031193,False,,,,,,,,,,pseudobulk_de_targeted_SubclassLevel1_FIB_aki_vs_ckd.csv
,targeted_SubclassLevel1_FIB_aki_vs_ckd,acute kidney injury vs chronic kidney disease,ENSG00000173369,C1QB,classical,True,617,78,2.9843523996840235,1.071914526716369,0.524610581715508,0.055065478188481,0.1503577280576138,0.055065478188481,0.1503577280576138,True,0.0410269504038841,0.2675252559702336,False,,,,,,,,,,pseudobulk_de_targeted_SubclassLevel1_FIB_aki_vs_ckd.csv
,targeted_SubclassLevel1_FIB_aki_vs_ckd,acute kidney injury vs chronic kidney disease,ENSG00000159189,C1QC,classical,True,343,70,2.0164687242596564,1.1439056214042038,0.5621476314848682,0.0449165465164742,0.1398897427541462,0.0449165465164742,0.1398897427541462,True,0.0418624745869192,0.2709573408183567,False,,,,,,,,,,pseudobulk_de_targeted_SubclassLevel1_FIB_aki_vs_ckd.csv
,targeted_SubclassLevel1_FIB_aki_vs_ckd,acute kidney injury vs chronic kidney disease,ENSG00000159403,C1R,classical,True,17096,116,97.900270770783,0.1668413504357112,0.2877211649721969,0.0212730391095875,0.1267330295123454,0.0212730391095875,0.1267330295123454,True,0.5620011662890136,0.8327417520840702,False,,,,,,,,,,pseudobulk_de_targeted_SubclassLevel1_FIB_aki_vs_ckd.csv
,targeted_SubclassLevel1_FIB_aki_vs_ckd,acute kidney injury vs chronic kidney disease,ENSG00000182326,C1S,classical,True,21231,117,116.1832805656264,0.3267266484514767,0.2263815044526498,0.0751298089699807,0.1450070719079253,0.0751298089699807,0.1450070719079253,True,0.1489481408796606,0.4861419064799559,False,,,,,,,,,,pseudobulk_de_targeted_SubclassLevel1_FIB_aki_vs_ckd.csv
,targeted_SubclassLevel1_FIB_aki_vs_ckd,acute kidney injury vs chronic kidney disease,ENSG00000166278,C2,classical,True,1218,114,6.9910678177989425,0.2870924555856371,0.2278996454088374,0.0691081745844783,0.1389778390184439,0.0691081745844783,0.1389778390184439,True,0.2077660900092903,0.5591501603384652,False,,,,,,,,,,pseudobulk_de_targeted_SubclassLevel1_FIB_aki_vs_ckd.csv
,targeted_SubclassLevel1_FIB_aki_vs_ckd,acute kidney injury vs chronic kidney disease,ENSG00000244731,C4A,classical,True,27,17,0.1293704926810807,1.0739970002302734,1.1450686902644909,0.0162403789244215,0.1291955999408806,0.0162403789244215,0.1291955999408806,True,0.3482791623464769,,False,,,,,,,,,,pseudobulk_de_targeted_SubclassLevel1_FIB_aki_vs_ckd.csv
,targeted_SubclassLevel1_FIB_aki_vs_ckd,acute kidney injury vs chronic kidney disease,ENSG00000224389,C4B,classical,True,27,22,0.1985651704215856,0.3120399959632369,1.01606111294997,0.0091354115394419,0.1389247744436157,0.0091354115394419,0.1389247744436157,True,0.7587615434296543,,False,,,,,,,,,,pseudobulk_de_targeted_SubclassLevel1_FIB_aki_vs_ckd.csv
,targeted_SubclassLevel1_FIB_aki_vs_ckd,acute kidney injury vs chronic kidney disease,ENSG00000123838,C4BPA,classical,True,105,47,0.4535519475677328,0.0618016270313039,0.6114003565574426,-0.0012427102214642,0.1409955530710368,-0.0012427102214642,0.1409955530710368,True,0.919485293816678,,False,,,,,,,,,,pseudobulk_de_targeted_SubclassLevel1_FIB_aki_vs_ckd.csv
,targeted_SubclassLevel1_FIB_aki_vs_ckd,acute kidney injury vs chronic kidney disease,ENSG00000123843,C4BPB,classical,True,24,16,0.0821230048793322,0.3039391883161397,1.2165565586973548,0.0097854990456005,0.1513763983552839,0.0097854990456005,0.1513763983552839,True,0.80271445559464,,False,,,,,,,,,,pseudobulk_de_targeted_SubclassLevel1_FIB_aki_vs_ckd.csv
,targeted_SubclassLevel1_FIB_aki_vs_ckd,acute kidney injury vs chronic kidney disease,ENSG00000085265,FCN1,lectin,True,94,49,0.5390583256071174,1.30375414699243,0.5954569430514149,0.0675654451910097,0.1893116764938752,0.0675654451910097,0.1893116764938752,True,0.0285603758711743,,False,,,,,,,,,,pseudobulk_de_targeted_SubclassLevel1_FIB_aki_vs_ckd.csv
,targeted_SubclassLevel1_FIB_aki_vs_ckd,acute kidney injury vs chronic kidney disease,ENSG00000160339,FCN2,lectin,False,0,0,,,,,,,,,,,False,,,,,,,,,,pseudobulk_de_targeted_SubclassLevel1_FIB_aki_vs_ckd.csv
,targeted_SubclassLevel1_FIB_aki_vs_ckd,acute kidney injury vs chronic kidney disease,ENSG00000142748,FCN3,lectin,True,86,42,0.6463645712188425,-0.9064381873073064,0.6817301365447439,-0.0406728666364602,0.1527419717502099,-0.0406728666364602,0.1527419717502099,True,0.1836453604125353,,False,,,,,,,,,,pseudobulk_de_targeted_SubclassLevel1_FIB_aki_vs_ckd.csv
,targeted_SubclassLevel1_FIB_aki_vs_ckd,acute kidney injury vs chronic kidney disease,ENSG00000127241,MASP1,lectin,True,347,64,1.7869391274645854,0.2670334293853098,0.5931122580396294,0.0090162249837442,0.1266399008532943,0.0090162249837442,0.1266399008532943,True,0.6525488644172079,0.8816285020824062,False,,,,,,,,,,pseudobulk_de_targeted_SubclassLevel1_FIB_aki_vs_ckd.csv
,targeted_SubclassLevel1_FIB_aki_vs_ckd,acute kidney injury vs chronic kidney disease,ENSG00000009724,MASP2,lectin,True,74,33,0.2819862201905904,0.4170932533723776,0.6647213333623456,0.0128020758806537,0.1381107390912754,0.0128020758806537,0.1381107390912754,True,0.53035064479356,,False,,,,,,,,,,pseudobulk_de_targeted_SubclassLevel1_FIB_aki_vs_ckd.csv
,targeted_SubclassLevel1_FIB_aki_vs_ckd,acute kidney injury vs chronic kidney disease,ENSG00000165471,MBL2,lectin,False,1,1,,,,,,,,,,,False,,,,,,,,,,pseudobulk_de_targeted_SubclassLevel1_FIB_aki_vs_ckd.csv
,targeted_SubclassLevel1_FIB_aki_vs_ckd,acute kidney injury vs chronic kidney disease,ENSG00000171860,C3AR1,receptor,True,116,54,0.6926040820640117,0.5408007298852053,0.588277051246405,0.018473267810883,0.1368110905984737,0.018473267810883,0.1368110905984737,True,0.3579407785561914,,False,,,,,,,,,,pseudobulk_de_targeted_SubclassLevel1_FIB_aki_vs_ckd.csv
,targeted_SubclassLevel1_FIB_aki_vs_ckd,acute kidney injury vs chronic kidney disease,ENSG00000197405,C5AR1,receptor,True,1833,113,10.220258057567738,0.4792529444951431,0.2762738021480818,0.0968366233900914,0.1803747204380583,0.0968366233900914,0.1803747204380583,True,0.0827934560408108,0.375261276342436,False,,,,,,,,,,pseudobulk_de_targeted_SubclassLevel1_FIB_aki_vs_ckd.csv
,targeted_SubclassLevel1_FIB_aki_vs_ckd,acute kidney injury vs chronic kidney disease,ENSG00000134830,C5AR2,receptor,True,58,36,0.4186343615201576,-0.0303634923231232,0.6739207741347427,-0.0043589896927615,0.1350626995395208,-0.0043589896927615,0.1350626995395208,True,0.9640634794147432,,False,,,,,,,,,,pseudobulk_de_targeted_SubclassLevel1_FIB_aki_vs_ckd.csv
,targeted_SubclassLevel1_FIB_aki_vs_ckd,acute kidney injury vs chronic kidney disease,ENSG00000203710,CR1,receptor,True,198,56,1.6133733264965666,-0.2690835854269727,0.7314877733279106,-0.0058965482492395,0.1336699701186013,-0.0058965482492395,0.1336699701186013,True,0.7129791635365132,0.9104846310164518,False,,,,,,,,,,pseudobulk_de_targeted_SubclassLevel1_FIB_aki_vs_ckd.csv
,targeted_SubclassLevel1_FIB_aki_vs_ckd,acute kidney injury vs chronic kidney disease,ENSG00000117322,CR2,receptor,True,214,35,1.0222842546155095,-0.4614545171794162,1.0083316529274853,-0.0029057972975212,0.1488374765752919,-0.0029057972975212,0.1488374765752919,True,0.6472099468029813,,False,,,,,,,,,,pseudobulk_de_targeted_SubclassLevel1_FIB_aki_vs_ckd.csv
,targeted_SubclassLevel1_FIB_aki_vs_ckd,acute kidney injury vs chronic kidney disease,ENSG00000169896,ITGAM,receptor,True,113,52,0.7162882862248,0.2776017533326514,0.5583078650521769,0.0110133446635114,0.1354273577745422,0.0110133446635114,0.1354273577745422,True,0.619034024464904,,False,,,,,,,,,,pseudobulk_de_targeted_SubclassLevel1_FIB_aki_vs_ckd.csv
,targeted_SubclassLevel1_FIB_aki_vs_ckd,acute kidney injury vs chronic kidney disease,ENSG00000140678,ITGAX,receptor,True,108,51,1.0473707957532723,2.3694249557584857,0.6300866771669412,2.403139594498231,0.7017953325209659,2.403139594498231,0.7017953325209659,True,0.0001695912837117,,False,,,,,,,,,,pseudobulk_de_targeted_SubclassLevel1_FIB_aki_vs_ckd.csv
,targeted_SubclassLevel1_FIB_aki_vs_ckd,acute kidney injury vs chronic kidney disease,ENSG00000155659,VSIG4,receptor,True,89,42,0.539625748330264,0.7504171184159094,0.6377099386097065,0.0291763677097192,0.1495426208366915,0.0291763677097192,0.1495426208366915,True,0.239300345726997,,False,,,,,,,,,,pseudobulk_de_targeted_SubclassLevel1_FIB_aki_vs_ckd.csv
,targeted_SubclassLevel1_FIB_aki_vs_ckd,acute kidney injury vs chronic kidney disease,ENSG00000117335,CD46,regulator,True,19800,117,85.67415795875533,-0.4113995786116707,0.1966514908040139,-0.166815172509237,0.2031536738048291,-0.166815172509237,0.2031536738048291,True,0.0364363960349692,0.2524206111508385,False,,,,,,,,,,pseudobulk_de_targeted_SubclassLevel1_FIB_aki_vs_ckd.csv
,targeted_SubclassLevel1_FIB_aki_vs_ckd,acute kidney injury vs chronic kidney disease,ENSG00000196352,CD55,regulator,True,3541,114,19.290048640328894,-0.1010662901638424,0.2214001667661919,-0.0216931157486236,0.1251807053676312,-0.0216931157486236,0.1251807053676312,True,0.6480398421959024,0.8794786586445369,False,,,,,,,,,,pseudobulk_de_targeted_SubclassLevel1_FIB_aki_vs_ckd.csv
,targeted_SubclassLevel1_FIB_aki_vs_ckd,acute kidney injury vs chronic kidney disease,ENSG00000085063,CD59,regulator,True,7990,112,39.711152209105926,-0.0732200666109724,0.272913487634954,-0.0096556149175044,0.126991431283971,-0.0096556149175044,0.126991431283971,True,0.7884758012021948,0.9383221543902092,False,,,,,,,,,,pseudobulk_de_targeted_SubclassLevel1_FIB_aki_vs_ckd.csv
,targeted_SubclassLevel1_FIB_aki_vs_ckd,acute kidney injury vs chronic kidney disease,ENSG00000000971,CFH,regulator,True,22121,116,128.46016829587887,0.2486274261033562,0.2616704505169217,0.0454527076984171,0.1336047238934467,0.0454527076984171,0.1336047238934467,True,0.3420336181682896,0.6896857630537069,False,,,,,,,,,,pseudobulk_de_targeted_SubclassLevel1_FIB_aki_vs_ckd.csv
,targeted_SubclassLevel1_FIB_aki_vs_ckd,acute kidney injury vs chronic kidney disease,ENSG00000205403,CFI,regulator,True,5157,115,25.988187834574735,1.0531952699229856,0.2520491075203011,0.8994819982216296,0.282059472375101,0.8994819982216296,0.282059472375101,True,2.933966766454318e-05,0.0048964279081062,True,,,,,,,,,,pseudobulk_de_targeted_SubclassLevel1_FIB_aki_vs_ckd.csv
,targeted_SubclassLevel1_FIB_aki_vs_ckd,acute kidney injury vs chronic kidney disease,ENSG00000149131,SERPING1,regulator,True,12191,117,65.60904308116153,0.3101335920321033,0.2557309317000703,0.0533886317786782,0.1389359170251624,0.0533886317786782,0.1389359170251624,True,0.2252315417461019,0.5787827144558567,False,,,,,,,,,,pseudobulk_de_targeted_SubclassLevel1_FIB_aki_vs_ckd.csv
,targeted_SubclassLevel1_FIB_aki_vs_ckd,acute kidney injury vs chronic kidney disease,ENSG00000106804,C5,terminal,True,2296,110,10.521525475252147,-0.4892467596830108,0.1899108715182423,-0.313411369958508,0.2161310762173151,-0.313411369958508,0.2161310762173151,True,0.0099895323699989,0.1311887924770944,False,,,,,,,,,,pseudobulk_de_targeted_SubclassLevel1_FIB_aki_vs_ckd.csv
,targeted_SubclassLevel1_FIB_aki_vs_ckd,acute kidney injury vs chronic kidney disease,ENSG00000039537,C6,terminal,True,1639,107,8.846541176227085,-0.3867187303848636,0.3054826330354457,-0.0582912722031612,0.1451241779106963,-0.0582912722031612,0.1451241779106963,True,0.2055391986924518,0.5580604534870383,False,,,,,,,,,,pseudobulk_de_targeted_SubclassLevel1_FIB_aki_vs_ckd.csv
,targeted_SubclassLevel1_FIB_aki_vs_ckd,acute kidney injury vs chronic kidney disease,ENSG00000112936,C7,terminal,True,196349,117,1137.254944322432,-0.4796992861080627,0.2352161784045985,-0.1461669195448593,0.2171053782961791,-0.1461669195448593,0.2171053782961791,True,0.0414103717660208,0.2692943309285059,False,,,,,,,,,,pseudobulk_de_targeted_SubclassLevel1_FIB_aki_vs_ckd.csv
,targeted_SubclassLevel1_FIB_aki_vs_ckd,acute kidney injury vs chronic kidney disease,ENSG00000157131,C8A,terminal,False,11,7,,,,,,,,,,,False,,,,,,,,,,pseudobulk_de_targeted_SubclassLevel1_FIB_aki_vs_ckd.csv
,targeted_SubclassLevel1_FIB_aki_vs_ckd,acute kidney injury vs chronic kidney disease,ENSG00000021852,C8B,terminal,False,11,9,,,,,,,,,,,False,,,,,,,,,,pseudobulk_de_targeted_SubclassLevel1_FIB_aki_vs_ckd.csv
,targeted_SubclassLevel1_FIB_aki_vs_ckd,acute kidney injury vs chronic kidney disease,ENSG00000176919,C8G,terminal,False,19,14,,,,,,,,,,,False,,,,,,,,,,pseudobulk_de_targeted_SubclassLevel1_FIB_aki_vs_ckd.csv
,targeted_SubclassLevel1_FIB_aki_vs_ckd,acute kidney injury vs chronic kidney disease,ENSG00000113600,C9,terminal,True,522,90,2.827315699217305,0.093148221577564,0.3178510912924252,0.0107690732466284,0.1246499187561149,0.0107690732466284,0.1246499187561149,True,0.7694792224104183,0.9315696049721104,False,,,,,,,,,,pseudobulk_de_targeted_SubclassLevel1_FIB_aki_vs_ckd.csv
,targeted_SubclassLevel1_FIB_aki_vs_normal,acute kidney injury vs normal,ENSG00000125730,C3,alternative,True,11424,92,60.96560780165594,2.74924167142024,0.4956629787391871,2.5640275070002136,0.5105187069941561,2.5640275070002136,0.5105187069941561,True,2.9128682244319037e-08,1.1929854607784085e-06,True,,,,,,,,,,pseudobulk_de_targeted_SubclassLevel1_FIB_aki_vs_normal.csv
,targeted_SubclassLevel1_FIB_aki_vs_normal,acute kidney injury vs normal,ENSG00000243649,CFB,alternative,True,3798,103,14.156601864756835,1.3753344313464206,0.299136405989545,1.2614562660257205,0.2917749275018911,1.2614562660257205,0.2917749275018911,True,4.272149085280236e-06,8.146879193766722e-05,True,,,,,,,,,,pseudobulk_de_targeted_SubclassLevel1_FIB_aki_vs_normal.csv
,targeted_SubclassLevel1_FIB_aki_vs_normal,acute kidney injury vs normal,ENSG00000197766,CFD,alternative,True,16554,93,26.37985279596924,0.261455322815945,0.482265445051181,0.084725287474171,0.2963599653702966,0.084725287474171,0.2963599653702966,True,0.5877221585594141,0.7428511142726679,False,,,,,,,,,,pseudobulk_de_targeted_SubclassLevel1_FIB_aki_vs_normal.csv
,targeted_SubclassLevel1_FIB_aki_vs_normal,acute kidney injury vs normal,ENSG00000126759,CFP,alternative,True,102,42,0.2619411304667079,0.000372187944334,0.5314552725931816,-0.0547555066006332,0.456488083090273,-0.0547555066006332,0.456488083090273,True,0.999441226749378,,False,,,,,,,,,,pseudobulk_de_targeted_SubclassLevel1_FIB_aki_vs_normal.csv
,targeted_SubclassLevel1_FIB_aki_vs_normal,acute kidney injury vs normal,ENSG00000173372,C1QA,classical,True,1410,86,5.614650992450588,1.4804988537035135,0.3603328973543761,1.330076522072475,0.3453843905733064,1.330076522072475,0.3453843905733064,True,3.9789694714874394e-05,0.0005394115527233,True,,,,,,,,,,pseudobulk_de_targeted_SubclassLevel1_FIB_aki_vs_normal.csv
,targeted_SubclassLevel1_FIB_aki_vs_normal,acute kidney injury vs normal,ENSG00000173369,C1QB,classical,True,1380,80,4.733025112937348,1.3812593487014415,0.4053683045258884,1.185520919663407,0.3819096644851236,1.185520919663407,0.3819096644851236,True,0.0006558055624468,0.0052155482932326,True,,,,,,,,,,pseudobulk_de_targeted_SubclassLevel1_FIB_aki_vs_normal.csv
,targeted_SubclassLevel1_FIB_aki_vs_normal,acute kidney injury vs normal,ENSG00000159189,C1QC,classical,True,611,71,2.5215949753449083,2.1044079312587796,0.4385702298349038,2.028018256350638,0.4171379781909661,2.028018256350638,0.4171379781909661,True,1.5998812021557837e-06,3.571392796910003e-05,True,,,,,,,,,,pseudobulk_de_targeted_SubclassLevel1_FIB_aki_vs_normal.csv
,targeted_SubclassLevel1_FIB_aki_vs_normal,acute kidney injury vs normal,ENSG00000159403,C1R,classical,True,40151,116,128.39850661911098,0.7150210646337426,0.2288427010632063,0.6084442466498713,0.2253201501469991,0.6084442466498713,0.2253201501469991,True,0.0017810211150899,0.0114497849784805,True,,,,,,,,,,pseudobulk_de_targeted_SubclassLevel1_FIB_aki_vs_normal.csv
,targeted_SubclassLevel1_FIB_aki_vs_normal,acute kidney injury vs normal,ENSG00000182326,C1S,classical,True,48351,116,156.22740599394757,0.7197593999833215,0.1764905363410964,0.658300444724695,0.1728705636358024,0.658300444724695,0.1728705636358024,True,4.539047820838856e-05,0.0006010677718004,True,,,,,,,,,,pseudobulk_de_targeted_SubclassLevel1_FIB_aki_vs_normal.csv
,targeted_SubclassLevel1_FIB_aki_vs_normal,acute kidney injury vs normal,ENSG00000166278,C2,classical,True,3431,108,10.228731434726551,-0.0171456173776285,0.2156399851085936,-0.0112155479892726,0.2023596988390408,-0.0112155479892726,0.2023596988390408,True,0.9366266749013388,0.9671152406712245,False,,,,,,,,,,pseudobulk_de_targeted_SubclassLevel1_FIB_aki_vs_normal.csv
,targeted_SubclassLevel1_FIB_aki_vs_normal,acute kidney injury vs normal,ENSG00000244731,C4A,classical,True,40,21,0.1989815406950512,1.1018251060597737,0.879158980893525,0.2063115686918135,0.6320096136317387,0.2063115686918135,0.6320096136317387,True,0.2101068292630687,,False,,,,,,,,,,pseudobulk_de_targeted_SubclassLevel1_FIB_aki_vs_normal.csv
,targeted_SubclassLevel1_FIB_aki_vs_normal,acute kidney injury vs normal,ENSG00000224389,C4B,classical,True,46,30,0.2490270374792086,0.6862878679402936,0.779555648094133,0.188433935807973,0.6412771844289702,0.188433935807973,0.6412771844289702,True,0.3786655288414421,,False,,,,,,,,,,pseudobulk_de_targeted_SubclassLevel1_FIB_aki_vs_normal.csv
,targeted_SubclassLevel1_FIB_aki_vs_normal,acute kidney injury vs normal,ENSG00000123838,C4BPA,classical,True,173,53,0.5909485660741053,0.66697990525748,0.4935825502535018,0.2470056028064464,0.5041186411512933,0.2470056028064464,0.5041186411512933,True,0.1765981810142608,,False,,,,,,,,,,pseudobulk_de_targeted_SubclassLevel1_FIB_aki_vs_normal.csv
,targeted_SubclassLevel1_FIB_aki_vs_normal,acute kidney injury vs normal,ENSG00000123843,C4BPB,classical,True,38,24,0.0817633168429609,0.2198285573538564,0.8353585579670598,-0.023928896136992,0.883602393426858,-0.023928896136992,0.883602393426858,True,0.7924313201059838,,False,,,,,,,,,,pseudobulk_de_targeted_SubclassLevel1_FIB_aki_vs_normal.csv
,targeted_SubclassLevel1_FIB_aki_vs_normal,acute kidney injury vs normal,ENSG00000085265,FCN1,lectin,True,116,48,0.7590304889980837,1.2776227939873843,0.5162967837218937,1.0710178578472984,0.5533324877641114,1.0710178578472984,0.5533324877641114,True,0.0133389253969166,0.0541620076825649,False,,,,,,,,,,pseudobulk_de_targeted_SubclassLevel1_FIB_aki_vs_normal.csv
,targeted_SubclassLevel1_FIB_aki_vs_normal,acute kidney injury vs normal,ENSG00000160339,FCN2,lectin,False,8,6,,,,,,,,,,,False,,,,,,,,,,pseudobulk_de_targeted_SubclassLevel1_FIB_aki_vs_normal.csv
,targeted_SubclassLevel1_FIB_aki_vs_normal,acute kidney injury vs normal,ENSG00000142748,FCN3,lectin,True,199,46,0.5534415544050153,-0.5552791541213277,0.5140986624520812,-0.1496278201505708,0.6459267239672883,-0.1496278201505708,0.6459267239672883,True,0.2800966222626212,,False,,,,,,,,,,pseudobulk_de_targeted_SubclassLevel1_FIB_aki_vs_normal.csv
,targeted_SubclassLevel1_FIB_aki_vs_normal,acute kidney injury vs normal,ENSG00000127241,MASP1,lectin,True,651,65,1.9107432211979136,0.3605979102315432,0.4425095159849403,0.1460381527000513,0.3501836932103872,0.1460381527000513,0.3501836932103872,True,0.4151335562044781,0.601911100649603,False,,,,,,,,,,pseudobulk_de_targeted_SubclassLevel1_FIB_aki_vs_normal.csv
,targeted_SubclassLevel1_FIB_aki_vs_normal,acute kidney injury vs normal,ENSG00000009724,MASP2,lectin,True,220,46,0.5544041322685542,-0.182148040281258,0.5111964645150677,-0.0436750128678957,0.4365979248665444,-0.0436750128678957,0.4365979248665444,True,0.7216031068383313,,False,,,,,,,,,,pseudobulk_de_targeted_SubclassLevel1_FIB_aki_vs_normal.csv
,targeted_SubclassLevel1_FIB_aki_vs_normal,acute kidney injury vs normal,ENSG00000165471,MBL2,lectin,False,1,1,,,,,,,,,,,False,,,,,,,,,,pseudobulk_de_targeted_SubclassLevel1_FIB_aki_vs_normal.csv
,targeted_SubclassLevel1_FIB_aki_vs_normal,acute kidney injury vs normal,ENSG00000171860,C3AR1,receptor,True,413,59,1.047995729218794,0.3198234471853635,0.4354345076841435,0.1282378622024402,0.3488715919599498,0.1282378622024402,0.3488715919599498,True,0.4626485356939384,0.6426299387111066,False,,,,,,,,,,pseudobulk_de_targeted_SubclassLevel1_FIB_aki_vs_normal.csv
,targeted_SubclassLevel1_FIB_aki_vs_normal,acute kidney injury vs normal,ENSG00000197405,C5AR1,receptor,True,2812,111,14.18402254446688,0.9614036720849928,0.2313425939104106,0.8568344534383199,0.2377592855684942,0.8568344534383199,0.2377592855684942,True,3.242118547793522e-05,0.0004518068436688,True,,,,,,,,,,pseudobulk_de_targeted_SubclassLevel1_FIB_aki_vs_normal.csv
,targeted_SubclassLevel1_FIB_aki_vs_normal,acute kidney injury vs normal,ENSG00000134830,C5AR2,receptor,True,189,54,0.600416850871643,-0.2294753431138755,0.4348897683226234,-0.1479802816076057,0.3928046306967641,-0.1479802816076057,0.3928046306967641,True,0.5977330932537623,,False,,,,,,,,,,pseudobulk_de_targeted_SubclassLevel1_FIB_aki_vs_normal.csv
,targeted_SubclassLevel1_FIB_aki_vs_normal,acute kidney injury vs normal,ENSG00000203710,CR1,receptor,True,288,64,1.754463522190659,0.3497192369442277,0.5316045174497968,0.0949321371920988,0.4497177897279254,0.0949321371920988,0.4497177897279254,True,0.5106306474358999,0.6824031570274968,False,,,,,,,,,,pseudobulk_de_targeted_SubclassLevel1_FIB_aki_vs_normal.csv
,targeted_SubclassLevel1_FIB_aki_vs_normal,acute kidney injury vs normal,ENSG00000117322,CR2,receptor,True,152,39,0.7030800516608874,0.0015906519763002,0.7924783829331772,-0.0576559122538468,2.3738217240883044,-0.0576559122538468,2.3738217240883044,True,0.9983984978913776,0.9989645417774102,False,,,,,,,,,,pseudobulk_de_targeted_SubclassLevel1_FIB_aki_vs_normal.csv
,targeted_SubclassLevel1_FIB_aki_vs_normal,acute kidney injury vs normal,ENSG00000169896,ITGAM,receptor,True,163,56,1.0344042531504536,0.301824625928039,0.4546577698711168,0.0923280557633613,0.4228129515404549,0.0923280557633613,0.4228129515404549,True,0.5067862283782452,0.6796242782195961,False,,,,,,,,,,pseudobulk_de_targeted_SubclassLevel1_FIB_aki_vs_normal.csv
,targeted_SubclassLevel1_FIB_aki_vs_normal,acute kidney injury vs normal,ENSG00000140678,ITGAX,receptor,True,148,52,1.8071431327639176,2.030726638495053,0.5842622030545203,1.971264057113754,0.6432261871755227,1.971264057113754,0.6432261871755227,True,0.0005095007795911,0.0042432169172903,True,,,,,,,,,,pseudobulk_de_targeted_SubclassLevel1_FIB_aki_vs_normal.csv
,targeted_SubclassLevel1_FIB_aki_vs_normal,acute kidney injury vs normal,ENSG00000155659,VSIG4,receptor,True,246,59,0.9323362243198916,0.3339553944368322,0.4394522372556904,0.114682874765781,0.3801671362202085,0.114682874765781,0.3801671362202085,True,0.4472930875931332,0.6301379324706455,False,,,,,,,,,,pseudobulk_de_targeted_SubclassLevel1_FIB_aki_vs_normal.csv
,targeted_SubclassLevel1_FIB_aki_vs_normal,acute kidney injury vs normal,ENSG00000117335,CD46,regulator,True,79577,116,189.27864565646792,-0.6719445296575367,0.1975923262502381,-0.5890010290161881,0.1957182251415125,-0.5890010290161881,0.1957182251415125,True,0.000672231219034,0.005324367464344,True,,,,,,,,,,pseudobulk_de_targeted_SubclassLevel1_FIB_aki_vs_normal.csv
,targeted_SubclassLevel1_FIB_aki_vs_normal,acute kidney injury vs normal,ENSG00000196352,CD55,regulator,True,9647,112,36.46757913634376,-0.1078823777405598,0.2369311879729153,-0.0651325630130259,0.2520789385344444,-0.0651325630130259,0.2520789385344444,True,0.6488703288712437,0.7910895995966498,False,,,,,,,,,,pseudobulk_de_targeted_SubclassLevel1_FIB_aki_vs_normal.csv
,targeted_SubclassLevel1_FIB_aki_vs_normal,acute kidney injury vs normal,ENSG00000085063,CD59,regulator,True,22774,114,69.87894564703348,-0.020309851752622,0.1944992040703998,-0.0140564103354809,0.1841917137527577,-0.0140564103354809,0.1841917137527577,True,0.9168350527057936,0.9568067346617336,False,,,,,,,,,,pseudobulk_de_targeted_SubclassLevel1_FIB_aki_vs_normal.csv
,targeted_SubclassLevel1_FIB_aki_vs_normal,acute kidney injury vs normal,ENSG00000000971,CFH,regulator,True,37574,115,178.88358741893546,0.6736157786165319,0.2575009010258193,0.5252652281318029,0.2577048442733579,0.5252652281318029,0.2577048442733579,True,0.0088973214347682,0.039688350416626,True,,,,,,,,,,pseudobulk_de_targeted_SubclassLevel1_FIB_aki_vs_normal.csv
,targeted_SubclassLevel1_FIB_aki_vs_normal,acute kidney injury vs normal,ENSG00000205403,CFI,regulator,True,11045,111,34.93285881842512,0.988030219487524,0.2421646654387325,0.8834566575001407,0.2421083896512912,0.8834566575001407,0.2421083896512912,True,4.5036993254578615e-05,0.0005972016052261,True,,,,,,,,,,pseudobulk_de_targeted_SubclassLevel1_FIB_aki_vs_normal.csv
,targeted_SubclassLevel1_FIB_aki_vs_normal,acute kidney injury vs normal,ENSG00000149131,SERPING1,regulator,True,30416,116,99.0685466691428,0.3463814361887546,0.1984323887885832,0.2707418893629835,0.1875945155788088,0.2707418893629835,0.1875945155788088,True,0.0808823590391523,0.2015362900817693,False,,,,,,,,,,pseudobulk_de_targeted_SubclassLevel1_FIB_aki_vs_normal.csv
,targeted_SubclassLevel1_FIB_aki_vs_normal,acute kidney injury vs normal,ENSG00000106804,C5,terminal,True,6280,110,17.564572798307942,-0.3028035491240307,0.1288028731762005,-0.2701811135773973,0.1267098522668759,-0.2701811135773973,0.1267098522668759,True,0.0187277245109769,0.069765641429538,False,,,,,,,,,,pseudobulk_de_targeted_SubclassLevel1_FIB_aki_vs_normal.csv
,targeted_SubclassLevel1_FIB_aki_vs_normal,acute kidney injury vs normal,ENSG00000039537,C6,terminal,True,3078,103,12.462494153531708,-0.1492790664104333,0.2410843533201588,-0.0961934958213459,0.2206434709146833,-0.0961934958213459,0.2206434709146833,True,0.5357856095717524,0.7027681583368589,False,,,,,,,,,,pseudobulk_de_targeted_SubclassLevel1_FIB_aki_vs_normal.csv
,targeted_SubclassLevel1_FIB_aki_vs_normal,acute kidney injury vs normal,ENSG00000112936,C7,terminal,True,418006,116,1699.0715672115923,-0.1244549823050023,0.1851257204158944,-0.0926411257358819,0.1800047026251071,-0.0926411257358819,0.1800047026251071,True,0.5014100566128974,0.6755211333211102,False,,,,,,,,,,pseudobulk_de_targeted_SubclassLevel1_FIB_aki_vs_normal.csv
,targeted_SubclassLevel1_FIB_aki_vs_normal,acute kidney injury vs normal,ENSG00000157131,C8A,terminal,True,36,18,0.1178870541481015,-0.3179657600722495,1.0097538188658983,-0.1032937608689083,1.8847668138102285,-0.1032937608689083,1.8847668138102285,True,0.752841880901304,,False,,,,,,,,,,pseudobulk_de_targeted_SubclassLevel1_FIB_aki_vs_normal.csv
,targeted_SubclassLevel1_FIB_aki_vs_normal,acute kidney injury vs normal,ENSG00000021852,C8B,terminal,True,23,13,0.3507197512451143,0.3479915326854578,1.3332886651500944,-0.0076637833869234,0.4226329508781264,-0.0076637833869234,0.4226329508781264,True,0.7940906615547414,,False,,,,,,,,,,pseudobulk_de_targeted_SubclassLevel1_FIB_aki_vs_normal.csv
,targeted_SubclassLevel1_FIB_aki_vs_normal,acute kidney injury vs normal,ENSG00000176919,C8G,terminal,True,30,20,0.152661982728885,0.4040101243872373,1.1177602139786331,0.0379373274947627,3.2879382956735372,0.0379373274947627,3.2879382956735372,True,0.7177659548156237,,False,,,,,,,,,,pseudobulk_de_targeted_SubclassLevel1_FIB_aki_vs_normal.csv
,targeted_SubclassLevel1_FIB_aki_vs_normal,acute kidney injury vs normal,ENSG00000113600,C9,terminal,True,564,87,2.9396927479518555,1.2757292821771398,0.3196934584778018,1.134889496800249,0.3181346932413896,1.134889496800249,0.3181346932413896,True,6.594064024066784e-05,0.0008122497772792,True,,,,,,,,,,pseudobulk_de_targeted_SubclassLevel1_FIB_aki_vs_normal.csv
,targeted_SubclassLevel1_FIB_ckd_vs_normal,chronic kidney disease vs normal,ENSG00000125730,C3,alternative,True,11405,140,32.950093315265164,0.2159584610995006,0.5552864079842003,0.0295704251549861,0.5288478289833425,0.0295704251549861,0.5288478289833425,True,0.6973400278016365,0.8380489013484909,False,,,,,,,,,,pseudobulk_de_targeted_SubclassLevel1_FIB_ckd_vs_normal.csv
,targeted_SubclassLevel1_FIB_ckd_vs_normal,chronic kidney disease vs normal,ENSG00000243649,CFB,alternative,True,3782,142,8.364968169442008,-0.194856217128441,0.2984864217848441,-0.0833123484518671,0.2773003117473898,-0.0833123484518671,0.2773003117473898,True,0.5138759762072559,0.7110431289160868,False,,,,,,,,,,pseudobulk_de_targeted_SubclassLevel1_FIB_ckd_vs_normal.csv
,targeted_SubclassLevel1_FIB_ckd_vs_normal,chronic kidney disease vs normal,ENSG00000197766,CFD,alternative,True,20042,139,37.63938206095992,0.5282309510050751,0.5131158308671214,0.1064977782411805,0.4134074300932798,0.1064977782411805,0.4134074300932798,True,0.3032647315040299,0.5257092075484663,False,,,,,,,,,,pseudobulk_de_targeted_SubclassLevel1_FIB_ckd_vs_normal.csv
,targeted_SubclassLevel1_FIB_ckd_vs_normal,chronic kidney disease vs normal,ENSG00000126759,CFP,alternative,True,110,49,0.2376161543677968,0.5090077214915484,0.6083313021130264,0.0237397647010255,0.487196295654016,0.0237397647010255,0.487196295654016,True,0.4027455803443308,,False,,,,,,,,,,pseudobulk_de_targeted_SubclassLevel1_FIB_ckd_vs_normal.csv
,targeted_SubclassLevel1_FIB_ckd_vs_normal,chronic kidney disease vs normal,ENSG00000173372,C1QA,classical,True,1527,123,4.531801781891358,0.272137168307604,0.3975988313303711,0.0780681759053223,0.3526428843704153,0.0780681759053223,0.3526428843704153,True,0.4936900230050128,0.6945273912941655,False,,,,,,,,,,pseudobulk_de_targeted_SubclassLevel1_FIB_ckd_vs_normal.csv
,targeted_SubclassLevel1_FIB_ckd_vs_normal,chronic kidney disease vs normal,ENSG00000173369,C1QB,classical,True,1399,102,2.824776192211807,-0.2777737260110703,0.4780929157191099,-0.0614956999114983,0.3766653365297231,-0.0614956999114983,0.3766653365297231,True,0.5612379978807589,0.7472164591130369,False,,,,,,,,,,pseudobulk_de_targeted_SubclassLevel1_FIB_ckd_vs_normal.csv
,targeted_SubclassLevel1_FIB_ckd_vs_normal,chronic kidney disease vs normal,ENSG00000159189,C1QC,classical,True,620,93,1.5993183790645746,0.3624051445836795,0.4652866414351114,0.0816150326452665,0.402590614136796,0.0816150326452665,0.402590614136796,True,0.4360470063449041,0.6469221979379315,False,,,,,,,,,,pseudobulk_de_targeted_SubclassLevel1_FIB_ckd_vs_normal.csv
,targeted_SubclassLevel1_FIB_ckd_vs_normal,chronic kidney disease vs normal,ENSG00000159403,C1R,classical,True,44271,162,105.52237572764166,0.192932635961935,0.2738184895370001,0.0892176989301417,0.2577491062709336,0.0892176989301417,0.2577491062709336,True,0.4810589069858679,0.683987919594989,False,,,,,,,,,,pseudobulk_de_targeted_SubclassLevel1_FIB_ckd_vs_normal.csv
,targeted_SubclassLevel1_FIB_ckd_vs_normal,chronic kidney disease vs normal,ENSG00000182326,C1S,classical,True,53314,163,124.4630160850722,0.0951856274553945,0.2115367442207922,0.0551196619028894,0.2029603344520609,0.0551196619028894,0.2029603344520609,True,0.6527305770889316,0.8092070852951824,False,,,,,,,,,,pseudobulk_de_targeted_SubclassLevel1_FIB_ckd_vs_normal.csv
,targeted_SubclassLevel1_FIB_ckd_vs_normal,chronic kidney disease vs normal,ENSG00000166278,C2,classical,True,3801,154,8.463047608567525,-0.1313232307768576,0.1963966824337147,-0.0813853352106651,0.1932706575925996,-0.0813853352106651,0.1932706575925996,True,0.5037103582360632,0.7026710970383618,False,,,,,,,,,,pseudobulk_de_targeted_SubclassLevel1_FIB_ckd_vs_normal.csv
,targeted_SubclassLevel1_FIB_ckd_vs_normal,chronic kidney disease vs normal,ENSG00000244731,C4A,classical,True,37,22,0.0945659623304556,0.7416915372652564,1.1344829728578003,-0.0134393626767872,0.8921090212986661,-0.0134393626767872,0.8921090212986661,True,0.5132596539707774,,False,,,,,,,,,,pseudobulk_de_targeted_SubclassLevel1_FIB_ckd_vs_normal.csv
,targeted_SubclassLevel1_FIB_ckd_vs_normal,chronic kidney disease vs normal,ENSG00000224389,C4B,classical,True,49,36,0.1875752920273823,0.8314210422241614,0.8548907813284689,0.0052734899906395,0.5507748814422914,0.0052734899906395,0.5507748814422914,True,0.3307787405593619,,False,,,,,,,,,,pseudobulk_de_targeted_SubclassLevel1_FIB_ckd_vs_normal.csv
,targeted_SubclassLevel1_FIB_ckd_vs_normal,chronic kidney disease vs normal,ENSG00000123838,C4BPA,classical,True,200,70,0.4750430392601975,1.0451122371196473,0.4977996451333434,0.2912667007847839,0.5237851740418072,0.2912667007847839,0.5237851740418072,True,0.0357760529449144,,False,,,,,,,,,,pseudobulk_de_targeted_SubclassLevel1_FIB_ckd_vs_normal.csv
,targeted_SubclassLevel1_FIB_ckd_vs_normal,chronic kidney disease vs normal,ENSG00000123843,C4BPB,classical,True,38,28,0.0876219332962421,0.923143923858663,0.915962941665374,0.0081206944789396,0.8395542839695657,0.0081206944789396,0.8395542839695657,True,0.3135313673086439,,False,,,,,,,,,,pseudobulk_de_targeted_SubclassLevel1_FIB_ckd_vs_normal.csv
,targeted_SubclassLevel1_FIB_ckd_vs_normal,chronic kidney disease vs normal,ENSG00000085265,FCN1,lectin,True,122,59,0.3503858067087017,0.8712617028589841,0.5991303397788984,0.1039244671287282,0.5217758396830922,0.1039244671287282,0.5217758396830922,True,0.1458879215448024,,False,,,,,,,,,,pseudobulk_de_targeted_SubclassLevel1_FIB_ckd_vs_normal.csv
,targeted_SubclassLevel1_FIB_ckd_vs_normal,chronic kidney disease vs normal,ENSG00000160339,FCN2,lectin,False,8,6,,,,,,,,,,,False,,,,,,,,,,pseudobulk_de_targeted_SubclassLevel1_FIB_ckd_vs_normal.csv
,targeted_SubclassLevel1_FIB_ckd_vs_normal,chronic kidney disease vs normal,ENSG00000142748,FCN3,lectin,True,247,72,0.8080166061569523,0.6083270368585877,0.5283434373564597,0.098879802173504,0.5205996337749926,0.098879802173504,0.5205996337749926,True,0.2495736265661183,0.466179839096671,False,,,,,,,,,,pseudobulk_de_targeted_SubclassLevel1_FIB_ckd_vs_normal.csv
,targeted_SubclassLevel1_FIB_ckd_vs_normal,chronic kidney disease vs normal,ENSG00000127241,MASP1,lectin,True,750,95,1.966294951638792,-0.1218351936395678,0.5247216937207365,-0.0297881053685832,0.5389461277779002,-0.0297881053685832,0.5389461277779002,True,0.8163903502876572,0.9075196311788644,False,,,,,,,,,,pseudobulk_de_targeted_SubclassLevel1_FIB_ckd_vs_normal.csv
,targeted_SubclassLevel1_FIB_ckd_vs_normal,chronic kidney disease vs normal,ENSG00000009724,MASP2,lectin,True,226,53,0.396990616723764,-1.0425834375125826,0.6221259006091553,-0.9269339801168696,0.625863598984286,-0.9269339801168696,0.625863598984286,True,0.0937695467926124,,False,,,,,,,,,,pseudobulk_de_targeted_SubclassLevel1_FIB_ckd_vs_normal.csv
,targeted_SubclassLevel1_FIB_ckd_vs_normal,chronic kidney disease vs normal,ENSG00000165471,MBL2,lectin,False,2,2,,,,,,,,,,,False,,,,,,,,,,pseudobulk_de_targeted_SubclassLevel1_FIB_ckd_vs_normal.csv
,targeted_SubclassLevel1_FIB_ckd_vs_normal,chronic kidney disease vs normal,ENSG00000171860,C3AR1,receptor,True,439,77,0.7562475036362,-0.5194646702503934,0.441524222807835,-0.1870493592898884,0.3860721722295094,-0.1870493592898884,0.3860721722295094,True,0.2393848009872677,0.4542739460966184,False,,,,,,,,,,pseudobulk_de_targeted_SubclassLevel1_FIB_ckd_vs_normal.csv
,targeted_SubclassLevel1_FIB_ckd_vs_normal,chronic kidney disease vs normal,ENSG00000197405,C5AR1,receptor,True,3049,154,10.425248294506574,0.4637057019194847,0.2771745018230703,0.2379049682771966,0.2872767453934597,0.2379049682771966,0.2872767453934597,True,0.0943324380489455,0.2596437239485879,False,,,,,,,,,,pseudobulk_de_targeted_SubclassLevel1_FIB_ckd_vs_normal.csv
,targeted_SubclassLevel1_FIB_ckd_vs_normal,chronic kidney disease vs normal,ENSG00000134830,C5AR2,receptor,True,197,66,0.4900050077665274,0.0206188760568098,0.5333658854799364,-0.0732612813004482,0.4288258299172069,-0.0732612813004482,0.4288258299172069,True,0.9691630331117086,,False,,,,,,,,,,pseudobulk_de_targeted_SubclassLevel1_FIB_ckd_vs_normal.csv
,targeted_SubclassLevel1_FIB_ckd_vs_normal,chronic kidney disease vs normal,ENSG00000203710,CR1,receptor,True,386,92,1.8181546394081043,0.6694413562497631,0.5814855998845887,0.0675752069325102,0.7638400240853643,0.0675752069325102,0.7638400240853643,True,0.2496251148689499,0.466215025445476,False,,,,,,,,,,pseudobulk_de_targeted_SubclassLevel1_FIB_ckd_vs_normal.csv
,targeted_SubclassLevel1_FIB_ckd_vs_normal,chronic kidney disease vs normal,ENSG00000117322,CR2,receptor,True,260,60,1.21217618947037,1.9050634863831415,0.8666561827412209,0.1016992579402062,4.695283583546903,0.1016992579402062,4.695283583546903,True,0.0279365115900839,0.1211429946766936,False,,,,,,,,,,pseudobulk_de_targeted_SubclassLevel1_FIB_ckd_vs_normal.csv
,targeted_SubclassLevel1_FIB_ckd_vs_normal,chronic kidney disease vs normal,ENSG00000169896,ITGAM,receptor,True,200,80,0.8890706502354411,0.4506396631042616,0.4930777990552913,0.0593017907429913,0.4811803043645027,0.0593017907429913,0.4811803043645027,True,0.3607524882165825,0.5807203874706639,False,,,,,,,,,,pseudobulk_de_targeted_SubclassLevel1_FIB_ckd_vs_normal.csv
,targeted_SubclassLevel1_FIB_ckd_vs_normal,chronic kidney disease vs normal,ENSG00000140678,ITGAX,receptor,True,144,67,0.6456712253134006,0.6964293242815675,0.5932147860811638,0.0651880007155142,0.6038287313583214,0.0651880007155142,0.6038287313583214,True,0.2403982899997983,,False,,,,,,,,,,pseudobulk_de_targeted_SubclassLevel1_FIB_ckd_vs_normal.csv
,targeted_SubclassLevel1_FIB_ckd_vs_normal,chronic kidney disease vs normal,ENSG00000155659,VSIG4,receptor,True,259,67,0.6229723981470602,-0.398194071918222,0.5419219248467242,-0.1336301549867897,0.4417819214259194,-0.1336301549867897,0.4417819214259194,True,0.4624727251016887,,False,,,,,,,,,,pseudobulk_de_targeted_SubclassLevel1_FIB_ckd_vs_normal.csv
,targeted_SubclassLevel1_FIB_ckd_vs_normal,chronic kidney disease vs normal,ENSG00000117335,CD46,regulator,True,82507,163,137.92308037691365,-0.6355440435604803,0.2148845717537508,-0.5216048664765077,0.2022423031660504,-0.5216048664765077,0.2022423031660504,True,0.003100374525857,0.0265956298189631,True,,,,,,,,,,pseudobulk_de_targeted_SubclassLevel1_FIB_ckd_vs_normal.csv
,targeted_SubclassLevel1_FIB_ckd_vs_normal,chronic kidney disease vs normal,ENSG00000196352,CD55,regulator,True,10450,160,26.304998455149033,-0.1006339737958396,0.2253803695639612,-0.0526991330016751,0.2316773794246721,-0.0526991330016751,0.2316773794246721,True,0.6552308614530906,0.8113620163029993,False,,,,,,,,,,pseudobulk_de_targeted_SubclassLevel1_FIB_ckd_vs_normal.csv
,targeted_SubclassLevel1_FIB_ckd_vs_normal,chronic kidney disease vs normal,ENSG00000085063,CD59,regulator,True,23962,160,50.27845075534884,-0.4620172147926483,0.2174848991246968,-0.3257724699632086,0.2156665976742076,-0.3257724699632086,0.2156665976742076,True,0.0336396700143132,0.1366422861891986,False,,,,,,,,,,pseudobulk_de_targeted_SubclassLevel1_FIB_ckd_vs_normal.csv
,targeted_SubclassLevel1_FIB_ckd_vs_normal,chronic kidney disease vs normal,ENSG00000000971,CFH,regulator,True,41909,161,141.5932145751132,0.4337166003529368,0.2889810417555488,0.2037955056921378,0.2955995406610152,0.2037955056921378,0.2955995406610152,True,0.133394896664151,0.3186968888095478,False,,,,,,,,,,pseudobulk_de_targeted_SubclassLevel1_FIB_ckd_vs_normal.csv
,targeted_SubclassLevel1_FIB_ckd_vs_normal,chronic kidney disease vs normal,ENSG00000205403,CFI,regulator,True,11424,156,25.82848617970528,-0.19385973436508,0.286283482680218,-0.0790540400398433,0.2886168720793706,-0.0790540400398433,0.2886168720793706,True,0.4983044188152098,0.6980890077829177,False,,,,,,,,,,pseudobulk_de_targeted_SubclassLevel1_FIB_ckd_vs_normal.csv
,targeted_SubclassLevel1_FIB_ckd_vs_normal,chronic kidney disease vs normal,ENSG00000149131,SERPING1,regulator,True,33023,163,76.27742252115245,-0.0961828643470926,0.2268479858381225,-0.0525082715264112,0.2237517971705692,-0.0525082715264112,0.2237517971705692,True,0.6715680047205712,0.8215870824901885,False,,,,,,,,,,pseudobulk_de_targeted_SubclassLevel1_FIB_ckd_vs_normal.csv
,targeted_SubclassLevel1_FIB_ckd_vs_normal,chronic kidney disease vs normal,ENSG00000106804,C5,terminal,True,6872,154,14.38738351651742,-0.1065683589881748,0.1574570524102173,-0.0792461189866597,0.1511472230703798,-0.0792461189866597,0.1511472230703798,True,0.4985271116345781,0.6983469329452723,False,,,,,,,,,,pseudobulk_de_targeted_SubclassLevel1_FIB_ckd_vs_normal.csv
,targeted_SubclassLevel1_FIB_ckd_vs_normal,chronic kidney disease vs normal,ENSG00000039537,C6,terminal,True,3575,150,11.213481272420768,0.0592734755190148,0.2861666194493725,0.02522472690964,0.2708805457812067,0.02522472690964,0.2708805457812067,True,0.8359089239608577,0.9178568019710944,False,,,,,,,,,,pseudobulk_de_targeted_SubclassLevel1_FIB_ckd_vs_normal.csv
,targeted_SubclassLevel1_FIB_ckd_vs_normal,chronic kidney disease vs normal,ENSG00000112936,C7,terminal,True,482845,163,1489.917589962625,0.2446413907409008,0.2267824816178089,0.1469190815252438,0.2227106174747612,0.1469190815252438,0.2227106174747612,True,0.2806996051508957,0.5004593039037838,False,,,,,,,,,,pseudobulk_de_targeted_SubclassLevel1_FIB_ckd_vs_normal.csv
,targeted_SubclassLevel1_FIB_ckd_vs_normal,chronic kidney disease vs normal,ENSG00000157131,C8A,terminal,True,43,23,0.1383554912208615,0.3915431542110172,1.1625618425360142,-0.0308091486274417,0.8853536874004927,-0.0308091486274417,0.8853536874004927,True,0.7362726496944074,,False,,,,,,,,,,pseudobulk_de_targeted_SubclassLevel1_FIB_ckd_vs_normal.csv
,targeted_SubclassLevel1_FIB_ckd_vs_normal,chronic kidney disease vs normal,ENSG00000021852,C8B,terminal,True,28,18,0.2532125145438085,0.8036501884281496,1.4399886956477914,0.0100127325118275,0.5609771497112784,0.0100127325118275,0.5609771497112784,True,0.5767796582251292,,False,,,,,,,,,,pseudobulk_de_targeted_SubclassLevel1_FIB_ckd_vs_normal.csv
,targeted_SubclassLevel1_FIB_ckd_vs_normal,chronic kidney disease vs normal,ENSG00000176919,C8G,terminal,True,37,22,0.1084972572254793,1.1387655710163107,1.2066443253649828,0.0330077221932138,0.9194006496476737,0.0330077221932138,0.9194006496476737,True,0.3452995393969671,,False,,,,,,,,,,pseudobulk_de_targeted_SubclassLevel1_FIB_ckd_vs_normal.csv
,targeted_SubclassLevel1_FIB_ckd_vs_normal,chronic kidney disease vs normal,ENSG00000113600,C9,terminal,True,692,127,2.761267842540428,0.8960515721681691,0.3281184426743539,0.596845385752245,0.3442999416497378,0.596845385752245,0.3442999416497378,True,0.006316577052323,0.0437521715437017,True,,,,,,,,,,pseudobulk_de_targeted_SubclassLevel1_FIB_ckd_vs_normal.csv
,targeted_SubclassLevel1_IC_aki_vs_ckd,acute kidney injury vs chronic kidney disease,ENSG00000125730,C3,alternative,True,606,84,4.776803489529476,3.0167894828131283,0.572095308567934,2.7385533848722647,0.6601803129029932,2.7385533848722647,0.6601803129029932,True,1.3404424593652856e-07,8.495054086227496e-05,True,,,,,,,,,,pseudobulk_de_targeted_SubclassLevel1_IC_aki_vs_ckd.csv
,targeted_SubclassLevel1_IC_aki_vs_ckd,acute kidney injury vs chronic kidney disease,ENSG00000243649,CFB,alternative,True,1055,98,6.122523143202359,1.3090980627515936,0.4949798448849042,0.057389380990706,0.136289873765542,0.057389380990706,0.136289873765542,True,0.0081751234308534,0.1639181528593156,False,,,,,,,,,,pseudobulk_de_targeted_SubclassLevel1_IC_aki_vs_ckd.csv
,targeted_SubclassLevel1_IC_aki_vs_ckd,acute kidney injury vs chronic kidney disease,ENSG00000197766,CFD,alternative,True,362,75,1.722829691674478,0.1391881527474339,0.5401657745882134,0.003505326279689,0.1200484870244431,0.003505326279689,0.1200484870244431,True,0.7966564032746887,0.9593180536029038,False,,,,,,,,,,pseudobulk_de_targeted_SubclassLevel1_IC_aki_vs_ckd.csv
,targeted_SubclassLevel1_IC_aki_vs_ckd,acute kidney injury vs chronic kidney disease,ENSG00000126759,CFP,alternative,True,21,20,0.2248530983751699,0.9988458832050942,1.1281807675633455,-0.0004873081454546,0.1150406469639609,-0.0004873081454546,0.1150406469639609,True,0.3759626141273751,,False,,,,,,,,,,pseudobulk_de_targeted_SubclassLevel1_IC_aki_vs_ckd.csv
,targeted_SubclassLevel1_IC_aki_vs_ckd,acute kidney injury vs chronic kidney disease,ENSG00000173372,C1QA,classical,True,297,67,2.0513928716611307,1.7696159159139613,0.6184941631507483,0.037546315587552,0.143829469403953,0.037546315587552,0.143829469403953,True,0.0042208287355637,0.1088624411164467,False,,,,,,,,,,pseudobulk_de_targeted_SubclassLevel1_IC_aki_vs_ckd.csv
,targeted_SubclassLevel1_IC_aki_vs_ckd,acute kidney injury vs chronic kidney disease,ENSG00000173369,C1QB,classical,True,245,60,1.2434922538552962,0.1319001598595576,0.6699990400969245,4.7566985852618384e-05,0.1323464261031722,4.7566985852618384e-05,0.1323464261031722,True,0.84393225055665,0.9684742085156212,False,,,,,,,,,,pseudobulk_de_targeted_SubclassLevel1_IC_aki_vs_ckd.csv
,targeted_SubclassLevel1_IC_aki_vs_ckd,acute kidney injury vs chronic kidney disease,ENSG00000159189,C1QC,classical,True,115,46,0.7475000758844613,1.7638166966737454,0.7028536163560877,0.0212512082130286,0.1199582437849258,0.0212512082130286,0.1199582437849258,True,0.0120899514275466,,False,,,,,,,,,,pseudobulk_de_targeted_SubclassLevel1_IC_aki_vs_ckd.csv
,targeted_SubclassLevel1_IC_aki_vs_ckd,acute kidney injury vs chronic kidney disease,ENSG00000159403,C1R,classical,True,628,76,3.3194268545909464,1.0577604020951548,0.6006110889079708,0.0201229386610017,0.1225331688283857,0.0201229386610017,0.1225331688283857,True,0.0782146570510501,0.4960086067173609,False,,,,,,,,,,pseudobulk_de_targeted_SubclassLevel1_IC_aki_vs_ckd.csv
,targeted_SubclassLevel1_IC_aki_vs_ckd,acute kidney injury vs chronic kidney disease,ENSG00000182326,C1S,classical,True,2764,116,14.37436723170467,0.0378401408917142,0.1854997835886096,0.0084193946968393,0.0996669878912795,0.0084193946968393,0.0996669878912795,True,0.8383611447894181,0.9675866007600532,False,,,,,,,,,,pseudobulk_de_targeted_SubclassLevel1_IC_aki_vs_ckd.csv
,targeted_SubclassLevel1_IC_aki_vs_ckd,acute kidney injury vs chronic kidney disease,ENSG00000166278,C2,classical,True,953,110,5.132531532626859,0.0426377792346158,0.2325381249584881,0.0064022883686319,0.1009738965406296,0.0064022883686319,0.1009738965406296,True,0.8545169470278837,0.9698462496766732,False,,,,,,,,,,pseudobulk_de_targeted_SubclassLevel1_IC_aki_vs_ckd.csv
,targeted_SubclassLevel1_IC_aki_vs_ckd,acute kidney injury vs chronic kidney disease,ENSG00000244731,C4A,classical,True,26,22,0.1800237402668426,1.7657423785151078,1.0059965802929651,0.01226027062455,0.1068706700868396,0.01226027062455,0.1068706700868396,True,0.0792221837413097,,False,,,,,,,,,,pseudobulk_de_targeted_SubclassLevel1_IC_aki_vs_ckd.csv
,targeted_SubclassLevel1_IC_aki_vs_ckd,acute kidney injury vs chronic kidney disease,ENSG00000224389,C4B,classical,False,13,10,,,,,,,,,,,False,,,,,,,,,,pseudobulk_de_targeted_SubclassLevel1_IC_aki_vs_ckd.csv
,targeted_SubclassLevel1_IC_aki_vs_ckd,acute kidney injury vs chronic kidney disease,ENSG00000123838,C4BPA,classical,True,56,40,0.2593003770716188,0.3857949311567075,0.7051722901919183,-0.007204547742374,0.1167820667255603,-0.007204547742374,0.1167820667255603,True,0.5843147365135926,,False,,,,,,,,,,pseudobulk_de_targeted_SubclassLevel1_IC_aki_vs_ckd.csv
,targeted_SubclassLevel1_IC_aki_vs_ckd,acute kidney injury vs chronic kidney disease,ENSG00000123843,C4BPB,classical,True,386,81,1.7504134054656255,0.0247086306974432,0.4059337643837776,-0.0009010253322422,0.1104085738266192,-0.0009010253322422,0.1104085738266192,True,0.9514638355069628,0.9886242979898732,False,,,,,,,,,,pseudobulk_de_targeted_SubclassLevel1_IC_aki_vs_ckd.csv
,targeted_SubclassLevel1_IC_aki_vs_ckd,acute kidney injury vs chronic kidney disease,ENSG00000085265,FCN1,lectin,True,55,37,0.3519515043772694,1.521890432259547,0.7471459224015092,0.0149906795835148,0.1072351473120298,0.0149906795835148,0.1072351473120298,True,0.0416561868925256,,False,,,,,,,,,,pseudobulk_de_targeted_SubclassLevel1_IC_aki_vs_ckd.csv
,targeted_SubclassLevel1_IC_aki_vs_ckd,acute kidney injury vs chronic kidney disease,ENSG00000160339,FCN2,lectin,False,5,5,,,,,,,,,,,False,,,,,,,,,,pseudobulk_de_targeted_SubclassLevel1_IC_aki_vs_ckd.csv
,targeted_SubclassLevel1_IC_aki_vs_ckd,acute kidney injury vs chronic kidney disease,ENSG00000142748,FCN3,lectin,True,63,40,0.3138018259353867,1.1372817736492422,0.6756550691886117,0.0166227784637789,0.110071966237438,0.0166227784637789,0.110071966237438,True,0.0923308928372773,,False,,,,,,,,,,pseudobulk_de_targeted_SubclassLevel1_IC_aki_vs_ckd.csv
,targeted_SubclassLevel1_IC_aki_vs_ckd,acute kidney injury vs chronic kidney disease,ENSG00000127241,MASP1,lectin,True,81,46,0.6321566568381198,0.2148636068923937,0.7562622630264356,-0.0057595303004403,0.1123217940319992,-0.0057595303004403,0.1123217940319992,True,0.776324122625948,,False,,,,,,,,,,pseudobulk_de_targeted_SubclassLevel1_IC_aki_vs_ckd.csv
,targeted_SubclassLevel1_IC_aki_vs_ckd,acute kidney injury vs chronic kidney disease,ENSG00000009724,MASP2,lectin,True,141,59,0.8434026463064173,0.4572634759776492,0.5637967058664134,0.0069584158132371,0.1112247782168711,0.0069584158132371,0.1112247782168711,True,0.4173408712835846,0.8368407389437974,False,,,,,,,,,,pseudobulk_de_targeted_SubclassLevel1_IC_aki_vs_ckd.csv
,targeted_SubclassLevel1_IC_aki_vs_ckd,acute kidney injury vs chronic kidney disease,ENSG00000165471,MBL2,lectin,False,3,2,,,,,,,,,,,False,,,,,,,,,,pseudobulk_de_targeted_SubclassLevel1_IC_aki_vs_ckd.csv
,targeted_SubclassLevel1_IC_aki_vs_ckd,acute kidney injury vs chronic kidney disease,ENSG00000171860,C3AR1,receptor,True,55,36,0.3023907754013695,0.7809136666130942,0.7559746570416298,0.0027616092044995,0.1132872288965955,0.0027616092044995,0.1132872288965955,True,0.3016089463916874,,False,,,,,,,,,,pseudobulk_de_targeted_SubclassLevel1_IC_aki_vs_ckd.csv
,targeted_SubclassLevel1_IC_aki_vs_ckd,acute kidney injury vs chronic kidney disease,ENSG00000197405,C5AR1,receptor,True,1818,114,10.95973550092303,0.2119064821844201,0.3141486680692448,0.0196173953156822,0.1206470676657249,0.0196173953156822,0.1206470676657249,True,0.4999667701417972,0.8692930429543066,False,,,,,,,,,,pseudobulk_de_targeted_SubclassLevel1_IC_aki_vs_ckd.csv
,targeted_SubclassLevel1_IC_aki_vs_ckd,acute kidney injury vs chronic kidney disease,ENSG00000134830,C5AR2,receptor,True,1167,113,6.581958438621196,-0.0472343721756633,0.2122063339864731,-0.0094281560177966,0.1003215598310149,-0.0094281560177966,0.1003215598310149,True,0.8238569517900911,0.9644356027007388,False,,,,,,,,,,pseudobulk_de_targeted_SubclassLevel1_IC_aki_vs_ckd.csv
,targeted_SubclassLevel1_IC_aki_vs_ckd,acute kidney injury vs chronic kidney disease,ENSG00000203710,CR1,receptor,True,143,52,0.7654333927874237,0.1530153613519475,0.7047185197389344,-0.0028655054232199,0.1148972785676302,-0.0028655054232199,0.1148972785676302,True,0.8281072239216479,,False,,,,,,,,,,pseudobulk_de_targeted_SubclassLevel1_IC_aki_vs_ckd.csv
,targeted_SubclassLevel1_IC_aki_vs_ckd,acute kidney injury vs chronic kidney disease,ENSG00000117322,CR2,receptor,True,90,50,0.6178037543913397,0.792369082472091,0.6244247770092605,0.0123688103476584,0.1149031937116494,0.0123688103476584,0.1149031937116494,True,0.2044558920754436,,False,,,,,,,,,,pseudobulk_de_targeted_SubclassLevel1_IC_aki_vs_ckd.csv
,targeted_SubclassLevel1_IC_aki_vs_ckd,acute kidney injury vs chronic kidney disease,ENSG00000169896,ITGAM,receptor,True,87,52,0.7491235673389224,0.7264314146265094,0.6538738686429619,0.0080817900940087,0.1143886704680875,0.0080817900940087,0.1143886704680875,True,0.2665831304383705,,False,,,,,,,,,,pseudobulk_de_targeted_SubclassLevel1_IC_aki_vs_ckd.csv
,targeted_SubclassLevel1_IC_aki_vs_ckd,acute kidney injury vs chronic kidney disease,ENSG00000140678,ITGAX,receptor,True,52,35,0.494631669058439,2.0879433588524794,0.747925983945605,0.0306683623000858,0.1180128192085278,0.0306683623000858,0.1180128192085278,True,0.0052440958385132,,False,,,,,,,,,,pseudobulk_de_targeted_SubclassLevel1_IC_aki_vs_ckd.csv
,targeted_SubclassLevel1_IC_aki_vs_ckd,acute kidney injury vs chronic kidney disease,ENSG00000155659,VSIG4,receptor,True,45,31,0.2450377876646169,1.167966823682406,0.8817574642530405,0.0085444178094684,0.1246600912122892,0.0085444178094684,0.1246600912122892,True,0.1853072858003729,,False,,,,,,,,,,pseudobulk_de_targeted_SubclassLevel1_IC_aki_vs_ckd.csv
,targeted_SubclassLevel1_IC_aki_vs_ckd,acute kidney injury vs chronic kidney disease,ENSG00000117335,CD46,regulator,True,34563,120,165.11528950802355,-0.1434354831725427,0.2026520759921564,-0.0258781478196111,0.1099708646369225,-0.0258781478196111,0.1099708646369225,True,0.4790745423621187,0.8603855172060545,False,,,,,,,,,,pseudobulk_de_targeted_SubclassLevel1_IC_aki_vs_ckd.csv
,targeted_SubclassLevel1_IC_aki_vs_ckd,acute kidney injury vs chronic kidney disease,ENSG00000196352,CD55,regulator,True,6227,119,30.642129280049485,-0.3071091690651661,0.1949990887749118,-0.0772365010653862,0.1348729036645954,-0.0772365010653862,0.1348729036645954,True,0.1152734859930931,0.5848809222848202,False,,,,,,,,,,pseudobulk_de_targeted_SubclassLevel1_IC_aki_vs_ckd.csv
,targeted_SubclassLevel1_IC_aki_vs_ckd,acute kidney injury vs chronic kidney disease,ENSG00000085063,CD59,regulator,True,23466,120,116.90981195820534,0.0518851276360999,0.2596982529096841,0.0061494291049717,0.1151280525455077,0.0061494291049717,0.1151280525455077,True,0.8416447812799291,0.9680553004733412,False,,,,,,,,,,pseudobulk_de_targeted_SubclassLevel1_IC_aki_vs_ckd.csv
,targeted_SubclassLevel1_IC_aki_vs_ckd,acute kidney injury vs chronic kidney disease,ENSG00000000971,CFH,regulator,True,566,85,3.458848565529876,1.055623007938522,0.4961888544756312,0.0349045978009996,0.1188003215248318,0.0349045978009996,0.1188003215248318,True,0.0333817028432284,0.3397500909410177,False,,,,,,,,,,pseudobulk_de_targeted_SubclassLevel1_IC_aki_vs_ckd.csv
,targeted_SubclassLevel1_IC_aki_vs_ckd,acute kidney injury vs chronic kidney disease,ENSG00000205403,CFI,regulator,True,5015,119,28.318135911350673,1.0642473903958156,0.2327188334810373,0.9309916282065974,0.2649279155268959,0.9309916282065974,0.2649279155268959,True,4.80551832872001e-06,0.0013324050428615,True,,,,,,,,,,pseudobulk_de_targeted_SubclassLevel1_IC_aki_vs_ckd.csv
,targeted_SubclassLevel1_IC_aki_vs_ckd,acute kidney injury vs chronic kidney disease,ENSG00000149131,SERPING1,regulator,True,7786,117,38.5098218565763,1.427700675974,0.2979273384409391,1.2690370851124688,0.3301135090908933,1.2690370851124688,0.3301135090908933,True,1.6503609868216584e-06,0.0006366446893728,True,,,,,,,,,,pseudobulk_de_targeted_SubclassLevel1_IC_aki_vs_ckd.csv
,targeted_SubclassLevel1_IC_aki_vs_ckd,acute kidney injury vs chronic kidney disease,ENSG00000106804,C5,terminal,True,701,100,3.5303445590124927,0.1963093208539952,0.3057443266110856,0.0189818318891061,0.1107073715414599,0.0189818318891061,0.1107073715414599,True,0.5208276039307174,0.8772611641333762,False,,,,,,,,,,pseudobulk_de_targeted_SubclassLevel1_IC_aki_vs_ckd.csv
,targeted_SubclassLevel1_IC_aki_vs_ckd,acute kidney injury vs chronic kidney disease,ENSG00000039537,C6,terminal,True,1211,103,5.252898547727014,0.5389632555418502,0.4361959571184979,0.0237160230058568,0.1177097652774088,0.0237160230058568,0.1177097652774088,True,0.2166076846384947,0.7160401199534445,False,,,,,,,,,,pseudobulk_de_targeted_SubclassLevel1_IC_aki_vs_ckd.csv
,targeted_SubclassLevel1_IC_aki_vs_ckd,acute kidney injury vs chronic kidney disease,ENSG00000112936,C7,terminal,True,3220,109,18.35445547319876,0.0485691599560735,0.4449114221865605,0.0019446322000144,0.1371324446759486,0.0019446322000144,0.1371324446759486,True,0.9130708991172998,0.9814309228200668,False,,,,,,,,,,pseudobulk_de_targeted_SubclassLevel1_IC_aki_vs_ckd.csv
,targeted_SubclassLevel1_IC_aki_vs_ckd,acute kidney injury vs chronic kidney disease,ENSG00000157131,C8A,terminal,True,38,28,0.2131982578325664,0.6239713270721626,0.929775382012951,-0.0055219975076544,0.1249124195770823,-0.0055219975076544,0.1249124195770823,True,0.502157465353357,,False,,,,,,,,,,pseudobulk_de_targeted_SubclassLevel1_IC_aki_vs_ckd.csv
,targeted_SubclassLevel1_IC_aki_vs_ckd,acute kidney injury vs chronic kidney disease,ENSG00000021852,C8B,terminal,True,21,17,0.2248305724674048,1.157963549478306,1.3805171441966226,-0.0008187833453674,0.0974863275303907,-0.0008187833453674,0.0974863275303907,True,0.4015873364265961,,False,,,,,,,,,,pseudobulk_de_targeted_SubclassLevel1_IC_aki_vs_ckd.csv
,targeted_SubclassLevel1_IC_aki_vs_ckd,acute kidney injury vs chronic kidney disease,ENSG00000176919,C8G,terminal,True,24,16,0.0782668007301926,1.0974446269386808,1.4748731132228288,0.0007132353572236,0.1110193278658435,0.0007132353572236,0.1110193278658435,True,0.4568194479021585,,False,,,,,,,,,,pseudobulk_de_targeted_SubclassLevel1_IC_aki_vs_ckd.csv
,targeted_SubclassLevel1_IC_aki_vs_ckd,acute kidney injury vs chronic kidney disease,ENSG00000113600,C9,terminal,True,3583,112,17.291376628483565,-0.4630913881122915,0.2743154602348071,-0.0592064196595834,0.1313322365526726,-0.0592064196595834,0.1313322365526726,True,0.0913784200455757,0.5303062845331971,False,,,,,,,,,,pseudobulk_de_targeted_SubclassLevel1_IC_aki_vs_ckd.csv
,targeted_SubclassLevel1_IC_aki_vs_normal,acute kidney injury vs normal,ENSG00000125730,C3,alternative,True,872,86,6.4642469314821,2.5570617284941988,0.4847103284669786,2.381823889826473,0.5012344863554378,2.381823889826473,0.5012344863554378,True,1.324357430090452e-07,2.329557831978908e-05,True,,,,,,,,,,pseudobulk_de_targeted_SubclassLevel1_IC_aki_vs_normal.csv
,targeted_SubclassLevel1_IC_aki_vs_normal,acute kidney injury vs normal,ENSG00000243649,CFB,alternative,True,2327,100,11.571081712680902,0.832376912102096,0.4315861999957545,0.1169230751220999,0.3132643914461226,0.1169230751220999,0.3132643914461226,True,0.0537748490707944,0.2765736309326661,False,,,,,,,,,,pseudobulk_de_targeted_SubclassLevel1_IC_aki_vs_normal.csv
,targeted_SubclassLevel1_IC_aki_vs_normal,acute kidney injury vs normal,ENSG00000197766,CFD,alternative,True,702,80,2.4818851905864054,0.2087438616068113,0.4370181251176168,0.0220447941831016,0.4476209241999573,0.0220447941831016,0.4476209241999573,True,0.6328958282620127,0.8544742978116057,False,,,,,,,,,,pseudobulk_de_targeted_SubclassLevel1_IC_aki_vs_normal.csv
,targeted_SubclassLevel1_IC_aki_vs_normal,acute kidney injury vs normal,ENSG00000126759,CFP,alternative,True,40,31,0.2149429242595396,0.3573884846245565,0.7382314839158572,-0.009873032277204,0.5300698945694094,-0.009873032277204,0.5300698945694094,True,0.6283046892012917,,False,,,,,,,,,,pseudobulk_de_targeted_SubclassLevel1_IC_aki_vs_normal.csv
,targeted_SubclassLevel1_IC_aki_vs_normal,acute kidney injury vs normal,ENSG00000173372,C1QA,classical,True,692,77,3.439629064165041,1.3978963314559194,0.5114501412814544,0.1704768438377899,0.4833627903184253,0.1704768438377899,0.4833627903184253,True,0.0062721933250265,0.0758767365065938,False,,,,,,,,,,pseudobulk_de_targeted_SubclassLevel1_IC_aki_vs_normal.csv
,targeted_SubclassLevel1_IC_aki_vs_normal,acute kidney injury vs normal,ENSG00000173369,C1QB,classical,True,537,60,2.0409649547887896,0.184410291541487,0.5679668451978469,0.0091816089754001,0.4158468213235644,0.0091816089754001,0.4158468213235644,True,0.7454195198273363,0.9055601482673102,False,,,,,,,,,,pseudobulk_de_targeted_SubclassLevel1_IC_aki_vs_normal.csv
,targeted_SubclassLevel1_IC_aki_vs_normal,acute kidney injury vs normal,ENSG00000159189,C1QC,classical,True,289,52,1.277260528543272,0.9743712876939068,0.6183763711638837,0.0581582177695681,0.3025623955421666,0.0581582177695681,0.3025623955421666,True,0.1150965832770227,0.4150998719502043,False,,,,,,,,,,pseudobulk_de_targeted_SubclassLevel1_IC_aki_vs_normal.csv
,targeted_SubclassLevel1_IC_aki_vs_normal,acute kidney injury vs normal,ENSG00000159403,C1R,classical,True,1268,84,4.464225746709981,1.3274050992431816,0.4231936843690017,1.0132867131757706,0.4184402396662552,1.0132867131757706,0.4184402396662552,True,0.0017089739257058,0.0311401341170158,True,,,,,,,,,,pseudobulk_de_targeted_SubclassLevel1_IC_aki_vs_normal.csv
,targeted_SubclassLevel1_IC_aki_vs_normal,acute kidney injury vs normal,ENSG00000182326,C1S,classical,True,5592,117,19.686925694877708,-0.0501544703241348,0.1727340720933585,-0.0217497462152845,0.1612730137261968,-0.0217497462152845,0.1612730137261968,True,0.7715434757704458,0.9174246295788596,False,,,,,,,,,,pseudobulk_de_targeted_SubclassLevel1_IC_aki_vs_normal.csv
,targeted_SubclassLevel1_IC_aki_vs_normal,acute kidney injury vs normal,ENSG00000166278,C2,classical,True,1865,114,7.474688219420531,-0.1698591519522822,0.2115261942443712,-0.0571563913991886,0.1910036795566299,-0.0571563913991886,0.1910036795566299,True,0.4219648485809369,0.733309938363389,False,,,,,,,,,,pseudobulk_de_targeted_SubclassLevel1_IC_aki_vs_normal.csv
,targeted_SubclassLevel1_IC_aki_vs_normal,acute kidney injury vs normal,ENSG00000244731,C4A,classical,True,30,20,0.1305320470168536,1.6555806849662404,0.9570971942606864,0.0630690603347532,0.5833558946487605,0.0630690603347532,0.5833558946487605,True,0.0836671426777863,,False,,,,,,,,,,pseudobulk_de_targeted_SubclassLevel1_IC_aki_vs_normal.csv
,targeted_SubclassLevel1_IC_aki_vs_normal,acute kidney injury vs normal,ENSG00000224389,C4B,classical,True,24,15,0.095633437456668,0.8988145766749944,1.216172356124069,0.0073414051400584,0.7046227067476747,0.0073414051400584,0.7046227067476747,True,0.4598754398447529,,False,,,,,,,,,,pseudobulk_de_targeted_SubclassLevel1_IC_aki_vs_normal.csv
,targeted_SubclassLevel1_IC_aki_vs_normal,acute kidney injury vs normal,ENSG00000123838,C4BPA,classical,True,135,45,0.6722411467028668,0.1664822647989397,0.6527718769459253,-0.0062236403557056,1.971306758579268,-0.0062236403557056,1.971306758579268,True,0.7986930032630186,,False,,,,,,,,,,pseudobulk_de_targeted_SubclassLevel1_IC_aki_vs_normal.csv
,targeted_SubclassLevel1_IC_aki_vs_normal,acute kidney injury vs normal,ENSG00000123843,C4BPB,classical,True,766,85,2.109984210057764,-0.3366579883629199,0.363165596001717,-0.0535076717992285,0.2645810212698121,-0.0535076717992285,0.2645810212698121,True,0.3539215578261148,0.6871880214577875,False,,,,,,,,,,pseudobulk_de_targeted_SubclassLevel1_IC_aki_vs_normal.csv
,targeted_SubclassLevel1_IC_aki_vs_normal,acute kidney injury vs normal,ENSG00000085265,FCN1,lectin,True,94,45,0.4169632867991351,1.0613792845315344,0.5757319809809326,0.0576367122122487,0.405971267382494,0.0576367122122487,0.405971267382494,True,0.0652516389676287,,False,,,,,,,,,,pseudobulk_de_targeted_SubclassLevel1_IC_aki_vs_normal.csv
,targeted_SubclassLevel1_IC_aki_vs_normal,acute kidney injury vs normal,ENSG00000160339,FCN2,lectin,False,19,15,,,,,,,,,,,False,,,,,,,,,,pseudobulk_de_targeted_SubclassLevel1_IC_aki_vs_normal.csv
,targeted_SubclassLevel1_IC_aki_vs_normal,acute kidney injury vs normal,ENSG00000142748,FCN3,lectin,True,209,41,0.443790678537714,0.2419637008693363,0.6835721963559024,0.0005726872238416,0.3704383505999483,0.0005726872238416,0.3704383505999483,True,0.7233617492438318,,False,,,,,,,,,,pseudobulk_de_targeted_SubclassLevel1_IC_aki_vs_normal.csv
,targeted_SubclassLevel1_IC_aki_vs_normal,acute kidney injury vs normal,ENSG00000127241,MASP1,lectin,True,158,53,0.7085551252866767,-0.1146357756699675,0.5815979320401311,-0.0234322956451324,0.2958599103696767,-0.0234322956451324,0.2958599103696767,True,0.843745484746655,,False,,,,,,,,,,pseudobulk_de_targeted_SubclassLevel1_IC_aki_vs_normal.csv
,targeted_SubclassLevel1_IC_aki_vs_normal,acute kidney injury vs normal,ENSG00000009724,MASP2,lectin,True,248,59,1.0531427008351286,0.1257409765911931,0.4544027927531758,0.002627350519775,0.3327114646436799,0.002627350519775,0.3327114646436799,True,0.7819974190104623,,False,,,,,,,,,,pseudobulk_de_targeted_SubclassLevel1_IC_aki_vs_normal.csv
,targeted_SubclassLevel1_IC_aki_vs_normal,acute kidney injury vs normal,ENSG00000165471,MBL2,lectin,False,3,2,,,,,,,,,,,False,,,,,,,,,,pseudobulk_de_targeted_SubclassLevel1_IC_aki_vs_normal.csv
,targeted_SubclassLevel1_IC_aki_vs_normal,acute kidney injury vs normal,ENSG00000171860,C3AR1,receptor,True,153,52,0.6181452732581136,0.1269610690374358,0.5132707110326674,-0.0036188657795242,0.2987860685372439,-0.0036188657795242,0.2987860685372439,True,0.804632000940009,,False,,,,,,,,,,pseudobulk_de_targeted_SubclassLevel1_IC_aki_vs_normal.csv
,targeted_SubclassLevel1_IC_aki_vs_normal,acute kidney injury vs normal,ENSG00000197405,C5AR1,receptor,True,2988,118,14.464099678432992,0.106498980657364,0.2610366564956503,0.0221020539717088,0.3443483111888369,0.0221020539717088,0.3443483111888369,True,0.6832848551367209,0.8799738119868781,False,,,,,,,,,,pseudobulk_de_targeted_SubclassLevel1_IC_aki_vs_normal.csv
,targeted_SubclassLevel1_IC_aki_vs_normal,acute kidney injury vs normal,ENSG00000134830,C5AR2,receptor,True,1942,104,6.716949190812832,0.1579189026690741,0.2499075492442207,0.0416827049446726,0.2552591517951666,0.0416827049446726,0.2552591517951666,True,0.5274461508097756,0.7930440348075891,False,,,,,,,,,,pseudobulk_de_targeted_SubclassLevel1_IC_aki_vs_normal.csv
,targeted_SubclassLevel1_IC_aki_vs_normal,acute kidney injury vs normal,ENSG00000203710,CR1,receptor,True,406,63,1.4193259909435338,-0.2417394889887012,0.5091308830706108,-0.023601647294186,0.3214060846528511,-0.023601647294186,0.3214060846528511,True,0.6349237286246194,0.8553576174060026,False,,,,,,,,,,pseudobulk_de_targeted_SubclassLevel1_IC_aki_vs_normal.csv
,targeted_SubclassLevel1_IC_aki_vs_normal,acute kidney injury vs normal,ENSG00000117322,CR2,receptor,True,217,55,0.971416989354434,0.2941135751559042,0.5681366378142432,0.0135271009985909,0.421238095226969,0.0135271009985909,0.421238095226969,True,0.6046808171055273,,False,,,,,,,,,,pseudobulk_de_targeted_SubclassLevel1_IC_aki_vs_normal.csv
,targeted_SubclassLevel1_IC_aki_vs_normal,acute kidney injury vs normal,ENSG00000169896,ITGAM,receptor,True,150,61,0.8774932999983094,0.535645259109564,0.4756731855854208,0.0381460479691724,0.3518307371386769,0.0381460479691724,0.3518307371386769,True,0.2601323720596774,,False,,,,,,,,,,pseudobulk_de_targeted_SubclassLevel1_IC_aki_vs_normal.csv
,targeted_SubclassLevel1_IC_aki_vs_normal,acute kidney injury vs normal,ENSG00000140678,ITGAX,receptor,True,120,46,0.8537263493555293,0.632813627215447,0.6077079688393568,0.0326176156995158,2.4527860551358978,0.0326176156995158,2.4527860551358978,True,0.2977307487288989,,False,,,,,,,,,,pseudobulk_de_targeted_SubclassLevel1_IC_aki_vs_normal.csv
,targeted_SubclassLevel1_IC_aki_vs_normal,acute kidney injury vs normal,ENSG00000155659,VSIG4,receptor,True,98,41,0.4644982794786249,0.4081400817536913,0.6585603984138846,0.0037759915649087,1.108813874548391,0.0037759915649087,1.108813874548391,True,0.5354251164657253,,False,,,,,,,,,,pseudobulk_de_targeted_SubclassLevel1_IC_aki_vs_normal.csv
,targeted_SubclassLevel1_IC_aki_vs_normal,acute kidney injury vs normal,ENSG00000117335,CD46,regulator,True,69820,121,239.45323458904087,-0.0164949672942864,0.1501437585785943,-0.0076864473997586,0.1408478429622087,-0.0076864473997586,0.1408478429622087,True,0.9125194868660688,0.9710584728159674,False,,,,,,,,,,pseudobulk_de_targeted_SubclassLevel1_IC_aki_vs_normal.csv
,targeted_SubclassLevel1_IC_aki_vs_normal,acute kidney injury vs normal,ENSG00000196352,CD55,regulator,True,14757,119,54.003454045511425,-0.398473778583602,0.1773602038366921,-0.2581942483579334,0.175258137797173,-0.2581942483579334,0.175258137797173,True,0.0246597079620514,0.1793756652833426,False,,,,,,,,,,pseudobulk_de_targeted_SubclassLevel1_IC_aki_vs_normal.csv
,targeted_SubclassLevel1_IC_aki_vs_normal,acute kidney injury vs normal,ENSG00000085063,CD59,regulator,True,48571,121,174.31774665594077,0.1834407480288432,0.2163094926350816,0.0613799281849463,0.1992897273340199,0.0613799281849463,0.1992897273340199,True,0.3964114571307844,0.7167546618891437,False,,,,,,,,,,pseudobulk_de_targeted_SubclassLevel1_IC_aki_vs_normal.csv
,targeted_SubclassLevel1_IC_aki_vs_normal,acute kidney injury vs normal,ENSG00000000971,CFH,regulator,True,1299,92,6.174388917300405,0.1613695189529214,0.4395521978335795,0.0183583462145941,0.2132110876793831,0.0183583462145941,0.2132110876793831,True,0.7135276155672015,0.8923260966463561,False,,,,,,,,,,pseudobulk_de_targeted_SubclassLevel1_IC_aki_vs_normal.csv
,targeted_SubclassLevel1_IC_aki_vs_normal,acute kidney injury vs normal,ENSG00000205403,CFI,regulator,True,8548,120,37.15853556439086,1.2228986184541155,0.2021426469220748,1.1528301328184047,0.2038748371092805,1.1528301328184047,0.2038748371092805,True,1.45132531537536e-09,5.371717823533052e-07,True,,,,,,,,,,pseudobulk_de_targeted_SubclassLevel1_IC_aki_vs_normal.csv
,targeted_SubclassLevel1_IC_aki_vs_normal,acute kidney injury vs normal,ENSG00000149131,SERPING1,regulator,True,13499,119,59.97201205290052,1.781237662950616,0.2935080371425165,1.6697260988440457,0.3057364751105016,1.6697260988440457,0.3057364751105016,True,1.2888020427427154e-09,5.01456630391674e-07,True,,,,,,,,,,pseudobulk_de_targeted_SubclassLevel1_IC_aki_vs_normal.csv
,targeted_SubclassLevel1_IC_aki_vs_normal,acute kidney injury vs normal,ENSG00000106804,C5,terminal,True,1530,105,5.648791795104824,0.2856435616701392,0.2470336795207476,0.0800570745937103,0.2775312994857573,0.0800570745937103,0.2775312994857573,True,0.2475609213073544,0.5894086475403991,False,,,,,,,,,,pseudobulk_de_targeted_SubclassLevel1_IC_aki_vs_normal.csv
,targeted_SubclassLevel1_IC_aki_vs_normal,acute kidney injury vs normal,ENSG00000039537,C6,terminal,True,2845,105,8.525150221359056,0.6463483427434056,0.3541545999414082,0.1086193542539665,0.552799125732023,0.1086193542539665,0.552799125732023,True,0.0679941277298439,0.3130302340628161,False,,,,,,,,,,pseudobulk_de_targeted_SubclassLevel1_IC_aki_vs_normal.csv
,targeted_SubclassLevel1_IC_aki_vs_normal,acute kidney injury vs normal,ENSG00000112936,C7,terminal,True,5652,102,18.876829219895846,0.4844105617616001,0.4483815663684516,0.0556906108286647,0.4023707926396512,0.0556906108286647,0.4023707926396512,True,0.2799848267652121,0.6232903719905949,False,,,,,,,,,,pseudobulk_de_targeted_SubclassLevel1_IC_aki_vs_normal.csv
,targeted_SubclassLevel1_IC_aki_vs_normal,acute kidney injury vs normal,ENSG00000157131,C8A,terminal,True,61,36,0.3144545590549126,0.1994159451356393,0.7341574576911173,-0.0159074732343936,0.3548161763738981,-0.0159074732343936,0.3548161763738981,True,0.7859099288315143,,False,,,,,,,,,,pseudobulk_de_targeted_SubclassLevel1_IC_aki_vs_normal.csv
,targeted_SubclassLevel1_IC_aki_vs_normal,acute kidney injury vs normal,ENSG00000021852,C8B,terminal,True,37,18,0.1246365150181949,0.8068092396512248,1.1264801100038713,0.0100695398305855,0.3253069054454949,0.0100695398305855,0.3253069054454949,True,0.4738546082946708,,False,,,,,,,,,,pseudobulk_de_targeted_SubclassLevel1_IC_aki_vs_normal.csv
,targeted_SubclassLevel1_IC_aki_vs_normal,acute kidney injury vs normal,ENSG00000176919,C8G,terminal,True,54,34,0.1797622171774722,0.2245103174105125,0.7359522130261197,-0.0125836750934014,0.4603981821020199,-0.0125836750934014,0.4603981821020199,True,0.7603196944308062,,False,,,,,,,,,,pseudobulk_de_targeted_SubclassLevel1_IC_aki_vs_normal.csv
,targeted_SubclassLevel1_IC_aki_vs_normal,acute kidney injury vs normal,ENSG00000113600,C9,terminal,True,4398,110,15.562598261619495,0.2644766330283343,0.2664180966909654,0.0661396662541545,0.2338779348108145,0.0661396662541545,0.2338779348108145,True,0.3208499750366534,0.6615101529042133,False,,,,,,,,,,pseudobulk_de_targeted_SubclassLevel1_IC_aki_vs_normal.csv
,targeted_SubclassLevel1_IC_ckd_vs_normal,chronic kidney disease vs normal,ENSG00000125730,C3,alternative,True,812,110,2.919570443146017,-0.6509510685097497,0.5768189496561861,-0.0320937732751434,0.297385657487875,-0.0320937732751434,0.297385657487875,True,0.2591008527503332,0.555402434273309,False,,,,,,,,,,pseudobulk_de_targeted_SubclassLevel1_IC_ckd_vs_normal.csv
,targeted_SubclassLevel1_IC_ckd_vs_normal,chronic kidney disease vs normal,ENSG00000243649,CFB,alternative,True,2262,134,7.775533870354034,-0.8241505126444437,0.5016553471168756,-0.0826600130807807,0.3426647899819338,-0.0826600130807807,0.3426647899819338,True,0.1004114864274875,0.3686870509880137,False,,,,,,,,,,pseudobulk_de_targeted_SubclassLevel1_IC_ckd_vs_normal.csv
,targeted_SubclassLevel1_IC_ckd_vs_normal,chronic kidney disease vs normal,ENSG00000197766,CFD,alternative,True,788,115,2.203741224234723,-0.1805148312626386,0.4074900451789115,-0.0195704405958511,0.3161754649894853,-0.0195704405958511,0.3161754649894853,True,0.6577715191305704,0.8390975595009189,False,,,,,,,,,,pseudobulk_de_targeted_SubclassLevel1_IC_ckd_vs_normal.csv
,targeted_SubclassLevel1_IC_ckd_vs_normal,chronic kidney disease vs normal,ENSG00000126759,CFP,alternative,True,49,39,0.3204666969231838,0.2886298337857933,0.8438334893601137,0.0063438088442487,0.5132565279470324,0.0063438088442487,0.5132565279470324,True,0.7323163067600622,,False,,,,,,,,,,pseudobulk_de_targeted_SubclassLevel1_IC_ckd_vs_normal.csv
,targeted_SubclassLevel1_IC_ckd_vs_normal,chronic kidney disease vs normal,ENSG00000173372,C1QA,classical,True,733,100,2.148502323885131,-0.739855848364437,0.5502804156911826,-0.0390502258501603,0.3207066174553834,-0.0390502258501603,0.3207066174553834,True,0.1787845075806037,0.4779405505118806,False,,,,,,,,,,pseudobulk_de_targeted_SubclassLevel1_IC_ckd_vs_normal.csv
,targeted_SubclassLevel1_IC_ckd_vs_normal,chronic kidney disease vs normal,ENSG00000173369,C1QB,classical,True,600,84,1.5659120952391463,-0.3264262506828003,0.578592668336171,-0.0182703669011076,0.274903512863569,-0.0182703669011076,0.274903512863569,True,0.5726365313166502,0.7899160511958189,False,,,,,,,,,,pseudobulk_de_targeted_SubclassLevel1_IC_ckd_vs_normal.csv
,targeted_SubclassLevel1_IC_ckd_vs_normal,chronic kidney disease vs normal,ENSG00000159189,C1QC,classical,True,310,72,0.8890211352870949,-1.561649757794515,0.6590583216905282,-0.0817527872339044,0.4509091770087379,-0.0817527872339044,0.4509091770087379,True,0.0178113464406936,,False,,,,,,,,,,pseudobulk_de_targeted_SubclassLevel1_IC_ckd_vs_normal.csv
,targeted_SubclassLevel1_IC_ckd_vs_normal,chronic kidney disease vs normal,ENSG00000159403,C1R,classical,True,1306,118,3.5476128407391663,-0.487135241458355,0.4876157626888377,-0.036428729552073,0.2932167131643335,-0.036428729552073,0.2932167131643335,True,0.3177876432197566,0.6052339000192816,False,,,,,,,,,,pseudobulk_de_targeted_SubclassLevel1_IC_ckd_vs_normal.csv
,targeted_SubclassLevel1_IC_ckd_vs_normal,chronic kidney disease vs normal,ENSG00000182326,C1S,classical,True,6732,167,19.706670855614547,0.0916245316520092,0.16227812153012,0.0387897163256496,0.1581064643921083,0.0387897163256496,0.1581064643921083,True,0.5723362051083877,0.7898817797255774,False,,,,,,,,,,pseudobulk_de_targeted_SubclassLevel1_IC_ckd_vs_normal.csv
,targeted_SubclassLevel1_IC_ckd_vs_normal,chronic kidney disease vs normal,ENSG00000166278,C2,classical,True,2260,160,7.558549887889447,-0.2696742680427957,0.207980828039678,-0.0932449099876767,0.2071213540010032,-0.0932449099876767,0.2071213540010032,True,0.194758381099764,0.493697416065526,False,,,,,,,,,,pseudobulk_de_targeted_SubclassLevel1_IC_ckd_vs_normal.csv
,targeted_SubclassLevel1_IC_ckd_vs_normal,chronic kidney disease vs normal,ENSG00000244731,C4A,classical,True,32,22,0.1453308900436044,-0.0439341139708705,1.264895434738855,-0.0054579066878645,0.5614748935211092,-0.0054579066878645,0.5614748935211092,True,0.9722923308680436,,False,,,,,,,,,,pseudobulk_de_targeted_SubclassLevel1_IC_ckd_vs_normal.csv
,targeted_SubclassLevel1_IC_ckd_vs_normal,chronic kidney disease vs normal,ENSG00000224389,C4B,classical,True,27,17,0.0574300277275457,-0.1484401079041244,1.4707864266842456,-0.0030605469786066,0.4563670172892952,-0.0030605469786066,0.4563670172892952,True,0.9196094641580748,,False,,,,,,,,,,pseudobulk_de_targeted_SubclassLevel1_IC_ckd_vs_normal.csv
,targeted_SubclassLevel1_IC_ckd_vs_normal,chronic kidney disease vs normal,ENSG00000123838,C4BPA,classical,True,161,67,0.5678401922557326,0.0313384006769613,0.6404693138005917,0.0012929676458691,0.6071656994263532,0.0012929676458691,0.6071656994263532,True,0.9609747858591436,,False,,,,,,,,,,pseudobulk_de_targeted_SubclassLevel1_IC_ckd_vs_normal.csv
,targeted_SubclassLevel1_IC_ckd_vs_normal,chronic kidney disease vs normal,ENSG00000123843,C4BPB,classical,True,944,124,2.482304374379543,-0.6746381548758368,0.3534026651151871,-0.1245460705620154,0.3297555017480734,-0.1245460705620154,0.3297555017480734,True,0.056264841406334,0.2814293468848052,False,,,,,,,,,,pseudobulk_de_targeted_SubclassLevel1_IC_ckd_vs_normal.csv
,targeted_SubclassLevel1_IC_ckd_vs_normal,chronic kidney disease vs normal,ENSG00000085265,FCN1,lectin,True,113,54,0.3582891638651216,0.2083800690798015,0.6945969431851449,0.0023602918551401,0.3703313901222391,0.0023602918551401,0.3703313901222391,True,0.7641760727042957,,False,,,,,,,,,,pseudobulk_de_targeted_SubclassLevel1_IC_ckd_vs_normal.csv
,targeted_SubclassLevel1_IC_ckd_vs_normal,chronic kidney disease vs normal,ENSG00000160339,FCN2,lectin,False,18,14,,,,,,,,,,,False,,,,,,,,,,pseudobulk_de_targeted_SubclassLevel1_IC_ckd_vs_normal.csv
,targeted_SubclassLevel1_IC_ckd_vs_normal,chronic kidney disease vs normal,ENSG00000142748,FCN3,lectin,True,224,59,0.4072329068923649,-1.0454911746052595,0.7164892105634906,-0.0494548657262465,0.3972852776844766,-0.0494548657262465,0.3972852776844766,True,0.144513863645693,,False,,,,,,,,,,pseudobulk_de_targeted_SubclassLevel1_IC_ckd_vs_normal.csv
,targeted_SubclassLevel1_IC_ckd_vs_normal,chronic kidney disease vs normal,ENSG00000127241,MASP1,lectin,True,209,79,0.9331787022796064,-0.0229998735726763,0.6005734845052763,-0.0029745506083307,0.382774091217439,-0.0029745506083307,0.382774091217439,True,0.9694512665694488,0.9890883954103874,False,,,,,,,,,,pseudobulk_de_targeted_SubclassLevel1_IC_ckd_vs_normal.csv
,targeted_SubclassLevel1_IC_ckd_vs_normal,chronic kidney disease vs normal,ENSG00000009724,MASP2,lectin,True,317,88,1.198596970807675,-0.4667050501875939,0.5004861122137276,-0.0397655868651664,0.3649610901206928,-0.0397655868651664,0.3649610901206928,True,0.351076379923808,0.6335360949819974,False,,,,,,,,,,pseudobulk_de_targeted_SubclassLevel1_IC_ckd_vs_normal.csv
,targeted_SubclassLevel1_IC_ckd_vs_normal,chronic kidney disease vs normal,ENSG00000165471,MBL2,lectin,False,6,4,,,,,,,,,,,False,,,,,,,,,,pseudobulk_de_targeted_SubclassLevel1_IC_ckd_vs_normal.csv
,targeted_SubclassLevel1_IC_ckd_vs_normal,chronic kidney disease vs normal,ENSG00000171860,C3AR1,receptor,True,172,64,0.4964281333574211,-0.443902744970888,0.5774439535951815,-0.0300075133143167,0.365022088958167,-0.0300075133143167,0.365022088958167,True,0.4420492368364662,,False,,,,,,,,,,pseudobulk_de_targeted_SubclassLevel1_IC_ckd_vs_normal.csv
,targeted_SubclassLevel1_IC_ckd_vs_normal,chronic kidney disease vs normal,ENSG00000197405,C5AR1,receptor,True,3702,164,14.080146867267876,0.4164005918441303,0.2636032768599439,0.1025577932976544,0.2625439076590142,0.1025577932976544,0.2625439076590142,True,0.114187324025874,0.3916397382889992,False,,,,,,,,,,pseudobulk_de_targeted_SubclassLevel1_IC_ckd_vs_normal.csv
,targeted_SubclassLevel1_IC_ckd_vs_normal,chronic kidney disease vs normal,ENSG00000134830,C5AR2,receptor,True,2455,159,8.281387307504252,0.47363751475551,0.2113153047489547,0.253842514760675,0.2120061121819364,0.253842514760675,0.2120061121819364,True,0.0250015881988241,0.187621975523855,False,,,,,,,,,,pseudobulk_de_targeted_SubclassLevel1_IC_ckd_vs_normal.csv
,targeted_SubclassLevel1_IC_ckd_vs_normal,chronic kidney disease vs normal,ENSG00000203710,CR1,receptor,True,473,87,1.287664742183654,-0.3200418275223614,0.532122384688245,-0.0189935063329722,0.3410070815415661,-0.0189935063329722,0.3410070815415661,True,0.5475442849534282,0.7744781662880733,False,,,,,,,,,,pseudobulk_de_targeted_SubclassLevel1_IC_ckd_vs_normal.csv
,targeted_SubclassLevel1_IC_ckd_vs_normal,chronic kidney disease vs normal,ENSG00000117322,CR2,receptor,True,261,81,0.8551973338485827,-0.1448128012342801,0.5744426763571072,-0.0089897872581912,0.3898496104101379,-0.0089897872581912,0.3898496104101379,True,0.8009694177890506,,False,,,,,,,,,,pseudobulk_de_targeted_SubclassLevel1_IC_ckd_vs_normal.csv
,targeted_SubclassLevel1_IC_ckd_vs_normal,chronic kidney disease vs normal,ENSG00000169896,ITGAM,receptor,True,181,81,0.6965341477385416,0.3806815288267148,0.5207780497989505,0.0247435878934588,0.3620421032784212,0.0247435878934588,0.3620421032784212,True,0.464787627690659,,False,,,,,,,,,,pseudobulk_de_targeted_SubclassLevel1_IC_ckd_vs_normal.csv
,targeted_SubclassLevel1_IC_ckd_vs_normal,chronic kidney disease vs normal,ENSG00000140678,ITGAX,receptor,True,122,53,0.5294589005783658,-1.178493506438106,0.7655818322384351,-0.0623257555527807,0.7281095025078168,-0.0623257555527807,0.7281095025078168,True,0.1237204310894471,,False,,,,,,,,,,pseudobulk_de_targeted_SubclassLevel1_IC_ckd_vs_normal.csv
,targeted_SubclassLevel1_IC_ckd_vs_normal,chronic kidney disease vs normal,ENSG00000155659,VSIG4,receptor,True,99,48,0.2690857291881909,-0.3766697920893559,0.7280815013254955,-0.028729404453633,0.3530099615131081,-0.028729404453633,0.3530099615131081,True,0.6049148977214156,,False,,,,,,,,,,pseudobulk_de_targeted_SubclassLevel1_IC_ckd_vs_normal.csv
,targeted_SubclassLevel1_IC_ckd_vs_normal,chronic kidney disease vs normal,ENSG00000117335,CD46,regulator,True,82625,169,232.5388834453226,-0.1875842332259205,0.1850032869037835,-0.0781032425705659,0.175487027405782,-0.0781032425705659,0.175487027405782,True,0.3106062231174261,0.5983169325127186,False,,,,,,,,,,pseudobulk_de_targeted_SubclassLevel1_IC_ckd_vs_normal.csv
,targeted_SubclassLevel1_IC_ckd_vs_normal,chronic kidney disease vs normal,ENSG00000196352,CD55,regulator,True,17402,168,49.9181974733405,-0.3304988516256427,0.1897609368672455,-0.1802713416886982,0.1718130363466158,-0.1802713416886982,0.1718130363466158,True,0.081568123319723,0.335309768899002,False,,,,,,,,,,pseudobulk_de_targeted_SubclassLevel1_IC_ckd_vs_normal.csv
,targeted_SubclassLevel1_IC_ckd_vs_normal,chronic kidney disease vs normal,ENSG00000085063,CD59,regulator,True,55285,169,156.9506175608772,-0.1869771079414265,0.2396540837134497,-0.0533631648462401,0.2080627937991842,-0.0533631648462401,0.2080627937991842,True,0.4352756381124757,0.6975697393994301,False,,,,,,,,,,pseudobulk_de_targeted_SubclassLevel1_IC_ckd_vs_normal.csv
,targeted_SubclassLevel1_IC_ckd_vs_normal,chronic kidney disease vs normal,ENSG00000000971,CFH,regulator,True,1461,129,5.011441460605735,-1.729547397846882,0.4782629173777383,-1.4262634713645286,0.4578827708548063,-1.4262634713645286,0.4578827708548063,True,0.000298831445873,0.0145509068651596,True,,,,,,,,,,pseudobulk_de_targeted_SubclassLevel1_IC_ckd_vs_normal.csv
,targeted_SubclassLevel1_IC_ckd_vs_normal,chronic kidney disease vs normal,ENSG00000205403,CFI,regulator,True,9195,167,28.809309057887702,-0.1412620983485991,0.2274705886856106,-0.039522681226908,0.2063207788054694,-0.039522681226908,0.2063207788054694,True,0.534591342623395,0.7676761179287671,False,,,,,,,,,,pseudobulk_de_targeted_SubclassLevel1_IC_ckd_vs_normal.csv
,targeted_SubclassLevel1_IC_ckd_vs_normal,chronic kidney disease vs normal,ENSG00000149131,SERPING1,regulator,True,11855,164,32.44846898843748,-0.1835836602612644,0.2924647275561092,-0.0370113178031685,0.2458524029264311,-0.0370113178031685,0.2458524029264311,True,0.5301925305398358,0.7648766126212585,False,,,,,,,,,,pseudobulk_de_targeted_SubclassLevel1_IC_ckd_vs_normal.csv
,targeted_SubclassLevel1_IC_ckd_vs_normal,chronic kidney disease vs normal,ENSG00000106804,C5,terminal,True,1719,147,4.847770061713481,-0.0739433275239879,0.2706688605055345,-0.0155133345856927,0.2702589334142474,-0.0155133345856927,0.2702589334142474,True,0.7847091501321672,0.9045275512781554,False,,,,,,,,,,pseudobulk_de_targeted_SubclassLevel1_IC_ckd_vs_normal.csv
,targeted_SubclassLevel1_IC_ckd_vs_normal,chronic kidney disease vs normal,ENSG00000039537,C6,terminal,True,2872,148,6.976731986288598,-0.3337117289454273,0.393012828631513,-0.0385292021864069,0.3360138571928906,-0.0385292021864069,0.3360138571928906,True,0.3958192285338288,0.6692956308129546,False,,,,,,,,,,pseudobulk_de_targeted_SubclassLevel1_IC_ckd_vs_normal.csv
,targeted_SubclassLevel1_IC_ckd_vs_normal,chronic kidney disease vs normal,ENSG00000112936,C7,terminal,True,7168,153,21.75637248998548,0.1355358389330053,0.4298525335838241,0.0114844380841229,0.2685478131148717,0.0114844380841229,0.2685478131148717,True,0.7525279946582139,0.8898218500511771,False,,,,,,,,,,pseudobulk_de_targeted_SubclassLevel1_IC_ckd_vs_normal.csv
,targeted_SubclassLevel1_IC_ckd_vs_normal,chronic kidney disease vs normal,ENSG00000157131,C8A,terminal,True,79,50,0.3428241994644158,0.4197645500756181,0.7386013904022157,0.014699091277343,0.4145794138214376,0.014699091277343,0.4145794138214376,True,0.5698153039202343,,False,,,,,,,,,,pseudobulk_de_targeted_SubclassLevel1_IC_ckd_vs_normal.csv
,targeted_SubclassLevel1_IC_ckd_vs_normal,chronic kidney disease vs normal,ENSG00000021852,C8B,terminal,True,46,25,0.2219505482097353,0.1729335117545664,1.2274756950015733,0.0027585283803357,0.551526228160377,0.0027585283803357,0.551526228160377,True,0.8879604070418752,,False,,,,,,,,,,pseudobulk_de_targeted_SubclassLevel1_IC_ckd_vs_normal.csv
,targeted_SubclassLevel1_IC_ckd_vs_normal,chronic kidney disease vs normal,ENSG00000176919,C8G,terminal,True,64,40,0.1659603655361579,-0.199622547583586,0.7817968379878115,-0.021406277646803,0.5161332285859582,-0.021406277646803,0.5161332285859582,True,0.7984619473627672,,False,,,,,,,,,,pseudobulk_de_targeted_SubclassLevel1_IC_ckd_vs_normal.csv
,targeted_SubclassLevel1_IC_ckd_vs_normal,chronic kidney disease vs normal,ENSG00000113600,C9,terminal,True,6653,156,20.80244465448841,0.5335716021078085,0.2673693012048233,0.1553977561089933,0.274784377794791,0.1553977561089933,0.274784377794791,True,0.0459736397585401,0.2562451526045459,False,,,,,,,,,,pseudobulk_de_targeted_SubclassLevel1_IC_ckd_vs_normal.csv
,targeted_SubclassLevel1_Lymphoid_aki_vs_ckd,acute kidney injury vs chronic kidney disease,ENSG00000125730,C3,alternative,True,1633,72,6.01591124329393,2.880344473296107,0.4696012912367889,2.7457889476604547,0.502817897525057,2.7457889476604547,0.502817897525057,True,8.591468097127692e-10,6.5505648506550095e-06,True,,,,,,,,,,pseudobulk_de_targeted_SubclassLevel1_Lymphoid_aki_vs_ckd.csv
,targeted_SubclassLevel1_Lymphoid_aki_vs_ckd,acute kidney injury vs chronic kidney disease,ENSG00000243649,CFB,alternative,True,788,60,2.461012917469763,1.812104295876542,0.532212552702632,1.4611891933953078,0.6048471188656263,1.4611891933953078,0.6048471188656263,True,0.000662002303557,0.1463025090861006,False,,,,,,,,,,pseudobulk_de_targeted_SubclassLevel1_Lymphoid_aki_vs_ckd.csv
,targeted_SubclassLevel1_Lymphoid_aki_vs_ckd,acute kidney injury vs chronic kidney disease,ENSG00000197766,CFD,alternative,True,346,63,1.6349521280261714,-0.8019993352025356,0.5504655045141453,-0.0083455475092937,0.0710619352476674,-0.0083455475092937,0.0710619352476674,True,0.1451308755072443,0.8209478686409594,False,,,,,,,,,,pseudobulk_de_targeted_SubclassLevel1_Lymphoid_aki_vs_ckd.csv
,targeted_SubclassLevel1_Lymphoid_aki_vs_ckd,acute kidney injury vs chronic kidney disease,ENSG00000126759,CFP,alternative,True,69,39,0.3692254617581815,-0.1355861302077753,0.6761746717536582,0.000183427239292,0.0665158389550411,0.000183427239292,0.0665158389550411,True,0.8410743978055732,,False,,,,,,,,,,pseudobulk_de_targeted_SubclassLevel1_Lymphoid_aki_vs_ckd.csv
,targeted_SubclassLevel1_Lymphoid_aki_vs_ckd,acute kidney injury vs chronic kidney disease,ENSG00000173372,C1QA,classical,True,1640,77,4.860922563016183,1.828677969058538,0.4920172591396636,1.5416245625724476,0.5289327141196543,1.5416245625724476,0.5289327141196543,True,0.0002018460571019,0.0809986980196681,False,,,,,,,,,,pseudobulk_de_targeted_SubclassLevel1_Lymphoid_aki_vs_ckd.csv
,targeted_SubclassLevel1_Lymphoid_aki_vs_ckd,acute kidney injury vs chronic kidney disease,ENSG00000173369,C1QB,classical,True,1225,66,3.5766816201988862,2.160209534182242,0.5263560704147673,1.8995454724761365,0.5872531634066451,1.8995454724761365,0.5872531634066451,True,4.059199433238754e-05,0.0294755867416465,True,,,,,,,,,,pseudobulk_de_targeted_SubclassLevel1_Lymphoid_aki_vs_ckd.csv
,targeted_SubclassLevel1_Lymphoid_aki_vs_ckd,acute kidney injury vs chronic kidney disease,ENSG00000159189,C1QC,classical,True,705,57,2.045097514009625,1.9084772581060745,0.5720453425744544,1.558733861670697,0.6791779282272272,1.558733861670697,0.6791779282272272,True,0.0008492157904895,0.1681778128464243,False,,,,,,,,,,pseudobulk_de_targeted_SubclassLevel1_Lymphoid_aki_vs_ckd.csv
,targeted_SubclassLevel1_Lymphoid_aki_vs_ckd,acute kidney injury vs chronic kidney disease,ENSG00000159403,C1R,classical,True,1035,74,4.255888011847579,0.1682279412104233,0.4235723563576918,0.0031260078191414,0.070517822226895,0.0031260078191414,0.070517822226895,True,0.6912460924596873,0.9749791993745158,False,,,,,,,,,,pseudobulk_de_targeted_SubclassLevel1_Lymphoid_aki_vs_ckd.csv
,targeted_SubclassLevel1_Lymphoid_aki_vs_ckd,acute kidney injury vs chronic kidney disease,ENSG00000182326,C1S,classical,True,1656,92,7.264324549927587,0.4438970462815609,0.2343215842160106,0.0287114017489489,0.0768175246213185,0.0287114017489489,0.0768175246213185,True,0.0581729342807355,0.7178080525430268,False,,,,,,,,,,pseudobulk_de_targeted_SubclassLevel1_Lymphoid_aki_vs_ckd.csv
,targeted_SubclassLevel1_Lymphoid_aki_vs_ckd,acute kidney injury vs chronic kidney disease,ENSG00000166278,C2,classical,True,617,75,3.112328291576357,0.3731022094703691,0.3876581126005924,0.0077507260384679,0.0686676232734122,0.0077507260384679,0.0686676232734122,True,0.3358227542823578,0.9140825932865736,False,,,,,,,,,,pseudobulk_de_targeted_SubclassLevel1_Lymphoid_aki_vs_ckd.csv
,targeted_SubclassLevel1_Lymphoid_aki_vs_ckd,acute kidney injury vs chronic kidney disease,ENSG00000244731,C4A,classical,True,24,14,0.0645189254127248,0.1448521490406278,1.3865134764758291,0.0018794570999929,0.0569219193623844,0.0018794570999929,0.0569219193623844,True,0.9167946082182602,,False,,,,,,,,,,pseudobulk_de_targeted_SubclassLevel1_Lymphoid_aki_vs_ckd.csv
,targeted_SubclassLevel1_Lymphoid_aki_vs_ckd,acute kidney injury vs chronic kidney disease,ENSG00000224389,C4B,classical,True,21,14,0.0939437080889574,-0.4620634741177846,1.3776325943391603,0.0009915327745726,0.0739031246036258,0.0009915327745726,0.0739031246036258,True,0.7373203556623709,,False,,,,,,,,,,pseudobulk_de_targeted_SubclassLevel1_Lymphoid_aki_vs_ckd.csv
,targeted_SubclassLevel1_Lymphoid_aki_vs_ckd,acute kidney injury vs chronic kidney disease,ENSG00000123838,C4BPA,classical,True,29,19,0.1777430359307395,-0.2317408429404369,0.9986258560927472,0.0014231147774365,0.0646859277931754,0.0014231147774365,0.0646859277931754,True,0.8164916247331376,,False,,,,,,,,,,pseudobulk_de_targeted_SubclassLevel1_Lymphoid_aki_vs_ckd.csv
,targeted_SubclassLevel1_Lymphoid_aki_vs_ckd,acute kidney injury vs chronic kidney disease,ENSG00000123843,C4BPB,classical,False,13,13,,,,,,,,,,,False,,,,,,,,,,pseudobulk_de_targeted_SubclassLevel1_Lymphoid_aki_vs_ckd.csv
,targeted_SubclassLevel1_Lymphoid_aki_vs_ckd,acute kidney injury vs chronic kidney disease,ENSG00000085265,FCN1,lectin,True,205,40,0.8848292925668388,0.7360135458004221,0.6917349473394149,0.0045416164617009,0.0656375270220313,0.0045416164617009,0.0656375270220313,True,0.2873237473995306,0.8941701886078146,False,,,,,,,,,,pseudobulk_de_targeted_SubclassLevel1_Lymphoid_aki_vs_ckd.csv
,targeted_SubclassLevel1_Lymphoid_aki_vs_ckd,acute kidney injury vs chronic kidney disease,ENSG00000160339,FCN2,lectin,False,5,4,,,,,,,,,,,False,,,,,,,,,,pseudobulk_de_targeted_SubclassLevel1_Lymphoid_aki_vs_ckd.csv
,targeted_SubclassLevel1_Lymphoid_aki_vs_ckd,acute kidney injury vs chronic kidney disease,ENSG00000142748,FCN3,lectin,True,54,33,0.4174404404909523,-0.6445334067734141,0.9263357098331574,-0.0009264503539415,0.0664250364159364,-0.0009264503539415,0.0664250364159364,True,0.4865615134860442,,False,,,,,,,,,,pseudobulk_de_targeted_SubclassLevel1_Lymphoid_aki_vs_ckd.csv
,targeted_SubclassLevel1_Lymphoid_aki_vs_ckd,acute kidney injury vs chronic kidney disease,ENSG00000127241,MASP1,lectin,True,81,36,0.5520548289757968,-0.066765341426908,0.672663810075568,-0.0001059328050948,0.0615632159894843,-0.0001059328050948,0.0615632159894843,True,0.9209356946379428,,False,,,,,,,,,,pseudobulk_de_targeted_SubclassLevel1_Lymphoid_aki_vs_ckd.csv
,targeted_SubclassLevel1_Lymphoid_aki_vs_ckd,acute kidney injury vs chronic kidney disease,ENSG00000009724,MASP2,lectin,True,50,27,0.1679155772467732,0.1119014225259162,0.733014668452326,0.0050812047705046,0.0692653889574371,0.0050812047705046,0.0692653889574371,True,0.8786670483607366,,False,,,,,,,,,,pseudobulk_de_targeted_SubclassLevel1_Lymphoid_aki_vs_ckd.csv
,targeted_SubclassLevel1_Lymphoid_aki_vs_ckd,acute kidney injury vs chronic kidney disease,ENSG00000165471,MBL2,lectin,False,3,3,,,,,,,,,,,False,,,,,,,,,,pseudobulk_de_targeted_SubclassLevel1_Lymphoid_aki_vs_ckd.csv
,targeted_SubclassLevel1_Lymphoid_aki_vs_ckd,acute kidney injury vs chronic kidney disease,ENSG00000171860,C3AR1,receptor,True,285,63,1.3184864471293198,0.642288142957341,0.4232774473064491,0.0110843990015943,0.0668265566250237,0.0110843990015943,0.0668265566250237,True,0.1291615842982459,0.8063826678312636,False,,,,,,,,,,pseudobulk_de_targeted_SubclassLevel1_Lymphoid_aki_vs_ckd.csv
,targeted_SubclassLevel1_Lymphoid_aki_vs_ckd,acute kidney injury vs chronic kidney disease,ENSG00000197405,C5AR1,receptor,True,251,70,1.8550746584614937,0.5344366701369859,0.5067942821759949,0.0077605162628928,0.0669026904869363,0.0077605162628928,0.0669026904869363,True,0.291634107027731,0.8968162908291105,False,,,,,,,,,,pseudobulk_de_targeted_SubclassLevel1_Lymphoid_aki_vs_ckd.csv
,targeted_SubclassLevel1_Lymphoid_aki_vs_ckd,acute kidney injury vs chronic kidney disease,ENSG00000134830,C5AR2,receptor,True,86,44,0.5066398859078225,-0.7182453155188268,0.5956484578751389,-0.0051590784341075,0.064931750474897,-0.0051590784341075,0.064931750474897,True,0.2278865835894993,,False,,,,,,,,,,pseudobulk_de_targeted_SubclassLevel1_Lymphoid_aki_vs_ckd.csv
,targeted_SubclassLevel1_Lymphoid_aki_vs_ckd,acute kidney injury vs chronic kidney disease,ENSG00000203710,CR1,receptor,True,1465,84,5.602600269664789,0.7046091960789537,0.3918996422013928,0.0175273393187177,0.073340309481047,0.0175273393187177,0.073340309481047,True,0.07218766765057,0.7335397066379401,False,,,,,,,,,,pseudobulk_de_targeted_SubclassLevel1_Lymphoid_aki_vs_ckd.csv
,targeted_SubclassLevel1_Lymphoid_aki_vs_ckd,acute kidney injury vs chronic kidney disease,ENSG00000117322,CR2,receptor,True,458,63,1.8312569338381193,0.1616563520163502,0.549957969317557,0.0023255695183853,0.0687319508860848,0.0023255695183853,0.0687319508860848,True,0.7688013807936227,0.9843016754023002,False,,,,,,,,,,pseudobulk_de_targeted_SubclassLevel1_Lymphoid_aki_vs_ckd.csv
,targeted_SubclassLevel1_Lymphoid_aki_vs_ckd,acute kidney injury vs chronic kidney disease,ENSG00000169896,ITGAM,receptor,True,1051,94,6.421020726641907,0.1432914194637058,0.279556601444006,0.0056847288610056,0.0649634435932405,0.0056847288610056,0.0649634435932405,True,0.6082544148173321,0.9690152002705404,False,,,,,,,,,,pseudobulk_de_targeted_SubclassLevel1_Lymphoid_aki_vs_ckd.csv
,targeted_SubclassLevel1_Lymphoid_aki_vs_ckd,acute kidney injury vs chronic kidney disease,ENSG00000140678,ITGAX,receptor,True,693,73,3.6342991444580046,0.9124611051679687,0.4781168759384435,0.010199024691704,0.0671997927460524,0.010199024691704,0.0671997927460524,True,0.0563333624186591,0.7145318676695839,False,,,,,,,,,,pseudobulk_de_targeted_SubclassLevel1_Lymphoid_aki_vs_ckd.csv
,targeted_SubclassLevel1_Lymphoid_aki_vs_ckd,acute kidney injury vs chronic kidney disease,ENSG00000155659,VSIG4,receptor,True,179,41,0.8247408090474168,0.7924918426620814,0.6951139111237615,0.0071552665122799,0.070223110258926,0.0071552665122799,0.070223110258926,True,0.2542491529988611,0.8881775288164753,False,,,,,,,,,,pseudobulk_de_targeted_SubclassLevel1_Lymphoid_aki_vs_ckd.csv
,targeted_SubclassLevel1_Lymphoid_aki_vs_ckd,acute kidney injury vs chronic kidney disease,ENSG00000117335,CD46,regulator,True,7163,100,32.49295632447217,-0.3402000213275827,0.1786509114115333,-0.0316314445683665,0.0787072433216518,-0.0316314445683665,0.0787072433216518,True,0.0568747011612093,0.7164340933532809,False,,,,,,,,,,pseudobulk_de_targeted_SubclassLevel1_Lymphoid_aki_vs_ckd.csv
,targeted_SubclassLevel1_Lymphoid_aki_vs_ckd,acute kidney injury vs chronic kidney disease,ENSG00000196352,CD55,regulator,True,2255,93,10.410855730910964,-0.1588008359001932,0.2319292698576992,-0.009423763823504,0.0685106994168918,-0.009423763823504,0.0685106994168918,True,0.4935363382405687,0.9499006417844305,False,,,,,,,,,,pseudobulk_de_targeted_SubclassLevel1_Lymphoid_aki_vs_ckd.csv
,targeted_SubclassLevel1_Lymphoid_aki_vs_ckd,acute kidney injury vs chronic kidney disease,ENSG00000085063,CD59,regulator,True,4556,98,20.46395806911709,0.3881868715322341,0.2839158762368905,0.0138566325096431,0.0746715546125869,0.0138566325096431,0.0746715546125869,True,0.171543768826909,0.8412661530727893,False,,,,,,,,,,pseudobulk_de_targeted_SubclassLevel1_Lymphoid_aki_vs_ckd.csv
,targeted_SubclassLevel1_Lymphoid_aki_vs_ckd,acute kidney injury vs chronic kidney disease,ENSG00000000971,CFH,regulator,True,1351,87,6.587194086441715,0.212543376904332,0.3409645845640321,0.0062832799384673,0.0679305455481305,0.0062832799384673,0.0679305455481305,True,0.5330485680608872,0.9550285324120942,False,,,,,,,,,,pseudobulk_de_targeted_SubclassLevel1_Lymphoid_aki_vs_ckd.csv
,targeted_SubclassLevel1_Lymphoid_aki_vs_ckd,acute kidney injury vs chronic kidney disease,ENSG00000205403,CFI,regulator,True,1827,85,8.010725545756875,0.8732190927029736,0.4017030521813322,0.0143220109849724,0.0767136230385524,0.0143220109849724,0.0767136230385524,True,0.0297207200588741,0.6009134023368067,False,,,,,,,,,,pseudobulk_de_targeted_SubclassLevel1_Lymphoid_aki_vs_ckd.csv
,targeted_SubclassLevel1_Lymphoid_aki_vs_ckd,acute kidney injury vs chronic kidney disease,ENSG00000149131,SERPING1,regulator,True,2098,84,7.972851228813992,1.0009284139677128,0.3850660683065363,0.0199821214980096,0.0775858631609847,0.0199821214980096,0.0775858631609847,True,0.0093395591655138,0.4309122680556037,False,,,,,,,,,,pseudobulk_de_targeted_SubclassLevel1_Lymphoid_aki_vs_ckd.csv
,targeted_SubclassLevel1_Lymphoid_aki_vs_ckd,acute kidney injury vs chronic kidney disease,ENSG00000106804,C5,terminal,True,427,73,1.9652605596456665,-0.4348400719059207,0.3506906683661111,-0.0113591143985291,0.0655742799493478,-0.0113591143985291,0.0655742799493478,True,0.2149926462887583,0.8670181523693355,False,,,,,,,,,,pseudobulk_de_targeted_SubclassLevel1_Lymphoid_aki_vs_ckd.csv
,targeted_SubclassLevel1_Lymphoid_aki_vs_ckd,acute kidney injury vs chronic kidney disease,ENSG00000039537,C6,terminal,True,91,40,0.5091208026086426,-0.7450034987070174,0.6723601685742975,-0.0052138501980158,0.0650458975914596,-0.0052138501980158,0.0650458975914596,True,0.2678435538150109,,False,,,,,,,,,,pseudobulk_de_targeted_SubclassLevel1_Lymphoid_aki_vs_ckd.csv
,targeted_SubclassLevel1_Lymphoid_aki_vs_ckd,acute kidney injury vs chronic kidney disease,ENSG00000112936,C7,terminal,True,5203,94,23.52157849858333,-0.1712874625164646,0.4051958841648597,-0.0027901990406957,0.0755639750518847,-0.0027901990406957,0.0755639750518847,True,0.6724940541850549,0.9730378049774314,False,,,,,,,,,,pseudobulk_de_targeted_SubclassLevel1_Lymphoid_aki_vs_ckd.csv
,targeted_SubclassLevel1_Lymphoid_aki_vs_ckd,acute kidney injury vs chronic kidney disease,ENSG00000157131,C8A,terminal,False,11,7,,,,,,,,,,,False,,,,,,,,,,pseudobulk_de_targeted_SubclassLevel1_Lymphoid_aki_vs_ckd.csv
,targeted_SubclassLevel1_Lymphoid_aki_vs_ckd,acute kidney injury vs chronic kidney disease,ENSG00000021852,C8B,terminal,False,8,5,,,,,,,,,,,False,,,,,,,,,,pseudobulk_de_targeted_SubclassLevel1_Lymphoid_aki_vs_ckd.csv
,targeted_SubclassLevel1_Lymphoid_aki_vs_ckd,acute kidney injury vs chronic kidney disease,ENSG00000176919,C8G,terminal,False,14,12,,,,,,,,,,,False,,,,,,,,,,pseudobulk_de_targeted_SubclassLevel1_Lymphoid_aki_vs_ckd.csv
,targeted_SubclassLevel1_Lymphoid_aki_vs_ckd,acute kidney injury vs chronic kidney disease,ENSG00000113600,C9,terminal,True,89,41,0.5623923863579344,-0.2126050142041294,0.7121496848936762,0.0001125663395801,0.0726379271728068,0.0001125663395801,0.0726379271728068,True,0.7652912152254667,,False,,,,,,,,,,pseudobulk_de_targeted_SubclassLevel1_Lymphoid_aki_vs_ckd.csv
,targeted_SubclassLevel1_Lymphoid_aki_vs_normal,acute kidney injury vs normal,ENSG00000125730,C3,alternative,True,1324,59,7.573999192659681,2.851514802344656,0.5039116335466773,2.659213077911345,0.5246670288483083,2.659213077911345,0.5246670288483083,True,1.524709361982333e-08,5.139236563498353e-06,True,,,,,,,,,,pseudobulk_de_targeted_SubclassLevel1_Lymphoid_aki_vs_normal.csv
,targeted_SubclassLevel1_Lymphoid_aki_vs_normal,acute kidney injury vs normal,ENSG00000243649,CFB,alternative,True,703,58,3.665870218054187,1.5026630206066482,0.4443291383078661,1.1794892342494727,0.4579649939557718,1.1794892342494727,0.4579649939557718,True,0.0007199441996029,0.0180483002534089,True,,,,,,,,,,pseudobulk_de_targeted_SubclassLevel1_Lymphoid_aki_vs_normal.csv
,targeted_SubclassLevel1_Lymphoid_aki_vs_normal,acute kidney injury vs normal,ENSG00000197766,CFD,alternative,True,316,51,2.001762239891228,-0.1204532927100309,0.5124998571605988,-0.0083464472814789,0.2903264063986135,-0.0083464472814789,0.2903264063986135,True,0.8141847652342448,0.9293849338784363,False,,,,,,,,,,pseudobulk_de_targeted_SubclassLevel1_Lymphoid_aki_vs_normal.csv
,targeted_SubclassLevel1_Lymphoid_aki_vs_normal,acute kidney injury vs normal,ENSG00000126759,CFP,alternative,True,45,27,0.3860267092954895,0.3399788654261813,0.6667468618201241,0.0427196174328805,0.2404942064017346,0.0427196174328805,0.2404942064017346,True,0.6101166456269411,,False,,,,,,,,,,pseudobulk_de_targeted_SubclassLevel1_Lymphoid_aki_vs_normal.csv
,targeted_SubclassLevel1_Lymphoid_aki_vs_normal,acute kidney injury vs normal,ENSG00000173372,C1QA,classical,True,1331,69,6.99955512437506,1.4532127039370022,0.4412191566273105,1.148302280286789,0.4457920401461428,1.148302280286789,0.4457920401461428,True,0.0009890255221344,0.0224856460602122,True,,,,,,,,,,pseudobulk_de_targeted_SubclassLevel1_Lymphoid_aki_vs_normal.csv
,targeted_SubclassLevel1_Lymphoid_aki_vs_normal,acute kidney injury vs normal,ENSG00000173369,C1QB,classical,True,1112,64,6.0101489453052865,1.4271381016702294,0.4682080420634764,1.080160650234543,0.4666048432927443,1.080160650234543,0.4666048432927443,True,0.0023030445981174,0.039160052446261,True,,,,,,,,,,pseudobulk_de_targeted_SubclassLevel1_Lymphoid_aki_vs_normal.csv
,targeted_SubclassLevel1_Lymphoid_aki_vs_normal,acute kidney injury vs normal,ENSG00000159189,C1QC,classical,True,585,48,2.8683374805610056,1.6133271273881906,0.5992938958873094,1.0775436807933958,0.6321596846948447,1.0775436807933958,0.6321596846948447,True,0.0071015010277637,0.0783377418670138,False,,,,,,,,,,pseudobulk_de_targeted_SubclassLevel1_Lymphoid_aki_vs_normal.csv
,targeted_SubclassLevel1_Lymphoid_aki_vs_normal,acute kidney injury vs normal,ENSG00000159403,C1R,classical,True,717,69,4.4757408237376275,0.622716786077207,0.3546595694869613,0.1565133248548859,0.345068603870608,0.1565133248548859,0.345068603870608,True,0.0791199088300977,0.3112928857415289,False,,,,,,,,,,pseudobulk_de_targeted_SubclassLevel1_Lymphoid_aki_vs_normal.csv
,targeted_SubclassLevel1_Lymphoid_aki_vs_normal,acute kidney injury vs normal,ENSG00000182326,C1S,classical,True,1270,85,8.850322721658138,0.6011907397673987,0.20204544564286,0.4692589181636227,0.2009356003645012,0.4692589181636227,0.2009356003645012,True,0.0029249003349375,0.0451356304270853,True,,,,,,,,,,pseudobulk_de_targeted_SubclassLevel1_Lymphoid_aki_vs_normal.csv
,targeted_SubclassLevel1_Lymphoid_aki_vs_normal,acute kidney injury vs normal,ENSG00000166278,C2,classical,True,508,77,3.0690784237542896,0.8799601088341158,0.3098447981905178,0.6469067292934426,0.3199088871683254,0.6469067292934426,0.3199088871683254,True,0.0045113131274551,0.0594402224532787,False,,,,,,,,,,pseudobulk_de_targeted_SubclassLevel1_Lymphoid_aki_vs_normal.csv
,targeted_SubclassLevel1_Lymphoid_aki_vs_normal,acute kidney injury vs normal,ENSG00000244731,C4A,classical,True,24,15,0.1759507457509496,0.2938182562279813,1.0535364699852805,0.0318068659946285,0.6448099761863111,0.0318068659946285,0.6448099761863111,True,0.7803310859362753,,False,,,,,,,,,,pseudobulk_de_targeted_SubclassLevel1_Lymphoid_aki_vs_normal.csv
,targeted_SubclassLevel1_Lymphoid_aki_vs_normal,acute kidney injury vs normal,ENSG00000224389,C4B,classical,False,12,9,,,,,,,,,,,False,,,,,,,,,,pseudobulk_de_targeted_SubclassLevel1_Lymphoid_aki_vs_normal.csv
,targeted_SubclassLevel1_Lymphoid_aki_vs_normal,acute kidney injury vs normal,ENSG00000123838,C4BPA,classical,False,18,11,,,,,,,,,,,False,,,,,,,,,,pseudobulk_de_targeted_SubclassLevel1_Lymphoid_aki_vs_normal.csv
,targeted_SubclassLevel1_Lymphoid_aki_vs_normal,acute kidney injury vs normal,ENSG00000123843,C4BPB,classical,False,10,10,,,,,,,,,,,False,,,,,,,,,,pseudobulk_de_targeted_SubclassLevel1_Lymphoid_aki_vs_normal.csv
,targeted_SubclassLevel1_Lymphoid_aki_vs_normal,acute kidney injury vs normal,ENSG00000085265,FCN1,lectin,True,167,38,1.201131005550029,1.9430327084629109,0.5258055727554548,1.819649226865739,0.5817373008667102,1.819649226865739,0.5817373008667102,True,0.0002195888798807,0.0079343288128328,True,,,,,,,,,,pseudobulk_de_targeted_SubclassLevel1_Lymphoid_aki_vs_normal.csv
,targeted_SubclassLevel1_Lymphoid_aki_vs_normal,acute kidney injury vs normal,ENSG00000160339,FCN2,lectin,False,3,2,,,,,,,,,,,False,,,,,,,,,,pseudobulk_de_targeted_SubclassLevel1_Lymphoid_aki_vs_normal.csv
,targeted_SubclassLevel1_Lymphoid_aki_vs_normal,acute kidney injury vs normal,ENSG00000142748,FCN3,lectin,True,71,31,0.6656276175978472,-0.9913592788799996,0.7710747802879299,-0.0374443299972874,0.6108307258471499,-0.0374443299972874,0.6108307258471499,True,0.1985530182943495,,False,,,,,,,,,,pseudobulk_de_targeted_SubclassLevel1_Lymphoid_aki_vs_normal.csv
,targeted_SubclassLevel1_Lymphoid_aki_vs_normal,acute kidney injury vs normal,ENSG00000127241,MASP1,lectin,True,67,32,0.3714367185643678,-0.3943667050241619,0.5752273725960534,-0.0389597965685235,0.2916954286013716,-0.0389597965685235,0.2916954286013716,True,0.4929754497687328,,False,,,,,,,,,,pseudobulk_de_targeted_SubclassLevel1_Lymphoid_aki_vs_normal.csv
,targeted_SubclassLevel1_Lymphoid_aki_vs_normal,acute kidney injury vs normal,ENSG00000009724,MASP2,lectin,True,35,20,0.2149229852814544,-0.2506574144621328,0.7836381175376803,-0.0071633375660508,0.252762832110235,-0.0071633375660508,0.252762832110235,True,0.7490716306734531,,False,,,,,,,,,,pseudobulk_de_targeted_SubclassLevel1_Lymphoid_aki_vs_normal.csv
,targeted_SubclassLevel1_Lymphoid_aki_vs_normal,acute kidney injury vs normal,ENSG00000165471,MBL2,lectin,False,1,1,,,,,,,,,,,False,,,,,,,,,,pseudobulk_de_targeted_SubclassLevel1_Lymphoid_aki_vs_normal.csv
,targeted_SubclassLevel1_Lymphoid_aki_vs_normal,acute kidney injury vs normal,ENSG00000171860,C3AR1,receptor,True,303,68,2.5262179541035565,0.1514712114488793,0.3301267493612501,0.0339874870759759,0.2047018012783382,0.0339874870759759,0.2047018012783382,True,0.6463580877723469,0.8408354110219988,False,,,,,,,,,,pseudobulk_de_targeted_SubclassLevel1_Lymphoid_aki_vs_normal.csv
,targeted_SubclassLevel1_Lymphoid_aki_vs_normal,acute kidney injury vs normal,ENSG00000197405,C5AR1,receptor,True,252,61,2.353920682742134,0.0546725276364511,0.4884376576822432,0.0113870047906054,0.4347587449035043,0.0113870047906054,0.4347587449035043,True,0.9108761488242212,0.9662709535609848,False,,,,,,,,,,pseudobulk_de_targeted_SubclassLevel1_Lymphoid_aki_vs_normal.csv
,targeted_SubclassLevel1_Lymphoid_aki_vs_normal,acute kidney injury vs normal,ENSG00000134830,C5AR2,receptor,True,56,36,0.4576360463390315,-0.115246099279186,0.5924851598226165,0.0021454707515511,0.2728550740971899,0.0021454707515511,0.2728550740971899,True,0.8457741734756129,,False,,,,,,,,,,pseudobulk_de_targeted_SubclassLevel1_Lymphoid_aki_vs_normal.csv
,targeted_SubclassLevel1_Lymphoid_aki_vs_normal,acute kidney injury vs normal,ENSG00000203710,CR1,receptor,True,1221,69,6.779540470388559,0.7909175937029667,0.4242086740814762,0.1500239550569914,0.3712601458583676,0.1500239550569914,0.3712601458583676,True,0.0622579642526696,0.2718316293695477,False,,,,,,,,,,pseudobulk_de_targeted_SubclassLevel1_Lymphoid_aki_vs_normal.csv
,targeted_SubclassLevel1_Lymphoid_aki_vs_normal,acute kidney injury vs normal,ENSG00000117322,CR2,receptor,True,319,55,1.4467684826974003,0.317347209930008,0.4866503146492411,0.0411341995239206,0.3455622349512605,0.0411341995239206,0.3455622349512605,True,0.5143332976095242,0.7653132500621179,False,,,,,,,,,,pseudobulk_de_targeted_SubclassLevel1_Lymphoid_aki_vs_normal.csv
,targeted_SubclassLevel1_Lymphoid_aki_vs_normal,acute kidney injury vs normal,ENSG00000169896,ITGAM,receptor,True,897,80,6.516138036445824,0.6611441333233299,0.2823568140036565,0.3458780145436493,0.2877554546190293,0.3458780145436493,0.2877554546190293,True,0.019205395809896,0.1412606782235616,False,,,,,,,,,,pseudobulk_de_targeted_SubclassLevel1_Lymphoid_aki_vs_normal.csv
,targeted_SubclassLevel1_Lymphoid_aki_vs_normal,acute kidney injury vs normal,ENSG00000140678,ITGAX,receptor,True,741,77,5.450412422081928,0.165785236517364,0.433276625951931,0.0233768434541703,0.2090710061526468,0.0233768434541703,0.2090710061526468,True,0.7019930943716997,0.8736946330329871,False,,,,,,,,,,pseudobulk_de_targeted_SubclassLevel1_Lymphoid_aki_vs_normal.csv
,targeted_SubclassLevel1_Lymphoid_aki_vs_normal,acute kidney injury vs normal,ENSG00000155659,VSIG4,receptor,True,162,46,1.4115142246510295,0.3757867727670331,0.5247260375688404,0.0486923800463246,0.3872637083020618,0.0486923800463246,0.3872637083020618,True,0.4738937663985959,0.737393377737363,False,,,,,,,,,,pseudobulk_de_targeted_SubclassLevel1_Lymphoid_aki_vs_normal.csv
,targeted_SubclassLevel1_Lymphoid_aki_vs_normal,acute kidney injury vs normal,ENSG00000117335,CD46,regulator,True,6833,88,43.8161881103302,-0.3036590586322484,0.1221564662324129,-0.24322060607855,0.1224578981235234,-0.24322060607855,0.1224578981235234,True,0.0129253110076531,0.1114854083884132,False,,,,,,,,,,pseudobulk_de_targeted_SubclassLevel1_Lymphoid_aki_vs_normal.csv
,targeted_SubclassLevel1_Lymphoid_aki_vs_normal,acute kidney injury vs normal,ENSG00000196352,CD55,regulator,True,3213,86,22.05555482934568,-1.0776282813755984,0.2045664138566965,-0.9952783986626832,0.2095877747397227,-0.9952783986626832,0.2095877747397227,True,1.380194353969086e-07,2.9060168770525336e-05,True,,,,,,,,,,pseudobulk_de_targeted_SubclassLevel1_Lymphoid_aki_vs_normal.csv
,targeted_SubclassLevel1_Lymphoid_aki_vs_normal,acute kidney injury vs normal,ENSG00000085063,CD59,regulator,True,4232,88,28.961790196628613,-0.1828062434293824,0.2133661886208831,-0.0779424412741035,0.1952934378374353,-0.0779424412741035,0.1952934378374353,True,0.3915707286824007,0.6789941191418823,False,,,,,,,,,,pseudobulk_de_targeted_SubclassLevel1_Lymphoid_aki_vs_normal.csv
,targeted_SubclassLevel1_Lymphoid_aki_vs_normal,acute kidney injury vs normal,ENSG00000000971,CFH,regulator,True,1132,79,8.357078162944203,0.2544237891173183,0.2926327095298952,0.0694983965187098,0.2634204506530274,0.0694983965187098,0.2634204506530274,True,0.384611732580074,0.6742963956262121,False,,,,,,,,,,pseudobulk_de_targeted_SubclassLevel1_Lymphoid_aki_vs_normal.csv
,targeted_SubclassLevel1_Lymphoid_aki_vs_normal,acute kidney injury vs normal,ENSG00000205403,CFI,regulator,True,1601,77,9.996744718369252,0.5808554558653644,0.3087418770389767,0.2019705177404893,0.3006370268428434,0.2019705177404893,0.3006370268428434,True,0.0599225952246654,0.2663142889118801,False,,,,,,,,,,pseudobulk_de_targeted_SubclassLevel1_Lymphoid_aki_vs_normal.csv
,targeted_SubclassLevel1_Lymphoid_aki_vs_normal,acute kidney injury vs normal,ENSG00000149131,SERPING1,regulator,True,1885,80,11.91447067634864,0.6840552557829065,0.3133777587515735,0.2711840883122155,0.318193044054655,0.2711840883122155,0.318193044054655,True,0.0290471837209556,0.1797360931024282,False,,,,,,,,,,pseudobulk_de_targeted_SubclassLevel1_Lymphoid_aki_vs_normal.csv
,targeted_SubclassLevel1_Lymphoid_aki_vs_normal,acute kidney injury vs normal,ENSG00000106804,C5,terminal,True,417,69,2.537256055557616,0.0349178357811938,0.2473543750702815,0.0106040451623734,0.1882108562464713,0.0106040451623734,0.1882108562464713,True,0.887739418091982,0.9579265659853942,False,,,,,,,,,,pseudobulk_de_targeted_SubclassLevel1_Lymphoid_aki_vs_normal.csv
,targeted_SubclassLevel1_Lymphoid_aki_vs_normal,acute kidney injury vs normal,ENSG00000039537,C6,terminal,True,76,41,0.6742038514354922,-0.462075894078202,0.6273701880700517,-0.0339565690508579,0.2723462808671592,-0.0339565690508579,0.2723462808671592,True,0.4614092553799824,,False,,,,,,,,,,pseudobulk_de_targeted_SubclassLevel1_Lymphoid_aki_vs_normal.csv
,targeted_SubclassLevel1_Lymphoid_aki_vs_normal,acute kidney injury vs normal,ENSG00000112936,C7,terminal,True,2454,81,18.401668089674143,0.2599373437505213,0.3358071165456821,0.0591229916806818,0.378468963577167,0.0591229916806818,0.378468963577167,True,0.4388909308180567,0.7150999615824574,False,,,,,,,,,,pseudobulk_de_targeted_SubclassLevel1_Lymphoid_aki_vs_normal.csv
,targeted_SubclassLevel1_Lymphoid_aki_vs_normal,acute kidney injury vs normal,ENSG00000157131,C8A,terminal,False,11,7,,,,,,,,,,,False,,,,,,,,,,pseudobulk_de_targeted_SubclassLevel1_Lymphoid_aki_vs_normal.csv
,targeted_SubclassLevel1_Lymphoid_aki_vs_normal,acute kidney injury vs normal,ENSG00000021852,C8B,terminal,False,5,3,,,,,,,,,,,False,,,,,,,,,,pseudobulk_de_targeted_SubclassLevel1_Lymphoid_aki_vs_normal.csv
,targeted_SubclassLevel1_Lymphoid_aki_vs_normal,acute kidney injury vs normal,ENSG00000176919,C8G,terminal,False,15,13,,,,,,,,,,,False,,,,,,,,,,pseudobulk_de_targeted_SubclassLevel1_Lymphoid_aki_vs_normal.csv
,targeted_SubclassLevel1_Lymphoid_aki_vs_normal,acute kidney injury vs normal,ENSG00000113600,C9,terminal,True,72,38,0.7005181850794436,-0.1909367279545636,0.6650750475200956,-0.0018431948771381,0.5609341116195876,-0.0018431948771381,0.5609341116195876,True,0.7740430260195306,,False,,,,,,,,,,pseudobulk_de_targeted_SubclassLevel1_Lymphoid_aki_vs_normal.csv
,targeted_SubclassLevel1_Lymphoid_ckd_vs_normal,chronic kidney disease vs normal,ENSG00000125730,C3,alternative,True,751,73,2.4739928627790326,0.3509355482221045,0.5397060616782066,0.0254030942347695,0.2904828670598575,0.0254030942347695,0.2904828670598575,True,0.515540702805336,,False,,,,,,,,,,pseudobulk_de_targeted_SubclassLevel1_Lymphoid_ckd_vs_normal.csv
,targeted_SubclassLevel1_Lymphoid_ckd_vs_normal,chronic kidney disease vs normal,ENSG00000243649,CFB,alternative,True,481,66,1.6840451637175256,-0.668766864206596,0.5869682195815001,-0.0617025413360801,0.3424026981139575,-0.0617025413360801,0.3424026981139575,True,0.2545539177205851,,False,,,,,,,,,,pseudobulk_de_targeted_SubclassLevel1_Lymphoid_ckd_vs_normal.csv
,targeted_SubclassLevel1_Lymphoid_ckd_vs_normal,chronic kidney disease vs normal,ENSG00000197766,CFD,alternative,True,482,70,1.8320611770575437,0.2565329079632647,0.5577191283822279,0.0204693088149196,0.2910112251688508,0.0204693088149196,0.2910112251688508,True,0.6455392463804367,,False,,,,,,,,,,pseudobulk_de_targeted_SubclassLevel1_Lymphoid_ckd_vs_normal.csv
,targeted_SubclassLevel1_Lymphoid_ckd_vs_normal,chronic kidney disease vs normal,ENSG00000126759,CFP,alternative,True,66,34,0.2889000376250642,0.6916835948465181,0.7142972238427044,-0.0054863288315883,0.3478776530509728,-0.0054863288315883,0.3478776530509728,True,0.3328738803745257,,False,,,,,,,,,,pseudobulk_de_targeted_SubclassLevel1_Lymphoid_ckd_vs_normal.csv
,targeted_SubclassLevel1_Lymphoid_ckd_vs_normal,chronic kidney disease vs normal,ENSG00000173372,C1QA,classical,True,995,86,3.193788559911711,-0.2830475194655404,0.4924667702562413,-0.0360371205943112,0.2905983587653091,-0.0360371205943112,0.2905983587653091,True,0.5654573054917158,0.7831210352317254,False,,,,,,,,,,pseudobulk_de_targeted_SubclassLevel1_Lymphoid_ckd_vs_normal.csv
,targeted_SubclassLevel1_Lymphoid_ckd_vs_normal,chronic kidney disease vs normal,ENSG00000173369,C1QB,classical,True,707,72,2.321417928668335,-0.4815192478333779,0.5614628940499674,-0.0459808265629632,0.3436052851174585,-0.0459808265629632,0.3436052851174585,True,0.3911048455705074,,False,,,,,,,,,,pseudobulk_de_targeted_SubclassLevel1_Lymphoid_ckd_vs_normal.csv
,targeted_SubclassLevel1_Lymphoid_ckd_vs_normal,chronic kidney disease vs normal,ENSG00000159189,C1QC,classical,True,378,61,1.284461069311014,0.189164533677785,0.6603276241201353,0.0039217405513066,0.3099069154988061,0.0039217405513066,0.3099069154988061,True,0.7745176118655558,,False,,,,,,,,,,pseudobulk_de_targeted_SubclassLevel1_Lymphoid_ckd_vs_normal.csv
,targeted_SubclassLevel1_Lymphoid_ckd_vs_normal,chronic kidney disease vs normal,ENSG00000159403,C1R,classical,True,1016,89,3.778226167892337,0.2645966764829639,0.4436281594142934,0.0328106350317537,0.2968869824877697,0.0328106350317537,0.2968869824877697,True,0.5508826846707896,0.7738733874310209,False,,,,,,,,,,pseudobulk_de_targeted_SubclassLevel1_Lymphoid_ckd_vs_normal.csv
,targeted_SubclassLevel1_Lymphoid_ckd_vs_normal,chronic kidney disease vs normal,ENSG00000182326,C1S,classical,True,1608,109,6.280028865829569,0.3677856047014846,0.2460823021550613,0.1502120811827377,0.2355063908348275,0.1502120811827377,0.2355063908348275,True,0.1350284214066363,0.3874462440248226,False,,,,,,,,,,pseudobulk_de_targeted_SubclassLevel1_Lymphoid_ckd_vs_normal.csv
,targeted_SubclassLevel1_Lymphoid_ckd_vs_normal,chronic kidney disease vs normal,ENSG00000166278,C2,classical,True,567,90,2.365072304813076,0.5526079082436357,0.3572012836666004,0.1408561296408969,0.3013302848813168,0.1408561296408969,0.3013302848813168,True,0.1218514172558041,,False,,,,,,,,,,pseudobulk_de_targeted_SubclassLevel1_Lymphoid_ckd_vs_normal.csv
,targeted_SubclassLevel1_Lymphoid_ckd_vs_normal,chronic kidney disease vs normal,ENSG00000244731,C4A,classical,False,18,11,,,,,,,,,,,False,,,,,,,,,,pseudobulk_de_targeted_SubclassLevel1_Lymphoid_ckd_vs_normal.csv
,targeted_SubclassLevel1_Lymphoid_ckd_vs_normal,chronic kidney disease vs normal,ENSG00000224389,C4B,classical,True,21,15,0.074431503839561,1.5765938364376095,1.660932842426014,0.0015934459438556,0.8214290195754077,0.0015934459438556,0.8214290195754077,True,0.3425077630009467,,False,,,,,,,,,,pseudobulk_de_targeted_SubclassLevel1_Lymphoid_ckd_vs_normal.csv
,targeted_SubclassLevel1_Lymphoid_ckd_vs_normal,chronic kidney disease vs normal,ENSG00000123838,C4BPA,classical,True,25,18,0.1291969585773843,1.2796319703004404,1.1166964553042626,-0.0051939000793701,0.3950339588741329,-0.0051939000793701,0.3950339588741329,True,0.251833010038166,,False,,,,,,,,,,pseudobulk_de_targeted_SubclassLevel1_Lymphoid_ckd_vs_normal.csv
,targeted_SubclassLevel1_Lymphoid_ckd_vs_normal,chronic kidney disease vs normal,ENSG00000123843,C4BPB,classical,False,15,15,,,,,,,,,,,False,,,,,,,,,,pseudobulk_de_targeted_SubclassLevel1_Lymphoid_ckd_vs_normal.csv
,targeted_SubclassLevel1_Lymphoid_ckd_vs_normal,chronic kidney disease vs normal,ENSG00000085265,FCN1,lectin,True,96,42,0.575414820638541,0.0258569428887973,0.7832946206835838,-0.0310238556875182,0.4035248740922405,-0.0310238556875182,0.4035248740922405,True,0.9736662186795204,,False,,,,,,,,,,pseudobulk_de_targeted_SubclassLevel1_Lymphoid_ckd_vs_normal.csv
,targeted_SubclassLevel1_Lymphoid_ckd_vs_normal,chronic kidney disease vs normal,ENSG00000160339,FCN2,lectin,False,8,6,,,,,,,,,,,False,,,,,,,,,,pseudobulk_de_targeted_SubclassLevel1_Lymphoid_ckd_vs_normal.csv
,targeted_SubclassLevel1_Lymphoid_ckd_vs_normal,chronic kidney disease vs normal,ENSG00000142748,FCN3,lectin,True,87,40,0.4590095830026451,-0.1970139167573409,0.8691692114455638,-0.0354665640668794,0.3786407410585349,-0.0354665640668794,0.3786407410585349,True,0.8206809545041773,,False,,,,,,,,,,pseudobulk_de_targeted_SubclassLevel1_Lymphoid_ckd_vs_normal.csv
,targeted_SubclassLevel1_Lymphoid_ckd_vs_normal,chronic kidney disease vs normal,ENSG00000127241,MASP1,lectin,True,88,46,0.5293449242989101,-0.0666555438156049,0.6235868659124997,-0.0528015789129175,0.4138452737989606,-0.0528015789129175,0.4138452737989606,True,0.9148758092971608,,False,,,,,,,,,,pseudobulk_de_targeted_SubclassLevel1_Lymphoid_ckd_vs_normal.csv
,targeted_SubclassLevel1_Lymphoid_ckd_vs_normal,chronic kidney disease vs normal,ENSG00000009724,MASP2,lectin,True,51,27,0.1541175203838463,0.9825395550584788,0.8335644773615695,-0.0005310796443131,0.3730948051360252,-0.0005310796443131,0.3730948051360252,True,0.2385094814790722,,False,,,,,,,,,,pseudobulk_de_targeted_SubclassLevel1_Lymphoid_ckd_vs_normal.csv
,targeted_SubclassLevel1_Lymphoid_ckd_vs_normal,chronic kidney disease vs normal,ENSG00000165471,MBL2,lectin,False,2,2,,,,,,,,,,,False,,,,,,,,,,pseudobulk_de_targeted_SubclassLevel1_Lymphoid_ckd_vs_normal.csv
,targeted_SubclassLevel1_Lymphoid_ckd_vs_normal,chronic kidney disease vs normal,ENSG00000171860,C3AR1,receptor,True,274,75,1.2559437575824328,-1.015435199421427,0.4588301132897727,-0.8397119364459431,0.4601653751268211,-0.8397119364459431,0.4601653751268211,True,0.0268910111498862,,False,,,,,,,,,,pseudobulk_de_targeted_SubclassLevel1_Lymphoid_ckd_vs_normal.csv
,targeted_SubclassLevel1_Lymphoid_ckd_vs_normal,chronic kidney disease vs normal,ENSG00000197405,C5AR1,receptor,True,267,79,1.507688016093765,0.5857040654441277,0.5011191310431246,0.0518407920570564,0.4072904385357938,0.0518407920570564,0.4072904385357938,True,0.2424874169746921,,False,,,,,,,,,,pseudobulk_de_targeted_SubclassLevel1_Lymphoid_ckd_vs_normal.csv
,targeted_SubclassLevel1_Lymphoid_ckd_vs_normal,chronic kidney disease vs normal,ENSG00000134830,C5AR2,receptor,True,98,50,0.5198681830626202,0.8816979166128716,0.623627083404342,0.037534180834174,0.4636031852146562,0.037534180834174,0.4636031852146562,True,0.1574140657763595,,False,,,,,,,,,,pseudobulk_de_targeted_SubclassLevel1_Lymphoid_ckd_vs_normal.csv
,targeted_SubclassLevel1_Lymphoid_ckd_vs_normal,chronic kidney disease vs normal,ENSG00000203710,CR1,receptor,True,1290,91,4.862879275314575,0.1406144535086732,0.4434902409975857,0.0162965299613644,0.2958191245372077,0.0162965299613644,0.2958191245372077,True,0.7511956157746492,0.8865829979647656,False,,,,,,,,,,pseudobulk_de_targeted_SubclassLevel1_Lymphoid_ckd_vs_normal.csv
,targeted_SubclassLevel1_Lymphoid_ckd_vs_normal,chronic kidney disease vs normal,ENSG00000117322,CR2,receptor,True,457,70,1.5928852392590158,0.1830971664601301,0.60518604914157,0.0085099479890282,0.3934994774758617,0.0085099479890282,0.3934994774758617,True,0.7622351822191111,,False,,,,,,,,,,pseudobulk_de_targeted_SubclassLevel1_Lymphoid_ckd_vs_normal.csv
,targeted_SubclassLevel1_Lymphoid_ckd_vs_normal,chronic kidney disease vs normal,ENSG00000169896,ITGAM,receptor,True,958,106,5.237818634202103,0.4237750452476283,0.320958847499026,0.1000572582253,0.3062777720197299,0.1000572582253,0.3062777720197299,True,0.1867212761625903,0.4584251907664662,False,,,,,,,,,,pseudobulk_de_targeted_SubclassLevel1_Lymphoid_ckd_vs_normal.csv
,targeted_SubclassLevel1_Lymphoid_ckd_vs_normal,chronic kidney disease vs normal,ENSG00000140678,ITGAX,receptor,True,594,94,3.4460082211792877,-0.8249907191563663,0.445479648839493,-0.132110492578907,0.4424150479269716,-0.132110492578907,0.4424150479269716,True,0.0640379408813257,0.259531858382478,False,,,,,,,,,,pseudobulk_de_targeted_SubclassLevel1_Lymphoid_ckd_vs_normal.csv
,targeted_SubclassLevel1_Lymphoid_ckd_vs_normal,chronic kidney disease vs normal,ENSG00000155659,VSIG4,receptor,True,183,51,0.7948425249457127,0.0622496630962348,0.6458155510726292,-0.0063944612025598,0.3690476631028618,-0.0063944612025598,0.3690476631028618,True,0.9232114462406014,,False,,,,,,,,,,pseudobulk_de_targeted_SubclassLevel1_Lymphoid_ckd_vs_normal.csv
,targeted_SubclassLevel1_Lymphoid_ckd_vs_normal,chronic kidney disease vs normal,ENSG00000117335,CD46,regulator,True,8364,118,34.63959497752934,-0.4107588727464469,0.1610692568190962,-0.3074226865881986,0.1616995894690753,-0.3074226865881986,0.1616995894690753,True,0.0107661033898669,0.1092360349957839,False,,,,,,,,,,pseudobulk_de_targeted_SubclassLevel1_Lymphoid_ckd_vs_normal.csv
,targeted_SubclassLevel1_Lymphoid_ckd_vs_normal,chronic kidney disease vs normal,ENSG00000196352,CD55,regulator,True,3794,113,14.701917365579169,-0.8460570737097995,0.248390981951813,-0.6927807714516192,0.2482546303886414,-0.6927807714516192,0.2482546303886414,True,0.0006588584217098,0.0244800506590376,True,,,,,,,,,,pseudobulk_de_targeted_SubclassLevel1_Lymphoid_ckd_vs_normal.csv
,targeted_SubclassLevel1_Lymphoid_ckd_vs_normal,chronic kidney disease vs normal,ENSG00000085063,CD59,regulator,True,5076,118,20.52037844290401,-0.7651875523214224,0.2854951542772987,-0.5020616727108276,0.2979687209327007,-0.5020616727108276,0.2979687209327007,True,0.0073575535724805,0.0901107389322312,False,,,,,,,,,,pseudobulk_de_targeted_SubclassLevel1_Lymphoid_ckd_vs_normal.csv
,targeted_SubclassLevel1_Lymphoid_ckd_vs_normal,chronic kidney disease vs normal,ENSG00000000971,CFH,regulator,True,1553,104,6.442985780145329,-0.1410422903633746,0.3298584250068053,-0.0320956538880941,0.2568047921337836,-0.0320956538880941,0.2568047921337836,True,0.668953783768935,0.8474697878699157,False,,,,,,,,,,pseudobulk_de_targeted_SubclassLevel1_Lymphoid_ckd_vs_normal.csv
,targeted_SubclassLevel1_Lymphoid_ckd_vs_normal,chronic kidney disease vs normal,ENSG00000205403,CFI,regulator,True,1636,102,6.470954370015683,-0.5062783725050167,0.3943168340379663,-0.0845872236396267,0.304412685862597,-0.0845872236396267,0.304412685862597,True,0.1991636451814546,0.4756322021894872,False,,,,,,,,,,pseudobulk_de_targeted_SubclassLevel1_Lymphoid_ckd_vs_normal.csv
,targeted_SubclassLevel1_Lymphoid_ckd_vs_normal,chronic kidney disease vs normal,ENSG00000149131,SERPING1,regulator,True,1807,100,6.6113657664568155,-0.6726488380813018,0.392084142309379,-0.1301361393310766,0.3419605016784198,-0.1301361393310766,0.3419605016784198,True,0.0862402845823394,0.3039519748005473,False,,,,,,,,,,pseudobulk_de_targeted_SubclassLevel1_Lymphoid_ckd_vs_normal.csv
,targeted_SubclassLevel1_Lymphoid_ckd_vs_normal,chronic kidney disease vs normal,ENSG00000106804,C5,terminal,True,484,90,2.085195655240258,0.1185697075058574,0.3414456285019061,0.0213708778224374,0.2672981983179051,0.0213708778224374,0.2672981983179051,True,0.7283975417159063,,False,,,,,,,,,,pseudobulk_de_targeted_SubclassLevel1_Lymphoid_ckd_vs_normal.csv
,targeted_SubclassLevel1_Lymphoid_ckd_vs_normal,chronic kidney disease vs normal,ENSG00000039537,C6,terminal,True,107,55,0.5197141050632471,0.778455950915179,0.61179033860405,0.0355569993491141,0.3647960273801258,0.0355569993491141,0.3647960273801258,True,0.2032229517686647,,False,,,,,,,,,,pseudobulk_de_targeted_SubclassLevel1_Lymphoid_ckd_vs_normal.csv
,targeted_SubclassLevel1_Lymphoid_ckd_vs_normal,chronic kidney disease vs normal,ENSG00000112936,C7,terminal,True,5689,111,21.19582401954752,0.2510169064107278,0.3921035988061983,0.0381877261717437,0.2652143582082725,0.0381877261717437,0.2652143582082725,True,0.5220555430494287,0.7549407061862266,False,,,,,,,,,,pseudobulk_de_targeted_SubclassLevel1_Lymphoid_ckd_vs_normal.csv
,targeted_SubclassLevel1_Lymphoid_ckd_vs_normal,chronic kidney disease vs normal,ENSG00000157131,C8A,terminal,False,12,10,,,,,,,,,,,False,,,,,,,,,,pseudobulk_de_targeted_SubclassLevel1_Lymphoid_ckd_vs_normal.csv
,targeted_SubclassLevel1_Lymphoid_ckd_vs_normal,chronic kidney disease vs normal,ENSG00000021852,C8B,terminal,False,7,6,,,,,,,,,,,False,,,,,,,,,,pseudobulk_de_targeted_SubclassLevel1_Lymphoid_ckd_vs_normal.csv
,targeted_SubclassLevel1_Lymphoid_ckd_vs_normal,chronic kidney disease vs normal,ENSG00000176919,C8G,terminal,False,17,17,,,,,,,,,,,False,,,,,,,,,,pseudobulk_de_targeted_SubclassLevel1_Lymphoid_ckd_vs_normal.csv
,targeted_SubclassLevel1_Lymphoid_ckd_vs_normal,chronic kidney disease vs normal,ENSG00000113600,C9,terminal,True,95,43,0.4214193465004356,0.6501826835983804,0.7932800334447805,-0.0001009263854092,0.3609724319392809,-0.0001009263854092,0.3609724319392809,True,0.4124367203867991,,False,,,,,,,,,,pseudobulk_de_targeted_SubclassLevel1_Lymphoid_ckd_vs_normal.csv
,targeted_SubclassLevel1_Myeloid_aki_vs_ckd,acute kidney injury vs chronic kidney disease,ENSG00000125730,C3,alternative,True,4695,111,23.649097947942796,1.0047267243395572,0.296935360435107,0.8251955866441464,0.2934129160754449,0.8251955866441464,0.2934129160754449,True,0.0007152790189312,0.0280170218400975,True,,,,,,,,,,pseudobulk_de_targeted_SubclassLevel1_Myeloid_aki_vs_ckd.csv
,targeted_SubclassLevel1_Myeloid_aki_vs_ckd,acute kidney injury vs chronic kidney disease,ENSG00000243649,CFB,alternative,True,948,77,2.4255359503235874,1.5350691247470512,0.3978539561380212,1.2867251683083956,0.4414971055529983,1.2867251683083956,0.4414971055529983,True,0.0001141441638569,0.0091935637123497,True,,,,,,,,,,pseudobulk_de_targeted_SubclassLevel1_Myeloid_aki_vs_ckd.csv
,targeted_SubclassLevel1_Myeloid_aki_vs_ckd,acute kidney injury vs chronic kidney disease,ENSG00000197766,CFD,alternative,True,2262,107,9.853934213692662,0.0809433986284026,0.3102689777690737,0.0144811598145101,0.1540637020299511,0.0144811598145101,0.1540637020299511,True,0.7941839855127031,0.9354015174861244,False,,,,,,,,,,pseudobulk_de_targeted_SubclassLevel1_Myeloid_aki_vs_ckd.csv
,targeted_SubclassLevel1_Myeloid_aki_vs_ckd,acute kidney injury vs chronic kidney disease,ENSG00000126759,CFP,alternative,True,704,101,3.8219987318130832,0.357873278590823,0.3071008235068608,0.0639565903394508,0.1618391231341511,0.0639565903394508,0.1618391231341511,True,0.2438861305798155,0.5819481261455952,False,,,,,,,,,,pseudobulk_de_targeted_SubclassLevel1_Myeloid_aki_vs_ckd.csv
,targeted_SubclassLevel1_Myeloid_aki_vs_ckd,acute kidney injury vs chronic kidney disease,ENSG00000173372,C1QA,classical,True,22488,112,63.48380316974861,0.1936153620377519,0.3359989393487953,0.029656247915136,0.1557331219293034,0.029656247915136,0.1557331219293034,True,0.564454312957471,0.8215222887023533,False,,,,,,,,,,pseudobulk_de_targeted_SubclassLevel1_Myeloid_aki_vs_ckd.csv
,targeted_SubclassLevel1_Myeloid_aki_vs_ckd,acute kidney injury vs chronic kidney disease,ENSG00000173369,C1QB,classical,True,19362,110,51.362436290339815,0.3433823772671769,0.3519817913371971,0.0509666052195193,0.1713766631607126,0.0509666052195193,0.1713766631607126,True,0.3292782998874892,0.656521651751548,False,,,,,,,,,,pseudobulk_de_targeted_SubclassLevel1_Myeloid_aki_vs_ckd.csv
,targeted_SubclassLevel1_Myeloid_aki_vs_ckd,acute kidney injury vs chronic kidney disease,ENSG00000159189,C1QC,classical,True,11559,109,31.871227082302017,0.672760765635359,0.3385013878416973,0.1320070323725852,0.2460833931574917,0.1320070323725852,0.2460833931574917,True,0.0468705294158626,0.2657803285911215,False,,,,,,,,,,pseudobulk_de_targeted_SubclassLevel1_Myeloid_aki_vs_ckd.csv
,targeted_SubclassLevel1_Myeloid_aki_vs_ckd,acute kidney injury vs chronic kidney disease,ENSG00000159403,C1R,classical,True,1026,88,3.7928688093716545,0.5855981026292006,0.381725954059111,0.0780473783144758,0.1857208546051957,0.0780473783144758,0.1857208546051957,True,0.1250100044776392,0.4336846396857911,False,,,,,,,,,,pseudobulk_de_targeted_SubclassLevel1_Myeloid_aki_vs_ckd.csv
,targeted_SubclassLevel1_Myeloid_aki_vs_ckd,acute kidney injury vs chronic kidney disease,ENSG00000182326,C1S,classical,True,1702,100,6.657809541421703,0.619483436540812,0.2455651485486354,0.3636289392579311,0.283244658741076,0.3636289392579311,0.283244658741076,True,0.0116462780828167,0.1279097732234685,False,,,,,,,,,,pseudobulk_de_targeted_SubclassLevel1_Myeloid_aki_vs_ckd.csv
,targeted_SubclassLevel1_Myeloid_aki_vs_ckd,acute kidney injury vs chronic kidney disease,ENSG00000166278,C2,classical,True,1849,97,5.252461361476415,1.3326062482513326,0.3249838278735455,1.1341842801191515,0.3579882601050129,1.1341842801191515,0.3579882601050129,True,4.1220327885168745e-05,0.0047905515607636,True,,,,,,,,,,pseudobulk_de_targeted_SubclassLevel1_Myeloid_aki_vs_ckd.csv
,targeted_SubclassLevel1_Myeloid_aki_vs_ckd,acute kidney injury vs chronic kidney disease,ENSG00000244731,C4A,classical,False,13,12,,,,,,,,,,,False,,,,,,,,,,pseudobulk_de_targeted_SubclassLevel1_Myeloid_aki_vs_ckd.csv
,targeted_SubclassLevel1_Myeloid_aki_vs_ckd,acute kidney injury vs chronic kidney disease,ENSG00000224389,C4B,classical,False,16,12,,,,,,,,,,,False,,,,,,,,,,pseudobulk_de_targeted_SubclassLevel1_Myeloid_aki_vs_ckd.csv
,targeted_SubclassLevel1_Myeloid_aki_vs_ckd,acute kidney injury vs chronic kidney disease,ENSG00000123838,C4BPA,classical,True,63,25,0.2179419220015725,0.5308136352616177,0.8925488733359649,0.0347729755790365,0.1572252750893461,0.0347729755790365,0.1572252750893461,True,0.5520329207782868,,False,,,,,,,,,,pseudobulk_de_targeted_SubclassLevel1_Myeloid_aki_vs_ckd.csv
,targeted_SubclassLevel1_Myeloid_aki_vs_ckd,acute kidney injury vs chronic kidney disease,ENSG00000123843,C4BPB,classical,True,443,58,1.761589704656454,0.0179211236464592,0.6200407599619712,0.0013889630440018,0.1631896200720052,0.0013889630440018,0.1631896200720052,True,0.9769418429122956,0.9921532030339042,False,,,,,,,,,,pseudobulk_de_targeted_SubclassLevel1_Myeloid_aki_vs_ckd.csv
,targeted_SubclassLevel1_Myeloid_aki_vs_ckd,acute kidney injury vs chronic kidney disease,ENSG00000085265,FCN1,lectin,True,5622,110,23.738555821984427,0.2627132071197973,0.2873221751453707,0.0509912761044185,0.1545216310680739,0.0509912761044185,0.1545216310680739,True,0.3605326433447878,0.6844309967309901,False,,,,,,,,,,pseudobulk_de_targeted_SubclassLevel1_Myeloid_aki_vs_ckd.csv
,targeted_SubclassLevel1_Myeloid_aki_vs_ckd,acute kidney injury vs chronic kidney disease,ENSG00000160339,FCN2,lectin,False,4,3,,,,,,,,,,,False,,,,,,,,,,pseudobulk_de_targeted_SubclassLevel1_Myeloid_aki_vs_ckd.csv
,targeted_SubclassLevel1_Myeloid_aki_vs_ckd,acute kidney injury vs chronic kidney disease,ENSG00000142748,FCN3,lectin,True,40,25,0.2778515433080776,-1.2265821066352711,0.9859880660652748,-0.0333312603439021,0.1865597919696469,-0.0333312603439021,0.1865597919696469,True,0.2134947281835744,,False,,,,,,,,,,pseudobulk_de_targeted_SubclassLevel1_Myeloid_aki_vs_ckd.csv
,targeted_SubclassLevel1_Myeloid_aki_vs_ckd,acute kidney injury vs chronic kidney disease,ENSG00000127241,MASP1,lectin,True,87,41,0.4010286306958618,0.0824169401897827,0.75116418012982,0.0073603316207988,0.164142615559119,0.0073603316207988,0.164142615559119,True,0.9126322764313768,,False,,,,,,,,,,pseudobulk_de_targeted_SubclassLevel1_Myeloid_aki_vs_ckd.csv
,targeted_SubclassLevel1_Myeloid_aki_vs_ckd,acute kidney injury vs chronic kidney disease,ENSG00000009724,MASP2,lectin,True,61,35,0.2686889871844479,-0.0322377255725656,0.7841241075895091,0.0024070695504719,0.1434723879818656,0.0024070695504719,0.1434723879818656,True,0.9672057792085714,,False,,,,,,,,,,pseudobulk_de_targeted_SubclassLevel1_Myeloid_aki_vs_ckd.csv
,targeted_SubclassLevel1_Myeloid_aki_vs_ckd,acute kidney injury vs chronic kidney disease,ENSG00000165471,MBL2,lectin,False,2,2,,,,,,,,,,,False,,,,,,,,,,pseudobulk_de_targeted_SubclassLevel1_Myeloid_aki_vs_ckd.csv
,targeted_SubclassLevel1_Myeloid_aki_vs_ckd,acute kidney injury vs chronic kidney disease,ENSG00000171860,C3AR1,receptor,True,3966,111,16.768023994559897,-0.0250449560761387,0.2174478436895942,-0.0068819677351174,0.1348835876272225,-0.0068819677351174,0.1348835876272225,True,0.9083049534000824,0.977474780956768,False,,,,,,,,,,pseudobulk_de_targeted_SubclassLevel1_Myeloid_aki_vs_ckd.csv
,targeted_SubclassLevel1_Myeloid_aki_vs_ckd,acute kidney injury vs chronic kidney disease,ENSG00000197405,C5AR1,receptor,True,2614,112,13.409277295256585,-0.4052139930043062,0.2711398488859094,-0.0908671949021118,0.1785111151479205,-0.0908671949021118,0.1785111151479205,True,0.1350493273706934,0.4494846657398972,False,,,,,,,,,,pseudobulk_de_targeted_SubclassLevel1_Myeloid_aki_vs_ckd.csv
,targeted_SubclassLevel1_Myeloid_aki_vs_ckd,acute kidney injury vs chronic kidney disease,ENSG00000134830,C5AR2,receptor,True,918,105,4.963674240734285,-0.0702712432996415,0.2617029382743089,-0.015191733586787,0.1371914351498524,-0.015191733586787,0.1371914351498524,True,0.7883026985256717,0.9337030584130178,False,,,,,,,,,,pseudobulk_de_targeted_SubclassLevel1_Myeloid_aki_vs_ckd.csv
,targeted_SubclassLevel1_Myeloid_aki_vs_ckd,acute kidney injury vs chronic kidney disease,ENSG00000203710,CR1,receptor,True,16838,113,44.9682047979431,1.032083627944527,0.2793073889763779,0.8128309753022134,0.337554896120757,0.8128309753022134,0.337554896120757,True,0.0002197541327679,0.0139076080856693,True,,,,,,,,,,pseudobulk_de_targeted_SubclassLevel1_Myeloid_aki_vs_ckd.csv
,targeted_SubclassLevel1_Myeloid_aki_vs_ckd,acute kidney injury vs chronic kidney disease,ENSG00000117322,CR2,receptor,True,74,31,0.3220656983963639,0.4116233719773383,0.7507160720690091,0.0285139103497924,0.1720984898625459,0.0285139103497924,0.1720984898625459,True,0.5834806693578389,,False,,,,,,,,,,pseudobulk_de_targeted_SubclassLevel1_Myeloid_aki_vs_ckd.csv
,targeted_SubclassLevel1_Myeloid_aki_vs_ckd,acute kidney injury vs chronic kidney disease,ENSG00000169896,ITGAM,receptor,True,6191,113,29.38875781868204,-0.0031928409134747,0.1223834760511226,-0.0013296603345591,0.0975202524625503,-0.0013296603345591,0.0975202524625503,True,0.9791864915362928,0.992914844563354,False,,,,,,,,,,pseudobulk_de_targeted_SubclassLevel1_Myeloid_aki_vs_ckd.csv
,targeted_SubclassLevel1_Myeloid_aki_vs_ckd,acute kidney injury vs chronic kidney disease,ENSG00000140678,ITGAX,receptor,True,10951,114,42.14204907878944,0.1764946762031251,0.2185018310753984,0.052194113468753,0.1403845186077866,0.052194113468753,0.1403845186077866,True,0.4192349824514645,0.7268113611871235,False,,,,,,,,,,pseudobulk_de_targeted_SubclassLevel1_Myeloid_aki_vs_ckd.csv
,targeted_SubclassLevel1_Myeloid_aki_vs_ckd,acute kidney injury vs chronic kidney disease,ENSG00000155659,VSIG4,receptor,True,5850,109,23.93716472087568,-0.2252679785394422,0.2287996772434848,-0.0613495781728023,0.1538281916848952,-0.0613495781728023,0.1538281916848952,True,0.3248381660846224,0.6527398797902882,False,,,,,,,,,,pseudobulk_de_targeted_SubclassLevel1_Myeloid_aki_vs_ckd.csv
,targeted_SubclassLevel1_Myeloid_aki_vs_ckd,acute kidney injury vs chronic kidney disease,ENSG00000117335,CD46,regulator,True,9931,114,41.04122930492944,-0.1608775270915973,0.1308046176444855,-0.0894239866765556,0.1150523964890625,-0.0894239866765556,0.1150523964890625,True,0.2187318976481259,0.5537165504027014,False,,,,,,,,,,pseudobulk_de_targeted_SubclassLevel1_Myeloid_aki_vs_ckd.csv
,targeted_SubclassLevel1_Myeloid_aki_vs_ckd,acute kidney injury vs chronic kidney disease,ENSG00000196352,CD55,regulator,True,4613,114,20.831657011391503,-0.2232354105680883,0.165503818546655,-0.1038302920515248,0.1386046797587139,-0.1038302920515248,0.1386046797587139,True,0.1773937213450185,0.5055286075957907,False,,,,,,,,,,pseudobulk_de_targeted_SubclassLevel1_Myeloid_aki_vs_ckd.csv
,targeted_SubclassLevel1_Myeloid_aki_vs_ckd,acute kidney injury vs chronic kidney disease,ENSG00000085063,CD59,regulator,True,6316,112,21.76343863773103,0.3821974560190985,0.2329241579686463,0.1188851083420558,0.1874556841819873,0.1188851083420558,0.1874556841819873,True,0.1008251230636736,0.3913018740880401,False,,,,,,,,,,pseudobulk_de_targeted_SubclassLevel1_Myeloid_aki_vs_ckd.csv
,targeted_SubclassLevel1_Myeloid_aki_vs_ckd,acute kidney injury vs chronic kidney disease,ENSG00000000971,CFH,regulator,True,1199,90,4.691980369984836,0.6437115720438192,0.3471610188400544,0.1007876025084755,0.1995326669231371,0.1007876025084755,0.1995326669231371,True,0.0637082407227366,0.3105795927539444,False,,,,,,,,,,pseudobulk_de_targeted_SubclassLevel1_Myeloid_aki_vs_ckd.csv
,targeted_SubclassLevel1_Myeloid_aki_vs_ckd,acute kidney injury vs chronic kidney disease,ENSG00000205403,CFI,regulator,True,1641,99,7.455809655605206,0.8673252419683969,0.3648567512875993,0.1387615027672653,0.2749983105026651,0.1387615027672653,0.2749983105026651,True,0.0174462117531822,0.1594227098303662,False,,,,,,,,,,pseudobulk_de_targeted_SubclassLevel1_Myeloid_aki_vs_ckd.csv
,targeted_SubclassLevel1_Myeloid_aki_vs_ckd,acute kidney injury vs chronic kidney disease,ENSG00000149131,SERPING1,regulator,True,3487,99,11.036744326365811,0.9341971981552594,0.3030426074168327,0.6847818779638132,0.3383216459189763,0.6847818779638132,0.3383216459189763,True,0.002051142050114,0.0517421243667877,False,,,,,,,,,,pseudobulk_de_targeted_SubclassLevel1_Myeloid_aki_vs_ckd.csv
,targeted_SubclassLevel1_Myeloid_aki_vs_ckd,acute kidney injury vs chronic kidney disease,ENSG00000106804,C5,terminal,True,1595,106,7.862743079327568,-0.6004694288016047,0.2029089182162641,-0.4354446159810735,0.2310057019367711,-0.4354446159810735,0.2310057019367711,True,0.0030833351033998,0.0665833715572023,False,,,,,,,,,,pseudobulk_de_targeted_SubclassLevel1_Myeloid_aki_vs_ckd.csv
,targeted_SubclassLevel1_Myeloid_aki_vs_ckd,acute kidney injury vs chronic kidney disease,ENSG00000039537,C6,terminal,True,74,44,0.414242560364988,-0.4287999073345119,0.7003821164379056,-0.0168572290476655,0.1552180019805287,-0.0168572290476655,0.1552180019805287,True,0.5403809068087048,,False,,,,,,,,,,pseudobulk_de_targeted_SubclassLevel1_Myeloid_aki_vs_ckd.csv
,targeted_SubclassLevel1_Myeloid_aki_vs_ckd,acute kidney injury vs chronic kidney disease,ENSG00000112936,C7,terminal,True,5096,110,23.36778092619194,-0.3192471599784389,0.3268243406354574,-0.052330032402547,0.1711304309272749,-0.052330032402547,0.1711304309272749,True,0.3286603824566572,0.6564523145128952,False,,,,,,,,,,pseudobulk_de_targeted_SubclassLevel1_Myeloid_aki_vs_ckd.csv
,targeted_SubclassLevel1_Myeloid_aki_vs_ckd,acute kidney injury vs chronic kidney disease,ENSG00000157131,C8A,terminal,False,11,10,,,,,,,,,,,False,,,,,,,,,,pseudobulk_de_targeted_SubclassLevel1_Myeloid_aki_vs_ckd.csv
,targeted_SubclassLevel1_Myeloid_aki_vs_ckd,acute kidney injury vs chronic kidney disease,ENSG00000021852,C8B,terminal,False,8,8,,,,,,,,,,,False,,,,,,,,,,pseudobulk_de_targeted_SubclassLevel1_Myeloid_aki_vs_ckd.csv
,targeted_SubclassLevel1_Myeloid_aki_vs_ckd,acute kidney injury vs chronic kidney disease,ENSG00000176919,C8G,terminal,False,7,7,,,,,,,,,,,False,,,,,,,,,,pseudobulk_de_targeted_SubclassLevel1_Myeloid_aki_vs_ckd.csv
,targeted_SubclassLevel1_Myeloid_aki_vs_ckd,acute kidney injury vs chronic kidney disease,ENSG00000113600,C9,terminal,True,2483,96,10.19832762480616,-0.2851981512435073,0.3307813112148841,-0.0371060464552446,0.1598168499340639,-0.0371060464552446,0.1598168499340639,True,0.3885799568382607,0.7049435783043011,False,,,,,,,,,,pseudobulk_de_targeted_SubclassLevel1_Myeloid_aki_vs_ckd.csv
,targeted_SubclassLevel1_Myeloid_aki_vs_normal,acute kidney injury vs normal,ENSG00000125730,C3,alternative,True,4784,100,31.188883581964618,0.8058573446720172,0.2677660927485583,0.6268953759437136,0.2773353710278718,0.6268953759437136,0.2773353710278718,True,0.0026162889846862,0.019338237956668,True,,,,,,,,,,pseudobulk_de_targeted_SubclassLevel1_Myeloid_aki_vs_normal.csv
,targeted_SubclassLevel1_Myeloid_aki_vs_normal,acute kidney injury vs normal,ENSG00000243649,CFB,alternative,True,1035,73,4.247963893060419,1.0328184502156106,0.3383294540290605,0.8145592092190848,0.3337142906151439,0.8145592092190848,0.3337142906151439,True,0.0022679226355109,0.0173109176484577,True,,,,,,,,,,pseudobulk_de_targeted_SubclassLevel1_Myeloid_aki_vs_normal.csv
,targeted_SubclassLevel1_Myeloid_aki_vs_normal,acute kidney injury vs normal,ENSG00000197766,CFD,alternative,True,2500,96,13.44317058494937,0.0766250520578464,0.2937056133819923,0.0358132251126413,0.2610706539165194,0.0358132251126413,0.2610706539165194,True,0.7941768257948184,0.8960646361879206,False,,,,,,,,,,pseudobulk_de_targeted_SubclassLevel1_Myeloid_aki_vs_normal.csv
,targeted_SubclassLevel1_Myeloid_aki_vs_normal,acute kidney injury vs normal,ENSG00000126759,CFP,alternative,True,734,84,4.453375451095871,0.227538481556293,0.3295827454720724,0.0885032201506551,0.2803950913836121,0.0885032201506551,0.2803950913836121,True,0.4899530650626101,0.6963907074643707,False,,,,,,,,,,pseudobulk_de_targeted_SubclassLevel1_Myeloid_aki_vs_normal.csv
,targeted_SubclassLevel1_Myeloid_aki_vs_normal,acute kidney injury vs normal,ENSG00000173372,C1QA,classical,True,27156,99,112.5541703278013,-0.0248523852816982,0.30584556557378,-0.0119708629521778,0.2524617294914085,-0.0119708629521778,0.2524617294914085,True,0.9352368102192452,0.971516411772639,False,,,,,,,,,,pseudobulk_de_targeted_SubclassLevel1_Myeloid_aki_vs_normal.csv
,targeted_SubclassLevel1_Myeloid_aki_vs_normal,acute kidney injury vs normal,ENSG00000173369,C1QB,classical,True,25961,100,104.7840877179599,-0.0477735904893458,0.3051987733715133,-0.0209229447065564,0.2493288620880244,-0.0209229447065564,0.2493288620880244,True,0.8756131397020593,0.9411218917204028,False,,,,,,,,,,pseudobulk_de_targeted_SubclassLevel1_Myeloid_aki_vs_normal.csv
,targeted_SubclassLevel1_Myeloid_aki_vs_normal,acute kidney injury vs normal,ENSG00000159189,C1QC,classical,True,13988,101,60.81352145270382,-0.0081514348140621,0.2927477865473158,-0.0034062818303202,0.246689832254624,-0.0034062818303202,0.246689832254624,True,0.9777861218809024,0.9898097267559244,False,,,,,,,,,,pseudobulk_de_targeted_SubclassLevel1_Myeloid_aki_vs_normal.csv
,targeted_SubclassLevel1_Myeloid_aki_vs_normal,acute kidney injury vs normal,ENSG00000159403,C1R,classical,True,906,76,4.818698160022757,0.8949390979421998,0.3047956137467774,0.6749227920184718,0.3123691967507572,0.6749227920184718,0.3123691967507572,True,0.0033226629390836,0.0230884587460571,True,,,,,,,,,,pseudobulk_de_targeted_SubclassLevel1_Myeloid_aki_vs_normal.csv
,targeted_SubclassLevel1_Myeloid_aki_vs_normal,acute kidney injury vs normal,ENSG00000182326,C1S,classical,True,1749,97,9.663823195603548,0.5492844090550593,0.1722982491221225,0.4724588323634031,0.1728501270865186,0.4724588323634031,0.1728501270865186,True,0.0014326746422428,0.0120811456172691,True,,,,,,,,,,pseudobulk_de_targeted_SubclassLevel1_Myeloid_aki_vs_normal.csv
,targeted_SubclassLevel1_Myeloid_aki_vs_normal,acute kidney injury vs normal,ENSG00000166278,C2,classical,True,1974,93,7.79483843221976,1.108210511226227,0.2737964323670602,0.9912616397673122,0.2611220461775985,0.9912616397673122,0.2611220461775985,True,5.1751877120933014e-05,0.0008586014090783,True,,,,,,,,,,pseudobulk_de_targeted_SubclassLevel1_Myeloid_aki_vs_normal.csv
,targeted_SubclassLevel1_Myeloid_aki_vs_normal,acute kidney injury vs normal,ENSG00000244731,C4A,classical,False,11,9,,,,,,,,,,,False,,,,,,,,,,pseudobulk_de_targeted_SubclassLevel1_Myeloid_aki_vs_normal.csv
,targeted_SubclassLevel1_Myeloid_aki_vs_normal,acute kidney injury vs normal,ENSG00000224389,C4B,classical,False,12,9,,,,,,,,,,,False,,,,,,,,,,pseudobulk_de_targeted_SubclassLevel1_Myeloid_aki_vs_normal.csv
,targeted_SubclassLevel1_Myeloid_aki_vs_normal,acute kidney injury vs normal,ENSG00000123838,C4BPA,classical,True,60,28,0.3258285792657056,0.2889937627054682,0.6042095328986845,0.0732310382815145,0.3601162991497093,0.0732310382815145,0.3601162991497093,True,0.632436292245257,,False,,,,,,,,,,pseudobulk_de_targeted_SubclassLevel1_Myeloid_aki_vs_normal.csv
,targeted_SubclassLevel1_Myeloid_aki_vs_normal,acute kidney injury vs normal,ENSG00000123843,C4BPB,classical,True,365,54,1.6038803205292635,1.3435758912256273,0.4742154147710137,1.0483645485741546,0.4710826467415007,1.0483645485741546,0.4710826467415007,True,0.0046075793832803,0.0296455199934786,True,,,,,,,,,,pseudobulk_de_targeted_SubclassLevel1_Myeloid_aki_vs_normal.csv
,targeted_SubclassLevel1_Myeloid_aki_vs_normal,acute kidney injury vs normal,ENSG00000085265,FCN1,lectin,True,5990,97,32.17101667134652,0.8055772998352172,0.3245325966652521,0.5570578306430912,0.3258640560216215,0.5570578306430912,0.3258640560216215,True,0.0130548573476887,0.0641418998715442,False,,,,,,,,,,pseudobulk_de_targeted_SubclassLevel1_Myeloid_aki_vs_normal.csv
,targeted_SubclassLevel1_Myeloid_aki_vs_normal,acute kidney injury vs normal,ENSG00000160339,FCN2,lectin,False,3,2,,,,,,,,,,,False,,,,,,,,,,pseudobulk_de_targeted_SubclassLevel1_Myeloid_aki_vs_normal.csv
,targeted_SubclassLevel1_Myeloid_aki_vs_normal,acute kidney injury vs normal,ENSG00000142748,FCN3,lectin,True,77,28,0.3793655726772783,-1.60356362226775,0.6440506332512664,-2.1480126487894475,0.7968516855433819,-2.1480126487894475,0.7968516855433819,True,0.012781144916675,,False,,,,,,,,,,pseudobulk_de_targeted_SubclassLevel1_Myeloid_aki_vs_normal.csv
,targeted_SubclassLevel1_Myeloid_aki_vs_normal,acute kidney injury vs normal,ENSG00000127241,MASP1,lectin,True,80,39,0.5488150002403588,0.156220211349642,0.657031585448569,0.0128933215944524,0.3620113821907952,0.0128933215944524,0.3620113821907952,True,0.8120620718321655,,False,,,,,,,,,,pseudobulk_de_targeted_SubclassLevel1_Myeloid_aki_vs_normal.csv
,targeted_SubclassLevel1_Myeloid_aki_vs_normal,acute kidney injury vs normal,ENSG00000009724,MASP2,lectin,True,55,33,0.3052626365856177,0.5043031310019006,0.5746112014600855,0.1234640455481543,0.425226251089836,0.1234640455481543,0.425226251089836,True,0.3801378336055867,,False,,,,,,,,,,pseudobulk_de_targeted_SubclassLevel1_Myeloid_aki_vs_normal.csv
,targeted_SubclassLevel1_Myeloid_aki_vs_normal,acute kidney injury vs normal,ENSG00000165471,MBL2,lectin,False,1,1,,,,,,,,,,,False,,,,,,,,,,pseudobulk_de_targeted_SubclassLevel1_Myeloid_aki_vs_normal.csv
,targeted_SubclassLevel1_Myeloid_aki_vs_normal,acute kidney injury vs normal,ENSG00000171860,C3AR1,receptor,True,6068,101,39.50343554760536,-0.974218404470918,0.1829419491435578,-0.9142960138394964,0.1804141100390159,-0.9142960138394964,0.1804141100390159,True,1.0079370226617829e-07,4.39288200317077e-06,True,,,,,,,,,,pseudobulk_de_targeted_SubclassLevel1_Myeloid_aki_vs_normal.csv
,targeted_SubclassLevel1_Myeloid_aki_vs_normal,acute kidney injury vs normal,ENSG00000197405,C5AR1,receptor,True,8600,101,50.92588149752116,-2.18016015168672,0.2429162934413179,-2.1306918957271197,0.2337591959234164,-2.1306918957271197,0.2337591959234164,True,2.834957396517672e-19,2.2710708705531806e-16,True,,,,,,,,,,pseudobulk_de_targeted_SubclassLevel1_Myeloid_aki_vs_normal.csv
,targeted_SubclassLevel1_Myeloid_aki_vs_normal,acute kidney injury vs normal,ENSG00000134830,C5AR2,receptor,True,1710,99,10.849740950700616,-1.2335269234796065,0.2243613945648148,-1.1527115206927123,0.2289543985493966,-1.1527115206927123,0.2289543985493966,True,3.8423965803432865e-08,1.9353484332669193e-06,True,,,,,,,,,,pseudobulk_de_targeted_SubclassLevel1_Myeloid_aki_vs_normal.csv
,targeted_SubclassLevel1_Myeloid_aki_vs_normal,acute kidney injury vs normal,ENSG00000203710,CR1,receptor,True,18636,101,74.86713822732322,1.0802903047668688,0.274509547497607,0.9542497411074748,0.2676199067748376,0.9542497411074748,0.2676199067748376,True,8.307660037411521e-05,0.0012682374302121,True,,,,,,,,,,pseudobulk_de_targeted_SubclassLevel1_Myeloid_aki_vs_normal.csv
,targeted_SubclassLevel1_Myeloid_aki_vs_normal,acute kidney injury vs normal,ENSG00000117322,CR2,receptor,True,85,37,0.5314409123632656,-0.1334066093625293,0.5652526469557397,-0.0630882026646456,0.4962585889949502,-0.0630882026646456,0.4962585889949502,True,0.8134230817078162,,False,,,,,,,,,,pseudobulk_de_targeted_SubclassLevel1_Myeloid_aki_vs_normal.csv
,targeted_SubclassLevel1_Myeloid_aki_vs_normal,acute kidney injury vs normal,ENSG00000169896,ITGAM,receptor,True,6544,101,39.91472546952239,0.2921648992058962,0.1501493505729459,0.2368546945235947,0.1521106433950454,0.2368546945235947,0.1521106433950454,True,0.0516753330445434,0.169295837937362,False,,,,,,,,,,pseudobulk_de_targeted_SubclassLevel1_Myeloid_aki_vs_normal.csv
,targeted_SubclassLevel1_Myeloid_aki_vs_normal,acute kidney injury vs normal,ENSG00000140678,ITGAX,receptor,True,12030,101,62.682099200398625,0.3020188793506825,0.2214047424295273,0.1993981260436588,0.2095131279248115,0.1993981260436588,0.2095131279248115,True,0.1725351422195309,0.375152991800332,False,,,,,,,,,,pseudobulk_de_targeted_SubclassLevel1_Myeloid_aki_vs_normal.csv
,targeted_SubclassLevel1_Myeloid_aki_vs_normal,acute kidney injury vs normal,ENSG00000155659,VSIG4,receptor,True,9329,99,54.418551756438255,-0.7277805401310055,0.181127698241337,-0.6513695521086774,0.183449869890933,-0.6513695521086774,0.183449869890933,True,5.8681208043184896e-05,0.0009519710346292,True,,,,,,,,,,pseudobulk_de_targeted_SubclassLevel1_Myeloid_aki_vs_normal.csv
,targeted_SubclassLevel1_Myeloid_aki_vs_normal,acute kidney injury vs normal,ENSG00000117335,CD46,regulator,True,11595,101,63.39956312443951,-0.1434354274628112,0.0978162401204151,-0.127987664206365,0.0954500587819396,-0.127987664206365,0.0954500587819396,True,0.1425457681279607,0.3320015862130254,False,,,,,,,,,,pseudobulk_de_targeted_SubclassLevel1_Myeloid_aki_vs_normal.csv
,targeted_SubclassLevel1_Myeloid_aki_vs_normal,acute kidney injury vs normal,ENSG00000196352,CD55,regulator,True,7616,100,41.12801231368569,-0.8529415933914986,0.1642959155916531,-0.7998756909787887,0.1621331036326993,-0.7998756909787887,0.1621331036326993,True,2.0861103757932637e-07,8.336017779565337e-06,True,,,,,,,,,,pseudobulk_de_targeted_SubclassLevel1_Myeloid_aki_vs_normal.csv
,targeted_SubclassLevel1_Myeloid_aki_vs_normal,acute kidney injury vs normal,ENSG00000085063,CD59,regulator,True,7346,100,35.83991838090218,0.1086568456137539,0.1692814657126369,0.0798450423739891,0.158745236709222,0.0798450423739891,0.158745236709222,True,0.520957014378961,0.7211479441185371,False,,,,,,,,,,pseudobulk_de_targeted_SubclassLevel1_Myeloid_aki_vs_normal.csv
,targeted_SubclassLevel1_Myeloid_aki_vs_normal,acute kidney injury vs normal,ENSG00000000971,CFH,regulator,True,1114,80,6.052653562802924,0.5760391225717035,0.3198635015396933,0.3283779205969928,0.3017485771065634,0.3283779205969928,0.3017485771065634,True,0.0717201498351167,0.2105668552663471,False,,,,,,,,,,pseudobulk_de_targeted_SubclassLevel1_Myeloid_aki_vs_normal.csv
,targeted_SubclassLevel1_Myeloid_aki_vs_normal,acute kidney injury vs normal,ENSG00000205403,CFI,regulator,True,1735,91,9.90330816583249,0.6457340714263262,0.3150226618530277,0.3638918285146963,0.3244380163539654,0.3638918285146963,0.3244380163539654,True,0.0403837597457976,0.142340610816294,False,,,,,,,,,,pseudobulk_de_targeted_SubclassLevel1_Myeloid_aki_vs_normal.csv
,targeted_SubclassLevel1_Myeloid_aki_vs_normal,acute kidney injury vs normal,ENSG00000149131,SERPING1,regulator,True,3935,95,18.28405336980064,0.7784169107357983,0.2800667963215304,0.6044181193104031,0.2724207674535805,0.6044181193104031,0.2724207674535805,True,0.005445986333283,0.0334601484351496,True,,,,,,,,,,pseudobulk_de_targeted_SubclassLevel1_Myeloid_aki_vs_normal.csv
,targeted_SubclassLevel1_Myeloid_aki_vs_normal,acute kidney injury vs normal,ENSG00000106804,C5,terminal,True,2862,100,16.46163500666585,-1.0718063039352623,0.1926448403811864,-1.0081827313463958,0.1925820708250517,-1.0081827313463958,0.1925820708250517,True,2.6420656795240074e-08,1.4252569416126489e-06,True,,,,,,,,,,pseudobulk_de_targeted_SubclassLevel1_Myeloid_aki_vs_normal.csv
,targeted_SubclassLevel1_Myeloid_aki_vs_normal,acute kidney injury vs normal,ENSG00000039537,C6,terminal,True,94,36,0.5623204210134353,-0.21460541359277,0.6278852621981984,-0.0481319847610371,0.5982571726158882,-0.0481319847610371,0.5982571726158882,True,0.7325083246191062,,False,,,,,,,,,,pseudobulk_de_targeted_SubclassLevel1_Myeloid_aki_vs_normal.csv
,targeted_SubclassLevel1_Myeloid_aki_vs_normal,acute kidney injury vs normal,ENSG00000112936,C7,terminal,True,3295,96,21.632041837908726,0.2327654900861885,0.2665801279366123,0.1192198901721344,0.2875378897167821,0.1192198901721344,0.2875378897167821,True,0.3825791743725671,0.6048162649086275,False,,,,,,,,,,pseudobulk_de_targeted_SubclassLevel1_Myeloid_aki_vs_normal.csv
,targeted_SubclassLevel1_Myeloid_aki_vs_normal,acute kidney injury vs normal,ENSG00000157131,C8A,terminal,False,11,10,,,,,,,,,,,False,,,,,,,,,,pseudobulk_de_targeted_SubclassLevel1_Myeloid_aki_vs_normal.csv
,targeted_SubclassLevel1_Myeloid_aki_vs_normal,acute kidney injury vs normal,ENSG00000021852,C8B,terminal,False,14,12,,,,,,,,,,,False,,,,,,,,,,pseudobulk_de_targeted_SubclassLevel1_Myeloid_aki_vs_normal.csv
,targeted_SubclassLevel1_Myeloid_aki_vs_normal,acute kidney injury vs normal,ENSG00000176919,C8G,terminal,False,15,12,,,,,,,,,,,False,,,,,,,,,,pseudobulk_de_targeted_SubclassLevel1_Myeloid_aki_vs_normal.csv
,targeted_SubclassLevel1_Myeloid_aki_vs_normal,acute kidney injury vs normal,ENSG00000113600,C9,terminal,True,1581,93,9.72736382508847,1.3143128829983952,0.2975321405567857,1.1671699360900647,0.3063101382541655,1.1671699360900647,0.3063101382541655,True,9.990394958213816e-06,0.0002220190414557,True,,,,,,,,,,pseudobulk_de_targeted_SubclassLevel1_Myeloid_aki_vs_normal.csv
,targeted_SubclassLevel1_Myeloid_ckd_vs_normal,chronic kidney disease vs normal,ENSG00000125730,C3,alternative,True,3943,135,19.242098820527012,0.261536838809206,0.3133602501743109,0.1037351292922937,0.2813985341544534,0.1037351292922937,0.2813985341544534,True,0.4039315057128261,0.6413763816827509,False,,,,,,,,,,pseudobulk_de_targeted_SubclassLevel1_Myeloid_ckd_vs_normal.csv
,targeted_SubclassLevel1_Myeloid_ckd_vs_normal,chronic kidney disease vs normal,ENSG00000243649,CFB,alternative,True,651,96,2.1592496104771666,-0.6782865674155374,0.4256147175320413,-0.1875178271948179,0.3966502600542101,-0.1875178271948179,0.3966502600542101,True,0.1110114619990232,0.3138240691871786,False,,,,,,,,,,pseudobulk_de_targeted_SubclassLevel1_Myeloid_ckd_vs_normal.csv
,targeted_SubclassLevel1_Myeloid_ckd_vs_normal,chronic kidney disease vs normal,ENSG00000197766,CFD,alternative,True,2530,131,9.81306871935534,0.070308081472392,0.3270289853587048,0.0258394854073789,0.2883181727761824,0.0258394854073789,0.2883181727761824,True,0.8297748292444281,0.9184507772673048,False,,,,,,,,,,pseudobulk_de_targeted_SubclassLevel1_Myeloid_ckd_vs_normal.csv
,targeted_SubclassLevel1_Myeloid_ckd_vs_normal,chronic kidney disease vs normal,ENSG00000126759,CFP,alternative,True,798,115,3.611522650259504,0.0491497350780087,0.3795817561132329,0.0139305469785284,0.3249194773942526,0.0139305469785284,0.3249194773942526,True,0.8969747450329786,0.949953143698968,False,,,,,,,,,,pseudobulk_de_targeted_SubclassLevel1_Myeloid_ckd_vs_normal.csv
,targeted_SubclassLevel1_Myeloid_ckd_vs_normal,chronic kidney disease vs normal,ENSG00000173372,C1QA,classical,True,22434,137,71.49140863350517,-0.3280558217234943,0.3482197617331253,-0.1179110244349961,0.3254070434372573,-0.1179110244349961,0.3254070434372573,True,0.3461444080212121,0.5893767887876439,False,,,,,,,,,,pseudobulk_de_targeted_SubclassLevel1_Myeloid_ckd_vs_normal.csv
,targeted_SubclassLevel1_Myeloid_ckd_vs_normal,chronic kidney disease vs normal,ENSG00000173369,C1QB,classical,True,19625,136,60.394769439970304,-0.5598417053331094,0.3476533465620179,-0.2467005398864775,0.3276902820615204,-0.2467005398864775,0.3276902820615204,True,0.1073226376407253,0.307669122220138,False,,,,,,,,,,pseudobulk_de_targeted_SubclassLevel1_Myeloid_ckd_vs_normal.csv
,targeted_SubclassLevel1_Myeloid_ckd_vs_normal,chronic kidney disease vs normal,ENSG00000159189,C1QC,classical,True,11377,134,35.93231066766835,-0.6569589421641541,0.3424287846732035,-0.2922549061080196,0.3489259603242175,-0.2922549061080196,0.3489259603242175,True,0.0550441948462258,0.2080680669302891,False,,,,,,,,,,pseudobulk_de_targeted_SubclassLevel1_Myeloid_ckd_vs_normal.csv
,targeted_SubclassLevel1_Myeloid_ckd_vs_normal,chronic kidney disease vs normal,ENSG00000159403,C1R,classical,True,996,102,3.527613101717208,0.2948977024461137,0.3820932909604953,0.0793097640098178,0.3448953716491332,0.0793097640098178,0.3448953716491332,True,0.4402358366117502,0.6716126983739676,False,,,,,,,,,,pseudobulk_de_targeted_SubclassLevel1_Myeloid_ckd_vs_normal.csv
,targeted_SubclassLevel1_Myeloid_ckd_vs_normal,chronic kidney disease vs normal,ENSG00000182326,C1S,classical,True,1739,127,6.346630340430604,0.0556520228098038,0.2367034860143556,0.0268443352611617,0.2274514176760551,0.0268443352611617,0.2274514176760551,True,0.8141211728787237,0.910779450655256,False,,,,,,,,,,pseudobulk_de_targeted_SubclassLevel1_Myeloid_ckd_vs_normal.csv
,targeted_SubclassLevel1_Myeloid_ckd_vs_normal,chronic kidney disease vs normal,ENSG00000166278,C2,classical,True,1081,118,4.250263362291113,-0.0523913754002006,0.3226107673741513,-0.0175984180144519,0.3036430636822513,-0.0175984180144519,0.3036430636822513,True,0.8709923675965405,0.9391941322468718,False,,,,,,,,,,pseudobulk_de_targeted_SubclassLevel1_Myeloid_ckd_vs_normal.csv
,targeted_SubclassLevel1_Myeloid_ckd_vs_normal,chronic kidney disease vs normal,ENSG00000244731,C4A,classical,False,10,9,,,,,,,,,,,False,,,,,,,,,,pseudobulk_de_targeted_SubclassLevel1_Myeloid_ckd_vs_normal.csv
,targeted_SubclassLevel1_Myeloid_ckd_vs_normal,chronic kidney disease vs normal,ENSG00000224389,C4B,classical,False,12,9,,,,,,,,,,,False,,,,,,,,,,pseudobulk_de_targeted_SubclassLevel1_Myeloid_ckd_vs_normal.csv
,targeted_SubclassLevel1_Myeloid_ckd_vs_normal,chronic kidney disease vs normal,ENSG00000123838,C4BPA,classical,True,51,29,0.1660373819013393,0.5743653966275765,0.8854145583604315,-0.0476543361473823,0.715632024065031,-0.0476543361473823,0.715632024065031,True,0.5165345148562188,,False,,,,,,,,,,pseudobulk_de_targeted_SubclassLevel1_Myeloid_ckd_vs_normal.csv
,targeted_SubclassLevel1_Myeloid_ckd_vs_normal,chronic kidney disease vs normal,ENSG00000123843,C4BPB,classical,True,314,70,1.4576960293149956,0.9171203467589591,0.6081356800007823,0.1069567434895399,0.6354222424806202,0.1069567434895399,0.6354222424806202,True,0.1315327528029283,0.3439490143607129,False,,,,,,,,,,pseudobulk_de_targeted_SubclassLevel1_Myeloid_ckd_vs_normal.csv
,targeted_SubclassLevel1_Myeloid_ckd_vs_normal,chronic kidney disease vs normal,ENSG00000085265,FCN1,lectin,True,4530,133,20.836587871493588,0.488148584685279,0.3530444786324055,0.1961829721784097,0.3194606892431086,0.1961829721784097,0.3194606892431086,True,0.1667620990417284,0.3932629929178822,False,,,,,,,,,,pseudobulk_de_targeted_SubclassLevel1_Myeloid_ckd_vs_normal.csv
,targeted_SubclassLevel1_Myeloid_ckd_vs_normal,chronic kidney disease vs normal,ENSG00000160339,FCN2,lectin,False,3,3,,,,,,,,,,,False,,,,,,,,,,pseudobulk_de_targeted_SubclassLevel1_Myeloid_ckd_vs_normal.csv
,targeted_SubclassLevel1_Myeloid_ckd_vs_normal,chronic kidney disease vs normal,ENSG00000142748,FCN3,lectin,True,99,41,0.3463808786243451,0.2464351133876675,0.6860831571574036,-0.0375514130374892,0.5273836046846839,-0.0375514130374892,0.5273836046846839,True,0.7194519711853602,,False,,,,,,,,,,pseudobulk_de_targeted_SubclassLevel1_Myeloid_ckd_vs_normal.csv
,targeted_SubclassLevel1_Myeloid_ckd_vs_normal,chronic kidney disease vs normal,ENSG00000127241,MASP1,lectin,True,97,50,0.4040685115394407,1.3818568089928298,0.6512638392033425,0.153056883529774,0.565923178898735,0.153056883529774,0.565923178898735,True,0.0338538665260228,,False,,,,,,,,,,pseudobulk_de_targeted_SubclassLevel1_Myeloid_ckd_vs_normal.csv
,targeted_SubclassLevel1_Myeloid_ckd_vs_normal,chronic kidney disease vs normal,ENSG00000009724,MASP2,lectin,True,60,38,0.242478032070795,0.8589958401718046,0.8194822321146551,0.0047179869686561,0.7044707870557375,0.0047179869686561,0.7044707870557375,True,0.294538283909068,,False,,,,,,,,,,pseudobulk_de_targeted_SubclassLevel1_Myeloid_ckd_vs_normal.csv
,targeted_SubclassLevel1_Myeloid_ckd_vs_normal,chronic kidney disease vs normal,ENSG00000165471,MBL2,lectin,False,3,3,,,,,,,,,,,False,,,,,,,,,,pseudobulk_de_targeted_SubclassLevel1_Myeloid_ckd_vs_normal.csv
,targeted_SubclassLevel1_Myeloid_ckd_vs_normal,chronic kidney disease vs normal,ENSG00000171860,C3AR1,receptor,True,6170,136,25.022365349838857,-0.9276842669330098,0.223807738230089,-0.8330364111822807,0.2128270271527672,-0.8330364111822807,0.2128270271527672,True,3.398058122459093e-05,0.0014177715080465,True,,,,,,,,,,pseudobulk_de_targeted_SubclassLevel1_Myeloid_ckd_vs_normal.csv
,targeted_SubclassLevel1_Myeloid_ckd_vs_normal,chronic kidney disease vs normal,ENSG00000197405,C5AR1,receptor,True,8296,137,29.49082622359233,-1.898249063517304,0.2897332025721632,-1.8208233075432587,0.2704204267068534,-1.8208233075432587,0.2704204267068534,True,5.688042183177692e-11,4.50912059805381e-08,True,,,,,,,,,,pseudobulk_de_targeted_SubclassLevel1_Myeloid_ckd_vs_normal.csv
,targeted_SubclassLevel1_Myeloid_ckd_vs_normal,chronic kidney disease vs normal,ENSG00000134830,C5AR2,receptor,True,1836,132,7.214579151978225,-0.6582778493618655,0.2506206348835425,-0.4799292096124189,0.2528435074423764,-0.4799292096124189,0.2528435074423764,True,0.0086244983517345,0.0675060577121331,False,,,,,,,,,,pseudobulk_de_targeted_SubclassLevel1_Myeloid_ckd_vs_normal.csv
,targeted_SubclassLevel1_Myeloid_ckd_vs_normal,chronic kidney disease vs normal,ENSG00000203710,CR1,receptor,True,9704,138,38.1675672031872,-0.1241935501571541,0.2865823103784217,-0.0477613299628286,0.2912477771152127,-0.0477613299628286,0.2912477771152127,True,0.6647526465596869,0.8266808441827543,False,,,,,,,,,,pseudobulk_de_targeted_SubclassLevel1_Myeloid_ckd_vs_normal.csv
,targeted_SubclassLevel1_Myeloid_ckd_vs_normal,chronic kidney disease vs normal,ENSG00000117322,CR2,receptor,True,97,44,0.3734199493880702,0.0643594930846496,0.741837017050815,-0.0683413626014787,0.5537663001708714,-0.0683413626014787,0.5537663001708714,True,0.9308647330881632,,False,,,,,,,,,,pseudobulk_de_targeted_SubclassLevel1_Myeloid_ckd_vs_normal.csv
,targeted_SubclassLevel1_Myeloid_ckd_vs_normal,chronic kidney disease vs normal,ENSG00000169896,ITGAM,receptor,True,6877,138,29.303742024489225,0.2186544979225723,0.162992948141867,0.1543881548458903,0.164061558110211,0.1543881548458903,0.164061558110211,True,0.179759248658648,0.4107925661199448,False,,,,,,,,,,pseudobulk_de_targeted_SubclassLevel1_Myeloid_ckd_vs_normal.csv
,targeted_SubclassLevel1_Myeloid_ckd_vs_normal,chronic kidney disease vs normal,ENSG00000140678,ITGAX,receptor,True,8821,139,43.291154421004656,0.0384666541358235,0.2567828593685222,0.0174469258067019,0.2452072963404862,0.0174469258067019,0.2452072963404862,True,0.8809206217316254,0.9428285656591874,False,,,,,,,,,,pseudobulk_de_targeted_SubclassLevel1_Myeloid_ckd_vs_normal.csv
,targeted_SubclassLevel1_Myeloid_ckd_vs_normal,chronic kidney disease vs normal,ENSG00000155659,VSIG4,receptor,True,9791,136,34.75330132389801,-0.7653238067995622,0.2177886410919928,-0.6517695839204228,0.2169164347098995,-0.6517695839204228,0.2169164347098995,True,0.0004413020220442,0.0093580641296426,True,,,,,,,,,,pseudobulk_de_targeted_SubclassLevel1_Myeloid_ckd_vs_normal.csv
,targeted_SubclassLevel1_Myeloid_ckd_vs_normal,chronic kidney disease vs normal,ENSG00000117335,CD46,regulator,True,12090,139,46.68429934139246,-0.310178879508204,0.1171493748014455,-0.2695138744605824,0.1142446531785024,-0.2695138744605824,0.1142446531785024,True,0.0081036332989517,0.064836108603297,False,,,,,,,,,,pseudobulk_de_targeted_SubclassLevel1_Myeloid_ckd_vs_normal.csv
,targeted_SubclassLevel1_Myeloid_ckd_vs_normal,chronic kidney disease vs normal,ENSG00000196352,CD55,regulator,True,7715,138,28.19252715670143,-0.7703194906785351,0.1943400004549416,-0.6888475992976549,0.1837357988258766,-0.6888475992976549,0.1837357988258766,True,7.377465586106683e-05,0.0025602169322797,True,,,,,,,,,,pseudobulk_de_targeted_SubclassLevel1_Myeloid_ckd_vs_normal.csv
,targeted_SubclassLevel1_Myeloid_ckd_vs_normal,chronic kidney disease vs normal,ENSG00000085063,CD59,regulator,True,6686,138,22.910763267226574,-0.4517607821017917,0.2286122702185079,-0.2971607439107218,0.2257166023889703,-0.2971607439107218,0.2257166023889703,True,0.0481434153254736,0.1916516491839263,False,,,,,,,,,,pseudobulk_de_targeted_SubclassLevel1_Myeloid_ckd_vs_normal.csv
,targeted_SubclassLevel1_Myeloid_ckd_vs_normal,chronic kidney disease vs normal,ENSG00000000971,CFH,regulator,True,1167,112,4.3595460266374815,-0.2986314798216011,0.3768865858923308,-0.0846486957847185,0.3366679575312072,-0.0846486957847185,0.3366679575312072,True,0.4281482830310449,0.6618874514024016,False,,,,,,,,,,pseudobulk_de_targeted_SubclassLevel1_Myeloid_ckd_vs_normal.csv
,targeted_SubclassLevel1_Myeloid_ckd_vs_normal,chronic kidney disease vs normal,ENSG00000205403,CFI,regulator,True,1814,120,6.421710365045792,0.0025839692617372,0.3702189138760615,0.0004433199737882,0.3519691858188765,0.0004433199737882,0.3519691858188765,True,0.9944311531280036,0.997039370290584,False,,,,,,,,,,pseudobulk_de_targeted_SubclassLevel1_Myeloid_ckd_vs_normal.csv
,targeted_SubclassLevel1_Myeloid_ckd_vs_normal,chronic kidney disease vs normal,ENSG00000149131,SERPING1,regulator,True,3040,126,10.053866825352502,-0.2866915428582305,0.3158686757276259,-0.1110707708772041,0.2937517148132475,-0.1110707708772041,0.2937517148132475,True,0.3640743131093161,0.6059322987903337,False,,,,,,,,,,pseudobulk_de_targeted_SubclassLevel1_Myeloid_ckd_vs_normal.csv
,targeted_SubclassLevel1_Myeloid_ckd_vs_normal,chronic kidney disease vs normal,ENSG00000106804,C5,terminal,True,3057,132,11.380327354966749,-0.7330521760080319,0.222203875572848,-0.6120882896982748,0.2199113015242811,-0.6120882896982748,0.2199113015242811,True,0.0009702743719552,0.0159163283115212,True,,,,,,,,,,pseudobulk_de_targeted_SubclassLevel1_Myeloid_ckd_vs_normal.csv
,targeted_SubclassLevel1_Myeloid_ckd_vs_normal,chronic kidney disease vs normal,ENSG00000039537,C6,terminal,True,118,56,0.4693787124848241,0.7390219605911704,0.6077270354740205,0.0575762453653789,0.524648405889772,0.0575762453653789,0.524648405889772,True,0.2239686968129886,,False,,,,,,,,,,pseudobulk_de_targeted_SubclassLevel1_Myeloid_ckd_vs_normal.csv
,targeted_SubclassLevel1_Myeloid_ckd_vs_normal,chronic kidney disease vs normal,ENSG00000112936,C7,terminal,True,6155,134,22.56374057650626,0.6582519713146898,0.3165523040785795,0.3468449742380702,0.3213187570424743,0.3468449742380702,0.3213187570424743,True,0.0375767972029386,0.1649130884238524,False,,,,,,,,,,pseudobulk_de_targeted_SubclassLevel1_Myeloid_ckd_vs_normal.csv
,targeted_SubclassLevel1_Myeloid_ckd_vs_normal,chronic kidney disease vs normal,ENSG00000157131,C8A,terminal,False,14,12,,,,,,,,,,,False,,,,,,,,,,pseudobulk_de_targeted_SubclassLevel1_Myeloid_ckd_vs_normal.csv
,targeted_SubclassLevel1_Myeloid_ckd_vs_normal,chronic kidney disease vs normal,ENSG00000021852,C8B,terminal,False,14,12,,,,,,,,,,,False,,,,,,,,,,pseudobulk_de_targeted_SubclassLevel1_Myeloid_ckd_vs_normal.csv
,targeted_SubclassLevel1_Myeloid_ckd_vs_normal,chronic kidney disease vs normal,ENSG00000176919,C8G,terminal,True,20,17,0.0605426677734828,1.2789507819703374,1.436703407595889,-0.013854341235037,0.6647850777383011,-0.013854341235037,0.6647850777383011,True,0.3733594730388058,,False,,,,,,,,,,pseudobulk_de_targeted_SubclassLevel1_Myeloid_ckd_vs_normal.csv
,targeted_SubclassLevel1_Myeloid_ckd_vs_normal,chronic kidney disease vs normal,ENSG00000113600,C9,terminal,True,1944,123,8.74067254943528,1.2286731126670851,0.3504455777991252,0.9786844191305676,0.373534954507883,0.9786844191305676,0.373534954507883,True,0.0004548419829256,0.0094870894262649,True,,,,,,,,,,pseudobulk_de_targeted_SubclassLevel1_Myeloid_ckd_vs_normal.csv
,targeted_SubclassLevel1_PC_aki_vs_ckd,acute kidney injury vs chronic kidney disease,ENSG00000125730,C3,alternative,True,1548,96,11.571835860649534,2.41713687911374,0.5728595997534381,1.9901933785982704,0.6916336027557566,1.9901933785982704,0.6916336027557566,True,2.449285293617298e-05,0.007128500154562,True,,,,,,,,,,pseudobulk_de_targeted_SubclassLevel1_PC_aki_vs_ckd.csv
,targeted_SubclassLevel1_PC_aki_vs_ckd,acute kidney injury vs chronic kidney disease,ENSG00000243649,CFB,alternative,True,4812,117,24.5533340295877,1.6070486002159294,0.3482120323106342,1.4153939576923835,0.3867951903052588,1.4153939576923835,0.3867951903052588,True,3.928232413585107e-06,0.0017022013106167,True,,,,,,,,,,pseudobulk_de_targeted_SubclassLevel1_PC_aki_vs_ckd.csv
,targeted_SubclassLevel1_PC_aki_vs_ckd,acute kidney injury vs chronic kidney disease,ENSG00000197766,CFD,alternative,True,540,94,3.0609557504052565,-0.2319521444117451,0.4310393023190668,-0.0093248667582361,0.1121788918650647,-0.0093248667582361,0.1121788918650647,True,0.5904921636228146,0.8789291837493043,False,,,,,,,,,,pseudobulk_de_targeted_SubclassLevel1_PC_aki_vs_ckd.csv
,targeted_SubclassLevel1_PC_aki_vs_ckd,acute kidney injury vs chronic kidney disease,ENSG00000126759,CFP,alternative,True,57,40,0.3380134224668061,-0.0851079531743866,0.7129268048320775,-0.0039934477073622,0.1123142956585241,-0.0039934477073622,0.1123142956585241,True,0.9049756933386748,,False,,,,,,,,,,pseudobulk_de_targeted_SubclassLevel1_PC_aki_vs_ckd.csv
,targeted_SubclassLevel1_PC_aki_vs_ckd,acute kidney injury vs chronic kidney disease,ENSG00000173372,C1QA,classical,True,474,77,2.7937485186230333,1.2814796941524451,0.573471706055977,0.0380298506675273,0.1474977608800622,0.0380298506675273,0.1474977608800622,True,0.0254436414966729,0.2679311288346494,False,,,,,,,,,,pseudobulk_de_targeted_SubclassLevel1_PC_aki_vs_ckd.csv
,targeted_SubclassLevel1_PC_aki_vs_ckd,acute kidney injury vs chronic kidney disease,ENSG00000173369,C1QB,classical,True,369,61,1.6999551536920892,1.0323529834794487,0.6571300504636922,0.0205819192551522,0.11520389138072,0.0205819192551522,0.11520389138072,True,0.1161820570015041,0.5080180610512289,False,,,,,,,,,,pseudobulk_de_targeted_SubclassLevel1_PC_aki_vs_ckd.csv
,targeted_SubclassLevel1_PC_aki_vs_ckd,acute kidney injury vs chronic kidney disease,ENSG00000159189,C1QC,classical,True,188,55,0.9807146679952834,0.5073542227670621,0.665909247400988,0.0087812683920721,0.1159814209383179,0.0087812683920721,0.1159814209383179,True,0.4461215121149278,,False,,,,,,,,,,pseudobulk_de_targeted_SubclassLevel1_PC_aki_vs_ckd.csv
,targeted_SubclassLevel1_PC_aki_vs_ckd,acute kidney injury vs chronic kidney disease,ENSG00000159403,C1R,classical,True,1243,104,6.193350345578964,1.163464566058673,0.4032935367763345,0.060563560333174,0.1500529574515746,0.060563560333174,0.1500529574515746,True,0.0039152862933943,0.1111711409255416,False,,,,,,,,,,pseudobulk_de_targeted_SubclassLevel1_PC_aki_vs_ckd.csv
,targeted_SubclassLevel1_PC_aki_vs_ckd,acute kidney injury vs chronic kidney disease,ENSG00000182326,C1S,classical,True,3555,120,17.42642450302207,0.5113670079429465,0.1841849180422881,0.3227552395135952,0.2228761334331764,0.3227552395135952,0.2228761334331764,True,0.0054968210970899,0.1315972376738403,False,,,,,,,,,,pseudobulk_de_targeted_SubclassLevel1_PC_aki_vs_ckd.csv
,targeted_SubclassLevel1_PC_aki_vs_ckd,acute kidney injury vs chronic kidney disease,ENSG00000166278,C2,classical,True,1685,115,8.571222013132877,0.3522986187994379,0.2070617974170693,0.0797297938080461,0.1399471745469873,0.0797297938080461,0.1399471745469873,True,0.0888645693547523,0.4621330874965262,False,,,,,,,,,,pseudobulk_de_targeted_SubclassLevel1_PC_aki_vs_ckd.csv
,targeted_SubclassLevel1_PC_aki_vs_ckd,acute kidney injury vs chronic kidney disease,ENSG00000244731,C4A,classical,True,23,20,0.1196591708966623,0.5926727686376007,1.095170832596302,0.0059111261413393,0.1089724366638922,0.0059111261413393,0.1089724366638922,True,0.5883909361834847,,False,,,,,,,,,,pseudobulk_de_targeted_SubclassLevel1_PC_aki_vs_ckd.csv
,targeted_SubclassLevel1_PC_aki_vs_ckd,acute kidney injury vs chronic kidney disease,ENSG00000224389,C4B,classical,True,24,18,0.2089816202645389,0.0410005369416285,1.3281004972477268,-0.0032277764420399,0.1036785132564002,-0.0032277764420399,0.1036785132564002,True,0.9753719692863848,,False,,,,,,,,,,pseudobulk_de_targeted_SubclassLevel1_PC_aki_vs_ckd.csv
,targeted_SubclassLevel1_PC_aki_vs_ckd,acute kidney injury vs chronic kidney disease,ENSG00000123838,C4BPA,classical,True,183,61,0.8376429736372418,-0.692803421572771,0.5736920146165146,-0.0217305499189443,0.1140182166481184,-0.0217305499189443,0.1140182166481184,True,0.2271924759699722,,False,,,,,,,,,,pseudobulk_de_targeted_SubclassLevel1_PC_aki_vs_ckd.csv
,targeted_SubclassLevel1_PC_aki_vs_ckd,acute kidney injury vs chronic kidney disease,ENSG00000123843,C4BPB,classical,True,38,24,0.2369389474104367,0.0395172148684461,1.1357982196390577,-0.0023726980963556,0.1064500452357695,-0.0023726980963556,0.1064500452357695,True,0.9722452325194272,,False,,,,,,,,,,pseudobulk_de_targeted_SubclassLevel1_PC_aki_vs_ckd.csv
,targeted_SubclassLevel1_PC_aki_vs_ckd,acute kidney injury vs chronic kidney disease,ENSG00000085265,FCN1,lectin,True,80,42,0.4052912909991313,0.7810956877998623,0.6589675976602364,0.0200502960615974,0.1182868253741191,0.0200502960615974,0.1182868253741191,True,0.2358860217040808,,False,,,,,,,,,,pseudobulk_de_targeted_SubclassLevel1_PC_aki_vs_ckd.csv
,targeted_SubclassLevel1_PC_aki_vs_ckd,acute kidney injury vs chronic kidney disease,ENSG00000160339,FCN2,lectin,False,6,6,,,,,,,,,,,False,,,,,,,,,,pseudobulk_de_targeted_SubclassLevel1_PC_aki_vs_ckd.csv
,targeted_SubclassLevel1_PC_aki_vs_ckd,acute kidney injury vs chronic kidney disease,ENSG00000142748,FCN3,lectin,True,78,40,0.573515925603341,0.2693683605218765,0.7922707212954253,0.0055945609565622,0.1178703281002788,0.0055945609565622,0.1178703281002788,True,0.7338600303533938,,False,,,,,,,,,,pseudobulk_de_targeted_SubclassLevel1_PC_aki_vs_ckd.csv
,targeted_SubclassLevel1_PC_aki_vs_ckd,acute kidney injury vs chronic kidney disease,ENSG00000127241,MASP1,lectin,True,65,37,0.6553776228098678,-1.1152717023444083,1.0440712928655136,-0.0132742942700431,0.1487547237206763,-0.0132742942700431,0.1487547237206763,True,0.2854325736887606,,False,,,,,,,,,,pseudobulk_de_targeted_SubclassLevel1_PC_aki_vs_ckd.csv
,targeted_SubclassLevel1_PC_aki_vs_ckd,acute kidney injury vs chronic kidney disease,ENSG00000009724,MASP2,lectin,True,209,62,1.0711660716526652,0.1562705084907118,0.5950123982250717,0.0045581043571309,0.1129755277421508,0.0045581043571309,0.1129755277421508,True,0.7928326626356559,,False,,,,,,,,,,pseudobulk_de_targeted_SubclassLevel1_PC_aki_vs_ckd.csv
,targeted_SubclassLevel1_PC_aki_vs_ckd,acute kidney injury vs chronic kidney disease,ENSG00000165471,MBL2,lectin,False,1,1,,,,,,,,,,,False,,,,,,,,,,pseudobulk_de_targeted_SubclassLevel1_PC_aki_vs_ckd.csv
,targeted_SubclassLevel1_PC_aki_vs_ckd,acute kidney injury vs chronic kidney disease,ENSG00000171860,C3AR1,receptor,True,75,45,0.5751611595104971,0.2734013432104659,0.7328280583073344,0.0050410388609228,0.1136615321508774,0.0050410388609228,0.1136615321508774,True,0.7090910857721162,,False,,,,,,,,,,pseudobulk_de_targeted_SubclassLevel1_PC_aki_vs_ckd.csv
,targeted_SubclassLevel1_PC_aki_vs_ckd,acute kidney injury vs chronic kidney disease,ENSG00000197405,C5AR1,receptor,True,11364,121,56.89263632635884,0.2131459868417096,0.223861692274874,0.0350998631337297,0.1123556666805623,0.0350998631337297,0.1123556666805623,True,0.3410298017159968,0.7405413568113534,False,,,,,,,,,,pseudobulk_de_targeted_SubclassLevel1_PC_aki_vs_ckd.csv
,targeted_SubclassLevel1_PC_aki_vs_ckd,acute kidney injury vs chronic kidney disease,ENSG00000134830,C5AR2,receptor,True,132,58,0.9008570962339508,-0.68634836392179,0.6545749095039959,-0.0178055906831024,0.1323683975819487,-0.0178055906831024,0.1323683975819487,True,0.2943896099825538,,False,,,,,,,,,,pseudobulk_de_targeted_SubclassLevel1_PC_aki_vs_ckd.csv
,targeted_SubclassLevel1_PC_aki_vs_ckd,acute kidney injury vs chronic kidney disease,ENSG00000203710,CR1,receptor,True,114,50,1.022418202139295,0.6507061736081051,0.7328140226270365,0.0107769018864532,0.10683837702671,0.0107769018864532,0.10683837702671,True,0.3745647389030835,,False,,,,,,,,,,pseudobulk_de_targeted_SubclassLevel1_PC_aki_vs_ckd.csv
,targeted_SubclassLevel1_PC_aki_vs_ckd,acute kidney injury vs chronic kidney disease,ENSG00000117322,CR2,receptor,True,235,67,1.469631498654103,-0.9686125016021372,0.6120281441761497,-0.0205261096442216,0.1270340704775521,-0.0205261096442216,0.1270340704775521,True,0.1135064178627814,0.5032071346833831,False,,,,,,,,,,pseudobulk_de_targeted_SubclassLevel1_PC_aki_vs_ckd.csv
,targeted_SubclassLevel1_PC_aki_vs_ckd,acute kidney injury vs chronic kidney disease,ENSG00000169896,ITGAM,receptor,True,102,58,0.7936680250871988,0.5326599325480821,0.5670159359591975,0.0162786603015271,0.1162223375365864,0.0162786603015271,0.1162223375365864,True,0.3475207403988173,,False,,,,,,,,,,pseudobulk_de_targeted_SubclassLevel1_PC_aki_vs_ckd.csv
,targeted_SubclassLevel1_PC_aki_vs_ckd,acute kidney injury vs chronic kidney disease,ENSG00000140678,ITGAX,receptor,True,75,34,0.649503831275172,-0.7869570068984285,0.9829032791138536,-0.0102526075344689,0.166769907234614,-0.0102526075344689,0.166769907234614,True,0.4233369493493371,,False,,,,,,,,,,pseudobulk_de_targeted_SubclassLevel1_PC_aki_vs_ckd.csv
,targeted_SubclassLevel1_PC_aki_vs_ckd,acute kidney injury vs chronic kidney disease,ENSG00000155659,VSIG4,receptor,True,57,29,0.42325615012798,0.1380287152067386,0.9465870933551056,0.0060570348750307,0.1251990313426759,0.0060570348750307,0.1251990313426759,True,0.8840656676284879,,False,,,,,,,,,,pseudobulk_de_targeted_SubclassLevel1_PC_aki_vs_ckd.csv
,targeted_SubclassLevel1_PC_aki_vs_ckd,acute kidney injury vs chronic kidney disease,ENSG00000117335,CD46,regulator,True,34435,121,161.97478127465786,-0.2412830594892408,0.155681459886326,-0.0735351371863023,0.1196185827327467,-0.0735351371863023,0.1196185827327467,True,0.1211772932977965,0.5174280819733333,False,,,,,,,,,,pseudobulk_de_targeted_SubclassLevel1_PC_aki_vs_ckd.csv
,targeted_SubclassLevel1_PC_aki_vs_ckd,acute kidney injury vs chronic kidney disease,ENSG00000196352,CD55,regulator,True,8772,121,40.710287804692065,-0.0163643956344739,0.226321250153505,-0.0024469735453619,0.101027984955062,-0.0024469735453619,0.101027984955062,True,0.9423583500808148,0.987700754637846,False,,,,,,,,,,pseudobulk_de_targeted_SubclassLevel1_PC_aki_vs_ckd.csv
,targeted_SubclassLevel1_PC_aki_vs_ckd,acute kidney injury vs chronic kidney disease,ENSG00000085063,CD59,regulator,True,16002,120,78.43151407789716,0.4895168585778385,0.270661524145635,0.0569255453000969,0.1381491355470741,0.0569255453000969,0.1381491355470741,True,0.0705140726127161,0.4200605419839981,False,,,,,,,,,,pseudobulk_de_targeted_SubclassLevel1_PC_aki_vs_ckd.csv
,targeted_SubclassLevel1_PC_aki_vs_ckd,acute kidney injury vs chronic kidney disease,ENSG00000000971,CFH,regulator,True,747,78,3.798846595013539,0.4742996065306312,0.6328499323471811,0.0074910785866623,0.1206091180025629,0.0074910785866623,0.1206091180025629,True,0.4535762895455499,0.8142332225493815,False,,,,,,,,,,pseudobulk_de_targeted_SubclassLevel1_PC_aki_vs_ckd.csv
,targeted_SubclassLevel1_PC_aki_vs_ckd,acute kidney injury vs chronic kidney disease,ENSG00000205403,CFI,regulator,True,15189,121,75.84526947794375,1.0007367865087329,0.1958668814551283,0.9155368383551388,0.2056094691793127,0.9155368383551388,0.2056094691793127,True,3.234058717568498e-07,0.0003737062650107,True,,,,,,,,,,pseudobulk_de_targeted_SubclassLevel1_PC_aki_vs_ckd.csv
,targeted_SubclassLevel1_PC_aki_vs_ckd,acute kidney injury vs chronic kidney disease,ENSG00000149131,SERPING1,regulator,True,9874,120,48.23625794087541,0.8873228736227017,0.292810411639999,0.5654106498300145,0.3645452402205351,0.5654106498300145,0.3645452402205351,True,0.0024425711104721,0.0891307053848719,False,,,,,,,,,,pseudobulk_de_targeted_SubclassLevel1_PC_aki_vs_ckd.csv
,targeted_SubclassLevel1_PC_aki_vs_ckd,acute kidney injury vs chronic kidney disease,ENSG00000106804,C5,terminal,True,1982,118,10.673574166428306,-0.0426924777919945,0.1690113469672291,-0.0102584129619893,0.0925005422293002,-0.0102584129619893,0.0925005422293002,True,0.8005763626817177,0.9511328092063248,False,,,,,,,,,,pseudobulk_de_targeted_SubclassLevel1_PC_aki_vs_ckd.csv
,targeted_SubclassLevel1_PC_aki_vs_ckd,acute kidney injury vs chronic kidney disease,ENSG00000039537,C6,terminal,True,94,53,0.7932873608227161,-0.1457107726778986,0.7195864672369533,-0.0017855518197928,0.1089117572890942,-0.0017855518197928,0.1089117572890942,True,0.8395318189144516,,False,,,,,,,,,,pseudobulk_de_targeted_SubclassLevel1_PC_aki_vs_ckd.csv
,targeted_SubclassLevel1_PC_aki_vs_ckd,acute kidney injury vs chronic kidney disease,ENSG00000112936,C7,terminal,True,3669,89,20.35260310036458,-0.6491819426980834,0.6865939957722852,-0.0087684188536989,0.1188420689828657,-0.0087684188536989,0.1188420689828657,True,0.3443982307062491,0.743103561236765,False,,,,,,,,,,pseudobulk_de_targeted_SubclassLevel1_PC_aki_vs_ckd.csv
,targeted_SubclassLevel1_PC_aki_vs_ckd,acute kidney injury vs chronic kidney disease,ENSG00000157131,C8A,terminal,True,24,17,0.1617447283175769,0.2221355210656097,1.3829808142475393,-0.0004378148214535,0.1039083737028558,-0.0004378148214535,0.1039083737028558,True,0.8723920509048511,,False,,,,,,,,,,pseudobulk_de_targeted_SubclassLevel1_PC_aki_vs_ckd.csv
,targeted_SubclassLevel1_PC_aki_vs_ckd,acute kidney injury vs chronic kidney disease,ENSG00000021852,C8B,terminal,False,10,9,,,,,,,,,,,False,,,,,,,,,,pseudobulk_de_targeted_SubclassLevel1_PC_aki_vs_ckd.csv
,targeted_SubclassLevel1_PC_aki_vs_ckd,acute kidney injury vs chronic kidney disease,ENSG00000176919,C8G,terminal,True,36,26,0.1371709869607001,-0.2871433349994391,0.964236626037751,-0.0083120393014617,0.1041034965687142,-0.0083120393014617,0.1041034965687142,True,0.7658608270735703,,False,,,,,,,,,,pseudobulk_de_targeted_SubclassLevel1_PC_aki_vs_ckd.csv
,targeted_SubclassLevel1_PC_aki_vs_ckd,acute kidney injury vs chronic kidney disease,ENSG00000113600,C9,terminal,True,1037,103,4.397375655702737,-0.0963569908248472,0.2752630694206926,-0.0097452595376077,0.1004732984925462,-0.0097452595376077,0.1004732984925462,True,0.7262980294260171,0.9268146759950788,False,,,,,,,,,,pseudobulk_de_targeted_SubclassLevel1_PC_aki_vs_ckd.csv
,targeted_SubclassLevel1_PC_aki_vs_normal,acute kidney injury vs normal,ENSG00000125730,C3,alternative,True,3175,99,23.255741782507073,3.241484019449387,0.4992234724553475,3.0159365988622304,0.6023795226787952,3.0159365988622304,0.6023795226787952,True,8.411457940524141e-11,2.8774564628470218e-08,True,,,,,,,,,,pseudobulk_de_targeted_SubclassLevel1_PC_aki_vs_normal.csv
,targeted_SubclassLevel1_PC_aki_vs_normal,acute kidney injury vs normal,ENSG00000243649,CFB,alternative,True,15163,118,59.7660855616399,2.129734787427807,0.3600527180132956,1.9934193161298688,0.3743386284064134,1.9934193161298688,0.3743386284064134,True,3.317470270646198e-09,7.031234000796763e-07,True,,,,,,,,,,pseudobulk_de_targeted_SubclassLevel1_PC_aki_vs_normal.csv
,targeted_SubclassLevel1_PC_aki_vs_normal,acute kidney injury vs normal,ENSG00000197766,CFD,alternative,True,1833,94,4.777667439887399,0.0913700715991095,0.3244205208272507,0.0287123885798625,0.2645496359166458,0.0287123885798625,0.2645496359166458,True,0.778218912987476,0.8896505955601774,False,,,,,,,,,,pseudobulk_de_targeted_SubclassLevel1_PC_aki_vs_normal.csv
,targeted_SubclassLevel1_PC_aki_vs_normal,acute kidney injury vs normal,ENSG00000126759,CFP,alternative,True,144,52,0.5439851675161342,0.5305143731661026,0.4770111607476482,0.0720340148681589,0.3311687554847541,0.0720340148681589,0.3311687554847541,True,0.2660678843408263,,False,,,,,,,,,,pseudobulk_de_targeted_SubclassLevel1_PC_aki_vs_normal.csv
,targeted_SubclassLevel1_PC_aki_vs_normal,acute kidney injury vs normal,ENSG00000173372,C1QA,classical,True,1440,87,4.972830444402591,1.2584969451920365,0.4303182825770981,0.8831643887740818,0.4462640044720612,0.8831643887740818,0.4462640044720612,True,0.0034492990132198,0.0306553698535891,True,,,,,,,,,,pseudobulk_de_targeted_SubclassLevel1_PC_aki_vs_normal.csv
,targeted_SubclassLevel1_PC_aki_vs_normal,acute kidney injury vs normal,ENSG00000173369,C1QB,classical,True,1586,69,3.9189080158806977,0.6448843560466534,0.5163197751359424,0.1028169578324689,0.4506121900670075,0.1028169578324689,0.4506121900670075,True,0.2116643959927509,0.4344010164680191,False,,,,,,,,,,pseudobulk_de_targeted_SubclassLevel1_PC_aki_vs_normal.csv
,targeted_SubclassLevel1_PC_aki_vs_normal,acute kidney injury vs normal,ENSG00000159189,C1QC,classical,True,603,56,1.4808739327274558,0.2956291082452171,0.5347719461764938,0.0391268313569059,0.7539696938662913,0.0391268313569059,0.7539696938662913,True,0.5803911784396482,0.7674089050475932,False,,,,,,,,,,pseudobulk_de_targeted_SubclassLevel1_PC_aki_vs_normal.csv
,targeted_SubclassLevel1_PC_aki_vs_normal,acute kidney injury vs normal,ENSG00000159403,C1R,classical,True,3085,108,11.393977420771868,1.625387058757838,0.3336451773267836,1.488104259508083,0.3321740334762956,1.488104259508083,0.3321740334762956,True,1.106960725244808e-06,7.101872301541452e-05,True,,,,,,,,,,pseudobulk_de_targeted_SubclassLevel1_PC_aki_vs_normal.csv
,targeted_SubclassLevel1_PC_aki_vs_normal,acute kidney injury vs normal,ENSG00000182326,C1S,classical,True,11439,121,37.92282443933854,0.3527577135733791,0.1406310827996368,0.2909680916846442,0.1383894219479135,0.2909680916846442,0.1383894219479135,True,0.0121282450590966,0.0716415178452969,False,,,,,,,,,,pseudobulk_de_targeted_SubclassLevel1_PC_aki_vs_normal.csv
,targeted_SubclassLevel1_PC_aki_vs_normal,acute kidney injury vs normal,ENSG00000166278,C2,classical,True,5573,120,19.139679024701408,0.0321499993693527,0.1850250817761772,0.0187005802313094,0.1770182968351438,0.0187005802313094,0.1770182968351438,True,0.8620539066473876,0.9336316103706712,False,,,,,,,,,,pseudobulk_de_targeted_SubclassLevel1_PC_aki_vs_normal.csv
,targeted_SubclassLevel1_PC_aki_vs_normal,acute kidney injury vs normal,ENSG00000244731,C4A,classical,True,52,31,0.2504845695565653,1.0997515552400887,0.7459518120215475,0.075541536574925,0.7393527177542536,0.075541536574925,0.7393527177542536,True,0.1404027117112837,,False,,,,,,,,,,pseudobulk_de_targeted_SubclassLevel1_PC_aki_vs_normal.csv
,targeted_SubclassLevel1_PC_aki_vs_normal,acute kidney injury vs normal,ENSG00000224389,C4B,classical,True,48,27,0.2411560046183035,1.307193975571502,0.8104208729274188,0.0717491396425526,0.384400034207226,0.0717491396425526,0.384400034207226,True,0.1067485002010735,,False,,,,,,,,,,pseudobulk_de_targeted_SubclassLevel1_PC_aki_vs_normal.csv
,targeted_SubclassLevel1_PC_aki_vs_normal,acute kidney injury vs normal,ENSG00000123838,C4BPA,classical,True,346,66,1.145449635523668,0.6063453589780793,0.3983676156394373,0.1666716173221298,0.3637763386123188,0.1666716173221298,0.3637763386123188,True,0.1279903079365076,,False,,,,,,,,,,pseudobulk_de_targeted_SubclassLevel1_PC_aki_vs_normal.csv
,targeted_SubclassLevel1_PC_aki_vs_normal,acute kidney injury vs normal,ENSG00000123843,C4BPB,classical,True,143,43,0.3821932863632437,-0.0299857583538492,0.6732149789708932,-0.0469627769818774,0.410970078641821,-0.0469627769818774,0.410970078641821,True,0.9644730645835644,,False,,,,,,,,,,pseudobulk_de_targeted_SubclassLevel1_PC_aki_vs_normal.csv
,targeted_SubclassLevel1_PC_aki_vs_normal,acute kidney injury vs normal,ENSG00000085265,FCN1,lectin,True,184,60,0.9296646163855872,0.352436444743931,0.5226466774081578,0.0316025360446356,0.4755309647599341,0.0316025360446356,0.4755309647599341,True,0.5001014004986071,,False,,,,,,,,,,pseudobulk_de_targeted_SubclassLevel1_PC_aki_vs_normal.csv
,targeted_SubclassLevel1_PC_aki_vs_normal,acute kidney injury vs normal,ENSG00000160339,FCN2,lectin,False,13,11,,,,,,,,,,,False,,,,,,,,,,pseudobulk_de_targeted_SubclassLevel1_PC_aki_vs_normal.csv
,targeted_SubclassLevel1_PC_aki_vs_normal,acute kidney injury vs normal,ENSG00000142748,FCN3,lectin,True,254,48,1.3319527309288557,-0.3041779219410712,0.699838846405124,-0.0265583166463239,0.4623183301776828,-0.0265583166463239,0.4623183301776828,True,0.663823791535623,,False,,,,,,,,,,pseudobulk_de_targeted_SubclassLevel1_PC_aki_vs_normal.csv
,targeted_SubclassLevel1_PC_aki_vs_normal,acute kidney injury vs normal,ENSG00000127241,MASP1,lectin,True,167,46,0.7993600663763505,-0.4440481093456907,0.6467921307437846,-0.1006282050805243,0.3754517035721995,-0.1006282050805243,0.3754517035721995,True,0.4923731953348397,,False,,,,,,,,,,pseudobulk_de_targeted_SubclassLevel1_PC_aki_vs_normal.csv
,targeted_SubclassLevel1_PC_aki_vs_normal,acute kidney injury vs normal,ENSG00000009724,MASP2,lectin,True,570,77,2.200743736427441,0.0430399740102298,0.4140364663700641,0.0043136416462126,0.3300282027328513,0.0043136416462126,0.3300282027328513,True,0.9172073346527856,0.960989545674456,False,,,,,,,,,,pseudobulk_de_targeted_SubclassLevel1_PC_aki_vs_normal.csv
,targeted_SubclassLevel1_PC_aki_vs_normal,acute kidney injury vs normal,ENSG00000165471,MBL2,lectin,False,6,6,,,,,,,,,,,False,,,,,,,,,,pseudobulk_de_targeted_SubclassLevel1_PC_aki_vs_normal.csv
,targeted_SubclassLevel1_PC_aki_vs_normal,acute kidney injury vs normal,ENSG00000171860,C3AR1,receptor,True,330,63,1.240678965196232,-0.7274283962078681,0.4864937873537213,-0.176068120596353,0.4022146481443524,-0.176068120596353,0.4022146481443524,True,0.1348499806853983,,False,,,,,,,,,,pseudobulk_de_targeted_SubclassLevel1_PC_aki_vs_normal.csv
,targeted_SubclassLevel1_PC_aki_vs_normal,acute kidney injury vs normal,ENSG00000197405,C5AR1,receptor,True,22846,121,98.60036553202978,0.3596381688977564,0.1956384126096637,0.2310635414345984,0.2019842118645785,0.2310635414345984,0.2019842118645785,True,0.0660211658475745,0.2169441713619576,False,,,,,,,,,,pseudobulk_de_targeted_SubclassLevel1_PC_aki_vs_normal.csv
,targeted_SubclassLevel1_PC_aki_vs_normal,acute kidney injury vs normal,ENSG00000134830,C5AR2,receptor,True,340,77,1.486819413195874,-0.6686029002616934,0.4152801054744586,-0.2908683262065476,0.402188937382392,-0.2908683262065476,0.402188937382392,True,0.1073968414785873,0.2921770923592323,False,,,,,,,,,,pseudobulk_de_targeted_SubclassLevel1_PC_aki_vs_normal.csv
,targeted_SubclassLevel1_PC_aki_vs_normal,acute kidney injury vs normal,ENSG00000203710,CR1,receptor,True,417,65,2.476917596940404,-0.1841332970567182,0.5876193126519071,-0.0163774687736577,0.4236046664345173,-0.0163774687736577,0.4236046664345173,True,0.7540111659416021,0.8768449975331173,False,,,,,,,,,,pseudobulk_de_targeted_SubclassLevel1_PC_aki_vs_normal.csv
,targeted_SubclassLevel1_PC_aki_vs_normal,acute kidney injury vs normal,ENSG00000117322,CR2,receptor,True,344,69,2.036575382085394,-0.3649533120709219,0.5648486418886166,-0.0477753555470474,0.4165326445718408,-0.0477753555470474,0.4165326445718408,True,0.5182093164460689,0.7230456859665043,False,,,,,,,,,,pseudobulk_de_targeted_SubclassLevel1_PC_aki_vs_normal.csv
,targeted_SubclassLevel1_PC_aki_vs_normal,acute kidney injury vs normal,ENSG00000169896,ITGAM,receptor,True,228,61,1.2425485059337749,0.5805817904399914,0.4795220732614174,0.0907119659676442,0.4595379009689715,0.0907119659676442,0.4595379009689715,True,0.2259908812627937,,False,,,,,,,,,,pseudobulk_de_targeted_SubclassLevel1_PC_aki_vs_normal.csv
,targeted_SubclassLevel1_PC_aki_vs_normal,acute kidney injury vs normal,ENSG00000140678,ITGAX,receptor,True,176,56,0.8383563728031461,-0.2324614583223421,0.5061732930451311,-0.0877844412051993,0.3656127141984872,-0.0877844412051993,0.3656127141984872,True,0.6460527004063814,,False,,,,,,,,,,pseudobulk_de_targeted_SubclassLevel1_PC_aki_vs_normal.csv
,targeted_SubclassLevel1_PC_aki_vs_normal,acute kidney injury vs normal,ENSG00000155659,VSIG4,receptor,True,221,42,0.818734718528832,0.4502383619661544,0.5356288060093146,0.0602544349410616,0.434744997968105,0.0602544349410616,0.434744997968105,True,0.4005837898406624,,False,,,,,,,,,,pseudobulk_de_targeted_SubclassLevel1_PC_aki_vs_normal.csv
,targeted_SubclassLevel1_PC_aki_vs_normal,acute kidney injury vs normal,ENSG00000117335,CD46,regulator,True,115691,121,351.6433942248194,-0.0448729579517348,0.1235690680163479,-0.0343164697480525,0.1185548368023365,-0.0343164697480525,0.1185548368023365,True,0.7164997820483407,0.8541315186257012,False,,,,,,,,,,pseudobulk_de_targeted_SubclassLevel1_PC_aki_vs_normal.csv
,targeted_SubclassLevel1_PC_aki_vs_normal,acute kidney injury vs normal,ENSG00000196352,CD55,regulator,True,42325,121,105.70847921241658,-0.4444447776710236,0.2247282645881,-0.2819459805892149,0.2221177085054141,-0.2819459805892149,0.2221177085054141,True,0.0479627165903748,0.1773541908773767,False,,,,,,,,,,pseudobulk_de_targeted_SubclassLevel1_PC_aki_vs_normal.csv
,targeted_SubclassLevel1_PC_aki_vs_normal,acute kidney injury vs normal,ENSG00000085063,CD59,regulator,True,50930,120,179.61385278569972,0.7193540300472151,0.2305544710964492,0.5663523223930571,0.2392635744086234,0.5663523223930571,0.2392635744086234,True,0.0018078692517595,0.0190240920345709,True,,,,,,,,,,pseudobulk_de_targeted_SubclassLevel1_PC_aki_vs_normal.csv
,targeted_SubclassLevel1_PC_aki_vs_normal,acute kidney injury vs normal,ENSG00000000971,CFH,regulator,True,9991,81,14.139715634518865,-0.8542580587494719,0.6240520973627159,-0.0766565084448804,0.318161781674625,-0.0766565084448804,0.318161781674625,True,0.1710339710954282,0.3843527220278755,False,,,,,,,,,,pseudobulk_de_targeted_SubclassLevel1_PC_aki_vs_normal.csv
,targeted_SubclassLevel1_PC_aki_vs_normal,acute kidney injury vs normal,ENSG00000205403,CFI,regulator,True,37441,121,147.31975661507113,1.331732394464416,0.179777145535212,1.2835083528668203,0.1824755392798278,1.2835083528668203,0.1824755392798278,True,1.2852350530331506e-13,9.638768576574386e-11,True,,,,,,,,,,pseudobulk_de_targeted_SubclassLevel1_PC_aki_vs_normal.csv
,targeted_SubclassLevel1_PC_aki_vs_normal,acute kidney injury vs normal,ENSG00000149131,SERPING1,regulator,True,23770,120,101.15917083304905,1.3523023222337085,0.2500666251560616,1.253648271017884,0.2566319950842076,1.253648271017884,0.2566319950842076,True,6.381497057256696e-08,7.409896801453267e-06,True,,,,,,,,,,pseudobulk_de_targeted_SubclassLevel1_PC_aki_vs_normal.csv
,targeted_SubclassLevel1_PC_aki_vs_normal,acute kidney injury vs normal,ENSG00000106804,C5,terminal,True,4635,119,19.313593564004883,0.2998321381322315,0.1774834537902845,0.2065455972697974,0.172406035876431,0.2065455972697974,0.172406035876431,True,0.0911518745026513,0.2647563383517163,False,,,,,,,,,,pseudobulk_de_targeted_SubclassLevel1_PC_aki_vs_normal.csv
,targeted_SubclassLevel1_PC_aki_vs_normal,acute kidney injury vs normal,ENSG00000039537,C6,terminal,True,256,63,1.4841404558771516,0.2344023664477578,0.5389734819260747,0.0300982760152151,0.5020883276895295,0.0300982760152151,0.5020883276895295,True,0.6636312447094759,0.8221185286270692,False,,,,,,,,,,pseudobulk_de_targeted_SubclassLevel1_PC_aki_vs_normal.csv
,targeted_SubclassLevel1_PC_aki_vs_normal,acute kidney injury vs normal,ENSG00000112936,C7,terminal,True,6380,91,24.096126978643294,-0.1398293620814124,0.5727405636495791,-0.0185444965458207,0.3346342242017407,-0.0185444965458207,0.3346342242017407,True,0.8071217438945553,0.9058922974845988,False,,,,,,,,,,pseudobulk_de_targeted_SubclassLevel1_PC_aki_vs_normal.csv
,targeted_SubclassLevel1_PC_aki_vs_normal,acute kidney injury vs normal,ENSG00000157131,C8A,terminal,True,50,32,0.2870903355703758,1.0389928888646127,0.7475129079996967,0.0612256055311548,0.3006614213044457,0.0612256055311548,0.3006614213044457,True,0.1645492113973417,,False,,,,,,,,,,pseudobulk_de_targeted_SubclassLevel1_PC_aki_vs_normal.csv
,targeted_SubclassLevel1_PC_aki_vs_normal,acute kidney injury vs normal,ENSG00000021852,C8B,terminal,True,31,19,0.1087741651966373,0.4327024395251158,0.914772566025903,-0.0210157347824534,0.3448117118168419,-0.0210157347824534,0.3448117118168419,True,0.6362014682472026,,False,,,,,,,,,,pseudobulk_de_targeted_SubclassLevel1_PC_aki_vs_normal.csv
,targeted_SubclassLevel1_PC_aki_vs_normal,acute kidney injury vs normal,ENSG00000176919,C8G,terminal,True,112,40,0.3704652054693095,0.0744036552122396,0.718247958173437,-0.0527870454290134,0.2942086317886303,-0.0527870454290134,0.2942086317886303,True,0.9174943379408358,,False,,,,,,,,,,pseudobulk_de_targeted_SubclassLevel1_PC_aki_vs_normal.csv
,targeted_SubclassLevel1_PC_aki_vs_normal,acute kidney injury vs normal,ENSG00000113600,C9,terminal,True,1714,109,6.817162834608906,1.0275912030574592,0.2756621395286241,0.8855732867248308,0.2707759238833023,0.8855732867248308,0.2707759238833023,True,0.0001932200607575,0.0036551181203385,True,,,,,,,,,,pseudobulk_de_targeted_SubclassLevel1_PC_aki_vs_normal.csv
,targeted_SubclassLevel1_PC_ckd_vs_normal,chronic kidney disease vs normal,ENSG00000125730,C3,alternative,True,2691,131,7.916170913864699,0.9793757823717404,0.5327247337333305,0.1752878519218522,0.4397362075521154,0.1752878519218522,0.4397362075521154,True,0.0659994409523223,0.2150829556593012,False,,,,,,,,,,pseudobulk_de_targeted_SubclassLevel1_PC_ckd_vs_normal.csv
,targeted_SubclassLevel1_PC_ckd_vs_normal,chronic kidney disease vs normal,ENSG00000243649,CFB,alternative,True,14291,165,24.370597018352328,-0.164564372079867,0.3539101637800571,-0.052729935899738,0.2774903694565696,-0.052729935899738,0.2774903694565696,True,0.6419392551817162,0.8005156424071332,False,,,,,,,,,,pseudobulk_de_targeted_SubclassLevel1_PC_ckd_vs_normal.csv
,targeted_SubclassLevel1_PC_ckd_vs_normal,chronic kidney disease vs normal,ENSG00000197766,CFD,alternative,True,2071,138,4.397002706985898,-0.0402337120480907,0.3456449285436013,-0.0116039770526634,0.328661943245172,-0.0116039770526634,0.328661943245172,True,0.9073340625734972,0.9562627562785462,False,,,,,,,,,,pseudobulk_de_targeted_SubclassLevel1_PC_ckd_vs_normal.csv
,targeted_SubclassLevel1_PC_ckd_vs_normal,chronic kidney disease vs normal,ENSG00000126759,CFP,alternative,True,157,66,0.3902118193757445,0.6281880243428912,0.4895629400206156,0.0638552971882027,0.4159227132206572,0.0638552971882027,0.4159227132206572,True,0.1994357101674014,,False,,,,,,,,,,pseudobulk_de_targeted_SubclassLevel1_PC_ckd_vs_normal.csv
,targeted_SubclassLevel1_PC_ckd_vs_normal,chronic kidney disease vs normal,ENSG00000173372,C1QA,classical,True,1532,110,3.2411875485227073,0.0253241354719082,0.5148515251333411,0.0050372590271681,0.3646003722127086,0.0050372590271681,0.3646003722127086,True,0.960770064576528,0.9823244456480954,False,,,,,,,,,,pseudobulk_de_targeted_SubclassLevel1_PC_ckd_vs_normal.csv
,targeted_SubclassLevel1_PC_ckd_vs_normal,chronic kidney disease vs normal,ENSG00000173369,C1QB,classical,True,1629,90,2.336135425592161,-0.8951960105153203,0.5878870047811348,-0.143648156633396,0.4681831326666952,-0.143648156633396,0.4681831326666952,True,0.1278250636069378,0.3233659620249198,False,,,,,,,,,,pseudobulk_de_targeted_SubclassLevel1_PC_ckd_vs_normal.csv
,targeted_SubclassLevel1_PC_ckd_vs_normal,chronic kidney disease vs normal,ENSG00000159189,C1QC,classical,True,647,83,1.4014388994760056,-0.2512972551466096,0.5426305695325961,-0.040581237418883,0.4021140677003325,-0.040581237418883,0.4021140677003325,True,0.643286034869377,0.8014095495818674,False,,,,,,,,,,pseudobulk_de_targeted_SubclassLevel1_PC_ckd_vs_normal.csv
,targeted_SubclassLevel1_PC_ckd_vs_normal,chronic kidney disease vs normal,ENSG00000159403,C1R,classical,True,3166,148,6.576857763781113,0.0663420514708762,0.3560058829413725,0.0177061166864906,0.2970319614621543,0.0177061166864906,0.2970319614621543,True,0.8521695174222929,0.9270850009682506,False,,,,,,,,,,pseudobulk_de_targeted_SubclassLevel1_PC_ckd_vs_normal.csv
,targeted_SubclassLevel1_PC_ckd_vs_normal,chronic kidney disease vs normal,ENSG00000182326,C1S,classical,True,12364,171,25.87315221011773,-0.123403220086186,0.1537786415248291,-0.0837641056507479,0.1509136884574377,-0.0837641056507479,0.1509136884574377,True,0.4222793544139115,0.6393178286256346,False,,,,,,,,,,pseudobulk_de_targeted_SubclassLevel1_PC_ckd_vs_normal.csv
,targeted_SubclassLevel1_PC_ckd_vs_normal,chronic kidney disease vs normal,ENSG00000166278,C2,classical,True,6132,167,13.729754040257998,-0.1378409260927954,0.1721219273066534,-0.0868941961975364,0.1692678900387677,-0.0868941961975364,0.1692678900387677,True,0.4232283093934781,0.6403337563040061,False,,,,,,,,,,pseudobulk_de_targeted_SubclassLevel1_PC_ckd_vs_normal.csv
,targeted_SubclassLevel1_PC_ckd_vs_normal,chronic kidney disease vs normal,ENSG00000244731,C4A,classical,True,51,31,0.1427351542782327,0.6392584143687741,1.0089238077854787,-0.0090539391012924,0.9339608716525254,-0.0090539391012924,0.9339608716525254,True,0.5263391253398706,,False,,,,,,,,,,pseudobulk_de_targeted_SubclassLevel1_PC_ckd_vs_normal.csv
,targeted_SubclassLevel1_PC_ckd_vs_normal,chronic kidney disease vs normal,ENSG00000224389,C4B,classical,True,50,33,0.222044340982714,1.2423240676318363,0.9505261079477378,0.059068897771621,1.5945017107516128,0.059068897771621,1.5945017107516128,True,0.1912175549099629,,False,,,,,,,,,,pseudobulk_de_targeted_SubclassLevel1_PC_ckd_vs_normal.csv
,targeted_SubclassLevel1_PC_ckd_vs_normal,chronic kidney disease vs normal,ENSG00000123838,C4BPA,classical,True,385,99,1.1451804191517885,0.8420368069400703,0.3948332688737755,0.2979383581744005,0.3986876968509424,0.2979383581744005,0.3986876968509424,True,0.0329543557684741,0.1379394471996475,False,,,,,,,,,,pseudobulk_de_targeted_SubclassLevel1_PC_ckd_vs_normal.csv
,targeted_SubclassLevel1_PC_ckd_vs_normal,chronic kidney disease vs normal,ENSG00000123843,C4BPB,classical,True,159,55,0.3616362999971175,0.0325214820234798,0.6948988235455951,-0.0322150098085471,0.8602520895224463,-0.0322150098085471,0.8602520895224463,True,0.9626723800542836,,False,,,,,,,,,,pseudobulk_de_targeted_SubclassLevel1_PC_ckd_vs_normal.csv
,targeted_SubclassLevel1_PC_ckd_vs_normal,chronic kidney disease vs normal,ENSG00000085265,FCN1,lectin,True,206,76,0.5889696268268176,0.528181003928783,0.5010206343097986,0.0475923514612322,0.4425944790989116,0.0475923514612322,0.4425944790989116,True,0.291786745218146,,False,,,,,,,,,,pseudobulk_de_targeted_SubclassLevel1_PC_ckd_vs_normal.csv
,targeted_SubclassLevel1_PC_ckd_vs_normal,chronic kidney disease vs normal,ENSG00000160339,FCN2,lectin,False,11,9,,,,,,,,,,,False,,,,,,,,,,pseudobulk_de_targeted_SubclassLevel1_PC_ckd_vs_normal.csv
,targeted_SubclassLevel1_PC_ckd_vs_normal,chronic kidney disease vs normal,ENSG00000142748,FCN3,lectin,True,288,74,0.8776039656789911,-0.3573030750623713,0.6442556723706138,-0.0535451934321541,0.5541433356513982,-0.0535451934321541,0.5541433356513982,True,0.5791694792690723,0.7577522834943118,False,,,,,,,,,,pseudobulk_de_targeted_SubclassLevel1_PC_ckd_vs_normal.csv
,targeted_SubclassLevel1_PC_ckd_vs_normal,chronic kidney disease vs normal,ENSG00000127241,MASP1,lectin,True,210,69,1.0925898615934382,0.9241429236154466,0.7000202345902344,0.0513226480157623,0.4517082625127408,0.0513226480157623,0.4517082625127408,True,0.1867795959077395,0.4036705845291206,False,,,,,,,,,,pseudobulk_de_targeted_SubclassLevel1_PC_ckd_vs_normal.csv
,targeted_SubclassLevel1_PC_ckd_vs_normal,chronic kidney disease vs normal,ENSG00000009724,MASP2,lectin,True,603,107,1.7187329853057416,-0.4924257451321991,0.4557210796072605,-0.1242445526663779,0.4132731017131249,-0.1242445526663779,0.4132731017131249,True,0.2799009155843344,0.5082533110910668,False,,,,,,,,,,pseudobulk_de_targeted_SubclassLevel1_PC_ckd_vs_normal.csv
,targeted_SubclassLevel1_PC_ckd_vs_normal,chronic kidney disease vs normal,ENSG00000165471,MBL2,lectin,False,7,7,,,,,,,,,,,False,,,,,,,,,,pseudobulk_de_targeted_SubclassLevel1_PC_ckd_vs_normal.csv
,targeted_SubclassLevel1_PC_ckd_vs_normal,chronic kidney disease vs normal,ENSG00000171860,C3AR1,receptor,True,353,80,0.938533376739942,-0.9348237933122824,0.5093161800419439,-0.5409840048849708,0.5329690670307784,-0.5409840048849708,0.5329690670307784,True,0.0664392123788304,0.2158757285154618,False,,,,,,,,,,pseudobulk_de_targeted_SubclassLevel1_PC_ckd_vs_normal.csv
,targeted_SubclassLevel1_PC_ckd_vs_normal,chronic kidney disease vs normal,ENSG00000197405,C5AR1,receptor,True,27112,172,81.14657003435327,0.4783910466646187,0.2034835406480547,0.3266814055576242,0.2170140716340654,0.3266814055576242,0.2170140716340654,True,0.018722726582704,0.0966846788621431,False,,,,,,,,,,pseudobulk_de_targeted_SubclassLevel1_PC_ckd_vs_normal.csv
,targeted_SubclassLevel1_PC_ckd_vs_normal,chronic kidney disease vs normal,ENSG00000134830,C5AR2,receptor,True,390,111,1.5574455957157256,0.5136280693386372,0.4058714799803443,0.1082702722462787,0.3647910462388706,0.1082702722462787,0.3647910462388706,True,0.205694168428734,0.4272519034344676,False,,,,,,,,,,pseudobulk_de_targeted_SubclassLevel1_PC_ckd_vs_normal.csv
,targeted_SubclassLevel1_PC_ckd_vs_normal,chronic kidney disease vs normal,ENSG00000203710,CR1,receptor,True,463,97,1.6543686993660516,-1.1627597030218957,0.5602155234246121,-0.2233567134838803,0.5797255658004832,-0.2233567134838803,0.5797255658004832,True,0.0379348672314165,0.151311768339644,False,,,,,,,,,,pseudobulk_de_targeted_SubclassLevel1_PC_ckd_vs_normal.csv
,targeted_SubclassLevel1_PC_ckd_vs_normal,chronic kidney disease vs normal,ENSG00000117322,CR2,receptor,True,531,108,2.0436537818353964,0.9806055997404158,0.4813787909505341,0.1980820707353235,0.5021655952346871,0.1980820707353235,0.5021655952346871,True,0.0416423395891737,0.1611007771035975,False,,,,,,,,,,pseudobulk_de_targeted_SubclassLevel1_PC_ckd_vs_normal.csv
,targeted_SubclassLevel1_PC_ckd_vs_normal,chronic kidney disease vs normal,ENSG00000169896,ITGAM,receptor,True,278,89,0.8889276283435175,0.8071365199537706,0.4354967423093265,0.2006544679442888,0.4355990315482141,0.2006544679442888,0.4355990315482141,True,0.0638293696505794,0.2103758775803798,False,,,,,,,,,,pseudobulk_de_targeted_SubclassLevel1_PC_ckd_vs_normal.csv
,targeted_SubclassLevel1_PC_ckd_vs_normal,chronic kidney disease vs normal,ENSG00000140678,ITGAX,receptor,True,207,70,0.9069347718803156,0.4561625659553205,0.5936928503420144,0.020554475374297,0.457426920694949,0.020554475374297,0.457426920694949,True,0.4422806131231246,0.6560631063147139,False,,,,,,,,,,pseudobulk_de_targeted_SubclassLevel1_PC_ckd_vs_normal.csv
,targeted_SubclassLevel1_PC_ckd_vs_normal,chronic kidney disease vs normal,ENSG00000155659,VSIG4,receptor,True,232,55,0.4770148111172497,-0.1094403393808683,0.5604278133228882,-0.0735576880363873,0.3533098895852193,-0.0735576880363873,0.3533098895852193,True,0.8451737589401986,,False,,,,,,,,,,pseudobulk_de_targeted_SubclassLevel1_PC_ckd_vs_normal.csv
,targeted_SubclassLevel1_PC_ckd_vs_normal,chronic kidney disease vs normal,ENSG00000117335,CD46,regulator,True,124218,172,265.12292292231865,-0.122927672617761,0.1353507891879188,-0.091999257036269,0.1306928027393202,-0.091999257036269,0.1306928027393202,True,0.3637644235117403,0.5884071064714638,False,,,,,,,,,,pseudobulk_de_targeted_SubclassLevel1_PC_ckd_vs_normal.csv
,targeted_SubclassLevel1_PC_ckd_vs_normal,chronic kidney disease vs normal,ENSG00000196352,CD55,regulator,True,43291,172,75.22156528852457,-0.5892077959129347,0.226566741962965,-0.4590663942844568,0.2093768595838593,-0.4590663942844568,0.2093768595838593,True,0.0093062895068597,0.0615456175495408,False,,,,,,,,,,pseudobulk_de_targeted_SubclassLevel1_PC_ckd_vs_normal.csv
,targeted_SubclassLevel1_PC_ckd_vs_normal,chronic kidney disease vs normal,ENSG00000085063,CD59,regulator,True,51602,170,104.82600466620266,-0.2235838818166617,0.2260146352173804,-0.1221006165597963,0.2091396629276492,-0.1221006165597963,0.2091396629276492,True,0.3225432127805129,0.550351057007083,False,,,,,,,,,,pseudobulk_de_targeted_SubclassLevel1_PC_ckd_vs_normal.csv
,targeted_SubclassLevel1_PC_ckd_vs_normal,chronic kidney disease vs normal,ENSG00000000971,CFH,regulator,True,10048,123,9.43456165586697,-1.8129069179284247,0.580214337713541,-1.1191239070175434,0.676344012841992,-1.1191239070175434,0.676344012841992,True,0.0017807912280076,0.020823784483027,True,,,,,,,,,,pseudobulk_de_targeted_SubclassLevel1_PC_ckd_vs_normal.csv
,targeted_SubclassLevel1_PC_ckd_vs_normal,chronic kidney disease vs normal,ENSG00000205403,CFI,regulator,True,37684,172,89.0921916711628,0.1197272305245971,0.1886417039845321,0.0697531176000046,0.1821230982843616,0.0697531176000046,0.1821230982843616,True,0.5256367465710392,0.7199664458650722,False,,,,,,,,,,pseudobulk_de_targeted_SubclassLevel1_PC_ckd_vs_normal.csv
,targeted_SubclassLevel1_PC_ckd_vs_normal,chronic kidney disease vs normal,ENSG00000149131,SERPING1,regulator,True,23232,170,53.21264903382409,0.1543374728512918,0.2455285366794604,0.0731999974455503,0.225637097416272,0.0731999974455503,0.225637097416272,True,0.5296156685399338,0.7228580297805557,False,,,,,,,,,,pseudobulk_de_targeted_SubclassLevel1_PC_ckd_vs_normal.csv
,targeted_SubclassLevel1_PC_ckd_vs_normal,chronic kidney disease vs normal,ENSG00000106804,C5,terminal,True,5205,171,15.911404582655354,0.3588872021976728,0.1735056027518655,0.2614304885102524,0.1741921743887288,0.2614304885102524,0.1741921743887288,True,0.0385979777266149,0.1531955864399381,False,,,,,,,,,,pseudobulk_de_targeted_SubclassLevel1_PC_ckd_vs_normal.csv
,targeted_SubclassLevel1_PC_ckd_vs_normal,chronic kidney disease vs normal,ENSG00000039537,C6,terminal,True,292,88,1.201525987254215,0.4830499082564069,0.5722843877596357,0.0432203966631149,0.6925271386455255,0.0432203966631149,0.6925271386455255,True,0.3986285086146705,0.6193667455943141,False,,,,,,,,,,pseudobulk_de_targeted_SubclassLevel1_PC_ckd_vs_normal.csv
,targeted_SubclassLevel1_PC_ckd_vs_normal,chronic kidney disease vs normal,ENSG00000112936,C7,terminal,True,8029,140,29.00159563882069,0.1068843265182114,0.5483171907889701,0.0130715028930377,0.4084386839270827,0.0130715028930377,0.4084386839270827,True,0.8454465251539101,0.9241205131722646,False,,,,,,,,,,pseudobulk_de_targeted_SubclassLevel1_PC_ckd_vs_normal.csv
,targeted_SubclassLevel1_PC_ckd_vs_normal,chronic kidney disease vs normal,ENSG00000157131,C8A,terminal,True,54,35,0.2003349384809192,0.556236426529303,0.93466842604243,-0.0122302108692178,0.6530596488919608,-0.0122302108692178,0.6530596488919608,True,0.5517657257953499,,False,,,,,,,,,,pseudobulk_de_targeted_SubclassLevel1_PC_ckd_vs_normal.csv
,targeted_SubclassLevel1_PC_ckd_vs_normal,chronic kidney disease vs normal,ENSG00000021852,C8B,terminal,True,35,24,0.1080924845500357,0.5263272401461977,1.0559686416235303,-0.0300517464185661,0.5471813627673544,-0.0300517464185661,0.5471813627673544,True,0.6181804688791558,,False,,,,,,,,,,pseudobulk_de_targeted_SubclassLevel1_PC_ckd_vs_normal.csv
,targeted_SubclassLevel1_PC_ckd_vs_normal,chronic kidney disease vs normal,ENSG00000176919,C8G,terminal,True,126,54,0.3173607257148029,0.4007446267524948,0.6623345788968722,-0.0127524446849876,0.5095137826694799,-0.0127524446849876,0.5095137826694799,True,0.5451466880552475,,False,,,,,,,,,,pseudobulk_de_targeted_SubclassLevel1_PC_ckd_vs_normal.csv
,targeted_SubclassLevel1_PC_ckd_vs_normal,chronic kidney disease vs normal,ENSG00000113600,C9,terminal,True,1943,148,5.508335943168395,0.4448435928436521,0.2709967790055523,0.2326617432815328,0.257090487523177,0.2326617432815328,0.257090487523177,True,0.1006918454474,0.2775217812154101,False,,,,,,,,,,pseudobulk_de_targeted_SubclassLevel1_PC_ckd_vs_normal.csv
,targeted_SubclassLevel1_PEC_aki_vs_ckd,acute kidney injury vs chronic kidney disease,ENSG00000125730,C3,alternative,True,1636,62,18.573483561423934,1.5765256861510135,0.5795152432935349,0.0874290248941306,0.2355644604424732,0.0874290248941306,0.2355644604424732,True,0.0065198764224618,0.1411944624946779,False,,,,,,,,,,pseudobulk_de_targeted_SubclassLevel1_PEC_aki_vs_ckd.csv
,targeted_SubclassLevel1_PEC_aki_vs_ckd,acute kidney injury vs chronic kidney disease,ENSG00000243649,CFB,alternative,True,297,55,3.736658265940131,0.851553822313581,0.522017262409506,0.0450330423173636,0.1677191801392513,0.0450330423173636,0.1677191801392513,True,0.1028322605700988,,False,,,,,,,,,,pseudobulk_de_targeted_SubclassLevel1_PEC_aki_vs_ckd.csv
,targeted_SubclassLevel1_PEC_aki_vs_ckd,acute kidney injury vs chronic kidney disease,ENSG00000197766,CFD,alternative,True,80,34,0.9111264272019132,0.2162600472060305,0.8281939936912458,0.0024773520600931,0.1529133563467946,0.0024773520600931,0.1529133563467946,True,0.7939980771837019,,False,,,,,,,,,,pseudobulk_de_targeted_SubclassLevel1_PEC_aki_vs_ckd.csv
,targeted_SubclassLevel1_PEC_aki_vs_ckd,acute kidney injury vs chronic kidney disease,ENSG00000126759,CFP,alternative,False,5,4,,,,,,,,,,,False,,,,,,,,,,pseudobulk_de_targeted_SubclassLevel1_PEC_aki_vs_ckd.csv
,targeted_SubclassLevel1_PEC_aki_vs_ckd,acute kidney injury vs chronic kidney disease,ENSG00000173372,C1QA,classical,True,52,24,0.5459938640256028,0.4856245926999974,0.9695695148270552,0.0058359782688723,0.1555081458043124,0.0058359782688723,0.1555081458043124,True,0.6164652958449122,,False,,,,,,,,,,pseudobulk_de_targeted_SubclassLevel1_PEC_aki_vs_ckd.csv
,targeted_SubclassLevel1_PEC_aki_vs_ckd,acute kidney injury vs chronic kidney disease,ENSG00000173369,C1QB,classical,True,42,17,0.413087753203114,1.3599182296929389,1.2574933475113277,0.0155337752092784,0.1725078225918249,0.0155337752092784,0.1725078225918249,True,0.2794962661024543,,False,,,,,,,,,,pseudobulk_de_targeted_SubclassLevel1_PEC_aki_vs_ckd.csv
,targeted_SubclassLevel1_PEC_aki_vs_ckd,acute kidney injury vs chronic kidney disease,ENSG00000159189,C1QC,classical,True,30,19,0.3781262975276314,0.3232416321216199,1.14189832346351,-0.0022914031888588,0.1504297340757014,-0.0022914031888588,0.1504297340757014,True,0.7771201748217232,,False,,,,,,,,,,pseudobulk_de_targeted_SubclassLevel1_PEC_aki_vs_ckd.csv
,targeted_SubclassLevel1_PEC_aki_vs_ckd,acute kidney injury vs chronic kidney disease,ENSG00000159403,C1R,classical,True,843,66,8.822972000926287,1.004354692731804,0.4370949848648792,0.0655717323819383,0.1706625961879712,0.0655717323819383,0.1706625961879712,True,0.0215734566219557,,False,,,,,,,,,,pseudobulk_de_targeted_SubclassLevel1_PEC_aki_vs_ckd.csv
,targeted_SubclassLevel1_PEC_aki_vs_ckd,acute kidney injury vs chronic kidney disease,ENSG00000182326,C1S,classical,True,939,65,9.877235599236965,0.7886533713967198,0.3105240733835726,0.2161131779179018,0.381748070745762,0.2161131779179018,0.381748070745762,True,0.0110931878972161,,False,,,,,,,,,,pseudobulk_de_targeted_SubclassLevel1_PEC_aki_vs_ckd.csv
,targeted_SubclassLevel1_PEC_aki_vs_ckd,acute kidney injury vs chronic kidney disease,ENSG00000166278,C2,classical,True,307,54,3.2837924876648152,-0.3379469676973223,0.3807503040931497,-0.0369421555819614,0.1509085323145799,-0.0369421555819614,0.1509085323145799,True,0.3747658497402732,,False,,,,,,,,,,pseudobulk_de_targeted_SubclassLevel1_PEC_aki_vs_ckd.csv
,targeted_SubclassLevel1_PEC_aki_vs_ckd,acute kidney injury vs chronic kidney disease,ENSG00000244731,C4A,classical,False,9,9,,,,,,,,,,,False,,,,,,,,,,pseudobulk_de_targeted_SubclassLevel1_PEC_aki_vs_ckd.csv
,targeted_SubclassLevel1_PEC_aki_vs_ckd,acute kidney injury vs chronic kidney disease,ENSG00000224389,C4B,classical,False,4,4,,,,,,,,,,,False,,,,,,,,,,pseudobulk_de_targeted_SubclassLevel1_PEC_aki_vs_ckd.csv
,targeted_SubclassLevel1_PEC_aki_vs_ckd,acute kidney injury vs chronic kidney disease,ENSG00000123838,C4BPA,classical,True,24,17,0.2887112813001726,-0.5767714794071465,1.2482973305270335,-0.0162371826419317,0.156923189120174,-0.0162371826419317,0.156923189120174,True,0.6440479363499905,,False,,,,,,,,,,pseudobulk_de_targeted_SubclassLevel1_PEC_aki_vs_ckd.csv
,targeted_SubclassLevel1_PEC_aki_vs_ckd,acute kidney injury vs chronic kidney disease,ENSG00000123843,C4BPB,classical,False,6,5,,,,,,,,,,,False,,,,,,,,,,pseudobulk_de_targeted_SubclassLevel1_PEC_aki_vs_ckd.csv
,targeted_SubclassLevel1_PEC_aki_vs_ckd,acute kidney injury vs chronic kidney disease,ENSG00000085265,FCN1,lectin,False,7,5,,,,,,,,,,,False,,,,,,,,,,pseudobulk_de_targeted_SubclassLevel1_PEC_aki_vs_ckd.csv
,targeted_SubclassLevel1_PEC_aki_vs_ckd,acute kidney injury vs chronic kidney disease,ENSG00000160339,FCN2,lectin,False,0,0,,,,,,,,,,,False,,,,,,,,,,pseudobulk_de_targeted_SubclassLevel1_PEC_aki_vs_ckd.csv
,targeted_SubclassLevel1_PEC_aki_vs_ckd,acute kidney injury vs chronic kidney disease,ENSG00000142748,FCN3,lectin,False,13,11,,,,,,,,,,,False,,,,,,,,,,pseudobulk_de_targeted_SubclassLevel1_PEC_aki_vs_ckd.csv
,targeted_SubclassLevel1_PEC_aki_vs_ckd,acute kidney injury vs chronic kidney disease,ENSG00000127241,MASP1,lectin,True,182,51,2.121247211944828,-0.9360391371212786,0.4802875484617891,-0.081924660529641,0.197984251495885,-0.081924660529641,0.197984251495885,True,0.0513056934117792,,False,,,,,,,,,,pseudobulk_de_targeted_SubclassLevel1_PEC_aki_vs_ckd.csv
,targeted_SubclassLevel1_PEC_aki_vs_ckd,acute kidney injury vs chronic kidney disease,ENSG00000009724,MASP2,lectin,False,19,17,,,,,,,,,,,False,,,,,,,,,,pseudobulk_de_targeted_SubclassLevel1_PEC_aki_vs_ckd.csv
,targeted_SubclassLevel1_PEC_aki_vs_ckd,acute kidney injury vs chronic kidney disease,ENSG00000165471,MBL2,lectin,False,1,1,,,,,,,,,,,False,,,,,,,,,,pseudobulk_de_targeted_SubclassLevel1_PEC_aki_vs_ckd.csv
,targeted_SubclassLevel1_PEC_aki_vs_ckd,acute kidney injury vs chronic kidney disease,ENSG00000171860,C3AR1,receptor,False,11,7,,,,,,,,,,,False,,,,,,,,,,pseudobulk_de_targeted_SubclassLevel1_PEC_aki_vs_ckd.csv
,targeted_SubclassLevel1_PEC_aki_vs_ckd,acute kidney injury vs chronic kidney disease,ENSG00000197405,C5AR1,receptor,True,285,49,2.4273357229598647,1.0377467269789389,0.5237524617106071,0.0641736703712449,0.2385314588363861,0.0641736703712449,0.2385314588363861,True,0.0475499427464098,,False,,,,,,,,,,pseudobulk_de_targeted_SubclassLevel1_PEC_aki_vs_ckd.csv
,targeted_SubclassLevel1_PEC_aki_vs_ckd,acute kidney injury vs chronic kidney disease,ENSG00000134830,C5AR2,receptor,False,18,15,,,,,,,,,,,False,,,,,,,,,,pseudobulk_de_targeted_SubclassLevel1_PEC_aki_vs_ckd.csv
,targeted_SubclassLevel1_PEC_aki_vs_ckd,acute kidney injury vs chronic kidney disease,ENSG00000203710,CR1,receptor,True,133,33,1.636169911156952,-0.949266884281852,0.8849546405153369,-0.0217615920504949,0.1446570091626811,-0.0217615920504949,0.1446570091626811,True,0.2834178915655706,,False,,,,,,,,,,pseudobulk_de_targeted_SubclassLevel1_PEC_aki_vs_ckd.csv
,targeted_SubclassLevel1_PEC_aki_vs_ckd,acute kidney injury vs chronic kidney disease,ENSG00000117322,CR2,receptor,True,34,15,0.3941300162992817,-0.6390096168642397,1.4200955802057282,-0.007693490102987,0.24899306294542,-0.007693490102987,0.24899306294542,True,0.6527273965942577,,False,,,,,,,,,,pseudobulk_de_targeted_SubclassLevel1_PEC_aki_vs_ckd.csv
,targeted_SubclassLevel1_PEC_aki_vs_ckd,acute kidney injury vs chronic kidney disease,ENSG00000169896,ITGAM,receptor,True,58,31,0.6644181430007208,0.4236381871903319,0.7650250102982362,0.0054620022198183,0.1591988794589752,0.0054620022198183,0.1591988794589752,True,0.5797449519645832,,False,,,,,,,,,,pseudobulk_de_targeted_SubclassLevel1_PEC_aki_vs_ckd.csv
,targeted_SubclassLevel1_PEC_aki_vs_ckd,acute kidney injury vs chronic kidney disease,ENSG00000140678,ITGAX,receptor,True,36,21,0.4684884757890398,1.9859520290771524,0.961486536538084,0.0443158723531917,0.1773600594862888,0.0443158723531917,0.1773600594862888,True,0.0388755594395088,,False,,,,,,,,,,pseudobulk_de_targeted_SubclassLevel1_PEC_aki_vs_ckd.csv
,targeted_SubclassLevel1_PEC_aki_vs_ckd,acute kidney injury vs chronic kidney disease,ENSG00000155659,VSIG4,receptor,False,14,10,,,,,,,,,,,False,,,,,,,,,,pseudobulk_de_targeted_SubclassLevel1_PEC_aki_vs_ckd.csv
,targeted_SubclassLevel1_PEC_aki_vs_ckd,acute kidney injury vs chronic kidney disease,ENSG00000117335,CD46,regulator,True,2688,67,31.027318208783065,-0.3873499934871484,0.2365591759839999,-0.1051912487337984,0.1807935694579559,-0.1051912487337984,0.1807935694579559,True,0.101539857970686,0.4182522692985442,False,,,,,,,,,,pseudobulk_de_targeted_SubclassLevel1_PEC_aki_vs_ckd.csv
,targeted_SubclassLevel1_PEC_aki_vs_ckd,acute kidney injury vs chronic kidney disease,ENSG00000196352,CD55,regulator,True,384,60,4.271799811481682,0.1358318267796394,0.3789210895159849,0.0136108533382492,0.1550341792777448,0.0136108533382492,0.1550341792777448,True,0.719991646679172,,False,,,,,,,,,,pseudobulk_de_targeted_SubclassLevel1_PEC_aki_vs_ckd.csv
,targeted_SubclassLevel1_PEC_aki_vs_ckd,acute kidney injury vs chronic kidney disease,ENSG00000085063,CD59,regulator,True,2411,66,26.99643953474779,-0.017660839443929,0.340759421717159,-0.0018216431831529,0.1418875865570825,-0.0018216431831529,0.1418875865570825,True,0.9586658379720062,0.9898123407727134,False,,,,,,,,,,pseudobulk_de_targeted_SubclassLevel1_PEC_aki_vs_ckd.csv
,targeted_SubclassLevel1_PEC_aki_vs_ckd,acute kidney injury vs chronic kidney disease,ENSG00000000971,CFH,regulator,True,15878,67,159.75627415978315,-0.4767048766434495,0.2291798178086767,-0.1436530831558022,0.2203820164459505,-0.1436530831558022,0.2203820164459505,True,0.037521188464297,0.2871078967039737,False,,,,,,,,,,pseudobulk_de_targeted_SubclassLevel1_PEC_aki_vs_ckd.csv
,targeted_SubclassLevel1_PEC_aki_vs_ckd,acute kidney injury vs chronic kidney disease,ENSG00000205403,CFI,regulator,True,2262,67,25.64908743841162,0.1436827774060475,0.2574431444600341,0.0270736619280732,0.1388276066562933,0.0270736619280732,0.1388276066562933,True,0.5767661320332953,0.8201720226161539,False,,,,,,,,,,pseudobulk_de_targeted_SubclassLevel1_PEC_aki_vs_ckd.csv
,targeted_SubclassLevel1_PEC_aki_vs_ckd,acute kidney injury vs chronic kidney disease,ENSG00000149131,SERPING1,regulator,True,986,63,11.130488743921536,0.2232022801187964,0.4157633608605303,0.0166414861218906,0.1442262166213343,0.0166414861218906,0.1442262166213343,True,0.5913716963731764,0.8288313962899342,False,,,,,,,,,,pseudobulk_de_targeted_SubclassLevel1_PEC_aki_vs_ckd.csv
,targeted_SubclassLevel1_PEC_aki_vs_ckd,acute kidney injury vs chronic kidney disease,ENSG00000106804,C5,terminal,True,629,64,6.943338259134363,-0.2476266928598579,0.2887680472543799,-0.0405506695608826,0.1474841078768147,-0.0405506695608826,0.1474841078768147,True,0.3911531341308305,,False,,,,,,,,,,pseudobulk_de_targeted_SubclassLevel1_PEC_aki_vs_ckd.csv
,targeted_SubclassLevel1_PEC_aki_vs_ckd,acute kidney injury vs chronic kidney disease,ENSG00000039537,C6,terminal,True,142,35,1.127108322742107,0.296192586239452,0.903905365169283,0.0043413554279886,0.2229425963826801,0.0043413554279886,0.2229425963826801,True,0.7431528939177434,,False,,,,,,,,,,pseudobulk_de_targeted_SubclassLevel1_PEC_aki_vs_ckd.csv
,targeted_SubclassLevel1_PEC_aki_vs_ckd,acute kidney injury vs chronic kidney disease,ENSG00000112936,C7,terminal,True,860,52,13.516307652825189,-0.6704898654600825,0.7505538254999846,-0.0112705508803779,0.161442119538967,-0.0112705508803779,0.161442119538967,True,0.3716821770073051,0.6959686401680412,False,,,,,,,,,,pseudobulk_de_targeted_SubclassLevel1_PEC_aki_vs_ckd.csv
,targeted_SubclassLevel1_PEC_aki_vs_ckd,acute kidney injury vs chronic kidney disease,ENSG00000157131,C8A,terminal,False,6,5,,,,,,,,,,,False,,,,,,,,,,pseudobulk_de_targeted_SubclassLevel1_PEC_aki_vs_ckd.csv
,targeted_SubclassLevel1_PEC_aki_vs_ckd,acute kidney injury vs chronic kidney disease,ENSG00000021852,C8B,terminal,False,3,3,,,,,,,,,,,False,,,,,,,,,,pseudobulk_de_targeted_SubclassLevel1_PEC_aki_vs_ckd.csv
,targeted_SubclassLevel1_PEC_aki_vs_ckd,acute kidney injury vs chronic kidney disease,ENSG00000176919,C8G,terminal,False,8,6,,,,,,,,,,,False,,,,,,,,,,pseudobulk_de_targeted_SubclassLevel1_PEC_aki_vs_ckd.csv
,targeted_SubclassLevel1_PEC_aki_vs_ckd,acute kidney injury vs chronic kidney disease,ENSG00000113600,C9,terminal,True,163,51,1.7302253530828429,0.0250634704297195,0.5059163825467206,-0.0010869444291027,0.1485155330458477,-0.0010869444291027,0.1485155330458477,True,0.9604883736417822,,False,,,,,,,,,,pseudobulk_de_targeted_SubclassLevel1_PEC_aki_vs_ckd.csv
,targeted_SubclassLevel1_PEC_aki_vs_normal,acute kidney injury vs normal,ENSG00000125730,C3,alternative,True,2437,70,24.838723982154377,2.399413417543218,0.670366322722767,1.8007511070075617,0.765762022616688,1.8007511070075617,0.765762022616688,True,0.0003445723552306,0.0121519183944673,True,,,,,,,,,,pseudobulk_de_targeted_SubclassLevel1_PEC_aki_vs_normal.csv
,targeted_SubclassLevel1_PEC_aki_vs_normal,acute kidney injury vs normal,ENSG00000243649,CFB,alternative,True,567,65,5.042280904599613,1.5840449725399337,0.4483143684582104,1.3050754918602947,0.4347551424701429,1.3050754918602947,0.4347551424701429,True,0.0004103517167458,0.01353471825449,True,,,,,,,,,,pseudobulk_de_targeted_SubclassLevel1_PEC_aki_vs_normal.csv
,targeted_SubclassLevel1_PEC_aki_vs_normal,acute kidney injury vs normal,ENSG00000197766,CFD,alternative,True,116,36,0.8898809958507887,1.5818949415187835,0.680568418786289,0.2054961270948865,1.0504615233151604,0.2054961270948865,1.0504615233151604,True,0.0201055047376764,,False,,,,,,,,,,pseudobulk_de_targeted_SubclassLevel1_PEC_aki_vs_normal.csv
,targeted_SubclassLevel1_PEC_aki_vs_normal,acute kidney injury vs normal,ENSG00000126759,CFP,alternative,False,10,9,,,,,,,,,,,False,,,,,,,,,,pseudobulk_de_targeted_SubclassLevel1_PEC_aki_vs_normal.csv
,targeted_SubclassLevel1_PEC_aki_vs_normal,acute kidney injury vs normal,ENSG00000173372,C1QA,classical,True,97,29,0.8352610835444121,1.6576219944641102,0.7957298584477817,0.1746663345967141,0.9909788599042032,0.1746663345967141,0.9909788599042032,True,0.0372378576470305,,False,,,,,,,,,,pseudobulk_de_targeted_SubclassLevel1_PEC_aki_vs_normal.csv
,targeted_SubclassLevel1_PEC_aki_vs_normal,acute kidney injury vs normal,ENSG00000173369,C1QB,classical,True,93,31,0.7286349163150307,1.4808177537668208,0.7918658979764658,0.1179682692682073,0.5831186847868832,0.1179682692682073,0.5831186847868832,True,0.0614788157813719,,False,,,,,,,,,,pseudobulk_de_targeted_SubclassLevel1_PEC_aki_vs_normal.csv
,targeted_SubclassLevel1_PEC_aki_vs_normal,acute kidney injury vs normal,ENSG00000159189,C1QC,classical,True,49,21,0.3572106941487148,1.579690149798705,0.950585192112672,0.1089339324414757,1.6974957021179944,0.1089339324414757,1.6974957021179944,True,0.09655126231646,,False,,,,,,,,,,pseudobulk_de_targeted_SubclassLevel1_PEC_aki_vs_normal.csv
,targeted_SubclassLevel1_PEC_aki_vs_normal,acute kidney injury vs normal,ENSG00000159403,C1R,classical,True,1461,70,11.833283812433608,1.918414716367235,0.391665078948663,1.742535001400738,0.3922248225712943,1.742535001400738,0.3922248225712943,True,9.676779612486332e-07,0.0001415898157341,True,,,,,,,,,,pseudobulk_de_targeted_SubclassLevel1_PEC_aki_vs_normal.csv
,targeted_SubclassLevel1_PEC_aki_vs_normal,acute kidney injury vs normal,ENSG00000182326,C1S,classical,True,1631,73,13.342458629231798,1.234254715679525,0.2633960991614162,1.1248247670608382,0.2544715770549244,1.1248247670608382,0.2544715770549244,True,2.7869650902114782e-06,0.0003248467614471,True,,,,,,,,,,pseudobulk_de_targeted_SubclassLevel1_PEC_aki_vs_normal.csv
,targeted_SubclassLevel1_PEC_aki_vs_normal,acute kidney injury vs normal,ENSG00000166278,C2,classical,True,613,70,4.835370603546749,0.3652077842169195,0.3047812067627576,0.1183817083484475,0.3679778987065366,0.1183817083484475,0.3679778987065366,True,0.2308149766672558,0.5546172587493774,False,,,,,,,,,,pseudobulk_de_targeted_SubclassLevel1_PEC_aki_vs_normal.csv
,targeted_SubclassLevel1_PEC_aki_vs_normal,acute kidney injury vs normal,ENSG00000244731,C4A,classical,True,21,12,0.1223039375841211,-0.499413912233111,1.929263250203183,-0.0173023850793575,0.9567008169443806,-0.0173023850793575,0.9567008169443806,True,0.795741331184115,,False,,,,,,,,,,pseudobulk_de_targeted_SubclassLevel1_PEC_aki_vs_normal.csv
,targeted_SubclassLevel1_PEC_aki_vs_normal,acute kidney injury vs normal,ENSG00000224389,C4B,classical,False,15,10,,,,,,,,,,,False,,,,,,,,,,pseudobulk_de_targeted_SubclassLevel1_PEC_aki_vs_normal.csv
,targeted_SubclassLevel1_PEC_aki_vs_normal,acute kidney injury vs normal,ENSG00000123838,C4BPA,classical,True,45,24,0.2939569984807014,-0.3319009886720555,0.9023373039162592,-0.0353238152220687,0.7571903950147127,-0.0353238152220687,0.7571903950147127,True,0.7130047431605628,,False,,,,,,,,,,pseudobulk_de_targeted_SubclassLevel1_PEC_aki_vs_normal.csv
,targeted_SubclassLevel1_PEC_aki_vs_normal,acute kidney injury vs normal,ENSG00000123843,C4BPB,classical,False,12,10,,,,,,,,,,,False,,,,,,,,,,pseudobulk_de_targeted_SubclassLevel1_PEC_aki_vs_normal.csv
,targeted_SubclassLevel1_PEC_aki_vs_normal,acute kidney injury vs normal,ENSG00000085265,FCN1,lectin,False,17,12,,,,,,,,,,,False,,,,,,,,,,pseudobulk_de_targeted_SubclassLevel1_PEC_aki_vs_normal.csv
,targeted_SubclassLevel1_PEC_aki_vs_normal,acute kidney injury vs normal,ENSG00000160339,FCN2,lectin,False,1,1,,,,,,,,,,,False,,,,,,,,,,pseudobulk_de_targeted_SubclassLevel1_PEC_aki_vs_normal.csv
,targeted_SubclassLevel1_PEC_aki_vs_normal,acute kidney injury vs normal,ENSG00000142748,FCN3,lectin,True,53,19,0.2725108848800677,-1.2234891079114367,1.2450443607985962,-0.0610627602420223,1.9349819111801616,-0.0610627602420223,1.9349819111801616,True,0.3257614316953551,,False,,,,,,,,,,pseudobulk_de_targeted_SubclassLevel1_PEC_aki_vs_normal.csv
,targeted_SubclassLevel1_PEC_aki_vs_normal,acute kidney injury vs normal,ENSG00000127241,MASP1,lectin,True,494,63,4.0707287133270365,-0.7730559824879698,0.4313738803641186,-0.1949472326670085,0.4282840562372922,-0.1949472326670085,0.4282840562372922,True,0.0731203455489557,0.3194788439180341,False,,,,,,,,,,pseudobulk_de_targeted_SubclassLevel1_PEC_aki_vs_normal.csv
,targeted_SubclassLevel1_PEC_aki_vs_normal,acute kidney injury vs normal,ENSG00000009724,MASP2,lectin,True,48,26,0.2715795033739828,-0.028730517016272,0.973956239752578,-0.0056942783771082,1.1507405325553828,-0.0056942783771082,1.1507405325553828,True,0.9764667950744704,,False,,,,,,,,,,pseudobulk_de_targeted_SubclassLevel1_PEC_aki_vs_normal.csv
,targeted_SubclassLevel1_PEC_aki_vs_normal,acute kidney injury vs normal,ENSG00000165471,MBL2,lectin,False,1,1,,,,,,,,,,,False,,,,,,,,,,pseudobulk_de_targeted_SubclassLevel1_PEC_aki_vs_normal.csv
,targeted_SubclassLevel1_PEC_aki_vs_normal,acute kidney injury vs normal,ENSG00000171860,C3AR1,receptor,True,21,11,0.1959071714133331,1.2017908164169218,1.5267104769327076,0.0156691067347819,0.2401522407656581,0.0156691067347819,0.2401522407656581,True,0.4311784726500131,,False,,,,,,,,,,pseudobulk_de_targeted_SubclassLevel1_PEC_aki_vs_normal.csv
,targeted_SubclassLevel1_PEC_aki_vs_normal,acute kidney injury vs normal,ENSG00000197405,C5AR1,receptor,True,527,65,4.890971016996386,0.0963925126515739,0.4752774040518047,0.0150312136187758,0.7067695996391471,0.0150312136187758,0.7067695996391471,True,0.8392810707533562,0.9404627619332796,False,,,,,,,,,,pseudobulk_de_targeted_SubclassLevel1_PEC_aki_vs_normal.csv
,targeted_SubclassLevel1_PEC_aki_vs_normal,acute kidney injury vs normal,ENSG00000134830,C5AR2,receptor,True,22,18,0.2221663918986623,0.4777688542591067,1.1631789905194276,0.0131170360744546,0.3409737648262659,0.0131170360744546,0.3409737648262659,True,0.681260220009138,,False,,,,,,,,,,pseudobulk_de_targeted_SubclassLevel1_PEC_aki_vs_normal.csv
,targeted_SubclassLevel1_PEC_aki_vs_normal,acute kidney injury vs normal,ENSG00000203710,CR1,receptor,True,274,44,2.2030265293739277,0.5701724917413862,0.6505439901303015,0.0401167778251223,0.5629776099138073,0.0401167778251223,0.5629776099138073,True,0.3807827640344036,0.692099474335941,False,,,,,,,,,,pseudobulk_de_targeted_SubclassLevel1_PEC_aki_vs_normal.csv
,targeted_SubclassLevel1_PEC_aki_vs_normal,acute kidney injury vs normal,ENSG00000117322,CR2,receptor,True,63,25,0.5552918090725611,-0.1118994398263141,0.9884804512202834,-0.0178953778295125,0.98616023895421,-0.0178953778295125,0.98616023895421,True,0.909869226469128,,False,,,,,,,,,,pseudobulk_de_targeted_SubclassLevel1_PEC_aki_vs_normal.csv
,targeted_SubclassLevel1_PEC_aki_vs_normal,acute kidney injury vs normal,ENSG00000169896,ITGAM,receptor,True,109,43,0.9866391663303058,0.0855353764123266,0.561882672715,0.0060959343237245,0.8645954435098253,0.0060959343237245,0.8645954435098253,True,0.8790055652054167,,False,,,,,,,,,,pseudobulk_de_targeted_SubclassLevel1_PEC_aki_vs_normal.csv
,targeted_SubclassLevel1_PEC_aki_vs_normal,acute kidney injury vs normal,ENSG00000140678,ITGAX,receptor,True,39,19,0.4266322843882941,1.7746660873519255,1.026034949447432,0.0892701835972799,0.6613876002260962,0.0892701835972799,0.6613876002260962,True,0.0836954864074974,,False,,,,,,,,,,pseudobulk_de_targeted_SubclassLevel1_PEC_aki_vs_normal.csv
,targeted_SubclassLevel1_PEC_aki_vs_normal,acute kidney injury vs normal,ENSG00000155659,VSIG4,receptor,True,27,10,0.1465606314323253,1.0756266012811222,1.7155264684517495,0.016526008524416,0.2529010386146843,0.016526008524416,0.2529010386146843,True,0.5306624808784711,,False,,,,,,,,,,pseudobulk_de_targeted_SubclassLevel1_PEC_aki_vs_normal.csv
,targeted_SubclassLevel1_PEC_aki_vs_normal,acute kidney injury vs normal,ENSG00000117335,CD46,regulator,True,5816,76,45.87557693481725,-0.0674882068033534,0.2071586898824426,-0.0351650036169534,0.1971080992211765,-0.0351650036169534,0.1971080992211765,True,0.7445906333428567,0.9045487428141724,False,,,,,,,,,,pseudobulk_de_targeted_SubclassLevel1_PEC_aki_vs_normal.csv
,targeted_SubclassLevel1_PEC_aki_vs_normal,acute kidney injury vs normal,ENSG00000196352,CD55,regulator,True,1135,74,9.719158802565646,-0.7809034711426595,0.327569505651572,-0.4527791234436703,0.3305689047538054,-0.4527791234436703,0.3305689047538054,True,0.0171287607976788,0.1486382347642516,False,,,,,,,,,,pseudobulk_de_targeted_SubclassLevel1_PEC_aki_vs_normal.csv
,targeted_SubclassLevel1_PEC_aki_vs_normal,acute kidney injury vs normal,ENSG00000085063,CD59,regulator,True,4744,76,38.58553429206179,0.4860780560173988,0.2872565281644401,0.2273640059156605,0.2768577830484312,0.2273640059156605,0.2768577830484312,True,0.0906194197164484,0.353182062561641,False,,,,,,,,,,pseudobulk_de_targeted_SubclassLevel1_PEC_aki_vs_normal.csv
,targeted_SubclassLevel1_PEC_aki_vs_normal,acute kidney injury vs normal,ENSG00000000971,CFH,regulator,True,37914,76,260.01773924895133,0.3136735544440691,0.2044566089707114,0.1859310893222309,0.2022066353011256,0.1859310893222309,0.2022066353011256,True,0.1249849986571582,0.4149272680498561,False,,,,,,,,,,pseudobulk_de_targeted_SubclassLevel1_PEC_aki_vs_normal.csv
,targeted_SubclassLevel1_PEC_aki_vs_normal,acute kidney injury vs normal,ENSG00000205403,CFI,regulator,True,4032,76,33.433177350253466,0.8969913852097775,0.2560261842627964,0.7443533958959783,0.2539292452257096,0.7443533958959783,0.2539292452257096,True,0.0004591620858105,0.0147210147511372,True,,,,,,,,,,pseudobulk_de_targeted_SubclassLevel1_PEC_aki_vs_normal.csv
,targeted_SubclassLevel1_PEC_aki_vs_normal,acute kidney injury vs normal,ENSG00000149131,SERPING1,regulator,True,1882,70,14.674646808176082,1.1737107306257577,0.3607015653184278,0.9455074175138772,0.3390357163042277,0.9455074175138772,0.3390357163042277,True,0.0011380578766019,0.0270810519632932,True,,,,,,,,,,pseudobulk_de_targeted_SubclassLevel1_PEC_aki_vs_normal.csv
,targeted_SubclassLevel1_PEC_aki_vs_normal,acute kidney injury vs normal,ENSG00000106804,C5,terminal,True,1181,74,9.716040356764998,0.4091805504462998,0.2356152029325589,0.21909742275277,0.2435625494642426,0.21909742275277,0.2435625494642426,True,0.0824494118290921,0.3365478463082343,False,,,,,,,,,,pseudobulk_de_targeted_SubclassLevel1_PEC_aki_vs_normal.csv
,targeted_SubclassLevel1_PEC_aki_vs_normal,acute kidney injury vs normal,ENSG00000039537,C6,terminal,True,681,62,4.897648075379829,-1.1124443966141944,0.5440464840291801,-0.1876763581121893,0.6345824969870875,-0.1876763581121893,0.6345824969870875,True,0.0408785417689818,0.2369336129332387,False,,,,,,,,,,pseudobulk_de_targeted_SubclassLevel1_PEC_aki_vs_normal.csv
,targeted_SubclassLevel1_PEC_aki_vs_normal,acute kidney injury vs normal,ENSG00000112936,C7,terminal,True,1432,58,11.690591515619728,0.1082684333423322,0.6537353327737142,0.0101331149018369,0.5443982605335519,0.0101331149018369,0.5443982605335519,True,0.8684598743597157,0.9516630856765064,False,,,,,,,,,,pseudobulk_de_targeted_SubclassLevel1_PEC_aki_vs_normal.csv
,targeted_SubclassLevel1_PEC_aki_vs_normal,acute kidney injury vs normal,ENSG00000157131,C8A,terminal,False,8,7,,,,,,,,,,,False,,,,,,,,,,pseudobulk_de_targeted_SubclassLevel1_PEC_aki_vs_normal.csv
,targeted_SubclassLevel1_PEC_aki_vs_normal,acute kidney injury vs normal,ENSG00000021852,C8B,terminal,False,9,8,,,,,,,,,,,False,,,,,,,,,,pseudobulk_de_targeted_SubclassLevel1_PEC_aki_vs_normal.csv
,targeted_SubclassLevel1_PEC_aki_vs_normal,acute kidney injury vs normal,ENSG00000176919,C8G,terminal,False,14,11,,,,,,,,,,,False,,,,,,,,,,pseudobulk_de_targeted_SubclassLevel1_PEC_aki_vs_normal.csv
,targeted_SubclassLevel1_PEC_aki_vs_normal,acute kidney injury vs normal,ENSG00000113600,C9,terminal,True,244,56,2.3066223848833753,0.745324827145451,0.466370926349093,0.1386583711109608,0.5084691939764583,0.1386583711109608,0.5084691939764583,True,0.1100123982036091,0.391490433348626,False,,,,,,,,,,pseudobulk_de_targeted_SubclassLevel1_PEC_aki_vs_normal.csv
,targeted_SubclassLevel1_PEC_ckd_vs_normal,chronic kidney disease vs normal,ENSG00000125730,C3,alternative,True,2051,88,12.94921056165322,0.8870750431492922,0.7217294443185588,0.0253536649897293,0.2279259509707339,0.0253536649897293,0.2279259509707339,True,0.2190356744410868,0.6698026331043317,False,,,,,,,,,,pseudobulk_de_targeted_SubclassLevel1_PEC_ckd_vs_normal.csv
,targeted_SubclassLevel1_PEC_ckd_vs_normal,chronic kidney disease vs normal,ENSG00000243649,CFB,alternative,True,548,80,3.4462459654212276,-0.0770560750755141,0.5379041565464555,-0.0045404849369733,0.2529300236910092,-0.0045404849369733,0.2529300236910092,True,0.8860908272253525,,False,,,,,,,,,,pseudobulk_de_targeted_SubclassLevel1_PEC_ckd_vs_normal.csv
,targeted_SubclassLevel1_PEC_ckd_vs_normal,chronic kidney disease vs normal,ENSG00000197766,CFD,alternative,True,126,44,0.8696296888594722,0.8335979023040574,0.8197483791045099,0.0155652536445802,0.3856327763384406,0.0155652536445802,0.3856327763384406,True,0.3092034551121864,,False,,,,,,,,,,pseudobulk_de_targeted_SubclassLevel1_PEC_ckd_vs_normal.csv
,targeted_SubclassLevel1_PEC_ckd_vs_normal,chronic kidney disease vs normal,ENSG00000126759,CFP,alternative,False,9,9,,,,,,,,,,,False,,,,,,,,,,pseudobulk_de_targeted_SubclassLevel1_PEC_ckd_vs_normal.csv
,targeted_SubclassLevel1_PEC_ckd_vs_normal,chronic kidney disease vs normal,ENSG00000173372,C1QA,classical,True,101,31,0.5767303993239389,0.9142941640996618,0.979985502244626,0.0126053354290956,0.3321833186606495,0.0126053354290956,0.3321833186606495,True,0.350836991228948,,False,,,,,,,,,,pseudobulk_de_targeted_SubclassLevel1_PEC_ckd_vs_normal.csv
,targeted_SubclassLevel1_PEC_ckd_vs_normal,chronic kidney disease vs normal,ENSG00000173369,C1QB,classical,True,85,28,0.3531682374480298,0.0413636474087468,0.9602238971889154,-0.0118998891104406,0.2052596978279811,-0.0118998891104406,0.2052596978279811,True,0.9656400850549052,,False,,,,,,,,,,pseudobulk_de_targeted_SubclassLevel1_PEC_ckd_vs_normal.csv
,targeted_SubclassLevel1_PEC_ckd_vs_normal,chronic kidney disease vs normal,ENSG00000159189,C1QC,classical,True,53,24,0.3087166916753642,1.2561862943407562,1.0709249422568743,0.0144330928464673,0.2480824638553846,0.0144330928464673,0.2480824638553846,True,0.240799049601637,,False,,,,,,,,,,pseudobulk_de_targeted_SubclassLevel1_PEC_ckd_vs_normal.csv
,targeted_SubclassLevel1_PEC_ckd_vs_normal,chronic kidney disease vs normal,ENSG00000159403,C1R,classical,True,1302,94,7.797869152365997,-0.0915934456787834,0.4371707502880403,-0.0068721564647584,0.2305252664707034,-0.0068721564647584,0.2305252664707034,True,0.834046912667613,0.9602630128232325,False,,,,,,,,,,pseudobulk_de_targeted_SubclassLevel1_PEC_ckd_vs_normal.csv
,targeted_SubclassLevel1_PEC_ckd_vs_normal,chronic kidney disease vs normal,ENSG00000182326,C1S,classical,True,1652,96,9.902234075539376,-0.0741466080111276,0.3193020561981452,-0.0107846928612001,0.2316797885080739,-0.0107846928612001,0.2316797885080739,True,0.8163713172194573,0.9560695621257744,False,,,,,,,,,,pseudobulk_de_targeted_SubclassLevel1_PEC_ckd_vs_normal.csv
,targeted_SubclassLevel1_PEC_ckd_vs_normal,chronic kidney disease vs normal,ENSG00000166278,C2,classical,True,628,86,3.9912948968872657,0.0295868102090164,0.3618323021443058,0.0030622979907802,0.3099179463393118,0.0030622979907802,0.3099179463393118,True,0.9348300899093692,,False,,,,,,,,,,pseudobulk_de_targeted_SubclassLevel1_PEC_ckd_vs_normal.csv
,targeted_SubclassLevel1_PEC_ckd_vs_normal,chronic kidney disease vs normal,ENSG00000244731,C4A,classical,True,28,19,0.1644833129155683,1.102415973614164,1.385332564874033,0.0080128951990503,0.3313497641193637,0.0080128951990503,0.3313497641193637,True,0.4261615864016008,,False,,,,,,,,,,pseudobulk_de_targeted_SubclassLevel1_PEC_ckd_vs_normal.csv
,targeted_SubclassLevel1_PEC_ckd_vs_normal,chronic kidney disease vs normal,ENSG00000224389,C4B,classical,False,15,10,,,,,,,,,,,False,,,,,,,,,,pseudobulk_de_targeted_SubclassLevel1_PEC_ckd_vs_normal.csv
,targeted_SubclassLevel1_PEC_ckd_vs_normal,chronic kidney disease vs normal,ENSG00000123838,C4BPA,classical,True,57,31,0.3268202074210786,0.8264343991129183,0.9877114901802078,0.011485547204606,0.5288609549195249,0.011485547204606,0.5288609549195249,True,0.4027520002787242,,False,,,,,,,,,,pseudobulk_de_targeted_SubclassLevel1_PEC_ckd_vs_normal.csv
,targeted_SubclassLevel1_PEC_ckd_vs_normal,chronic kidney disease vs normal,ENSG00000123843,C4BPB,classical,False,12,11,,,,,,,,,,,False,,,,,,,,,,pseudobulk_de_targeted_SubclassLevel1_PEC_ckd_vs_normal.csv
,targeted_SubclassLevel1_PEC_ckd_vs_normal,chronic kidney disease vs normal,ENSG00000085265,FCN1,lectin,False,14,11,,,,,,,,,,,False,,,,,,,,,,pseudobulk_de_targeted_SubclassLevel1_PEC_ckd_vs_normal.csv
,targeted_SubclassLevel1_PEC_ckd_vs_normal,chronic kidney disease vs normal,ENSG00000160339,FCN2,lectin,False,1,1,,,,,,,,,,,False,,,,,,,,,,pseudobulk_de_targeted_SubclassLevel1_PEC_ckd_vs_normal.csv
,targeted_SubclassLevel1_PEC_ckd_vs_normal,chronic kidney disease vs normal,ENSG00000142748,FCN3,lectin,True,62,26,0.2697133086819802,-0.4231848925350793,1.1411487956033457,-0.0136457631350437,0.3554416389569384,-0.0136457631350437,0.3554416389569384,True,0.710755875506354,,False,,,,,,,,,,pseudobulk_de_targeted_SubclassLevel1_PEC_ckd_vs_normal.csv
,targeted_SubclassLevel1_PEC_ckd_vs_normal,chronic kidney disease vs normal,ENSG00000127241,MASP1,lectin,True,588,82,3.4530146599636486,0.4943806528518168,0.4245204005698101,0.0399101145482864,0.4364611300317098,0.0399101145482864,0.4364611300317098,True,0.2441960219631235,,False,,,,,,,,,,pseudobulk_de_targeted_SubclassLevel1_PEC_ckd_vs_normal.csv
,targeted_SubclassLevel1_PEC_ckd_vs_normal,chronic kidney disease vs normal,ENSG00000009724,MASP2,lectin,True,53,29,0.247545843565504,0.2168554715668336,1.0149807749993136,-0.0021461818498281,0.3008634228199608,-0.0021461818498281,0.3008634228199608,True,0.8308162947145024,,False,,,,,,,,,,pseudobulk_de_targeted_SubclassLevel1_PEC_ckd_vs_normal.csv
,targeted_SubclassLevel1_PEC_ckd_vs_normal,chronic kidney disease vs normal,ENSG00000165471,MBL2,lectin,False,2,2,,,,,,,,,,,False,,,,,,,,,,pseudobulk_de_targeted_SubclassLevel1_PEC_ckd_vs_normal.csv
,targeted_SubclassLevel1_PEC_ckd_vs_normal,chronic kidney disease vs normal,ENSG00000171860,C3AR1,receptor,True,20,14,0.1120838625219018,0.846679793246062,1.4791888837659577,0.0024353734041286,0.2680383941230816,0.0024353734041286,0.2680383941230816,True,0.5670546441731915,,False,,,,,,,,,,pseudobulk_de_targeted_SubclassLevel1_PEC_ckd_vs_normal.csv
,targeted_SubclassLevel1_PEC_ckd_vs_normal,chronic kidney disease vs normal,ENSG00000197405,C5AR1,receptor,True,454,76,2.983170260894654,-0.0269889921887295,0.5932589384229286,-0.0015920530902753,0.3923931257641601,-0.0015920530902753,0.3923931257641601,True,0.9637145379705444,,False,,,,,,,,,,pseudobulk_de_targeted_SubclassLevel1_PEC_ckd_vs_normal.csv
,targeted_SubclassLevel1_PEC_ckd_vs_normal,chronic kidney disease vs normal,ENSG00000134830,C5AR2,receptor,True,26,23,0.24058791329936,0.4450925332043041,1.104198218193512,-0.0051983367606179,0.5824618665476112,-0.0051983367606179,0.5824618665476112,True,0.6868811684911118,,False,,,,,,,,,,pseudobulk_de_targeted_SubclassLevel1_PEC_ckd_vs_normal.csv
,targeted_SubclassLevel1_PEC_ckd_vs_normal,chronic kidney disease vs normal,ENSG00000203710,CR1,receptor,True,301,59,1.980785428532165,0.4948945255101881,0.7426803217009973,0.0125865506579851,0.9209627472300328,0.0125865506579851,0.9209627472300328,True,0.505179245283745,,False,,,,,,,,,,pseudobulk_de_targeted_SubclassLevel1_PEC_ckd_vs_normal.csv
,targeted_SubclassLevel1_PEC_ckd_vs_normal,chronic kidney disease vs normal,ENSG00000117322,CR2,receptor,True,85,32,0.552405343626595,-0.7118699934166425,1.1535767839960696,-0.0130945050263016,0.4341262944303198,-0.0130945050263016,0.4341262944303198,True,0.5371700493896872,,False,,,,,,,,,,pseudobulk_de_targeted_SubclassLevel1_PEC_ckd_vs_normal.csv
,targeted_SubclassLevel1_PEC_ckd_vs_normal,chronic kidney disease vs normal,ENSG00000169896,ITGAM,receptor,True,119,52,0.8032656928910077,0.5124333771358663,0.6866030387156135,0.013665952978752,0.3152441345485011,0.013665952978752,0.3152441345485011,True,0.455467274197962,,False,,,,,,,,,,pseudobulk_de_targeted_SubclassLevel1_PEC_ckd_vs_normal.csv
,targeted_SubclassLevel1_PEC_ckd_vs_normal,chronic kidney disease vs normal,ENSG00000140678,ITGAX,receptor,True,33,20,0.2928888681274963,1.2986784203805173,1.294939719279519,0.0113466088795141,0.6239608132407892,0.0113466088795141,0.6239608132407892,True,0.3159153073637897,,False,,,,,,,,,,pseudobulk_de_targeted_SubclassLevel1_PEC_ckd_vs_normal.csv
,targeted_SubclassLevel1_PEC_ckd_vs_normal,chronic kidney disease vs normal,ENSG00000155659,VSIG4,receptor,True,31,14,0.1310324404624881,0.9188394402859916,1.554439348019097,0.0030199612161756,0.2905805511847835,0.0030199612161756,0.2905805511847835,True,0.5544489624377419,,False,,,,,,,,,,pseudobulk_de_targeted_SubclassLevel1_PEC_ckd_vs_normal.csv
,targeted_SubclassLevel1_PEC_ckd_vs_normal,chronic kidney disease vs normal,ENSG00000117335,CD46,regulator,True,6500,99,40.35671768754951,0.0748050810217351,0.2133834352007196,0.0200381635469096,0.1790412284550146,0.0200381635469096,0.1790412284550146,True,0.7259136031039517,0.934400263824616,False,,,,,,,,,,pseudobulk_de_targeted_SubclassLevel1_PEC_ckd_vs_normal.csv
,targeted_SubclassLevel1_PEC_ckd_vs_normal,chronic kidney disease vs normal,ENSG00000196352,CD55,regulator,True,1217,92,7.338058469039092,-0.535834696470145,0.4146356704556949,-0.0494058475299035,0.2998328753926808,-0.0494058475299035,0.2998328753926808,True,0.1962524207719959,0.6468027449002651,False,,,,,,,,,,pseudobulk_de_targeted_SubclassLevel1_PEC_ckd_vs_normal.csv
,targeted_SubclassLevel1_PEC_ckd_vs_normal,chronic kidney disease vs normal,ENSG00000085063,CD59,regulator,True,5069,98,32.48203959605865,-0.1010475337295933,0.3333096022896835,-0.013497139233448,0.2253854057064346,-0.013497139233448,0.2253854057064346,True,0.7617647420787259,0.9421516263660116,False,,,,,,,,,,pseudobulk_de_targeted_SubclassLevel1_PEC_ckd_vs_normal.csv
,targeted_SubclassLevel1_PEC_ckd_vs_normal,chronic kidney disease vs normal,ENSG00000000971,CFH,regulator,True,39728,99,213.61076836114637,-0.1270627870529646,0.2361534215639771,-0.0278053239954156,0.1853001470796266,-0.0278053239954156,0.1853001470796266,True,0.5905412479371356,0.8973804031625852,False,,,,,,,,,,pseudobulk_de_targeted_SubclassLevel1_PEC_ckd_vs_normal.csv
,targeted_SubclassLevel1_PEC_ckd_vs_normal,chronic kidney disease vs normal,ENSG00000205403,CFI,regulator,True,4052,99,26.718678451361352,0.1840508928245948,0.2665432637257137,0.0352771148688711,0.2287642304723191,0.0352771148688711,0.2287642304723191,True,0.4898732787094342,0.8598178267832384,False,,,,,,,,,,pseudobulk_de_targeted_SubclassLevel1_PEC_ckd_vs_normal.csv
,targeted_SubclassLevel1_PEC_ckd_vs_normal,chronic kidney disease vs normal,ENSG00000149131,SERPING1,regulator,True,1864,91,11.491415876899184,-0.0832861254844963,0.4301560001445141,-0.0071168186657716,0.2570765714898653,-0.0071168186657716,0.2570765714898653,True,0.8464746733507825,0.9617455850869254,False,,,,,,,,,,pseudobulk_de_targeted_SubclassLevel1_PEC_ckd_vs_normal.csv
,targeted_SubclassLevel1_PEC_ckd_vs_normal,chronic kidney disease vs normal,ENSG00000106804,C5,terminal,True,1286,98,8.171930759644214,0.0003356453038516,0.2774002161552442,4.503112893677587e-05,0.2293637454695253,4.503112893677587e-05,0.2293637454695253,True,0.9990345856819604,0.9996369134969386,False,,,,,,,,,,pseudobulk_de_targeted_SubclassLevel1_PEC_ckd_vs_normal.csv
,targeted_SubclassLevel1_PEC_ckd_vs_normal,chronic kidney disease vs normal,ENSG00000039537,C6,terminal,True,645,73,3.1882072885160646,-1.1821464938657154,0.6047620530070595,-0.0688984116386241,0.4247004835526646,-0.0688984116386241,0.4247004835526646,True,0.0506149538248903,,False,,,,,,,,,,pseudobulk_de_targeted_SubclassLevel1_PEC_ckd_vs_normal.csv
,targeted_SubclassLevel1_PEC_ckd_vs_normal,chronic kidney disease vs normal,ENSG00000112936,C7,terminal,True,1986,82,15.648438252585162,0.1726817825535063,0.6715669338316331,0.005127558300997,0.2263606535358526,0.005127558300997,0.2263606535358526,True,0.797076376851552,0.9514027552545424,False,,,,,,,,,,pseudobulk_de_targeted_SubclassLevel1_PEC_ckd_vs_normal.csv
,targeted_SubclassLevel1_PEC_ckd_vs_normal,chronic kidney disease vs normal,ENSG00000157131,C8A,terminal,False,12,10,,,,,,,,,,,False,,,,,,,,,,pseudobulk_de_targeted_SubclassLevel1_PEC_ckd_vs_normal.csv
,targeted_SubclassLevel1_PEC_ckd_vs_normal,chronic kidney disease vs normal,ENSG00000021852,C8B,terminal,False,8,7,,,,,,,,,,,False,,,,,,,,,,pseudobulk_de_targeted_SubclassLevel1_PEC_ckd_vs_normal.csv
,targeted_SubclassLevel1_PEC_ckd_vs_normal,chronic kidney disease vs normal,ENSG00000176919,C8G,terminal,False,10,9,,,,,,,,,,,False,,,,,,,,,,pseudobulk_de_targeted_SubclassLevel1_PEC_ckd_vs_normal.csv
,targeted_SubclassLevel1_PEC_ckd_vs_normal,chronic kidney disease vs normal,ENSG00000113600,C9,terminal,True,267,71,1.930981534376372,0.2392294015543699,0.5381278005918958,0.0120141096524104,0.3353729923075789,0.0120141096524104,0.3353729923075789,True,0.6566386911206945,,False,,,,,,,,,,pseudobulk_de_targeted_SubclassLevel1_PEC_ckd_vs_normal.csv
,targeted_SubclassLevel1_POD_aki_vs_ckd,acute kidney injury vs chronic kidney disease,ENSG00000125730,C3,alternative,True,259,45,3.4149624652318096,0.2494874236109865,0.76571885205427,3.031696099968647e-07,0.0015610182945239,3.031696099968647e-07,0.0015610182945239,True,0.7445596494522784,0.999836900824765,False,,,,,,,,,,pseudobulk_de_targeted_SubclassLevel1_POD_aki_vs_ckd.csv
,targeted_SubclassLevel1_POD_aki_vs_ckd,acute kidney injury vs chronic kidney disease,ENSG00000243649,CFB,alternative,True,106,33,1.152119895745663,1.6038541631026175,0.852436467561948,2.9870158883331804e-06,0.0015404640608705,2.9870158883331804e-06,0.0015404640608705,True,0.059904740496713,0.999836900824765,False,,,,,,,,,,pseudobulk_de_targeted_SubclassLevel1_POD_aki_vs_ckd.csv
,targeted_SubclassLevel1_POD_aki_vs_ckd,acute kidney injury vs chronic kidney disease,ENSG00000197766,CFD,alternative,True,82,23,0.6028865829381581,0.0236994669781493,1.1153388575016725,-3.94968576006337e-07,0.0019387449644081,-3.94968576006337e-07,0.0019387449644081,True,0.9830472902326948,0.999836900824765,False,,,,,,,,,,pseudobulk_de_targeted_SubclassLevel1_POD_aki_vs_ckd.csv
,targeted_SubclassLevel1_POD_aki_vs_ckd,acute kidney injury vs chronic kidney disease,ENSG00000126759,CFP,alternative,False,12,10,,,,,,,,,,,False,,,,,,,,,,pseudobulk_de_targeted_SubclassLevel1_POD_aki_vs_ckd.csv
,targeted_SubclassLevel1_POD_aki_vs_ckd,acute kidney injury vs chronic kidney disease,ENSG00000173372,C1QA,classical,True,96,25,0.7813976317062968,-0.2417280718173431,1.0975092459569995,-1.581415975912971e-07,0.0016053638978848,-1.581415975912971e-07,0.0016053638978848,True,0.8256752800062774,0.999836900824765,False,,,,,,,,,,pseudobulk_de_targeted_SubclassLevel1_POD_aki_vs_ckd.csv
,targeted_SubclassLevel1_POD_aki_vs_ckd,acute kidney injury vs chronic kidney disease,ENSG00000173369,C1QB,classical,True,84,22,0.6029823382258757,0.4323183123964323,1.1602167093197506,2.694094560308241e-07,0.0014456867411498,2.694094560308241e-07,0.0014456867411498,True,0.7094323361401271,0.999836900824765,False,,,,,,,,,,pseudobulk_de_targeted_SubclassLevel1_POD_aki_vs_ckd.csv
,targeted_SubclassLevel1_POD_aki_vs_ckd,acute kidney injury vs chronic kidney disease,ENSG00000159189,C1QC,classical,True,45,14,0.3163231193070431,0.0821563804264056,1.6260946781931371,1.7772913522765964e-07,0.001435007535083,1.7772913522765964e-07,0.001435007535083,True,0.9597050338879988,0.999836900824765,False,,,,,,,,,,pseudobulk_de_targeted_SubclassLevel1_POD_aki_vs_ckd.csv
,targeted_SubclassLevel1_POD_aki_vs_ckd,acute kidney injury vs chronic kidney disease,ENSG00000159403,C1R,classical,True,1665,66,11.79576475406694,0.1499406073826401,0.5232297925768107,1.7499435051768458e-06,0.0015403362437695,1.7499435051768458e-06,0.0015403362437695,True,0.7744435699971852,0.999836900824765,False,,,,,,,,,,pseudobulk_de_targeted_SubclassLevel1_POD_aki_vs_ckd.csv
,targeted_SubclassLevel1_POD_aki_vs_ckd,acute kidney injury vs chronic kidney disease,ENSG00000182326,C1S,classical,True,1554,67,12.598831388239772,0.2881975572934981,0.3224295548981598,2.42999221905025e-06,0.0014560824122068,2.42999221905025e-06,0.0014560824122068,True,0.3714122773129623,0.999836900824765,False,,,,,,,,,,pseudobulk_de_targeted_SubclassLevel1_POD_aki_vs_ckd.csv
,targeted_SubclassLevel1_POD_aki_vs_ckd,acute kidney injury vs chronic kidney disease,ENSG00000166278,C2,classical,True,409,59,3.7139203124319153,-0.3184624308631347,0.4060137577481797,-3.244877534139171e-06,0.0014303970325588,-3.244877534139171e-06,0.0014303970325588,True,0.4328267642291036,0.999836900824765,False,,,,,,,,,,pseudobulk_de_targeted_SubclassLevel1_POD_aki_vs_ckd.csv
,targeted_SubclassLevel1_POD_aki_vs_ckd,acute kidney injury vs chronic kidney disease,ENSG00000244731,C4A,classical,False,5,4,,,,,,,,,,,False,,,,,,,,,,pseudobulk_de_targeted_SubclassLevel1_POD_aki_vs_ckd.csv
,targeted_SubclassLevel1_POD_aki_vs_ckd,acute kidney injury vs chronic kidney disease,ENSG00000224389,C4B,classical,False,6,4,,,,,,,,,,,False,,,,,,,,,,pseudobulk_de_targeted_SubclassLevel1_POD_aki_vs_ckd.csv
,targeted_SubclassLevel1_POD_aki_vs_ckd,acute kidney injury vs chronic kidney disease,ENSG00000123838,C4BPA,classical,False,17,11,,,,,,,,,,,False,,,,,,,,,,pseudobulk_de_targeted_SubclassLevel1_POD_aki_vs_ckd.csv
,targeted_SubclassLevel1_POD_aki_vs_ckd,acute kidney injury vs chronic kidney disease,ENSG00000123843,C4BPB,classical,False,8,7,,,,,,,,,,,False,,,,,,,,,,pseudobulk_de_targeted_SubclassLevel1_POD_aki_vs_ckd.csv
,targeted_SubclassLevel1_POD_aki_vs_ckd,acute kidney injury vs chronic kidney disease,ENSG00000085265,FCN1,lectin,True,26,18,0.2878548103322757,-0.5098630077439497,1.3117168091823015,-9.643326501601552e-07,0.0015095277272253,-9.643326501601552e-07,0.0015095277272253,True,0.6974988246018983,0.999836900824765,False,,,,,,,,,,pseudobulk_de_targeted_SubclassLevel1_POD_aki_vs_ckd.csv
,targeted_SubclassLevel1_POD_aki_vs_ckd,acute kidney injury vs chronic kidney disease,ENSG00000160339,FCN2,lectin,False,2,2,,,,,,,,,,,False,,,,,,,,,,pseudobulk_de_targeted_SubclassLevel1_POD_aki_vs_ckd.csv
,targeted_SubclassLevel1_POD_aki_vs_ckd,acute kidney injury vs chronic kidney disease,ENSG00000142748,FCN3,lectin,True,28,17,0.4503102904525686,-0.1014967741875372,1.307971432350852,4.4236841785946546e-08,0.0012536125292033,4.4236841785946546e-08,0.0012536125292033,True,0.9381473425631004,0.999836900824765,False,,,,,,,,,,pseudobulk_de_targeted_SubclassLevel1_POD_aki_vs_ckd.csv
,targeted_SubclassLevel1_POD_aki_vs_ckd,acute kidney injury vs chronic kidney disease,ENSG00000127241,MASP1,lectin,True,45,21,0.8048659472040479,0.3960725455506603,1.230164569045025,2.607595622981682e-07,0.0015137507576062,2.607595622981682e-07,0.0015137507576062,True,0.747477602385874,0.999836900824765,False,,,,,,,,,,pseudobulk_de_targeted_SubclassLevel1_POD_aki_vs_ckd.csv
,targeted_SubclassLevel1_POD_aki_vs_ckd,acute kidney injury vs chronic kidney disease,ENSG00000009724,MASP2,lectin,True,30,19,0.3869720176909197,-0.5264565084590659,1.1832417800947874,-2.872366215714033e-07,0.0014661442161338,-2.872366215714033e-07,0.0014661442161338,True,0.6563723308891984,0.999836900824765,False,,,,,,,,,,pseudobulk_de_targeted_SubclassLevel1_POD_aki_vs_ckd.csv
,targeted_SubclassLevel1_POD_aki_vs_ckd,acute kidney injury vs chronic kidney disease,ENSG00000165471,MBL2,lectin,False,0,0,,,,,,,,,,,False,,,,,,,,,,pseudobulk_de_targeted_SubclassLevel1_POD_aki_vs_ckd.csv
,targeted_SubclassLevel1_POD_aki_vs_ckd,acute kidney injury vs chronic kidney disease,ENSG00000171860,C3AR1,receptor,True,21,11,0.2450739231160942,-0.4668442223836121,1.9133230086153896,1.5225780349485098e-07,0.003719076589928,1.5225780349485098e-07,0.003719076589928,True,0.8072334881436841,0.999836900824765,False,,,,,,,,,,pseudobulk_de_targeted_SubclassLevel1_POD_aki_vs_ckd.csv
,targeted_SubclassLevel1_POD_aki_vs_ckd,acute kidney injury vs chronic kidney disease,ENSG00000197405,C5AR1,receptor,True,149,42,1.804669357208358,-0.2337321284336685,0.6948647656838335,3.1504063890681646e-08,0.0014000884751219,3.1504063890681646e-08,0.0014000884751219,True,0.7365913623890615,0.999836900824765,False,,,,,,,,,,pseudobulk_de_targeted_SubclassLevel1_POD_aki_vs_ckd.csv
,targeted_SubclassLevel1_POD_aki_vs_ckd,acute kidney injury vs chronic kidney disease,ENSG00000134830,C5AR2,receptor,True,23,16,0.3467979867464962,-0.8196559018507824,1.4562229418480226,-4.020854571509265e-07,0.0013013851662388,-4.020854571509265e-07,0.0013013851662388,True,0.573527293829136,0.999836900824765,False,,,,,,,,,,pseudobulk_de_targeted_SubclassLevel1_POD_aki_vs_ckd.csv
,targeted_SubclassLevel1_POD_aki_vs_ckd,acute kidney injury vs chronic kidney disease,ENSG00000203710,CR1,receptor,True,13514,70,114.97417059771742,-0.1288632256766683,0.1917560159074389,1.0755951176264792e-06,0.0014167964583998,1.0755951176264792e-06,0.0014167964583998,True,0.5015731290386303,0.999836900824765,False,,,,,,,,,,pseudobulk_de_targeted_SubclassLevel1_POD_aki_vs_ckd.csv
,targeted_SubclassLevel1_POD_aki_vs_ckd,acute kidney injury vs chronic kidney disease,ENSG00000117322,CR2,receptor,True,90,35,0.837407128681405,-0.5531070514134506,0.7012043483130438,-7.691753701401904e-07,0.001501877822557,-7.691753701401904e-07,0.001501877822557,True,0.4302313592413364,0.999836900824765,False,,,,,,,,,,pseudobulk_de_targeted_SubclassLevel1_POD_aki_vs_ckd.csv
,targeted_SubclassLevel1_POD_aki_vs_ckd,acute kidney injury vs chronic kidney disease,ENSG00000169896,ITGAM,receptor,True,36,16,0.4840359318349166,-1.2324179636480137,1.5453813871188693,-4.47698887776831e-07,0.001398977428991,-4.47698887776831e-07,0.001398977428991,True,0.4251696033019101,0.999836900824765,False,,,,,,,,,,pseudobulk_de_targeted_SubclassLevel1_POD_aki_vs_ckd.csv
,targeted_SubclassLevel1_POD_aki_vs_ckd,acute kidney injury vs chronic kidney disease,ENSG00000140678,ITGAX,receptor,True,29,18,0.3126544668309054,-0.881363042647118,1.296386609681266,-1.2103216038301569e-06,0.0012875805423783,-1.2103216038301569e-06,0.0012875805423783,True,0.4965923089807181,0.999836900824765,False,,,,,,,,,,pseudobulk_de_targeted_SubclassLevel1_POD_aki_vs_ckd.csv
,targeted_SubclassLevel1_POD_aki_vs_ckd,acute kidney injury vs chronic kidney disease,ENSG00000155659,VSIG4,receptor,True,28,16,0.2653070880789678,-0.4629512809656266,1.4139297092886751,9.991465965384598e-07,0.0012308557086902,9.991465965384598e-07,0.0012308557086902,True,0.743348949602201,0.999836900824765,False,,,,,,,,,,pseudobulk_de_targeted_SubclassLevel1_POD_aki_vs_ckd.csv
,targeted_SubclassLevel1_POD_aki_vs_ckd,acute kidney injury vs chronic kidney disease,ENSG00000117335,CD46,regulator,True,5101,70,45.7144182524837,-0.1937296220788864,0.3121940867657867,7.02736934431598e-07,0.0014081898074996,7.02736934431598e-07,0.0014081898074996,True,0.5349008447604675,0.999836900824765,False,,,,,,,,,,pseudobulk_de_targeted_SubclassLevel1_POD_aki_vs_ckd.csv
,targeted_SubclassLevel1_POD_aki_vs_ckd,acute kidney injury vs chronic kidney disease,ENSG00000196352,CD55,regulator,True,1309,69,11.499891758261697,-0.1987682758080238,0.2857177732611194,-6.0830372899667755e-06,0.0013335523386387,-6.0830372899667755e-06,0.0013335523386387,True,0.4866289566828504,0.999836900824765,False,,,,,,,,,,pseudobulk_de_targeted_SubclassLevel1_POD_aki_vs_ckd.csv
,targeted_SubclassLevel1_POD_aki_vs_ckd,acute kidney injury vs chronic kidney disease,ENSG00000085063,CD59,regulator,True,4371,70,33.22379323282544,-0.2139818049640084,0.4296222138501392,-3.0263077851296273e-06,0.0013201776903842,-3.0263077851296273e-06,0.0013201776903842,True,0.6184349197387055,0.999836900824765,False,,,,,,,,,,pseudobulk_de_targeted_SubclassLevel1_POD_aki_vs_ckd.csv
,targeted_SubclassLevel1_POD_aki_vs_ckd,acute kidney injury vs chronic kidney disease,ENSG00000000971,CFH,regulator,True,2091,68,19.400398225066574,0.271150196363759,0.4769054134294551,4.4979550856819175e-05,0.0014675369453517,4.4979550856819175e-05,0.0014675369453517,True,0.5696535604544362,0.999836900824765,False,,,,,,,,,,pseudobulk_de_targeted_SubclassLevel1_POD_aki_vs_ckd.csv
,targeted_SubclassLevel1_POD_aki_vs_ckd,acute kidney injury vs chronic kidney disease,ENSG00000205403,CFI,regulator,True,685,62,7.99643053415626,-0.3760362207216964,0.6423574682885416,-4.7073745775563215e-06,0.0012197583484258,-4.7073745775563215e-06,0.0012197583484258,True,0.5582786225955759,0.999836900824765,False,,,,,,,,,,pseudobulk_de_targeted_SubclassLevel1_POD_aki_vs_ckd.csv
,targeted_SubclassLevel1_POD_aki_vs_ckd,acute kidney injury vs chronic kidney disease,ENSG00000149131,SERPING1,regulator,True,1078,54,8.298432662622389,-0.4647577777680004,0.7161742365130824,-2.1179320798030864e-06,0.001429278070209,-2.1179320798030864e-06,0.001429278070209,True,0.5163738475839876,0.999836900824765,False,,,,,,,,,,pseudobulk_de_targeted_SubclassLevel1_POD_aki_vs_ckd.csv
,targeted_SubclassLevel1_POD_aki_vs_ckd,acute kidney injury vs chronic kidney disease,ENSG00000106804,C5,terminal,True,453,62,4.194058196288975,0.0504310153077491,0.3362053213530331,-3.657131892207765e-06,0.001418160181223,-3.657131892207765e-06,0.001418160181223,True,0.8807641057889959,0.999836900824765,False,,,,,,,,,,pseudobulk_de_targeted_SubclassLevel1_POD_aki_vs_ckd.csv
,targeted_SubclassLevel1_POD_aki_vs_ckd,acute kidney injury vs chronic kidney disease,ENSG00000039537,C6,terminal,True,79,30,1.1684598183931492,-0.5732566950694881,1.0347317201551338,-1.906680920287079e-07,0.0014946098357669,-1.906680920287079e-07,0.0014946098357669,True,0.5795687116868236,0.999836900824765,False,,,,,,,,,,pseudobulk_de_targeted_SubclassLevel1_POD_aki_vs_ckd.csv
,targeted_SubclassLevel1_POD_aki_vs_ckd,acute kidney injury vs chronic kidney disease,ENSG00000112936,C7,terminal,True,1563,59,17.083257376290113,-1.2225024758991707,0.780931465810525,-1.5982036394029952e-06,0.001237051008645,-1.5982036394029952e-06,0.001237051008645,True,0.1174794389056295,0.999836900824765,False,,,,,,,,,,pseudobulk_de_targeted_SubclassLevel1_POD_aki_vs_ckd.csv
,targeted_SubclassLevel1_POD_aki_vs_ckd,acute kidney injury vs chronic kidney disease,ENSG00000157131,C8A,terminal,False,2,2,,,,,,,,,,,False,,,,,,,,,,pseudobulk_de_targeted_SubclassLevel1_POD_aki_vs_ckd.csv
,targeted_SubclassLevel1_POD_aki_vs_ckd,acute kidney injury vs chronic kidney disease,ENSG00000021852,C8B,terminal,False,3,3,,,,,,,,,,,False,,,,,,,,,,pseudobulk_de_targeted_SubclassLevel1_POD_aki_vs_ckd.csv
,targeted_SubclassLevel1_POD_aki_vs_ckd,acute kidney injury vs chronic kidney disease,ENSG00000176919,C8G,terminal,False,11,10,,,,,,,,,,,False,,,,,,,,,,pseudobulk_de_targeted_SubclassLevel1_POD_aki_vs_ckd.csv
,targeted_SubclassLevel1_POD_aki_vs_ckd,acute kidney injury vs chronic kidney disease,ENSG00000113600,C9,terminal,True,261,57,2.6481186175317104,-0.2374560470919199,0.4549553134837841,-1.0264278098178857e-06,0.0015831656121909,-1.0264278098178857e-06,0.0015831656121909,True,0.6017172019744499,0.999836900824765,False,,,,,,,,,,pseudobulk_de_targeted_SubclassLevel1_POD_aki_vs_ckd.csv
,targeted_SubclassLevel1_POD_aki_vs_normal,acute kidney injury vs normal,ENSG00000125730,C3,alternative,True,319,54,3.377866642670466,1.879654538240955,0.7264745158189727,0.0132882977702225,0.376953738824127,0.0132882977702225,0.376953738824127,True,0.0096713161091654,,False,,,,,,,,,,pseudobulk_de_targeted_SubclassLevel1_POD_aki_vs_normal.csv
,targeted_SubclassLevel1_POD_aki_vs_normal,acute kidney injury vs normal,ENSG00000243649,CFB,alternative,True,230,48,1.804416012382978,1.6985954887017591,0.6877703134964501,0.0266893391410977,0.1991671525419466,0.0266893391410977,0.1991671525419466,True,0.0135221377987021,,False,,,,,,,,,,pseudobulk_de_targeted_SubclassLevel1_POD_aki_vs_normal.csv
,targeted_SubclassLevel1_POD_aki_vs_normal,acute kidney injury vs normal,ENSG00000197766,CFD,alternative,True,117,40,0.9847776498636792,1.412927673035293,0.7843662326306481,0.0126468690326438,0.1313555515993658,0.0126468690326438,0.1313555515993658,True,0.0716458118478902,,False,,,,,,,,,,pseudobulk_de_targeted_SubclassLevel1_POD_aki_vs_normal.csv
,targeted_SubclassLevel1_POD_aki_vs_normal,acute kidney injury vs normal,ENSG00000126759,CFP,alternative,True,31,23,0.2282187379653548,-0.1097777815321231,1.2141631312158234,-0.0029877828187609,0.199375875338842,-0.0029877828187609,0.199375875338842,True,0.9279579463978108,,False,,,,,,,,,,pseudobulk_de_targeted_SubclassLevel1_POD_aki_vs_normal.csv
,targeted_SubclassLevel1_POD_aki_vs_normal,acute kidney injury vs normal,ENSG00000173372,C1QA,classical,True,122,29,0.9874024476548616,1.3993395414814005,1.0153224173392013,0.0088839843095927,0.1536479000143883,0.0088839843095927,0.1536479000143883,True,0.1681348027694322,,False,,,,,,,,,,pseudobulk_de_targeted_SubclassLevel1_POD_aki_vs_normal.csv
,targeted_SubclassLevel1_POD_aki_vs_normal,acute kidney injury vs normal,ENSG00000173369,C1QB,classical,True,105,32,0.9984828867709948,1.0438120652275689,0.8957493150200591,0.0085699187993726,0.1647186961858238,0.0085699187993726,0.1647186961858238,True,0.2438996623347905,,False,,,,,,,,,,pseudobulk_de_targeted_SubclassLevel1_POD_aki_vs_normal.csv
,targeted_SubclassLevel1_POD_aki_vs_normal,acute kidney injury vs normal,ENSG00000159189,C1QC,classical,True,36,20,0.379576642430007,0.8690393508483469,1.026474854664431,0.0063059974155594,0.1248460987877788,0.0063059974155594,0.1248460987877788,True,0.3972041328558695,,False,,,,,,,,,,pseudobulk_de_targeted_SubclassLevel1_POD_aki_vs_normal.csv
,targeted_SubclassLevel1_POD_aki_vs_normal,acute kidney injury vs normal,ENSG00000159403,C1R,classical,True,4203,77,27.793327020844995,0.3983983244314814,0.5062672335024084,0.0090996427055695,0.2753582523438772,0.0090996427055695,0.2753582523438772,True,0.4313211674975451,0.9059210522902534,False,,,,,,,,,,pseudobulk_de_targeted_SubclassLevel1_POD_aki_vs_normal.csv
,targeted_SubclassLevel1_POD_aki_vs_normal,acute kidney injury vs normal,ENSG00000182326,C1S,classical,True,3046,78,22.32051769622276,0.5002693043904184,0.2448681335510345,0.0635128727704553,0.3098373478239029,0.0635128727704553,0.3098373478239029,True,0.041050939304949,0.5703311461548022,False,,,,,,,,,,pseudobulk_de_targeted_SubclassLevel1_POD_aki_vs_normal.csv
,targeted_SubclassLevel1_POD_aki_vs_normal,acute kidney injury vs normal,ENSG00000166278,C2,classical,True,758,75,5.968776532235402,-0.1188528463136714,0.3261512337719751,-0.0059573040613948,0.2426906453222222,-0.0059573040613948,0.2426906453222222,True,0.7155516970006841,,False,,,,,,,,,,pseudobulk_de_targeted_SubclassLevel1_POD_aki_vs_normal.csv
,targeted_SubclassLevel1_POD_aki_vs_normal,acute kidney injury vs normal,ENSG00000244731,C4A,classical,False,10,10,,,,,,,,,,,False,,,,,,,,,,pseudobulk_de_targeted_SubclassLevel1_POD_aki_vs_normal.csv
,targeted_SubclassLevel1_POD_aki_vs_normal,acute kidney injury vs normal,ENSG00000224389,C4B,classical,False,9,6,,,,,,,,,,,False,,,,,,,,,,pseudobulk_de_targeted_SubclassLevel1_POD_aki_vs_normal.csv
,targeted_SubclassLevel1_POD_aki_vs_normal,acute kidney injury vs normal,ENSG00000123838,C4BPA,classical,True,41,22,0.3758332698982373,0.1988359714089971,1.2031221249265682,-0.0020538974198637,0.1291186694281963,-0.0020538974198637,0.1291186694281963,True,0.868734101857072,,False,,,,,,,,,,pseudobulk_de_targeted_SubclassLevel1_POD_aki_vs_normal.csv
,targeted_SubclassLevel1_POD_aki_vs_normal,acute kidney injury vs normal,ENSG00000123843,C4BPB,classical,False,9,7,,,,,,,,,,,False,,,,,,,,,,pseudobulk_de_targeted_SubclassLevel1_POD_aki_vs_normal.csv
,targeted_SubclassLevel1_POD_aki_vs_normal,acute kidney injury vs normal,ENSG00000085265,FCN1,lectin,True,24,19,0.2365211433578137,0.8773292060212773,1.2052562500824868,0.0043169521279311,0.1484758225216013,0.0043169521279311,0.1484758225216013,True,0.4666630285434419,,False,,,,,,,,,,pseudobulk_de_targeted_SubclassLevel1_POD_aki_vs_normal.csv
,targeted_SubclassLevel1_POD_aki_vs_normal,acute kidney injury vs normal,ENSG00000160339,FCN2,lectin,False,5,4,,,,,,,,,,,False,,,,,,,,,,pseudobulk_de_targeted_SubclassLevel1_POD_aki_vs_normal.csv
,targeted_SubclassLevel1_POD_aki_vs_normal,acute kidney injury vs normal,ENSG00000142748,FCN3,lectin,True,67,24,0.5806622774059087,0.7929593249333728,1.0621333251642997,0.0045365114154921,0.2596353656497522,0.0045365114154921,0.2596353656497522,True,0.4553217710043831,,False,,,,,,,,,,pseudobulk_de_targeted_SubclassLevel1_POD_aki_vs_normal.csv
,targeted_SubclassLevel1_POD_aki_vs_normal,acute kidney injury vs normal,ENSG00000127241,MASP1,lectin,True,72,33,1.1219156521749738,0.1238433651158057,0.8847122482733073,0.0016617261192634,0.1499943986048712,0.0016617261192634,0.1499943986048712,True,0.8886745916624035,,False,,,,,,,,,,pseudobulk_de_targeted_SubclassLevel1_POD_aki_vs_normal.csv
,targeted_SubclassLevel1_POD_aki_vs_normal,acute kidney injury vs normal,ENSG00000009724,MASP2,lectin,True,40,25,0.4110618000733147,0.1947948701190091,0.8608199447309525,-0.0009604659941271,0.1579981121572841,-0.0009604659941271,0.1579981121572841,True,0.8209759434497425,,False,,,,,,,,,,pseudobulk_de_targeted_SubclassLevel1_POD_aki_vs_normal.csv
,targeted_SubclassLevel1_POD_aki_vs_normal,acute kidney injury vs normal,ENSG00000165471,MBL2,lectin,False,0,0,,,,,,,,,,,False,,,,,,,,,,pseudobulk_de_targeted_SubclassLevel1_POD_aki_vs_normal.csv
,targeted_SubclassLevel1_POD_aki_vs_normal,acute kidney injury vs normal,ENSG00000171860,C3AR1,receptor,True,32,23,0.3253462434854098,0.956280177966786,1.009527425044333,0.0066379178075354,0.1355227313960406,0.0066379178075354,0.1355227313960406,True,0.3435087155261654,,False,,,,,,,,,,pseudobulk_de_targeted_SubclassLevel1_POD_aki_vs_normal.csv
,targeted_SubclassLevel1_POD_aki_vs_normal,acute kidney injury vs normal,ENSG00000197405,C5AR1,receptor,True,216,52,2.2886632368789006,0.5829180885900301,0.7036897772385475,0.0048915768914775,0.1867757006954834,0.0048915768914775,0.1867757006954834,True,0.4074589089191845,,False,,,,,,,,,,pseudobulk_de_targeted_SubclassLevel1_POD_aki_vs_normal.csv
,targeted_SubclassLevel1_POD_aki_vs_normal,acute kidney injury vs normal,ENSG00000134830,C5AR2,receptor,True,48,32,0.6075511746197576,0.578281506590045,0.7691327869457952,0.0058211572823441,0.4392300642343353,0.0058211572823441,0.4392300642343353,True,0.4521342156094069,,False,,,,,,,,,,pseudobulk_de_targeted_SubclassLevel1_POD_aki_vs_normal.csv
,targeted_SubclassLevel1_POD_aki_vs_normal,acute kidney injury vs normal,ENSG00000203710,CR1,receptor,True,28215,78,195.18244921136525,-0.0983638574054003,0.2130488573784579,-0.0118400891889101,0.5574247504943364,-0.0118400891889101,0.5574247504943364,True,0.6442991644014744,0.9450461457973404,False,,,,,,,,,,pseudobulk_de_targeted_SubclassLevel1_POD_aki_vs_normal.csv
,targeted_SubclassLevel1_POD_aki_vs_normal,acute kidney injury vs normal,ENSG00000117322,CR2,receptor,True,197,54,1.6500607881017932,-0.8124965503075529,0.5828310282468343,-0.0159166059258527,0.6957571136347391,-0.0159166059258527,0.6957571136347391,True,0.1633020114306029,,False,,,,,,,,,,pseudobulk_de_targeted_SubclassLevel1_POD_aki_vs_normal.csv
,targeted_SubclassLevel1_POD_aki_vs_normal,acute kidney injury vs normal,ENSG00000169896,ITGAM,receptor,True,38,22,0.2742172933934866,0.0361704823392275,1.283742684959593,-0.001902642144685,0.1421898622828062,-0.001902642144685,0.1421898622828062,True,0.9775219351338468,,False,,,,,,,,,,pseudobulk_de_targeted_SubclassLevel1_POD_aki_vs_normal.csv
,targeted_SubclassLevel1_POD_aki_vs_normal,acute kidney injury vs normal,ENSG00000140678,ITGAX,receptor,True,27,18,0.283363003747714,0.7371989093887106,1.0838801050933444,0.0026670490952423,0.1519017341966963,0.0026670490952423,0.1519017341966963,True,0.4964107402961384,,False,,,,,,,,,,pseudobulk_de_targeted_SubclassLevel1_POD_aki_vs_normal.csv
,targeted_SubclassLevel1_POD_aki_vs_normal,acute kidney injury vs normal,ENSG00000155659,VSIG4,receptor,True,24,18,0.2608869256423105,1.5720705083747537,1.8166131938206571,0.0054599080514273,0.1959793428308762,0.0054599080514273,0.1959793428308762,True,0.3868272998622736,,False,,,,,,,,,,pseudobulk_de_targeted_SubclassLevel1_POD_aki_vs_normal.csv
,targeted_SubclassLevel1_POD_aki_vs_normal,acute kidney injury vs normal,ENSG00000117335,CD46,regulator,True,11920,78,87.29613538658022,0.0152089336879863,0.2732796592454178,0.0012191343694183,0.5269650215334223,0.0012191343694183,0.5269650215334223,True,0.9556179481184444,0.99698859124854,False,,,,,,,,,,pseudobulk_de_targeted_SubclassLevel1_POD_aki_vs_normal.csv
,targeted_SubclassLevel1_POD_aki_vs_normal,acute kidney injury vs normal,ENSG00000196352,CD55,regulator,True,2868,76,19.796562834008753,-0.1913148287034596,0.2941860871169153,-0.0141843620932326,0.2551475223865304,-0.0141843620932326,0.2551475223865304,True,0.5154861279637032,0.9207821781361074,False,,,,,,,,,,pseudobulk_de_targeted_SubclassLevel1_POD_aki_vs_normal.csv
,targeted_SubclassLevel1_POD_aki_vs_normal,acute kidney injury vs normal,ENSG00000085063,CD59,regulator,True,9836,78,67.87092966577217,0.3416283273915357,0.4340453105569598,0.0112946646572215,0.610076000643507,0.0112946646572215,0.610076000643507,True,0.4312351114192304,0.9059210522902534,False,,,,,,,,,,pseudobulk_de_targeted_SubclassLevel1_POD_aki_vs_normal.csv
,targeted_SubclassLevel1_POD_aki_vs_normal,acute kidney injury vs normal,ENSG00000000971,CFH,regulator,True,3388,76,26.776458460643045,0.4814397345784864,0.3787813664684774,0.0187428587135772,0.2476304889378469,0.0187428587135772,0.2476304889378469,True,0.2037205548192528,0.8308454716559198,False,,,,,,,,,,pseudobulk_de_targeted_SubclassLevel1_POD_aki_vs_normal.csv
,targeted_SubclassLevel1_POD_aki_vs_normal,acute kidney injury vs normal,ENSG00000205403,CFI,regulator,True,1115,69,12.248650905288557,1.0003662785599303,0.5774292865707156,0.0183396675635212,0.2577003031316593,0.0183396675635212,0.2577003031316593,True,0.0831938076731578,0.6862087889884148,False,,,,,,,,,,pseudobulk_de_targeted_SubclassLevel1_POD_aki_vs_normal.csv
,targeted_SubclassLevel1_POD_aki_vs_normal,acute kidney injury vs normal,ENSG00000149131,SERPING1,regulator,True,2242,74,16.63855699292904,0.2462325712935198,0.4628775503954026,0.0070706587391061,0.3849235983472404,0.0070706587391061,0.3849235983472404,True,0.5947533562457941,0.9383383739550684,False,,,,,,,,,,pseudobulk_de_targeted_SubclassLevel1_POD_aki_vs_normal.csv
,targeted_SubclassLevel1_POD_aki_vs_normal,acute kidney injury vs normal,ENSG00000106804,C5,terminal,True,996,75,6.977737991827981,-0.0254427391882406,0.2435712897923206,-0.0023627278932026,0.2288994848107862,-0.0023627278932026,0.2288994848107862,True,0.9168066483150176,0.9938063465797748,False,,,,,,,,,,pseudobulk_de_targeted_SubclassLevel1_POD_aki_vs_normal.csv
,targeted_SubclassLevel1_POD_aki_vs_normal,acute kidney injury vs normal,ENSG00000039537,C6,terminal,True,554,55,3.50730882057752,-2.3031085178378574,0.6556103674666455,-0.0313156766539403,0.4861455510117265,-0.0313156766539403,0.4861455510117265,True,0.0004432064610785,,False,,,,,,,,,,pseudobulk_de_targeted_SubclassLevel1_POD_aki_vs_normal.csv
,targeted_SubclassLevel1_POD_aki_vs_normal,acute kidney injury vs normal,ENSG00000112936,C7,terminal,True,1803,67,16.860840587277902,0.0089993464626511,0.6276504156392302,0.0002264653614244,0.2104426860751459,0.0002264653614244,0.2104426860751459,True,0.9885602026228856,0.9977013129242128,False,,,,,,,,,,pseudobulk_de_targeted_SubclassLevel1_POD_aki_vs_normal.csv
,targeted_SubclassLevel1_POD_aki_vs_normal,acute kidney injury vs normal,ENSG00000157131,C8A,terminal,False,8,7,,,,,,,,,,,False,,,,,,,,,,pseudobulk_de_targeted_SubclassLevel1_POD_aki_vs_normal.csv
,targeted_SubclassLevel1_POD_aki_vs_normal,acute kidney injury vs normal,ENSG00000021852,C8B,terminal,False,3,3,,,,,,,,,,,False,,,,,,,,,,pseudobulk_de_targeted_SubclassLevel1_POD_aki_vs_normal.csv
,targeted_SubclassLevel1_POD_aki_vs_normal,acute kidney injury vs normal,ENSG00000176919,C8G,terminal,False,14,13,,,,,,,,,,,False,,,,,,,,,,pseudobulk_de_targeted_SubclassLevel1_POD_aki_vs_normal.csv
,targeted_SubclassLevel1_POD_aki_vs_normal,acute kidney injury vs normal,ENSG00000113600,C9,terminal,True,931,73,5.937866278286581,-0.7590559822700446,0.3916064643668711,-0.0288187261474768,0.3199614989699943,-0.0288187261474768,0.3199614989699943,True,0.0525850219486344,,False,,,,,,,,,,pseudobulk_de_targeted_SubclassLevel1_POD_aki_vs_normal.csv
,targeted_SubclassLevel1_POD_ckd_vs_normal,chronic kidney disease vs normal,ENSG00000125730,C3,alternative,True,398,69,2.8211917992802538,-0.6255104872906805,0.7777663449378032,-0.0030496441206674,0.11535791358204,-0.0030496441206674,0.11535791358204,True,0.4212586178575623,0.9999496310123046,False,,,,,,,,,,pseudobulk_de_targeted_SubclassLevel1_POD_ckd_vs_normal.csv
,targeted_SubclassLevel1_POD_ckd_vs_normal,chronic kidney disease vs normal,ENSG00000243649,CFB,alternative,True,240,57,1.1668740242727191,-0.6510129596035594,0.8581612688473377,-0.0021290092165351,0.0999870501650141,-0.0021290092165351,0.0999870501650141,True,0.4480836301273984,0.9999496310123046,False,,,,,,,,,,pseudobulk_de_targeted_SubclassLevel1_POD_ckd_vs_normal.csv
,targeted_SubclassLevel1_POD_ckd_vs_normal,chronic kidney disease vs normal,ENSG00000197766,CFD,alternative,True,115,47,0.530386688053739,0.2639952748098503,0.8540488221097071,0.0010968753469578,0.1069971250673069,0.0010968753469578,0.1069971250673069,True,0.7572376357596589,0.9999496310123046,False,,,,,,,,,,pseudobulk_de_targeted_SubclassLevel1_POD_ckd_vs_normal.csv
,targeted_SubclassLevel1_POD_ckd_vs_normal,chronic kidney disease vs normal,ENSG00000126759,CFP,alternative,True,39,29,0.2180031055749092,-0.6860792695053985,1.164018370311514,-0.0027209346111754,0.2133001263373533,-0.0027209346111754,0.2133001263373533,True,0.5555890344081189,0.9999496310123046,False,,,,,,,,,,pseudobulk_de_targeted_SubclassLevel1_POD_ckd_vs_normal.csv
,targeted_SubclassLevel1_POD_ckd_vs_normal,chronic kidney disease vs normal,ENSG00000173372,C1QA,classical,True,180,40,0.9053860761229778,0.5208652316064312,1.0335430766471645,0.001366950430037,0.0822031619247982,0.001366950430037,0.0822031619247982,True,0.6142888994224336,0.9999496310123046,False,,,,,,,,,,pseudobulk_de_targeted_SubclassLevel1_POD_ckd_vs_normal.csv
,targeted_SubclassLevel1_POD_ckd_vs_normal,chronic kidney disease vs normal,ENSG00000173369,C1QB,classical,True,147,36,0.7677588801297781,0.3202841269105889,1.0826441854998496,0.000614200992952,0.0867396408837497,0.000614200992952,0.0867396408837497,True,0.76735603310162,0.9999496310123046,False,,,,,,,,,,pseudobulk_de_targeted_SubclassLevel1_POD_ckd_vs_normal.csv
,targeted_SubclassLevel1_POD_ckd_vs_normal,chronic kidney disease vs normal,ENSG00000159189,C1QC,classical,True,65,24,0.3952885075370284,0.4206949297938475,1.293025972513815,0.0003090821159503,0.0881958921014867,0.0003090821159503,0.0881958921014867,True,0.7449109667482543,0.9999496310123046,False,,,,,,,,,,pseudobulk_de_targeted_SubclassLevel1_POD_ckd_vs_normal.csv
,targeted_SubclassLevel1_POD_ckd_vs_normal,chronic kidney disease vs normal,ENSG00000159403,C1R,classical,True,4398,107,18.41707992160516,-0.5948878130450835,0.5092743769370297,-0.0057466541416106,0.1213485376205286,-0.0057466541416106,0.1213485376205286,True,0.242762935190285,0.9999496310123046,False,,,,,,,,,,pseudobulk_de_targeted_SubclassLevel1_POD_ckd_vs_normal.csv
,targeted_SubclassLevel1_POD_ckd_vs_normal,chronic kidney disease vs normal,ENSG00000182326,C1S,classical,True,3506,107,16.068731276639046,-0.2299079987161766,0.2720653607369137,-0.0086363006035849,0.1241743547160595,-0.0086363006035849,0.1241743547160595,True,0.3980846353260682,0.9999496310123046,False,,,,,,,,,,pseudobulk_de_targeted_SubclassLevel1_POD_ckd_vs_normal.csv
,targeted_SubclassLevel1_POD_ckd_vs_normal,chronic kidney disease vs normal,ENSG00000166278,C2,classical,True,887,100,4.751078245834763,-0.1149332552379649,0.3680902239562271,-0.0022602324750654,0.1821281891245857,-0.0022602324750654,0.1821281891245857,True,0.7548565583190427,0.9999496310123046,False,,,,,,,,,,pseudobulk_de_targeted_SubclassLevel1_POD_ckd_vs_normal.csv
,targeted_SubclassLevel1_POD_ckd_vs_normal,chronic kidney disease vs normal,ENSG00000244731,C4A,classical,False,13,12,,,,,,,,,,,False,,,,,,,,,,pseudobulk_de_targeted_SubclassLevel1_POD_ckd_vs_normal.csv
,targeted_SubclassLevel1_POD_ckd_vs_normal,chronic kidney disease vs normal,ENSG00000224389,C4B,classical,False,9,8,,,,,,,,,,,False,,,,,,,,,,pseudobulk_de_targeted_SubclassLevel1_POD_ckd_vs_normal.csv
,targeted_SubclassLevel1_POD_ckd_vs_normal,chronic kidney disease vs normal,ENSG00000123838,C4BPA,classical,True,48,27,0.3140122295336955,-0.0364165246593377,1.1252133756958478,-0.0010620498568347,0.1267376762621502,-0.0010620498568347,0.1267376762621502,True,0.9741816869617668,0.9999496310123046,False,,,,,,,,,,pseudobulk_de_targeted_SubclassLevel1_POD_ckd_vs_normal.csv
,targeted_SubclassLevel1_POD_ckd_vs_normal,chronic kidney disease vs normal,ENSG00000123843,C4BPB,classical,False,13,12,,,,,,,,,,,False,,,,,,,,,,pseudobulk_de_targeted_SubclassLevel1_POD_ckd_vs_normal.csv
,targeted_SubclassLevel1_POD_ckd_vs_normal,chronic kidney disease vs normal,ENSG00000085265,FCN1,lectin,True,40,27,0.258888692138642,0.966803505571802,1.193355121104728,0.0018328096143566,0.4619959336523078,0.0018328096143566,0.4619959336523078,True,0.4178506696301277,0.9999496310123046,False,,,,,,,,,,pseudobulk_de_targeted_SubclassLevel1_POD_ckd_vs_normal.csv
,targeted_SubclassLevel1_POD_ckd_vs_normal,chronic kidney disease vs normal,ENSG00000160339,FCN2,lectin,False,5,4,,,,,,,,,,,False,,,,,,,,,,pseudobulk_de_targeted_SubclassLevel1_POD_ckd_vs_normal.csv
,targeted_SubclassLevel1_POD_ckd_vs_normal,chronic kidney disease vs normal,ENSG00000142748,FCN3,lectin,True,75,29,0.4773279786876745,0.0904914138003174,1.137694247213176,0.0001734471949333,1.3145558216855795,0.0001734471949333,1.3145558216855795,True,0.9366036669099234,0.9999496310123046,False,,,,,,,,,,pseudobulk_de_targeted_SubclassLevel1_POD_ckd_vs_normal.csv
,targeted_SubclassLevel1_POD_ckd_vs_normal,chronic kidney disease vs normal,ENSG00000127241,MASP1,lectin,True,87,38,0.8428641318266269,-1.1122356478958784,1.098193665824283,-0.0027047407794936,0.1258981947830209,-0.0027047407794936,0.1258981947830209,True,0.3111621813425178,0.9999496310123046,False,,,,,,,,,,pseudobulk_de_targeted_SubclassLevel1_POD_ckd_vs_normal.csv
,targeted_SubclassLevel1_POD_ckd_vs_normal,chronic kidney disease vs normal,ENSG00000009724,MASP2,lectin,True,50,34,0.4959048083104063,0.3543287174334196,0.9209395680471636,0.0009805448116583,0.1824918627750662,0.0009805448116583,0.1824918627750662,True,0.7004248846172347,0.9999496310123046,False,,,,,,,,,,pseudobulk_de_targeted_SubclassLevel1_POD_ckd_vs_normal.csv
,targeted_SubclassLevel1_POD_ckd_vs_normal,chronic kidney disease vs normal,ENSG00000165471,MBL2,lectin,False,0,0,,,,,,,,,,,False,,,,,,,,,,pseudobulk_de_targeted_SubclassLevel1_POD_ckd_vs_normal.csv
,targeted_SubclassLevel1_POD_ckd_vs_normal,chronic kidney disease vs normal,ENSG00000171860,C3AR1,receptor,True,43,28,0.3090629462446011,-0.0366640196040615,1.2133087784409693,-0.0002511435641179,0.0960197649113511,-0.0002511435641179,0.0960197649113511,True,0.9758930255894837,0.9999496310123046,False,,,,,,,,,,pseudobulk_de_targeted_SubclassLevel1_POD_ckd_vs_normal.csv
,targeted_SubclassLevel1_POD_ckd_vs_normal,chronic kidney disease vs normal,ENSG00000197405,C5AR1,receptor,True,253,74,2.18195279004425,0.1567349106617014,0.6643083720266282,0.0006835380514119,0.4649017356010712,0.0006835380514119,0.4649017356010712,True,0.8134815727627058,0.9999496310123046,False,,,,,,,,,,pseudobulk_de_targeted_SubclassLevel1_POD_ckd_vs_normal.csv
,targeted_SubclassLevel1_POD_ckd_vs_normal,chronic kidney disease vs normal,ENSG00000134830,C5AR2,receptor,True,51,34,0.4109085464489542,0.7491607405734823,0.967333471413183,0.0029907495654641,0.2127961016081182,0.0029907495654641,0.2127961016081182,True,0.4386590214197033,0.9999496310123046,False,,,,,,,,,,pseudobulk_de_targeted_SubclassLevel1_POD_ckd_vs_normal.csv
,targeted_SubclassLevel1_POD_ckd_vs_normal,chronic kidney disease vs normal,ENSG00000203710,CR1,receptor,True,32917,110,156.3308001139934,0.1039398992545576,0.1933031532063973,0.0072352450845415,0.1277102743994652,0.0072352450845415,0.1277102743994652,True,0.5907813438395848,0.9999496310123046,False,,,,,,,,,,pseudobulk_de_targeted_SubclassLevel1_POD_ckd_vs_normal.csv
,targeted_SubclassLevel1_POD_ckd_vs_normal,chronic kidney disease vs normal,ENSG00000117322,CR2,receptor,True,247,71,1.323251891071994,-0.8954804433826562,0.5901268470083579,-0.0073668113163873,0.3339303147531335,-0.0073668113163873,0.3339303147531335,True,0.1291563322043142,0.9999496310123046,False,,,,,,,,,,pseudobulk_de_targeted_SubclassLevel1_POD_ckd_vs_normal.csv
,targeted_SubclassLevel1_POD_ckd_vs_normal,chronic kidney disease vs normal,ENSG00000169896,ITGAM,receptor,True,68,32,0.526754326945927,0.6968248127578685,1.2368779326759056,0.0013320447591349,0.2948240699732092,0.0013320447591349,0.2948240699732092,True,0.5731802685151205,0.9999496310123046,False,,,,,,,,,,pseudobulk_de_targeted_SubclassLevel1_POD_ckd_vs_normal.csv
,targeted_SubclassLevel1_POD_ckd_vs_normal,chronic kidney disease vs normal,ENSG00000140678,ITGAX,receptor,True,42,26,0.3444612363587054,0.590276738194806,1.058156957825794,0.0008703423211747,0.163941293496914,0.0008703423211747,0.163941293496914,True,0.5769572206592617,0.9999496310123046,False,,,,,,,,,,pseudobulk_de_targeted_SubclassLevel1_POD_ckd_vs_normal.csv
,targeted_SubclassLevel1_POD_ckd_vs_normal,chronic kidney disease vs normal,ENSG00000155659,VSIG4,receptor,True,40,24,0.2427610867812668,0.9301702180639886,1.4293211947796605,0.0008117736594772,0.1118909397598329,0.0008117736594772,0.1118909397598329,True,0.5151900613795982,0.9999496310123046,False,,,,,,,,,,pseudobulk_de_targeted_SubclassLevel1_POD_ckd_vs_normal.csv
,targeted_SubclassLevel1_POD_ckd_vs_normal,chronic kidney disease vs normal,ENSG00000117335,CD46,regulator,True,13369,110,66.49921155532596,-0.3477369624281791,0.3063560484910172,-0.0098514492055562,0.155565644654347,-0.0098514492055562,0.155565644654347,True,0.2563440721687348,0.9999496310123046,False,,,,,,,,,,pseudobulk_de_targeted_SubclassLevel1_POD_ckd_vs_normal.csv
,targeted_SubclassLevel1_POD_ckd_vs_normal,chronic kidney disease vs normal,ENSG00000196352,CD55,regulator,True,3271,109,15.7551026560183,-0.277807098057726,0.2885333394649876,-0.0097589796214525,0.2137873328192518,-0.0097589796214525,0.2137873328192518,True,0.3356353777457826,0.9999496310123046,False,,,,,,,,,,pseudobulk_de_targeted_SubclassLevel1_POD_ckd_vs_normal.csv
,targeted_SubclassLevel1_POD_ckd_vs_normal,chronic kidney disease vs normal,ENSG00000085063,CD59,regulator,True,9945,110,47.82406102100324,-0.521801333375821,0.4036748185734941,-0.0088581147676014,0.1767647991920955,-0.0088581147676014,0.1767647991920955,True,0.1961397849477665,0.9999496310123046,False,,,,,,,,,,pseudobulk_de_targeted_SubclassLevel1_POD_ckd_vs_normal.csv
,targeted_SubclassLevel1_POD_ckd_vs_normal,chronic kidney disease vs normal,ENSG00000000971,CFH,regulator,True,4279,106,23.218498555264357,0.2987159100970012,0.4254154191917084,0.0043038558297342,0.1449179393805796,0.0043038558297342,0.1449179393805796,True,0.4825702716586839,0.9999496310123046,False,,,,,,,,,,pseudobulk_de_targeted_SubclassLevel1_POD_ckd_vs_normal.csv
,targeted_SubclassLevel1_POD_ckd_vs_normal,chronic kidney disease vs normal,ENSG00000205403,CFI,regulator,True,1310,99,9.243506631551364,-0.024591484987038,0.5775406534602984,-0.0001766945957404,0.212399736224457,-0.0001766945957404,0.212399736224457,True,0.9660366093008204,0.9999496310123046,False,,,,,,,,,,pseudobulk_de_targeted_SubclassLevel1_POD_ckd_vs_normal.csv
,targeted_SubclassLevel1_POD_ckd_vs_normal,chronic kidney disease vs normal,ENSG00000149131,SERPING1,regulator,True,2510,96,11.970657116110194,0.1901937692049776,0.5630084852203088,0.0016386937110909,0.1317307841962485,0.0016386937110909,0.1317307841962485,True,0.7355011894651278,0.9999496310123046,False,,,,,,,,,,pseudobulk_de_targeted_SubclassLevel1_POD_ckd_vs_normal.csv
,targeted_SubclassLevel1_POD_ckd_vs_normal,chronic kidney disease vs normal,ENSG00000106804,C5,terminal,True,1145,101,5.460418081462788,-0.080472302909285,0.243620284782293,-0.0034061923566803,0.155849048348286,-0.0034061923566803,0.155849048348286,True,0.7411592665208051,0.9999496310123046,False,,,,,,,,,,pseudobulk_de_targeted_SubclassLevel1_POD_ckd_vs_normal.csv
,targeted_SubclassLevel1_POD_ckd_vs_normal,chronic kidney disease vs normal,ENSG00000039537,C6,terminal,True,591,69,2.5548857673746617,-0.6745779546562202,0.7124776523777431,-0.0024249410733576,0.404660599561608,-0.0024249410733576,0.404660599561608,True,0.3437377593362218,0.9999496310123046,False,,,,,,,,,,pseudobulk_de_targeted_SubclassLevel1_POD_ckd_vs_normal.csv
,targeted_SubclassLevel1_POD_ckd_vs_normal,chronic kidney disease vs normal,ENSG00000112936,C7,terminal,True,2970,98,20.70853141570263,0.2514384454569867,0.6892062156778443,0.0011741182120702,0.1097658496034713,0.0011741182120702,0.1097658496034713,True,0.7152433551170894,0.9999496310123046,False,,,,,,,,,,pseudobulk_de_targeted_SubclassLevel1_POD_ckd_vs_normal.csv
,targeted_SubclassLevel1_POD_ckd_vs_normal,chronic kidney disease vs normal,ENSG00000157131,C8A,terminal,False,8,7,,,,,,,,,,,False,,,,,,,,,,pseudobulk_de_targeted_SubclassLevel1_POD_ckd_vs_normal.csv
,targeted_SubclassLevel1_POD_ckd_vs_normal,chronic kidney disease vs normal,ENSG00000021852,C8B,terminal,False,4,4,,,,,,,,,,,False,,,,,,,,,,pseudobulk_de_targeted_SubclassLevel1_POD_ckd_vs_normal.csv
,targeted_SubclassLevel1_POD_ckd_vs_normal,chronic kidney disease vs normal,ENSG00000176919,C8G,terminal,False,15,15,,,,,,,,,,,False,,,,,,,,,,pseudobulk_de_targeted_SubclassLevel1_POD_ckd_vs_normal.csv
,targeted_SubclassLevel1_POD_ckd_vs_normal,chronic kidney disease vs normal,ENSG00000113600,C9,terminal,True,1036,92,3.969296314409821,0.3118493752077763,0.388491766567524,0.0052021841419096,0.4108172855742157,0.0052021841419096,0.4108172855742157,True,0.4221376851568221,0.9999496310123046,False,,,,,,,,,,pseudobulk_de_targeted_SubclassLevel1_POD_ckd_vs_normal.csv
,targeted_SubclassLevel1_PT_aki_vs_ckd,acute kidney injury vs chronic kidney disease,ENSG00000125730,C3,alternative,True,28995,133,144.30981252943627,2.162358930219557,0.4096623033778823,1.9934338681138384,0.4242015512726747,1.9934338681138384,0.4242015512726747,True,1.3032121509114845e-07,4.112336065745456e-05,True,,,,,,,,,,pseudobulk_de_targeted_SubclassLevel1_PT_aki_vs_ckd.csv
,targeted_SubclassLevel1_PT_aki_vs_ckd,acute kidney injury vs chronic kidney disease,ENSG00000243649,CFB,alternative,True,11124,131,49.02315786073894,1.6038746168610003,0.3035573271952177,1.4763524994296302,0.3176664076295369,1.4763524994296302,0.3176664076295369,True,1.2667166703062606e-07,4.059629003851829e-05,True,,,,,,,,,,pseudobulk_de_targeted_SubclassLevel1_PT_aki_vs_ckd.csv
,targeted_SubclassLevel1_PT_aki_vs_ckd,acute kidney injury vs chronic kidney disease,ENSG00000197766,CFD,alternative,True,985,110,5.0367967162555125,1.0818192965104647,0.424282049606365,0.6472915056936038,0.474834526594214,0.6472915056936038,0.474834526594214,True,0.0107795715785037,0.077391325693816,False,,,,,,,,,,pseudobulk_de_targeted_SubclassLevel1_PT_aki_vs_ckd.csv
,targeted_SubclassLevel1_PT_aki_vs_ckd,acute kidney injury vs chronic kidney disease,ENSG00000126759,CFP,alternative,True,221,87,1.437371108588684,-0.0710176796081109,0.4067613967964183,0.0062195357565683,0.1837565499313868,0.0062195357565683,0.1837565499313868,True,0.8613994742967408,,False,,,,,,,,,,pseudobulk_de_targeted_SubclassLevel1_PT_aki_vs_ckd.csv
,targeted_SubclassLevel1_PT_aki_vs_ckd,acute kidney injury vs chronic kidney disease,ENSG00000173372,C1QA,classical,True,1353,122,8.454827829163339,1.1326806425935003,0.4001407645401973,0.5500086416914391,0.5558567237739501,0.5500086416914391,0.5558567237739501,True,0.0046445471591387,0.0463122541473475,True,,,,,,,,,,pseudobulk_de_targeted_SubclassLevel1_PT_aki_vs_ckd.csv
,targeted_SubclassLevel1_PT_aki_vs_ckd,acute kidney injury vs chronic kidney disease,ENSG00000173369,C1QB,classical,True,948,105,5.663869935320229,0.8058707058266483,0.4854566414626456,0.0742266598408344,0.2262677389718375,0.0742266598408344,0.2262677389718375,True,0.0969091976544751,0.2778451989224125,False,,,,,,,,,,pseudobulk_de_targeted_SubclassLevel1_PT_aki_vs_ckd.csv
,targeted_SubclassLevel1_PT_aki_vs_ckd,acute kidney injury vs chronic kidney disease,ENSG00000159189,C1QC,classical,True,586,95,2.9384497021361127,1.2962185884770632,0.4546958151201082,0.5433463971571362,0.8035267824004426,0.5433463971571362,0.8035267824004426,True,0.0043617908799446,0.0445985507171214,True,,,,,,,,,,pseudobulk_de_targeted_SubclassLevel1_PT_aki_vs_ckd.csv
,targeted_SubclassLevel1_PT_aki_vs_ckd,acute kidney injury vs chronic kidney disease,ENSG00000159403,C1R,classical,True,4968,127,22.3775697945277,1.3554825920138105,0.3400867854460824,1.1474559547547714,0.3736604786377283,1.1474559547547714,0.3736604786377283,True,6.728256765623985e-05,0.003080430234815,True,,,,,,,,,,pseudobulk_de_targeted_SubclassLevel1_PT_aki_vs_ckd.csv
,targeted_SubclassLevel1_PT_aki_vs_ckd,acute kidney injury vs chronic kidney disease,ENSG00000182326,C1S,classical,True,12396,131,55.274672355675946,0.4567554396507026,0.1586471950523007,0.3662638880855292,0.1597534528517138,0.3662638880855292,0.1597534528517138,True,0.0039885728963279,0.0424764375267823,True,,,,,,,,,,pseudobulk_de_targeted_SubclassLevel1_PT_aki_vs_ckd.csv
,targeted_SubclassLevel1_PT_aki_vs_ckd,acute kidney injury vs chronic kidney disease,ENSG00000166278,C2,classical,True,10638,131,49.90306028645417,0.7200048381015206,0.1597030939717465,0.6552956244560008,0.158689736616188,0.6552956244560008,0.158689736616188,True,6.531948140735665e-06,0.0006267389082944,True,,,,,,,,,,pseudobulk_de_targeted_SubclassLevel1_PT_aki_vs_ckd.csv
,targeted_SubclassLevel1_PT_aki_vs_ckd,acute kidney injury vs chronic kidney disease,ENSG00000244731,C4A,classical,True,753,108,3.677913372081182,1.057607175453488,0.3632584369247337,0.7543984224974504,0.4600160705413643,0.7543984224974504,0.4600160705413643,True,0.0035976055518524,0.040071525544675,True,,,,,,,,,,pseudobulk_de_targeted_SubclassLevel1_PT_aki_vs_ckd.csv
,targeted_SubclassLevel1_PT_aki_vs_ckd,acute kidney injury vs chronic kidney disease,ENSG00000224389,C4B,classical,True,551,97,2.5265562080899255,1.1689948286244591,0.3825941169920983,0.9331840016244224,0.4437766228796235,0.9331840016244224,0.4437766228796235,True,0.0022472770357183,0.0298729094488781,True,,,,,,,,,,pseudobulk_de_targeted_SubclassLevel1_PT_aki_vs_ckd.csv
,targeted_SubclassLevel1_PT_aki_vs_ckd,acute kidney injury vs chronic kidney disease,ENSG00000123838,C4BPA,classical,True,206,70,0.8992969162710479,-0.4038848016622747,0.4880591161590494,-0.0411235179508081,0.2140676377939551,-0.0411235179508081,0.2140676377939551,True,0.4079352845643218,,False,,,,,,,,,,pseudobulk_de_targeted_SubclassLevel1_PT_aki_vs_ckd.csv
,targeted_SubclassLevel1_PT_aki_vs_ckd,acute kidney injury vs chronic kidney disease,ENSG00000123843,C4BPB,classical,True,94,56,0.5571163091466849,-0.4381120884093441,0.6100693982510342,-0.0151961197793812,0.2043095964141112,-0.0151961197793812,0.2043095964141112,True,0.4726741513484531,,False,,,,,,,,,,pseudobulk_de_targeted_SubclassLevel1_PT_aki_vs_ckd.csv
,targeted_SubclassLevel1_PT_aki_vs_ckd,acute kidney injury vs chronic kidney disease,ENSG00000085265,FCN1,lectin,True,310,96,2.2323207739573045,-0.1567600760819194,0.4899182638200475,-0.0074740003607842,0.2040868944865972,-0.0074740003607842,0.2040868944865972,True,0.7489896346981237,0.8724451575328123,False,,,,,,,,,,pseudobulk_de_targeted_SubclassLevel1_PT_aki_vs_ckd.csv
,targeted_SubclassLevel1_PT_aki_vs_ckd,acute kidney injury vs chronic kidney disease,ENSG00000160339,FCN2,lectin,True,22,15,0.0863354217110815,-0.5118545375164805,1.5326610908179503,-0.0036458042979573,0.18145339941783,-0.0036458042979573,0.18145339941783,True,0.7384062768418831,,False,,,,,,,,,,pseudobulk_de_targeted_SubclassLevel1_PT_aki_vs_ckd.csv
,targeted_SubclassLevel1_PT_aki_vs_ckd,acute kidney injury vs chronic kidney disease,ENSG00000142748,FCN3,lectin,True,240,72,1.229925701721195,-0.4314812935220833,0.536100497634745,-0.0172911409257378,0.2212953382428283,-0.0172911409257378,0.2212953382428283,True,0.4209053746181806,,False,,,,,,,,,,pseudobulk_de_targeted_SubclassLevel1_PT_aki_vs_ckd.csv
,targeted_SubclassLevel1_PT_aki_vs_ckd,acute kidney injury vs chronic kidney disease,ENSG00000127241,MASP1,lectin,True,15720,133,74.94040155007512,-0.184179884906778,0.1475458357426288,-0.1156049968886643,0.1305642608368034,-0.1156049968886643,0.1305642608368034,True,0.2119251389546546,0.4345045611133679,False,,,,,,,,,,pseudobulk_de_targeted_SubclassLevel1_PT_aki_vs_ckd.csv
,targeted_SubclassLevel1_PT_aki_vs_ckd,acute kidney injury vs chronic kidney disease,ENSG00000009724,MASP2,lectin,True,449,94,1.9278925130977609,-0.2676688894861247,0.3526953360475781,-0.0410788061686888,0.1809585036826672,-0.0410788061686888,0.1809585036826672,True,0.4478981327077346,0.6630702706581266,False,,,,,,,,,,pseudobulk_de_targeted_SubclassLevel1_PT_aki_vs_ckd.csv
,targeted_SubclassLevel1_PT_aki_vs_ckd,acute kidney injury vs chronic kidney disease,ENSG00000165471,MBL2,lectin,False,9,9,,,,,,,,,,,False,,,,,,,,,,pseudobulk_de_targeted_SubclassLevel1_PT_aki_vs_ckd.csv
,targeted_SubclassLevel1_PT_aki_vs_ckd,acute kidney injury vs chronic kidney disease,ENSG00000171860,C3AR1,receptor,True,239,92,1.4912210262966623,0.1933034285973469,0.4177501077906013,0.0433312196784911,0.2150096183445209,0.0433312196784911,0.2150096183445209,True,0.6435614791050059,,False,,,,,,,,,,pseudobulk_de_targeted_SubclassLevel1_PT_aki_vs_ckd.csv
,targeted_SubclassLevel1_PT_aki_vs_ckd,acute kidney injury vs chronic kidney disease,ENSG00000197405,C5AR1,receptor,True,16493,133,77.58433077811284,1.2411146107536963,0.2607965361114179,1.130436278461981,0.2628758395856483,1.130436278461981,0.2628758395856483,True,1.946139585990222e-06,0.0002575307680531,True,,,,,,,,,,pseudobulk_de_targeted_SubclassLevel1_PT_aki_vs_ckd.csv
,targeted_SubclassLevel1_PT_aki_vs_ckd,acute kidney injury vs chronic kidney disease,ENSG00000134830,C5AR2,receptor,True,288,94,2.831696115737098,-0.3932126802037948,0.4873422244539048,-0.0373722405656089,0.1979569352568156,-0.0373722405656089,0.1979569352568156,True,0.419752191435472,0.6397813181640014,False,,,,,,,,,,pseudobulk_de_targeted_SubclassLevel1_PT_aki_vs_ckd.csv
,targeted_SubclassLevel1_PT_aki_vs_ckd,acute kidney injury vs chronic kidney disease,ENSG00000203710,CR1,receptor,True,455,90,3.2237542692743335,-0.6546280998969872,0.5355035399495901,-0.0463978259163291,0.2101621951105528,-0.0463978259163291,0.2101621951105528,True,0.2215362323529455,0.4461831953840598,False,,,,,,,,,,pseudobulk_de_targeted_SubclassLevel1_PT_aki_vs_ckd.csv
,targeted_SubclassLevel1_PT_aki_vs_ckd,acute kidney injury vs chronic kidney disease,ENSG00000117322,CR2,receptor,True,4395,118,18.99608012407717,-0.6340668428675905,0.4812581636973752,-0.0666300723629057,0.2338300852316507,-0.0666300723629057,0.2338300852316507,True,0.1876646690618655,0.4050305018379519,False,,,,,,,,,,pseudobulk_de_targeted_SubclassLevel1_PT_aki_vs_ckd.csv
,targeted_SubclassLevel1_PT_aki_vs_ckd,acute kidney injury vs chronic kidney disease,ENSG00000169896,ITGAM,receptor,True,695,116,4.522065934241715,-0.4023563614251322,0.3469090491329628,-0.0749146449627281,0.1995803728510498,-0.0749146449627281,0.1995803728510498,True,0.2461170423672944,0.4742999881525137,False,,,,,,,,,,pseudobulk_de_targeted_SubclassLevel1_PT_aki_vs_ckd.csv
,targeted_SubclassLevel1_PT_aki_vs_ckd,acute kidney injury vs chronic kidney disease,ENSG00000140678,ITGAX,receptor,True,298,85,2.2993756102797085,0.0281214280315772,0.5333001411807744,0.0111016489149899,0.2456537557860317,0.0111016489149899,0.2456537557860317,True,0.9579462713899316,0.980235481871666,False,,,,,,,,,,pseudobulk_de_targeted_SubclassLevel1_PT_aki_vs_ckd.csv
,targeted_SubclassLevel1_PT_aki_vs_ckd,acute kidney injury vs chronic kidney disease,ENSG00000155659,VSIG4,receptor,True,231,76,1.0928584953154623,0.1498039671258122,0.5146627812406471,0.0253762054691712,0.2009095539584858,0.0253762054691712,0.2009095539584858,True,0.7709961914766036,,False,,,,,,,,,,pseudobulk_de_targeted_SubclassLevel1_PT_aki_vs_ckd.csv
,targeted_SubclassLevel1_PT_aki_vs_ckd,acute kidney injury vs chronic kidney disease,ENSG00000117335,CD46,regulator,True,70623,133,309.687282876585,-0.0968050685179846,0.0995437478213875,-0.073026569098966,0.0926449739278959,-0.073026569098966,0.0926449739278959,True,0.330807990292853,0.5608894477776295,False,,,,,,,,,,pseudobulk_de_targeted_SubclassLevel1_PT_aki_vs_ckd.csv
,targeted_SubclassLevel1_PT_aki_vs_ckd,acute kidney injury vs chronic kidney disease,ENSG00000196352,CD55,regulator,True,5523,131,24.865347594056097,-0.1439897209608137,0.2240065059614423,-0.0543879448892234,0.1634388658094887,-0.0543879448892234,0.1634388658094887,True,0.5203586953582946,0.721153864898242,False,,,,,,,,,,pseudobulk_de_targeted_SubclassLevel1_PT_aki_vs_ckd.csv
,targeted_SubclassLevel1_PT_aki_vs_ckd,acute kidney injury vs chronic kidney disease,ENSG00000085063,CD59,regulator,True,52634,133,242.14986042745113,0.2430916287023047,0.1762714884903425,0.1388474034348936,0.1565022795601651,0.1388474034348936,0.1565022795601651,True,0.167871586003817,0.3801296202830967,False,,,,,,,,,,pseudobulk_de_targeted_SubclassLevel1_PT_aki_vs_ckd.csv
,targeted_SubclassLevel1_PT_aki_vs_ckd,acute kidney injury vs chronic kidney disease,ENSG00000000971,CFH,regulator,True,5235,123,27.677542660604367,1.439213834953189,0.4198360239666196,1.1918219021462175,0.413314998607254,1.1918219021462175,0.413314998607254,True,0.0006079604020658,0.0130165718233528,True,,,,,,,,,,pseudobulk_de_targeted_SubclassLevel1_PT_aki_vs_ckd.csv
,targeted_SubclassLevel1_PT_aki_vs_ckd,acute kidney injury vs chronic kidney disease,ENSG00000205403,CFI,regulator,True,147327,133,623.4306455372083,0.5809342414086027,0.1512415870622932,0.5094490261039124,0.1566691813071689,0.5094490261039124,0.1566691813071689,True,0.0001224836021797,0.0044464799368284,True,,,,,,,,,,pseudobulk_de_targeted_SubclassLevel1_PT_aki_vs_ckd.csv
,targeted_SubclassLevel1_PT_aki_vs_ckd,acute kidney injury vs chronic kidney disease,ENSG00000149131,SERPING1,regulator,True,13260,132,60.12792927490989,0.7704337113120884,0.2738099272464216,0.5423026791269143,0.2949824978152944,0.5423026791269143,0.2949824978152944,True,0.0048966721725906,0.0479864514725307,True,,,,,,,,,,pseudobulk_de_targeted_SubclassLevel1_PT_aki_vs_ckd.csv
,targeted_SubclassLevel1_PT_aki_vs_ckd,acute kidney injury vs chronic kidney disease,ENSG00000106804,C5,terminal,True,14616,132,61.27266364623283,0.3969665362592979,0.2050555266799848,0.2164467868469443,0.2037330097145867,0.2164467868469443,0.2037330097145867,True,0.0528802232773599,0.1967040732031065,False,,,,,,,,,,pseudobulk_de_targeted_SubclassLevel1_PT_aki_vs_ckd.csv
,targeted_SubclassLevel1_PT_aki_vs_ckd,acute kidney injury vs chronic kidney disease,ENSG00000039537,C6,terminal,True,4233,126,18.925032018871075,-0.0302023085664853,0.3654658103407412,-0.0071720681523914,0.1871554518636385,-0.0071720681523914,0.1871554518636385,True,0.9341373290249472,0.9688067328528438,False,,,,,,,,,,pseudobulk_de_targeted_SubclassLevel1_PT_aki_vs_ckd.csv
,targeted_SubclassLevel1_PT_aki_vs_ckd,acute kidney injury vs chronic kidney disease,ENSG00000112936,C7,terminal,True,12938,130,63.319926856253474,-0.7843683160345956,0.3804675163714225,-0.1224134680017569,0.2530524545791795,-0.1224134680017569,0.2530524545791795,True,0.0392467145293779,0.1665610100790544,False,,,,,,,,,,pseudobulk_de_targeted_SubclassLevel1_PT_aki_vs_ckd.csv
,targeted_SubclassLevel1_PT_aki_vs_ckd,acute kidney injury vs chronic kidney disease,ENSG00000157131,C8A,terminal,True,213,64,0.9450895959328288,-0.378164743576065,0.5453374613525616,-0.0213998324240546,0.2066627524556871,-0.0213998324240546,0.2066627524556871,True,0.4880266401534987,,False,,,,,,,,,,pseudobulk_de_targeted_SubclassLevel1_PT_aki_vs_ckd.csv
,targeted_SubclassLevel1_PT_aki_vs_ckd,acute kidney injury vs chronic kidney disease,ENSG00000021852,C8B,terminal,True,71,39,0.297894228505852,-1.0142213172076198,0.7419803219648342,-0.0523741416259239,0.2528290390008079,-0.0523741416259239,0.2528290390008079,True,0.1716530966568078,,False,,,,,,,,,,pseudobulk_de_targeted_SubclassLevel1_PT_aki_vs_ckd.csv
,targeted_SubclassLevel1_PT_aki_vs_ckd,acute kidney injury vs chronic kidney disease,ENSG00000176919,C8G,terminal,True,481,91,1.3557949164603147,1.003462029093569,0.3871312651303055,0.8151837117473821,0.4712764448772295,0.8151837117473821,0.4712764448772295,True,0.0095407026794753,,False,,,,,,,,,,pseudobulk_de_targeted_SubclassLevel1_PT_aki_vs_ckd.csv
,targeted_SubclassLevel1_PT_aki_vs_ckd,acute kidney injury vs chronic kidney disease,ENSG00000113600,C9,terminal,True,16888,130,67.71680142350885,0.3990478221171287,0.2049336826239016,0.213928302229313,0.2058733721140456,0.213928302229313,0.2058733721140456,True,0.0515102030572059,0.1937868259182597,False,,,,,,,,,,pseudobulk_de_targeted_SubclassLevel1_PT_aki_vs_ckd.csv
,targeted_SubclassLevel1_PT_aki_vs_normal,acute kidney injury vs normal,ENSG00000125730,C3,alternative,True,32241,120,197.86243336682313,2.9783288429137973,0.3833203587990524,2.8759547978925193,0.3911136406360376,2.8759547978925193,0.3911136406360376,True,7.859991842836744e-15,5.637001208697976e-12,True,,,,,,,,,,pseudobulk_de_targeted_SubclassLevel1_PT_aki_vs_normal.csv
,targeted_SubclassLevel1_PT_aki_vs_normal,acute kidney injury vs normal,ENSG00000243649,CFB,alternative,True,16787,122,81.43355956521185,1.6742310042987647,0.2700976481245676,1.5860000368257672,0.2717039847943231,1.5860000368257672,0.2717039847943231,True,5.696261872633586e-10,7.31040260538407e-08,True,,,,,,,,,,pseudobulk_de_targeted_SubclassLevel1_PT_aki_vs_normal.csv
,targeted_SubclassLevel1_PT_aki_vs_normal,acute kidney injury vs normal,ENSG00000197766,CFD,alternative,True,1351,103,6.442078631081383,1.1621554925649944,0.3706938059792203,0.8864585097907814,0.3791468607838489,0.8864585097907814,0.3791468607838489,True,0.0017180605804814,0.012819213339798,True,,,,,,,,,,pseudobulk_de_targeted_SubclassLevel1_PT_aki_vs_normal.csv
,targeted_SubclassLevel1_PT_aki_vs_normal,acute kidney injury vs normal,ENSG00000126759,CFP,alternative,True,415,91,1.57281183012177,-0.0947232503587336,0.3317665669117566,-0.0102893635309332,0.3517440857648492,-0.0102893635309332,0.3517440857648492,True,0.7752521100311637,0.8762814981858084,False,,,,,,,,,,pseudobulk_de_targeted_SubclassLevel1_PT_aki_vs_normal.csv
,targeted_SubclassLevel1_PT_aki_vs_normal,acute kidney injury vs normal,ENSG00000173372,C1QA,classical,True,2495,102,11.772238117286827,1.6992015381347407,0.372169628305762,1.5404354447487705,0.371507501196765,1.5404354447487705,0.371507501196765,True,4.9791533844305706e-06,0.0001243972091454,True,,,,,,,,,,pseudobulk_de_targeted_SubclassLevel1_PT_aki_vs_normal.csv
,targeted_SubclassLevel1_PT_aki_vs_normal,acute kidney injury vs normal,ENSG00000173369,C1QB,classical,True,1763,97,9.390141294816235,1.364052577094596,0.4393179085876381,1.0423052607173342,0.4614618671346781,1.0423052607173342,0.4614618671346781,True,0.0019032226942309,0.0138325431225416,True,,,,,,,,,,pseudobulk_de_targeted_SubclassLevel1_PT_aki_vs_normal.csv
,targeted_SubclassLevel1_PT_aki_vs_normal,acute kidney injury vs normal,ENSG00000159189,C1QC,classical,True,838,89,4.4484107660950345,1.6907248628189604,0.4063439095685852,1.546421491910588,0.3970692507341042,1.546421491910588,0.3970692507341042,True,3.1710354336519246e-05,0.0005534898211465,True,,,,,,,,,,pseudobulk_de_targeted_SubclassLevel1_PT_aki_vs_normal.csv
,targeted_SubclassLevel1_PT_aki_vs_normal,acute kidney injury vs normal,ENSG00000159403,C1R,classical,True,6939,117,31.635564969540397,1.8077717254165104,0.2785991637064965,1.7247080541551991,0.2789048354777751,1.7247080541551991,0.2789048354777751,True,8.652794142791124e-11,1.4652064748459637e-08,True,,,,,,,,,,pseudobulk_de_targeted_SubclassLevel1_PT_aki_vs_normal.csv
,targeted_SubclassLevel1_PT_aki_vs_normal,acute kidney injury vs normal,ENSG00000182326,C1S,classical,True,22506,123,85.05946403175543,0.5265878041382565,0.116673704050195,0.4926205519786608,0.1152064511270935,0.4926205519786608,0.1152064511270935,True,6.381534742830936e-06,0.0001539508667454,True,,,,,,,,,,pseudobulk_de_targeted_SubclassLevel1_PT_aki_vs_normal.csv
,targeted_SubclassLevel1_PT_aki_vs_normal,acute kidney injury vs normal,ENSG00000166278,C2,classical,True,21884,122,81.39435795321096,0.5758802667911398,0.1597463923249537,0.5104850840231122,0.1605743470825558,0.5104850840231122,0.1605743470825558,True,0.0003121941448341,0.0034259865110875,True,,,,,,,,,,pseudobulk_de_targeted_SubclassLevel1_PT_aki_vs_normal.csv
,targeted_SubclassLevel1_PT_aki_vs_normal,acute kidney injury vs normal,ENSG00000244731,C4A,classical,True,1408,106,6.163852715578817,1.164928392811515,0.3127889188713713,1.0041001249782997,0.3159141642066659,1.0041001249782997,0.3159141642066659,True,0.0001958365129536,0.00236986478008,True,,,,,,,,,,pseudobulk_de_targeted_SubclassLevel1_PT_aki_vs_normal.csv
,targeted_SubclassLevel1_PT_aki_vs_normal,acute kidney injury vs normal,ENSG00000224389,C4B,classical,True,1034,96,5.057632654882511,0.919402848350285,0.3556034669176094,0.6514485540845255,0.3528953400793573,0.6514485540845255,0.3528953400793573,True,0.0097245738027193,0.0474912893261584,True,,,,,,,,,,pseudobulk_de_targeted_SubclassLevel1_PT_aki_vs_normal.csv
,targeted_SubclassLevel1_PT_aki_vs_normal,acute kidney injury vs normal,ENSG00000123838,C4BPA,classical,True,288,72,1.4451328860026007,-0.463104036856296,0.4484774059325615,-0.1340258686033579,0.4989370294406754,-0.1340258686033579,0.4989370294406754,True,0.3017845855289554,0.5063452372901704,False,,,,,,,,,,pseudobulk_de_targeted_SubclassLevel1_PT_aki_vs_normal.csv
,targeted_SubclassLevel1_PT_aki_vs_normal,acute kidney injury vs normal,ENSG00000123843,C4BPB,classical,True,156,62,0.6930146371733972,-0.2928275280743897,0.5107024445653492,-0.0432411653654979,0.5376591415872999,-0.0432411653654979,0.5376591415872999,True,0.5663861559947625,,False,,,,,,,,,,pseudobulk_de_targeted_SubclassLevel1_PT_aki_vs_normal.csv
,targeted_SubclassLevel1_PT_aki_vs_normal,acute kidney injury vs normal,ENSG00000085265,FCN1,lectin,True,407,93,2.144704754782308,0.0901187495491193,0.3936229731294001,0.0361122686530501,0.3755791139547675,0.0361122686530501,0.3755791139547675,True,0.8189102071661363,0.9023464391858316,False,,,,,,,,,,pseudobulk_de_targeted_SubclassLevel1_PT_aki_vs_normal.csv
,targeted_SubclassLevel1_PT_aki_vs_normal,acute kidney injury vs normal,ENSG00000160339,FCN2,lectin,True,64,26,0.1434996246192257,-0.6134212857587724,0.7755747372566931,-0.0688992117697691,0.9721307243357812,-0.0688992117697691,0.9721307243357812,True,0.4289878816216852,,False,,,,,,,,,,pseudobulk_de_targeted_SubclassLevel1_PT_aki_vs_normal.csv
,targeted_SubclassLevel1_PT_aki_vs_normal,acute kidney injury vs normal,ENSG00000142748,FCN3,lectin,True,753,74,2.2351555515620083,-0.8854862704395667,0.4725787401857212,-0.2684009402698677,0.4906156659242818,-0.2684009402698677,0.4906156659242818,True,0.0609672672523163,0.1770424966869694,False,,,,,,,,,,pseudobulk_de_targeted_SubclassLevel1_PT_aki_vs_normal.csv
,targeted_SubclassLevel1_PT_aki_vs_normal,acute kidney injury vs normal,ENSG00000127241,MASP1,lectin,True,23040,123,77.36976457044409,0.2789624651677451,0.167511168667561,0.2181598263047074,0.1606736735833433,0.2181598263047074,0.1606736735833433,True,0.0958456382053399,0.2406795374427931,False,,,,,,,,,,pseudobulk_de_targeted_SubclassLevel1_PT_aki_vs_normal.csv
,targeted_SubclassLevel1_PT_aki_vs_normal,acute kidney injury vs normal,ENSG00000009724,MASP2,lectin,True,695,86,2.384427205488044,-0.0732885476339103,0.3281196000706574,-0.0222020374233899,0.2836534167542857,-0.0222020374233899,0.2836534167542857,True,0.8232559173159631,0.9050883023292406,False,,,,,,,,,,pseudobulk_de_targeted_SubclassLevel1_PT_aki_vs_normal.csv
,targeted_SubclassLevel1_PT_aki_vs_normal,acute kidney injury vs normal,ENSG00000165471,MBL2,lectin,True,20,13,0.0435408989506795,-0.3235210387796938,1.4487930269314788,-0.0213936745533336,0.8744877535106027,-0.0213936745533336,0.8744877535106027,True,0.8232990428606322,,False,,,,,,,,,,pseudobulk_de_targeted_SubclassLevel1_PT_aki_vs_normal.csv
,targeted_SubclassLevel1_PT_aki_vs_normal,acute kidney injury vs normal,ENSG00000171860,C3AR1,receptor,True,441,89,1.8861639195036632,-0.0411137300782952,0.3250771846294262,-0.0032352381147233,0.3556005663111152,-0.0032352381147233,0.3556005663111152,True,0.8993569278605529,0.9476651022830046,False,,,,,,,,,,pseudobulk_de_targeted_SubclassLevel1_PT_aki_vs_normal.csv
,targeted_SubclassLevel1_PT_aki_vs_normal,acute kidney injury vs normal,ENSG00000197405,C5AR1,receptor,True,32838,122,127.48433840849934,1.0046312597143114,0.2228375020085529,0.905962664352534,0.2291099990040718,0.905962664352534,0.2291099990040718,True,6.5331237544981635e-06,0.000157104230404,True,,,,,,,,,,pseudobulk_de_targeted_SubclassLevel1_PT_aki_vs_normal.csv
,targeted_SubclassLevel1_PT_aki_vs_normal,acute kidney injury vs normal,ENSG00000134830,C5AR2,receptor,True,543,99,3.1709985345412988,-0.8381436533280703,0.4108836057429875,-0.3386683943161724,0.433019600354329,-0.3386683943161724,0.433019600354329,True,0.0413646060440494,0.134959865018528,False,,,,,,,,,,pseudobulk_de_targeted_SubclassLevel1_PT_aki_vs_normal.csv
,targeted_SubclassLevel1_PT_aki_vs_normal,acute kidney injury vs normal,ENSG00000203710,CR1,receptor,True,1211,86,4.435339636863929,-0.3201623400291663,0.441997259147889,-0.0981912483995571,0.3037075249833584,-0.0981912483995571,0.3037075249833584,True,0.4688486308403778,0.6595593808159962,False,,,,,,,,,,pseudobulk_de_targeted_SubclassLevel1_PT_aki_vs_normal.csv
,targeted_SubclassLevel1_PT_aki_vs_normal,acute kidney injury vs normal,ENSG00000117322,CR2,receptor,True,8201,110,24.71498027186335,-0.3174482482796201,0.4315535417085624,-0.0874852857769774,0.4018909076583941,-0.0874852857769774,0.4018909076583941,True,0.4619777413026199,0.6543253510643056,False,,,,,,,,,,pseudobulk_de_targeted_SubclassLevel1_PT_aki_vs_normal.csv
,targeted_SubclassLevel1_PT_aki_vs_normal,acute kidney injury vs normal,ENSG00000169896,ITGAM,receptor,True,997,106,5.086386763971359,-0.1162625279869691,0.2981577176175034,-0.048247820177282,0.2850671914808169,-0.048247820177282,0.2850671914808169,True,0.6965836241268877,0.8255404661341448,False,,,,,,,,,,pseudobulk_de_targeted_SubclassLevel1_PT_aki_vs_normal.csv
,targeted_SubclassLevel1_PT_aki_vs_normal,acute kidney injury vs normal,ENSG00000140678,ITGAX,receptor,True,415,78,1.7977273531001992,-0.2381008214664292,0.5146786886510054,-0.0211648130761066,0.8539088676276602,-0.0211648130761066,0.8539088676276602,True,0.6436365383555649,0.7888631993597434,False,,,,,,,,,,pseudobulk_de_targeted_SubclassLevel1_PT_aki_vs_normal.csv
,targeted_SubclassLevel1_PT_aki_vs_normal,acute kidney injury vs normal,ENSG00000155659,VSIG4,receptor,True,323,70,1.4913638544654035,1.6087490563735845,0.4202974959933303,1.7046499092000214,0.4219057931438078,1.7046499092000214,0.4219057931438078,True,0.000129375861345,0.0017052437854253,True,,,,,,,,,,pseudobulk_de_targeted_SubclassLevel1_PT_aki_vs_normal.csv
,targeted_SubclassLevel1_PT_aki_vs_normal,acute kidney injury vs normal,ENSG00000117335,CD46,regulator,True,151323,123,507.2873155884595,-0.1061746653585734,0.0848729989487118,-0.0963613296320169,0.0834549678859917,-0.0963613296320169,0.0834549678859917,True,0.2109407377841542,0.4037607546076918,False,,,,,,,,,,pseudobulk_de_targeted_SubclassLevel1_PT_aki_vs_normal.csv
,targeted_SubclassLevel1_PT_aki_vs_normal,acute kidney injury vs normal,ENSG00000196352,CD55,regulator,True,12544,121,67.7424674327852,-1.2251800531281616,0.2765825760200715,-1.091921017114901,0.2896840213384292,-1.091921017114901,0.2896840213384292,True,9.436075923824178e-06,0.0002110910782812,True,,,,,,,,,,pseudobulk_de_targeted_SubclassLevel1_PT_aki_vs_normal.csv
,targeted_SubclassLevel1_PT_aki_vs_normal,acute kidney injury vs normal,ENSG00000085063,CD59,regulator,True,107658,123,427.5813644610412,-0.0140723179514356,0.1431154747599309,-0.0106273504099421,0.1444266217511617,-0.0106273504099421,0.1444266217511617,True,0.9216715147312184,0.9595268642817022,False,,,,,,,,,,pseudobulk_de_targeted_SubclassLevel1_PT_aki_vs_normal.csv
,targeted_SubclassLevel1_PT_aki_vs_normal,acute kidney injury vs normal,ENSG00000000971,CFH,regulator,True,4985,112,30.39716302755167,1.1654836500560652,0.354306516795985,0.9035044623562798,0.3736897167929603,0.9035044623562798,0.3736897167929603,True,0.0010037324409199,0.0085457443573294,True,,,,,,,,,,pseudobulk_de_targeted_SubclassLevel1_PT_aki_vs_normal.csv
,targeted_SubclassLevel1_PT_aki_vs_normal,acute kidney injury vs normal,ENSG00000205403,CFI,regulator,True,286858,123,974.1239052200284,0.8238868305329163,0.1863143844588639,0.7525890930900294,0.1832276834409145,0.7525890930900294,0.1832276834409145,True,9.778022543550302e-06,0.0002164562845373,True,,,,,,,,,,pseudobulk_de_targeted_SubclassLevel1_PT_aki_vs_normal.csv
,targeted_SubclassLevel1_PT_aki_vs_normal,acute kidney injury vs normal,ENSG00000149131,SERPING1,regulator,True,21164,121,102.30695227382265,0.4303832224812538,0.2651605921540059,0.2581157169636585,0.2544006625039606,0.2581157169636585,0.2544006625039606,True,0.1045671708921116,0.2543661108373154,False,,,,,,,,,,pseudobulk_de_targeted_SubclassLevel1_PT_aki_vs_normal.csv
,targeted_SubclassLevel1_PT_aki_vs_normal,acute kidney injury vs normal,ENSG00000106804,C5,terminal,True,23213,122,77.17067496417211,0.9130152445883524,0.1676082159018691,0.8617633514968033,0.1634083810857323,0.8617633514968033,0.1634083810857323,True,5.113500596200657e-08,3.0635773596500443e-06,True,,,,,,,,,,pseudobulk_de_targeted_SubclassLevel1_PT_aki_vs_normal.csv
,targeted_SubclassLevel1_PT_aki_vs_normal,acute kidney injury vs normal,ENSG00000039537,C6,terminal,True,23172,119,68.49737394937691,-1.5460950906521564,0.3033168420034266,-1.409023983905593,0.3240322373003476,-1.409023983905593,0.3240322373003476,True,3.4454318816609666e-07,1.4826390025730772e-05,True,,,,,,,,,,pseudobulk_de_targeted_SubclassLevel1_PT_aki_vs_normal.csv
,targeted_SubclassLevel1_PT_aki_vs_normal,acute kidney injury vs normal,ENSG00000112936,C7,terminal,True,18944,115,61.77582610698389,-0.3047490204935302,0.3395465495484915,-0.1259071688626888,0.3143124311962432,-0.1259071688626888,0.3143124311962432,True,0.369442760680004,0.5734605816042535,False,,,,,,,,,,pseudobulk_de_targeted_SubclassLevel1_PT_aki_vs_normal.csv
,targeted_SubclassLevel1_PT_aki_vs_normal,acute kidney injury vs normal,ENSG00000157131,C8A,terminal,True,588,72,1.8578678068822203,0.0195895112881511,0.4343031355260657,0.0243114375244319,0.3357020828959993,0.0243114375244319,0.3357020828959993,True,0.9640231235373136,0.9809824115157428,False,,,,,,,,,,pseudobulk_de_targeted_SubclassLevel1_PT_aki_vs_normal.csv
,targeted_SubclassLevel1_PT_aki_vs_normal,acute kidney injury vs normal,ENSG00000021852,C8B,terminal,True,287,60,1.336211142093785,-1.8364827172828613,0.5530700789658948,-1.6675294317057685,0.6262116312621779,-1.6675294317057685,0.6262116312621779,True,0.0008984849017049,0.0078077889676314,True,,,,,,,,,,pseudobulk_de_targeted_SubclassLevel1_PT_aki_vs_normal.csv
,targeted_SubclassLevel1_PT_aki_vs_normal,acute kidney injury vs normal,ENSG00000176919,C8G,terminal,True,751,91,2.146018359979138,0.8180474638487785,0.362804350399827,0.5912134063460034,0.3689877562627663,0.5912134063460034,0.3689877562627663,True,0.0241465405058614,0.0925769251092649,False,,,,,,,,,,pseudobulk_de_targeted_SubclassLevel1_PT_aki_vs_normal.csv
,targeted_SubclassLevel1_PT_aki_vs_normal,acute kidney injury vs normal,ENSG00000113600,C9,terminal,True,32089,120,102.44288451351824,0.7561041507857599,0.2131693432386434,0.6544483276143366,0.2105574387124068,0.6544483276143366,0.2105574387124068,True,0.0003896966974692,0.0040591047719303,True,,,,,,,,,,pseudobulk_de_targeted_SubclassLevel1_PT_aki_vs_normal.csv
,targeted_SubclassLevel1_PT_ckd_vs_normal,chronic kidney disease vs normal,ENSG00000125730,C3,alternative,True,26470,173,82.37486331911043,0.9382251399799716,0.4326704062729415,0.0521216892760294,0.1950698471673491,0.0521216892760294,0.1950698471673491,True,0.0301242897198041,0.2689572234624671,False,,,,,,,,,,pseudobulk_de_targeted_SubclassLevel1_PT_ckd_vs_normal.csv
,targeted_SubclassLevel1_PT_ckd_vs_normal,chronic kidney disease vs normal,ENSG00000243649,CFB,alternative,True,14965,173,38.27130814221784,0.1261759035459987,0.3194824527451803,0.010047506764574,0.1675499461705341,0.010047506764574,0.1675499461705341,True,0.6928883154113222,0.9060917620315816,False,,,,,,,,,,pseudobulk_de_targeted_SubclassLevel1_PT_ckd_vs_normal.csv
,targeted_SubclassLevel1_PT_ckd_vs_normal,chronic kidney disease vs normal,ENSG00000197766,CFD,alternative,True,1436,143,4.686505246866026,0.4067116315529153,0.4083386774860025,0.0148851754307987,0.2301853751519072,0.0148851754307987,0.2301853751519072,True,0.3192426385015637,0.7224506629422749,False,,,,,,,,,,pseudobulk_de_targeted_SubclassLevel1_PT_ckd_vs_normal.csv
,targeted_SubclassLevel1_PT_ckd_vs_normal,chronic kidney disease vs normal,ENSG00000126759,CFP,alternative,True,500,122,1.5598563995635288,0.4885371915044745,0.3829809850837077,0.0202291852454906,0.2655432708430214,0.0202291852454906,0.2655432708430214,True,0.2020908158297641,,False,,,,,,,,,,pseudobulk_de_targeted_SubclassLevel1_PT_ckd_vs_normal.csv
,targeted_SubclassLevel1_PT_ckd_vs_normal,chronic kidney disease vs normal,ENSG00000173372,C1QA,classical,True,2658,150,6.885560360885975,0.1004943782634096,0.3880920708612562,0.005127322144247,0.1821890932607849,0.005127322144247,0.1821890932607849,True,0.7956779215675958,0.9420410373504848,False,,,,,,,,,,pseudobulk_de_targeted_SubclassLevel1_PT_ckd_vs_normal.csv
,targeted_SubclassLevel1_PT_ckd_vs_normal,chronic kidney disease vs normal,ENSG00000173369,C1QB,classical,True,1863,134,5.461764223567913,-0.5455998386223575,0.477790233677515,-0.019534680476809,0.2204438833390638,-0.019534680476809,0.2204438833390638,True,0.2534858693564257,0.6682074397271375,False,,,,,,,,,,pseudobulk_de_targeted_SubclassLevel1_PT_ckd_vs_normal.csv
,targeted_SubclassLevel1_PT_ckd_vs_normal,chronic kidney disease vs normal,ENSG00000159189,C1QC,classical,True,954,118,2.5762027883233496,0.1255941677066904,0.4669117455805298,0.0024553236061082,0.1761998356165802,0.0024553236061082,0.1761998356165802,True,0.7879380747325362,0.9394624473226284,False,,,,,,,,,,pseudobulk_de_targeted_SubclassLevel1_PT_ckd_vs_normal.csv
,targeted_SubclassLevel1_PT_ckd_vs_normal,chronic kidney disease vs normal,ENSG00000159403,C1R,classical,True,7379,166,17.933936413128084,0.0315618012336266,0.3358458890539109,0.0019890840176145,0.1876994870163555,0.0019890840176145,0.1876994870163555,True,0.9251273985421722,0.979821345986037,False,,,,,,,,,,pseudobulk_de_targeted_SubclassLevel1_PT_ckd_vs_normal.csv
,targeted_SubclassLevel1_PT_ckd_vs_normal,chronic kidney disease vs normal,ENSG00000182326,C1S,classical,True,25152,174,59.14743373822246,0.1297387008614562,0.1483853464676947,0.0363156118622334,0.1342937251868241,0.0363156118622334,0.1342937251868241,True,0.3819351141413539,0.7615487280126914,False,,,,,,,,,,pseudobulk_de_targeted_SubclassLevel1_PT_ckd_vs_normal.csv
,targeted_SubclassLevel1_PT_ckd_vs_normal,chronic kidney disease vs normal,ENSG00000166278,C2,classical,True,23332,173,51.1557453433208,0.0230591087387973,0.1597954881379489,0.0057144759017316,0.1340058312567396,0.0057144759017316,0.1340058312567396,True,0.8852605155983668,0.9689526902326512,False,,,,,,,,,,pseudobulk_de_targeted_SubclassLevel1_PT_ckd_vs_normal.csv
,targeted_SubclassLevel1_PT_ckd_vs_normal,chronic kidney disease vs normal,ENSG00000244731,C4A,classical,True,1435,142,3.247657232969977,-0.092722129378005,0.3373691700683713,-0.0093242262695046,0.1916140701148774,-0.0093242262695046,0.1916140701148774,True,0.7834401067514234,0.9388078558784736,False,,,,,,,,,,pseudobulk_de_targeted_SubclassLevel1_PT_ckd_vs_normal.csv
,targeted_SubclassLevel1_PT_ckd_vs_normal,chronic kidney disease vs normal,ENSG00000224389,C4B,classical,True,1035,123,2.6570595791417992,-0.4462181176248866,0.4367799198933075,-0.022398654613677,0.1964942187322542,-0.022398654613677,0.1964942187322542,True,0.3069661909417318,0.7143170712540768,False,,,,,,,,,,pseudobulk_de_targeted_SubclassLevel1_PT_ckd_vs_normal.csv
,targeted_SubclassLevel1_PT_ckd_vs_normal,chronic kidney disease vs normal,ENSG00000123838,C4BPA,classical,True,382,102,1.1640944667827664,0.1644170309907149,0.4734209287558569,0.0007210095476795,0.2281364297380545,0.0007210095476795,0.2281364297380545,True,0.7283692155742358,,False,,,,,,,,,,pseudobulk_de_targeted_SubclassLevel1_PT_ckd_vs_normal.csv
,targeted_SubclassLevel1_PT_ckd_vs_normal,chronic kidney disease vs normal,ENSG00000123843,C4BPB,classical,True,202,84,0.6013252394135099,0.302472530370343,0.5492899947958304,0.002528920325512,0.2797867486057868,0.002528920325512,0.2797867486057868,True,0.5818661434682713,,False,,,,,,,,,,pseudobulk_de_targeted_SubclassLevel1_PT_ckd_vs_normal.csv
,targeted_SubclassLevel1_PT_ckd_vs_normal,chronic kidney disease vs normal,ENSG00000085265,FCN1,lectin,True,509,127,2.354632410707277,0.5641714397579125,0.4889631733873575,0.0145966386647769,0.218456394412827,0.0145966386647769,0.218456394412827,True,0.2485773684468848,0.663992279058808,False,,,,,,,,,,pseudobulk_de_targeted_SubclassLevel1_PT_ckd_vs_normal.csv
,targeted_SubclassLevel1_PT_ckd_vs_normal,chronic kidney disease vs normal,ENSG00000160339,FCN2,lectin,True,74,33,0.128095409638593,-0.2116659403848362,0.8761399679342519,-0.007790984056637,0.3325616719086061,-0.007790984056637,0.3325616719086061,True,0.8090985033814284,,False,,,,,,,,,,pseudobulk_de_targeted_SubclassLevel1_PT_ckd_vs_normal.csv
,targeted_SubclassLevel1_PT_ckd_vs_normal,chronic kidney disease vs normal,ENSG00000142748,FCN3,lectin,True,849,108,1.7306043879733308,-0.8186840994914493,0.5254100820799229,-0.0245640476215309,0.2073608261090065,-0.0245640476215309,0.2073608261090065,True,0.1191903059867337,,False,,,,,,,,,,pseudobulk_de_targeted_SubclassLevel1_PT_ckd_vs_normal.csv
,targeted_SubclassLevel1_PT_ckd_vs_normal,chronic kidney disease vs normal,ENSG00000127241,MASP1,lectin,True,29862,176,77.86992464795199,0.5638876037039161,0.1790135092979648,0.4305944062554447,0.1778476371187234,0.4305944062554447,0.1778476371187234,True,0.0016328591817627,0.0497859514684462,True,,,,,,,,,,pseudobulk_de_targeted_SubclassLevel1_PT_ckd_vs_normal.csv
,targeted_SubclassLevel1_PT_ckd_vs_normal,chronic kidney disease vs normal,ENSG00000009724,MASP2,lectin,True,874,126,2.257877407004103,-0.0976056181105067,0.3454317462579307,-0.0113550073852195,0.2180187925587123,-0.0113550073852195,0.2180187925587123,True,0.7775132057814118,,False,,,,,,,,,,pseudobulk_de_targeted_SubclassLevel1_PT_ckd_vs_normal.csv
,targeted_SubclassLevel1_PT_ckd_vs_normal,chronic kidney disease vs normal,ENSG00000165471,MBL2,lectin,True,27,20,0.0592444615410631,-0.2790475053509714,1.4245076339763174,-0.0048648767453109,0.4120080682180105,-0.0048648767453109,0.4120080682180105,True,0.8446958771421755,,False,,,,,,,,,,pseudobulk_de_targeted_SubclassLevel1_PT_ckd_vs_normal.csv
,targeted_SubclassLevel1_PT_ckd_vs_normal,chronic kidney disease vs normal,ENSG00000171860,C3AR1,receptor,True,526,121,1.6155727782250395,-0.0244950146957509,0.3799732082406437,-0.004558867718927,0.2041014616039007,-0.004558867718927,0.2041014616039007,True,0.948599887428346,,False,,,,,,,,,,pseudobulk_de_targeted_SubclassLevel1_PT_ckd_vs_normal.csv
,targeted_SubclassLevel1_PT_ckd_vs_normal,chronic kidney disease vs normal,ENSG00000197405,C5AR1,receptor,True,31427,175,73.34796726624752,-0.1992524652548616,0.26624850021976,-0.0197846345707604,0.2153404608085611,-0.0197846345707604,0.2153404608085611,True,0.4542368424686391,0.8014011765500737,False,,,,,,,,,,pseudobulk_de_targeted_SubclassLevel1_PT_ckd_vs_normal.csv
,targeted_SubclassLevel1_PT_ckd_vs_normal,chronic kidney disease vs normal,ENSG00000134830,C5AR2,receptor,True,675,137,3.605840354586391,0.0883693367737316,0.4786910743785837,0.0004350512488722,0.5231712232863265,0.0004350512488722,0.5231712232863265,True,0.8535379282740205,0.9593639679692664,False,,,,,,,,,,pseudobulk_de_targeted_SubclassLevel1_PT_ckd_vs_normal.csv
,targeted_SubclassLevel1_PT_ckd_vs_normal,chronic kidney disease vs normal,ENSG00000203710,CR1,receptor,True,1470,132,3.9856675590003343,-0.5134148706528299,0.4576284727069921,-0.0180440770389222,0.263673485394083,-0.0180440770389222,0.263673485394083,True,0.2619035788417726,0.6760664144612593,False,,,,,,,,,,pseudobulk_de_targeted_SubclassLevel1_PT_ckd_vs_normal.csv
,targeted_SubclassLevel1_PT_ckd_vs_normal,chronic kidney disease vs normal,ENSG00000117322,CR2,receptor,True,10970,150,22.568599370107396,0.3175520844266318,0.4969107731285542,0.0099166931116091,0.2386888823991314,0.0099166931116091,0.2386888823991314,True,0.5227887626195027,0.8368944740490336,False,,,,,,,,,,pseudobulk_de_targeted_SubclassLevel1_PT_ckd_vs_normal.csv
,targeted_SubclassLevel1_PT_ckd_vs_normal,chronic kidney disease vs normal,ENSG00000169896,ITGAM,receptor,True,1348,150,5.172716546126412,0.6022781040070906,0.3592739792725753,0.0321648317473355,0.2746110886474872,0.0321648317473355,0.2746110886474872,True,0.093664660732583,0.4565149070222102,False,,,,,,,,,,pseudobulk_de_targeted_SubclassLevel1_PT_ckd_vs_normal.csv
,targeted_SubclassLevel1_PT_ckd_vs_normal,chronic kidney disease vs normal,ENSG00000140678,ITGAX,receptor,True,543,117,2.3474848820468415,-0.1031040162711894,0.5327417453373802,-0.0050913516620687,0.2561565964691445,-0.0050913516620687,0.2561565964691445,True,0.8465402295124271,0.9573338479011234,False,,,,,,,,,,pseudobulk_de_targeted_SubclassLevel1_PT_ckd_vs_normal.csv
,targeted_SubclassLevel1_PT_ckd_vs_normal,chronic kidney disease vs normal,ENSG00000155659,VSIG4,receptor,True,362,92,0.8947150538548044,0.7139944943687497,0.506601396078001,0.0229222106449929,0.1978144940988137,0.0229222106449929,0.1978144940988137,True,0.1587224737168799,,False,,,,,,,,,,pseudobulk_de_targeted_SubclassLevel1_PT_ckd_vs_normal.csv
,targeted_SubclassLevel1_PT_ckd_vs_normal,chronic kidney disease vs normal,ENSG00000117335,CD46,regulator,True,172000,176,380.8949364486274,-0.1792536997552112,0.0992655898252478,-0.1107636361737298,0.095220587579954,-0.1107636361737298,0.095220587579954,True,0.0709497465962143,0.4016518210778011,False,,,,,,,,,,pseudobulk_de_targeted_SubclassLevel1_PT_ckd_vs_normal.csv
,targeted_SubclassLevel1_PT_ckd_vs_normal,chronic kidney disease vs normal,ENSG00000196352,CD55,regulator,True,14975,172,45.29027255024065,-1.2750443655322137,0.2946405539086091,-1.146313920438676,0.2802487157568387,-1.146313920438676,0.2802487157568387,True,1.5084069282263749e-05,0.0020355302436092,True,,,,,,,,,,pseudobulk_de_targeted_SubclassLevel1_PT_ckd_vs_normal.csv
,targeted_SubclassLevel1_PT_ckd_vs_normal,chronic kidney disease vs normal,ENSG00000085063,CD59,regulator,True,115952,176,291.4655691756524,-0.1462718410815495,0.1660724501953511,-0.0361643703015589,0.1469078120050288,-0.0361643703015589,0.1469078120050288,True,0.3784416386739074,0.7600074953869803,False,,,,,,,,,,pseudobulk_de_targeted_SubclassLevel1_PT_ckd_vs_normal.csv
,targeted_SubclassLevel1_PT_ckd_vs_normal,chronic kidney disease vs normal,ENSG00000000971,CFH,regulator,True,6612,167,22.403092630197055,0.5847843950605874,0.3504511217479326,0.0357152248643495,0.2293277811169291,0.0357152248643495,0.2293277811169291,True,0.0951844263080772,0.459200854808291,False,,,,,,,,,,pseudobulk_de_targeted_SubclassLevel1_PT_ckd_vs_normal.csv
,targeted_SubclassLevel1_PT_ckd_vs_normal,chronic kidney disease vs normal,ENSG00000205403,CFI,regulator,True,307761,176,620.2003484660003,-0.0298932814288046,0.1803834504543791,-0.0062113034384857,0.1462826475539238,-0.0062113034384857,0.1462826475539238,True,0.8683767125187738,0.96421915800543,False,,,,,,,,,,pseudobulk_de_targeted_SubclassLevel1_PT_ckd_vs_normal.csv
,targeted_SubclassLevel1_PT_ckd_vs_normal,chronic kidney disease vs normal,ENSG00000149131,SERPING1,regulator,True,22268,173,64.8993655874469,-0.1582995836595476,0.3060951834825209,-0.0141312630022187,0.1663902654541388,-0.0141312630022187,0.1663902654541388,True,0.6050458437271539,0.8760989160942282,False,,,,,,,,,,pseudobulk_de_targeted_SubclassLevel1_PT_ckd_vs_normal.csv
,targeted_SubclassLevel1_PT_ckd_vs_normal,chronic kidney disease vs normal,ENSG00000106804,C5,terminal,True,27535,174,58.954166716422286,0.2206195401312801,0.205356245197078,0.0362877612146727,0.1646036651144797,0.0362877612146727,0.1646036651144797,True,0.2826766250392188,0.6939693717054066,False,,,,,,,,,,pseudobulk_de_targeted_SubclassLevel1_PT_ckd_vs_normal.csv
,targeted_SubclassLevel1_PT_ckd_vs_normal,chronic kidney disease vs normal,ENSG00000039537,C6,terminal,True,24465,165,41.174807723002495,-0.8851879876742427,0.3729214705964064,-0.0622795650786897,0.3168643288744444,-0.0622795650786897,0.3168643288744444,True,0.0176128614174214,0.2021164673319089,False,,,,,,,,,,pseudobulk_de_targeted_SubclassLevel1_PT_ckd_vs_normal.csv
,targeted_SubclassLevel1_PT_ckd_vs_normal,chronic kidney disease vs normal,ENSG00000112936,C7,terminal,True,27080,169,72.10519325578844,0.0441936809489221,0.3266087722292483,0.002816576510279,0.2129474399140808,0.002816576510279,0.2129474399140808,True,0.8923661786602379,0.9711337949305976,False,,,,,,,,,,pseudobulk_de_targeted_SubclassLevel1_PT_ckd_vs_normal.csv
,targeted_SubclassLevel1_PT_ckd_vs_normal,chronic kidney disease vs normal,ENSG00000157131,C8A,terminal,True,625,94,1.2059401981430784,-0.4399360860049302,0.5163383656001048,-0.0169069732097653,0.1681644146901718,-0.0169069732097653,0.1681644146901718,True,0.3941971100799956,,False,,,,,,,,,,pseudobulk_de_targeted_SubclassLevel1_PT_ckd_vs_normal.csv
,targeted_SubclassLevel1_PT_ckd_vs_normal,chronic kidney disease vs normal,ENSG00000021852,C8B,terminal,True,328,79,0.8296954852630885,-0.8118241279686167,0.5961281390286498,-0.0210699884203489,0.2396092256836655,-0.0210699884203489,0.2396092256836655,True,0.1732521004877257,,False,,,,,,,,,,pseudobulk_de_targeted_SubclassLevel1_PT_ckd_vs_normal.csv
,targeted_SubclassLevel1_PT_ckd_vs_normal,chronic kidney disease vs normal,ENSG00000176919,C8G,terminal,True,536,118,1.2753197812651398,-0.1701047915821018,0.440124394322712,-0.0100202535619718,0.1866842882656644,-0.0100202535619718,0.1866842882656644,True,0.699131932332546,,False,,,,,,,,,,pseudobulk_de_targeted_SubclassLevel1_PT_ckd_vs_normal.csv
,targeted_SubclassLevel1_PT_ckd_vs_normal,chronic kidney disease vs normal,ENSG00000113600,C9,terminal,True,36119,170,68.69077898410065,-0.1013803934492569,0.2184628082261381,-0.0143017405746568,0.1745129947245467,-0.0143017405746568,0.1745129947245467,True,0.642602979277092,0.8896257438481123,False,,,,,,,,,,pseudobulk_de_targeted_SubclassLevel1_PT_ckd_vs_normal.csv
,targeted_SubclassLevel1_TAL_aki_vs_ckd,acute kidney injury vs chronic kidney disease,ENSG00000125730,C3,alternative,True,5777,124,29.467673912158848,2.6088557712008207,0.4322010579792292,2.441628794616296,0.4535470497478212,2.441628794616296,0.4535470497478212,True,1.5777720707218714e-09,6.977109514443273e-07,True,,,,,,,,,,pseudobulk_de_targeted_SubclassLevel1_TAL_aki_vs_ckd.csv
,targeted_SubclassLevel1_TAL_aki_vs_ckd,acute kidney injury vs chronic kidney disease,ENSG00000243649,CFB,alternative,True,2444,121,10.799866569003266,1.6579536219430393,0.3736718984564731,1.460698633775144,0.4100693970609733,1.460698633775144,0.4100693970609733,True,9.12537118207456e-06,0.000437868163218,True,,,,,,,,,,pseudobulk_de_targeted_SubclassLevel1_TAL_aki_vs_ckd.csv
,targeted_SubclassLevel1_TAL_aki_vs_ckd,acute kidney injury vs chronic kidney disease,ENSG00000197766,CFD,alternative,True,953,107,4.14741371684765,-0.3031133697376552,0.3683739942829377,-0.0598828768138218,0.2084923603178095,-0.0598828768138218,0.2084923603178095,True,0.4105981956087099,0.6718320545750033,False,,,,,,,,,,pseudobulk_de_targeted_SubclassLevel1_TAL_aki_vs_ckd.csv
,targeted_SubclassLevel1_TAL_aki_vs_ckd,acute kidney injury vs chronic kidney disease,ENSG00000126759,CFP,alternative,True,213,93,1.4469246118700143,0.132904655392977,0.4403990542840717,0.0318645782510022,0.2118276778672259,0.0318645782510022,0.2118276778672259,True,0.7628179972460131,0.8987250867162369,False,,,,,,,,,,pseudobulk_de_targeted_SubclassLevel1_TAL_aki_vs_ckd.csv
,targeted_SubclassLevel1_TAL_aki_vs_ckd,acute kidney injury vs chronic kidney disease,ENSG00000173372,C1QA,classical,True,1148,106,5.402287308345063,0.7110582438073355,0.4758432212362271,0.0940506091398533,0.2500332562772453,0.0940506091398533,0.2500332562772453,True,0.1350940856158136,0.3690068551625064,False,,,,,,,,,,pseudobulk_de_targeted_SubclassLevel1_TAL_aki_vs_ckd.csv
,targeted_SubclassLevel1_TAL_aki_vs_ckd,acute kidney injury vs chronic kidney disease,ENSG00000173369,C1QB,classical,True,898,84,3.2867080513749936,0.92373143746657,0.5525279433880524,0.1038907206755139,0.2728486712630986,0.1038907206755139,0.2728486712630986,True,0.0945583326892056,0.2972748847208363,False,,,,,,,,,,pseudobulk_de_targeted_SubclassLevel1_TAL_aki_vs_ckd.csv
,targeted_SubclassLevel1_TAL_aki_vs_ckd,acute kidney injury vs chronic kidney disease,ENSG00000159189,C1QC,classical,True,372,64,1.8544047618609591,0.2348455819995381,0.631206955494192,0.0196841857742921,0.2242313837323667,0.0196841857742921,0.2242313837323667,True,0.7098496844859424,0.8702615055710117,False,,,,,,,,,,pseudobulk_de_targeted_SubclassLevel1_TAL_aki_vs_ckd.csv
,targeted_SubclassLevel1_TAL_aki_vs_ckd,acute kidney injury vs chronic kidney disease,ENSG00000159403,C1R,classical,True,3504,121,12.500797491805688,0.744386105850397,0.3974348574124664,0.1258908808164417,0.2670654878872818,0.1258908808164417,0.2670654878872818,True,0.0610716448787258,0.2284580754426633,False,,,,,,,,,,pseudobulk_de_targeted_SubclassLevel1_TAL_aki_vs_ckd.csv
,targeted_SubclassLevel1_TAL_aki_vs_ckd,acute kidney injury vs chronic kidney disease,ENSG00000182326,C1S,classical,True,11401,131,44.9150499348792,0.0985908564295022,0.1230219730625502,0.0711758491497161,0.1105674692940613,0.0711758491497161,0.1105674692940613,True,0.4228951887289991,0.6826229887032865,False,,,,,,,,,,pseudobulk_de_targeted_SubclassLevel1_TAL_aki_vs_ckd.csv
,targeted_SubclassLevel1_TAL_aki_vs_ckd,acute kidney injury vs chronic kidney disease,ENSG00000166278,C2,classical,True,5154,127,23.2060024309853,-0.4808143807775349,0.1402592242530756,-0.413243889153865,0.1429796457676009,-0.413243889153865,0.1429796457676009,True,0.0006079534855672,0.0096558408608007,True,,,,,,,,,,pseudobulk_de_targeted_SubclassLevel1_TAL_aki_vs_ckd.csv
,targeted_SubclassLevel1_TAL_aki_vs_ckd,acute kidney injury vs chronic kidney disease,ENSG00000244731,C4A,classical,True,84,43,0.4477069137043668,1.2080874528524457,0.7025364205124605,0.1082052581188643,0.2624741744612204,0.1082052581188643,0.2624741744612204,True,0.0855036682203391,,False,,,,,,,,,,pseudobulk_de_targeted_SubclassLevel1_TAL_aki_vs_ckd.csv
,targeted_SubclassLevel1_TAL_aki_vs_ckd,acute kidney injury vs chronic kidney disease,ENSG00000224389,C4B,classical,True,45,30,0.2371587867388255,-0.0353569587602809,0.8971121328203706,-0.0209213316405888,0.2072662247148094,-0.0209213316405888,0.2072662247148094,True,0.9685619346056236,,False,,,,,,,,,,pseudobulk_de_targeted_SubclassLevel1_TAL_aki_vs_ckd.csv
,targeted_SubclassLevel1_TAL_aki_vs_ckd,acute kidney injury vs chronic kidney disease,ENSG00000123838,C4BPA,classical,True,557,98,2.5864698369619874,0.4269309489963577,0.422202249610371,0.0740499421592206,0.2176837366947929,0.0740499421592206,0.2176837366947929,True,0.3119206770570828,0.5841420452121208,False,,,,,,,,,,pseudobulk_de_targeted_SubclassLevel1_TAL_aki_vs_ckd.csv
,targeted_SubclassLevel1_TAL_aki_vs_ckd,acute kidney injury vs chronic kidney disease,ENSG00000123843,C4BPB,classical,True,118,56,0.3970659327088309,-0.0361466682163818,0.570339520784265,-0.0070902004654137,0.2033164456632164,-0.0070902004654137,0.2033164456632164,True,0.9494659381959552,,False,,,,,,,,,,pseudobulk_de_targeted_SubclassLevel1_TAL_aki_vs_ckd.csv
,targeted_SubclassLevel1_TAL_aki_vs_ckd,acute kidney injury vs chronic kidney disease,ENSG00000085265,FCN1,lectin,True,169,70,1.0316249029159832,0.7803319303492928,0.5308115593039185,0.1339814962180349,0.2936743425305768,0.1339814962180349,0.2936743425305768,True,0.1415418876204026,,False,,,,,,,,,,pseudobulk_de_targeted_SubclassLevel1_TAL_aki_vs_ckd.csv
,targeted_SubclassLevel1_TAL_aki_vs_ckd,acute kidney injury vs chronic kidney disease,ENSG00000160339,FCN2,lectin,False,10,10,,,,,,,,,,,False,,,,,,,,,,pseudobulk_de_targeted_SubclassLevel1_TAL_aki_vs_ckd.csv
,targeted_SubclassLevel1_TAL_aki_vs_ckd,acute kidney injury vs chronic kidney disease,ENSG00000142748,FCN3,lectin,True,146,63,1.0310571384276952,0.0888510009115927,0.6321133308346278,0.021155046213937,0.2440521431375644,0.021155046213937,0.2440521431375644,True,0.8882161110763712,,False,,,,,,,,,,pseudobulk_de_targeted_SubclassLevel1_TAL_aki_vs_ckd.csv
,targeted_SubclassLevel1_TAL_aki_vs_ckd,acute kidney injury vs chronic kidney disease,ENSG00000127241,MASP1,lectin,True,242,83,2.132238788504306,0.5139666431978847,0.5579801049807668,0.0688134454907037,0.2440683339365814,0.0688134454907037,0.2440683339365814,True,0.3569877711448282,0.6270289728280327,False,,,,,,,,,,pseudobulk_de_targeted_SubclassLevel1_TAL_aki_vs_ckd.csv
,targeted_SubclassLevel1_TAL_aki_vs_ckd,acute kidney injury vs chronic kidney disease,ENSG00000009724,MASP2,lectin,True,633,104,2.6968065944898285,-0.1704555083190849,0.3600723196925117,-0.0324097906060055,0.1872427000438091,-0.0324097906060055,0.1872427000438091,True,0.6359332337178483,0.8264905158574136,False,,,,,,,,,,pseudobulk_de_targeted_SubclassLevel1_TAL_aki_vs_ckd.csv
,targeted_SubclassLevel1_TAL_aki_vs_ckd,acute kidney injury vs chronic kidney disease,ENSG00000165471,MBL2,lectin,False,10,8,,,,,,,,,,,False,,,,,,,,,,pseudobulk_de_targeted_SubclassLevel1_TAL_aki_vs_ckd.csv
,targeted_SubclassLevel1_TAL_aki_vs_ckd,acute kidney injury vs chronic kidney disease,ENSG00000171860,C3AR1,receptor,True,209,71,1.1031883752189815,-0.0934718474387923,0.4701329775527791,-0.0150145804054052,0.2066952343036523,-0.0150145804054052,0.2066952343036523,True,0.8424035358594382,,False,,,,,,,,,,pseudobulk_de_targeted_SubclassLevel1_TAL_aki_vs_ckd.csv
,targeted_SubclassLevel1_TAL_aki_vs_ckd,acute kidney injury vs chronic kidney disease,ENSG00000197405,C5AR1,receptor,True,22769,131,108.1058371739898,0.0575282552771448,0.2220600799516159,0.0252955492004316,0.1644883797049242,0.0252955492004316,0.1644883797049242,True,0.7955841833782493,0.9136082707301416,False,,,,,,,,,,pseudobulk_de_targeted_SubclassLevel1_TAL_aki_vs_ckd.csv
,targeted_SubclassLevel1_TAL_aki_vs_ckd,acute kidney injury vs chronic kidney disease,ENSG00000134830,C5AR2,receptor,True,1960,121,8.683225049335926,-0.6743979012770466,0.2355353929810334,-0.5065247280185863,0.2490681542899174,-0.5065247280185863,0.2490681542899174,True,0.0041931289861882,0.0386645931006814,True,,,,,,,,,,pseudobulk_de_targeted_SubclassLevel1_TAL_aki_vs_ckd.csv
,targeted_SubclassLevel1_TAL_aki_vs_ckd,acute kidney injury vs chronic kidney disease,ENSG00000203710,CR1,receptor,True,306,67,1.5659277573354102,-1.1015105468579578,0.651506191595159,-0.0925860914735559,0.2825493494613169,-0.0925860914735559,0.2825493494613169,True,0.0908914662184899,0.2903102180828449,False,,,,,,,,,,pseudobulk_de_targeted_SubclassLevel1_TAL_aki_vs_ckd.csv
,targeted_SubclassLevel1_TAL_aki_vs_ckd,acute kidney injury vs chronic kidney disease,ENSG00000117322,CR2,receptor,True,166,64,0.97840145823249,-1.0092396316019023,0.6548543190701516,-0.1038282915499959,0.2624379300253345,-0.1038282915499959,0.2624379300253345,True,0.1232762340044596,,False,,,,,,,,,,pseudobulk_de_targeted_SubclassLevel1_TAL_aki_vs_ckd.csv
,targeted_SubclassLevel1_TAL_aki_vs_ckd,acute kidney injury vs chronic kidney disease,ENSG00000169896,ITGAM,receptor,True,286,94,2.355637061463174,-0.589476005922887,0.4652641228268161,-0.0826944600142261,0.2334952759788585,-0.0826944600142261,0.2334952759788585,True,0.205165770960144,0.4653678253449342,False,,,,,,,,,,pseudobulk_de_targeted_SubclassLevel1_TAL_aki_vs_ckd.csv
,targeted_SubclassLevel1_TAL_aki_vs_ckd,acute kidney injury vs chronic kidney disease,ENSG00000140678,ITGAX,receptor,True,130,58,0.8717213323504888,-0.7154773393352202,0.7242553267823201,-0.0614145574838142,0.2576444737476476,-0.0614145574838142,0.2576444737476476,True,0.3232114302123595,,False,,,,,,,,,,pseudobulk_de_targeted_SubclassLevel1_TAL_aki_vs_ckd.csv
,targeted_SubclassLevel1_TAL_aki_vs_ckd,acute kidney injury vs chronic kidney disease,ENSG00000155659,VSIG4,receptor,True,138,48,0.5065451164950391,0.1723219586796052,0.7399923813022313,0.023769968726751,0.2376931459813757,0.023769968726751,0.2376931459813757,True,0.8158624250678204,,False,,,,,,,,,,pseudobulk_de_targeted_SubclassLevel1_TAL_aki_vs_ckd.csv
,targeted_SubclassLevel1_TAL_aki_vs_ckd,acute kidney injury vs chronic kidney disease,ENSG00000117335,CD46,regulator,True,81077,131,316.9799013989457,-0.2089320263347497,0.1416403595320119,-0.1428669267030528,0.1332616117493494,-0.1428669267030528,0.1332616117493494,True,0.1401888260974982,0.3775180826134235,False,,,,,,,,,,pseudobulk_de_targeted_SubclassLevel1_TAL_aki_vs_ckd.csv
,targeted_SubclassLevel1_TAL_aki_vs_ckd,acute kidney injury vs chronic kidney disease,ENSG00000196352,CD55,regulator,True,13027,130,59.50552748122956,0.1593155175728718,0.1951682079742727,0.0842758693935253,0.1492466836579837,0.0842758693935253,0.1492466836579837,True,0.4143294257865501,0.6745063668479405,False,,,,,,,,,,pseudobulk_de_targeted_SubclassLevel1_TAL_aki_vs_ckd.csv
,targeted_SubclassLevel1_TAL_aki_vs_ckd,acute kidney injury vs chronic kidney disease,ENSG00000085063,CD59,regulator,True,90104,131,332.8465752332844,0.2098655886683506,0.2110993909382622,0.0946343987478037,0.1746904650631181,0.0946343987478037,0.1746904650631181,True,0.3201472424047997,0.5915207987481786,False,,,,,,,,,,pseudobulk_de_targeted_SubclassLevel1_TAL_aki_vs_ckd.csv
,targeted_SubclassLevel1_TAL_aki_vs_ckd,acute kidney injury vs chronic kidney disease,ENSG00000000971,CFH,regulator,True,1417,99,7.253862316341376,0.4065209304237266,0.5715882392174075,0.0318458095006383,0.225354358178043,0.0318458095006383,0.225354358178043,True,0.476952314585142,0.7223208412191767,False,,,,,,,,,,pseudobulk_de_targeted_SubclassLevel1_TAL_aki_vs_ckd.csv
,targeted_SubclassLevel1_TAL_aki_vs_ckd,acute kidney injury vs chronic kidney disease,ENSG00000205403,CFI,regulator,True,56630,130,214.45888957195527,1.024193130630056,0.1702845437112385,0.9672383310849234,0.1758409391716195,0.9672383310849234,0.1758409391716195,True,1.803332894747839e-09,7.496094176887817e-07,True,,,,,,,,,,pseudobulk_de_targeted_SubclassLevel1_TAL_aki_vs_ckd.csv
,targeted_SubclassLevel1_TAL_aki_vs_ckd,acute kidney injury vs chronic kidney disease,ENSG00000149131,SERPING1,regulator,True,31084,130,100.03132625888615,1.107710180374473,0.2285772661738603,0.9981950905057216,0.2479505156269552,0.9981950905057216,0.2479505156269552,True,1.2590682170815743e-06,9.80092652577657e-05,True,,,,,,,,,,pseudobulk_de_targeted_SubclassLevel1_TAL_aki_vs_ckd.csv
,targeted_SubclassLevel1_TAL_aki_vs_ckd,acute kidney injury vs chronic kidney disease,ENSG00000106804,C5,terminal,True,6516,128,26.33010452199933,-0.4773488989866242,0.1272674992839656,-0.4220201013989098,0.1301467579730131,-0.4220201013989098,0.1301467579730131,True,0.0001763046184369,0.0039316686583612,True,,,,,,,,,,pseudobulk_de_targeted_SubclassLevel1_TAL_aki_vs_ckd.csv
,targeted_SubclassLevel1_TAL_aki_vs_ckd,acute kidney injury vs chronic kidney disease,ENSG00000039537,C6,terminal,True,422,79,1.8075050664750871,-0.7457202984736905,0.5352499598917633,-0.0855365627994457,0.2498212014373026,-0.0855365627994457,0.2498212014373026,True,0.1635536410998279,0.4117328298269322,False,,,,,,,,,,pseudobulk_de_targeted_SubclassLevel1_TAL_aki_vs_ckd.csv
,targeted_SubclassLevel1_TAL_aki_vs_ckd,acute kidney injury vs chronic kidney disease,ENSG00000112936,C7,terminal,True,9575,105,42.39116276838991,-0.947394015730653,0.5842026663103019,-0.0693410157415666,0.2421707888205135,-0.0693410157415666,0.2421707888205135,True,0.1048703300361582,0.3171188944957288,False,,,,,,,,,,pseudobulk_de_targeted_SubclassLevel1_TAL_aki_vs_ckd.csv
,targeted_SubclassLevel1_TAL_aki_vs_ckd,acute kidney injury vs chronic kidney disease,ENSG00000157131,C8A,terminal,True,115,51,0.9695367147847403,-0.3592964068893742,0.8070001809353178,-0.0252234729091628,0.2384432544169444,-0.0252234729091628,0.2384432544169444,True,0.6561573843809907,,False,,,,,,,,,,pseudobulk_de_targeted_SubclassLevel1_TAL_aki_vs_ckd.csv
,targeted_SubclassLevel1_TAL_aki_vs_ckd,acute kidney injury vs chronic kidney disease,ENSG00000021852,C8B,terminal,True,82,41,0.2981699766576209,-0.629989872246266,0.8123980094571699,-0.0544095379098077,0.2239066810790947,-0.0544095379098077,0.2239066810790947,True,0.4380622855549538,,False,,,,,,,,,,pseudobulk_de_targeted_SubclassLevel1_TAL_aki_vs_ckd.csv
,targeted_SubclassLevel1_TAL_aki_vs_ckd,acute kidney injury vs chronic kidney disease,ENSG00000176919,C8G,terminal,True,140,56,0.4546350444001904,-0.3838591464437354,0.5887307018865193,-0.048733266964545,0.2078220214505881,-0.048733266964545,0.2078220214505881,True,0.5143937992981944,,False,,,,,,,,,,pseudobulk_de_targeted_SubclassLevel1_TAL_aki_vs_ckd.csv
,targeted_SubclassLevel1_TAL_aki_vs_ckd,acute kidney injury vs chronic kidney disease,ENSG00000113600,C9,terminal,True,3383,123,10.7410039807857,1.1054827779643484,0.2137702228298813,1.0158082743528232,0.2301745907434144,1.0158082743528232,0.2301745907434144,True,2.3239636216823467e-07,2.755146680642837e-05,True,,,,,,,,,,pseudobulk_de_targeted_SubclassLevel1_TAL_aki_vs_ckd.csv
,targeted_SubclassLevel1_TAL_aki_vs_normal,acute kidney injury vs normal,ENSG00000125730,C3,alternative,True,6634,119,44.57063129723883,2.654244239160938,0.3831036632067142,2.5380519021489105,0.4057087823543372,2.5380519021489105,0.4057087823543372,True,4.260289135669943e-12,4.5386644385947007e-10,True,,,,,,,,,,pseudobulk_de_targeted_SubclassLevel1_TAL_aki_vs_normal.csv
,targeted_SubclassLevel1_TAL_aki_vs_normal,acute kidney injury vs normal,ENSG00000243649,CFB,alternative,True,4343,113,21.78224172549149,1.292333077401025,0.3707861444611041,1.0788709348905183,0.3742563203263013,1.0788709348905183,0.3742563203263013,True,0.0004914263815327,0.0039917785158784,True,,,,,,,,,,pseudobulk_de_targeted_SubclassLevel1_TAL_aki_vs_normal.csv
,targeted_SubclassLevel1_TAL_aki_vs_normal,acute kidney injury vs normal,ENSG00000197766,CFD,alternative,True,1899,105,6.3465505680262995,0.0498446305469397,0.3090397842241723,0.0272468316356075,0.2890612631506824,0.0272468316356075,0.2890612631506824,True,0.8718660088149248,0.928996986151176,False,,,,,,,,,,pseudobulk_de_targeted_SubclassLevel1_TAL_aki_vs_normal.csv
,targeted_SubclassLevel1_TAL_aki_vs_normal,acute kidney injury vs normal,ENSG00000126759,CFP,alternative,True,409,92,2.2221292115379687,0.1108742789892792,0.3426338948246227,0.0475512184332177,0.3590189602341251,0.0475512184332177,0.3590189602341251,True,0.7462454168673034,0.851588179478732,False,,,,,,,,,,pseudobulk_de_targeted_SubclassLevel1_TAL_aki_vs_normal.csv
,targeted_SubclassLevel1_TAL_aki_vs_normal,acute kidney injury vs normal,ENSG00000173372,C1QA,classical,True,2477,102,9.317760572162792,0.879559236277734,0.4167418591350783,0.5471597095895552,0.3989010693522186,0.5471597095895552,0.3989010693522186,True,0.0348100377776455,0.1098038000454163,False,,,,,,,,,,pseudobulk_de_targeted_SubclassLevel1_TAL_aki_vs_normal.csv
,targeted_SubclassLevel1_TAL_aki_vs_normal,acute kidney injury vs normal,ENSG00000173369,C1QB,classical,True,2046,82,7.182901480022348,0.7001219413133783,0.4806889216661997,0.2724308294939956,0.4018416430892093,0.2724308294939956,0.4018416430892093,True,0.1452552961719901,0.3032447877830021,False,,,,,,,,,,pseudobulk_de_targeted_SubclassLevel1_TAL_aki_vs_normal.csv
,targeted_SubclassLevel1_TAL_aki_vs_normal,acute kidney injury vs normal,ENSG00000159189,C1QC,classical,True,818,76,2.6770082837392097,0.0002660499802428,0.4424379820124719,0.0046307956106152,0.3313194374157998,0.0046307956106152,0.3313194374157998,True,0.9995202103628646,0.9997608363413656,False,,,,,,,,,,pseudobulk_de_targeted_SubclassLevel1_TAL_aki_vs_normal.csv
,targeted_SubclassLevel1_TAL_aki_vs_normal,acute kidney injury vs normal,ENSG00000159403,C1R,classical,True,6065,118,19.875992617859865,1.0290067344571432,0.3090007366126597,0.8637633222211507,0.3017769970054842,0.8637633222211507,0.3017769970054842,True,0.0008681138722542,0.0063557153366888,True,,,,,,,,,,pseudobulk_de_targeted_SubclassLevel1_TAL_aki_vs_normal.csv
,targeted_SubclassLevel1_TAL_aki_vs_normal,acute kidney injury vs normal,ENSG00000182326,C1S,classical,True,25474,124,86.57436738582533,-0.0314269093929278,0.089486531737818,-0.0289609336854341,0.0864908047952138,-0.0289609336854341,0.0864908047952138,True,0.7254446858505998,0.8378529680322625,False,,,,,,,,,,pseudobulk_de_targeted_SubclassLevel1_TAL_aki_vs_normal.csv
,targeted_SubclassLevel1_TAL_aki_vs_normal,acute kidney injury vs normal,ENSG00000166278,C2,classical,True,10884,124,44.63684565811302,-0.293486525338898,0.1483852348490646,-0.2471553842233633,0.1496809643692669,-0.2471553842233633,0.1496809643692669,True,0.0479435103004288,0.1390718836722585,False,,,,,,,,,,pseudobulk_de_targeted_SubclassLevel1_TAL_aki_vs_normal.csv
,targeted_SubclassLevel1_TAL_aki_vs_normal,acute kidney injury vs normal,ENSG00000244731,C4A,classical,True,131,45,0.5141055944530597,0.9986467468388666,0.593731818451811,0.3544829220663128,0.6304143788351101,0.3544829220663128,0.6304143788351101,True,0.0925721620486644,,False,,,,,,,,,,pseudobulk_de_targeted_SubclassLevel1_TAL_aki_vs_normal.csv
,targeted_SubclassLevel1_TAL_aki_vs_normal,acute kidney injury vs normal,ENSG00000224389,C4B,classical,True,60,33,0.2147924035297501,0.3381195699914542,0.6952866852274323,0.0687428978860547,0.5870532220542269,0.0687428978860547,0.5870532220542269,True,0.626752791861091,,False,,,,,,,,,,pseudobulk_de_targeted_SubclassLevel1_TAL_aki_vs_normal.csv
,targeted_SubclassLevel1_TAL_aki_vs_normal,acute kidney injury vs normal,ENSG00000123838,C4BPA,classical,True,1063,92,4.006609571459065,0.0499910377580485,0.2952997580426028,0.0290208840003242,0.2764425249257672,0.0290208840003242,0.2764425249257672,True,0.8655692292359002,0.9256477763983424,False,,,,,,,,,,pseudobulk_de_targeted_SubclassLevel1_TAL_aki_vs_normal.csv
,targeted_SubclassLevel1_TAL_aki_vs_normal,acute kidney injury vs normal,ENSG00000123843,C4BPB,classical,True,430,77,1.416395205981861,-0.5789063883752282,0.4050467217437949,-0.3134871154483894,0.3880041740245229,-0.3134871154483894,0.3880041740245229,True,0.1529371005052356,0.3134185530363326,False,,,,,,,,,,pseudobulk_de_targeted_SubclassLevel1_TAL_aki_vs_normal.csv
,targeted_SubclassLevel1_TAL_aki_vs_normal,acute kidney injury vs normal,ENSG00000085265,FCN1,lectin,True,352,79,2.5797543713804627,-0.24350315964642,0.4402936108602291,-0.0620905184080263,0.4509540289222125,-0.0620905184080263,0.4509540289222125,True,0.5802310731288591,0.7352129928855,False,,,,,,,,,,pseudobulk_de_targeted_SubclassLevel1_TAL_aki_vs_normal.csv
,targeted_SubclassLevel1_TAL_aki_vs_normal,acute kidney injury vs normal,ENSG00000160339,FCN2,lectin,True,44,24,0.0904330148108868,-0.1449510688871667,0.8430174253523453,-0.0757381710732793,2.235463815236566,-0.0757381710732793,2.235463815236566,True,0.863482225479479,,False,,,,,,,,,,pseudobulk_de_targeted_SubclassLevel1_TAL_aki_vs_normal.csv
,targeted_SubclassLevel1_TAL_aki_vs_normal,acute kidney injury vs normal,ENSG00000142748,FCN3,lectin,True,532,60,1.8566618013159564,-0.8968149952635089,0.6340194614472,-0.1781865497177976,0.6073312554196713,-0.1781865497177976,0.6073312554196713,True,0.1572177078919085,0.3191336405860588,False,,,,,,,,,,pseudobulk_de_targeted_SubclassLevel1_TAL_aki_vs_normal.csv
,targeted_SubclassLevel1_TAL_aki_vs_normal,acute kidney injury vs normal,ENSG00000127241,MASP1,lectin,True,385,82,3.9248407918192143,-0.3308976319975104,0.460233740648572,-0.0883184511759413,0.3803882690035181,-0.0883184511759413,0.3803882690035181,True,0.4721548798265619,0.6505830753480191,False,,,,,,,,,,pseudobulk_de_targeted_SubclassLevel1_TAL_aki_vs_normal.csv
,targeted_SubclassLevel1_TAL_aki_vs_normal,acute kidney injury vs normal,ENSG00000009724,MASP2,lectin,True,1259,97,4.3081327707948605,-0.3031531833822361,0.2797650496519129,-0.1819536794858967,0.2414166451091591,-0.1819536794858967,0.2414166451091591,True,0.2785425466665703,0.4657700865279702,False,,,,,,,,,,pseudobulk_de_targeted_SubclassLevel1_TAL_aki_vs_normal.csv
,targeted_SubclassLevel1_TAL_aki_vs_normal,acute kidney injury vs normal,ENSG00000165471,MBL2,lectin,False,15,12,,,,,,,,,,,False,,,,,,,,,,pseudobulk_de_targeted_SubclassLevel1_TAL_aki_vs_normal.csv
,targeted_SubclassLevel1_TAL_aki_vs_normal,acute kidney injury vs normal,ENSG00000171860,C3AR1,receptor,True,471,79,1.6997455062353142,-0.7406859883949469,0.3854176068905393,-0.4601147414407618,0.3959256125589332,-0.4601147414407618,0.3959256125589332,True,0.0546340534902967,0.1530305976920907,False,,,,,,,,,,pseudobulk_de_targeted_SubclassLevel1_TAL_aki_vs_normal.csv
,targeted_SubclassLevel1_TAL_aki_vs_normal,acute kidney injury vs normal,ENSG00000197405,C5AR1,receptor,True,45683,124,196.2377159361987,0.0212181677534992,0.2031086529819418,0.0142990743855118,0.2247158779453928,0.0142990743855118,0.2247158779453928,True,0.916798692229642,0.9549672974069324,False,,,,,,,,,,pseudobulk_de_targeted_SubclassLevel1_TAL_aki_vs_normal.csv
,targeted_SubclassLevel1_TAL_aki_vs_normal,acute kidney injury vs normal,ENSG00000134830,C5AR2,receptor,True,4504,116,14.963048227959774,-0.7227330661744099,0.1998408445586273,-0.6402700705951759,0.1973454388834995,-0.6402700705951759,0.1973454388834995,True,0.0002985634011279,0.0026411948285016,True,,,,,,,,,,pseudobulk_de_targeted_SubclassLevel1_TAL_aki_vs_normal.csv
,targeted_SubclassLevel1_TAL_aki_vs_normal,acute kidney injury vs normal,ENSG00000203710,CR1,receptor,True,1137,73,4.49510544101948,-1.621133191538899,0.5219483146704226,-1.3337994504709745,0.5776286907061522,-1.3337994504709745,0.5776286907061522,True,0.0018968374765851,0.0118304381920919,True,,,,,,,,,,pseudobulk_de_targeted_SubclassLevel1_TAL_aki_vs_normal.csv
,targeted_SubclassLevel1_TAL_aki_vs_normal,acute kidney injury vs normal,ENSG00000117322,CR2,receptor,True,479,69,1.647031621409042,-1.2314907601003624,0.5592157379151899,-0.4490557906652896,0.6696450758605758,-0.4490557906652896,0.6696450758605758,True,0.027652969171019,0.0930311563379669,False,,,,,,,,,,pseudobulk_de_targeted_SubclassLevel1_TAL_aki_vs_normal.csv
,targeted_SubclassLevel1_TAL_aki_vs_normal,acute kidney injury vs normal,ENSG00000169896,ITGAM,receptor,True,560,88,2.8140967045919094,-0.6542579295416127,0.3894648931049346,-0.3389502845506311,0.3920193138576017,-0.3389502845506311,0.3920193138576017,True,0.0929788445880004,0.2228985293928638,False,,,,,,,,,,pseudobulk_de_targeted_SubclassLevel1_TAL_aki_vs_normal.csv
,targeted_SubclassLevel1_TAL_aki_vs_normal,acute kidney injury vs normal,ENSG00000140678,ITGAX,receptor,True,343,71,1.682214259479175,-1.334073692087823,0.4665021179733924,-1.2053096900125118,0.5153142797822858,-1.2053096900125118,0.5153142797822858,True,0.0042399154205181,0.0223366127468504,True,,,,,,,,,,pseudobulk_de_targeted_SubclassLevel1_TAL_aki_vs_normal.csv
,targeted_SubclassLevel1_TAL_aki_vs_normal,acute kidney injury vs normal,ENSG00000155659,VSIG4,receptor,True,389,64,1.2203251946626068,-0.1160762020125066,0.4830094991160925,-0.0229538088373429,0.4458371576075524,-0.0229538088373429,0.4458371576075524,True,0.8100832199340593,0.8930116118217106,False,,,,,,,,,,pseudobulk_de_targeted_SubclassLevel1_TAL_aki_vs_normal.csv
,targeted_SubclassLevel1_TAL_aki_vs_normal,acute kidney injury vs normal,ENSG00000117335,CD46,regulator,True,186947,124,600.5935832973455,-0.1918143910832435,0.1125173412989687,-0.1699140862987225,0.1097833223198986,-0.1699140862987225,0.1097833223198986,True,0.0882403082754265,0.2152179478522756,False,,,,,,,,,,pseudobulk_de_targeted_SubclassLevel1_TAL_aki_vs_normal.csv
,targeted_SubclassLevel1_TAL_aki_vs_normal,acute kidney injury vs normal,ENSG00000196352,CD55,regulator,True,25992,123,117.44897583506528,-0.2494845999119594,0.2003039694833633,-0.1828742151086,0.1944046327921975,-0.1828742151086,0.1944046327921975,True,0.2129370009373407,0.3903166541446298,False,,,,,,,,,,pseudobulk_de_targeted_SubclassLevel1_TAL_aki_vs_normal.csv
,targeted_SubclassLevel1_TAL_aki_vs_normal,acute kidney injury vs normal,ENSG00000085063,CD59,regulator,True,190717,124,639.1091719418695,0.1820367047109586,0.1883988112316374,0.134598864622799,0.1858896497462326,0.134598864622799,0.1858896497462326,True,0.3339287821413824,0.5212266364036392,False,,,,,,,,,,pseudobulk_de_targeted_SubclassLevel1_TAL_aki_vs_normal.csv
,targeted_SubclassLevel1_TAL_aki_vs_normal,acute kidney injury vs normal,ENSG00000000971,CFH,regulator,True,2925,96,14.517765477169943,-0.0610199764847509,0.5268763428811115,-0.0134626787031797,0.3855785231063288,-0.0134626787031797,0.3855785231063288,True,0.9077994738632624,0.9497004382721752,False,,,,,,,,,,pseudobulk_de_targeted_SubclassLevel1_TAL_aki_vs_normal.csv
,targeted_SubclassLevel1_TAL_aki_vs_normal,acute kidney injury vs normal,ENSG00000205403,CFI,regulator,True,97127,124,377.5684203368885,1.26262998636061,0.1538422198334033,1.2272027571891584,0.1560785498423526,1.2272027571891584,0.1560785498423526,True,2.262088355999077e-16,9.557898411305253e-14,True,,,,,,,,,,pseudobulk_de_targeted_SubclassLevel1_TAL_aki_vs_normal.csv
,targeted_SubclassLevel1_TAL_aki_vs_normal,acute kidney injury vs normal,ENSG00000149131,SERPING1,regulator,True,57365,124,206.76887561956713,1.0398953155756727,0.1955964932378657,0.9715423447343132,0.1991375182871179,0.9715423447343132,0.1991375182871179,True,1.0576273793888465e-07,3.1485895768709207e-06,True,,,,,,,,,,pseudobulk_de_targeted_SubclassLevel1_TAL_aki_vs_normal.csv
,targeted_SubclassLevel1_TAL_aki_vs_normal,acute kidney injury vs normal,ENSG00000106804,C5,terminal,True,14218,123,50.07151771811721,-0.3144220821733158,0.1250190908454067,-0.2837205514205894,0.120943700002776,-0.2837205514205894,0.120943700002776,True,0.0119034898880784,0.0493911616877341,True,,,,,,,,,,pseudobulk_de_targeted_SubclassLevel1_TAL_aki_vs_normal.csv
,targeted_SubclassLevel1_TAL_aki_vs_normal,acute kidney injury vs normal,ENSG00000039537,C6,terminal,True,1555,90,5.840637572604997,-1.7988795004998668,0.3685152356983115,-1.744851319409659,0.3690753586278539,-1.744851319409659,0.3690753586278539,True,1.0532195624884373e-06,2.259527579455616e-05,True,,,,,,,,,,pseudobulk_de_targeted_SubclassLevel1_TAL_aki_vs_normal.csv
,targeted_SubclassLevel1_TAL_aki_vs_normal,acute kidney injury vs normal,ENSG00000112936,C7,terminal,True,16692,93,50.907564519817214,-0.3070895482042656,0.5372610863676357,-0.0804002132334551,0.3917922727238073,-0.0804002132334551,0.3917922727238073,True,0.5676042066066314,0.7258171462681053,False,,,,,,,,,,pseudobulk_de_targeted_SubclassLevel1_TAL_aki_vs_normal.csv
,targeted_SubclassLevel1_TAL_aki_vs_normal,acute kidney injury vs normal,ENSG00000157131,C8A,terminal,True,192,57,0.981018672425588,-0.0545057593713489,0.4772864342565298,-0.0464999850259869,0.3927187035130212,-0.0464999850259869,0.3927187035130212,True,0.9090798355652204,0.9504467044457884,False,,,,,,,,,,pseudobulk_de_targeted_SubclassLevel1_TAL_aki_vs_normal.csv
,targeted_SubclassLevel1_TAL_aki_vs_normal,acute kidney injury vs normal,ENSG00000021852,C8B,terminal,True,175,57,1.0107959388407362,-0.3648467639216388,0.4842833913997821,-0.1704252269016805,0.3981724130339177,-0.1704252269016805,0.3981724130339177,True,0.4512248942244661,0.6338294996609675,False,,,,,,,,,,pseudobulk_de_targeted_SubclassLevel1_TAL_aki_vs_normal.csv
,targeted_SubclassLevel1_TAL_aki_vs_normal,acute kidney injury vs normal,ENSG00000176919,C8G,terminal,True,335,70,1.108888580994495,-0.5230569796596595,0.4258356571931264,-0.2777750447599829,0.3801624397741659,-0.2777750447599829,0.3801624397741659,True,0.2193316904041939,0.3978837060906867,False,,,,,,,,,,pseudobulk_de_targeted_SubclassLevel1_TAL_aki_vs_normal.csv
,targeted_SubclassLevel1_TAL_aki_vs_normal,acute kidney injury vs normal,ENSG00000113600,C9,terminal,True,4307,112,16.332591848652292,1.704806248023345,0.2424968374837626,1.6356495686932142,0.2482905046489567,1.6356495686932142,0.2482905046489567,True,2.0620734060247198e-12,2.4247843367353894e-10,True,,,,,,,,,,pseudobulk_de_targeted_SubclassLevel1_TAL_aki_vs_normal.csv
,targeted_SubclassLevel1_TAL_ckd_vs_normal,chronic kidney disease vs normal,ENSG00000125730,C3,alternative,True,5169,169,20.21141204176392,0.5597857628188022,0.4197021560085442,0.0834376087098766,0.2667741221810599,0.0834376087098766,0.2667741221810599,True,0.1822795439049849,0.4131906043713998,False,,,,,,,,,,pseudobulk_de_targeted_SubclassLevel1_TAL_ckd_vs_normal.csv
,targeted_SubclassLevel1_TAL_ckd_vs_normal,chronic kidney disease vs normal,ENSG00000243649,CFB,alternative,True,4351,158,12.0619884493545,-0.7510020270557495,0.3966821481994584,-0.1603776116898836,0.345628990108471,-0.1603776116898836,0.345628990108471,True,0.058330143362739,0.2175368858927777,False,,,,,,,,,,pseudobulk_de_targeted_SubclassLevel1_TAL_ckd_vs_normal.csv
,targeted_SubclassLevel1_TAL_ckd_vs_normal,chronic kidney disease vs normal,ENSG00000197766,CFD,alternative,True,2354,150,5.435921038012116,-0.0805503569119818,0.3104138417313383,-0.022228332405695,0.2677131674363048,-0.022228332405695,0.2677131674363048,True,0.7952545396227813,0.9022259458675208,False,,,,,,,,,,pseudobulk_de_targeted_SubclassLevel1_TAL_ckd_vs_normal.csv
,targeted_SubclassLevel1_TAL_ckd_vs_normal,chronic kidney disease vs normal,ENSG00000126759,CFP,alternative,True,476,131,1.7082448212451722,0.6616704122436421,0.332908125205624,0.1312260574391839,0.3432729267736574,0.1312260574391839,0.3432729267736574,True,0.0468618572451793,0.1950424996963072,False,,,,,,,,,,pseudobulk_de_targeted_SubclassLevel1_TAL_ckd_vs_normal.csv
,targeted_SubclassLevel1_TAL_ckd_vs_normal,chronic kidney disease vs normal,ENSG00000173372,C1QA,classical,True,2663,146,6.459679317512524,-0.3991095658758547,0.4163397871491007,-0.0577296415944057,0.2949136597668045,-0.0577296415944057,0.2949136597668045,True,0.3377527321528902,0.582483890146608,False,,,,,,,,,,pseudobulk_de_targeted_SubclassLevel1_TAL_ckd_vs_normal.csv
,targeted_SubclassLevel1_TAL_ckd_vs_normal,chronic kidney disease vs normal,ENSG00000173369,C1QB,classical,True,2186,114,4.2424129881401464,-0.9071603147800852,0.5032588227366859,-0.1127742258094325,0.358729419056378,-0.1127742258094325,0.358729419056378,True,0.0714554414039129,0.2428742788794944,False,,,,,,,,,,pseudobulk_de_targeted_SubclassLevel1_TAL_ckd_vs_normal.csv
,targeted_SubclassLevel1_TAL_ckd_vs_normal,chronic kidney disease vs normal,ENSG00000159189,C1QC,classical,True,980,102,2.462585677519576,-0.3656856594187266,0.5140533124216057,-0.0425452179058993,0.2958277634678611,-0.0425452179058993,0.2958277634678611,True,0.4768507005083893,0.6973081846353635,False,,,,,,,,,,pseudobulk_de_targeted_SubclassLevel1_TAL_ckd_vs_normal.csv
,targeted_SubclassLevel1_TAL_ckd_vs_normal,chronic kidney disease vs normal,ENSG00000159403,C1R,classical,True,5945,165,13.561535898334652,-0.3196796158553457,0.3498852189276019,-0.0586216438901354,0.2691378049741064,-0.0586216438901354,0.2691378049741064,True,0.360890290449033,0.6040570102168306,False,,,,,,,,,,pseudobulk_de_targeted_SubclassLevel1_TAL_ckd_vs_normal.csv
,targeted_SubclassLevel1_TAL_ckd_vs_normal,chronic kidney disease vs normal,ENSG00000182326,C1S,classical,True,28271,179,62.982039898457494,-0.1008981808538034,0.1058726438038472,-0.0738715156282157,0.1028403492711535,-0.0738715156282157,0.1028403492711535,True,0.3405826467287962,0.5851681321719818,False,,,,,,,,,,pseudobulk_de_targeted_SubclassLevel1_TAL_ckd_vs_normal.csv
,targeted_SubclassLevel1_TAL_ckd_vs_normal,chronic kidney disease vs normal,ENSG00000166278,C2,classical,True,12804,175,34.806560664464875,0.099315924640343,0.1400939778645044,0.057571469093056,0.1391004302126965,0.057571469093056,0.1391004302126965,True,0.4783718999739477,0.6983977505399411,False,,,,,,,,,,pseudobulk_de_targeted_SubclassLevel1_TAL_ckd_vs_normal.csv
,targeted_SubclassLevel1_TAL_ckd_vs_normal,chronic kidney disease vs normal,ENSG00000244731,C4A,classical,True,131,56,0.4916962590290222,0.4042197303501315,0.7135543128822305,-0.0039952804150182,0.484265606612634,-0.0039952804150182,0.484265606612634,True,0.5710623026856837,,False,,,,,,,,,,pseudobulk_de_targeted_SubclassLevel1_TAL_ckd_vs_normal.csv
,targeted_SubclassLevel1_TAL_ckd_vs_normal,chronic kidney disease vs normal,ENSG00000224389,C4B,classical,True,71,43,0.2629347813890884,0.5716710649281446,0.7691108160670732,0.0055310626162244,0.4551254983240657,0.0055310626162244,0.4551254983240657,True,0.4573071583421969,,False,,,,,,,,,,pseudobulk_de_targeted_SubclassLevel1_TAL_ckd_vs_normal.csv
,targeted_SubclassLevel1_TAL_ckd_vs_normal,chronic kidney disease vs normal,ENSG00000123838,C4BPA,classical,True,1256,132,3.01236369556578,0.2553811081574917,0.3435556820659737,0.0401819823239246,0.3017760037714364,0.0401819823239246,0.3017760037714364,True,0.4572715834575311,0.68325727385946,False,,,,,,,,,,pseudobulk_de_targeted_SubclassLevel1_TAL_ckd_vs_normal.csv
,targeted_SubclassLevel1_TAL_ckd_vs_normal,chronic kidney disease vs normal,ENSG00000123843,C4BPB,classical,True,442,95,0.8511203890318679,-0.8022615132825412,0.4597741844528403,-0.2320845970144265,0.4629371536340397,-0.2320845970144265,0.4629371536340397,True,0.0810016946802496,,False,,,,,,,,,,pseudobulk_de_targeted_SubclassLevel1_TAL_ckd_vs_normal.csv
,targeted_SubclassLevel1_TAL_ckd_vs_normal,chronic kidney disease vs normal,ENSG00000085265,FCN1,lectin,True,409,107,1.486107904157424,-0.3868392839399021,0.473494662792127,-0.0674645435219671,0.409005394818443,-0.0674645435219671,0.409005394818443,True,0.4139354953268757,0.6488905344105781,False,,,,,,,,,,pseudobulk_de_targeted_SubclassLevel1_TAL_ckd_vs_normal.csv
,targeted_SubclassLevel1_TAL_ckd_vs_normal,chronic kidney disease vs normal,ENSG00000160339,FCN2,lectin,True,50,30,0.0618529045304666,0.4330138184523902,0.9383057628911868,-0.0158049155848767,0.5948731869939414,-0.0158049155848767,0.5948731869939414,True,0.6444508462355186,,False,,,,,,,,,,pseudobulk_de_targeted_SubclassLevel1_TAL_ckd_vs_normal.csv
,targeted_SubclassLevel1_TAL_ckd_vs_normal,chronic kidney disease vs normal,ENSG00000142748,FCN3,lectin,True,610,97,1.4249812232512735,-0.5170876368638777,0.5583807318987317,-0.0543498267465069,0.3852717777112314,-0.0543498267465069,0.3852717777112314,True,0.3544207781935734,0.5974313728067339,False,,,,,,,,,,pseudobulk_de_targeted_SubclassLevel1_TAL_ckd_vs_normal.csv
,targeted_SubclassLevel1_TAL_ckd_vs_normal,chronic kidney disease vs normal,ENSG00000127241,MASP1,lectin,True,509,119,2.6743088928630327,-0.0964544102409781,0.472098849661179,-0.0210157259503132,0.3638119235843421,-0.0210157259503132,0.3638119235843421,True,0.8381114309279322,0.9238576706180294,False,,,,,,,,,,pseudobulk_de_targeted_SubclassLevel1_TAL_ckd_vs_normal.csv
,targeted_SubclassLevel1_TAL_ckd_vs_normal,chronic kidney disease vs normal,ENSG00000009724,MASP2,lectin,True,1460,141,3.771944727183506,-0.5947779445213871,0.3052602230909972,-0.2777869051637316,0.2900216436200747,-0.2777869051637316,0.2900216436200747,True,0.0513636239262759,0.2039904718528468,False,,,,,,,,,,pseudobulk_de_targeted_SubclassLevel1_TAL_ckd_vs_normal.csv
,targeted_SubclassLevel1_TAL_ckd_vs_normal,chronic kidney disease vs normal,ENSG00000165471,MBL2,lectin,True,21,16,0.0739878361866561,0.7596068742282273,1.519408726340948,-0.0023857383052546,0.5523049931430247,-0.0023857383052546,0.5523049931430247,True,0.617120256904018,,False,,,,,,,,,,pseudobulk_de_targeted_SubclassLevel1_TAL_ckd_vs_normal.csv
,targeted_SubclassLevel1_TAL_ckd_vs_normal,chronic kidney disease vs normal,ENSG00000171860,C3AR1,receptor,True,568,110,1.6519579984827506,-0.0972750822887633,0.4122051340724467,-0.0355460046134266,0.3024397215560502,-0.0355460046134266,0.3024397215560502,True,0.8134427026366404,0.9119050972335384,False,,,,,,,,,,pseudobulk_de_targeted_SubclassLevel1_TAL_ckd_vs_normal.csv
,targeted_SubclassLevel1_TAL_ckd_vs_normal,chronic kidney disease vs normal,ENSG00000197405,C5AR1,receptor,True,52718,179,149.39345134563922,0.3580841710744605,0.2083580707204011,0.1561955263039498,0.2209010533636245,0.1561955263039498,0.2209010533636245,True,0.0856872397878034,0.2698435867158341,False,,,,,,,,,,pseudobulk_de_targeted_SubclassLevel1_TAL_ckd_vs_normal.csv
,targeted_SubclassLevel1_TAL_ckd_vs_normal,chronic kidney disease vs normal,ENSG00000134830,C5AR2,receptor,True,5514,167,13.29365578699858,-0.0080160582848621,0.196653914160363,-0.0039450691501575,0.18701806929675,-0.0039450691501575,0.18701806929675,True,0.9674854252543864,0.9850282835897584,False,,,,,,,,,,pseudobulk_de_targeted_SubclassLevel1_TAL_ckd_vs_normal.csv
,targeted_SubclassLevel1_TAL_ckd_vs_normal,chronic kidney disease vs normal,ENSG00000203710,CR1,receptor,True,1345,110,3.147815787071994,-0.5978041267819457,0.5002998625646156,-0.0726750533477103,0.3829778909189351,-0.0726750533477103,0.3829778909189351,True,0.2321293668510822,0.4727296497767866,False,,,,,,,,,,pseudobulk_de_targeted_SubclassLevel1_TAL_ckd_vs_normal.csv
,targeted_SubclassLevel1_TAL_ckd_vs_normal,chronic kidney disease vs normal,ENSG00000117322,CR2,receptor,True,613,107,1.549890433087518,0.1222394206412752,0.5228829762896782,-0.0007295622363624,0.4149961262228279,-0.0007295622363624,0.4149961262228279,True,0.81515601694309,0.9126924411799427,False,,,,,,,,,,pseudobulk_de_targeted_SubclassLevel1_TAL_ckd_vs_normal.csv
,targeted_SubclassLevel1_TAL_ckd_vs_normal,chronic kidney disease vs normal,ENSG00000169896,ITGAM,receptor,True,730,140,3.191095918894085,-0.1230669467131108,0.3639376780727787,-0.0303552879863925,0.3506871871307178,-0.0303552879863925,0.3506871871307178,True,0.7352472109115276,0.8702325869488825,False,,,,,,,,,,pseudobulk_de_targeted_SubclassLevel1_TAL_ckd_vs_normal.csv
,targeted_SubclassLevel1_TAL_ckd_vs_normal,chronic kidney disease vs normal,ENSG00000140678,ITGAX,receptor,True,423,101,1.537710862161076,-0.1131090545016248,0.491972502942099,-0.0316398528287475,0.3261364798153353,-0.0316398528287475,0.3261364798153353,True,0.8181622483818514,0.9142531049958548,False,,,,,,,,,,pseudobulk_de_targeted_SubclassLevel1_TAL_ckd_vs_normal.csv
,targeted_SubclassLevel1_TAL_ckd_vs_normal,chronic kidney disease vs normal,ENSG00000155659,VSIG4,receptor,True,427,78,0.7061145042739505,-0.3714862790089507,0.5553453229266669,-0.0634644665522851,0.3071446826672451,-0.0634644665522851,0.3071446826672451,True,0.5035411290093932,,False,,,,,,,,,,pseudobulk_de_targeted_SubclassLevel1_TAL_ckd_vs_normal.csv
,targeted_SubclassLevel1_TAL_ckd_vs_normal,chronic kidney disease vs normal,ENSG00000117335,CD46,regulator,True,211574,179,455.96993057750154,-0.2672849077323408,0.1311640516900576,-0.1972765321550674,0.1268486619196452,-0.1972765321550674,0.1268486619196452,True,0.0415708512757251,0.1840520038954151,False,,,,,,,,,,pseudobulk_de_targeted_SubclassLevel1_TAL_ckd_vs_normal.csv
,targeted_SubclassLevel1_TAL_ckd_vs_normal,chronic kidney disease vs normal,ENSG00000196352,CD55,regulator,True,30187,177,87.1737397850598,-0.5558594858745733,0.2110178352492301,-0.4098143049401131,0.1988358408042474,-0.4098143049401131,0.1988358408042474,True,0.0084340145219052,0.0764049545426121,False,,,,,,,,,,pseudobulk_de_targeted_SubclassLevel1_TAL_ckd_vs_normal.csv
,targeted_SubclassLevel1_TAL_ckd_vs_normal,chronic kidney disease vs normal,ENSG00000085063,CD59,regulator,True,200953,179,435.54718494539026,-0.2174647816164736,0.1979645221775402,-0.1005754455136218,0.1891358746625654,-0.1005754455136218,0.1891358746625654,True,0.2719845554196691,0.5171357939792185,False,,,,,,,,,,pseudobulk_de_targeted_SubclassLevel1_TAL_ckd_vs_normal.csv
,targeted_SubclassLevel1_TAL_ckd_vs_normal,chronic kidney disease vs normal,ENSG00000000971,CFH,regulator,True,3534,143,10.9468046439455,-1.5090321612569222,0.4964064386747054,-1.0778612118597524,0.5337445020125838,-1.0778612118597524,0.5337445020125838,True,0.002366468531523,0.0355661940677123,True,,,,,,,,,,pseudobulk_de_targeted_SubclassLevel1_TAL_ckd_vs_normal.csv
,targeted_SubclassLevel1_TAL_ckd_vs_normal,chronic kidney disease vs normal,ENSG00000205403,CFI,regulator,True,94631,178,222.51451334141197,0.0564338197331175,0.1645771507748387,0.0262246465266949,0.1543232169737732,0.0262246465266949,0.1543232169737732,True,0.7316722530337311,0.8683808127037144,False,,,,,,,,,,pseudobulk_de_targeted_SubclassLevel1_TAL_ckd_vs_normal.csv
,targeted_SubclassLevel1_TAL_ckd_vs_normal,chronic kidney disease vs normal,ENSG00000149131,SERPING1,regulator,True,49881,178,105.06397891385228,-0.1488950111209384,0.2046599354715282,-0.0594507946808628,0.1920375403356784,-0.0594507946808628,0.1920375403356784,True,0.4669050298820867,0.6894398967840439,False,,,,,,,,,,pseudobulk_de_targeted_SubclassLevel1_TAL_ckd_vs_normal.csv
,targeted_SubclassLevel1_TAL_ckd_vs_normal,chronic kidney disease vs normal,ENSG00000106804,C5,terminal,True,16710,175,39.38675335029221,0.1439443361082409,0.108047416310201,0.1059641037405426,0.1062551112917528,0.1059641037405426,0.1062551112917528,True,0.1827836280685593,0.413705514084749,False,,,,,,,,,,pseudobulk_de_targeted_SubclassLevel1_TAL_ckd_vs_normal.csv
,targeted_SubclassLevel1_TAL_ckd_vs_normal,chronic kidney disease vs normal,ENSG00000039537,C6,terminal,True,1735,129,4.1085004619548,-0.8688300447985893,0.3932179280967187,-0.1787354536315089,0.3867384493025775,-0.1787354536315089,0.3867384493025775,True,0.0271372263642306,0.1473037145287183,False,,,,,,,,,,pseudobulk_de_targeted_SubclassLevel1_TAL_ckd_vs_normal.csv
,targeted_SubclassLevel1_TAL_ckd_vs_normal,chronic kidney disease vs normal,ENSG00000112936,C7,terminal,True,22647,156,56.18254514718194,-0.1585575677244501,0.4726235905136741,-0.015567271600021,0.3170937829917742,-0.015567271600021,0.3170937829917742,True,0.7372601477738566,0.8710874452361717,False,,,,,,,,,,pseudobulk_de_targeted_SubclassLevel1_TAL_ckd_vs_normal.csv
,targeted_SubclassLevel1_TAL_ckd_vs_normal,chronic kidney disease vs normal,ENSG00000157131,C8A,terminal,True,243,82,1.364220762544213,0.3815229472128559,0.6058858816153044,0.0060552728062034,0.342570174975942,0.0060552728062034,0.342570174975942,True,0.5288945465900914,,False,,,,,,,,,,pseudobulk_de_targeted_SubclassLevel1_TAL_ckd_vs_normal.csv
,targeted_SubclassLevel1_TAL_ckd_vs_normal,chronic kidney disease vs normal,ENSG00000021852,C8B,terminal,True,211,76,0.6011847870168703,-0.0596294940048619,0.4890267279365248,-0.0359791109110303,0.4251685060739835,-0.0359791109110303,0.4251685060739835,True,0.9029504641605728,,False,,,,,,,,,,pseudobulk_de_targeted_SubclassLevel1_TAL_ckd_vs_normal.csv
,targeted_SubclassLevel1_TAL_ckd_vs_normal,chronic kidney disease vs normal,ENSG00000176919,C8G,terminal,True,359,94,0.7266024987169128,0.0748070157904264,0.4121229789194125,-0.0123787452872955,0.3510685071891672,-0.0123787452872955,0.3510685071891672,True,0.8559623829390506,,False,,,,,,,,,,pseudobulk_de_targeted_SubclassLevel1_TAL_ckd_vs_normal.csv
,targeted_SubclassLevel1_TAL_ckd_vs_normal,chronic kidney disease vs normal,ENSG00000113600,C9,terminal,True,3420,161,9.43535850138519,0.1725444038040061,0.2344013194635665,0.0552790140996238,0.2248750642038105,0.0552790140996238,0.2248750642038105,True,0.4616657083965952,0.6857355092325493,False,,,,,,,,,,pseudobulk_de_targeted_SubclassLevel1_TAL_ckd_vs_normal.csv
,targeted_SubclassLevel1_VSM_P_aki_vs_ckd,acute kidney injury vs chronic kidney disease,ENSG00000125730,C3,alternative,True,159,42,1.5743866231246713,1.4345236398519006,0.7663299533303579,0.0034403022984792,0.0534181010158291,0.0034403022984792,0.0534181010158291,True,0.0612149144218849,0.9990404652200254,False,,,,,,,,,,pseudobulk_de_targeted_SubclassLevel1_VSM_P_aki_vs_ckd.csv
,targeted_SubclassLevel1_VSM_P_aki_vs_ckd,acute kidney injury vs chronic kidney disease,ENSG00000243649,CFB,alternative,True,140,42,1.0786084521554522,-0.1649429720240384,0.6760441889387035,-0.0004303803557334,0.0471035582281259,-0.0004303803557334,0.0471035582281259,True,0.8072443496925764,0.9990404652200254,False,,,,,,,,,,pseudobulk_de_targeted_SubclassLevel1_VSM_P_aki_vs_ckd.csv
,targeted_SubclassLevel1_VSM_P_aki_vs_ckd,acute kidney injury vs chronic kidney disease,ENSG00000197766,CFD,alternative,True,105,34,0.8116389582877608,-1.011572563623227,0.9619945903356112,-0.0013046681026159,0.0585792503747565,-0.0013046681026159,0.0585792503747565,True,0.2930121883892572,0.9990404652200254,False,,,,,,,,,,pseudobulk_de_targeted_SubclassLevel1_VSM_P_aki_vs_ckd.csv
,targeted_SubclassLevel1_VSM_P_aki_vs_ckd,acute kidney injury vs chronic kidney disease,ENSG00000126759,CFP,alternative,False,12,12,,,,,,,,,,,False,,,,,,,,,,pseudobulk_de_targeted_SubclassLevel1_VSM_P_aki_vs_ckd.csv
,targeted_SubclassLevel1_VSM_P_aki_vs_ckd,acute kidney injury vs chronic kidney disease,ENSG00000173372,C1QA,classical,True,108,35,0.953758026329116,0.6638697734306594,0.8653301303914152,0.001018607324848,0.0624005257617736,0.001018607324848,0.0624005257617736,True,0.442970515050107,0.9990404652200254,False,,,,,,,,,,pseudobulk_de_targeted_SubclassLevel1_VSM_P_aki_vs_ckd.csv
,targeted_SubclassLevel1_VSM_P_aki_vs_ckd,acute kidney injury vs chronic kidney disease,ENSG00000173369,C1QB,classical,True,104,36,0.7609999882032139,0.8606238965636257,0.7482669039053239,0.0020130942594839,0.0655843446725346,0.0020130942594839,0.0655843446725346,True,0.2500794997557405,0.9990404652200254,False,,,,,,,,,,pseudobulk_de_targeted_SubclassLevel1_VSM_P_aki_vs_ckd.csv
,targeted_SubclassLevel1_VSM_P_aki_vs_ckd,acute kidney injury vs chronic kidney disease,ENSG00000159189,C1QC,classical,True,42,24,0.3842936463895668,0.6511055398302569,0.922087032656408,0.0012538422389471,0.0450896021939016,0.0012538422389471,0.0450896021939016,True,0.4801125410930708,0.9990404652200254,False,,,,,,,,,,pseudobulk_de_targeted_SubclassLevel1_VSM_P_aki_vs_ckd.csv
,targeted_SubclassLevel1_VSM_P_aki_vs_ckd,acute kidney injury vs chronic kidney disease,ENSG00000159403,C1R,classical,True,751,67,7.079556804829648,0.5604677365649156,0.5242634096930799,0.0023941601068971,0.0512930626914481,0.0023941601068971,0.0512930626914481,True,0.2850437550662832,0.9990404652200254,False,,,,,,,,,,pseudobulk_de_targeted_SubclassLevel1_VSM_P_aki_vs_ckd.csv
,targeted_SubclassLevel1_VSM_P_aki_vs_ckd,acute kidney injury vs chronic kidney disease,ENSG00000182326,C1S,classical,True,956,75,8.947973913222869,0.325324916032793,0.3660784579103971,0.002963061175905,0.0471089851668996,0.002963061175905,0.0471089851668996,True,0.3741775614559327,0.9990404652200254,False,,,,,,,,,,pseudobulk_de_targeted_SubclassLevel1_VSM_P_aki_vs_ckd.csv
,targeted_SubclassLevel1_VSM_P_aki_vs_ckd,acute kidney injury vs chronic kidney disease,ENSG00000166278,C2,classical,True,143,48,1.3178436212411873,-0.902677862843701,0.5479705153700636,-0.0040019481977833,0.0421252887729814,-0.0040019481977833,0.0421252887729814,True,0.099494136115014,0.9990404652200254,False,,,,,,,,,,pseudobulk_de_targeted_SubclassLevel1_VSM_P_aki_vs_ckd.csv
,targeted_SubclassLevel1_VSM_P_aki_vs_ckd,acute kidney injury vs chronic kidney disease,ENSG00000244731,C4A,classical,False,6,6,,,,,,,,,,,False,,,,,,,,,,pseudobulk_de_targeted_SubclassLevel1_VSM_P_aki_vs_ckd.csv
,targeted_SubclassLevel1_VSM_P_aki_vs_ckd,acute kidney injury vs chronic kidney disease,ENSG00000224389,C4B,classical,False,5,5,,,,,,,,,,,False,,,,,,,,,,pseudobulk_de_targeted_SubclassLevel1_VSM_P_aki_vs_ckd.csv
,targeted_SubclassLevel1_VSM_P_aki_vs_ckd,acute kidney injury vs chronic kidney disease,ENSG00000123838,C4BPA,classical,False,18,14,,,,,,,,,,,False,,,,,,,,,,pseudobulk_de_targeted_SubclassLevel1_VSM_P_aki_vs_ckd.csv
,targeted_SubclassLevel1_VSM_P_aki_vs_ckd,acute kidney injury vs chronic kidney disease,ENSG00000123843,C4BPB,classical,False,16,13,,,,,,,,,,,False,,,,,,,,,,pseudobulk_de_targeted_SubclassLevel1_VSM_P_aki_vs_ckd.csv
,targeted_SubclassLevel1_VSM_P_aki_vs_ckd,acute kidney injury vs chronic kidney disease,ENSG00000085265,FCN1,lectin,False,18,10,,,,,,,,,,,False,,,,,,,,,,pseudobulk_de_targeted_SubclassLevel1_VSM_P_aki_vs_ckd.csv
,targeted_SubclassLevel1_VSM_P_aki_vs_ckd,acute kidney injury vs chronic kidney disease,ENSG00000160339,FCN2,lectin,False,2,2,,,,,,,,,,,False,,,,,,,,,,pseudobulk_de_targeted_SubclassLevel1_VSM_P_aki_vs_ckd.csv
,targeted_SubclassLevel1_VSM_P_aki_vs_ckd,acute kidney injury vs chronic kidney disease,ENSG00000142748,FCN3,lectin,True,31,16,0.3381127185694709,-0.3098638036992308,1.4169915522616714,3.6683819134390635e-05,0.0464718999801028,3.6683819134390635e-05,0.0464718999801028,True,0.8269014786733306,0.9990404652200254,False,,,,,,,,,,pseudobulk_de_targeted_SubclassLevel1_VSM_P_aki_vs_ckd.csv
,targeted_SubclassLevel1_VSM_P_aki_vs_ckd,acute kidney injury vs chronic kidney disease,ENSG00000127241,MASP1,lectin,True,69,30,0.6109872208467666,-0.2123823690144626,0.8613380948368133,-0.000394988548197,0.0515384356602522,-0.000394988548197,0.0515384356602522,True,0.805239015978704,0.9990404652200254,False,,,,,,,,,,pseudobulk_de_targeted_SubclassLevel1_VSM_P_aki_vs_ckd.csv
,targeted_SubclassLevel1_VSM_P_aki_vs_ckd,acute kidney injury vs chronic kidney disease,ENSG00000009724,MASP2,lectin,True,26,19,0.2657357576410531,-0.8664159779413251,1.1450772612268354,-0.0008359714478066,0.0405335525872601,-0.0008359714478066,0.0405335525872601,True,0.4492631005319435,0.9990404652200254,False,,,,,,,,,,pseudobulk_de_targeted_SubclassLevel1_VSM_P_aki_vs_ckd.csv
,targeted_SubclassLevel1_VSM_P_aki_vs_ckd,acute kidney injury vs chronic kidney disease,ENSG00000165471,MBL2,lectin,False,0,0,,,,,,,,,,,False,,,,,,,,,,pseudobulk_de_targeted_SubclassLevel1_VSM_P_aki_vs_ckd.csv
,targeted_SubclassLevel1_VSM_P_aki_vs_ckd,acute kidney injury vs chronic kidney disease,ENSG00000171860,C3AR1,receptor,False,19,14,,,,,,,,,,,False,,,,,,,,,,pseudobulk_de_targeted_SubclassLevel1_VSM_P_aki_vs_ckd.csv
,targeted_SubclassLevel1_VSM_P_aki_vs_ckd,acute kidney injury vs chronic kidney disease,ENSG00000197405,C5AR1,receptor,True,277,55,2.726545520883034,-0.2630105016694996,0.5311293778219063,-0.0011879127066688,0.0444296892576616,-0.0011879127066688,0.0444296892576616,True,0.6204652844503294,0.9990404652200254,False,,,,,,,,,,pseudobulk_de_targeted_SubclassLevel1_VSM_P_aki_vs_ckd.csv
,targeted_SubclassLevel1_VSM_P_aki_vs_ckd,acute kidney injury vs chronic kidney disease,ENSG00000134830,C5AR2,receptor,False,18,14,,,,,,,,,,,False,,,,,,,,,,pseudobulk_de_targeted_SubclassLevel1_VSM_P_aki_vs_ckd.csv
,targeted_SubclassLevel1_VSM_P_aki_vs_ckd,acute kidney injury vs chronic kidney disease,ENSG00000203710,CR1,receptor,True,50,26,0.4839135352919445,0.1804279280520103,0.8868583607653715,0.0005180244488374,0.0652938111057155,0.0005180244488374,0.0652938111057155,True,0.8387863235862336,0.9990404652200254,False,,,,,,,,,,pseudobulk_de_targeted_SubclassLevel1_VSM_P_aki_vs_ckd.csv
,targeted_SubclassLevel1_VSM_P_aki_vs_ckd,acute kidney injury vs chronic kidney disease,ENSG00000117322,CR2,receptor,False,18,12,,,,,,,,,,,False,,,,,,,,,,pseudobulk_de_targeted_SubclassLevel1_VSM_P_aki_vs_ckd.csv
,targeted_SubclassLevel1_VSM_P_aki_vs_ckd,acute kidney injury vs chronic kidney disease,ENSG00000169896,ITGAM,receptor,True,31,25,0.3073438816922426,-0.660124825859621,0.962369099804168,-0.0010281070119072,0.0441621823142005,-0.0010281070119072,0.0441621823142005,True,0.4927526712763173,0.9990404652200254,False,,,,,,,,,,pseudobulk_de_targeted_SubclassLevel1_VSM_P_aki_vs_ckd.csv
,targeted_SubclassLevel1_VSM_P_aki_vs_ckd,acute kidney injury vs chronic kidney disease,ENSG00000140678,ITGAX,receptor,True,32,21,0.417547378082328,-0.1888081384978528,1.1367990943700887,0.0003416813225644,0.0408717690548828,0.0003416813225644,0.0408717690548828,True,0.8680880779950516,0.9990404652200254,False,,,,,,,,,,pseudobulk_de_targeted_SubclassLevel1_VSM_P_aki_vs_ckd.csv
,targeted_SubclassLevel1_VSM_P_aki_vs_ckd,acute kidney injury vs chronic kidney disease,ENSG00000155659,VSIG4,receptor,False,16,10,,,,,,,,,,,False,,,,,,,,,,pseudobulk_de_targeted_SubclassLevel1_VSM_P_aki_vs_ckd.csv
,targeted_SubclassLevel1_VSM_P_aki_vs_ckd,acute kidney injury vs chronic kidney disease,ENSG00000117335,CD46,regulator,True,4817,76,44.05518115025047,-0.2513937305738479,0.2198449540303143,-0.0059161182883678,0.0456397228892683,-0.0059161182883678,0.0456397228892683,True,0.2528291188412788,0.9990404652200254,False,,,,,,,,,,pseudobulk_de_targeted_SubclassLevel1_VSM_P_aki_vs_ckd.csv
,targeted_SubclassLevel1_VSM_P_aki_vs_ckd,acute kidney injury vs chronic kidney disease,ENSG00000196352,CD55,regulator,True,1176,72,12.559680639186622,-1.7714615197441492,0.4229170751513466,-0.0113060175185367,0.0466494520844437,-0.0113060175185367,0.0466494520844437,True,2.8058982400828484e-05,0.1695510776540729,False,,,,,,,,,,pseudobulk_de_targeted_SubclassLevel1_VSM_P_aki_vs_ckd.csv
,targeted_SubclassLevel1_VSM_P_aki_vs_ckd,acute kidney injury vs chronic kidney disease,ENSG00000085063,CD59,regulator,True,1626,74,15.7457539586465,-0.189686885604813,0.4011403911373128,-0.0013434059525647,0.0513410115504457,-0.0013434059525647,0.0513410115504457,True,0.636306589477267,0.9990404652200254,False,,,,,,,,,,pseudobulk_de_targeted_SubclassLevel1_VSM_P_aki_vs_ckd.csv
,targeted_SubclassLevel1_VSM_P_aki_vs_ckd,acute kidney injury vs chronic kidney disease,ENSG00000000971,CFH,regulator,True,1083,73,11.46443945991582,0.1788477377395341,0.4355101682278334,0.0012030495200708,0.0454624261143548,0.0012030495200708,0.0454624261143548,True,0.6813199549949479,0.9990404652200254,False,,,,,,,,,,pseudobulk_de_targeted_SubclassLevel1_VSM_P_aki_vs_ckd.csv
,targeted_SubclassLevel1_VSM_P_aki_vs_ckd,acute kidney injury vs chronic kidney disease,ENSG00000205403,CFI,regulator,True,433,65,4.1916738206871,0.757524783833363,0.4811172705163676,0.004199665984258,0.0473856429350132,0.004199665984258,0.0473856429350132,True,0.1153691928770633,0.9990404652200254,False,,,,,,,,,,pseudobulk_de_targeted_SubclassLevel1_VSM_P_aki_vs_ckd.csv
,targeted_SubclassLevel1_VSM_P_aki_vs_ckd,acute kidney injury vs chronic kidney disease,ENSG00000149131,SERPING1,regulator,True,1290,74,12.64632997195202,0.1738249166104268,0.3583082766259501,0.0014938584960942,0.0474169754147811,0.0014938584960942,0.0474169754147811,True,0.6275864639387938,0.9990404652200254,False,,,,,,,,,,pseudobulk_de_targeted_SubclassLevel1_VSM_P_aki_vs_ckd.csv
,targeted_SubclassLevel1_VSM_P_aki_vs_ckd,acute kidney injury vs chronic kidney disease,ENSG00000106804,C5,terminal,True,309,66,2.6910842362262275,0.0808535209128501,0.3654026254534145,0.0007902792832107,0.0480161718034033,0.0007902792832107,0.0480161718034033,True,0.8248803282900434,0.9990404652200254,False,,,,,,,,,,pseudobulk_de_targeted_SubclassLevel1_VSM_P_aki_vs_ckd.csv
,targeted_SubclassLevel1_VSM_P_aki_vs_ckd,acute kidney injury vs chronic kidney disease,ENSG00000039537,C6,terminal,True,57,29,0.5408430938444488,0.0042263714722495,0.8422613862380222,0.0001245137788207,0.0681546958195534,0.0001245137788207,0.0681546958195534,True,0.9959963231726844,0.9996289934445808,False,,,,,,,,,,pseudobulk_de_targeted_SubclassLevel1_VSM_P_aki_vs_ckd.csv
,targeted_SubclassLevel1_VSM_P_aki_vs_ckd,acute kidney injury vs chronic kidney disease,ENSG00000112936,C7,terminal,True,5256,76,55.822283411708774,0.3821708368354161,0.4719461949024746,0.0018836233808452,0.0529112733172383,0.0018836233808452,0.0529112733172383,True,0.4180687643618944,0.9990404652200254,False,,,,,,,,,,pseudobulk_de_targeted_SubclassLevel1_VSM_P_aki_vs_ckd.csv
,targeted_SubclassLevel1_VSM_P_aki_vs_ckd,acute kidney injury vs chronic kidney disease,ENSG00000157131,C8A,terminal,False,1,1,,,,,,,,,,,False,,,,,,,,,,pseudobulk_de_targeted_SubclassLevel1_VSM_P_aki_vs_ckd.csv
,targeted_SubclassLevel1_VSM_P_aki_vs_ckd,acute kidney injury vs chronic kidney disease,ENSG00000021852,C8B,terminal,False,3,3,,,,,,,,,,,False,,,,,,,,,,pseudobulk_de_targeted_SubclassLevel1_VSM_P_aki_vs_ckd.csv
,targeted_SubclassLevel1_VSM_P_aki_vs_ckd,acute kidney injury vs chronic kidney disease,ENSG00000176919,C8G,terminal,False,5,3,,,,,,,,,,,False,,,,,,,,,,pseudobulk_de_targeted_SubclassLevel1_VSM_P_aki_vs_ckd.csv
,targeted_SubclassLevel1_VSM_P_aki_vs_ckd,acute kidney injury vs chronic kidney disease,ENSG00000113600,C9,terminal,True,43,22,0.4263038218853218,0.6157113595367846,1.0508700497868546,0.0011614013001354,0.0446272860465726,0.0011614013001354,0.0446272860465726,True,0.5579384982307116,0.9990404652200254,False,,,,,,,,,,pseudobulk_de_targeted_SubclassLevel1_VSM_P_aki_vs_ckd.csv
,targeted_SubclassLevel1_VSM_P_aki_vs_normal,acute kidney injury vs normal,ENSG00000125730,C3,alternative,True,293,48,1.7758068928063375,2.051434908209524,0.6604212170491554,0.1045569445354346,0.5225998509667263,0.1045569445354346,0.5225998509667263,True,0.0018947499177818,,False,,,,,,,,,,pseudobulk_de_targeted_SubclassLevel1_VSM_P_aki_vs_normal.csv
,targeted_SubclassLevel1_VSM_P_aki_vs_normal,acute kidney injury vs normal,ENSG00000243649,CFB,alternative,True,431,58,2.557341941258686,-0.4279414046540427,0.585132642683691,-0.0280130050293145,0.329774930240454,-0.0280130050293145,0.329774930240454,True,0.4645605482670274,,False,,,,,,,,,,pseudobulk_de_targeted_SubclassLevel1_VSM_P_aki_vs_normal.csv
,targeted_SubclassLevel1_VSM_P_aki_vs_normal,acute kidney injury vs normal,ENSG00000197766,CFD,alternative,True,296,43,1.398672030698485,0.4473042556403793,0.6873330421742118,0.0179817118315685,1.4349892936636977,0.0179817118315685,1.4349892936636977,True,0.5151869546854222,,False,,,,,,,,,,pseudobulk_de_targeted_SubclassLevel1_VSM_P_aki_vs_normal.csv
,targeted_SubclassLevel1_VSM_P_aki_vs_normal,acute kidney injury vs normal,ENSG00000126759,CFP,alternative,False,14,12,,,,,,,,,,,False,,,,,,,,,,pseudobulk_de_targeted_SubclassLevel1_VSM_P_aki_vs_normal.csv
,targeted_SubclassLevel1_VSM_P_aki_vs_normal,acute kidney injury vs normal,ENSG00000173372,C1QA,classical,True,190,43,1.099499442025683,0.9961482166451494,0.652625056735678,0.0529709665601208,0.3554514692879051,0.0529709665601208,0.3554514692879051,True,0.1269173979610656,,False,,,,,,,,,,pseudobulk_de_targeted_SubclassLevel1_VSM_P_aki_vs_normal.csv
,targeted_SubclassLevel1_VSM_P_aki_vs_normal,acute kidney injury vs normal,ENSG00000173369,C1QB,classical,True,205,47,1.5836126572776152,0.6173121417003569,0.6654210913153648,0.034363099587349,3.129473348407177,0.034363099587349,3.129473348407177,True,0.3535624323930622,,False,,,,,,,,,,pseudobulk_de_targeted_SubclassLevel1_VSM_P_aki_vs_normal.csv
,targeted_SubclassLevel1_VSM_P_aki_vs_normal,acute kidney injury vs normal,ENSG00000159189,C1QC,classical,True,99,30,0.6253549403049188,0.5376479492426741,0.8779457102715322,0.0228499781027015,0.8952334709272803,0.0228499781027015,0.8952334709272803,True,0.5402776651279222,,False,,,,,,,,,,pseudobulk_de_targeted_SubclassLevel1_VSM_P_aki_vs_normal.csv
,targeted_SubclassLevel1_VSM_P_aki_vs_normal,acute kidney injury vs normal,ENSG00000159403,C1R,classical,True,2323,77,13.843480313175617,0.4712394634503665,0.4137963712224006,0.066920864547941,0.2930269003876872,0.066920864547941,0.2930269003876872,True,0.2547783592041427,0.6077707094016955,False,,,,,,,,,,pseudobulk_de_targeted_SubclassLevel1_VSM_P_aki_vs_normal.csv
,targeted_SubclassLevel1_VSM_P_aki_vs_normal,acute kidney injury vs normal,ENSG00000182326,C1S,classical,True,2586,83,15.317027969467569,0.2221105491396829,0.336770434052413,0.041976957497461,0.2639320120908148,0.041976957497461,0.2639320120908148,True,0.5095548309191059,0.7968044742252157,False,,,,,,,,,,pseudobulk_de_targeted_SubclassLevel1_VSM_P_aki_vs_normal.csv
,targeted_SubclassLevel1_VSM_P_aki_vs_normal,acute kidney injury vs normal,ENSG00000166278,C2,classical,True,368,67,2.5493671381024035,-0.2321363076270124,0.4192402378771191,-0.0310948064667204,0.2534364316799235,-0.0310948064667204,0.2534364316799235,True,0.5797792969525799,,False,,,,,,,,,,pseudobulk_de_targeted_SubclassLevel1_VSM_P_aki_vs_normal.csv
,targeted_SubclassLevel1_VSM_P_aki_vs_normal,acute kidney injury vs normal,ENSG00000244731,C4A,classical,False,16,11,,,,,,,,,,,False,,,,,,,,,,pseudobulk_de_targeted_SubclassLevel1_VSM_P_aki_vs_normal.csv
,targeted_SubclassLevel1_VSM_P_aki_vs_normal,acute kidney injury vs normal,ENSG00000224389,C4B,classical,False,8,7,,,,,,,,,,,False,,,,,,,,,,pseudobulk_de_targeted_SubclassLevel1_VSM_P_aki_vs_normal.csv
,targeted_SubclassLevel1_VSM_P_aki_vs_normal,acute kidney injury vs normal,ENSG00000123838,C4BPA,classical,True,34,23,0.364276217067804,0.3055736491530594,0.8115291317062107,0.006831778332826,0.9316646948910828,0.006831778332826,0.9316646948910828,True,0.7065150536816499,,False,,,,,,,,,,pseudobulk_de_targeted_SubclassLevel1_VSM_P_aki_vs_normal.csv
,targeted_SubclassLevel1_VSM_P_aki_vs_normal,acute kidney injury vs normal,ENSG00000123843,C4BPB,classical,True,27,15,0.1386520957554725,0.2472321368087807,1.459414944838625,-0.0043991169071953,0.4117218455639091,-0.0043991169071953,0.4117218455639091,True,0.8654781188980426,,False,,,,,,,,,,pseudobulk_de_targeted_SubclassLevel1_VSM_P_aki_vs_normal.csv
,targeted_SubclassLevel1_VSM_P_aki_vs_normal,acute kidney injury vs normal,ENSG00000085265,FCN1,lectin,True,26,17,0.1063052465388452,0.3569229609034341,1.2217441724840763,-0.0026356327465875,0.3145754499206336,-0.0026356327465875,0.3145754499206336,True,0.7701779458614382,,False,,,,,,,,,,pseudobulk_de_targeted_SubclassLevel1_VSM_P_aki_vs_normal.csv
,targeted_SubclassLevel1_VSM_P_aki_vs_normal,acute kidney injury vs normal,ENSG00000160339,FCN2,lectin,False,3,3,,,,,,,,,,,False,,,,,,,,,,pseudobulk_de_targeted_SubclassLevel1_VSM_P_aki_vs_normal.csv
,targeted_SubclassLevel1_VSM_P_aki_vs_normal,acute kidney injury vs normal,ENSG00000142748,FCN3,lectin,True,77,33,0.57347465589081,-0.7008827525025217,0.845167989141301,-0.0297954825511897,0.2802534127300505,-0.0297954825511897,0.2802534127300505,True,0.4069447520507552,,False,,,,,,,,,,pseudobulk_de_targeted_SubclassLevel1_VSM_P_aki_vs_normal.csv
,targeted_SubclassLevel1_VSM_P_aki_vs_normal,acute kidney injury vs normal,ENSG00000127241,MASP1,lectin,True,106,40,0.753079318339031,0.168239899559368,0.6642415997528959,0.0065979376612584,0.7436564047022373,0.0065979376612584,0.7436564047022373,True,0.8000509343290043,,False,,,,,,,,,,pseudobulk_de_targeted_SubclassLevel1_VSM_P_aki_vs_normal.csv
,targeted_SubclassLevel1_VSM_P_aki_vs_normal,acute kidney injury vs normal,ENSG00000009724,MASP2,lectin,True,38,22,0.2137132245672351,-0.1871346352938896,0.9551660106321692,-0.0147436857575003,0.3040832254558781,-0.0147436857575003,0.3040832254558781,True,0.844674003479838,,False,,,,,,,,,,pseudobulk_de_targeted_SubclassLevel1_VSM_P_aki_vs_normal.csv
,targeted_SubclassLevel1_VSM_P_aki_vs_normal,acute kidney injury vs normal,ENSG00000165471,MBL2,lectin,False,0,0,,,,,,,,,,,False,,,,,,,,,,pseudobulk_de_targeted_SubclassLevel1_VSM_P_aki_vs_normal.csv
,targeted_SubclassLevel1_VSM_P_aki_vs_normal,acute kidney injury vs normal,ENSG00000171860,C3AR1,receptor,True,48,25,0.2959539713781418,0.3003668929112089,0.8235543582771276,0.0086758112767564,0.432383027181103,0.0086758112767564,0.432383027181103,True,0.7153202941070073,,False,,,,,,,,,,pseudobulk_de_targeted_SubclassLevel1_VSM_P_aki_vs_normal.csv
,targeted_SubclassLevel1_VSM_P_aki_vs_normal,acute kidney injury vs normal,ENSG00000197405,C5AR1,receptor,True,530,69,3.4316344494446573,-0.0954382906951775,0.4087147302405271,-0.0108918021127613,0.3666024671467225,-0.0108918021127613,0.3666024671467225,True,0.8153667083992998,0.941002313644404,False,,,,,,,,,,pseudobulk_de_targeted_SubclassLevel1_VSM_P_aki_vs_normal.csv
,targeted_SubclassLevel1_VSM_P_aki_vs_normal,acute kidney injury vs normal,ENSG00000134830,C5AR2,receptor,True,50,30,0.3493441577829912,0.4121912560572061,0.8219653266134175,0.0118383250553238,0.5354653198377558,0.0118383250553238,0.5354653198377558,True,0.6160401260712698,,False,,,,,,,,,,pseudobulk_de_targeted_SubclassLevel1_VSM_P_aki_vs_normal.csv
,targeted_SubclassLevel1_VSM_P_aki_vs_normal,acute kidney injury vs normal,ENSG00000203710,CR1,receptor,True,116,41,0.8451212287062623,-0.2968310454623445,0.7201631959117457,-0.0135838961627866,0.9494998403731028,-0.0135838961627866,0.9494998403731028,True,0.680213418849837,,False,,,,,,,,,,pseudobulk_de_targeted_SubclassLevel1_VSM_P_aki_vs_normal.csv
,targeted_SubclassLevel1_VSM_P_aki_vs_normal,acute kidney injury vs normal,ENSG00000117322,CR2,receptor,True,39,19,0.2666515392723753,0.2156170288798215,1.342205220625883,-0.0023805742461725,0.3013017466184199,-0.0023805742461725,0.3013017466184199,True,0.8723739074312404,,False,,,,,,,,,,pseudobulk_de_targeted_SubclassLevel1_VSM_P_aki_vs_normal.csv
,targeted_SubclassLevel1_VSM_P_aki_vs_normal,acute kidney injury vs normal,ENSG00000169896,ITGAM,receptor,True,30,23,0.2394117940507651,0.849600864116735,0.9464804638842526,0.032483325139128,0.6298742982224386,0.032483325139128,0.6298742982224386,True,0.3693763005535512,,False,,,,,,,,,,pseudobulk_de_targeted_SubclassLevel1_VSM_P_aki_vs_normal.csv
,targeted_SubclassLevel1_VSM_P_aki_vs_normal,acute kidney injury vs normal,ENSG00000140678,ITGAX,receptor,True,40,23,0.4684167093573535,0.0827612767688507,1.090102307152799,-0.006676717226514,0.3750027496439275,-0.006676717226514,0.3750027496439275,True,0.9394822271865516,,False,,,,,,,,,,pseudobulk_de_targeted_SubclassLevel1_VSM_P_aki_vs_normal.csv
,targeted_SubclassLevel1_VSM_P_aki_vs_normal,acute kidney injury vs normal,ENSG00000155659,VSIG4,receptor,True,59,23,0.3141757664284164,0.4486129187589132,0.9883795230871264,0.0153075454219582,0.3260964905217811,0.0153075454219582,0.3260964905217811,True,0.6499099407420368,,False,,,,,,,,,,pseudobulk_de_targeted_SubclassLevel1_VSM_P_aki_vs_normal.csv
,targeted_SubclassLevel1_VSM_P_aki_vs_normal,acute kidney injury vs normal,ENSG00000117335,CD46,regulator,True,15026,85,88.75231483516289,-0.2994216050697476,0.1801951340156929,-0.1680851194517651,0.1702384255790108,-0.1680851194517651,0.1702384255790108,True,0.096582570324678,0.4129830592916645,False,,,,,,,,,,pseudobulk_de_targeted_SubclassLevel1_VSM_P_aki_vs_normal.csv
,targeted_SubclassLevel1_VSM_P_aki_vs_normal,acute kidney injury vs normal,ENSG00000196352,CD55,regulator,True,2272,81,15.89621837968657,-0.6907096305916705,0.3004229731059246,-0.2817056503271896,0.3226007139249233,-0.2817056503271896,0.3226007139249233,True,0.0214979060337052,0.207388060785086,False,,,,,,,,,,pseudobulk_de_targeted_SubclassLevel1_VSM_P_aki_vs_normal.csv
,targeted_SubclassLevel1_VSM_P_aki_vs_normal,acute kidney injury vs normal,ENSG00000085063,CD59,regulator,True,4962,85,30.668488123468507,-0.3249808747783281,0.3142549502490374,-0.0677999319078675,0.2448223338114275,-0.0677999319078675,0.2448223338114275,True,0.3010747935866515,0.6507291382808217,False,,,,,,,,,,pseudobulk_de_targeted_SubclassLevel1_VSM_P_aki_vs_normal.csv
,targeted_SubclassLevel1_VSM_P_aki_vs_normal,acute kidney injury vs normal,ENSG00000000971,CFH,regulator,True,2661,82,17.289243131459852,0.1996838214349667,0.3242879467610988,0.0381448442395112,0.3065299581431496,0.0381448442395112,0.3065299581431496,True,0.5380523704284716,0.811398131010936,False,,,,,,,,,,pseudobulk_de_targeted_SubclassLevel1_VSM_P_aki_vs_normal.csv
,targeted_SubclassLevel1_VSM_P_aki_vs_normal,acute kidney injury vs normal,ENSG00000205403,CFI,regulator,True,970,72,6.410138586017346,0.7879526852825568,0.4073210306391073,0.1251916570895742,0.4801907033177203,0.1251916570895742,0.4801907033177203,True,0.0530546520532647,0.3177047872115804,False,,,,,,,,,,pseudobulk_de_targeted_SubclassLevel1_VSM_P_aki_vs_normal.csv
,targeted_SubclassLevel1_VSM_P_aki_vs_normal,acute kidney injury vs normal,ENSG00000149131,SERPING1,regulator,True,3856,82,23.69895246302649,0.1956453250377061,0.339765479667414,0.0386584938443177,0.2200784972708352,0.0386584938443177,0.2200784972708352,True,0.5647337369007764,0.8240196819175961,False,,,,,,,,,,pseudobulk_de_targeted_SubclassLevel1_VSM_P_aki_vs_normal.csv
,targeted_SubclassLevel1_VSM_P_aki_vs_normal,acute kidney injury vs normal,ENSG00000106804,C5,terminal,True,814,77,5.060526750894898,0.0478369805064346,0.3003971475631198,0.0092687444788994,0.3429001330258364,0.0092687444788994,0.3429001330258364,True,0.873475230420963,0.9607582255615584,False,,,,,,,,,,pseudobulk_de_targeted_SubclassLevel1_VSM_P_aki_vs_normal.csv
,targeted_SubclassLevel1_VSM_P_aki_vs_normal,acute kidney injury vs normal,ENSG00000039537,C6,terminal,True,122,42,0.9270596034910222,-0.557327548658056,0.7116899141175143,-0.029090302262625,0.5030914467050238,-0.029090302262625,0.5030914467050238,True,0.4335657700449891,,False,,,,,,,,,,pseudobulk_de_targeted_SubclassLevel1_VSM_P_aki_vs_normal.csv
,targeted_SubclassLevel1_VSM_P_aki_vs_normal,acute kidney injury vs normal,ENSG00000112936,C7,terminal,True,11284,85,75.59259583558242,0.4874421646822754,0.3597812557729037,0.1071708410911912,0.248852814277178,0.1071708410911912,0.248852814277178,True,0.1754719688462759,0.5343510723654938,False,,,,,,,,,,pseudobulk_de_targeted_SubclassLevel1_VSM_P_aki_vs_normal.csv
,targeted_SubclassLevel1_VSM_P_aki_vs_normal,acute kidney injury vs normal,ENSG00000157131,C8A,terminal,False,2,2,,,,,,,,,,,False,,,,,,,,,,pseudobulk_de_targeted_SubclassLevel1_VSM_P_aki_vs_normal.csv
,targeted_SubclassLevel1_VSM_P_aki_vs_normal,acute kidney injury vs normal,ENSG00000021852,C8B,terminal,False,4,4,,,,,,,,,,,False,,,,,,,,,,pseudobulk_de_targeted_SubclassLevel1_VSM_P_aki_vs_normal.csv
,targeted_SubclassLevel1_VSM_P_aki_vs_normal,acute kidney injury vs normal,ENSG00000176919,C8G,terminal,False,12,9,,,,,,,,,,,False,,,,,,,,,,pseudobulk_de_targeted_SubclassLevel1_VSM_P_aki_vs_normal.csv
,targeted_SubclassLevel1_VSM_P_aki_vs_normal,acute kidney injury vs normal,ENSG00000113600,C9,terminal,True,53,26,0.4506987192214641,1.5052773170353109,0.7831853661283424,0.0633020692252341,0.4563297137849979,0.0633020692252341,0.4563297137849979,True,0.0546065541082891,,False,,,,,,,,,,pseudobulk_de_targeted_SubclassLevel1_VSM_P_aki_vs_normal.csv
,targeted_SubclassLevel1_VSM_P_ckd_vs_normal,chronic kidney disease vs normal,ENSG00000125730,C3,alternative,True,314,68,1.3010869403169734,0.408579709471233,0.683024863731021,0.0973875797201497,0.6178931192664304,0.0973875797201497,0.6178931192664304,True,0.5497121216580879,,False,,,,,,,,,,pseudobulk_de_targeted_SubclassLevel1_VSM_P_ckd_vs_normal.csv
,targeted_SubclassLevel1_VSM_P_ckd_vs_normal,chronic kidney disease vs normal,ENSG00000243649,CFB,alternative,True,495,82,1.7892079094461828,-1.1767655676222686,0.5391899505935708,-0.7244740853943359,0.5174053736979805,-0.7244740853943359,0.5174053736979805,True,0.0290749072949598,0.1646738874633041,False,,,,,,,,,,pseudobulk_de_targeted_SubclassLevel1_VSM_P_ckd_vs_normal.csv
,targeted_SubclassLevel1_VSM_P_ckd_vs_normal,chronic kidney disease vs normal,ENSG00000197766,CFD,alternative,True,313,61,0.960871906840506,0.2777057227515825,0.6197323857929745,0.0823489026162981,0.4999678353753372,0.0823489026162981,0.4999678353753372,True,0.6540767885404561,,False,,,,,,,,,,pseudobulk_de_targeted_SubclassLevel1_VSM_P_ckd_vs_normal.csv
,targeted_SubclassLevel1_VSM_P_ckd_vs_normal,chronic kidney disease vs normal,ENSG00000126759,CFP,alternative,True,20,18,0.0701679569262558,0.9695203484015492,1.1764449952122515,0.0826267990852451,1.1688658733620456,0.0826267990852451,1.1688658733620456,True,0.4098769314357986,,False,,,,,,,,,,pseudobulk_de_targeted_SubclassLevel1_VSM_P_ckd_vs_normal.csv
,targeted_SubclassLevel1_VSM_P_ckd_vs_normal,chronic kidney disease vs normal,ENSG00000173372,C1QA,classical,True,240,62,1.01547705985893,-0.6085692134437737,0.6645834812711708,-0.1698042136935623,0.5947699275592525,-0.1698042136935623,0.5947699275592525,True,0.3598162763810165,,False,,,,,,,,,,pseudobulk_de_targeted_SubclassLevel1_VSM_P_ckd_vs_normal.csv
,targeted_SubclassLevel1_VSM_P_ckd_vs_normal,chronic kidney disease vs normal,ENSG00000173369,C1QB,classical,True,223,63,0.9296687041639564,-0.5429827162841409,0.6803211661664473,-0.1845297716066095,0.5080919351617357,-0.1845297716066095,0.5080919351617357,True,0.4247967732814205,,False,,,,,,,,,,pseudobulk_de_targeted_SubclassLevel1_VSM_P_ckd_vs_normal.csv
,targeted_SubclassLevel1_VSM_P_ckd_vs_normal,chronic kidney disease vs normal,ENSG00000159189,C1QC,classical,True,111,40,0.4230157098362956,-0.4181053891640302,0.8232799156063102,-0.1237581807905392,0.679068007153514,-0.1237581807905392,0.679068007153514,True,0.6115562553048302,,False,,,,,,,,,,pseudobulk_de_targeted_SubclassLevel1_VSM_P_ckd_vs_normal.csv
,targeted_SubclassLevel1_VSM_P_ckd_vs_normal,chronic kidney disease vs normal,ENSG00000159403,C1R,classical,True,2504,116,9.386377677319407,-0.6258878805011888,0.4168166612581024,-0.37569465697788,0.3810074840242273,-0.37569465697788,0.3810074840242273,True,0.1332029344437099,0.3543347359529105,False,,,,,,,,,,pseudobulk_de_targeted_SubclassLevel1_VSM_P_ckd_vs_normal.csv
,targeted_SubclassLevel1_VSM_P_ckd_vs_normal,chronic kidney disease vs normal,ENSG00000182326,C1S,classical,True,2926,128,11.407059100810944,-0.4318038514622281,0.3168164883645245,-0.299518385674425,0.2933080915057906,-0.299518385674425,0.2933080915057906,True,0.1728994443920666,0.4115218861915994,False,,,,,,,,,,pseudobulk_de_targeted_SubclassLevel1_VSM_P_ckd_vs_normal.csv
,targeted_SubclassLevel1_VSM_P_ckd_vs_normal,chronic kidney disease vs normal,ENSG00000166278,C2,classical,True,451,95,1.9927496332366252,-0.0619802611440122,0.3863361079052074,-0.0318229238729678,0.3799734971577979,-0.0318229238729678,0.3799734971577979,True,0.8725416264211904,0.9396301629695956,False,,,,,,,,,,pseudobulk_de_targeted_SubclassLevel1_VSM_P_ckd_vs_normal.csv
,targeted_SubclassLevel1_VSM_P_ckd_vs_normal,chronic kidney disease vs normal,ENSG00000244731,C4A,classical,False,18,13,,,,,,,,,,,False,,,,,,,,,,pseudobulk_de_targeted_SubclassLevel1_VSM_P_ckd_vs_normal.csv
,targeted_SubclassLevel1_VSM_P_ckd_vs_normal,chronic kidney disease vs normal,ENSG00000224389,C4B,classical,False,11,10,,,,,,,,,,,False,,,,,,,,,,pseudobulk_de_targeted_SubclassLevel1_VSM_P_ckd_vs_normal.csv
,targeted_SubclassLevel1_VSM_P_ckd_vs_normal,chronic kidney disease vs normal,ENSG00000123838,C4BPA,classical,True,42,27,0.2353639038458271,0.0964636268773305,0.9116153783377714,-0.104686276277035,0.8083062095977808,-0.104686276277035,0.8083062095977808,True,0.9157282252684248,,False,,,,,,,,,,pseudobulk_de_targeted_SubclassLevel1_VSM_P_ckd_vs_normal.csv
,targeted_SubclassLevel1_VSM_P_ckd_vs_normal,chronic kidney disease vs normal,ENSG00000123843,C4BPB,classical,True,41,26,0.2037946251406113,1.7187781198395304,1.0242364794269874,0.3579135156557719,1.366680833637617,0.3579135156557719,1.366680833637617,True,0.0933262669488221,,False,,,,,,,,,,pseudobulk_de_targeted_SubclassLevel1_VSM_P_ckd_vs_normal.csv
,targeted_SubclassLevel1_VSM_P_ckd_vs_normal,chronic kidney disease vs normal,ENSG00000085265,FCN1,lectin,True,32,23,0.1246691673008348,0.6749118362088039,1.0989696646981764,0.0151826609361414,1.1246551895752044,0.0151826609361414,1.1246551895752044,True,0.5391284657572433,,False,,,,,,,,,,pseudobulk_de_targeted_SubclassLevel1_VSM_P_ckd_vs_normal.csv
,targeted_SubclassLevel1_VSM_P_ckd_vs_normal,chronic kidney disease vs normal,ENSG00000160339,FCN2,lectin,False,5,5,,,,,,,,,,,False,,,,,,,,,,pseudobulk_de_targeted_SubclassLevel1_VSM_P_ckd_vs_normal.csv
,targeted_SubclassLevel1_VSM_P_ckd_vs_normal,chronic kidney disease vs normal,ENSG00000142748,FCN3,lectin,True,100,41,0.4680160883287295,0.2248002855648981,0.8030644266253031,-0.0035252259751233,0.5828318484216357,-0.0035252259751233,0.5828318484216357,True,0.7795326809813365,,False,,,,,,,,,,pseudobulk_de_targeted_SubclassLevel1_VSM_P_ckd_vs_normal.csv
,targeted_SubclassLevel1_VSM_P_ckd_vs_normal,chronic kidney disease vs normal,ENSG00000127241,MASP1,lectin,True,141,56,0.6722498573291,0.7189652298147408,0.664257736020377,0.1875048545323218,0.6573017529732061,0.1875048545323218,0.6573017529732061,True,0.2790931119140811,,False,,,,,,,,,,pseudobulk_de_targeted_SubclassLevel1_VSM_P_ckd_vs_normal.csv
,targeted_SubclassLevel1_VSM_P_ckd_vs_normal,chronic kidney disease vs normal,ENSG00000009724,MASP2,lectin,True,58,35,0.2743196123458067,0.4267990062930093,0.7858956711720805,0.0083712800646987,0.7234774296307221,0.0083712800646987,0.7234774296307221,True,0.5870792907602707,,False,,,,,,,,,,pseudobulk_de_targeted_SubclassLevel1_VSM_P_ckd_vs_normal.csv
,targeted_SubclassLevel1_VSM_P_ckd_vs_normal,chronic kidney disease vs normal,ENSG00000165471,MBL2,lectin,False,0,0,,,,,,,,,,,False,,,,,,,,,,pseudobulk_de_targeted_SubclassLevel1_VSM_P_ckd_vs_normal.csv
,targeted_SubclassLevel1_VSM_P_ckd_vs_normal,chronic kidney disease vs normal,ENSG00000171860,C3AR1,receptor,True,55,29,0.2471297892993708,-0.0970715740769865,0.897614581756935,-0.1556044277182875,0.792902924358666,-0.1556044277182875,0.792902924358666,True,0.9138815164368737,,False,,,,,,,,,,pseudobulk_de_targeted_SubclassLevel1_VSM_P_ckd_vs_normal.csv
,targeted_SubclassLevel1_VSM_P_ckd_vs_normal,chronic kidney disease vs normal,ENSG00000197405,C5AR1,receptor,True,699,100,3.1029416049773615,0.3782366292770927,0.3909326818122287,0.1970650736180108,0.4056834419400834,0.1970650736180108,0.4056834419400834,True,0.3332823063586193,0.5815006640971875,False,,,,,,,,,,pseudobulk_de_targeted_SubclassLevel1_VSM_P_ckd_vs_normal.csv
,targeted_SubclassLevel1_VSM_P_ckd_vs_normal,chronic kidney disease vs normal,ENSG00000134830,C5AR2,receptor,True,60,36,0.2123541993372516,0.7773763003961468,0.7860013271159015,0.1224130785573653,0.8297276672847033,0.1224130785573653,0.8297276672847033,True,0.3226500774534447,,False,,,,,,,,,,pseudobulk_de_targeted_SubclassLevel1_VSM_P_ckd_vs_normal.csv
,targeted_SubclassLevel1_VSM_P_ckd_vs_normal,chronic kidney disease vs normal,ENSG00000203710,CR1,receptor,True,142,53,0.6560238442961287,-0.4536675602793674,0.731888884697709,-0.1832566258686898,0.6309129621993675,-0.1832566258686898,0.6309129621993675,True,0.5353509374507835,,False,,,,,,,,,,pseudobulk_de_targeted_SubclassLevel1_VSM_P_ckd_vs_normal.csv
,targeted_SubclassLevel1_VSM_P_ckd_vs_normal,chronic kidney disease vs normal,ENSG00000117322,CR2,receptor,True,51,27,0.2397650156784214,0.8173067051896471,1.1603108709774936,0.0382947464507881,0.8958915547565245,0.0382947464507881,0.8958915547565245,True,0.4811924371942839,,False,,,,,,,,,,pseudobulk_de_targeted_SubclassLevel1_VSM_P_ckd_vs_normal.csv
,targeted_SubclassLevel1_VSM_P_ckd_vs_normal,chronic kidney disease vs normal,ENSG00000169896,ITGAM,receptor,True,51,38,0.2736930789325081,1.491014464430558,0.7445275819923599,0.9990173730561386,0.8910386364134427,0.9990173730561386,0.8910386364134427,True,0.0452168452275097,,False,,,,,,,,,,pseudobulk_de_targeted_SubclassLevel1_VSM_P_ckd_vs_normal.csv
,targeted_SubclassLevel1_VSM_P_ckd_vs_normal,chronic kidney disease vs normal,ENSG00000140678,ITGAX,receptor,True,56,32,0.4224235999484343,0.91369061019878,1.1209777298909074,0.0953798023008928,4.486484110810647,0.0953798023008928,4.486484110810647,True,0.4150244346392208,,False,,,,,,,,,,pseudobulk_de_targeted_SubclassLevel1_VSM_P_ckd_vs_normal.csv
,targeted_SubclassLevel1_VSM_P_ckd_vs_normal,chronic kidney disease vs normal,ENSG00000155659,VSIG4,receptor,True,67,29,0.1810228457517209,0.0668812414602268,0.9027040628639112,-0.0829964477625025,0.6171502975304756,-0.0829964477625025,0.6171502975304756,True,0.9409388626363078,,False,,,,,,,,,,pseudobulk_de_targeted_SubclassLevel1_VSM_P_ckd_vs_normal.csv
,targeted_SubclassLevel1_VSM_P_ckd_vs_normal,chronic kidney disease vs normal,ENSG00000117335,CD46,regulator,True,17103,131,64.90393331165191,-0.3740511585001786,0.1757868760496309,-0.3325522682925568,0.1664723954293795,-0.3325522682925568,0.1664723954293795,True,0.033348081248741,0.176456454749436,False,,,,,,,,,,pseudobulk_de_targeted_SubclassLevel1_VSM_P_ckd_vs_normal.csv
,targeted_SubclassLevel1_VSM_P_ckd_vs_normal,chronic kidney disease vs normal,ENSG00000196352,CD55,regulator,True,3062,129,16.315033666664373,0.6299409325917124,0.2992897407586031,0.4712396999839188,0.2998372086221214,0.4712396999839188,0.2998372086221214,True,0.035309918174942,0.1804359501770488,False,,,,,,,,,,pseudobulk_de_targeted_SubclassLevel1_VSM_P_ckd_vs_normal.csv
,targeted_SubclassLevel1_VSM_P_ckd_vs_normal,chronic kidney disease vs normal,ENSG00000085063,CD59,regulator,True,5624,129,22.63670847152984,-0.5765485322446758,0.3049479458189826,-0.4330026155762265,0.2873255791550998,-0.4330026155762265,0.2873255791550998,True,0.0586716511585453,0.2305896382159959,False,,,,,,,,,,pseudobulk_de_targeted_SubclassLevel1_VSM_P_ckd_vs_normal.csv
,targeted_SubclassLevel1_VSM_P_ckd_vs_normal,chronic kidney disease vs normal,ENSG00000000971,CFH,regulator,True,3164,127,13.924752560536756,-0.0314114157201131,0.3409647610506532,-0.0187649374647724,0.3228061973150697,-0.0187649374647724,0.3228061973150697,True,0.92659863931448,0.9675347500969386,False,,,,,,,,,,pseudobulk_de_targeted_SubclassLevel1_VSM_P_ckd_vs_normal.csv
,targeted_SubclassLevel1_VSM_P_ckd_vs_normal,chronic kidney disease vs normal,ENSG00000205403,CFI,regulator,True,1077,107,4.588501856951216,-0.6892993066609119,0.4277289686940417,-0.3621912395998202,0.4397179938925345,-0.3621912395998202,0.4397179938925345,True,0.1070636216792605,0.3166005288418678,False,,,,,,,,,,pseudobulk_de_targeted_SubclassLevel1_VSM_P_ckd_vs_normal.csv
,targeted_SubclassLevel1_VSM_P_ckd_vs_normal,chronic kidney disease vs normal,ENSG00000149131,SERPING1,regulator,True,4314,128,16.981894941048097,-0.4905668325788127,0.3101641326368822,-0.3611205565719875,0.2800174862704523,-0.3611205565719875,0.2800174862704523,True,0.1137326358853641,0.3261755292301985,False,,,,,,,,,,pseudobulk_de_targeted_SubclassLevel1_VSM_P_ckd_vs_normal.csv
,targeted_SubclassLevel1_VSM_P_ckd_vs_normal,chronic kidney disease vs normal,ENSG00000106804,C5,terminal,True,957,115,3.7554003799648017,-0.1556929927504546,0.2730926137619514,-0.1057809575036158,0.2728137932299521,-0.1057809575036158,0.2728137932299521,True,0.5686026889827047,0.7635978936343987,False,,,,,,,,,,pseudobulk_de_targeted_SubclassLevel1_VSM_P_ckd_vs_normal.csv
,targeted_SubclassLevel1_VSM_P_ckd_vs_normal,chronic kidney disease vs normal,ENSG00000039537,C6,terminal,True,145,59,0.7386496247694989,-0.3357602262975858,0.6489013206757485,-0.11797170779399,0.5236135804084259,-0.11797170779399,0.5236135804084259,True,0.6048568653656461,,False,,,,,,,,,,pseudobulk_de_targeted_SubclassLevel1_VSM_P_ckd_vs_normal.csv
,targeted_SubclassLevel1_VSM_P_ckd_vs_normal,chronic kidney disease vs normal,ENSG00000112936,C7,terminal,True,13756,131,63.670215330930546,0.3019083538551246,0.3770834033789071,0.1768280239975308,0.3275878676829817,0.1768280239975308,0.3275878676829817,True,0.4233396296238012,0.6574630301537415,False,,,,,,,,,,pseudobulk_de_targeted_SubclassLevel1_VSM_P_ckd_vs_normal.csv
,targeted_SubclassLevel1_VSM_P_ckd_vs_normal,chronic kidney disease vs normal,ENSG00000157131,C8A,terminal,False,3,3,,,,,,,,,,,False,,,,,,,,,,pseudobulk_de_targeted_SubclassLevel1_VSM_P_ckd_vs_normal.csv
,targeted_SubclassLevel1_VSM_P_ckd_vs_normal,chronic kidney disease vs normal,ENSG00000021852,C8B,terminal,False,3,3,,,,,,,,,,,False,,,,,,,,,,pseudobulk_de_targeted_SubclassLevel1_VSM_P_ckd_vs_normal.csv
,targeted_SubclassLevel1_VSM_P_ckd_vs_normal,chronic kidney disease vs normal,ENSG00000176919,C8G,terminal,False,11,10,,,,,,,,,,,False,,,,,,,,,,pseudobulk_de_targeted_SubclassLevel1_VSM_P_ckd_vs_normal.csv
,targeted_SubclassLevel1_VSM_P_ckd_vs_normal,chronic kidney disease vs normal,ENSG00000113600,C9,terminal,True,68,30,0.3125626000124943,0.6393043557073966,0.948771054983735,0.064095987244142,0.8420043043522998,0.064095987244142,0.8420043043522998,True,0.5004234502760923,,False,,,,,,,,,,pseudobulk_de_targeted_SubclassLevel1_VSM_P_ckd_vs_normal.csv
