compartment,trajectory,lineage,gene,gene_set,association_p,association_q,association_fdr_0_05,start_end_p,start_end_q,start_end_fdr_0_05,early_mean_log1p_cp10k,late_mean_log1p_cp10k,late_minus_early,transient_shape_descriptive,n_donors_with_early_late,donor_median_late_minus_early,donor_wilcoxon_p,donor_wilcoxon_q,donor_supported_fdr_0_05
FIB,contractile,Lineage1,CFHR1,CFHR_descriptive,,,False,0.272264858854938,0.6175386564410712,False,0.0748972844105569,0.0968070148233052,0.0219097304127482,True,0,,,,False
FIB,contractile,Lineage1,CFHR2,CFHR_descriptive,,,False,,,False,0.0,0.0,0.0,True,0,,,,False
FIB,contractile,Lineage1,CFHR3,CFHR_descriptive,,,False,0.984827574984285,0.9959476559943188,False,0.0334481457070372,0.0168875596169528,-0.0165605860900844,True,0,,,,False
FIB,contractile,Lineage1,CFHR4,CFHR_descriptive,,,False,0.917660417286535,0.9728075319113376,False,0.0466186456445963,0.0477318376496495,0.0011131920050532,True,0,,,,False
FIB,contractile,Lineage1,CFHR5,CFHR_descriptive,,,False,,,False,0.0003179072118162,0.0044711877642608,0.0041532805524445,True,0,,,,False
FIB,contractile,Lineage1,C3,primary,0.0,0.0,True,3.25902468345518e-08,8.890076165685154e-06,True,0.0889080963248666,1.5052072114608988,1.4162991151360322,True,0,,,,False
FIB,contractile,Lineage1,CFI,primary,2.84654586554245e-05,0.0008298542252855,True,0.00059409683091,0.0176975491003873,True,0.2756796164629683,0.5715185065975796,0.2958388901346113,True,0,,,,False
FIB,contractile,Lineage1,CFB,primary,0.0003009131859746,0.0061673472326229,True,6.765299661593e-06,0.0005858606325994,True,0.0985885712525927,0.3083763861979097,0.2097878149453169,True,0,,,,False
FIB,contractile,Lineage1,C7,primary,0.0353528149070367,0.3130921726685888,False,0.020983216198554,0.1714589613188883,False,3.445364058644869,2.619263899927257,-0.8261001587176122,True,0,,,,False
FIB,contractile,Lineage1,C2,primary,0.217446967768982,1.0,False,0.0010220720488624,0.025543771171246,True,0.1104411353401251,0.2561643866428593,0.1457232513027342,True,0,,,,False
FIB,contractile,Lineage1,C5,primary,0.993812322637173,1.0,False,0.673426321310909,0.8742737051555205,False,0.197509160682037,0.1763517554548624,-0.0211574052271746,True,0,,,,False
FIB,contractile,Lineage1,C6,primary,0.999888337605143,1.0,False,0.784276789816109,0.9245728371947468,False,0.2207899803611382,0.1154789690210697,-0.1053110113400684,True,0,,,,False
FIB,contractile,Lineage1,C9,primary,0.224059465000462,1.0,False,0.026398831316115,0.1937532162111453,False,0.0401275948872724,0.0848411392452184,0.0447135443579459,True,0,,,,False
FIB,contractile,Lineage1,CD55,primary,0.99928998666836,1.0,False,0.927526976530871,0.976385002886594,False,0.403263188833394,0.4642760560111542,0.0610128671777601,True,0,,,,False
FIB,contractile,Lineage1,C1QA,primary,,,False,0.09157207705268,0.3806284969021774,False,0.0518980711330993,0.1168630602210726,0.0649649890879733,True,0,,,,False
FIB,contractile,Lineage1,C1QB,primary,,,False,0.322234121307127,0.6644392745513424,False,0.0415470948031492,0.0733939047591417,0.0318468099559925,True,0,,,,False
FIB,contractile,Lineage1,C1QC,primary,,,False,0.0469435322121814,0.2684572996913952,False,0.0181506687934496,0.0511521627758328,0.0330014939823831,True,0,,,,False
FIB,contractile,Lineage1,C1R,primary,,,False,0.0214023029508843,0.172984736950493,False,0.7752245247509378,1.369074479173935,0.5938499544229975,True,0,,,,False
FIB,contractile,Lineage1,C1S,primary,,,False,0.0083483112801704,0.101967769195932,False,0.9987203238475604,1.5325037081894344,0.533783384341874,True,0,,,,False
FIB,contractile,Lineage1,C3AR1,primary,,,False,,,False,0.0075443936799654,0.0029762569995676,-0.0045681366803978,True,0,,,,False
FIB,contractile,Lineage1,C4A,primary,,,False,,,False,0.0027916668319729,0.0078205024405133,0.0050288356085403,True,0,,,,False
FIB,contractile,Lineage1,C4B,primary,,,False,,,False,0.0025231029879451,0.0082559439999506,0.0057328410120055,True,0,,,,False
FIB,contractile,Lineage1,C4BPA,primary,,,False,,,False,0.0057063968180188,0.0062030151993315,0.0004966183813127,True,0,,,,False
FIB,contractile,Lineage1,C4BPB,primary,,,False,,,False,0.0009646791076835,0.0,-0.0009646791076835,True,0,,,,False
FIB,contractile,Lineage1,C5AR1,primary,,,False,0.749801767103305,0.9113167096429148,False,0.1805121269359543,0.1720157135265629,-0.0084964134093913,True,0,,,,False
FIB,contractile,Lineage1,C5AR2,primary,,,False,,,False,0.0075825284925652,0.0029762569995676,-0.0046062714929976,True,0,,,,False
FIB,contractile,Lineage1,C8A,primary,,,False,,,False,0.0008435472718407,0.0138977837467575,0.0130542364749167,True,0,,,,False
FIB,contractile,Lineage1,C8B,primary,,,False,,,False,0.0024886023176419,0.0138977837467575,0.0114091814291156,True,0,,,,False
FIB,contractile,Lineage1,C8G,primary,,,False,,,False,0.0025041234343312,0.0,-0.0025041234343312,True,0,,,,False
FIB,contractile,Lineage1,CD46,primary,,,False,0.627180737227175,0.8514082818942571,False,0.9434020167897994,0.9561447205468836,0.0127427037570843,True,0,,,,False
FIB,contractile,Lineage1,CD59,primary,,,False,0.0278997437006733,0.1988248905070677,False,0.5327356527760878,0.5396130015658637,0.0068773487897758,True,0,,,,False
FIB,contractile,Lineage1,CFD,primary,,,False,,,False,0.115480996612159,0.8762100092239744,0.7607290126118154,True,0,,,,False
FIB,contractile,Lineage1,CFH,primary,,,False,0.0802249947818301,0.3546643165461176,False,1.4052032024750811,1.5641401191854476,0.1589369167103662,True,0,,,,False
FIB,contractile,Lineage1,CFP,primary,,,False,,,False,0.0028868051050615,0.0184203524279767,0.0155335473229152,True,0,,,,False
FIB,contractile,Lineage1,CR1,primary,,,False,0.177587916920669,0.514808884113113,False,0.0326505509858617,0.0555959285491463,0.0229453775632845,True,0,,,,False
FIB,contractile,Lineage1,CR2,primary,,,False,,,False,0.0200227598694269,0.0052336831699799,-0.014789076699447,True,0,,,,False
FIB,contractile,Lineage1,FCN1,primary,,,False,,,False,0.0060589277877788,0.011754999927759,0.0056960721399802,True,0,,,,False
FIB,contractile,Lineage1,FCN2,primary,,,False,,,False,0.0003576160279789,0.0,-0.0003576160279789,False,0,,,,False
FIB,contractile,Lineage1,FCN3,primary,,,False,,,False,0.0189810652935958,0.0,-0.0189810652935958,True,0,,,,False
FIB,contractile,Lineage1,ITGAM,primary,,,False,,,False,0.0114823020076137,0.0298432224780354,0.0183609204704216,True,0,,,,False
FIB,contractile,Lineage1,ITGAX,primary,,,False,,,False,0.0080998886156009,0.0222033560531245,0.0141034674375235,True,0,,,,False
FIB,contractile,Lineage1,MASP1,primary,,,False,4.83264923958338e-05,0.0027655933602888,True,0.010140215175478,0.0763493968848574,0.0662091817093793,True,0,,,,False
FIB,contractile,Lineage1,MASP2,primary,,,False,,,False,0.0041930268421076,0.0154101673067167,0.011217140464609,True,0,,,,False
FIB,contractile,Lineage1,MBL2,primary,,,False,,,False,0.0,0.0,0.0,True,0,,,,False
FIB,contractile,Lineage1,SERPING1,primary,,,False,0.15424630891051,0.4840938327782008,False,0.6723379967946423,1.1205819686511769,0.4482439718565345,True,0,,,,False
FIB,contractile,Lineage1,VSIG4,primary,,,False,,,False,0.0122530661057392,0.008781095718405,-0.0034719703873342,True,0,,,,False
FIB,contractile,Lineage2,CFHR1,CFHR_descriptive,,,False,0.245660750235024,0.9658117189405367,False,0.0516792238447237,0.0275481688907173,-0.0241310549540063,True,6,-0.0050284114674072,0.5625,1.0,False
FIB,contractile,Lineage2,CFHR2,CFHR_descriptive,,,False,,,False,0.0,0.0011821712070519,0.0011821712070519,True,6,0.0,,,False
FIB,contractile,Lineage2,CFHR3,CFHR_descriptive,,,False,0.436270959370607,0.9781476918179266,False,0.0328553141951587,0.0302833516962457,-0.0025719624989129,True,6,-0.0019455306099364,1.0,1.0,False
FIB,contractile,Lineage2,CFHR4,CFHR_descriptive,,,False,0.474412901944625,0.9793883357531896,False,0.0309308732976803,0.0219863345604983,-0.008944538737182,True,6,-0.0074342318872263,0.875,1.0,False
FIB,contractile,Lineage2,CFHR5,CFHR_descriptive,,,False,,,False,0.000542291514765,0.0007148060470488,0.0001725145322838,True,6,0.0,,,False
FIB,contractile,Lineage2,SERPING1,primary,0.196810196949444,0.8827797183557584,False,0.232471965834839,0.9658117189405367,False,0.6307406840544277,0.6509998473489862,0.0202591632945584,True,6,0.0075667302280683,1.0,1.0,False
FIB,contractile,Lineage2,CD55,primary,0.562260781827819,1.0,False,0.509329568586451,0.9803290701284896,False,0.4041526974036776,0.5076910585565674,0.1035383611528897,True,6,-0.0690085611660414,0.4375,1.0,False
FIB,contractile,Lineage2,CFI,primary,0.469482638648811,1.0,False,0.722120372359967,0.990371331832476,False,0.266875189728266,0.2400028615485325,-0.0268723281797335,True,6,-0.0525967289075853,0.15625,1.0,False
FIB,contractile,Lineage2,CR1,primary,0.999971316023533,1.0,False,0.56785220042251,0.9826772018262616,False,0.03327172555498,0.0307823190903989,-0.002489406464581,True,6,-0.0293156908296413,0.125,1.0,False
FIB,contractile,Lineage2,C1QA,primary,,,False,0.186547411954373,0.9658117189405367,False,0.048785825043444,0.0592344896575737,0.0104486646141297,True,6,0.0069305906130645,1.0,1.0,False
FIB,contractile,Lineage2,C1QB,primary,,,False,0.704635341955414,0.990371331832476,False,0.0284433721033547,0.0427918561152685,0.0143484840119138,True,6,0.012256308085884,0.25,1.0,False
FIB,contractile,Lineage2,C1QC,primary,,,False,0.832989330709189,0.9926016512305824,False,0.0193591235514371,0.0143479496151489,-0.0050111739362882,True,6,-0.0083572188577518,0.625,1.0,False
FIB,contractile,Lineage2,C1R,primary,,,False,0.0034932184682677,0.8148351914276001,False,0.7792497859109218,0.6802118883110773,-0.0990378975998445,True,6,-0.1185385359079775,0.5625,1.0,False
FIB,contractile,Lineage2,C1S,primary,,,False,0.0340536821064096,0.9279841654969412,False,0.9846769752857456,0.8823325310592687,-0.1023444442264768,True,6,0.0745713042477952,0.5625,1.0,False
FIB,contractile,Lineage2,C2,primary,,,False,0.0882347464656779,0.9658117189405367,False,0.1039169151983582,0.0582433894827121,-0.0456735257156461,True,6,-0.0058189243551098,1.0,1.0,False
FIB,contractile,Lineage2,C3,primary,,,False,0.580352745240947,0.9826772018262616,False,0.0820025057076388,0.0451018836182082,-0.0369006220894306,True,6,-0.0186271362847443,0.15625,1.0,False
FIB,contractile,Lineage2,C3AR1,primary,,,False,,,False,0.0052976047607548,0.0108646072767331,0.0055670025159782,True,6,0.0,0.5,1.0,False
FIB,contractile,Lineage2,C4A,primary,,,False,,,False,0.0031488053405406,0.0,-0.0031488053405406,False,6,0.0,1.0,1.0,False
FIB,contractile,Lineage2,C4B,primary,,,False,,,False,0.0033295306663453,0.0017369153216044,-0.0015926153447408,True,6,0.0,1.0,1.0,False
FIB,contractile,Lineage2,C4BPA,primary,,,False,,,False,0.004008818608598,0.008403849010852,0.0043950304022539,True,6,0.0062196708477339,0.25,1.0,False
FIB,contractile,Lineage2,C4BPB,primary,,,False,,,False,0.0015040110095304,0.0008592002166595,-0.0006448107928709,True,6,0.0,1.0,1.0,False
FIB,contractile,Lineage2,C5,primary,,,False,0.28364471064695,0.9658117189405367,False,0.1996404880687921,0.1938386186906655,-0.0058018693781266,True,6,0.0497721295532043,1.0,1.0,False
FIB,contractile,Lineage2,C5AR1,primary,,,False,0.855028271309308,0.9938407055062196,False,0.1629965203308324,0.1441658424092965,-0.0188306779215358,True,6,-0.0154374133876969,0.4375,1.0,False
FIB,contractile,Lineage2,C5AR2,primary,,,False,,,False,0.0147969089393026,0.011797108576161,-0.0029998003631416,True,6,0.0068975377790822,0.25,1.0,False
FIB,contractile,Lineage2,C6,primary,,,False,0.797331610583259,0.990371331832476,False,0.2144812686164878,0.2271897268331128,0.012708458216625,True,6,0.0648711982433288,1.0,1.0,False
FIB,contractile,Lineage2,C7,primary,,,False,0.150539477712721,0.9658117189405367,False,3.5558593461136825,3.4762003599024514,-0.0796589862112311,True,6,-0.056203925318413,0.84375,1.0,False
FIB,contractile,Lineage2,C8A,primary,,,False,,,False,0.0007333836986077,0.0016253501300768,0.0008919664314691,True,6,0.0,1.0,1.0,False
FIB,contractile,Lineage2,C8B,primary,,,False,,,False,0.002705961844519,0.0025482938414917,-0.0001576680030273,True,6,0.0,1.0,1.0,False
FIB,contractile,Lineage2,C8G,primary,,,False,,,False,0.0024846221303088,0.0023102092150245,-0.0001744129152843,True,6,0.0,1.0,1.0,False
FIB,contractile,Lineage2,C9,primary,,,False,0.45187921564586,0.9793883357531896,False,0.0325953986217545,0.0307725221263178,-0.0018228764954366,True,6,0.0196429401540175,0.125,1.0,False
FIB,contractile,Lineage2,CD46,primary,,,False,0.48160436314022,0.9793883357531896,False,0.9160300801584124,0.8966353331138059,-0.0193947470446063,True,6,-0.0404566190885057,0.4375,1.0,False
FIB,contractile,Lineage2,CD59,primary,,,False,0.295283270849541,0.9658117189405367,False,0.493760720992666,0.6079811295202853,0.1142204085276192,True,6,-0.075707484188575,0.3125,1.0,False
FIB,contractile,Lineage2,CFB,primary,,,False,0.600934151332051,0.9833926801846972,False,0.0825645516747755,0.1009371695639956,0.01837261788922,True,6,0.0239199493186866,0.6875,1.0,False
FIB,contractile,Lineage2,CFD,primary,,,False,,,False,0.0846409310352609,0.0719274649985199,-0.012713466036741,True,6,0.0076499739950671,0.8125,1.0,False
FIB,contractile,Lineage2,CFH,primary,,,False,0.114761183284488,0.9658117189405367,False,1.410397069779686,1.5048385271811873,0.0944414574015013,True,6,0.1794865104885885,0.4375,1.0,False
FIB,contractile,Lineage2,CFP,primary,,,False,,,False,0.002517653115791,0.0044884700140966,0.0019708168983056,True,6,0.0,1.0,1.0,False
FIB,contractile,Lineage2,CR2,primary,,,False,,,False,0.0175743555685998,0.019205640932474,0.0016312853638742,True,6,-0.0003104658916572,0.625,1.0,False
FIB,contractile,Lineage2,FCN1,primary,,,False,,,False,0.0042034387838393,0.0069118756255554,0.0027084368417161,True,6,0.0,1.0,1.0,False
FIB,contractile,Lineage2,FCN2,primary,,,False,,,False,0.0003142445343937,0.0008592002166595,0.0005449556822658,True,6,0.0,1.0,1.0,False
FIB,contractile,Lineage2,FCN3,primary,,,False,,,False,0.0141088843323571,0.0232576665211906,0.0091487821888334,True,6,0.0066780051418196,0.625,1.0,False
FIB,contractile,Lineage2,ITGAM,primary,,,False,,,False,0.0084778172413273,0.0092944271205647,0.0008166098792373,True,6,0.0,0.5,1.0,False
FIB,contractile,Lineage2,ITGAX,primary,,,False,,,False,0.0052353065854163,0.0019184135255752,-0.0033168930598411,True,6,0.0,1.0,1.0,False
FIB,contractile,Lineage2,MASP1,primary,,,False,0.281664983291807,0.9658117189405367,False,0.0079317125439102,0.0142241074800586,0.0062923949361483,True,6,-0.0083572188577518,1.0,1.0,False
FIB,contractile,Lineage2,MASP2,primary,,,False,,,False,0.0051179865591442,0.0058556327292695,0.0007376461701252,True,6,0.0031237827765945,0.25,1.0,False
FIB,contractile,Lineage2,MBL2,primary,,,False,,,False,0.0,0.0,0.0,True,6,0.0,,,False
FIB,contractile,Lineage2,VSIG4,primary,,,False,,,False,0.0044361845532008,0.0131856459637445,0.0087494614105436,True,6,0.0,0.5,1.0,False
FIB,contractile,Lineage3,CFHR3,CFHR_descriptive,0.921168983394166,1.0,False,0.113231885877742,0.3475831022953896,False,0.0313108035437781,0.0507605297730061,0.0194497262292279,True,0,,,,False
FIB,contractile,Lineage3,CFHR1,CFHR_descriptive,,,False,0.0008523396300094,0.0176103056145602,True,0.0358885948076488,0.2482353522612216,0.2123467574535728,True,0,,,,False
FIB,contractile,Lineage3,CFHR2,CFHR_descriptive,,,False,,,False,0.0,0.00054806482428,0.00054806482428,False,0,,,,False
FIB,contractile,Lineage3,CFHR4,CFHR_descriptive,,,False,0.320470737283504,0.6040705467141667,False,0.0217360251636865,0.060474412111202,0.0387383869475155,True,0,,,,False
FIB,contractile,Lineage3,CFHR5,CFHR_descriptive,,,False,,,False,0.0004792885317391,0.0037485341589353,0.0032692456271962,True,0,,,,False
FIB,contractile,Lineage3,CD55,primary,3.42070816117257e-12,2.7750494957512473e-10,True,0.0005344866517109,0.0133644120684206,True,0.4229450626472383,0.7064424838164096,0.2834974211691712,True,0,,,,False
FIB,contractile,Lineage3,SERPING1,primary,0.0003622696194115,0.0036593460388803,True,0.0087834418198898,0.0791186528707409,False,0.6441216556820496,1.0450561797739384,0.4009345240918888,True,0,,,,False
FIB,contractile,Lineage3,C1QB,primary,0.342306124695109,0.8070457582034101,False,0.124415951311724,0.3639216271880618,False,0.0385824744880902,0.0911779192372868,0.0525954447491965,True,0,,,,False
FIB,contractile,Lineage3,C7,primary,0.9777490000347,1.0,False,0.597464414823998,0.8063366013218269,False,3.533629781578741,3.4572114159771536,-0.0764183656015875,True,0,,,,False
FIB,contractile,Lineage3,MASP1,primary,0.951539971978645,1.0,False,0.110627520044041,0.3433752566983641,False,0.0097568033111449,0.0171691345370025,0.0074123312258575,True,0,,,,False
FIB,contractile,Lineage3,C1QA,primary,,,False,0.0135212228475741,0.1025732301227036,False,0.0521581965922638,0.1420011794450976,0.0898429828528337,True,0,,,,False
FIB,contractile,Lineage3,C1QC,primary,,,False,0.186514501476283,0.4530547411193713,False,0.0203128248247432,0.04776985363575,0.0274570288110067,True,0,,,,False
FIB,contractile,Lineage3,C1R,primary,,,False,0.0001512975314896,0.0061294225195304,True,0.737639353126855,1.2870788890168985,0.5494395358900432,False,0,,,,False
FIB,contractile,Lineage3,C1S,primary,,,False,1.97262639300977e-05,0.0015038485280957,True,0.9531671365987704,1.4010401684111105,0.44787303181234,True,0,,,,False
FIB,contractile,Lineage3,C2,primary,,,False,0.859066250058806,0.9404386702434576,False,0.0997345882877567,0.1032727354088768,0.00353814712112,True,0,,,,False
FIB,contractile,Lineage3,C3,primary,,,False,0.218675814995516,0.4935282768934929,False,0.0606967006222115,0.1484092906379037,0.0877125900156921,True,0,,,,False
FIB,contractile,Lineage3,C3AR1,primary,,,False,,,False,0.0061592621975795,0.0212095220378436,0.015050259840264,True,0,,,,False
FIB,contractile,Lineage3,C4A,primary,,,False,,,False,0.0025775992330146,0.0048601948036574,0.0022825955706427,True,0,,,,False
FIB,contractile,Lineage3,C4B,primary,,,False,,,False,0.0029471805382665,0.0038909666362104,0.0009437860979439,True,0,,,,False
FIB,contractile,Lineage3,C4BPA,primary,,,False,,,False,0.0058438871822142,0.0071070746976217,0.0012631875154074,True,0,,,,False
FIB,contractile,Lineage3,C4BPB,primary,,,False,,,False,0.0016367294921767,0.002672373099768,0.0010356436075912,True,0,,,,False
FIB,contractile,Lineage3,C5,primary,,,False,0.117492746269319,0.3540001834852425,False,0.1989773195978732,0.1625729167214888,-0.0364044028763844,True,0,,,,False
FIB,contractile,Lineage3,C5AR1,primary,,,False,0.819980266441324,0.9236487970299484,False,0.1560106491717436,0.1237989812746375,-0.032211667897106,True,0,,,,False
FIB,contractile,Lineage3,C5AR2,primary,,,False,,,False,0.0070293011057489,0.0062741992967998,-0.0007551018089491,True,0,,,,False
FIB,contractile,Lineage3,C6,primary,,,False,0.0054328539906871,0.0583461425627137,False,0.2240574844620221,0.1293634126652021,-0.09469407179682,True,0,,,,False
FIB,contractile,Lineage3,C8A,primary,,,False,,,False,0.0009701151417098,0.0010634036959313,9.328855422155556e-05,True,0,,,,False
FIB,contractile,Lineage3,C8B,primary,,,False,,,False,0.0031987819931413,0.0,-0.0031987819931413,True,0,,,,False
FIB,contractile,Lineage3,C8G,primary,,,False,,,False,0.0022309465047027,0.0008165035964499,-0.0014144429082528,True,0,,,,False
FIB,contractile,Lineage3,C9,primary,,,False,0.142013672778956,0.3888152864458301,False,0.0330071178637023,0.0271727203738257,-0.0058343974898765,True,0,,,,False
FIB,contractile,Lineage3,CD46,primary,,,False,0.0226956069091687,0.1407006672873513,False,0.9055939285072254,1.173384259069281,0.2677903305620555,True,0,,,,False
FIB,contractile,Lineage3,CD59,primary,,,False,0.383833525126723,0.6579346210117673,False,0.5319108652041079,0.8091839474708595,0.2772730822667516,True,0,,,,False
FIB,contractile,Lineage3,CFB,primary,,,False,0.0003284741171815,0.0099488290149848,True,0.0902238317107531,0.1920773356142443,0.1018535039034912,True,0,,,,False
FIB,contractile,Lineage3,CFD,primary,,,False,,,False,0.0777242509302943,0.2698820756458454,0.1921578247155511,True,0,,,,False
FIB,contractile,Lineage3,CFH,primary,,,False,0.986318182711538,0.9944565381865682,False,1.4402808967912455,1.4752305159337535,0.0349496191425078,True,0,,,,False
FIB,contractile,Lineage3,CFI,primary,,,False,0.0061072843775182,0.0631659276516338,False,0.2496531857434319,0.4747395442960644,0.2250863585526324,True,0,,,,False
FIB,contractile,Lineage3,CFP,primary,,,False,,,False,0.0027987393788107,0.0016954852703513,-0.0011032541084594,True,0,,,,False
FIB,contractile,Lineage3,CR1,primary,,,False,0.789496885901397,0.9080948211458886,False,0.0363704420041401,0.0270778315326536,-0.0092926104714865,True,0,,,,False
FIB,contractile,Lineage3,CR2,primary,,,False,,,False,0.0217954486749695,0.0118746199324582,-0.0099208287425112,True,0,,,,False
FIB,contractile,Lineage3,FCN1,primary,,,False,,,False,0.0048418149653558,0.0085578423833143,0.0037160274179585,True,0,,,,False
FIB,contractile,Lineage3,FCN2,primary,,,False,,,False,0.000539001871504,0.0011821999275592,0.0006431980560551,True,0,,,,False
FIB,contractile,Lineage3,FCN3,primary,,,False,,,False,0.022681325755535,0.0267170467948105,0.0040357210392755,True,0,,,,False
FIB,contractile,Lineage3,ITGAM,primary,,,False,,,False,0.0076169741399927,0.0161562030637392,0.0085392289237465,True,0,,,,False
FIB,contractile,Lineage3,ITGAX,primary,,,False,,,False,0.0044694700423534,0.0055186533434102,0.0010491833010567,True,0,,,,False
FIB,contractile,Lineage3,MASP2,primary,,,False,,,False,0.0029964661209702,0.0052534660683851,0.0022569999474149,True,0,,,,False
FIB,contractile,Lineage3,MBL2,primary,,,False,,,False,0.0,0.0,0.0,True,0,,,,False
FIB,contractile,Lineage3,VSIG4,primary,,,False,,,False,0.0085235074122804,0.0167516806926848,0.0082281732804044,True,0,,,,False
FIB,contractile,Lineage4,CFHR4,CFHR_descriptive,0.175353387893115,0.6127965241429921,False,0.944326204872755,0.9764838890038148,False,0.0199946625038565,0.0093520124009878,-0.0106426501028686,True,2,0.0024945435148071,,,False
FIB,contractile,Lineage4,CFHR1,CFHR_descriptive,,,False,0.479308944760799,0.7200181655952257,False,0.0407481430589829,0.0084737483897709,-0.0322743946692119,True,2,0.0061527307434146,,,False
FIB,contractile,Lineage4,CFHR2,CFHR_descriptive,,,False,,,False,0.0,0.0005030346321204,0.0005030346321204,True,2,0.0,,,False
FIB,contractile,Lineage4,CFHR3,CFHR_descriptive,,,False,0.916132751897536,0.9637705825761742,False,0.0265930145682693,0.019862834025636,-0.0067301805426333,True,2,-0.0054141555382853,,,False
FIB,contractile,Lineage4,CFHR5,CFHR_descriptive,,,False,,,False,0.000427693197317,0.0,-0.000427693197317,True,2,0.0,,,False
FIB,contractile,Lineage4,CFH,primary,6.73437183407177e-06,0.0001103786578679,True,1.24678934843026e-07,1.3695437091112795e-05,True,1.4138469596862957,0.6807973051386531,-0.7330496545476426,True,2,-1.0634978744527577,,,False
FIB,contractile,Lineage4,CFI,primary,0.0005408686059669,0.0054868190089743,True,0.145088399040033,0.3878898770153904,False,0.2640025073212605,0.1632153126227042,-0.1007871946985562,True,2,0.0173226515341995,,,False
FIB,contractile,Lineage4,C5,primary,0.0008369341817616,0.0079552693636289,True,6.79340012943452e-06,0.0003607931683303,True,0.2057165745822923,0.3285721167029637,0.1228555421206714,True,2,0.0917498428869423,,,False
FIB,contractile,Lineage4,C1QB,primary,0.155745841595759,0.5671460105673012,False,0.531347950787022,0.757409154374777,False,0.0378567604512967,0.0203093996790083,-0.0175473607722883,True,2,0.0186946361887734,,,False
FIB,contractile,Lineage4,CFB,primary,0.220369300925659,0.7120699426181747,False,0.0391842450389387,0.1830275509567094,False,0.0874109629164522,0.0559120977717815,-0.0314988651446707,True,2,0.0308101240323942,,,False
FIB,contractile,Lineage4,C1QC,primary,0.966317438675709,1.0,False,0.233483538661279,0.5032190249821126,False,0.0195501859900425,0.0072835588200755,-0.0122666271699669,True,2,-0.0207069717395839,,,False
FIB,contractile,Lineage4,C1S,primary,0.797495046225817,1.0,False,0.837916104668393,0.9293963733469496,False,0.96138652879506,0.8451277680749917,-0.1162587607200682,True,2,-0.2085115197972927,,,False
FIB,contractile,Lineage4,C5AR1,primary,0.981930120108047,1.0,False,0.600551601104666,0.8035319476950844,False,0.1585864306319168,0.1498045712666037,-0.0087818593653131,True,2,0.0315444118285079,,,False
FIB,contractile,Lineage4,C7,primary,0.753705735025475,1.0,False,0.733003433147144,0.8758177071642801,False,3.528160930916341,3.3296833022565973,-0.1984776286597438,True,2,-0.0919750205740677,,,False
FIB,contractile,Lineage4,C9,primary,0.999799439117037,1.0,False,0.988257230984281,0.9948199725332856,False,0.0325976131407853,0.0330838546648428,0.0004862415240575,True,2,0.018450805636569,,,False
FIB,contractile,Lineage4,CD55,primary,0.79883952789373,1.0,False,0.117301235123322,0.3443094180888471,False,0.426944556322666,0.2586107243941637,-0.1683338319285022,True,2,-0.2453807200093984,,,False
FIB,contractile,Lineage4,MASP1,primary,0.809440305439039,1.0,False,0.0293632280183846,0.1542323340747435,False,0.0099298819363067,0.0183267986679642,0.0083969167316574,True,2,-0.0194602866559485,,,False
FIB,contractile,Lineage4,C1QA,primary,,,False,0.0304517493448225,0.1578725947186283,False,0.0548035825708665,0.0237817956485949,-0.0310217869222716,True,2,-0.0735951864440604,,,False
FIB,contractile,Lineage4,C1R,primary,,,False,0.330338583827467,0.6018758016533053,False,0.7562448820960591,0.6122931228492423,-0.1439517592468168,True,2,-0.1776092671269893,,,False
FIB,contractile,Lineage4,C2,primary,,,False,0.63374775231867,0.8225475611968835,False,0.1043574957093305,0.1003494844878338,-0.0040080112214967,True,2,0.0214651878828992,,,False
FIB,contractile,Lineage4,C3,primary,,,False,0.0769236532919699,0.270754716866596,False,0.0636889362865797,0.0138368995743089,-0.0498520367122707,True,2,-0.0117736491830291,,,False
FIB,contractile,Lineage4,C3AR1,primary,,,False,,,False,0.0075134361724118,0.0060807595840994,-0.0014326765883124,True,2,0.0009783296628118,,,False
FIB,contractile,Lineage4,C4A,primary,,,False,,,False,0.0026168866879815,0.0005873972428799,-0.0020294894451015,True,2,0.0,,,False
FIB,contractile,Lineage4,C4B,primary,,,False,,,False,0.0026510186273217,0.0,-0.0026510186273217,True,2,0.0,,,False
FIB,contractile,Lineage4,C4BPA,primary,,,False,,,False,0.0055335345831953,0.0018560771234544,-0.0036774574597409,True,2,0.0,,,False
FIB,contractile,Lineage4,C4BPB,primary,,,False,,,False,0.0019977127002944,0.0,-0.0019977127002944,True,2,0.0,,,False
FIB,contractile,Lineage4,C5AR2,primary,,,False,,,False,0.005832683388759,0.0050263646380659,-0.0008063187506931,True,2,0.0019970201105406,,,False
FIB,contractile,Lineage4,C6,primary,,,False,0.0039101009787261,0.04150234936369,True,0.2200454949372809,0.1103223454685582,-0.1097231494687226,True,2,-0.0497035490622555,,,False
FIB,contractile,Lineage4,C8A,primary,,,False,,,False,0.0008624772040342,0.0016004937072345,0.0007380165032002,True,2,0.0,,,False
FIB,contractile,Lineage4,C8B,primary,,,False,,,False,0.0029465976881479,0.0013981550143218,-0.0015484426738261,True,2,0.0,,,False
FIB,contractile,Lineage4,C8G,primary,,,False,,,False,0.0028341175966963,0.0059041206706179,0.0030700030739216,True,2,0.0042035036818272,,,False
FIB,contractile,Lineage4,CD46,primary,,,False,1.2705810625846e-08,2.058970321913084e-06,True,0.9280749635323728,1.3979240376469482,0.4698490741145753,True,2,0.6771331566668155,,,False
FIB,contractile,Lineage4,CD59,primary,,,False,0.148605751097388,0.3930313127412048,False,0.5365710519553991,0.4665272251657888,-0.0700438267896103,True,2,-0.0359568461027683,,,False
FIB,contractile,Lineage4,CFD,primary,,,False,,,False,0.1232383396621289,0.1334507031629243,0.0102123635007953,True,2,0.0069813909490458,,,False
FIB,contractile,Lineage4,CFP,primary,,,False,,,False,0.0028250050722119,0.0018151893131835,-0.0010098157590283,True,2,0.0,,,False
FIB,contractile,Lineage4,CR1,primary,,,False,0.275968721789866,0.5513647545818771,False,0.0322991898167945,0.0204577303626964,-0.011841459454098,True,2,-0.0215990803090288,,,False
FIB,contractile,Lineage4,CR2,primary,,,False,,,False,0.0192985233314768,0.002869173587809,-0.0164293497436677,True,2,0.0,,,False
FIB,contractile,Lineage4,FCN1,primary,,,False,,,False,0.0051195211446315,0.0068879931759573,0.0017684720313258,True,2,0.0010007306099692,,,False
FIB,contractile,Lineage4,FCN2,primary,,,False,,,False,0.0004865169293566,0.0016408735382221,0.0011543566088654,True,2,0.0,,,False
FIB,contractile,Lineage4,FCN3,primary,,,False,,,False,0.0213553175257263,0.0120498602849009,-0.0093054572408253,True,2,0.0095110251878026,,,False
FIB,contractile,Lineage4,ITGAM,primary,,,False,,,False,0.007350762302866,0.0,-0.007350762302866,True,2,0.0,,,False
FIB,contractile,Lineage4,ITGAX,primary,,,False,,,False,0.0041200278496613,0.0028660013339472,-0.001254026515714,True,2,0.0009783296628118,,,False
FIB,contractile,Lineage4,MASP2,primary,,,False,,,False,0.0026738970183157,0.0063250364812076,0.0036511394628919,True,2,0.0009520063285254,,,False
FIB,contractile,Lineage4,MBL2,primary,,,False,,,False,0.0,0.0,0.0,False,2,0.0,,,False
FIB,contractile,Lineage4,SERPING1,primary,,,False,0.209809223642425,0.4776375845439296,False,0.6554707940082016,0.4987586996094268,-0.1567120943987748,True,2,-0.2854572901057565,,,False
FIB,contractile,Lineage4,VSIG4,primary,,,False,,,False,0.0077471761206381,0.0071743028235977,-0.0005728732970404,True,2,0.004766379396562,,,False
FIB,contractile,Lineage5,CFHR1,CFHR_descriptive,0.058580098002565,1.0,False,0.006570949149826,0.4868346484436618,False,0.0201267657323965,0.1331404483730237,0.1130136826406271,True,0,,,,False
FIB,contractile,Lineage5,CFHR3,CFHR_descriptive,0.992039295218861,1.0,False,0.778856322348424,0.9942332613828236,False,0.0154676180636965,0.0435230178534861,0.0280553997897896,True,0,,,,False
FIB,contractile,Lineage5,CFHR4,CFHR_descriptive,0.985058709280678,1.0,False,0.715715372278284,0.98495867300754,False,0.0048584335252462,0.0593434810502083,0.0544850475249621,True,0,,,,False
FIB,contractile,Lineage5,CFHR2,CFHR_descriptive,,,False,,,False,0.0,0.0,0.0,True,0,,,,False
FIB,contractile,Lineage5,CFHR5,CFHR_descriptive,,,False,,,False,0.0,0.0,0.0,True,0,,,,False
FIB,contractile,Lineage5,C1QA,primary,0.812227921025425,1.0,False,0.333119867457009,0.9334518348376752,False,0.0646511614016676,0.1171112893827851,0.0524601279811175,True,0,,,,False
FIB,contractile,Lineage5,C1QB,primary,0.984686552947084,1.0,False,0.702737603962486,0.9842912065462596,False,0.0555980835086309,0.0637201068820425,0.0081220233734115,True,0,,,,False
FIB,contractile,Lineage5,C1QC,primary,0.996032274436416,1.0,False,0.843408664286024,0.9944870508372144,False,0.0185651116667808,0.0503223846110497,0.0317572729442689,True,0,,,,False
FIB,contractile,Lineage5,C1R,primary,0.275892208243549,1.0,False,0.0513832849887498,0.7994635789552866,False,0.6094182082907762,1.0510506426173272,0.4416324343265509,True,0,,,,False
FIB,contractile,Lineage5,C1S,primary,0.574265695545583,1.0,False,0.161584100004238,0.8883902416145482,False,0.8431411592348922,1.2046582691053234,0.3615171098704312,True,0,,,,False
FIB,contractile,Lineage5,C2,primary,0.869883109021576,1.0,False,0.389772423812061,0.9427806001610168,False,0.0741484795083442,0.1179129177918469,0.0437644382835027,True,0,,,,False
FIB,contractile,Lineage5,C3,primary,0.218146005722975,1.0,False,0.0364168491520647,0.7444152355487493,False,0.0258508132960803,0.1301362721493649,0.1042854588532846,True,0,,,,False
FIB,contractile,Lineage5,C5,primary,0.961409448009267,1.0,False,0.611541643505826,0.9795459175176788,False,0.1805740171575984,0.251638917123117,0.0710648999655185,True,0,,,,False
FIB,contractile,Lineage5,C5AR1,primary,0.938341284366717,1.0,False,0.800229825642348,0.9944870508372144,False,0.1315199025536881,0.1014084506664915,-0.0301114518871966,True,0,,,,False
FIB,contractile,Lineage5,C6,primary,0.998970534373726,1.0,False,0.879861178005338,0.9944870508372144,False,0.237392334268005,0.2377940180085195,0.0004016837405144,True,0,,,,False
FIB,contractile,Lineage5,C7,primary,0.923942310279576,1.0,False,0.579097545350445,0.9768132092252654,False,3.430413454796806,3.860209793791185,0.4297963389943788,True,0,,,,False
FIB,contractile,Lineage5,C9,primary,0.443556626030811,1.0,False,0.101878099621577,0.8542622364071261,False,0.0319946228769081,0.0371527809125589,0.0051581580356508,True,0,,,,False
FIB,contractile,Lineage5,CD46,primary,0.910062253123162,1.0,False,0.482123045974648,0.9610207911061548,False,0.8834703042645053,0.9734464580635136,0.0899761537990082,True,0,,,,False
FIB,contractile,Lineage5,CD55,primary,0.354334359213173,1.0,False,0.0783952813159737,0.8256543906755386,False,0.5137319008944209,0.6806936641893813,0.1669617632949603,True,0,,,,False
FIB,contractile,Lineage5,CD59,primary,0.664723234043631,1.0,False,0.247658256187112,0.9218609686182538,False,0.6120252914490325,0.7366270882985891,0.1246017968495566,True,0,,,,False
FIB,contractile,Lineage5,CFB,primary,0.882411962909612,1.0,False,0.416982347945642,0.9443650447456348,False,0.0952709045490352,0.1199867373853952,0.02471583283636,True,0,,,,False
FIB,contractile,Lineage5,CFH,primary,0.977665117507473,1.0,False,0.664577517773256,0.9812513966670005,False,1.424436303175174,1.7927980031799229,0.368361700004749,True,0,,,,False
FIB,contractile,Lineage5,CFI,primary,0.992168593718891,1.0,False,0.774425329133634,0.994030433716545,False,0.2587418900429189,0.3029244963813977,0.0441826063384788,True,0,,,,False
FIB,contractile,Lineage5,CR1,primary,0.999979917100856,1.0,False,0.96473326140673,0.9970750735090992,False,0.0485879020280922,0.0174301015860612,-0.031157800442031,True,0,,,,False
FIB,contractile,Lineage5,MASP1,primary,0.264047173807925,1.0,False,0.0503700083771088,0.7994635789552866,False,0.0159026373353503,0.0058861633153689,-0.0100164740199814,True,0,,,,False
FIB,contractile,Lineage5,SERPING1,primary,0.238022122532805,1.0,False,0.051795865898884,0.7994635789552866,False,0.6020189281700634,1.0717287919593057,0.469709863789242,True,0,,,,False
FIB,contractile,Lineage5,C3AR1,primary,,,False,,,False,0.0097099637713874,0.0356505739381799,0.0259406101667925,True,0,,,,False
FIB,contractile,Lineage5,C4A,primary,,,False,,,False,0.005120691711041,0.0058861633153689,0.0007654716043279,True,0,,,,False
FIB,contractile,Lineage5,C4B,primary,,,False,,,False,0.0,0.0,0.0,True,0,,,,False
FIB,contractile,Lineage5,C4BPA,primary,,,False,,,False,0.0050375086307121,0.0356505739381799,0.0306130653074678,True,0,,,,False
FIB,contractile,Lineage5,C4BPB,primary,,,False,,,False,0.0008367964638522,0.0,-0.0008367964638522,True,0,,,,False
FIB,contractile,Lineage5,C5AR2,primary,,,False,,,False,0.0076389746891991,0.0077408761345952,0.000101901445396,True,0,,,,False
FIB,contractile,Lineage5,C8A,primary,,,False,,,False,0.0008506889862442,0.0,-0.0008506889862442,True,0,,,,False
FIB,contractile,Lineage5,C8B,primary,,,False,,,False,0.0021221987767207,0.0,-0.0021221987767207,True,0,,,,False
FIB,contractile,Lineage5,C8G,primary,,,False,,,False,0.0014885587380149,0.0,-0.0014885587380149,True,0,,,,False
FIB,contractile,Lineage5,CFD,primary,,,False,,,False,0.0499783660787293,0.225841964713278,0.1758635986345487,True,0,,,,False
FIB,contractile,Lineage5,CFP,primary,,,False,,,False,0.0021180024838017,0.0046775961814465,0.0025595936976447,True,0,,,,False
FIB,contractile,Lineage5,CR2,primary,,,False,,,False,0.0216019529515618,0.0248362254938683,0.0032342725423065,True,0,,,,False
FIB,contractile,Lineage5,FCN1,primary,,,False,,,False,0.0052700407321144,0.0,-0.0052700407321144,True,0,,,,False
FIB,contractile,Lineage5,FCN2,primary,,,False,,,False,0.0,0.0,0.0,True,0,,,,False
FIB,contractile,Lineage5,FCN3,primary,,,False,,,False,0.0364968282760985,0.0194056485816001,-0.0170911796944983,True,0,,,,False
FIB,contractile,Lineage5,ITGAM,primary,,,False,,,False,0.0079673158275712,0.0,-0.0079673158275712,True,0,,,,False
FIB,contractile,Lineage5,ITGAX,primary,,,False,,,False,0.0015025304639364,0.0,-0.0015025304639364,True,0,,,,False
FIB,contractile,Lineage5,MASP2,primary,,,False,,,False,0.0003531203646791,0.0067309284939284,0.0063778081292492,True,0,,,,False
FIB,contractile,Lineage5,MBL2,primary,,,False,,,False,0.0,0.0,0.0,False,0,,,,False
FIB,contractile,Lineage5,VSIG4,primary,,,False,,,False,0.0113894445952829,0.0212392416870455,0.0098497970917626,True,0,,,,False
FIB,contractile,Lineage6,CFHR1,CFHR_descriptive,0.998999331284476,1.0,False,0.924343802020867,0.9767521054839918,False,0.0196691409388028,0.0107782495371105,-0.0088908914016922,True,0,,,,False
FIB,contractile,Lineage6,CFHR3,CFHR_descriptive,0.997205860618705,1.0,False,0.820901686769504,0.9453533544910344,False,0.0172529643065926,0.0311473428941767,0.0138943785875841,True,0,,,,False
FIB,contractile,Lineage6,CFHR4,CFHR_descriptive,0.75691675088227,1.0,False,0.186721619415239,0.557159631917199,False,0.0045011517229655,0.0126726130013863,0.0081714612784207,True,0,,,,False
FIB,contractile,Lineage6,CFHR2,CFHR_descriptive,,,False,,,False,0.0,0.0,0.0,False,0,,,,False
FIB,contractile,Lineage6,CFHR5,CFHR_descriptive,,,False,,,False,0.0,0.0,0.0,False,0,,,,False
FIB,contractile,Lineage6,C1QA,primary,0.814899943066665,1.0,False,0.218585892344757,0.5962658833344396,False,0.0659550002024347,0.0368957584689416,-0.029059241733493,True,0,,,,False
FIB,contractile,Lineage6,C1QB,primary,0.84193801409764,1.0,False,0.257758958798567,0.6337941931102519,False,0.0523614138833807,0.0147452538388766,-0.0376161600445041,True,0,,,,False
FIB,contractile,Lineage6,C1QC,primary,0.990309073024649,1.0,False,0.574979331110223,0.83993990648706,False,0.0215602346740587,0.0033421408359542,-0.0182180938381044,True,0,,,,False
FIB,contractile,Lineage6,C1R,primary,0.298329249337566,1.0,False,0.0365032803690503,0.2960600544104293,False,0.6327645515298155,0.4502130279679575,-0.182551523561858,True,0,,,,False
FIB,contractile,Lineage6,C1S,primary,0.550097406108901,1.0,False,0.0858132242109726,0.4102771437091964,False,0.870419374034027,0.7560155989599425,-0.1144037750740845,True,0,,,,False
FIB,contractile,Lineage6,C3,primary,0.85637635860156,1.0,False,0.277915890387287,0.6521013629231528,False,0.0262253002358022,0.0188394219909574,-0.0073858782448447,True,0,,,,False
FIB,contractile,Lineage6,C5,primary,0.877977618162624,1.0,False,0.274216345683365,0.6482028551673699,False,0.177023262796446,0.2132794972585485,0.0362562344621025,True,0,,,,False
FIB,contractile,Lineage6,C5AR1,primary,0.403730138514609,1.0,False,0.063948212660175,0.3680170170918018,False,0.1380967683174121,0.286823292923454,0.1487265246060419,True,0,,,,False
FIB,contractile,Lineage6,C6,primary,0.2410735460737,1.0,False,0.0212514395277978,0.2313701818465049,False,0.2465829349497175,0.1259757749533157,-0.1206071599964018,True,0,,,,False
FIB,contractile,Lineage6,C7,primary,0.479085162299016,1.0,False,0.128288306207269,0.4822449948769801,False,3.4658519942993427,3.080850001732532,-0.3850019925668109,True,0,,,,False
FIB,contractile,Lineage6,C9,primary,0.930261529549876,1.0,False,0.36508426850091,0.7245464074881042,False,0.0314692117420705,0.0138188415118699,-0.0176503702302006,True,0,,,,False
FIB,contractile,Lineage6,CD46,primary,0.456953750615806,1.0,False,0.0959195030705262,0.4290799210691801,False,0.9041779324920726,0.9615451594708556,0.0573672269787829,True,0,,,,False
FIB,contractile,Lineage6,CD55,primary,0.400157287591745,1.0,False,0.0590110589434811,0.3539267116320094,False,0.4975774972182525,0.3595727220124719,-0.1380047752057806,True,0,,,,False
FIB,contractile,Lineage6,CD59,primary,0.214440402507305,1.0,False,0.120060495198171,0.4685336492390236,False,0.6175508229112715,0.4215673743899629,-0.1959834485213086,True,0,,,,False
FIB,contractile,Lineage6,CFH,primary,0.160092624005199,1.0,False,0.0094865161640956,0.1665680751742047,False,1.4211520747013815,1.117964861566904,-0.3031872131344775,True,0,,,,False
FIB,contractile,Lineage6,CFI,primary,0.227925816426716,1.0,False,0.0193039187020181,0.2248734785736158,False,0.2597883873050937,0.0994383263060953,-0.1603500609989983,True,0,,,,False
FIB,contractile,Lineage6,CR1,primary,0.815569956303388,1.0,False,0.214205593407345,0.5910153316416075,False,0.0467357833626408,0.0209814746813825,-0.0257543086812582,True,0,,,,False
FIB,contractile,Lineage6,MASP1,primary,0.999980666707063,1.0,False,0.910801650369746,0.9722755308766716,False,0.0159881163825545,0.0033421408359542,-0.0126459755466002,True,0,,,,False
FIB,contractile,Lineage6,SERPING1,primary,0.587561912352827,1.0,False,0.186638291931942,0.557159631917199,False,0.6329545771848017,0.4834612888678951,-0.1494932883169066,True,0,,,,False
FIB,contractile,Lineage6,C2,primary,,,False,0.0826889287650129,0.4060515142805179,False,0.0698422941501771,0.1228096833291633,0.0529673891789861,True,0,,,,False
FIB,contractile,Lineage6,C3AR1,primary,,,False,,,False,0.0088279225499848,0.0,-0.0088279225499848,True,0,,,,False
FIB,contractile,Lineage6,C4A,primary,,,False,,,False,0.004655534345105,0.0,-0.004655534345105,False,0,,,,False
FIB,contractile,Lineage6,C4B,primary,,,False,,,False,0.0,0.0093627945911092,0.0093627945911092,True,0,,,,False
FIB,contractile,Lineage6,C4BPA,primary,,,False,,,False,0.007025679692824,0.0033768445730616,-0.0036488351197624,True,0,,,,False
FIB,contractile,Lineage6,C4BPB,primary,,,False,,,False,0.0014467825402813,0.0,-0.0014467825402813,True,0,,,,False
FIB,contractile,Lineage6,C5AR2,primary,,,False,,,False,0.0067458340884277,0.0,-0.0067458340884277,True,0,,,,False
FIB,contractile,Lineage6,C8A,primary,,,False,,,False,0.0015506176767471,0.0029862920952157,0.0014356744184685,True,0,,,,False
FIB,contractile,Lineage6,C8B,primary,,,False,,,False,0.0031143630216189,0.0229804234994397,0.0198660604778208,True,0,,,,False
FIB,contractile,Lineage6,C8G,primary,,,False,,,False,0.0013533398846473,0.0,-0.0013533398846473,True,0,,,,False
FIB,contractile,Lineage6,CFB,primary,,,False,0.0492870252388813,0.3308755064607289,False,0.0928080904141174,0.0371156834092011,-0.0556924070049162,True,0,,,,False
FIB,contractile,Lineage6,CFD,primary,,,False,,,False,0.055170258636347,0.0812595049737168,0.0260892463373698,True,0,,,,False
FIB,contractile,Lineage6,CFP,primary,,,False,,,False,0.001357981712338,0.0193930882200016,0.0180351065076636,True,0,,,,False
FIB,contractile,Lineage6,CR2,primary,,,False,,,False,0.0211225061165821,0.004002176631225,-0.017120329485357,True,0,,,,False
FIB,contractile,Lineage6,FCN1,primary,,,False,,,False,0.005788099912424,0.0034485104021808,-0.0023395895102432,True,0,,,,False
FIB,contractile,Lineage6,FCN2,primary,,,False,,,False,0.001064937168131,0.0,-0.001064937168131,True,0,,,,False
FIB,contractile,Lineage6,FCN3,primary,,,False,,,False,0.0407652115841727,0.0033421408359542,-0.0374230707482184,True,0,,,,False
FIB,contractile,Lineage6,ITGAM,primary,,,False,,,False,0.0090828967602508,0.0449084942614064,0.0358255975011555,True,0,,,,False
FIB,contractile,Lineage6,ITGAX,primary,,,False,,,False,0.0026609375423708,0.0229804234994397,0.0203194859570689,True,0,,,,False
FIB,contractile,Lineage6,MASP2,primary,,,False,,,False,0.0006246346703585,0.0033421408359542,0.0027175061655956,True,0,,,,False
FIB,contractile,Lineage6,MBL2,primary,,,False,,,False,0.0,0.0,0.0,False,0,,,,False
FIB,contractile,Lineage6,VSIG4,primary,,,False,,,False,0.0125237827817641,0.0,-0.0125237827817641,True,0,,,,False
FIB,outer_medullary,Lineage1,CFHR1,CFHR_descriptive,,,False,0.0006660522675295,0.0022918916951327,True,0.0069004727258228,0.1824305405797606,0.1755300678539378,True,0,,,,False
FIB,outer_medullary,Lineage1,CFHR2,CFHR_descriptive,,,False,,,False,0.0,0.009158666522829,0.009158666522829,False,0,,,,False
FIB,outer_medullary,Lineage1,CFHR3,CFHR_descriptive,,,False,,,False,0.0082322187001509,0.003719310671843,-0.0045129080283078,True,0,,,,False
FIB,outer_medullary,Lineage1,CFHR4,CFHR_descriptive,,,False,,,False,0.00236088183812,0.0265964111841043,0.0242355293459843,True,0,,,,False
FIB,outer_medullary,Lineage1,CFHR5,CFHR_descriptive,,,False,,,False,0.0003921384257754,0.0,-0.0003921384257754,True,0,,,,False
FIB,outer_medullary,Lineage1,C1R,primary,0.0,0.0,True,2.7605895347449e-10,4.598345051983251e-09,True,0.7548660802492866,1.7551401310148047,1.000274050765518,True,0,,,,False
FIB,outer_medullary,Lineage1,CD46,primary,0.0,0.0,True,5.47291921892956e-07,4.182931099085422e-06,True,1.8013827554728383,1.38899779339967,-0.4123849620731685,True,0,,,,False
FIB,outer_medullary,Lineage1,SERPING1,primary,0.0,0.0,True,5.79186264504372e-08,5.687116192952504e-07,True,0.58246494213107,1.665130058313467,1.082665116182397,True,0,,,,False
FIB,outer_medullary,Lineage1,C1QB,primary,7.88933949347204e-06,2.8899432523318704e-05,True,2.57411192472468e-07,2.140455231099892e-06,True,0.0368582800860194,0.2299915499595622,0.1931332698735428,True,0,,,,False
FIB,outer_medullary,Lineage1,CFD,primary,6.57874867279196e-05,0.0002118114910111,True,3.73901724248782e-07,2.9756513584967244e-06,True,0.1175637606741937,0.4487134718682634,0.3311497111940696,True,0,,,,False
FIB,outer_medullary,Lineage1,C5AR1,primary,0.0049474184556835,0.0117697425455244,True,0.567783975044845,0.6628300239884432,False,0.0745643471165774,0.1526410605262713,0.0780767134096939,True,0,,,,False
FIB,outer_medullary,Lineage1,C5,primary,0.273217008741463,0.4348492302492512,False,2.82648049676482e-06,1.817635470276098e-05,True,0.3531344938627599,0.1702620627254534,-0.1828724311373065,True,0,,,,False
FIB,outer_medullary,Lineage1,C6,primary,0.999999997545828,1.0,False,0.589220704354947,0.681869022201746,False,0.1040655513018443,0.083062048009685,-0.0210035032921593,True,0,,,,False
FIB,outer_medullary,Lineage1,C1QA,primary,,,False,4.80783098000259e-07,3.719905123630209e-06,True,0.0276026236217379,0.3309469132039516,0.3033442895822137,True,0,,,,False
FIB,outer_medullary,Lineage1,C1QC,primary,,,False,3.45758467192869e-05,0.0001683306270159,True,0.0085016934344355,0.1171747127249753,0.1086730192905397,True,0,,,,False
FIB,outer_medullary,Lineage1,C1S,primary,,,False,1.36305764596445e-05,7.357322849270102e-05,True,0.8990342798284484,1.4543965620127026,0.5553622821842542,True,0,,,,False
FIB,outer_medullary,Lineage1,C2,primary,,,False,0.761142160972742,0.8246845496356371,False,0.1111436309330343,0.1452621662197684,0.0341185352867341,True,0,,,,False
FIB,outer_medullary,Lineage1,C3,primary,,,False,1.36979205755949e-10,2.4204287359421123e-09,True,0.0106841095271963,0.3996303592754556,0.3889462497482593,True,0,,,,False
FIB,outer_medullary,Lineage1,C3AR1,primary,,,False,,,False,0.012976820751154,0.1075231688616711,0.0945463481105171,True,0,,,,False
FIB,outer_medullary,Lineage1,C4A,primary,,,False,,,False,0.0,0.0,0.0,True,0,,,,False
FIB,outer_medullary,Lineage1,C4B,primary,,,False,,,False,0.0003872598110705,0.0198105225003511,0.0194232626892806,True,0,,,,False
FIB,outer_medullary,Lineage1,C4BPA,primary,,,False,,,False,0.0049808542619294,0.0076470571833868,0.0026662029214573,True,0,,,,False
FIB,outer_medullary,Lineage1,C4BPB,primary,,,False,,,False,0.002546392626662,0.0085527861494578,0.0060063935227957,True,0,,,,False
FIB,outer_medullary,Lineage1,C5AR2,primary,,,False,,,False,0.0078107551042317,0.0247251070378925,0.0169143519336607,True,0,,,,False
FIB,outer_medullary,Lineage1,C7,primary,,,False,0.0018165407836952,0.0055292611904871,True,3.177675601360592,3.0547000425688418,-0.1229755587917504,True,0,,,,False
FIB,outer_medullary,Lineage1,C8A,primary,,,False,,,False,0.0018250683179594,0.0,-0.0018250683179594,True,0,,,,False
FIB,outer_medullary,Lineage1,C8B,primary,,,False,,,False,0.0003892028213206,0.0074988471722073,0.0071096443508867,True,0,,,,False
FIB,outer_medullary,Lineage1,C8G,primary,,,False,,,False,0.0023226242000465,0.0,-0.0023226242000465,True,0,,,,False
FIB,outer_medullary,Lineage1,C9,primary,,,False,,,False,0.0181543327335011,0.05276366041929,0.0346093276857888,True,0,,,,False
FIB,outer_medullary,Lineage1,CD55,primary,,,False,0.0018151616066698,0.0055272076014468,True,0.1957934245621847,0.4720625156592937,0.2762690910971089,True,0,,,,False
FIB,outer_medullary,Lineage1,CD59,primary,,,False,4.5086157030027597e-13,1.2521183893064831e-11,True,0.6135695737665847,1.472278542210162,0.8587089684435771,True,0,,,,False
FIB,outer_medullary,Lineage1,CFB,primary,,,False,1.07685127481716e-09,1.5955498917050103e-08,True,0.0904700879302146,0.5121972317826506,0.421727143852436,True,0,,,,False
FIB,outer_medullary,Lineage1,CFH,primary,,,False,1.92883445271352e-06,1.2961602311575091e-05,True,0.3859532126527477,1.224627539646851,0.8386743269941033,True,0,,,,False
FIB,outer_medullary,Lineage1,CFI,primary,,,False,5.91100501878827e-11,1.1380316533718615e-09,True,0.2209227693964129,0.9537776692067436,0.7328548998103308,True,0,,,,False
FIB,outer_medullary,Lineage1,CFP,primary,,,False,,,False,0.0041925712660288,0.0,-0.0041925712660288,True,0,,,,False
FIB,outer_medullary,Lineage1,CR1,primary,,,False,,,False,0.0062202833621803,0.1071914166273488,0.1009711332651684,True,0,,,,False
FIB,outer_medullary,Lineage1,CR2,primary,,,False,,,False,0.0016563437186809,0.0195585334405318,0.0179021897218508,True,0,,,,False
FIB,outer_medullary,Lineage1,FCN1,primary,,,False,,,False,0.0037960173286951,0.0647652250672708,0.0609692077385757,True,0,,,,False
FIB,outer_medullary,Lineage1,FCN2,primary,,,False,,,False,0.0,0.0,0.0,False,0,,,,False
FIB,outer_medullary,Lineage1,FCN3,primary,,,False,,,False,0.0046095929765306,0.0647354184296281,0.0601258254530974,True,0,,,,False
FIB,outer_medullary,Lineage1,ITGAM,primary,,,False,,,False,0.0018914699265609,0.0642884997222745,0.0623970297957136,True,0,,,,False
FIB,outer_medullary,Lineage1,ITGAX,primary,,,False,,,False,0.0009556790236413,0.0460074432648073,0.045051764241166,True,0,,,,False
FIB,outer_medullary,Lineage1,MASP1,primary,,,False,,,False,0.0154049254143789,0.0380813119376937,0.0226763865233148,True,0,,,,False
FIB,outer_medullary,Lineage1,MASP2,primary,,,False,,,False,0.0063292297282009,0.0,-0.0063292297282009,True,0,,,,False
FIB,outer_medullary,Lineage1,MBL2,primary,,,False,,,False,0.0,0.0,0.0,False,0,,,,False
FIB,outer_medullary,Lineage1,VSIG4,primary,,,False,,,False,0.0079319285640341,0.0273779096323768,0.0194459810683427,True,0,,,,False
FIB,outer_medullary,Lineage2,CFHR1,CFHR_descriptive,0.84033807658635,1.0,False,0.349330624501798,0.6048716430211557,False,0.0050069310906526,0.0,-0.0050069310906526,True,0,,,,False
FIB,outer_medullary,Lineage2,CFHR2,CFHR_descriptive,,,False,,,False,0.0,0.0,0.0,False,0,,,,False
FIB,outer_medullary,Lineage2,CFHR3,CFHR_descriptive,,,False,,,False,0.0054559745858818,0.0,-0.0054559745858818,True,0,,,,False
FIB,outer_medullary,Lineage2,CFHR4,CFHR_descriptive,,,False,,,False,0.003016033673805,0.0,-0.003016033673805,True,0,,,,False
FIB,outer_medullary,Lineage2,CFHR5,CFHR_descriptive,,,False,,,False,0.0,0.0,0.0,True,0,,,,False
FIB,outer_medullary,Lineage2,CFD,primary,0.0002322425662784,0.0022019620879954,True,0.0570071724288993,0.2227894253005875,False,0.0986878005910018,0.1260795350829712,0.0273917344919693,True,0,,,,False
FIB,outer_medullary,Lineage2,C1R,primary,0.0109099635740031,0.0593441617243352,False,0.798774348120383,0.9091162081628968,False,0.716556484730857,0.7103933278001868,-0.0061631569306701,True,0,,,,False
FIB,outer_medullary,Lineage2,CD59,primary,0.0218160622024414,0.1052635045495331,False,0.530566714049935,0.7431607089098213,False,0.5672806908388893,0.6318325014138385,0.0645518105749491,True,0,,,,False
FIB,outer_medullary,Lineage2,SERPING1,primary,0.365995281872644,0.8802701699874486,False,0.209622696140636,0.46450921128975,False,0.5534169658787037,0.7494285581174502,0.1960115922387465,True,0,,,,False
FIB,outer_medullary,Lineage2,C1QB,primary,0.461165550085503,1.0,False,0.753164257914835,0.8868112492468275,False,0.0252395336804512,0.0435842890550068,0.0183447553745556,True,0,,,,False
FIB,outer_medullary,Lineage2,C1QC,primary,0.925802736756143,1.0,False,0.194719617920066,0.4464921123460113,False,0.0057347497388571,0.0153099106636018,0.0095751609247446,True,0,,,,False
FIB,outer_medullary,Lineage2,C5AR1,primary,0.782163113806946,1.0,False,0.466730056126907,0.6999389573437157,False,0.0849493024844592,0.0952540195070026,0.0103047170225434,True,0,,,,False
FIB,outer_medullary,Lineage2,C6,primary,0.982848848770897,1.0,False,0.163994075685514,0.4057444089532324,False,0.1125628755218574,0.043611993455465,-0.0689508820663924,True,0,,,,False
FIB,outer_medullary,Lineage2,CD55,primary,0.998355981390638,1.0,False,0.701498824419548,0.8553515619232653,False,0.1931398207307064,0.2640625125851952,0.0709226918544888,True,0,,,,False
FIB,outer_medullary,Lineage2,C1QA,primary,,,False,0.144724055202833,0.3799339384620466,False,0.0221814356015721,0.075901374710396,0.0537199391088238,True,0,,,,False
FIB,outer_medullary,Lineage2,C1S,primary,,,False,0.78604374529057,0.9031021891031256,False,0.8819063801014104,0.8548862859977108,-0.0270200941036996,True,0,,,,False
FIB,outer_medullary,Lineage2,C2,primary,,,False,0.0703632362666674,0.2513819536111745,False,0.1198054711662756,0.2516722714845916,0.1318668003183159,True,0,,,,False
FIB,outer_medullary,Lineage2,C3,primary,,,False,0.0288840696053909,0.1484993237805336,False,0.0119029895782494,0.0197480401758734,0.0078450505976239,True,0,,,,False
FIB,outer_medullary,Lineage2,C3AR1,primary,,,False,,,False,0.0121682263786675,0.0155652262861882,0.0033969999075207,True,0,,,,False
FIB,outer_medullary,Lineage2,C4A,primary,,,False,,,False,0.0,0.0049904835273177,0.0049904835273177,True,0,,,,False
FIB,outer_medullary,Lineage2,C4B,primary,,,False,,,False,0.0004875625425685,0.0,-0.0004875625425685,True,0,,,,False
FIB,outer_medullary,Lineage2,C4BPA,primary,,,False,,,False,0.0070226360710402,0.0,-0.0070226360710402,True,0,,,,False
FIB,outer_medullary,Lineage2,C4BPB,primary,,,False,,,False,0.0007488143887666,0.0,-0.0007488143887666,True,0,,,,False
FIB,outer_medullary,Lineage2,C5,primary,,,False,0.0003644840374908,0.0076052114790799,True,0.3622132038748618,0.2016812845856637,-0.1605319192891981,True,0,,,,False
FIB,outer_medullary,Lineage2,C5AR2,primary,,,False,,,False,0.0089111559318553,0.0057758731419928,-0.0031352827898625,True,0,,,,False
FIB,outer_medullary,Lineage2,C7,primary,,,False,4.01853536002861e-08,5.838410956871196e-06,True,3.2815638713474224,2.154121144701504,-1.1274427266459184,True,0,,,,False
FIB,outer_medullary,Lineage2,C8A,primary,,,False,,,False,0.0022733515799057,0.0,-0.0022733515799057,True,0,,,,False
FIB,outer_medullary,Lineage2,C8B,primary,,,False,,,False,0.0004848009469268,0.0,-0.0004848009469268,True,0,,,,False
FIB,outer_medullary,Lineage2,C8G,primary,,,False,,,False,0.0030151224628316,0.0,-0.0030151224628316,True,0,,,,False
FIB,outer_medullary,Lineage2,C9,primary,,,False,,,False,0.0158512040055961,0.0153099106636018,-0.0005412933419943,True,0,,,,False
FIB,outer_medullary,Lineage2,CD46,primary,,,False,0.395009820230796,0.6446951413814667,False,1.7617923449617452,1.6212337919046866,-0.1405585530570585,True,0,,,,False
FIB,outer_medullary,Lineage2,CFB,primary,,,False,0.0567861977609316,0.2223182800059021,False,0.0844209486356639,0.1846104958747277,0.1001895472390638,True,0,,,,False
FIB,outer_medullary,Lineage2,CFH,primary,,,False,0.137640503560513,0.3694560515196408,False,0.3898102519876072,0.1171314813700706,-0.2726787706175366,True,0,,,,False
FIB,outer_medullary,Lineage2,CFI,primary,,,False,0.0002841805914552,0.0062945225019374,True,0.1992792987836458,0.5108538615986944,0.3115745628150486,True,0,,,,False
FIB,outer_medullary,Lineage2,CFP,primary,,,False,,,False,0.0051181048079702,0.007889202335349,0.0027710975273787,True,0,,,,False
FIB,outer_medullary,Lineage2,CR1,primary,,,False,,,False,0.0068015796323208,0.03070460319234,0.0239030235600191,True,0,,,,False
FIB,outer_medullary,Lineage2,CR2,primary,,,False,,,False,0.0019115620497591,0.0,-0.0019115620497591,True,0,,,,False
FIB,outer_medullary,Lineage2,FCN1,primary,,,False,,,False,0.0051812091626016,0.0,-0.0051812091626016,True,0,,,,False
FIB,outer_medullary,Lineage2,FCN2,primary,,,False,,,False,0.0,0.0,0.0,False,0,,,,False
FIB,outer_medullary,Lineage2,FCN3,primary,,,False,,,False,0.003976804047655,0.0,-0.003976804047655,True,0,,,,False
FIB,outer_medullary,Lineage2,ITGAM,primary,,,False,,,False,0.0030412846000476,0.0,-0.0030412846000476,True,0,,,,False
FIB,outer_medullary,Lineage2,ITGAX,primary,,,False,,,False,0.0003137004874806,0.0,-0.0003137004874806,True,0,,,,False
FIB,outer_medullary,Lineage2,MASP1,primary,,,False,,,False,0.0177381054945634,0.0112966064560583,-0.0064414990385051,True,0,,,,False
FIB,outer_medullary,Lineage2,MASP2,primary,,,False,,,False,0.0056964415881379,0.016995390122546,0.011298948534408,True,0,,,,False
FIB,outer_medullary,Lineage2,MBL2,primary,,,False,,,False,0.0,0.0,0.0,False,0,,,,False
FIB,outer_medullary,Lineage2,VSIG4,primary,,,False,,,False,0.0091483437149133,0.0,-0.0091483437149133,True,0,,,,False
Glomerular,endothelial_mesangial,Lineage1,CFHR1,CFHR_descriptive,,,False,,,False,0.0026793683543651,0.0049204181664328,0.0022410498120676,True,0,,,,False
Glomerular,endothelial_mesangial,Lineage1,CFHR2,CFHR_descriptive,,,False,,,False,0.0032273665967257,0.0,-0.0032273665967257,False,0,,,,False
Glomerular,endothelial_mesangial,Lineage1,CFHR3,CFHR_descriptive,,,False,,,False,0.0009609702786425,0.0049204181664328,0.0039594478877902,True,0,,,,False
Glomerular,endothelial_mesangial,Lineage1,CFHR4,CFHR_descriptive,,,False,,,False,0.0005063622452677,0.0,-0.0005063622452677,True,0,,,,False
Glomerular,endothelial_mesangial,Lineage1,CFHR5,CFHR_descriptive,,,False,,,False,0.0015310823889484,0.0,-0.0015310823889484,True,0,,,,False
Glomerular,endothelial_mesangial,Lineage1,C5,primary,0.0012292980902217,0.0072963989572997,True,2.69217717230319e-06,5.29587548810091e-05,True,0.0472021471986552,0.1895684007264715,0.1423662535278163,True,0,,,,False
Glomerular,endothelial_mesangial,Lineage1,CFI,primary,0.041603599436046,0.1734318723478544,False,0.0787832296503586,0.2249160037674118,False,0.2141058827086737,0.1566615864994009,-0.0574442962092727,True,0,,,,False
Glomerular,endothelial_mesangial,Lineage1,CD46,primary,0.0682994765633321,0.2634344400954225,False,0.0261262148994653,0.1019570258796074,False,0.9294669121063676,1.0508087827942056,0.121341870687838,True,0,,,,False
Glomerular,endothelial_mesangial,Lineage1,C2,primary,0.999157833076461,1.0,False,0.165579177121546,0.3717701113761419,False,0.0582238861498744,0.0698942620869092,0.0116703759370348,True,0,,,,False
Glomerular,endothelial_mesangial,Lineage1,C3,primary,0.465225543548286,1.0,False,0.185045876240398,0.3998855629450649,False,0.0617876460582951,0.0203481799181829,-0.0414394661401121,True,0,,,,False
Glomerular,endothelial_mesangial,Lineage1,C9,primary,0.83583370727518,1.0,False,0.278535415799748,0.5111592025276822,False,0.0579988217089523,0.010034635075493,-0.0479641866334592,True,0,,,,False
Glomerular,endothelial_mesangial,Lineage1,CD59,primary,1.0,1.0,False,0.518875629954156,0.7280472097240865,False,0.7060047599890411,0.482285498750489,-0.223719261238552,True,0,,,,False
Glomerular,endothelial_mesangial,Lineage1,CFB,primary,0.997512411209586,1.0,False,0.652063287398998,0.8187048557345252,False,0.0614375306892304,0.0341242609217502,-0.0273132697674801,True,0,,,,False
Glomerular,endothelial_mesangial,Lineage1,CR1,primary,0.819834960282728,1.0,False,0.556326620619757,0.7545913856672785,False,0.0272637490967031,0.0059087018776996,-0.0213550472190035,True,0,,,,False
Glomerular,endothelial_mesangial,Lineage1,MASP1,primary,1.0,1.0,False,0.243717575393727,0.4711536730109786,False,0.0259694597373993,0.0021440694635964,-0.0238253902738029,True,0,,,,False
Glomerular,endothelial_mesangial,Lineage1,C1QA,primary,,,False,0.403247068425544,0.6349497965562866,False,0.028328179064601,0.0093278581497877,-0.0190003209148133,True,0,,,,False
Glomerular,endothelial_mesangial,Lineage1,C1QB,primary,,,False,,,False,0.0142288558082895,0.0144614626409711,0.0002326068326815,True,0,,,,False
Glomerular,endothelial_mesangial,Lineage1,C1QC,primary,,,False,,,False,0.0089164606456339,0.0130629374521643,0.0041464768065303,True,0,,,,False
Glomerular,endothelial_mesangial,Lineage1,C1R,primary,,,False,0.0134316725351856,0.0614917269802637,False,0.096737099311564,0.2968903081123371,0.200153208800773,True,0,,,,False
Glomerular,endothelial_mesangial,Lineage1,C1S,primary,,,False,0.0840516012668259,0.2352231833216997,False,0.1996337865049826,0.2764882248311938,0.0768544383262112,True,0,,,,False
Glomerular,endothelial_mesangial,Lineage1,C3AR1,primary,,,False,,,False,0.0125413302226987,0.0032728548051522,-0.0092684754175464,True,0,,,,False
Glomerular,endothelial_mesangial,Lineage1,C4A,primary,,,False,,,False,0.0038233248688636,0.0,-0.0038233248688636,True,0,,,,False
Glomerular,endothelial_mesangial,Lineage1,C4B,primary,,,False,,,False,0.0018021310424188,0.0,-0.0018021310424188,True,0,,,,False
Glomerular,endothelial_mesangial,Lineage1,C4BPA,primary,,,False,,,False,0.0050242544689121,0.0007311578229451,-0.0042930966459669,True,0,,,,False
Glomerular,endothelial_mesangial,Lineage1,C4BPB,primary,,,False,,,False,0.0032390182750299,0.0,-0.0032390182750299,True,0,,,,False
Glomerular,endothelial_mesangial,Lineage1,C5AR1,primary,,,False,0.960343608913417,0.9845318007566628,False,0.0423655085459795,0.0632223288536377,0.0208568203076581,True,0,,,,False
Glomerular,endothelial_mesangial,Lineage1,C5AR2,primary,,,False,,,False,0.0158349192052771,0.0198448200178096,0.0040099008125324,True,0,,,,False
Glomerular,endothelial_mesangial,Lineage1,C6,primary,,,False,,,False,0.0211275327288937,0.0203042403546118,-0.0008232923742819,True,0,,,,False
Glomerular,endothelial_mesangial,Lineage1,C7,primary,,,False,0.041208388389236,0.1425802094317291,False,0.3564280231158607,1.086201349944221,0.7297733268283599,True,0,,,,False
Glomerular,endothelial_mesangial,Lineage1,C8A,primary,,,False,,,False,0.0050894563717734,0.0,-0.0050894563717734,True,0,,,,False
Glomerular,endothelial_mesangial,Lineage1,C8B,primary,,,False,,,False,0.0006744473017963,0.0,-0.0006744473017963,False,0,,,,False
Glomerular,endothelial_mesangial,Lineage1,C8G,primary,,,False,,,False,0.0058141443477753,0.0,-0.0058141443477753,True,0,,,,False
Glomerular,endothelial_mesangial,Lineage1,CD55,primary,,,False,0.0145925510848113,0.0655494773873852,False,0.1788438349649163,0.3480218576862953,0.1691780227213789,True,0,,,,False
Glomerular,endothelial_mesangial,Lineage1,CFD,primary,,,False,0.960350811219301,0.9845318007566628,False,0.0089410187161417,0.0283818236385896,0.0194408049224479,True,0,,,,False
Glomerular,endothelial_mesangial,Lineage1,CFH,primary,,,False,5.70928613150556e-05,0.0007014408908584,True,0.1042927208732602,0.4743981495153307,0.3701054286420705,True,0,,,,False
Glomerular,endothelial_mesangial,Lineage1,CFP,primary,,,False,,,False,0.0041462536723313,0.0146386348272187,0.0104923811548874,True,0,,,,False
Glomerular,endothelial_mesangial,Lineage1,CR2,primary,,,False,,,False,0.0114137083927983,0.0023721925561812,-0.009041515836617,True,0,,,,False
Glomerular,endothelial_mesangial,Lineage1,FCN1,primary,,,False,,,False,0.0088700103128098,0.0028645198521299,-0.0060054904606799,True,0,,,,False
Glomerular,endothelial_mesangial,Lineage1,FCN2,primary,,,False,,,False,0.0084091469332261,0.0,-0.0084091469332261,True,0,,,,False
Glomerular,endothelial_mesangial,Lineage1,FCN3,primary,,,False,7.56765543374893e-06,0.0001264827947554,True,0.6674536343815737,0.0600403845816145,-0.6074132497999591,True,0,,,,False
Glomerular,endothelial_mesangial,Lineage1,ITGAM,primary,,,False,,,False,0.0157781841759831,0.0080357264491744,-0.0077424577268087,True,0,,,,False
Glomerular,endothelial_mesangial,Lineage1,ITGAX,primary,,,False,,,False,0.0155463984179485,0.0499570782385527,0.0344106798206041,True,0,,,,False
Glomerular,endothelial_mesangial,Lineage1,MASP2,primary,,,False,,,False,0.0048850658314185,0.0038464661056867,-0.0010385997257317,True,0,,,,False
Glomerular,endothelial_mesangial,Lineage1,MBL2,primary,,,False,,,False,0.0,0.0,0.0,False,0,,,,False
Glomerular,endothelial_mesangial,Lineage1,SERPING1,primary,,,False,0.305133440789877,0.5406323809870989,False,0.3683071873197543,0.4108303244632076,0.0425231371434533,True,0,,,,False
Glomerular,endothelial_mesangial,Lineage1,VSIG4,primary,,,False,,,False,0.0027417434637037,0.0124042306133096,0.0096624871496059,True,0,,,,False
Glomerular,endothelial_mesangial,Lineage2,CFHR1,CFHR_descriptive,,,False,,,False,0.0,0.0044932772605835,0.0044932772605835,True,1,0.0,,,False
Glomerular,endothelial_mesangial,Lineage2,CFHR2,CFHR_descriptive,,,False,,,False,0.0057306555190217,0.0,-0.0057306555190217,False,1,0.0,,,False
Glomerular,endothelial_mesangial,Lineage2,CFHR3,CFHR_descriptive,,,False,,,False,0.0016877268801775,0.0,-0.0016877268801775,True,1,0.0,,,False
Glomerular,endothelial_mesangial,Lineage2,CFHR4,CFHR_descriptive,,,False,,,False,0.0,0.0024020095804071,0.0024020095804071,True,1,0.0,,,False
Glomerular,endothelial_mesangial,Lineage2,CFHR5,CFHR_descriptive,,,False,,,False,0.0,0.0,0.0,True,1,0.0,,,False
Glomerular,endothelial_mesangial,Lineage2,FCN3,primary,5.97723100378422e-05,0.0016023677350319,True,0.0003965672398182,0.0039617123829484,True,0.6247456836666399,1.4271971534492658,0.8024514697826259,True,1,0.2202278208991352,,,False
Glomerular,endothelial_mesangial,Lineage2,CD46,primary,0.0100187974838063,0.0825575808766266,False,0.0028928968941816,0.0170529940656176,True,0.8675591892239763,1.1690769506895122,0.3015177614655359,True,1,0.2175605132739704,,,False
Glomerular,endothelial_mesangial,Lineage2,C1QA,primary,0.128361307553049,0.5479903108958052,False,0.0049441076308617,0.0251204929345078,True,0.0166140671914115,0.0822737469980073,0.0656596798065957,True,1,-0.0275578434004519,,,False
Glomerular,endothelial_mesangial,Lineage2,C5AR1,primary,0.957154837397592,1.0,False,0.127204437795747,0.2570586388725189,False,0.0461469707460646,0.0314379153740317,-0.0147090553720328,True,1,-0.0192388192744403,,,False
Glomerular,endothelial_mesangial,Lineage2,C7,primary,0.932037319391214,1.0,False,0.099467583137331,0.2154848435439058,False,0.2590258203800938,0.5082233569218693,0.2491975365417754,True,1,-0.0898977190740569,,,False
Glomerular,endothelial_mesangial,Lineage2,C9,primary,0.735901775800487,1.0,False,0.492414180032937,0.6492283729211443,False,0.034377956679996,0.0509277120352563,0.0165497553552602,True,1,0.0306694326944007,,,False
Glomerular,endothelial_mesangial,Lineage2,CFH,primary,0.616274902112256,1.0,False,0.133065451376849,0.2659410262534456,False,0.0763965249226536,0.1124492724950777,0.0360527475724241,True,1,0.0415083110943603,,,False
Glomerular,endothelial_mesangial,Lineage2,MASP1,primary,0.999117762396284,1.0,False,0.606422020077053,0.7398724272481725,False,0.0202189245789199,0.0332962554395175,0.0130773308605976,True,1,-0.0275578434004519,,,False
Glomerular,endothelial_mesangial,Lineage2,C1QB,primary,,,False,,,False,0.0079156772005942,0.0518493195916502,0.0439336423910559,True,1,0.0,,,False
Glomerular,endothelial_mesangial,Lineage2,C1QC,primary,,,False,,,False,0.0,0.0315054827661414,0.0315054827661414,True,1,0.0,,,False
Glomerular,endothelial_mesangial,Lineage2,C1R,primary,,,False,0.010944708367542,0.0443680420827187,True,0.0596226050223345,0.178481385142513,0.1188587801201785,True,1,-0.0174224311015404,,,False
Glomerular,endothelial_mesangial,Lineage2,C1S,primary,,,False,0.720735463289826,0.82264044485676,False,0.1892884513606183,0.2238929186988187,0.0346044673382004,True,1,0.0314268217785832,,,False
Glomerular,endothelial_mesangial,Lineage2,C2,primary,,,False,0.811871404433633,0.8862876765781343,False,0.0606335140429484,0.0593959872572663,-0.001237526785682,True,1,0.1631439726923665,,,False
Glomerular,endothelial_mesangial,Lineage2,C3,primary,,,False,0.0521676574175651,0.1373163333565902,False,0.0236584177954602,0.1001724116784786,0.0765139938830183,True,1,0.4422340579550609,,,False
Glomerular,endothelial_mesangial,Lineage2,C3AR1,primary,,,False,,,False,0.0028050792950571,0.0180848936038576,0.0152798143088004,True,1,0.0,,,False
Glomerular,endothelial_mesangial,Lineage2,C4A,primary,,,False,,,False,0.0005059744466035,0.0055236552510494,0.0050176808044458,True,1,0.0,,,False
Glomerular,endothelial_mesangial,Lineage2,C4B,primary,,,False,,,False,0.0,0.0036854036621814,0.0036854036621814,True,1,0.0,,,False
Glomerular,endothelial_mesangial,Lineage2,C4BPA,primary,,,False,,,False,0.0027469663599341,0.0071564475067614,0.0044094811468272,True,1,0.0514634969801376,,,False
Glomerular,endothelial_mesangial,Lineage2,C4BPB,primary,,,False,,,False,0.0042223980779651,0.0016683185962571,-0.0025540794817079,True,1,0.0,,,False
Glomerular,endothelial_mesangial,Lineage2,C5,primary,,,False,0.535711336744004,0.6867892890102077,False,0.0541929437832013,0.0510719535326374,-0.0031209902505638,True,1,0.1477257202079629,,,False
Glomerular,endothelial_mesangial,Lineage2,C5AR2,primary,,,False,,,False,0.016839897283662,0.0074160313395128,-0.0094238659441492,True,1,-0.0275578434004519,,,False
Glomerular,endothelial_mesangial,Lineage2,C6,primary,,,False,,,False,0.0180627268514895,0.0121583081169547,-0.0059044187345348,True,1,-0.0275578434004519,,,False
Glomerular,endothelial_mesangial,Lineage2,C8A,primary,,,False,,,False,0.0059732170200013,0.0,-0.0059732170200013,True,1,0.0,,,False
Glomerular,endothelial_mesangial,Lineage2,C8B,primary,,,False,,,False,0.0008889037634796,0.0004632804851408,-0.0004256232783387,True,1,0.0,,,False
Glomerular,endothelial_mesangial,Lineage2,C8G,primary,,,False,,,False,0.0057182096224989,0.0053575258514492,-0.0003606837710497,True,1,0.0,,,False
Glomerular,endothelial_mesangial,Lineage2,CD55,primary,,,False,0.337490070790819,0.5048473706607082,False,0.1464705312370069,0.170528540262807,0.0240580090258001,True,1,-0.1081482220557991,,,False
Glomerular,endothelial_mesangial,Lineage2,CD59,primary,,,False,0.0053037955252698,0.0262896203129599,True,0.6028465621660319,1.0607201121044432,0.4578735499384112,True,1,0.425145967840566,,,False
Glomerular,endothelial_mesangial,Lineage2,CFB,primary,,,False,0.102677079849932,0.2201973925334074,False,0.0401678117167122,0.1058041686480113,0.065636356931299,True,1,0.0513241854760409,,,False
Glomerular,endothelial_mesangial,Lineage2,CFD,primary,,,False,0.011383766950203,0.0457375329617163,True,0.0053105300149599,0.0617116667024568,0.0564011366874968,True,1,0.0,,,False
Glomerular,endothelial_mesangial,Lineage2,CFI,primary,,,False,0.026231956177219,0.0847922405303783,False,0.1575944522768678,0.3406892712567985,0.1830948189799306,True,1,0.2503831148178573,,,False
Glomerular,endothelial_mesangial,Lineage2,CFP,primary,,,False,,,False,0.000553265033153,0.0016080324110322,0.0010547673778792,True,1,0.0,,,False
Glomerular,endothelial_mesangial,Lineage2,CR1,primary,,,False,0.620315493079293,0.7500767328039868,False,0.0139748950097,0.0313261101429777,0.0173512151332776,True,1,0.0604144133393126,,,False
Glomerular,endothelial_mesangial,Lineage2,CR2,primary,,,False,,,False,0.016679699013577,0.017764667896902,0.0010849688833249,True,1,0.0,,,False
Glomerular,endothelial_mesangial,Lineage2,FCN1,primary,,,False,,,False,0.0137565477810037,0.0052874778671698,-0.0084690699138338,True,1,0.0,,,False
Glomerular,endothelial_mesangial,Lineage2,FCN2,primary,,,False,,,False,0.0074909720480889,0.0127229128122498,0.0052319407641609,True,1,-0.0128911569508188,,,False
Glomerular,endothelial_mesangial,Lineage2,ITGAM,primary,,,False,,,False,0.0151480745269337,0.0,-0.0151480745269337,True,1,-0.0275578434004519,,,False
Glomerular,endothelial_mesangial,Lineage2,ITGAX,primary,,,False,,,False,0.0157447126884944,0.0018889674759638,-0.0138557452125305,True,1,0.0,,,False
Glomerular,endothelial_mesangial,Lineage2,MASP2,primary,,,False,,,False,0.0027488872068194,0.0062455896492422,0.0034967024424227,True,1,0.0223504085683891,,,False
Glomerular,endothelial_mesangial,Lineage2,MBL2,primary,,,False,,,False,0.0,0.0,0.0,False,1,0.0,,,False
Glomerular,endothelial_mesangial,Lineage2,SERPING1,primary,,,False,0.0002752393627341,0.0030708344590423,True,0.2568839394516656,0.7756519494614988,0.5187680100098333,True,1,0.3565943498528501,,,False
Glomerular,endothelial_mesangial,Lineage2,VSIG4,primary,,,False,,,False,0.0012171962927751,0.0043692877492863,0.0031520914565112,True,1,0.0,,,False
Glomerular,endothelial_mesangial,Lineage3,CFHR1,CFHR_descriptive,,,False,,,False,0.0018552767510675,0.0,-0.0018552767510675,True,0,,,,False
Glomerular,endothelial_mesangial,Lineage3,CFHR2,CFHR_descriptive,,,False,,,False,0.0023746629881871,0.0,-0.0023746629881871,False,0,,,,False
Glomerular,endothelial_mesangial,Lineage3,CFHR3,CFHR_descriptive,,,False,,,False,0.0007032063952268,0.0060936280865849,0.0053904216913581,True,0,,,,False
Glomerular,endothelial_mesangial,Lineage3,CFHR4,CFHR_descriptive,,,False,,,False,0.0003096128349419,0.0,-0.0003096128349419,True,0,,,,False
Glomerular,endothelial_mesangial,Lineage3,CFHR5,CFHR_descriptive,,,False,,,False,0.001402383983625,0.0,-0.001402383983625,True,0,,,,False
Glomerular,endothelial_mesangial,Lineage3,CFH,primary,2.49011811170874e-10,2.9470547852072936e-08,True,3.57824880836688e-13,1.165510530464803e-10,True,0.1123622338165919,0.8505709579057609,0.7382087240891689,True,0,,,,False
Glomerular,endothelial_mesangial,Lineage3,CR1,primary,2.12355763907768e-05,0.0004888407540799,True,0.0005818450946974,0.0055399880328564,True,0.030678363480978,0.3168029065652384,0.2861245430842604,True,0,,,,False
Glomerular,endothelial_mesangial,Lineage3,C7,primary,0.0025270381807158,0.0252739410158632,True,0.0287879416429272,0.0983593819340149,False,0.3989581494582795,0.4918121003753969,0.0928539509171173,True,0,,,,False
Glomerular,endothelial_mesangial,Lineage3,SERPING1,primary,0.0051484715069973,0.0453027214017197,True,0.0002575784611004,0.0029864602037849,True,0.3891531828313528,0.3966116903982354,0.0074585075668826,True,0,,,,False
Glomerular,endothelial_mesangial,Lineage3,CD55,primary,0.008754151981601,0.0672731039990906,False,0.0223967443693565,0.0823330188024165,False,0.1685676711612694,0.2115067300561868,0.0429390588949174,True,0,,,,False
Glomerular,endothelial_mesangial,Lineage3,CD46,primary,0.0252721370515251,0.1561857660599475,False,0.166088100396399,0.3317498479965722,False,0.9275279950989944,0.8018858071211562,-0.1256421879778381,True,0,,,,False
Glomerular,endothelial_mesangial,Lineage3,FCN3,primary,0.184482957863284,0.6964452332733544,False,0.0648318355370799,0.1738198102091005,False,0.6877725796660222,0.1898162850707964,-0.4979562945952257,True,0,,,,False
Glomerular,endothelial_mesangial,Lineage3,C1QA,primary,0.83122642181951,1.0,False,0.0522317383078796,0.1487208226753734,False,0.0330437908506374,0.0661448285865523,0.0331010377359148,True,0,,,,False
Glomerular,endothelial_mesangial,Lineage3,C9,primary,0.409004535399144,1.0,False,0.213610717193906,0.3920628626677824,False,0.0637264222911594,0.0444362514054028,-0.0192901708857566,True,0,,,,False
Glomerular,endothelial_mesangial,Lineage3,CFB,primary,0.982834350609321,1.0,False,0.0218825271428286,0.0810382536124953,False,0.0599182472883177,0.0759757973443272,0.0160575500560094,True,0,,,,False
Glomerular,endothelial_mesangial,Lineage3,C1QB,primary,,,False,,,False,0.0216571480448952,0.0900199298671961,0.0683627818223008,True,0,,,,False
Glomerular,endothelial_mesangial,Lineage3,C1QC,primary,,,False,,,False,0.0101749604964776,0.0015282641111251,-0.0086466963853524,True,0,,,,False
Glomerular,endothelial_mesangial,Lineage3,C1R,primary,,,False,0.0001886053348327,0.002356473077312,True,0.1099787724763303,0.2624286768828786,0.1524499044065482,True,0,,,,False
Glomerular,endothelial_mesangial,Lineage3,C1S,primary,,,False,0.0109868945352072,0.0495979591200069,True,0.1973691270922368,0.2763356825018253,0.0789665554095885,True,0,,,,False
Glomerular,endothelial_mesangial,Lineage3,C2,primary,,,False,0.0022600922250563,0.0154510045974134,True,0.0595349701957568,0.0733596323864198,0.013824662190663,True,0,,,,False
Glomerular,endothelial_mesangial,Lineage3,C3,primary,,,False,0.0043947376695823,0.0253094966283592,True,0.0614330817398508,0.1809112582089193,0.1194781764690683,True,0,,,,False
Glomerular,endothelial_mesangial,Lineage3,C3AR1,primary,,,False,,,False,0.0101424860119235,0.0016016872815785,-0.0085407987303449,True,0,,,,False
Glomerular,endothelial_mesangial,Lineage3,C4A,primary,,,False,,,False,0.0028132406931117,0.0016016872815785,-0.0012115534115332,True,0,,,,False
Glomerular,endothelial_mesangial,Lineage3,C4B,primary,,,False,,,False,0.0021214662960159,0.0,-0.0021214662960159,True,0,,,,False
Glomerular,endothelial_mesangial,Lineage3,C4BPA,primary,,,False,,,False,0.0072172990585014,0.0017426013426794,-0.0054746977158219,True,0,,,,False
Glomerular,endothelial_mesangial,Lineage3,C4BPB,primary,,,False,,,False,0.0023284961240018,0.0,-0.0023284961240018,True,0,,,,False
Glomerular,endothelial_mesangial,Lineage3,C5,primary,,,False,0.0524472105051467,0.1492130063650385,False,0.0532875764614307,0.1002457867037225,0.0469582102422918,True,0,,,,False
Glomerular,endothelial_mesangial,Lineage3,C5AR1,primary,,,False,0.0525461239630529,0.1493982196158423,False,0.0551674264249713,0.1147935912434373,0.0596261648184659,True,0,,,,False
Glomerular,endothelial_mesangial,Lineage3,C5AR2,primary,,,False,,,False,0.0218711244367455,0.0289726969684797,0.0071015725317341,True,0,,,,False
Glomerular,endothelial_mesangial,Lineage3,C6,primary,,,False,,,False,0.019133561038668,0.0288866510181378,0.0097530899794698,True,0,,,,False
Glomerular,endothelial_mesangial,Lineage3,C8A,primary,,,False,,,False,0.0037479455163496,0.0,-0.0037479455163496,True,0,,,,False
Glomerular,endothelial_mesangial,Lineage3,C8B,primary,,,False,,,False,0.0004916678584204,0.0015282641111251,0.0010365962527046,True,0,,,,False
Glomerular,endothelial_mesangial,Lineage3,C8G,primary,,,False,,,False,0.0067273463939025,0.0,-0.0067273463939025,True,0,,,,False
Glomerular,endothelial_mesangial,Lineage3,CD59,primary,,,False,0.0612261326571331,0.1674468163719968,False,0.7278700389928757,0.7264105969063421,-0.0014594420865335,True,0,,,,False
Glomerular,endothelial_mesangial,Lineage3,CFD,primary,,,False,2.57353757410206e-05,0.0005062495402088,True,0.0102699982565113,0.150606186989807,0.1403361887332957,True,0,,,,False
Glomerular,endothelial_mesangial,Lineage3,CFI,primary,,,False,0.0002668943684153,0.0030661345216929,True,0.2268888692836642,0.4205140864154701,0.1936252171318059,True,0,,,,False
Glomerular,endothelial_mesangial,Lineage3,CFP,primary,,,False,,,False,0.0045237273259656,0.0,-0.0045237273259656,True,0,,,,False
Glomerular,endothelial_mesangial,Lineage3,CR2,primary,,,False,,,False,0.0136729954172282,0.0,-0.0136729954172282,True,0,,,,False
Glomerular,endothelial_mesangial,Lineage3,FCN1,primary,,,False,,,False,0.0107978405744491,0.0585529121360568,0.0477550715616077,True,0,,,,False
Glomerular,endothelial_mesangial,Lineage3,FCN2,primary,,,False,,,False,0.0056677149789513,0.0,-0.0056677149789513,True,0,,,,False
Glomerular,endothelial_mesangial,Lineage3,ITGAM,primary,,,False,,,False,0.0155956178802126,0.0139692879284634,-0.0016263299517492,True,0,,,,False
Glomerular,endothelial_mesangial,Lineage3,ITGAX,primary,,,False,,,False,0.013196275692019,0.0173500627745482,0.0041537870825291,True,0,,,,False
Glomerular,endothelial_mesangial,Lineage3,MASP1,primary,,,False,0.223817723837574,0.4041241510982418,False,0.0330433806573107,0.0589373540868605,0.0258939734295498,True,0,,,,False
Glomerular,endothelial_mesangial,Lineage3,MASP2,primary,,,False,,,False,0.0047233898664284,0.0,-0.0047233898664284,True,0,,,,False
Glomerular,endothelial_mesangial,Lineage3,MBL2,primary,,,False,,,False,0.0,0.0,0.0,False,0,,,,False
Glomerular,endothelial_mesangial,Lineage3,VSIG4,primary,,,False,,,False,0.0053399679382218,0.0729078815055467,0.0675679135673248,True,0,,,,False
Glomerular,endothelial_mesangial,Lineage4,CFHR1,CFHR_descriptive,,,False,,,False,0.0,0.0018379868133792,0.0018379868133792,False,0,,,,False
Glomerular,endothelial_mesangial,Lineage4,CFHR2,CFHR_descriptive,,,False,,,False,0.0057727907800041,0.0,-0.0057727907800041,False,0,,,,False
Glomerular,endothelial_mesangial,Lineage4,CFHR3,CFHR_descriptive,,,False,,,False,0.0018924780537697,0.0,-0.0018924780537697,True,0,,,,False
Glomerular,endothelial_mesangial,Lineage4,CFHR4,CFHR_descriptive,,,False,,,False,0.0,0.0,0.0,False,0,,,,False
Glomerular,endothelial_mesangial,Lineage4,CFHR5,CFHR_descriptive,,,False,,,False,0.0,0.0018379868133792,0.0018379868133792,False,0,,,,False
Glomerular,endothelial_mesangial,Lineage4,CD55,primary,4.73257744104671e-08,7.846335010347148e-06,True,0.613352193362184,0.830019190602177,False,0.1267461788686188,0.4749743250790503,0.3482281462104314,True,0,,,,False
Glomerular,endothelial_mesangial,Lineage4,C1R,primary,0.818727041119637,1.0,False,0.0451603154437868,0.2517975231312412,False,0.0530492177963271,0.0254982028277313,-0.0275510149685958,True,0,,,,False
Glomerular,endothelial_mesangial,Lineage4,C3,primary,0.927925590537572,1.0,False,0.203782804926373,0.5145451533799856,False,0.02378722116338,0.0187033940810436,-0.0050838270823363,True,0,,,,False
Glomerular,endothelial_mesangial,Lineage4,C5,primary,0.99977908768455,1.0,False,0.594284078313357,0.8186822859109745,False,0.065182572535422,0.0286478928237862,-0.0365346797116358,True,0,,,,False
Glomerular,endothelial_mesangial,Lineage4,C7,primary,0.974265351534905,1.0,False,0.238481498097904,0.5550102092790657,False,0.1992359189178588,0.0960191396602198,-0.103216779257639,True,0,,,,False
Glomerular,endothelial_mesangial,Lineage4,C9,primary,0.996426417186526,1.0,False,0.987444485961365,0.9957038220930706,False,0.043195987668852,0.0259424279830288,-0.0172535596858231,True,0,,,,False
Glomerular,endothelial_mesangial,Lineage4,CD46,primary,0.479076068018417,1.0,False,0.0254446876923408,0.1891379031620032,False,0.8243445587419945,0.9508967917880248,0.1265522330460301,True,0,,,,False
Glomerular,endothelial_mesangial,Lineage4,CFB,primary,0.746478518761512,1.0,False,0.048203881550548,0.2589733659366994,False,0.0444789454737376,0.0205276899415335,-0.023951255532204,True,0,,,,False
Glomerular,endothelial_mesangial,Lineage4,CFD,primary,0.999998637308624,1.0,False,0.78086583405597,0.912164241485602,False,0.001026981221525,0.0,-0.001026981221525,True,0,,,,False
Glomerular,endothelial_mesangial,Lineage4,CFH,primary,0.99960704282702,1.0,False,0.491087833199648,0.7551796433678382,False,0.0744279121270048,0.0713147288927181,-0.0031131832342866,True,0,,,,False
Glomerular,endothelial_mesangial,Lineage4,CR1,primary,0.928222485086687,1.0,False,0.479800377850842,0.7489227785778327,False,0.0172592925380184,0.0038444878849152,-0.0134148046531031,True,0,,,,False
Glomerular,endothelial_mesangial,Lineage4,C1QA,primary,,,False,0.0437277071508366,0.2478552271771013,False,0.0158059843893237,0.0042953765924486,-0.011510607796875,True,0,,,,False
Glomerular,endothelial_mesangial,Lineage4,C1QB,primary,,,False,,,False,0.0089677666281955,0.0,-0.0089677666281955,True,0,,,,False
Glomerular,endothelial_mesangial,Lineage4,C1QC,primary,,,False,,,False,0.0007716372901178,0.0,-0.0007716372901178,True,0,,,,False
Glomerular,endothelial_mesangial,Lineage4,C1S,primary,,,False,0.450089177650954,0.7295784665908812,False,0.191048854141762,0.1796453568541299,-0.0114034972876321,True,0,,,,False
Glomerular,endothelial_mesangial,Lineage4,C2,primary,,,False,0.146617635423494,0.4372968861921799,False,0.0618813606645678,0.0958161996159999,0.033934838951432,True,0,,,,False
Glomerular,endothelial_mesangial,Lineage4,C3AR1,primary,,,False,,,False,0.0014348445371575,0.0,-0.0014348445371575,True,0,,,,False
Glomerular,endothelial_mesangial,Lineage4,C4A,primary,,,False,,,False,0.0009539391969629,0.0,-0.0009539391969629,True,0,,,,False
Glomerular,endothelial_mesangial,Lineage4,C4B,primary,,,False,,,False,0.0029221834983669,0.0,-0.0029221834983669,True,0,,,,False
Glomerular,endothelial_mesangial,Lineage4,C4BPA,primary,,,False,,,False,0.0028464172507327,0.0,-0.0028464172507327,True,0,,,,False
Glomerular,endothelial_mesangial,Lineage4,C4BPB,primary,,,False,,,False,0.0108514771161391,0.0,-0.0108514771161391,True,0,,,,False
Glomerular,endothelial_mesangial,Lineage4,C5AR1,primary,,,False,0.310765759327382,0.6248317598149103,False,0.0596195080428897,0.014903219463737,-0.0447162885791526,True,0,,,,False
Glomerular,endothelial_mesangial,Lineage4,C5AR2,primary,,,False,,,False,0.0142545061282996,0.0216260326014884,0.0073715264731887,True,0,,,,False
Glomerular,endothelial_mesangial,Lineage4,C6,primary,,,False,,,False,0.0217174545815537,0.0220020665169347,0.000284611935381,True,0,,,,False
Glomerular,endothelial_mesangial,Lineage4,C8A,primary,,,False,,,False,0.0031333807650559,0.0,-0.0031333807650559,False,0,,,,False
Glomerular,endothelial_mesangial,Lineage4,C8B,primary,,,False,,,False,0.0016670768141118,0.0,-0.0016670768141118,True,0,,,,False
Glomerular,endothelial_mesangial,Lineage4,C8G,primary,,,False,,,False,0.0023815827050718,0.0,-0.0023815827050718,True,0,,,,False
Glomerular,endothelial_mesangial,Lineage4,CD59,primary,,,False,0.415087323325682,0.7057189913206484,False,0.6284058455754842,1.1738889378387003,0.5454830922632163,True,0,,,,False
Glomerular,endothelial_mesangial,Lineage4,CFI,primary,,,False,0.0084537604017888,0.1026608848600249,False,0.1282932965906779,0.0147720945358296,-0.1135212020548483,True,0,,,,False
Glomerular,endothelial_mesangial,Lineage4,CFP,primary,,,False,,,False,0.0,0.0,0.0,False,0,,,,False
Glomerular,endothelial_mesangial,Lineage4,CR2,primary,,,False,,,False,0.0178720778805354,0.0020743139204286,-0.0157977639601068,True,0,,,,False
Glomerular,endothelial_mesangial,Lineage4,FCN1,primary,,,False,,,False,0.0100689904095963,0.0,-0.0100689904095963,True,0,,,,False
Glomerular,endothelial_mesangial,Lineage4,FCN2,primary,,,False,,,False,0.0100868688146295,0.0,-0.0100868688146295,True,0,,,,False
Glomerular,endothelial_mesangial,Lineage4,FCN3,primary,,,False,0.0166657104293007,0.1494918784956601,False,0.7850007357333848,0.622977293096512,-0.1620234426368728,True,0,,,,False
Glomerular,endothelial_mesangial,Lineage4,ITGAM,primary,,,False,,,False,0.0122450689036063,0.0,-0.0122450689036063,True,0,,,,False
Glomerular,endothelial_mesangial,Lineage4,ITGAX,primary,,,False,,,False,0.0108147261094491,0.0111987531262649,0.0003840270168157,True,0,,,,False
Glomerular,endothelial_mesangial,Lineage4,MASP1,primary,,,False,0.185164375219255,0.4903537768128106,False,0.0155067099192454,0.039652034846025,0.0241453249267795,True,0,,,,False
Glomerular,endothelial_mesangial,Lineage4,MASP2,primary,,,False,,,False,0.0007716372901178,0.0173321165320928,0.0165604792419749,True,0,,,,False
Glomerular,endothelial_mesangial,Lineage4,MBL2,primary,,,False,,,False,0.0,0.0018379868133792,0.0018379868133792,False,0,,,,False
Glomerular,endothelial_mesangial,Lineage4,SERPING1,primary,,,False,0.447869328864615,0.728668515682337,False,0.2463884255521038,0.1858387192383937,-0.06054970631371,True,0,,,,False
Glomerular,endothelial_mesangial,Lineage4,VSIG4,primary,,,False,,,False,0.0029161937928725,0.0038444878849152,0.0009282940920427,True,0,,,,False
Glomerular,podocyte_PEC,Lineage1,CFHR1,CFHR_descriptive,,,False,,,False,0.0016994766294541,0.0041118983895612,0.0024124217601071,True,8,0.0,1.0,1.0,False
Glomerular,podocyte_PEC,Lineage1,CFHR2,CFHR_descriptive,,,False,,,False,0.0,0.0013285216666269,0.0013285216666269,True,8,0.0,1.0,1.0,False
Glomerular,podocyte_PEC,Lineage1,CFHR3,CFHR_descriptive,,,False,,,False,0.0053260288918355,0.0190847059009076,0.0137586770090721,True,8,0.0256007646378152,0.046875,0.2015625,False
Glomerular,podocyte_PEC,Lineage1,CFHR4,CFHR_descriptive,,,False,,,False,0.0021077799701735,0.0038141115228484,0.0017063315526748,True,8,0.0,1.0,1.0,False
Glomerular,podocyte_PEC,Lineage1,CFHR5,CFHR_descriptive,,,False,,,False,0.0009808717986271,0.0017090410741337,0.0007281692755066,True,8,0.0,1.0,1.0,False
Glomerular,podocyte_PEC,Lineage1,CR1,primary,0.0,0.0,True,0.0,0.0,True,1.6577703945625577,0.0843814842068398,-1.5733889103557177,True,8,-1.710775797987727,0.0078125,0.0671875,False
Glomerular,podocyte_PEC,Lineage1,SERPING1,primary,1.71417213756797e-10,9.260222552858207e-10,True,0.0262155597102716,0.0787967092654974,False,0.1661914315087451,0.390392401607857,0.2242009700991118,True,8,0.11154525161753,0.1484375,0.3754595588235294,False
Glomerular,podocyte_PEC,Lineage1,C7,primary,2.31836102648764e-07,9.608744254409517e-07,True,0.197965028276645,0.354641002200647,False,0.2013463105551723,0.2721453963351086,0.0707990857799362,True,8,0.0397872967180369,0.84375,1.0,False
Glomerular,podocyte_PEC,Lineage1,CR2,primary,0.0002334977958566,0.0006821309395461,True,0.0374428893861795,0.1040326242055402,False,0.026722920293456,0.0103546243034549,-0.0163682959900011,True,8,-0.002037924482552,0.8125,1.0,False
Glomerular,podocyte_PEC,Lineage1,C1S,primary,0.0216151335084839,0.0473361984912867,True,0.52976019176027,0.6892479230792816,False,0.3197828501229953,0.3611259824310816,0.0413431323080862,True,8,-0.0337791710173334,0.3828125,0.6096643518518519,False
Glomerular,podocyte_PEC,Lineage1,CFD,primary,0.425857720715893,0.666011372990708,False,0.64199257238228,0.7756993954279975,False,0.0119766790745069,0.0299236618133493,0.0179469827388423,True,8,0.0102346246540467,0.4375,0.6487068965517241,False
Glomerular,podocyte_PEC,Lineage1,C1QA,primary,,,False,0.30387193455869,0.4794769934977933,False,0.0160540191718009,0.0265869452149692,0.0105329260431682,True,8,0.0,0.25,0.4886363636363636,False
Glomerular,podocyte_PEC,Lineage1,C1QB,primary,,,False,0.569628640096907,0.7215619370228039,False,0.008633528417634,0.018923119244521,0.010289590826887,True,8,0.0131983769634322,0.09375,0.3359375,False
Glomerular,podocyte_PEC,Lineage1,C1QC,primary,,,False,0.719652186997509,0.8306935425478034,False,0.0070834243136782,0.0091849161302489,0.0021014918165707,True,8,0.0,0.5,0.7166666666666667,False
Glomerular,podocyte_PEC,Lineage1,C1R,primary,,,False,0.770465039820314,0.8640453567839822,False,0.1903743965562609,0.3085577114778598,0.1181833149215988,True,8,0.0172857133431842,0.3828125,0.6096643518518519,False
Glomerular,podocyte_PEC,Lineage1,C2,primary,,,False,0.774752467208251,0.867056581031445,False,0.1562372470894133,0.1665958834815912,0.0103586363921779,True,8,0.0259793816542025,0.3125,0.5842391304347826,False
Glomerular,podocyte_PEC,Lineage1,C3,primary,,,False,0.0006403305214058,0.0037563673195608,True,0.0555681679147938,0.4037419546587731,0.3481737867439792,True,8,0.1690628986528917,0.015625,0.1119791666666666,False
Glomerular,podocyte_PEC,Lineage1,C3AR1,primary,,,False,,,False,0.0103543357591364,0.0041263836261701,-0.0062279521329663,True,8,0.0,0.4375,0.6487068965517241,False
Glomerular,podocyte_PEC,Lineage1,C4A,primary,,,False,,,False,0.0014316452196084,0.0072789758758937,0.0058473306562852,True,8,0.0012480268420506,0.125,0.3359375,False
Glomerular,podocyte_PEC,Lineage1,C4B,primary,,,False,,,False,0.0009474923960674,0.0032654325084491,0.0023179401123816,True,8,0.0,1.0,1.0,False
Glomerular,podocyte_PEC,Lineage1,C4BPA,primary,,,False,,,False,0.0105454590873133,0.0121640842168357,0.0016186251295223,True,8,0.0,0.25,0.4886363636363636,False
Glomerular,podocyte_PEC,Lineage1,C4BPB,primary,,,False,,,False,0.0005972506647386,0.0050237454335056,0.004426494768767,True,8,0.0,0.8125,1.0,False
Glomerular,podocyte_PEC,Lineage1,C5,primary,,,False,1.62869400277543e-06,2.1059803626039723e-05,True,0.1813191804628659,0.2956700673290125,0.1143508868661465,True,8,0.025997445017532,0.25,0.4886363636363636,False
Glomerular,podocyte_PEC,Lineage1,C5AR1,primary,,,False,0.0030932226452178,0.0139625067683655,True,0.0592963789935537,0.1395539133799625,0.0802575343864087,True,8,0.1494437852097174,0.0078125,0.0671875,False
Glomerular,podocyte_PEC,Lineage1,C5AR2,primary,,,False,,,False,0.0076492555739206,0.0082904473682236,0.0006411917943029,True,8,0.0005140056732475,0.84375,1.0,False
Glomerular,podocyte_PEC,Lineage1,C6,primary,,,False,0.198313024634231,0.3550485142040037,False,0.0920847265456591,0.1361401491666589,0.0440554226209998,True,8,0.0294822129633817,0.375,0.6096643518518519,False
Glomerular,podocyte_PEC,Lineage1,C8A,primary,,,False,,,False,0.0050997311580405,0.0036087675052505,-0.0014909636527899,True,8,0.0,1.0,1.0,False
Glomerular,podocyte_PEC,Lineage1,C8B,primary,,,False,,,False,0.0005998821017348,0.0017789306882119,0.0011790485864771,True,8,0.0,,,False
Glomerular,podocyte_PEC,Lineage1,C8G,primary,,,False,,,False,0.0033337850051677,0.0040271421795665,0.0006933571743988,True,8,0.0,0.875,1.0,False
Glomerular,podocyte_PEC,Lineage1,C9,primary,,,False,0.0001202821803929,0.0009151593077443,True,0.1422561197770007,0.0543195295658373,-0.0879365902111633,True,8,-0.1096217226106561,0.0234375,0.1439732142857142,False
Glomerular,podocyte_PEC,Lineage1,CD46,primary,,,False,0.545147376295007,0.7010545737756239,False,0.8533448672371129,0.9709536360385644,0.1176087688014516,True,8,-0.0584304217916358,0.84375,1.0,False
Glomerular,podocyte_PEC,Lineage1,CD55,primary,,,False,7.22591409652029e-05,0.0005897310238645,True,0.2897182930808955,0.2526406732405506,-0.0370776198403448,True,8,-0.0680527045450558,0.109375,0.3359375,False
Glomerular,podocyte_PEC,Lineage1,CD59,primary,,,False,0.249327832541295,0.4169551513101615,False,0.4782474168567333,0.7542513196730478,0.2760039028163145,True,8,0.1196297152695166,0.0546875,0.2137784090909091,False
Glomerular,podocyte_PEC,Lineage1,CFB,primary,,,False,0.202500989278964,0.3599250083466725,False,0.0220577600792864,0.1347723908006801,0.1127146307213937,True,8,0.0605160651062595,0.0390625,0.1866319444444444,False
Glomerular,podocyte_PEC,Lineage1,CFH,primary,,,False,1.4581447160821897e-11,6.043942132026328e-10,True,0.465422002379649,2.4235244257841213,1.958102423404472,True,8,1.8485260718431455,0.0078125,0.0671875,False
Glomerular,podocyte_PEC,Lineage1,CFI,primary,,,False,3.19880407992912e-05,0.0002886358992182,True,0.1414929749750607,0.7051469740014105,0.5636539990263498,True,8,0.5162861168314282,0.0078125,0.0671875,False
Glomerular,podocyte_PEC,Lineage1,CFP,primary,,,False,,,False,0.0082076912703256,0.002266257886148,-0.0059414333841775,True,8,-0.0031602784479171,0.125,0.3359375,False
Glomerular,podocyte_PEC,Lineage1,FCN1,primary,,,False,,,False,0.0050985912428133,0.0065451393156234,0.00144654807281,True,8,0.0,0.25,0.4886363636363636,False
Glomerular,podocyte_PEC,Lineage1,FCN2,primary,,,False,,,False,0.0005928311423743,0.000179772592159,-0.0004130585502152,True,8,0.0,,,False
Glomerular,podocyte_PEC,Lineage1,FCN3,primary,,,False,0.9656008092115,0.9826068866733972,False,0.045698957468322,0.0192712456222808,-0.0264277118460411,True,8,0.0,0.375,0.6096643518518519,False
Glomerular,podocyte_PEC,Lineage1,ITGAM,primary,,,False,0.0911628437106587,0.2040224213737601,False,0.0112593021494677,0.0274026935779065,0.0161433914284388,True,8,0.041078492402295,0.03125,0.16796875,False
Glomerular,podocyte_PEC,Lineage1,ITGAX,primary,,,False,,,False,0.0043675411461743,0.0145730471898052,0.0102055060436309,True,8,0.0051154460739562,0.125,0.3359375,False
Glomerular,podocyte_PEC,Lineage1,MASP1,primary,,,False,0.0001732345447771,0.0012493736938952,True,0.0174812429056461,0.1217012043338262,0.10421996142818,True,8,0.1073347031858431,0.0078125,0.0671875,False
Glomerular,podocyte_PEC,Lineage1,MASP2,primary,,,False,,,False,0.0093413770735274,0.0095604081993548,0.0002190311258273,True,8,0.0,0.6875,0.9536290322580644,False
Glomerular,podocyte_PEC,Lineage1,MBL2,primary,,,False,,,False,0.0,0.0005189590154674,0.0005189590154674,True,8,0.0,,,False
Glomerular,podocyte_PEC,Lineage1,VSIG4,primary,,,False,,,False,0.0030168783805159,0.0063391015096865,0.0033222231291705,True,8,0.0,0.25,0.4886363636363636,False
Glomerular,podocyte_PEC,Lineage2,CFHR1,CFHR_descriptive,,,False,,,False,0.0009399016887987,0.0005207662864838,-0.0004191354023149,True,1,0.0,,,False
Glomerular,podocyte_PEC,Lineage2,CFHR2,CFHR_descriptive,,,False,,,False,0.000283632745019,0.0,-0.000283632745019,True,1,0.0,,,False
Glomerular,podocyte_PEC,Lineage2,CFHR3,CFHR_descriptive,,,False,,,False,0.0041299309965219,0.0,-0.0041299309965219,True,1,0.0,,,False
Glomerular,podocyte_PEC,Lineage2,CFHR4,CFHR_descriptive,,,False,,,False,0.0001887237360295,0.0,-0.0001887237360295,True,1,0.0,,,False
Glomerular,podocyte_PEC,Lineage2,CFHR5,CFHR_descriptive,,,False,,,False,0.0003952160149377,0.0006551294169322,0.0002599134019944,True,1,0.0,,,False
Glomerular,podocyte_PEC,Lineage2,C1R,primary,5.55111512312578e-16,1.022416565948798e-14,True,0.0021026428328956,0.0207221950427055,True,0.2838241863661155,0.7444175545521285,0.460593368186013,True,1,0.4706644350415326,,,False
Glomerular,podocyte_PEC,Lineage2,CFB,primary,1.1535217225855399e-12,1.3999630619537468e-11,True,0.492756238124459,0.7228259629160051,False,0.0198869282513091,0.0577154969278276,0.0378285686765184,True,1,0.0400549927957095,,,False
Glomerular,podocyte_PEC,Lineage2,CD46,primary,3.55490858972018e-10,3.156134412589892e-09,True,0.0015481307987291,0.016714009475759,True,0.890033602419773,1.2268380657855642,0.3368044633657912,True,1,0.3808461371233681,,,False
Glomerular,podocyte_PEC,Lineage2,C3,primary,9.53843238837848e-08,6.257661838275439e-07,True,0.132636125406499,0.3413783931080791,False,0.0411481532977116,0.1806441960181118,0.1394960427204002,True,1,-0.005776687556246,,,False
Glomerular,podocyte_PEC,Lineage2,CR1,primary,5.12802563463755e-05,0.000226396605686,True,0.689410338050726,0.850252117312785,False,1.857068949819468,1.659133563037414,-0.1979353867820539,True,1,-0.1682145286239937,,,False
Glomerular,podocyte_PEC,Lineage2,MASP1,primary,0.0074571167211331,0.022120210187129,True,0.0226271748344651,0.1083834391145502,False,0.0066003535330288,0.0166362408420044,0.0100358873089755,True,1,0.0,,,False
Glomerular,podocyte_PEC,Lineage2,C1QA,primary,0.0120066567230332,0.0342453408810847,True,0.106766694902154,0.2972918869277661,False,0.0161658576807125,0.0561269344877922,0.0399610768070797,True,1,0.0,,,False
Glomerular,podocyte_PEC,Lineage2,C2,primary,0.125975549782017,0.2712850377295626,False,0.249069856927151,0.4961115934353748,False,0.1491147253134128,0.11198002653443,-0.0371346987789828,True,1,0.0063589020027182,,,False
Glomerular,podocyte_PEC,Lineage2,ITGAM,primary,0.399564874669679,0.7055436929459039,False,0.66467891865839,0.8361182222625518,False,0.0063581280675946,0.0039731986859237,-0.0023849293816709,True,1,-0.0177536459715416,,,False
Glomerular,podocyte_PEC,Lineage2,CR2,primary,0.643277426544869,0.9983593835560284,False,0.34717365635519,0.5993310113625897,False,0.0314482406519688,0.0322634657198435,0.0008152250678746,True,1,0.0110368304064247,,,False
Glomerular,podocyte_PEC,Lineage2,C5,primary,0.995144836287843,1.0,False,0.207756686258723,0.4458491943903397,False,0.1669738375925244,0.1423969041403452,-0.0245769334521792,True,1,-0.0245546872812372,,,False
Glomerular,podocyte_PEC,Lineage2,C5AR1,primary,0.99998705401672,1.0,False,0.532985521764155,0.7521735315779116,False,0.0399974253275049,0.0381326953796366,-0.0018647299478683,True,1,-0.0175895045341539,,,False
Glomerular,podocyte_PEC,Lineage2,CFD,primary,0.949902326635212,1.0,False,0.81826368959873,0.91667093507933,False,0.0157209658031289,0.0493254315788407,0.0336044657757117,True,1,0.0,,,False
Glomerular,podocyte_PEC,Lineage2,C1QB,primary,,,False,0.398207039763871,0.6465722425109253,False,0.0076553586382965,0.0507457219034166,0.04309036326512,True,1,0.0040358891753174,,,False
Glomerular,podocyte_PEC,Lineage2,C1QC,primary,,,False,0.0244268914911616,0.1143357801723912,False,0.0035061508359177,0.0314058529655401,0.0278997021296223,True,1,0.0,,,False
Glomerular,podocyte_PEC,Lineage2,C1S,primary,,,False,8.02200138571019e-05,0.0020968731610406,True,0.3732875216646247,0.5313395344572357,0.1580520127926109,True,1,0.315647069634112,,,False
Glomerular,podocyte_PEC,Lineage2,C3AR1,primary,,,False,,,False,0.0048408858510542,0.0050910741596534,0.0002501883085992,True,1,-0.0026339264124221,,,False
Glomerular,podocyte_PEC,Lineage2,C4A,primary,,,False,,,False,0.0030931520361765,0.0097493416028595,0.0066561895666829,True,1,0.0,,,False
Glomerular,podocyte_PEC,Lineage2,C4B,primary,,,False,,,False,0.0004711807694478,0.002200078173953,0.0017288974045051,True,1,0.0,,,False
Glomerular,podocyte_PEC,Lineage2,C4BPA,primary,,,False,,,False,0.0065764738509849,0.0067015947884159,0.000125120937431,True,1,-0.0079388658072393,,,False
Glomerular,podocyte_PEC,Lineage2,C4BPB,primary,,,False,,,False,0.0015165803049191,0.0034614621720058,0.0019448818670866,True,1,0.0014019627628952,,,False
Glomerular,podocyte_PEC,Lineage2,C5AR2,primary,,,False,,,False,0.0087069747453644,0.0081921625212954,-0.0005148122240689,True,1,-0.005776687556246,,,False
Glomerular,podocyte_PEC,Lineage2,C6,primary,,,False,0.586644508495834,0.7877633190813683,False,0.0735120124094048,0.0489351631061779,-0.0245768493032269,True,1,0.0008300699004994,,,False
Glomerular,podocyte_PEC,Lineage2,C7,primary,,,False,0.0332876082439496,0.1403913132763835,False,0.1223719554716532,0.4076523525218335,0.2852803970501803,True,1,0.0,,,False
Glomerular,podocyte_PEC,Lineage2,C8A,primary,,,False,,,False,0.0022923443639354,0.0,-0.0022923443639354,True,1,0.0,,,False
Glomerular,podocyte_PEC,Lineage2,C8B,primary,,,False,,,False,0.0,0.0,0.0,True,1,0.0,,,False
Glomerular,podocyte_PEC,Lineage2,C8G,primary,,,False,,,False,0.002045964751814,0.0078532100011341,0.00580724524932,True,1,0.0,,,False
Glomerular,podocyte_PEC,Lineage2,C9,primary,,,False,0.341195513820872,0.5934051380021016,False,0.1332131507023694,0.0967952175626564,-0.036417933139713,True,1,-0.0716976845774136,,,False
Glomerular,podocyte_PEC,Lineage2,CD55,primary,,,False,0.0062256744845643,0.044665274917985,True,0.3437954444920092,0.5088733021422297,0.1650778576502204,True,1,0.2162058251539655,,,False
Glomerular,podocyte_PEC,Lineage2,CD59,primary,,,False,1.6447652129159e-09,1.08779897803849e-06,True,0.6046769527308423,1.161549218373818,0.5568722656429755,True,1,0.8763059647124399,,,False
Glomerular,podocyte_PEC,Lineage2,CFH,primary,,,False,0.25825789353631,0.507506460314503,False,0.4227691329949269,0.7315552424762417,0.3087861094813147,True,1,-0.0297894466420465,,,False
Glomerular,podocyte_PEC,Lineage2,CFI,primary,,,False,0.748511901633371,0.8809185413212355,False,0.109193326887025,0.2111760551925357,0.1019827283055106,True,1,0.0165444921202246,,,False
Glomerular,podocyte_PEC,Lineage2,CFP,primary,,,False,,,False,0.005336600461497,0.0088017085948877,0.0034651081333907,True,1,0.0137740724792579,,,False
Glomerular,podocyte_PEC,Lineage2,FCN1,primary,,,False,,,False,0.0065592359706783,0.0035588315169665,-0.0030004044537117,True,1,-0.005776687556246,,,False
Glomerular,podocyte_PEC,Lineage2,FCN2,primary,,,False,,,False,0.0,0.0007100418432088,0.0007100418432088,True,1,0.0,,,False
Glomerular,podocyte_PEC,Lineage2,FCN3,primary,,,False,0.732459659686911,0.8730648662250212,False,0.0040860209227153,0.0176815101825463,0.0135954892598309,True,1,0.0,,,False
Glomerular,podocyte_PEC,Lineage2,ITGAX,primary,,,False,,,False,0.0045307733304667,0.0174126144042446,0.0128818410737778,True,1,0.0,,,False
Glomerular,podocyte_PEC,Lineage2,MASP2,primary,,,False,,,False,0.0089231423683229,0.0056452969638667,-0.0032778454044561,True,1,0.0070241178448821,,,False
Glomerular,podocyte_PEC,Lineage2,MBL2,primary,,,False,,,False,0.0,0.0,0.0,False,1,0.0,,,False
Glomerular,podocyte_PEC,Lineage2,SERPING1,primary,,,False,0.0038481339289323,0.03160815435554,True,0.2063885396727019,0.4322936062321394,0.2259050665594375,True,1,0.3295493357017156,,,False
Glomerular,podocyte_PEC,Lineage2,VSIG4,primary,,,False,,,False,0.0051254356621564,0.0097066602675394,0.0045812246053829,True,1,0.0,,,False
Glomerular,podocyte_PEC,Lineage3,CFHR1,CFHR_descriptive,,,False,,,False,0.0002658116214366,0.0066473228967788,0.0063815112753421,True,5,0.0,,,False
Glomerular,podocyte_PEC,Lineage3,CFHR2,CFHR_descriptive,,,False,,,False,0.0,0.0016877181895628,0.0016877181895628,True,5,0.0,,,False
Glomerular,podocyte_PEC,Lineage3,CFHR3,CFHR_descriptive,,,False,,,False,0.0053906463330821,0.0083970746962314,0.0030064283631492,True,5,0.0,1.0,1.0,False
Glomerular,podocyte_PEC,Lineage3,CFHR4,CFHR_descriptive,,,False,,,False,0.0025824118820449,0.0023261577935594,-0.0002562540884855,True,5,0.0,,,False
Glomerular,podocyte_PEC,Lineage3,CFHR5,CFHR_descriptive,,,False,,,False,0.0002589705591508,0.0,-0.0002589705591508,True,5,0.0,1.0,1.0,False
Glomerular,podocyte_PEC,Lineage3,CR1,primary,0.0,0.0,True,0.680361021694606,0.953851516401082,False,1.735490232972423,1.2909486323342751,-0.4445416006381482,True,5,0.0206779594105253,1.0,1.0,False
Glomerular,podocyte_PEC,Lineage3,CFB,primary,2.0340396034157497e-12,1.4968307310850467e-11,True,0.317240939101395,0.8391909349898724,False,0.0203699250368142,0.0774236326431396,0.0570537076063254,True,5,0.0140328577372619,0.125,0.78125,False
Glomerular,podocyte_PEC,Lineage3,C1R,primary,6.16669161834782e-06,2.2600369589421415e-05,True,0.387172658230526,0.8692206748582377,False,0.1816648208876868,0.3220327853342947,0.1403679644466079,True,5,0.2702136127628633,0.125,0.78125,False
Glomerular,podocyte_PEC,Lineage3,C1QB,primary,0.0031423173631948,0.0079825383244628,True,0.357287035577771,0.8561736763870152,False,0.0060020627639807,0.0358225928005581,0.0298205300365774,True,5,0.0,1.0,1.0,False
Glomerular,podocyte_PEC,Lineage3,CD55,primary,0.0058854519026999,0.0142566316772222,True,0.0471163188962819,0.562780004368499,False,0.2934892487978175,0.3207393501238732,0.0272501013260557,True,5,0.0452465196833809,0.3125,0.78125,False
Glomerular,podocyte_PEC,Lineage3,C9,primary,0.0610713512669152,0.1192005443795362,False,0.470158305641134,0.8994961308710631,False,0.1490586366279687,0.1073303110390393,-0.0417283255889293,True,5,-0.0013606289987017,0.875,1.0,False
Glomerular,podocyte_PEC,Lineage3,CFD,primary,0.0610929572571931,0.1192005443795362,False,0.942937461403783,0.9942155319017096,False,0.0079339189511063,0.040751612094978,0.0328176931438716,True,5,0.0184607273605636,0.25,0.78125,False
Glomerular,podocyte_PEC,Lineage3,C1S,primary,0.0637839708123071,0.1238141978201216,False,0.265057810628903,0.8087150638396035,False,0.3146483889641123,0.3633147769947786,0.0486663880306662,True,5,0.1091859541240959,0.0625,0.78125,False
Glomerular,podocyte_PEC,Lineage3,C1QA,primary,0.230659428779879,0.3847480326548955,False,0.0550826828743809,0.58925716359369,False,0.0152592326155033,0.0663881285781024,0.0511288959625991,True,5,0.0507664575054305,0.25,0.78125,False
Glomerular,podocyte_PEC,Lineage3,C5,primary,0.999906375667916,1.0,False,0.670473254766805,0.9515741831693468,False,0.1818935250163991,0.1499834771971143,-0.0319100478192848,True,5,-0.0257905341665391,0.4375,0.8,False
Glomerular,podocyte_PEC,Lineage3,CR2,primary,0.750782357559838,1.0,False,0.13404050693519,0.7099339465703,False,0.0272584305593303,0.0275455139781611,0.0002870834188308,True,5,-0.0086754085274424,0.125,0.78125,False
Glomerular,podocyte_PEC,Lineage3,C1QC,primary,,,False,0.103299613462904,0.6804209507956757,False,0.0056633244571837,0.0162757437276829,0.0106124192704992,True,5,0.0,0.5,0.8,False
Glomerular,podocyte_PEC,Lineage3,C2,primary,,,False,0.0700816664452502,0.6232661328226412,False,0.1623954848328661,0.1149177471581581,-0.0474777376747079,True,5,-0.0347274109186575,0.8125,1.0,False
Glomerular,podocyte_PEC,Lineage3,C3,primary,,,False,0.816461566852619,0.97866319376917,False,0.049155969744396,0.1335193881764997,0.0843634184321036,True,5,0.0268769770512405,0.25,0.78125,False
Glomerular,podocyte_PEC,Lineage3,C3AR1,primary,,,False,,,False,0.0114967127566124,0.0100011366913302,-0.0014955760652821,True,5,0.0,1.0,1.0,False
Glomerular,podocyte_PEC,Lineage3,C4A,primary,,,False,,,False,0.0011564404807026,0.0035960708102621,0.0024396303295595,True,5,0.0,1.0,1.0,False
Glomerular,podocyte_PEC,Lineage3,C4B,primary,,,False,,,False,0.001081096015656,0.0003280785087778,-0.0007530175068782,True,5,0.0,1.0,1.0,False
Glomerular,podocyte_PEC,Lineage3,C4BPA,primary,,,False,,,False,0.0100673741862798,0.006668871731167,-0.0033985024551128,True,5,0.0,0.5,0.8,False
Glomerular,podocyte_PEC,Lineage3,C4BPB,primary,,,False,,,False,0.0002710506631604,0.0019021105995103,0.0016310599363499,True,5,0.0,1.0,1.0,False
Glomerular,podocyte_PEC,Lineage3,C5AR1,primary,,,False,0.420047337516461,0.8804677312845157,False,0.058870562448109,0.0647782630831244,0.0059077006350154,True,5,0.00204149597743,0.25,0.78125,False
Glomerular,podocyte_PEC,Lineage3,C5AR2,primary,,,False,,,False,0.0084499035357592,0.0093557804605374,0.0009058769247782,True,5,0.008998972288308,0.875,1.0,False
Glomerular,podocyte_PEC,Lineage3,C6,primary,,,False,0.219076656168452,0.7815333845416769,False,0.0975082522248304,0.0770021911325615,-0.0205060610922689,True,5,-0.0019415248886784,0.375,0.8,False
Glomerular,podocyte_PEC,Lineage3,C7,primary,,,False,0.745050519974674,0.96702770280475,False,0.1820856728719765,0.3373866179251517,0.1553009450531751,True,5,0.2154438480757702,0.1875,0.78125,False
Glomerular,podocyte_PEC,Lineage3,C8A,primary,,,False,,,False,0.0053548984780791,0.0012061666572054,-0.0041487318208737,True,5,0.0,1.0,1.0,False
Glomerular,podocyte_PEC,Lineage3,C8B,primary,,,False,,,False,0.0006806706395986,0.0009702533895726,0.0002895827499739,True,5,0.0,,,False
Glomerular,podocyte_PEC,Lineage3,C8G,primary,,,False,,,False,0.0037643783553565,0.0010313030502641,-0.0027330753050924,True,5,0.0,0.5,0.8,False
Glomerular,podocyte_PEC,Lineage3,CD46,primary,,,False,0.34869379846823,0.8510969326472366,False,0.8415981602668116,0.99420084030045,0.1526026800336384,True,5,0.0856370677465709,0.125,0.78125,False
Glomerular,podocyte_PEC,Lineage3,CD59,primary,,,False,0.48501292893137,0.9056070625359528,False,0.4478278391617673,0.7816967966642021,0.3338689575024348,True,5,0.3035147735044581,0.125,0.78125,False
Glomerular,podocyte_PEC,Lineage3,CFH,primary,,,False,0.274610536406357,0.8164489018136598,False,0.4291380648482015,0.7877909694911754,0.3586529046429739,True,5,0.1160602686283804,0.3125,0.78125,False
Glomerular,podocyte_PEC,Lineage3,CFI,primary,,,False,0.0169144336676519,0.4230266694723529,False,0.1345900070592853,0.3203152099445278,0.1857252028852424,True,5,0.0607522860063539,0.3125,0.78125,False
Glomerular,podocyte_PEC,Lineage3,CFP,primary,,,False,,,False,0.008669122783471,0.0044157213126864,-0.0042534014707846,True,5,0.0,0.5,0.8,False
Glomerular,podocyte_PEC,Lineage3,FCN1,primary,,,False,,,False,0.0050763975901164,0.0055143138704775,0.0004379162803611,True,5,0.0,0.75,1.0,False
Glomerular,podocyte_PEC,Lineage3,FCN2,primary,,,False,,,False,0.0006721529639398,0.0003845369910605,-0.0002876159728793,True,5,0.0,,,False
Glomerular,podocyte_PEC,Lineage3,FCN3,primary,,,False,0.13916442714478,0.7134563379200753,False,0.029441135824268,0.1131018210176733,0.0836606851934052,True,5,0.0008652192054253,0.375,0.8,False
Glomerular,podocyte_PEC,Lineage3,ITGAM,primary,,,False,0.575660658864933,0.928898862499892,False,0.0102857441045061,0.0167617629508301,0.006476018846324,True,5,0.0,0.5,0.8,False
Glomerular,podocyte_PEC,Lineage3,ITGAX,primary,,,False,,,False,0.0047877171574769,0.0087644296568189,0.0039767124993419,True,5,0.0,1.0,1.0,False
Glomerular,podocyte_PEC,Lineage3,MASP1,primary,,,False,0.501431437465138,0.9097798077901756,False,0.015619229234994,0.0351243701565272,0.0195051409215331,True,5,0.0100452188779602,0.4375,0.8,False
Glomerular,podocyte_PEC,Lineage3,MASP2,primary,,,False,,,False,0.0088624957302675,0.009768886633823,0.0009063909035554,True,5,0.008998972288308,0.25,0.78125,False
Glomerular,podocyte_PEC,Lineage3,MBL2,primary,,,False,,,False,0.0,0.0,0.0,True,5,0.0,,,False
Glomerular,podocyte_PEC,Lineage3,SERPING1,primary,,,False,0.630456582067088,0.9435867437502348,False,0.1466513837521625,0.3233135574437259,0.1766621736915634,True,5,0.2204243177179502,0.3125,0.78125,False
Glomerular,podocyte_PEC,Lineage3,VSIG4,primary,,,False,,,False,0.0032464937030865,0.0086841745176175,0.0054376808145309,True,5,0.0,1.0,1.0,False
PT,PT,Lineage1,CFHR1,CFHR_descriptive,,,False,,,False,0.0014870381883102,0.0004860833833156,-0.0010009548049945,True,3,0.0,,,False
PT,PT,Lineage1,CFHR2,CFHR_descriptive,,,False,,,False,0.0005860128643623,0.0002101970090816,-0.0003758158552806,True,3,0.0,,,False
PT,PT,Lineage1,CFHR3,CFHR_descriptive,,,False,,,False,0.0010761912136297,0.0001292841033728,-0.0009469071102569,True,3,0.0,,,False
PT,PT,Lineage1,CFHR4,CFHR_descriptive,,,False,,,False,0.0014207289582687,0.000225608778667,-0.0011951201796017,True,3,0.0,,,False
PT,PT,Lineage1,CFHR5,CFHR_descriptive,,,False,,,False,0.0007981408914081,0.0007158932170149,-8.224767439311354e-05,True,3,0.0,,,False
PT,PT,Lineage1,C1R,primary,0.0,0.0,True,0.590180925551791,0.658017115492247,False,0.0396371123004399,0.062719846069896,0.023082733769456,True,3,0.029277682421306,,,False
PT,PT,Lineage1,C1S,primary,0.0,0.0,True,0.0005437884648782,0.0013280622150242,True,0.1500155791663432,0.1365977955886005,-0.0134177835777427,True,3,0.1107461578521149,,,False
PT,PT,Lineage1,C2,primary,0.0,0.0,True,8.18482836728585e-07,3.1672362628407924e-06,True,0.1418011599367657,0.177813472763864,0.0360123128270982,True,3,-0.029964239918606,,,False
PT,PT,Lineage1,C3,primary,0.0,0.0,True,0.014530791796353,0.0260556274908539,True,0.1166811322091133,0.3195378440891236,0.2028567118800102,True,3,0.7624217511528185,,,False
PT,PT,Lineage1,C5,primary,0.0,0.0,True,9.9512953433134e-11,6.338758674003566e-10,True,0.1795748840951471,0.0343534836328662,-0.1452214004622808,True,3,-0.02123197369605,,,False
PT,PT,Lineage1,C5AR1,primary,0.0,0.0,True,4.44089209850063e-16,4.9656414744328505e-15,True,0.196827968575291,0.4688678021814746,0.2720398336061836,True,3,-0.1245754218247965,,,False
PT,PT,Lineage1,C7,primary,0.0,0.0,True,0.0,0.0,True,0.1301720173811037,0.0273217829825924,-0.1028502343985113,True,3,-0.0034362217989757,,,False
PT,PT,Lineage1,C9,primary,0.0,0.0,True,3.3850700020821e-13,2.816991818168936e-12,True,0.1752460732291779,0.0402185418031561,-0.1350275314260218,True,3,-0.0851267368302429,,,False
PT,PT,Lineage1,CD46,primary,0.0,0.0,True,5.50706500623832e-07,2.1864803716596627e-06,True,0.7224653297007883,0.9217882725662384,0.1993229428654502,True,3,0.1786773085281475,,,False
PT,PT,Lineage1,CD55,primary,0.0,0.0,True,3.7027834132175e-09,1.94850210209867e-08,True,0.0989570347920475,0.0902629208496411,-0.0086941139424064,True,3,0.2204091378649404,,,False
PT,PT,Lineage1,CD59,primary,0.0,0.0,True,0.68219402024899,0.7409726038191375,False,0.4557728775459907,0.6905014180494866,0.2347285405034959,True,3,0.6398979640484082,,,False
PT,PT,Lineage1,CFB,primary,0.0,0.0,True,0.0228969381784547,0.0391831833157319,True,0.0915418471383497,0.1861485684607068,0.0946067213223571,True,3,0.0724709359929506,,,False
PT,PT,Lineage1,CFH,primary,0.0,0.0,True,1.13344843510887e-08,5.6038849164520226e-08,True,0.0494052756719971,0.0255298493915594,-0.0238754262804376,True,3,0.0555460246944298,,,False
PT,PT,Lineage1,CFI,primary,0.0,0.0,True,0.0,0.0,True,1.0545161322507,0.4402802841640963,-0.6142358480866037,True,3,-0.7372697683787354,,,False
PT,PT,Lineage1,CR2,primary,0.0,0.0,True,1.2222195477917801e-09,6.82615917542471e-09,True,0.0704235580398649,0.0033001269949072,-0.0671234310449577,True,3,-0.0224712520470824,,,False
PT,PT,Lineage1,ITGAM,primary,0.0,0.0,True,0.971566960052502,0.9780663395121116,False,0.0151858302144514,0.0081679754899696,-0.0070178547244817,True,3,0.0143933544154358,,,False
PT,PT,Lineage1,MASP1,primary,0.0,0.0,True,5.61898092370505e-05,0.0001645895061052,True,0.1858535270694067,0.1435621551423631,-0.0422913719270436,True,3,-0.159359613193261,,,False
PT,PT,Lineage1,SERPING1,primary,0.0,0.0,True,0.0,0.0,True,0.1206386366540973,0.1109802453229709,-0.0096583913311264,True,3,0.6641863476884746,,,False
PT,PT,Lineage1,C6,primary,1.66533453693773e-15,2.900715329590918e-15,True,3.79265338046331e-06,1.3293654788899054e-05,True,0.0919267373260971,0.0262669813386361,-0.0656597559874609,True,3,-0.0193700056610669,,,False
PT,PT,Lineage1,C1QA,primary,3.4416913763379904e-15,5.955557943403678e-15,True,2.76642048713249e-07,1.143397519667386e-06,True,0.0170009473376879,0.005796138026816,-0.0112048093108718,True,3,0.0294218951251241,,,False
PT,PT,Lineage1,C1QB,primary,1.95399252334028e-13,3.24119855945988e-13,True,3.51533519959979e-07,1.4319043942730725e-06,True,0.00956341771099,0.0036118355658536,-0.0059515821451364,True,3,0.0,,,False
PT,PT,Lineage1,CR1,primary,1.22854393325156e-10,1.8913432106821048e-10,True,7.23360800484185e-05,0.0002073991604457,True,0.0116823670060156,0.0003920150918007,-0.0112903519142149,True,3,-0.0027883692868718,,,False
PT,PT,Lineage1,C8A,primary,3.52978757334199e-10,5.36850763014605e-10,True,0.0009903826513126,0.0023015112122192,True,0.0034206335615922,0.0131292454828546,0.0097086119212624,True,3,0.0,,,False
PT,PT,Lineage1,CFD,primary,7.11815968279517e-07,9.756516149662957e-07,True,0.0054736139938447,0.0108839434067365,True,0.0094931372815627,0.0049842880929962,-0.0045088491885665,True,3,0.008479306898337,,,False
PT,PT,Lineage1,C1QC,primary,2.90950164266723e-05,3.749562925756698e-05,True,0.106750398541014,0.1538188135104576,False,0.0053022889020348,0.0030916757724726,-0.0022106131295621,True,3,0.0,,,False
PT,PT,Lineage1,VSIG4,primary,0.0004567356971324,0.0005613033832506,True,0.257551205996724,0.3292092552637718,False,0.002251294122755,0.0,-0.002251294122755,True,3,-0.0035577166761569,,,False
PT,PT,Lineage1,C4A,primary,0.0008952562126751,0.001084961810227,True,0.975788985288385,0.9810588969298764,False,0.0109924029037994,0.0048661823936394,-0.00612622051016,True,3,-0.019150445648195,,,False
PT,PT,Lineage1,C4B,primary,0.0420986129899881,0.0469374842299363,True,0.638605799982373,0.7022524959716848,False,0.0073452659961204,0.0031289630515179,-0.0042163029446024,True,3,-0.0046459665190007,,,False
PT,PT,Lineage1,ITGAX,primary,0.238504212274338,0.2538126150363357,False,0.121497690303282,0.1722170950334982,False,0.0050920619368142,0.0044942516181084,-0.0005978103187057,True,3,0.0,,,False
PT,PT,Lineage1,MASP2,primary,0.317414364532605,0.3350562267729334,False,0.0152386503163769,0.0272033571427537,True,0.0055614997972717,0.0031689897255947,-0.002392510071677,True,3,0.0119930297811037,,,False
PT,PT,Lineage1,C8B,primary,0.525777925700611,0.5463249892079712,False,0.800991188626823,0.8421055238474312,False,0.0011125884086966,0.0009517587462534,-0.0001608296624431,True,3,0.0,,,False
PT,PT,Lineage1,C8G,primary,0.527292597294668,0.547793786057599,False,0.201523802525119,0.2668682319002001,False,0.0049374620668071,0.0031203447294097,-0.0018171173373973,True,3,-0.0123393510447898,,,False
PT,PT,Lineage1,C5AR2,primary,0.578925145733203,0.5992504374510871,False,0.0436615106196279,0.0698984142381306,False,0.0052444988637649,0.0070837751189549,0.0018392762551899,True,3,-0.0015112907658335,,,False
PT,PT,Lineage1,FCN1,primary,0.821878558667369,0.8387542792842557,False,0.475074263558241,0.5492056170342535,False,0.0045638780390481,0.0015280375310572,-0.0030358405079908,True,3,0.0,,,False
PT,PT,Lineage1,FCN3,primary,0.848179249339454,0.8637644782736955,False,0.294006229654829,0.3683151229402326,False,0.0047156556476155,0.0041043173579276,-0.0006113382896879,True,3,0.0,,,False
PT,PT,Lineage1,C3AR1,primary,,,False,,,False,0.004445260939676,0.0017647329755871,-0.0026805279640889,True,3,0.0027794349309842,,,False
PT,PT,Lineage1,C4BPA,primary,,,False,,,False,0.002280065779279,0.0051353326346124,0.0028552668553333,True,3,0.0,,,False
PT,PT,Lineage1,C4BPB,primary,,,False,,,False,0.0012886822757964,0.003279282970967,0.0019906006951705,True,3,0.0,,,False
PT,PT,Lineage1,CFP,primary,,,False,,,False,0.0045133400928362,0.0023699006064015,-0.0021434394864346,True,3,-0.0024615968416394,,,False
PT,PT,Lineage1,FCN2,primary,,,False,,,False,0.0003564604431452,0.0001183871805522,-0.0002380732625929,True,3,0.0,,,False
PT,PT,Lineage1,MBL2,primary,,,False,,,False,9.602726688231756e-05,0.0002179158458562,0.0001218885789739,True,3,0.0,,,False
PT,PT,Lineage10,CFHR1,CFHR_descriptive,,,False,,,False,0.0009382413922824,0.0005884898349047,-0.0003497515573777,True,2,-6.611550922782496e-05,,,False
PT,PT,Lineage10,CFHR2,CFHR_descriptive,,,False,,,False,0.0005422948121716,0.0010604069509341,0.0005181121387625,True,2,-0.0002355285428949,,,False
PT,PT,Lineage10,CFHR3,CFHR_descriptive,,,False,,,False,0.0002054340680637,0.0014202619821403,0.0012148279140765,True,2,-0.0004273982627025,,,False
PT,PT,Lineage10,CFHR4,CFHR_descriptive,,,False,,,False,0.0014607957032596,0.0017980475504043,0.0003372518471446,True,2,-0.0011009845361189,,,False
PT,PT,Lineage10,CFHR5,CFHR_descriptive,,,False,,,False,0.0014481275245352,0.0003016938242948,-0.0011464337002403,True,2,-0.0013875434889163,,,False
PT,PT,Lineage10,CFI,primary,2.9914752897042304e-09,5.2605828578126694e-08,True,0.0283185899637378,0.0899568260852142,False,0.9629785302546794,1.2868625565869718,0.3238840263322924,True,2,0.0564228014061632,,,False
PT,PT,Lineage10,CFB,primary,2.99733860842366e-07,3.738657122390767e-06,True,0.0169230330785032,0.0611509299334941,False,0.0574476875102687,0.1372161688771307,0.079768481366862,True,2,-0.1013982847508616,,,False
PT,PT,Lineage10,C5,primary,0.0006679603377958,0.0041321860112661,True,0.753631331574637,0.856967904130834,False,0.1841468071485079,0.1308198231791068,-0.053326983969401,True,2,-0.1274112749834809,,,False
PT,PT,Lineage10,CR2,primary,0.0248796871691167,0.0930883865584634,False,0.0166151411228767,0.0602897033042093,False,0.0878534387104051,0.0175423172784325,-0.0703111214319726,True,2,-0.0091318961936281,,,False
PT,PT,Lineage10,C9,primary,0.105946582612303,0.3034948428819005,False,0.879702433358848,0.9347431465571362,False,0.1822380027101204,0.2291725425726236,0.0469345398625031,True,2,-0.0668619255568735,,,False
PT,PT,Lineage10,SERPING1,primary,0.128751396172173,0.3551484405790794,False,0.352991159783941,0.532298277482604,False,0.1086843297634253,0.1462880423771753,0.0376037126137499,True,2,0.0133746237212358,,,False
PT,PT,Lineage10,C4A,primary,0.190158483020083,0.4841751833269476,False,0.040243067296318,0.1163221646406844,False,0.0086531031109553,0.025479527031527,0.0168264239205716,True,2,-0.0086830631970647,,,False
PT,PT,Lineage10,C1QA,primary,0.933299221903987,1.0,False,0.320721630123865,0.5009758325368813,False,0.0170611410714913,0.0170336378631015,-2.7503208389751534e-05,True,2,-0.0080928653563458,,,False
PT,PT,Lineage10,C6,primary,0.737440629743914,1.0,False,0.613393823700197,0.7583434595837101,False,0.1131797016986359,0.1234912955667247,0.0103115938680888,True,2,0.1197346603609207,,,False
PT,PT,Lineage10,C8B,primary,0.996522139626198,1.0,False,0.47874177537333,0.6509590432540667,False,0.001773466271098,0.0015119000703143,-0.0002615662007836,True,2,-0.0005992466504145,,,False
PT,PT,Lineage10,CD46,primary,0.86480269800283,1.0,False,0.61081468293905,0.7568388232196931,False,0.6918791447597439,0.6909269126246803,-0.0009522321350635,True,2,-0.1663159542643453,,,False
PT,PT,Lineage10,CFD,primary,0.965456029459661,1.0,False,0.499484204573141,0.6701227534113401,False,0.0076151909591438,0.0128368234995879,0.0052216325404441,True,2,-0.0017325132573644,,,False
PT,PT,Lineage10,VSIG4,primary,0.999999995037069,1.0,False,0.981291016989421,0.9909317455152176,False,0.0022563404512185,0.0013058709552347,-0.0009504694959837,True,2,-0.0295273633535524,,,False
PT,PT,Lineage10,C1QB,primary,,,False,0.682283720156011,0.807619392351601,False,0.0091691576985646,0.0097128653850978,0.0005437076865332,True,2,-0.0078336617920332,,,False
PT,PT,Lineage10,C1QC,primary,,,False,0.902698124722854,0.9471948655212206,False,0.0045969405092245,0.005316788279087,0.0007198477698624,True,2,-0.0259033505111816,,,False
PT,PT,Lineage10,C1R,primary,,,False,0.304098696186309,0.4839050335113318,False,0.0263883184088718,0.0946883760284646,0.0683000576195928,True,2,-0.0582762292260714,,,False
PT,PT,Lineage10,C1S,primary,,,False,0.921865114497306,0.95802882366951,False,0.1405646551914467,0.1560329603144057,0.0154683051229589,True,2,0.0402601999333878,,,False
PT,PT,Lineage10,C2,primary,,,False,0.0691507751773786,0.1730366395027475,False,0.1304327442838,0.1792473937328984,0.0488146494490984,True,2,0.0080465852073862,,,False
PT,PT,Lineage10,C3,primary,,,False,2.71540218754751e-07,7.887770161414817e-06,True,0.0321039351277437,0.2188965861753222,0.1867926510475785,True,2,0.0172684011743972,,,False
PT,PT,Lineage10,C3AR1,primary,,,False,,,False,0.0038150655661129,0.0037086018006695,-0.0001064637654433,True,2,-0.0002998423923861,,,False
PT,PT,Lineage10,C4B,primary,,,False,0.0878870510179706,0.2042372542154877,False,0.0061326897416045,0.0094451875458606,0.0033124978042561,True,2,-0.0062229055822843,,,False
PT,PT,Lineage10,C4BPA,primary,,,False,,,False,0.0019793475080389,0.0027750474803753,0.0007956999723363,True,2,-0.0007061570317264,,,False
PT,PT,Lineage10,C4BPB,primary,,,False,,,False,0.0010593134126888,0.0013240474251856,0.0002647340124968,True,2,-0.0001536045130086,,,False
PT,PT,Lineage10,C5AR1,primary,,,False,1.06375961306249e-06,2.4707042674238115e-05,True,0.1182597010628612,0.4104116329219038,0.2921519318590426,True,2,0.3240147639147829,,,False
PT,PT,Lineage10,C5AR2,primary,,,False,0.399675024410879,0.5774356809776483,False,0.0038790697058607,0.0068325348822761,0.0029534651764153,True,2,-0.0007082111520816,,,False
PT,PT,Lineage10,C7,primary,,,False,0.705232978556474,0.8236221568282065,False,0.1449553745980697,0.1422334543629195,-0.0027219202351501,True,2,-0.0496614034392527,,,False
PT,PT,Lineage10,C8A,primary,,,False,0.949407740070063,0.9746856986601414,False,0.0021700226752526,0.0050749301466435,0.0029049074713909,True,2,0.0016371695186863,,,False
PT,PT,Lineage10,C8G,primary,,,False,0.288342645193787,0.466471453628172,False,0.002749330636961,0.0057493379326798,0.0030000072957187,True,2,-0.0008478780245694,,,False
PT,PT,Lineage10,CD55,primary,,,False,0.0002285984203505,0.0021278899351354,True,0.1038371518031297,0.0567969243867913,-0.0470402274163384,True,2,0.1074002487191269,,,False
PT,PT,Lineage10,CD59,primary,,,False,0.351535781539359,0.5308187851688321,False,0.432530203332013,0.479414061279461,0.046883857947448,True,2,-0.2169437529635602,,,False
PT,PT,Lineage10,CFH,primary,,,False,0.0117521745429847,0.0460523729378803,True,0.0244878340066453,0.0589534464555301,0.0344656124488848,True,2,0.0033693080491262,,,False
PT,PT,Lineage10,CFP,primary,,,False,,,False,0.0038704156429145,0.0115251332772439,0.0076547176343294,True,2,-0.006579040275325,,,False
PT,PT,Lineage10,CR1,primary,,,False,0.0677533749417808,0.1703661679030389,False,0.0126623062346613,0.0095108363119793,-0.003151469922682,True,2,-0.0221897381134299,,,False
PT,PT,Lineage10,FCN1,primary,,,False,0.109530129306143,0.2384614634957441,False,0.003853925431737,0.0048210640268484,0.0009671385951113,True,2,-0.0027809232514165,,,False
PT,PT,Lineage10,FCN2,primary,,,False,,,False,0.0003858719051303,0.0007593744292379,0.0003735025241075,True,2,-0.0002668612238501,,,False
PT,PT,Lineage10,FCN3,primary,,,False,0.27409820145829,0.4501825091406051,False,0.0064369353357276,0.0070059376300372,0.0005690022943096,True,2,-0.0047307110734826,,,False
PT,PT,Lineage10,ITGAM,primary,,,False,0.06329185137036,0.1624270984362507,False,0.0052970799487125,0.0100246986328057,0.0047276186840931,True,2,0.0055946080627664,,,False
PT,PT,Lineage10,ITGAX,primary,,,False,0.409691884813816,0.5862875265882544,False,0.0040013935790807,0.007625413213624,0.0036240196345432,True,2,0.0142880886044785,,,False
PT,PT,Lineage10,MASP1,primary,,,False,0.0004118844666087,0.0034034401650712,True,0.118830285414858,0.2412674827075178,0.1224371972926598,True,2,0.1672888400706534,,,False
PT,PT,Lineage10,MASP2,primary,,,False,0.835597602540396,0.9089970040014383,False,0.005842437073563,0.0039296080688825,-0.0019128290046805,True,2,-0.0024907747387547,,,False
PT,PT,Lineage10,MBL2,primary,,,False,,,False,0.0001367058268798,0.0,-0.0001367058268798,True,2,-7.964416628204796e-05,,,False
PT,PT,Lineage11,CFHR1,CFHR_descriptive,,,False,,,False,0.0008729043159666,0.0,-0.0008729043159666,True,16,0.0,0.1088094300405456,0.4589321256693282,False
PT,PT,Lineage11,CFHR2,CFHR_descriptive,,,False,,,False,0.0006947028558714,0.0001189461167766,-0.0005757567390947,True,16,0.0,0.6547208460185769,0.8962812219467873,False
PT,PT,Lineage11,CFHR3,CFHR_descriptive,,,False,,,False,0.0004429348359066,0.0004938309840186,5.089614811199032e-05,True,16,0.0,1.0,1.0,False
PT,PT,Lineage11,CFHR4,CFHR_descriptive,,,False,,,False,0.0008603551720828,0.0007536012272993,-0.0001067539447834,True,16,0.0,0.7353166906373405,0.8962812219467873,False
PT,PT,Lineage11,CFHR5,CFHR_descriptive,,,False,,,False,0.0009385622036523,0.0002905206929706,-0.0006480415106816,True,16,0.0,0.7150006546880893,0.8962812219467873,False
PT,PT,Lineage11,MASP1,primary,0.0808740478747292,0.429042341698003,False,0.009625190771241,0.143626823196845,False,0.1102049668629703,0.0888357800475896,-0.0213691868153806,True,16,-0.0037578590878959,0.19281005859375,0.5543289184570312,False
PT,PT,Lineage11,CFI,primary,0.0836264982650272,0.4395741478093125,False,0.997866665166014,0.999019202316818,False,0.924793760545054,0.8368699984735175,-0.0879237620715365,True,16,-0.0708257880444221,0.000152587890625,0.00701904296875,True
PT,PT,Lineage11,SERPING1,primary,0.215606506650741,0.8503336705907888,False,0.0449592536014182,0.2781529132169338,False,0.1228412391577339,0.100186665157301,-0.0226545740004329,True,16,-0.0002224268719478,0.4637451171875,0.8962812219467873,False
PT,PT,Lineage11,FCN3,primary,0.227269300411235,0.8818096491414611,False,0.0098297594606604,0.1443391640893581,False,0.0047260979703508,0.0028181128307263,-0.0019079851396244,True,16,-2.247793283481972e-05,0.789675102094056,0.8962812219467873,False
PT,PT,Lineage11,C1QA,primary,0.981937962513782,1.0,False,0.482924910708782,0.7686672071536768,False,0.0203287010546514,0.0140458731372867,-0.0062828279173647,True,16,0.0009871450675343,0.7775646168566407,0.8962812219467873,False
PT,PT,Lineage11,C1QC,primary,0.99365627047014,1.0,False,0.500809423838301,0.7793565683717043,False,0.0048199182979915,0.0023115191270832,-0.0025083991709082,True,16,0.0,0.5302845968336095,0.8962812219467873,False
PT,PT,Lineage11,C2,primary,0.945200867954596,1.0,False,0.846512096428066,0.9433375812702872,False,0.1249752559723287,0.1008128096511795,-0.0241624463211492,True,16,-0.0096820066212785,0.49542236328125,0.8962812219467873,False
PT,PT,Lineage11,C3,primary,0.327011145417621,1.0,False,0.224870285469514,0.5652162620712116,False,0.0251808943085894,0.0182121338240282,-0.0069687604845611,True,16,-0.0024052394874651,0.5700608835629815,0.8962812219467873,False
PT,PT,Lineage11,C5,primary,0.869306615835354,1.0,False,0.763698285619401,0.9082028788542243,False,0.1575062588964049,0.169650986087005,0.0121447271906,True,16,0.0316970400653084,0.065399169921875,0.4461287319491619,False
PT,PT,Lineage11,C5AR2,primary,0.99030393254414,1.0,False,0.460052036475323,0.7536349077562712,False,0.0030642807253941,0.0012666082679264,-0.0017976724574677,True,16,0.0,0.6744240722352938,0.8962812219467873,False
PT,PT,Lineage11,C6,primary,0.843606105042357,1.0,False,0.787896987808712,0.91911149985808,False,0.1190361534340102,0.130811676700083,0.0117755232660728,True,16,-0.0144409989395993,0.129730224609375,0.4726824079241071,False
PT,PT,Lineage11,C7,primary,0.899468081117541,1.0,False,0.222503836968547,0.5624528728965161,False,0.1513003661868167,0.101909809729212,-0.0493905564576046,True,16,-0.0105177304660755,0.0309080136524295,0.4461287319491619,False
PT,PT,Lineage11,C8B,primary,0.995470190395732,1.0,False,0.732364785473486,0.8966076415579566,False,0.0009133151895504,0.000910786393667,-2.5287958834084535e-06,True,16,0.0,0.5754030229127536,0.8962812219467873,False
PT,PT,Lineage11,CFD,primary,0.989966473842127,1.0,False,0.514753289866351,0.7865604471584612,False,0.0087815880462095,0.006505890159998,-0.0022756978862114,True,16,0.0,0.9374729223624751,0.9607666015625,False
PT,PT,Lineage11,CR2,primary,0.976066798818775,1.0,False,0.534741264970483,0.7984507872890109,False,0.0870170910873919,0.0827219208113171,-0.0042951702760748,True,16,-0.0069756445872515,0.033538818359375,0.4461287319491619,False
PT,PT,Lineage11,FCN1,primary,0.948137503215597,1.0,False,0.282419903452708,0.6190872791986546,False,0.0032660021263836,0.0007714217871454,-0.0024945803392382,True,16,0.0,0.1097446387470132,0.4589321256693282,False
PT,PT,Lineage11,ITGAX,primary,0.997515889998366,1.0,False,0.583109675372354,0.8228696708334795,False,0.0030613664046138,0.0017410522336588,-0.001320314170955,True,16,0.0,0.3280647817008367,0.7942621030651837,False
PT,PT,Lineage11,MASP2,primary,0.999997188702806,1.0,False,0.944061157697775,0.979264050898032,False,0.0065792360502215,0.0051824881434882,-0.0013967479067333,True,16,0.0,0.7531523647659145,0.8962812219467873,False
PT,PT,Lineage11,C1QB,primary,,,False,0.702492836903194,0.8830667992005562,False,0.0129625873189551,0.0058415879252422,-0.0071209993937128,True,16,-0.0038399693030187,0.0468264654815189,0.4461287319491619,False
PT,PT,Lineage11,C1R,primary,,,False,0.0190117556718586,0.1915317272938986,False,0.0259718185917339,0.0184239454254078,-0.007547873166326,True,16,0.0006871911887316,0.8202800980995039,0.8984020122042186,False
PT,PT,Lineage11,C1S,primary,,,False,0.676211545492334,0.8711255450278895,False,0.1463696792344327,0.1386200143983512,-0.0077496648360815,True,16,0.0077833877980576,0.322509765625,0.7942621030651837,False
PT,PT,Lineage11,C3AR1,primary,,,False,,,False,0.0041298405021423,0.0021776881142947,-0.0019521523878475,True,16,0.0,0.7212766990291557,0.8962812219467873,False
PT,PT,Lineage11,C4A,primary,,,False,0.82973589558802,0.9371032827228916,False,0.0084467168131785,0.003220622533943,-0.0052260942792355,True,16,-0.0023909888903401,0.0884024799263941,0.4589321256693282,False
PT,PT,Lineage11,C4B,primary,,,False,0.214428117310379,0.5536664228928885,False,0.0059269797385215,0.0023071275349762,-0.0036198522035452,True,16,0.0,0.6496440323317323,0.8962812219467873,False
PT,PT,Lineage11,C4BPA,primary,,,False,,,False,0.0017112217932388,0.0026542787652256,0.0009430569719868,True,16,0.0,0.7988593499960496,0.8962812219467873,False
PT,PT,Lineage11,C4BPB,primary,,,False,,,False,0.0009085429491727,0.0007448277246128,-0.0001637152245599,True,16,0.0,0.498962298603761,0.8962812219467873,False
PT,PT,Lineage11,C5AR1,primary,,,False,0.303918707481437,0.636436898287895,False,0.1067637174325118,0.082548971209653,-0.0242147462228587,True,16,-0.0009039436031426,0.632171630859375,0.8962812219467873,False
PT,PT,Lineage11,C8A,primary,,,False,0.828416765369915,0.936501189710786,False,0.0017532543771185,0.0017558650269796,2.610649861125745e-06,True,16,0.0,0.789675102094056,0.8962812219467873,False
PT,PT,Lineage11,C8G,primary,,,False,0.0667246899500051,0.3324643072676487,False,0.0031504657847739,0.0016499448118008,-0.001500520972973,True,16,0.0,0.6784023758521882,0.8962812219467873,False
PT,PT,Lineage11,C9,primary,,,False,0.685953923245868,0.875832047886988,False,0.1722746468937974,0.1785956182427953,0.0063209713489978,True,16,-0.006712633431929,0.5618896484375,0.8962812219467873,False
PT,PT,Lineage11,CD46,primary,,,False,0.140140978572148,0.4561212084197127,False,0.6958796842163163,0.7276528482428449,0.0317731640265286,True,16,-0.0050523254590355,0.860260009765625,0.9202781499818314,False
PT,PT,Lineage11,CD55,primary,,,False,0.343519849401767,0.6702315920644633,False,0.1187835271257355,0.1538676238046554,0.0350840966789198,True,16,0.0215086819043804,0.1590576171875,0.4877766927083333,False
PT,PT,Lineage11,CD59,primary,,,False,0.268299918616112,0.6072348609404055,False,0.4529299965299884,0.4080660388375038,-0.0448639576924846,True,16,-0.0171732028121207,0.14385986328125,0.4726824079241071,False
PT,PT,Lineage11,CFB,primary,,,False,0.638980858481942,0.8509858680978076,False,0.0518600427962224,0.0325964336959478,-0.0192636091002746,True,16,0.0044473737204819,0.93988037109375,0.9607666015625,False
PT,PT,Lineage11,CFH,primary,,,False,0.831227794641157,0.9378387022678336,False,0.0221582077910997,0.0184775623323421,-0.0036806454587575,True,16,0.0,0.7531523647659145,0.8962812219467873,False
PT,PT,Lineage11,CFP,primary,,,False,,,False,0.0043447722543277,0.0055460532390396,0.0012012809847118,True,16,0.0,0.5097974849608639,0.8962812219467873,False
PT,PT,Lineage11,CR1,primary,,,False,0.265154901222017,0.6053872059446536,False,0.0149440854875552,0.0098254333432267,-0.0051186521443284,True,16,-0.0030259520206151,0.2559885116701381,0.6926747962839033,False
PT,PT,Lineage11,FCN2,primary,,,False,,,False,0.000277778453364,0.0,-0.000277778453364,True,16,0.0,0.1088094300405456,0.4589321256693282,False
PT,PT,Lineage11,ITGAM,primary,,,False,0.429889506275419,0.7331175120055716,False,0.0044062665572801,0.0044302639235374,2.399736625738856e-05,True,16,0.0012238648474213,0.1401460614684125,0.4726824079241071,False
PT,PT,Lineage11,MBL2,primary,,,False,,,False,0.0001782327556997,0.0,-0.0001782327556997,True,16,0.0,0.0678891548618289,0.4461287319491619,False
PT,PT,Lineage11,VSIG4,primary,,,False,0.66449112931419,0.8643170931715785,False,0.0025229809686064,0.0018281802707268,-0.0006948006978795,True,16,0.0,0.0678891548618289,0.4461287319491619,False
PT,PT,Lineage2,CFHR1,CFHR_descriptive,,,False,,,False,0.0016355565706592,0.007860657257546,0.0062251006868867,True,37,0.0,0.0231298024973594,0.0536729928804561,False
PT,PT,Lineage2,CFHR2,CFHR_descriptive,,,False,,,False,0.0005397164380447,0.0,-0.0005397164380447,True,37,0.0,0.0179604775260787,0.048284647460807,True
PT,PT,Lineage2,CFHR3,CFHR_descriptive,,,False,,,False,0.0006633682319429,0.0009783038040757,0.0003149355721328,True,37,0.0,0.1762963744405111,0.2804399764733736,False
PT,PT,Lineage2,CFHR4,CFHR_descriptive,,,False,,,False,0.0011570838521896,0.0036717453670758,0.0025146615148861,True,37,0.0,0.8589549227374824,0.8751615065669859,False
PT,PT,Lineage2,CFHR5,CFHR_descriptive,,,False,,,False,0.0008920335441825,0.0,-0.0008920335441825,True,37,0.0,0.0678891548618289,0.1357783097236579,False
PT,PT,Lineage2,C1S,primary,0.0,0.0,True,2.5249378143854504e-09,1.3689117447518817e-08,True,0.136747510634168,0.0591622979161973,-0.0775852127179707,True,37,-0.0896871186170638,0.000880575767951,0.0032487673480933,True
PT,PT,Lineage2,C2,primary,0.0,0.0,True,1.57570254026851e-05,5.1759093599543145e-05,True,0.1374983108014699,0.0664548785374559,-0.0710434322640139,True,37,-0.0926690063514023,6.170429385609796e-05,0.0004054853596257,True
PT,PT,Lineage2,C5AR1,primary,0.0,0.0,True,0.0012661588157945,0.003023405948706,True,0.1503308784277239,0.0568178373692902,-0.0935130410584337,True,37,-0.0790638719973157,8.218921720981598e-07,1.260234663883845e-05,True
PT,PT,Lineage2,CD46,primary,0.0,0.0,True,3.58213458895307e-12,2.7902536499860897e-11,True,0.6889898655455281,0.8532050312802493,0.1642151657347211,True,37,0.2353915796198452,0.0001753965334501,0.0008068240538705,True
PT,PT,Lineage2,CD59,primary,0.0,0.0,True,0.139893274887948,0.1980458134723873,False,0.425199408184081,1.3242562694852047,0.8990568613011237,True,37,0.9478095418001736,1.4551915228366852e-11,6.693881005048752e-10,True
PT,PT,Lineage2,C1R,primary,1.16318066289978e-12,2.448931124028452e-12,True,0.887779890354155,0.9126276197331376,False,0.0337977493009674,0.057526752464057,0.0237290031630896,True,37,0.0,0.120659351522583,0.2134742373091853,False
PT,PT,Lineage2,CFH,primary,1.19549925514661e-11,2.4367048413833085e-11,True,0.199532136448972,0.2690474392912216,False,0.0279188827406829,0.0946015603988387,0.0666826776581558,True,37,0.0225786304809018,0.0008074799318267,0.0032487673480933,True
PT,PT,Lineage2,CD55,primary,1.04069796114103e-07,1.885262393056575e-07,True,0.0002912868078016,0.0007804383191222,True,0.0973323271034251,0.1112488403079719,0.0139165132045467,True,37,-0.011596177925679,0.8751615065669858,0.8751615065669859,False
PT,PT,Lineage2,C8G,primary,0.0106022122649702,0.0150073277870559,True,0.0049773089580413,0.010501244778576,True,0.0057003800785881,0.0176358588226251,0.0119354787440369,True,37,0.0,0.2491031097031559,0.3663929596039182,False
PT,PT,Lineage2,CFD,primary,0.132744045571258,0.1700573993726736,False,0.459643512420771,0.5417128903115302,False,0.0081913346436705,0.0330162932696309,0.0248249586259603,True,37,0.0,0.4404529452942247,0.5331798811456404,False
PT,PT,Lineage2,CR1,primary,0.317349619764193,0.3858398035824747,False,0.598120158777351,0.6684164736581505,False,0.0120622252677361,0.0253756396195116,0.0133134143517755,True,37,0.0,0.182895636830461,0.2804399764733736,False
PT,PT,Lineage2,ITGAX,primary,0.656179236853631,0.747254096226694,False,0.111422676112385,0.1625358233081583,False,0.0041297578006782,0.0188676156015278,0.0147378578008495,True,37,0.0,0.396726232945063,0.5069279643186917,False
PT,PT,Lineage2,C4B,primary,0.822637657251433,0.9060371819108044,False,0.260690597542873,0.3382038944025383,False,0.0076530554106063,0.003120700370643,-0.0045323550399632,True,37,0.0,0.0420199491044772,0.0920436980383786,False
PT,PT,Lineage2,FCN1,primary,0.989729109054353,1.0,False,0.632490730012803,0.6988972576297711,False,0.0040361649717484,0.0022509816099001,-0.0017851833618483,True,37,0.0,0.0048532308513795,0.0148832412775638,True
PT,PT,Lineage2,C1QA,primary,,,False,0.0047382828121651,0.0100487951203383,True,0.0171334011656887,0.0787164046049328,0.0615830034392441,True,37,0.0372948513216832,0.000918129902722,0.0032487673480933,True
PT,PT,Lineage2,C1QB,primary,,,False,0.319286942531972,0.4004947930462973,False,0.010333243141473,0.0382009479417112,0.0278677048002382,True,37,0.0,0.0643243711139758,0.1344964123292222,False
PT,PT,Lineage2,C1QC,primary,,,False,0.0215100847638027,0.0388922433735172,True,0.0056281688019599,0.0205668204313241,0.0149386516293642,True,37,0.0,0.497914888061246,0.5872842269440338,False
PT,PT,Lineage2,C3,primary,,,False,0.24919541859545,0.3255600603462592,False,0.0635626214416882,0.102226428754658,0.0386638073129697,True,37,0.0550782579065735,0.0018664834985776,0.0061327314953266,True
PT,PT,Lineage2,C3AR1,primary,,,False,,,False,0.0034902389087719,0.0131300194004724,0.0096397804917005,True,37,0.0,0.2954240558236417,0.3996913696437505,False
PT,PT,Lineage2,C4A,primary,,,False,0.899725136863992,0.9225439441583566,False,0.0113421483425712,0.0089209387426392,-0.002421209599932,True,37,-0.0021772692788662,0.2548820588548997,0.3663929596039182,False
PT,PT,Lineage2,C4BPA,primary,,,False,,,False,0.0018863923027281,0.0016746598768211,-0.000211732425907,True,37,0.0,0.2860033840207056,0.398671383786438,False
PT,PT,Lineage2,C4BPB,primary,,,False,,,False,0.0011233792708219,0.0057745412228311,0.0046511619520092,True,37,0.0,0.8657723749926214,0.8751615065669859,False
PT,PT,Lineage2,C5,primary,,,False,0.0990932439007932,0.147048592435129,False,0.2030365509675912,0.0794180413616375,-0.1236185096059536,True,37,-0.1157778239269625,7.41510302759707e-06,5.6849123211577535e-05,True
PT,PT,Lineage2,C5AR2,primary,,,False,0.0005183198379787,0.0013276584975175,True,0.0049333627365138,0.0179899062892976,0.0130565435527837,True,37,0.0,0.5847125558503574,0.6403994659313439,False
PT,PT,Lineage2,C6,primary,,,False,0.0193114747708808,0.0353356124533468,True,0.0834492382131923,0.0411752362797853,-0.0422740019334069,True,37,-0.0090887863734774,0.016251272933164,0.0467224096828466,True
PT,PT,Lineage2,C7,primary,,,False,0.929021746387932,0.9450709437717814,False,0.1356944877976107,0.410722863431938,0.2750283756343272,True,37,0.2060181879682509,7.466049750713404e-07,1.260234663883845e-05,True
PT,PT,Lineage2,C8A,primary,,,False,0.653114872539438,0.7170432307188986,False,0.0032465291716596,0.0018960713946813,-0.0013504577769782,True,37,0.0,0.1094211588192292,0.2013349322273818,False
PT,PT,Lineage2,C8B,primary,,,False,0.68727025644441,0.7455146647219484,False,0.0011657716615154,0.0029604442021575,0.0017946725406421,True,37,0.0,0.5146697234497355,0.5918701819671959,False
PT,PT,Lineage2,C9,primary,,,False,5.73926077562792e-06,2.0082315680261105e-05,True,0.1966577598496882,0.0432454078901247,-0.1534123519595635,True,37,-0.1360563252269336,1.528783915447347e-06,1.4064812022115592e-05,True
PT,PT,Lineage2,CFB,primary,,,False,0.251989491522004,0.3287545021843363,False,0.079614321927905,0.215902606962194,0.136288285034289,True,37,0.1325974827605533,0.0001042096700984,0.0005490321920227,True
PT,PT,Lineage2,CFI,primary,,,False,9.90183141613699e-06,3.3469456681904316e-05,True,1.0443867040574968,0.9773680988330484,-0.0670186052244483,True,37,0.1865171058476938,0.0188939924846636,0.048284647460807,True
PT,PT,Lineage2,CFP,primary,,,False,,,False,0.0042973863759217,0.0006451896593432,-0.0036521967165785,True,37,-0.0038054926739897,0.0001074193419174,0.0005490321920227,True
PT,PT,Lineage2,CR2,primary,,,False,0.147207453088053,0.207141916131046,False,0.0857597524910111,0.1418196422787908,0.0560598897877797,True,37,-0.0043077150391361,0.6382448776268846,0.682773590019458,False
PT,PT,Lineage2,FCN2,primary,,,False,,,False,0.0004508711145184,0.0008427480961803,0.0003918769816618,True,37,0.0,0.3454475304692257,0.4540167543309824,False
PT,PT,Lineage2,FCN3,primary,,,False,0.157625354323453,0.2199588787551823,False,0.0047813306478178,0.0256338807904911,0.0208525501426732,True,37,0.0,0.0727362307010244,0.1394111088436302,False
PT,PT,Lineage2,ITGAM,primary,,,False,0.183764881755395,0.2504676386967362,False,0.0060933679445501,0.0172228784676943,0.0111295105231441,True,37,0.0,0.5676916025573617,0.6369222857960644,False
PT,PT,Lineage2,MASP1,primary,,,False,0.468236103646543,0.5496276672997447,False,0.1473833175287651,0.0791069905508165,-0.0682763269779486,True,37,-0.0652917557377637,0.0233360838610678,0.0536729928804561,False
PT,PT,Lineage2,MASP2,primary,,,False,0.123831538913507,0.1779816573758504,False,0.0053902851699932,0.0045484640081443,-0.0008418211618489,True,37,0.0,0.1485361464373803,0.2530615828192406,False
PT,PT,Lineage2,MBL2,primary,,,False,,,False,0.0001400579130327,0.0,-0.0001400579130327,True,37,0.0,0.1797124948789997,0.2804399764733736,False
PT,PT,Lineage2,SERPING1,primary,,,False,0.0067076501781584,0.0137282564564311,True,0.1044090712143269,0.2409803549810508,0.1365712837667239,True,37,0.1887752134305843,1.3058790772288792e-06,1.4064812022115592e-05,True
PT,PT,Lineage2,VSIG4,primary,,,False,0.089861161126526,0.1351441017150266,False,0.0019597157145709,0.010251880835051,0.0082921651204801,True,37,0.0,0.4327675806677847,0.5331798811456404,False
PT,PT,Lineage3,CFHR1,CFHR_descriptive,,,False,,,False,0.0016410987178957,0.0050237862174392,0.0033826874995434,True,26,0.0,0.1548598252820037,0.2594717243930712,False
PT,PT,Lineage3,CFHR2,CFHR_descriptive,,,False,,,False,0.0005411324980867,0.0,-0.0005411324980867,True,26,0.0,0.0431144467830753,0.0944411691438793,False
PT,PT,Lineage3,CFHR3,CFHR_descriptive,,,False,,,False,0.0006664810747306,0.0011631043822824,0.0004966233075518,True,26,0.0,0.248863874937922,0.3577418202232629,False
PT,PT,Lineage3,CFHR4,CFHR_descriptive,,,False,,,False,0.0011577446174267,0.0025221029134891,0.0013643582960623,True,26,0.0,0.1762963744405111,0.2683022216713863,False
PT,PT,Lineage3,CFHR5,CFHR_descriptive,,,False,,,False,0.0008954389079219,0.0006041639031996,-0.0002912750047222,True,26,0.0,0.7150006546880893,0.7475006844466389,False
PT,PT,Lineage3,C1R,primary,0.0,0.0,True,3.7583859169299e-07,2.212556990488208e-06,True,0.0334931075381312,0.1997660715282678,0.1662729639901365,True,26,0.0470611269006706,0.0018439083987014,0.0084819786340264,True
PT,PT,Lineage3,C3,primary,0.0,0.0,True,0.0,0.0,True,0.0623331218166901,0.5709471460863748,0.5086140242696846,True,26,0.0537933970455652,0.0032159320975066,0.0123277397071086,True
PT,PT,Lineage3,C5,primary,0.0,0.0,True,0.966651832777104,0.9747031416071772,False,0.2034667700753321,0.1012944638902429,-0.1021723061850892,True,26,-0.1135276159789213,0.0003636479377746,0.0023896864482334,True
PT,PT,Lineage3,C9,primary,0.0,0.0,True,0.0001285753112899,0.0004280576118685,True,0.1964364987043436,0.0520583463634148,-0.1443781523409288,True,26,-0.1658942274665052,2.694129943847656e-05,0.0006196498870849,True
PT,PT,Lineage3,CD46,primary,0.0,0.0,True,2.2851387293521e-07,1.40879953884974e-06,True,0.6887084778766636,1.0323874695923607,0.3436789917156971,True,26,0.373196566252267,8.156895637512207e-05,0.0010867863893508,True
PT,PT,Lineage3,CFB,primary,0.0,0.0,True,0.0,0.0,True,0.0788584412903738,0.695943350347126,0.6170849090567521,True,26,0.2309371962586,0.0001259557185277,0.0011587926104556,True
PT,PT,Lineage3,CFD,primary,0.0,0.0,True,0.21651701416674,0.286880079302553,False,0.0081767764320355,0.0553150240963447,0.0471382476643091,True,26,0.0,0.0495101673733431,0.0997307242748654,False
PT,PT,Lineage3,MASP1,primary,0.0,0.0,True,0.0092922577886912,0.0191829309594111,True,0.1469427362909749,0.0952369313093029,-0.051705804981672,True,26,-0.0931928130196013,0.0046893656253814,0.0165931399051959,True
PT,PT,Lineage3,C6,primary,6.5686345251947395e-12,1.3431498190905667e-11,True,0.0400149745970525,0.0678235822853443,False,0.083481776975107,0.056305884188265,-0.0271758927868419,True,26,-0.0218523902153553,0.0298987911015436,0.0723865468774215,False
PT,PT,Lineage3,C1QB,primary,7.075673380541049e-12,1.4462820764041868e-11,True,0.0615074633465191,0.0982577759468535,False,0.0102428287272918,0.0855620390321073,0.0753192103048154,True,26,0.0456511474870107,0.0018439083987014,0.0084819786340264,True
PT,PT,Lineage3,C1QA,primary,2.53876919487084e-11,5.108228365130671e-11,True,0.273360033155524,0.3491313678599755,False,0.017118017865355,0.1051846265045689,0.0880666086392138,True,26,0.0,0.0520334213607993,0.0997307242748654,False
PT,PT,Lineage3,C7,primary,2.24917640068156e-10,4.3987417713257046e-10,True,0.950627341562414,0.962441342349912,False,0.1355828586838983,0.3272830385791582,0.1917001798952599,True,26,0.2113155379128561,9.450316429138184e-05,0.0010867863893508,True
PT,PT,Lineage3,CFH,primary,5.55682237335375e-07,9.746961941847312e-07,True,0.0312580372002015,0.0550653409559139,False,0.0279724292677622,0.1051647497325981,0.0771923204648359,True,26,0.002821496928264,0.0578362165685365,0.1064186384861073,False
PT,PT,Lineage3,ITGAM,primary,1.56297821908291e-05,2.5883761445366608e-05,True,0.0746289365826643,0.1159539008924023,False,0.0061148301237144,0.0198715054941549,0.0137566753704405,True,26,-0.0008375903239933,0.6012127057398096,0.6627230365924894,False
PT,PT,Lineage3,C8G,primary,1.83022561843771e-05,3.022624174305844e-05,True,0.025849407017328,0.0467615535575171,True,0.0056633280938531,0.0316912207780456,0.0260278926841924,True,26,-0.0007128416455632,0.2859791906640567,0.3869130226631356,False
PT,PT,Lineage3,FCN3,primary,0.0003271278989216,0.0005058163124814,True,0.106925667363505,0.1574102725385294,False,0.0047676364603309,0.0310750765303473,0.0263074400700164,True,26,0.0,0.1676512708771409,0.2659296020809821,False
PT,PT,Lineage3,CR1,primary,0.0081726111224494,0.0116173275172487,True,0.0081631141517487,0.0170912737843859,True,0.0120597497838229,0.0182818613709527,0.0062221115871297,True,26,-0.0018540745665577,0.7938390455415016,0.8114799132202017,False
PT,PT,Lineage3,VSIG4,primary,0.015844722604443,0.0220141330239461,True,0.059430139990518,0.095403447188275,False,0.0019564638077485,0.0178774540624822,0.0159209902547336,True,26,0.0,0.5014474714870738,0.6070153602211946,False
PT,PT,Lineage3,C4B,primary,0.0380533279223352,0.0512637224245728,False,0.0120530455544767,0.0240994184504069,True,0.0076276020347448,0.0116060286903741,0.0039784266556293,True,26,-0.0032292050318436,0.0071891683913754,0.0206688591252045,True
PT,PT,Lineage3,FCN1,primary,0.192003727006942,0.2397608867137702,False,0.500518515621148,0.5754887373858055,False,0.0040423539378699,0.0082486751936449,0.004206321255775,True,26,0.0,0.6050949464540121,0.6627230365924894,False
PT,PT,Lineage3,C4A,primary,0.460253830565091,0.5365825638883319,False,0.10258845083572,0.1519647091127249,False,0.0112887330033955,0.0203974577523212,0.0091087247489257,True,26,-0.0057856941884493,0.1808123667785429,0.2683022216713863,False
PT,PT,Lineage3,ITGAX,primary,0.467240035188487,0.5439068152253326,False,0.0530419988181102,0.0864810860272701,False,0.0041159421072321,0.0135222236022981,0.0094062814950659,True,26,0.0,0.916511907863894,0.916511907863894,False
PT,PT,Lineage3,C8B,primary,0.842988296113648,0.9123027283838708,False,0.935023077549206,0.9516226794331812,False,0.0011691618841083,0.0,-0.0011691618841083,True,26,0.0,0.0050620321262678,0.0166323912720229,True
PT,PT,Lineage3,MASP2,primary,0.865236785184179,0.9325559652229162,False,0.084547137252761,0.1288512880137373,False,0.0053994572699658,0.002894504628896,-0.0025049526410697,True,26,-0.0027125186655414,0.0002930525201924,0.0022467359881424,True
PT,PT,Lineage3,C1QC,primary,,,False,0.0728134397881453,0.1134748105148586,False,0.0056075706632999,0.0401495874183605,0.0345420167550605,True,26,-0.000836447251966,0.6893679346514224,0.7374633719526844,False
PT,PT,Lineage3,C1S,primary,,,False,1.20040669360222e-06,6.3819462832090555e-06,True,0.1366715359433024,0.2132364171444062,0.0765648812011037,True,26,0.0184084396367452,0.5651319026947021,0.6499016880989075,False
PT,PT,Lineage3,C2,primary,,,False,0.0,0.0,True,0.1371891649864103,0.3431301008125266,0.2059409358261162,True,26,-0.044547821590217,0.5482756793498993,0.6466841346178299,False
PT,PT,Lineage3,C3AR1,primary,,,False,,,False,0.0034993261693597,0.0107814830425027,0.007282156873143,True,26,-0.0008539417859036,0.2859791906640567,0.3869130226631356,False
PT,PT,Lineage3,C4BPA,primary,,,False,,,False,0.0018910963142041,0.0017615778585517,-0.0001295184556523,True,26,0.0,0.1579393105001303,0.2594717243930712,False
PT,PT,Lineage3,C4BPB,primary,,,False,,,False,0.0011151730132195,0.0044154051133797,0.0033002321001602,True,26,0.0,0.0504606086110935,0.0997307242748654,False
PT,PT,Lineage3,C5AR1,primary,,,False,0.958618397305206,0.9689472769067502,False,0.1486868303223393,0.051066287385871,-0.0976205429364683,True,26,-0.1013815502543896,0.0068480475049255,0.0206688591252045,True
PT,PT,Lineage3,C5AR2,primary,,,False,0.609443539021999,0.6780852640201318,False,0.0049486737215629,0.0090648775820876,0.0041162038605247,True,26,-0.0002621160795047,0.3087876063119533,0.4058351397242815,False
PT,PT,Lineage3,C8A,primary,,,False,0.982478853348064,0.9868964331364458,False,0.0032541728086666,0.007984741071363,0.0047305682626963,True,26,-0.0007231265075017,0.0105935390886894,0.0286648704752774,True
PT,PT,Lineage3,CD55,primary,,,False,0.506481919702955,0.5814506887032759,False,0.0975611035514679,0.1138338701717655,0.0162727666202975,True,26,0.0005148529526422,0.3403312563896179,0.4348677164978451,False
PT,PT,Lineage3,CD59,primary,,,False,0.0,0.0,True,0.4241739509087822,1.5481973718798254,1.1240234209710431,True,26,0.8394923343430285,8.940696716308595e-08,4.112720489501953e-06,True
PT,PT,Lineage3,CFI,primary,,,False,2.57793786317961e-13,5.005727015690157e-12,True,1.0421785919151072,1.3390705510644203,0.2968919591493133,True,26,0.1243871849388671,0.0993349552154541,0.1757464592273418,False
PT,PT,Lineage3,CFP,primary,,,False,,,False,0.0042784383170396,0.0053184298810415,0.0010399915640019,True,26,-0.0026384248717224,0.002225180116411,0.009305298668628,True
PT,PT,Lineage3,CR2,primary,,,False,0.0479807353952193,0.0792124437006248,False,0.0861103700416529,0.1213713950111637,0.0352610249695107,True,26,0.0,0.4454975211736883,0.5538617830808018,False
PT,PT,Lineage3,FCN2,primary,,,False,,,False,0.0004520146349907,0.0,-0.0004520146349907,True,26,0.0,0.0277078493580798,0.0708089483595374,False
PT,PT,Lineage3,MBL2,primary,,,False,,,False,0.0001407649237569,0.0,-0.0001407649237569,True,26,0.0,0.0431144467830753,0.0944411691438793,False
PT,PT,Lineage3,SERPING1,primary,,,False,1.81675325894304e-07,1.141131684675237e-06,True,0.1044405259871028,0.500267899971853,0.3958273739847501,True,26,0.3553337354416366,0.0004458336600815,0.0025635435454689,True
PT,PT,Lineage4,CFHR1,CFHR_descriptive,,,False,,,False,0.002100082663074,0.0006192049251991,-0.0014808777378748,True,49,0.0,0.0206334351059495,0.1355911449819542,False
PT,PT,Lineage4,CFHR2,CFHR_descriptive,,,False,,,False,0.0005828977332688,0.000500635310877,-8.2262422391821e-05,True,49,0.0,0.5336947142111965,0.7439380864762133,False
PT,PT,Lineage4,CFHR3,CFHR_descriptive,,,False,,,False,0.0008386488638276,0.0004744068956277,-0.0003642419681998,True,49,0.0,0.1823144329838776,0.3646288659677552,False
PT,PT,Lineage4,CFHR4,CFHR_descriptive,,,False,,,False,0.0011276892592825,0.0006630858383678,-0.0004646034209146,True,49,0.0,0.1924341849204158,0.3688321877641304,False
PT,PT,Lineage4,CFHR5,CFHR_descriptive,,,False,,,False,0.001103436637053,0.0004593186728754,-0.0006441179641776,True,49,0.0,0.9749599188317098,0.9749599188317098,False
PT,PT,Lineage4,C1R,primary,0.0,0.0,True,0.0244643767993422,0.2192298033699276,False,0.0323798663693848,0.0241028517108601,-0.0082770146585246,True,49,-0.0044531742398863,0.0390631596756378,0.1542130773129457,False
PT,PT,Lineage4,C2,primary,0.0,0.0,True,0.212528150218641,0.5947165567197766,False,0.1398832479822305,0.1129647320806155,-0.0269185159016149,True,49,-0.006065586614398,0.1532425021564769,0.335674052342759,False
PT,PT,Lineage4,C3,primary,0.0,0.0,True,0.295536724957789,0.6769137332031802,False,0.063236901734556,0.0231271576170326,-0.0401097441175234,True,49,-0.0044291606601215,0.0368201293030239,0.1542130773129457,False
PT,PT,Lineage4,C9,primary,0.0,0.0,True,0.913937430870452,0.979311011279709,False,0.1963505727508361,0.1837530537664889,-0.0125975189843471,True,49,-0.0119729923263385,0.1288443730520398,0.3119390084417808,False
PT,PT,Lineage4,CD55,primary,0.0,0.0,True,0.0819363258957907,0.3993125829100053,False,0.0887949883801924,0.1345235462963367,0.0457285579161443,True,49,0.0350356597237179,6.172015834238209e-05,0.0014195636418747,True
PT,PT,Lineage4,C4B,primary,1.4770560330390502e-09,4.767280405302037e-09,True,0.362469028966122,0.7307873006671566,False,0.0079061884381634,0.0037387390039258,-0.0041674494342375,True,49,-0.0026334811262387,0.0011701052431293,0.0179416137279837,True
PT,PT,Lineage4,CR2,primary,4.88088724992508e-09,1.5212447729165637e-08,True,0.259183343389904,0.6459462968670754,False,0.086511244624378,0.089575810286473,0.0030645656620949,True,49,0.0045211763863303,0.2757297307591179,0.4373644005144628,False
PT,PT,Lineage4,C7,primary,3.91598309779084e-07,1.0455098991234222e-06,True,0.0204423963176084,0.1998135896267812,False,0.137777546058744,0.1455683888745865,0.0077908428158424,True,49,-0.0044085184166657,0.4119176755679902,0.5921316586289859,False
PT,PT,Lineage4,CD59,primary,2.72991686378621e-06,6.750734255896295e-06,True,0.0297999638796508,0.2441930387378374,False,0.4258566829859305,0.4142320224740401,-0.0116246605118904,True,49,-0.0374090586767906,0.0062599000173833,0.0575910801599263,False
PT,PT,Lineage4,C8A,primary,0.0022028012081284,0.0040409419939613,True,0.430546747785928,0.7741261228391243,False,0.0035767941583548,0.0018470663979351,-0.0017297277604197,True,49,0.0,0.0159094185460864,0.1219722088533296,False
PT,PT,Lineage4,CFD,primary,0.0371150763925334,0.0577233762341328,False,0.779685523557653,0.935120263110818,False,0.009114513092786,0.0062177025592773,-0.0028968105335087,True,49,0.0,0.0805464475865797,0.2315710368114167,False
PT,PT,Lineage4,CD46,primary,0.0536114046555309,0.0810983239706566,False,0.973718131888724,0.993391022520168,False,0.6893482870416592,0.7036176694278952,0.0142693823862359,True,49,0.0037373931270101,0.6932526045224776,0.7952574332611967,False
PT,PT,Lineage4,C8B,primary,0.603654600466142,0.7294885248366636,False,0.743934839271916,0.9213899954240746,False,0.0014669746633439,0.000519968753401,-0.0009470059099429,True,49,0.0,0.1494434941825497,0.335674052342759,False
PT,PT,Lineage4,FCN3,primary,0.762788776382326,0.8836603361834177,False,0.36848212890254,0.7346152597727644,False,0.0052012674525964,0.0052204103605433,1.914290794689539e-05,True,49,-0.0004257937064424,0.0278437748942317,0.1423126272371844,False
PT,PT,Lineage4,C1QC,primary,0.860217724174683,0.9686119153850344,False,0.761315243578333,0.927037419307188,False,0.0060673042338502,0.00482851931185,-0.0012387849220001,True,49,-3.119176915861101e-05,0.0402294984294641,0.1542130773129457,False
PT,PT,Lineage4,CFH,primary,0.923356157196416,1.0,False,0.988015070808469,0.9963141564981752,False,0.0287343695639214,0.0218501120339753,-0.006884257529946,True,49,0.0,0.7088164079067187,0.7952574332611967,False
PT,PT,Lineage4,ITGAX,primary,0.994284949438906,1.0,False,0.385378202850848,0.7443088819766378,False,0.0046851100920657,0.0021148884240046,-0.0025702216680611,True,49,0.0,0.3163713020501673,0.4746956656887751,False
PT,PT,Lineage4,MASP2,primary,0.954277152670522,1.0,False,0.549940368778767,0.8392883665400639,False,0.0056558343691792,0.0063037300134612,0.0006478956442819,True,49,0.0,0.2373659535261011,0.3923921224705768,False
PT,PT,Lineage4,VSIG4,primary,0.995152674991021,1.0,False,0.783274273420444,0.9363899978157076,False,0.001783916431642,0.0022144145611573,0.0004304981295153,True,49,0.0,0.6790730414946473,0.7952574332611967,False
PT,PT,Lineage4,C1QA,primary,,,False,0.380049721379341,0.7400860408240761,False,0.0175884760110641,0.017857858715732,0.0002693827046679,True,49,-0.0013222579216438,0.0909336112838264,0.2460556540621186,False
PT,PT,Lineage4,C1QB,primary,,,False,0.121232678058344,0.4725871799827873,False,0.0102636676716081,0.0121524974914797,0.0018888298198715,True,49,0.0,0.6966862023582745,0.7952574332611967,False
PT,PT,Lineage4,C1S,primary,,,False,0.708455175537409,0.9092877921051,False,0.134874316522755,0.1366967361185546,0.0018224195957995,True,49,0.0046462164963494,0.7300182899389576,0.7995438413617154,False
PT,PT,Lineage4,C3AR1,primary,,,False,,,False,0.0035100494379574,0.0031707915751711,-0.0003392578627863,True,49,0.0,0.8093879483363826,0.8461783096244001,False
PT,PT,Lineage4,C4A,primary,,,False,0.750182841098402,0.9240826606754418,False,0.0114594794408641,0.006524890752923,-0.004934588687941,True,49,0.0,0.2158928821848665,0.3883763208495053,False
PT,PT,Lineage4,C4BPA,primary,,,False,,,False,0.0017195073117829,0.0020830631795944,0.0003635558678115,True,49,0.0,0.0719033300839094,0.2315710368114167,False
PT,PT,Lineage4,C4BPB,primary,,,False,,,False,0.001193990044305,0.0006921631319803,-0.0005018269123246,True,49,0.0,0.8405336616716674,0.8592121874865933,False
PT,PT,Lineage4,C5,primary,,,False,0.73642295331887,0.9197942924069354,False,0.2137507631865703,0.1857654365030611,-0.0279853266835092,True,49,0.0185196937083551,0.0024204537811058,0.0278352184827177,True
PT,PT,Lineage4,C5AR1,primary,,,False,0.228617798066563,0.6133648240810226,False,0.1440708770085683,0.0955643204145626,-0.0485065565940056,True,49,-0.0108137410493507,0.2388473788951337,0.3923921224705768,False
PT,PT,Lineage4,C5AR2,primary,,,False,0.439534034106173,0.7787982435879615,False,0.0052080909444401,0.0030358691534707,-0.0021722217909693,True,49,0.0,0.6001863328603723,0.7952574332611967,False
PT,PT,Lineage4,C6,primary,,,False,0.15132814807473,0.5167126948861722,False,0.0770708408973025,0.0995362145257823,0.0224653736284797,True,49,-0.0047987528587181,0.0242832338388083,0.1396285945731481,False
PT,PT,Lineage4,C8G,primary,,,False,0.663435343514188,0.8906358502014902,False,0.006101179481662,0.0025667339726923,-0.0035344455089696,True,49,0.0,0.6732787363156976,0.7952574332611967,False
PT,PT,Lineage4,CFB,primary,,,False,0.0015930305845257,0.0497213992324437,True,0.0813408795428486,0.0482565903629872,-0.0330842891798613,True,49,-0.0029871067210096,0.1190027996288591,0.3041182657181956,False
PT,PT,Lineage4,CFI,primary,,,False,0.196502889902763,0.5773666130083445,False,1.058620586054675,0.9152033962532662,-0.1434171898014085,True,49,-0.0636286535531257,2.6497433829320016e-06,0.0001218881956148,True
PT,PT,Lineage4,CFP,primary,,,False,,,False,0.0044027040596746,0.0047814873874494,0.0003787833277748,True,49,-6.776526689780335e-05,0.1758529193235227,0.3646288659677552,False
PT,PT,Lineage4,CR1,primary,,,False,0.919499708399711,0.9800579745719216,False,0.0122461744148293,0.0124377202727246,0.0001915458578953,True,49,0.0,0.6550387945775941,0.7952574332611967,False
PT,PT,Lineage4,FCN1,primary,,,False,0.124505689571849,0.4785067014812146,False,0.0042330318439369,0.0022604795505213,-0.0019725522934155,True,49,0.0,0.07570473244625,0.2315710368114167,False
PT,PT,Lineage4,FCN2,primary,,,False,,,False,0.0005112436366322,0.0002569614280481,-0.000254282208584,True,49,0.0,0.789675102094056,0.8447687138680599,False
PT,PT,Lineage4,ITGAM,primary,,,False,0.566283267280373,0.8479213719622821,False,0.0066122863407575,0.0041123758793535,-0.002499910461404,True,49,0.0,0.3199036007902615,0.4746956656887751,False
PT,PT,Lineage4,MASP1,primary,,,False,0.527533431907914,0.8260459187401183,False,0.1498550132505707,0.1231812905903872,-0.0266737226601835,True,49,0.0119958198773684,0.2195170509149377,0.3883763208495053,False
PT,PT,Lineage4,MBL2,primary,,,False,,,False,0.0001449289065042,0.0001378962315944,-7.032674909811953e-06,True,49,0.0,0.6120898800892568,0.7952574332611967,False
PT,PT,Lineage4,SERPING1,primary,,,False,0.460181421462239,0.7895590976315693,False,0.1030363849525441,0.1104235258139837,0.0073871408614395,True,49,0.0080840401632544,0.0699896078046151,0.2315710368114167,False
PT,PT,Lineage5,CFHR1,CFHR_descriptive,,,False,,,False,0.0015533400606729,0.0023577321521179,0.0008043920914449,True,14,0.0,0.0431144467830753,0.1077861169576883,False
PT,PT,Lineage5,CFHR2,CFHR_descriptive,,,False,,,False,0.0005407032313466,0.0008408537934351,0.0003001505620884,True,14,0.0,0.3454475304692257,0.5014560926166179,False
PT,PT,Lineage5,CFHR3,CFHR_descriptive,,,False,,,False,0.0006687784829308,0.0011046777841741,0.0004358993012433,True,14,0.0,0.6547208460185769,0.7225972202521005,False
PT,PT,Lineage5,CFHR4,CFHR_descriptive,,,False,,,False,0.001034340066644,0.0,-0.001034340066644,True,14,0.0,0.0678891548618289,0.1607901036201212,False
PT,PT,Lineage5,CFHR5,CFHR_descriptive,,,False,,,False,0.0009866036358188,4.346986214603134e-05,-0.0009431337736727,True,14,0.0,0.3173105078629141,0.4923783742700392,False
PT,PT,Lineage5,C5AR1,primary,0.0,0.0,True,0.0016316217369379,0.0109499049363407,True,0.1209556021636356,0.2458747567213124,0.1249191545576768,True,14,0.0732355514749045,0.463134765625,0.5729682450713307,False
PT,PT,Lineage5,CFB,primary,0.0,0.0,True,8.2308682675003e-05,0.0010037305309889,True,0.0640076296928498,0.1540101953036308,0.0900025656107809,True,14,0.0241617788449206,0.6697998046875,0.7225972202521005,False
PT,PT,Lineage5,CFI,primary,0.0,0.0,True,0.717756922074046,0.8314379116222836,False,0.9971300102589472,1.0134707758626358,0.0163407656036886,True,14,0.0098938444569148,0.7608642578125,0.7781566273082386,False
PT,PT,Lineage5,MASP1,primary,3.9057646006312997e-13,2.662507372815497e-12,True,0.0619777146166374,0.1660075495004291,False,0.1422598014379211,0.3097125301384207,0.1674527287004996,True,14,0.1630530198985846,0.0067138671875,0.0431605747767857,True
PT,PT,Lineage5,C6,primary,4.39173142297022e-11,2.6037895333121743e-10,True,0.0090980638270415,0.0405835823655803,True,0.0823091602140044,0.1544119820640663,0.0721028218500619,True,14,0.0110624223592895,0.11585149752593,0.2369689722121297,False
PT,PT,Lineage5,C1S,primary,9.72458650272401e-08,4.33127964627905e-07,True,0.0277710299759177,0.0928271200953473,False,0.1344717541519242,0.201562585302578,0.0670908311506538,True,14,0.0467277772540952,0.0052490234375,0.0431605747767857,True
PT,PT,Lineage5,CD55,primary,1.31493055000043e-07,5.801762817761572e-07,True,0.885505188008059,0.9370951518354562,False,0.104149540241404,0.1151666366993946,0.0110170964579905,True,14,0.0374282172420728,0.029541015625,0.0949532645089285,False
PT,PT,Lineage5,CD59,primary,5.31382549606718e-06,1.98960794239197e-05,True,0.0154662637267778,0.0600634292041711,False,0.4096488916641383,0.4780160680266542,0.0683671763625158,True,14,0.0052769159088753,0.71484375,0.7480922965116279,False
PT,PT,Lineage5,SERPING1,primary,7.70527864080162e-06,2.838897218951127e-05,True,0.0089183695619661,0.0398887654092477,True,0.1010070677241862,0.1690172634992341,0.0680101957750479,True,14,0.0377850109494888,0.0166015625,0.0679154829545454,False
PT,PT,Lineage5,ITGAM,primary,0.000140344077838,0.0004465943158464,True,0.0321357677677548,0.1033957746340259,False,0.0055228097033808,0.0249502605500091,0.0194274508466282,True,14,0.0205805379650966,0.0229090993543566,0.0859091225788372,False
PT,PT,Lineage5,C4B,primary,0.0126995777874662,0.0295323801188995,True,0.0832153184838249,0.2034840839025598,False,0.0063937235596164,0.0049770570894809,-0.0014166664701355,True,14,-0.0009294335497439,0.4445867389117455,0.5716115214579585,False
PT,PT,Lineage5,CR1,primary,0.447270466178593,0.6798997643473799,False,0.0587727691519289,0.1601457802076521,False,0.0121244518340146,0.0042764501524653,-0.0078480016815493,True,14,0.0,0.0425224779980516,0.1077861169576883,False
PT,PT,Lineage5,CD46,primary,0.624166394763489,0.8781621493801939,False,0.0920999515178121,0.2182878649667492,False,0.6874144468922446,0.7524657880611247,0.0650513411688801,True,14,0.1152899432501166,0.0030517578125,0.034332275390625,True
PT,PT,Lineage5,C1QC,primary,0.994166613704809,1.0,False,0.89528117806909,0.943111328022808,False,0.0050700132175991,0.0064072103457344,0.0013371971281353,True,14,-0.0008376633702116,0.4412681333289296,0.5716115214579585,False
PT,PT,Lineage5,C8A,primary,0.99980012303325,1.0,False,0.919595227750151,0.9569548878863704,False,0.0029794828836596,0.0018708864714916,-0.0011085964121679,True,14,0.0,0.1281901743451078,0.2403565768970772,False
PT,PT,Lineage5,C8G,primary,0.944954769540479,1.0,False,0.96744965611442,0.9830551462064844,False,0.00409577490286,0.0041085469861365,1.2772083276477164e-05,True,14,-0.0012859174774082,0.1095109374886407,0.2346662946185159,False
PT,PT,Lineage5,MASP2,primary,0.999999985957316,1.0,False,0.978440511623746,0.9883375698916972,False,0.0057422392993263,0.0049493499942731,-0.0007928893050531,True,14,0.0,0.6744240722352938,0.7225972202521005,False
PT,PT,Lineage5,C1QA,primary,,,False,0.0436637952412446,0.1293852649908068,False,0.0165476039314415,0.0212260374135381,0.0046784334820966,True,14,-0.0090179722220686,0.0028734139278525,0.034332275390625,True
PT,PT,Lineage5,C1QB,primary,,,False,0.663553851279508,0.794958644251821,False,0.009652454756611,0.0170798669362369,0.0074274121796258,True,14,0.0,0.0909689479753577,0.2046801329445549,False
PT,PT,Lineage5,C1R,primary,,,False,0.0338989732086463,0.1076165762425088,False,0.0270000740633306,0.062909090027678,0.0359090159643474,True,14,0.0012905104372372,0.9031982421875,0.9031982421875,False
PT,PT,Lineage5,C2,primary,,,False,0.606431712112053,0.7536056429331454,False,0.1286956985540245,0.1344493944738526,0.005753695919828,True,14,-0.0529239865250045,0.42626953125,0.5716115214579585,False
PT,PT,Lineage5,C3,primary,,,False,1.57759916241673e-10,1.3406499548851192e-08,True,0.0422661056512948,0.4050086847286756,0.3627425790773808,True,14,0.1073410116148447,0.0001220703125,0.0054931640625,True
PT,PT,Lineage5,C3AR1,primary,,,False,,,False,0.0035196134901346,0.0035072759280931,-1.2337562041462267e-05,True,14,0.0,0.3454475304692257,0.5014560926166179,False
PT,PT,Lineage5,C4A,primary,,,False,0.307008166397881,0.4927800248959571,False,0.0093809469361795,0.0088130523105234,-0.000567894625656,True,14,-0.0065290057818391,0.0328542199286437,0.0985626597859311,False
PT,PT,Lineage5,C4BPA,primary,,,False,,,False,0.0018127516516745,0.0030866848457707,0.0012739331940962,True,14,0.0,0.4838398513935682,0.5729682450713307,False
PT,PT,Lineage5,C4BPB,primary,,,False,,,False,0.0011969672112025,0.0,-0.0011969672112025,True,14,0.0,0.0277078493580798,0.0949532645089285,False
PT,PT,Lineage5,C5,primary,,,False,0.434166721709249,0.6133241759738869,False,0.209606192354428,0.1267784847982967,-0.0828277075561312,True,14,-0.0591221690637048,0.0352783203125,0.0992202758789062,False
PT,PT,Lineage5,C5AR2,primary,,,False,0.373040272635291,0.5571948378830132,False,0.0046084116233777,0.005168293295382,0.0005598816720043,True,14,-0.0003323539252968,0.2135243540361824,0.3558739233936374,False
PT,PT,Lineage5,C7,primary,,,False,0.90082397952273,0.9456691192984176,False,0.135310960226108,0.0989662530102475,-0.0363447072158605,True,14,-0.0111327263603347,0.2393165412214952,0.3846158698202602,False
PT,PT,Lineage5,C8B,primary,,,False,0.631081210931002,0.7717567630290526,False,0.0012478714739279,0.0007828800508169,-0.0004649914231109,True,14,0.0,0.1797124948789997,0.3110408565213457,False
PT,PT,Lineage5,C9,primary,,,False,0.043549283266285,0.1291695823132214,False,0.1900613729076176,0.1149293810305065,-0.075131991877111,True,14,-0.1066009329452802,0.013427734375,0.0604248046875,False
PT,PT,Lineage5,CFD,primary,,,False,0.273826232923891,0.4566254289327204,False,0.0077562573617256,0.0164426213442636,0.0086863639825379,True,14,0.0,0.3739447986092539,0.5258598730442633,False
PT,PT,Lineage5,CFH,primary,,,False,1.0966557391523e-05,0.0001884578102095,True,0.0262390069283664,0.1448564305127229,0.1186174235843564,True,14,0.0828867748027716,0.001871432910247,0.034332275390625,True
PT,PT,Lineage5,CFP,primary,,,False,,,False,0.0046295698218253,0.0025237939113302,-0.002105775910495,True,14,-0.0032638243882402,0.0076857940552132,0.0432325915605746,True
PT,PT,Lineage5,CR2,primary,,,False,0.0653229182847463,0.1723442399634455,False,0.0945399330010308,0.0244557012635319,-0.0700842317374988,True,14,-0.060149125772972,0.0057715890441035,0.0431605747767857,True
PT,PT,Lineage5,FCN1,primary,,,False,0.134624117147095,0.2832429028217629,False,0.0040053551947631,0.0062703090267855,0.0022649538320223,True,14,-0.0006216040905789,0.4769065549675839,0.5729682450713307,False
PT,PT,Lineage5,FCN2,primary,,,False,,,False,0.0004017958324632,0.0004628999679683,6.110413550504992e-05,True,14,0.0,0.1797124948789997,0.3110408565213457,False
PT,PT,Lineage5,FCN3,primary,,,False,0.764822917898187,0.8625403398830972,False,0.0045643919719535,0.0055743458705515,0.0010099538985979,True,14,0.0,0.1281901743451078,0.2403565768970772,False
PT,PT,Lineage5,ITGAX,primary,,,False,0.539616864413656,0.7031145121666722,False,0.0037419736176515,0.0040369427817924,0.0002949691641409,True,14,-0.001699389182063,0.5937116848746408,0.6850519440861239,False
PT,PT,Lineage5,MBL2,primary,,,False,,,False,0.0001566538125859,0.0,-0.0001566538125859,True,14,0.0,,,False
PT,PT,Lineage5,VSIG4,primary,,,False,0.0022880114739636,0.0142844162030513,True,0.0019165509554384,0.0070812827361431,0.0051647317807046,True,14,-0.0002858193092336,0.0117186855997686,0.0585934279988431,False
PT,PT,Lineage6,CFHR1,CFHR_descriptive,,,False,,,False,0.0010507748482298,0.0007513689573715,-0.0002994058908582,True,31,0.0,0.2845026979112075,0.4742080045799757,False
PT,PT,Lineage6,CFHR2,CFHR_descriptive,,,False,,,False,0.0006130204351771,0.0004536484359226,-0.0001593719992545,True,31,0.0,0.4652088184521418,0.6114173042513864,False
PT,PT,Lineage6,CFHR3,CFHR_descriptive,,,False,,,False,0.0002529787487029,0.0014041451802483,0.0011511664315453,True,31,0.0,0.34523107177184,0.5122783645646658,False
PT,PT,Lineage6,CFHR4,CFHR_descriptive,,,False,,,False,0.0011971313213608,0.0009680743324844,-0.0002290569888764,True,31,0.0,0.4235963177660037,0.590467594461702,False
PT,PT,Lineage6,CFHR5,CFHR_descriptive,,,False,,,False,0.0011922668105987,0.0005216905743119,-0.0006705762362867,True,31,0.0,1.0,1.0,False
PT,PT,Lineage6,CD59,primary,0.0,0.0,True,0.0001612508095215,0.0027003902954643,True,0.4337163040229727,0.719531184289928,0.2858148802669553,True,31,0.2965603263278465,9.313225746154783e-10,2.142041921615601e-08,True
PT,PT,Lineage6,CFB,primary,4.92771093818511e-07,2.696824601997083e-06,True,0.97924505861259,0.9924367614787284,False,0.058003330509929,0.088281993786272,0.030278663276343,True,31,0.0278503759502875,2.2230669856071472e-05,0.0001460872590541,True
PT,PT,Lineage6,MASP1,primary,9.72374569028212e-05,0.0003893118434597,True,0.393064269954738,0.6539503055600132,False,0.1223289610223405,0.1481905329730567,0.0258615719507162,True,31,0.0334301108619559,0.0003451099619269,0.0017638953609599,True
PT,PT,Lineage6,CFI,primary,0.0059232548663588,0.0172812487338096,True,0.10243838647374,0.304204014836842,False,0.97430689467837,1.136707578407741,0.162400683729371,True,31,0.1785731485625685,2.3283064365386963e-08,3.570069869359334e-07,True
PT,PT,Lineage6,C8B,primary,0.015639053451532,0.0417844424391987,True,0.0091086164266088,0.0577145374165534,False,0.0014156807614846,0.008115440687869,0.0066997599263843,True,31,0.0024604309316846,0.0002930525201924,0.0016850519911068,True
PT,PT,Lineage6,SERPING1,primary,0.020826037021491,0.0540060771953494,False,0.0189629303770016,0.0986145191431784,False,0.1040339634920459,0.1017015683081209,-0.0023323951839249,True,31,-0.0076505983608265,0.2989437520195906,0.4742080045799757,False
PT,PT,Lineage6,C1R,primary,0.0683034306781253,0.1562175868805954,False,0.589689375895825,0.7954484518567142,False,0.0233377752567452,0.0389085585040061,0.0155707832472609,True,31,0.0026647498393014,0.444234280847013,0.6010228505577234,False
PT,PT,Lineage6,CR1,primary,0.344563119720643,0.6208833427405823,False,0.913934279538508,0.9656173249180916,False,0.0106346829184902,0.0174669310685112,0.006832248150021,True,31,0.0,0.0555836587707687,0.1504028413797271,False
PT,PT,Lineage6,FCN3,primary,0.490609253347111,0.8164673337194107,False,0.0966797241826945,0.293318882757312,False,0.0052241843309986,0.0075886241040147,0.002364439773016,True,31,0.0,0.156003575966109,0.3417221187829055,False
PT,PT,Lineage6,C1QB,primary,0.872448870085886,1.0,False,0.345967869634294,0.6116605804825936,False,0.0092352806969865,0.0180418291352972,0.0088065484383107,True,31,0.0,0.2234285301564851,0.4282380161332631,False
PT,PT,Lineage6,C2,primary,0.930090906894195,1.0,False,0.356681026933996,0.6220746763508808,False,0.1272242236590494,0.1411681396325385,0.0139439159734891,True,31,0.0273513618843344,0.0157429352402687,0.06034791842103,False
PT,PT,Lineage6,C5AR2,primary,0.99998874406931,1.0,False,0.696971391633177,0.8609028128937577,False,0.0040461908856971,0.0054706926205208,0.0014245017348237,True,31,0.0,0.3218843453687868,0.4935559962321398,False
PT,PT,Lineage6,C8G,primary,0.749620306988164,1.0,False,0.108401856847523,0.3140885463144569,False,0.003150437725471,0.0055999719335596,0.0024495342080886,True,31,0.0,0.0987409489608764,0.2390570343263325,False
PT,PT,Lineage6,CFD,primary,0.991559433650761,1.0,False,0.949152563584163,0.9801143939199336,False,0.0071596073759364,0.009552213508721,0.0023926061327845,True,31,0.0,0.5011381853247657,0.6403432368038673,False
PT,PT,Lineage6,CFH,primary,0.945940391853403,1.0,False,0.28440092919799,0.5510522295887377,False,0.0233797906572294,0.0244526072848786,0.0010728166276492,True,31,0.0009300742333842,0.7869371467657944,0.913352826004848,False
PT,PT,Lineage6,FCN1,primary,0.994925321481041,1.0,False,0.399411892162101,0.659628980789278,False,0.0039547817129937,0.004032663345664,7.78816326703043e-05,True,31,0.0,0.9479148130096964,0.968979586632134,False
PT,PT,Lineage6,ITGAX,primary,0.999999784409426,1.0,False,0.86428255156292,0.942210318666532,False,0.0038314498965674,0.0034321050929988,-0.0003993448035685,True,31,0.0,0.1789561131984324,0.3646767083615369,False
PT,PT,Lineage6,C1QA,primary,,,False,0.952003173315595,0.9811529530822926,False,0.0162846547754854,0.0222399745782739,0.0059553198027885,True,31,0.0016045584986204,0.0230190118776122,0.0814518881823201,False
PT,PT,Lineage6,C1QC,primary,,,False,0.420266626419359,0.6768507474290676,False,0.0045108885744356,0.0072936417266582,0.0027827531522225,True,31,0.0,0.0420199491044772,0.1301732109448431,False
PT,PT,Lineage6,C1S,primary,,,False,0.520315135394521,0.7509666642194665,False,0.1349987540744686,0.1308715611042518,-0.0041271929702167,True,31,-0.0013540298016353,0.608313562348485,0.7562817261629814,False
PT,PT,Lineage6,C3,primary,,,False,0.124625344056954,0.3406876757555435,False,0.0307771580457938,0.0326300295920439,0.0018528715462501,True,31,-0.0027603333004089,0.7942198486998677,0.913352826004848,False
PT,PT,Lineage6,C3AR1,primary,,,False,,,False,0.0035599802957038,0.0062953233366987,0.0027353430409949,True,31,0.0,0.2735753578226748,0.4742080045799757,False
PT,PT,Lineage6,C4A,primary,,,False,0.240196054611785,0.5002930126333508,False,0.0090870719911615,0.0131731849688457,0.0040861129776842,True,31,0.0041263637718147,0.0546057677658057,0.1504028413797271,False
PT,PT,Lineage6,C4B,primary,,,False,0.638454111528846,0.8263334287063306,False,0.0067364182490928,0.0095946618037499,0.0028582435546571,True,31,0.0,0.0424477861776662,0.1301732109448431,False
PT,PT,Lineage6,C4BPA,primary,,,False,,,False,0.002136096673895,0.0022035050182092,6.740834431418147e-05,True,31,0.0,0.2859791906640567,0.4742080045799757,False
PT,PT,Lineage6,C4BPB,primary,,,False,,,False,0.0010453673981107,0.0010804752251783,3.5107827067610946e-05,True,31,0.0,0.3823520898575154,0.5496311291701784,False
PT,PT,Lineage6,C5,primary,,,False,0.0002972227113566,0.0044206013418651,True,0.1763371814483474,0.0553093409728243,-0.121027840475523,True,31,-0.0991109524038489,9.313225746154783e-10,2.142041921615601e-08,True
PT,PT,Lineage6,C5AR1,primary,,,False,0.514558235533936,0.7460010011387163,False,0.1208059423141638,0.0827945135900534,-0.0380114287241104,True,31,-0.0252504080785364,0.0117049710825085,0.0489480608904903,True
PT,PT,Lineage6,C6,primary,,,False,0.0006690626283211,0.008332521353861,True,0.1247425880848746,0.2929110343741585,0.1681684462892838,True,31,0.1392923212421936,1.0244548320770265e-07,1.1781230568885803e-06,True
PT,PT,Lineage6,C7,primary,,,False,0.886489165732643,0.95227384233512,False,0.1325623133041408,0.1931156592707847,0.0605533459666438,True,31,0.0213733828098964,0.111049959436059,0.2554149067029357,False
PT,PT,Lineage6,C8A,primary,,,False,0.0258455954229887,0.1221359926056275,False,0.0028005939505966,0.0087324585401601,0.0059318645895634,True,31,0.0040417823766407,0.0015692533679152,0.0072185654924103,True
PT,PT,Lineage6,C9,primary,,,False,0.13298564135667,0.3547265938206596,False,0.1824279667557752,0.2098106960854074,0.0273827293296322,True,31,0.0053361808505115,0.2989572202786803,0.4742080045799757,False
PT,PT,Lineage6,CD46,primary,,,False,0.716016408838402,0.8699302298457149,False,0.6883042962998547,0.7238321686804098,0.0355278723805551,True,31,0.0303369454485014,0.0865019699558615,0.2210605898872017,False
PT,PT,Lineage6,CD55,primary,,,False,9.454466987079973e-09,7.673344554682509e-07,True,0.0937399397209581,0.032346747557475,-0.061393192163483,True,31,-0.0583393185725862,1.573935151100159e-07,1.448020339012146e-06,True
PT,PT,Lineage6,CFP,primary,,,False,,,False,0.0043773758895206,0.0055586797724734,0.0011813038829528,True,31,0.0,0.7366172061350037,0.8916945126897413,False
PT,PT,Lineage6,CR2,primary,,,False,0.255625196495437,0.5186216653923903,False,0.0830522201572753,0.0272210802412192,-0.0558311399160561,True,31,-0.0464425114778089,1.0809064248240006e-05,8.286949256984005e-05,True
PT,PT,Lineage6,FCN2,primary,,,False,,,False,0.0004043506628996,0.0009020999074234,0.0004977492445237,True,31,0.0,0.8589549227374824,0.9482268868966806,False
PT,PT,Lineage6,ITGAM,primary,,,False,0.184070637796189,0.4288323577645636,False,0.0055972689823898,0.0041024932224731,-0.0014947757599167,True,31,0.0,0.94636892512424,0.968979586632134,False
PT,PT,Lineage6,MASP2,primary,,,False,0.0813005207389912,0.2626389809800148,False,0.0051582299769582,0.0057834943105356,0.0006252643335774,True,31,0.0,0.9316935455667716,0.968979586632134,False
PT,PT,Lineage6,MBL2,primary,,,False,,,False,0.0001726993831481,0.0006597179830965,0.0004870185999483,True,31,0.0,0.8657723749926214,0.9482268868966806,False
PT,PT,Lineage6,VSIG4,primary,,,False,0.897296663052388,0.95747045118971,False,0.0019290000772216,0.0032174738238181,0.0012884737465965,True,31,0.0,0.1823383541807685,0.3646767083615369,False
PT,PT,Lineage7,CFHR1,CFHR_descriptive,,,False,,,False,0.0011096573643516,0.0014887316637002,0.0003790742993486,True,37,0.0,0.0173783634466982,0.0666170598790101,False
PT,PT,Lineage7,CFHR2,CFHR_descriptive,,,False,,,False,0.0005494820448171,0.0004449885484909,-0.0001044934963262,True,37,0.0,0.3742593192802244,0.5379977714653226,False
PT,PT,Lineage7,CFHR3,CFHR_descriptive,,,False,,,False,0.0003380528899498,0.0006164813896332,0.0002784284996834,True,37,0.0,0.892738400944348,0.8927384009443479,False
PT,PT,Lineage7,CFHR4,CFHR_descriptive,,,False,,,False,0.0012478012280768,0.0005387912642843,-0.0007090099637924,True,37,0.0,0.7988593499960496,0.8483610084281694,False
PT,PT,Lineage7,CFHR5,CFHR_descriptive,,,False,,,False,0.0012335955140891,0.0003538494252372,-0.0008797460888519,True,37,0.0,0.3862707203664827,0.5384379738441879,False
PT,PT,Lineage7,CD55,primary,0.0,0.0,True,0.0885213873575194,0.2507214580164235,False,0.0888056713085012,0.1174398415292283,0.0286341702207271,True,37,0.0684603765769198,7.24394340068102e-08,3.3322139643132687e-06,True
PT,PT,Lineage7,CR2,primary,0.0,0.0,True,0.495236763979809,0.7099147102892412,False,0.0788383366888752,0.1092724709380087,0.0304341342491334,True,37,0.0123903425033913,0.0016087972768151,0.0123341124555827,True
PT,PT,Lineage7,C5AR1,primary,0.0001602371865174,0.0005159373330449,True,0.464434734511633,0.6871899238936591,False,0.1250003893243118,0.1049859423308147,-0.020014446993497,True,37,-0.0238325262419453,0.0007294246461242,0.006710706744343,True
PT,PT,Lineage7,C7,primary,0.0002673600688066,0.0008388834278213,True,0.0014596938643317,0.0146306965957761,True,0.1312227035604729,0.1084544092491743,-0.0227682943112985,True,37,-0.0133847919289386,0.0062638480953786,0.0315566732431761,True
PT,PT,Lineage7,C1R,primary,0.0088306269106768,0.0214845205758761,True,0.006098078943991,0.0411255226957346,True,0.0250418673698894,0.0177844349905166,-0.0072574323793727,True,37,-0.0070613899401238,0.0040398244190993,0.0232289904098215,True
PT,PT,Lineage7,CFI,primary,0.0176140472695516,0.040580183444128,True,0.314704616388096,0.5521535938086017,False,0.9778824135263748,0.965204035260703,-0.0126783782656718,True,37,-0.0960365702767418,0.0001212289789691,0.0013941332581453,True
PT,PT,Lineage7,SERPING1,primary,0.0352701130910219,0.0762177182162493,False,0.007060039358998,0.0458881382451969,True,0.1028345973392755,0.0797808643156275,-0.0230537330236479,True,37,-0.0104687688612009,0.0197197234083432,0.0697774828295223,False
PT,PT,Lineage7,CFD,primary,0.0371818884170255,0.0798914063571634,False,0.0105779631588357,0.0606734943493831,False,0.0080251093445076,0.005347576113823,-0.0026775332306846,True,37,-0.0007811000916149,0.0744376249821809,0.1902294860655735,False
PT,PT,Lineage7,C8G,primary,0.0875382205017214,0.1709362253273842,False,0.459021018536774,0.6825158138940506,False,0.0031666317486259,0.0024557895447636,-0.0007108422038622,True,37,0.0,0.2418196582370184,0.3972751528179589,False
PT,PT,Lineage7,C1QB,primary,0.308514734178942,0.5088888446633204,False,0.0781663707003908,0.231539270031619,False,0.0093875474325626,0.0058937445438188,-0.0034938028887438,True,37,-0.0006447015883687,0.2396777232184626,0.3972751528179589,False
PT,PT,Lineage7,C1QC,primary,0.584752143641994,0.8510024633039327,False,0.597558814482614,0.7842409327742336,False,0.0057530396496796,0.0040394299788368,-0.0017136096708428,True,37,0.0,0.049028558205982,0.1438540352566692,False
PT,PT,Lineage7,C4B,primary,0.629646184781425,0.9001644985879487,False,0.314866352234423,0.5523032097231623,False,0.0074399329963636,0.0040388629393795,-0.0034010700569841,True,37,0.0,0.3581028690285257,0.5379977714653226,False
PT,PT,Lineage7,ITGAM,primary,0.732826710894488,0.9990399508123148,False,0.23630666051993,0.4648901800696217,False,0.0050718890710926,0.0040012336926731,-0.0010706553784194,True,37,0.0,0.7035636998700077,0.8090982548505089,False
PT,PT,Lineage7,C2,primary,0.79766759916193,1.0,False,0.402010723996321,0.6345324339111865,False,0.1273516646568387,0.1169211843400793,-0.0104304803167594,True,37,-0.0057723075697112,0.570653132192092,0.7500012594524638,False
PT,PT,Lineage7,C4A,primary,0.77740347545312,1.0,False,0.288642335766303,0.5238649645163753,False,0.0097846941031418,0.0062786013093091,-0.0035060927938326,True,37,-0.0008021983444378,0.0787985097714748,0.1907753394467286,False
PT,PT,Lineage7,FCN1,primary,0.991545445503406,1.0,False,0.668327908549138,0.8298570810371202,False,0.0037890780382192,0.0029391911097412,-0.0008498869284779,True,37,0.0,0.7982476237849793,0.8483610084281694,False
PT,PT,Lineage7,FCN3,primary,0.962318659962184,1.0,False,0.305889520330532,0.5428146976259456,False,0.0045254090383118,0.0032524945669529,-0.0012729144713589,True,37,0.0,0.8638867905449266,0.8830842747792583,False
PT,PT,Lineage7,ITGAX,primary,0.948423648340703,1.0,False,0.487704374374414,0.7042758305097375,False,0.0032750133778674,0.0024189508729931,-0.0008560625048742,True,37,0.0,0.139625494560478,0.279250989120956,False
PT,PT,Lineage7,MASP2,primary,0.977807063435554,1.0,False,0.258758379329663,0.4917284243905211,False,0.0052487226724785,0.0061892422710698,0.0009405195985912,True,37,0.0,0.0500361861762327,0.1438540352566692,False
PT,PT,Lineage7,C1QA,primary,,,False,0.003956167387134,0.0301866715771809,True,0.0152830601158852,0.0102518539862089,-0.0050312061296763,True,37,-0.0022426686316959,0.1265871911669002,0.2646823088035187,False
PT,PT,Lineage7,C1S,primary,,,False,0.192971874277891,0.4100108359252767,False,0.1344364834252898,0.1254294102687267,-0.0090070731565631,True,37,0.0022035874658991,0.8114757471921621,0.8483610084281694,False
PT,PT,Lineage7,C3,primary,,,False,0.0372430439982967,0.1432475618464837,False,0.028886494388544,0.0312713519756706,0.0023848575871266,True,37,-0.0003076909393562,0.6653440464724554,0.7954745467390644,False
PT,PT,Lineage7,C3AR1,primary,,,False,,,False,0.0033483800846204,0.002569608067528,-0.0007787720170923,True,37,0.0,0.6148113070366257,0.7855922256579106,False
PT,PT,Lineage7,C4BPA,primary,,,False,,,False,0.0023107916105305,0.0016950081122794,-0.000615783498251,True,37,0.0,0.123044827769069,0.2646823088035187,False
PT,PT,Lineage7,C4BPB,primary,,,False,,,False,0.001232256087198,0.0011824334341237,-4.9822653074331306e-05,True,37,0.0,0.1220954813413321,0.2646823088035187,False
PT,PT,Lineage7,C5,primary,,,False,0.0029375639766894,0.0245023138471359,True,0.1654403570505067,0.2271833910584179,0.0617430340079112,True,37,0.0349343022655881,0.0145323305769125,0.060771564230725,False
PT,PT,Lineage7,C5AR2,primary,,,False,0.840335943442325,0.9277865386573664,False,0.0043274462233182,0.0043669477993419,3.950157602371218e-05,True,37,0.0,0.3015688217495123,0.4783505448440539,False
PT,PT,Lineage7,C6,primary,,,False,0.83181260353146,0.9231242262481518,False,0.1428196914793373,0.0605114912671594,-0.0823082002121779,True,37,-0.0324864920734302,4.1184102883562446e-06,6.314895775479575e-05,True
PT,PT,Lineage7,C8A,primary,,,False,0.71499963345476,0.8595381427435764,False,0.0031528609661056,0.0026369451399193,-0.0005159158261862,True,37,0.0,0.5271827452554574,0.713247243580913,False
PT,PT,Lineage7,C8B,primary,,,False,0.273450455760786,0.5074217653995747,False,0.0016085806626176,0.0010322485206035,-0.000576332142014,True,37,0.0,0.2304739311704753,0.3972751528179589,False
PT,PT,Lineage7,C9,primary,,,False,0.0001026505609379,0.0021124764060059,True,0.1841736390975888,0.207433356289877,0.0232597171922882,True,37,-0.0178896965697155,0.0068601463572122,0.0315566732431761,True
PT,PT,Lineage7,CD46,primary,,,False,0.847218042810898,0.93054522726611,False,0.6916193497278872,0.6762924031628822,-0.0153269465650049,True,37,-0.030151902589932,0.0630173661047592,0.1705175788717015,False
PT,PT,Lineage7,CD59,primary,,,False,0.0043750548307063,0.0325574993754826,True,0.4477920835620959,0.3497496203379683,-0.0980424632241275,True,37,-0.1119290069906136,3.147870302200318e-07,7.24010169506073e-06,True
PT,PT,Lineage7,CFB,primary,,,False,0.0004670259217931,0.0063205121413575,True,0.0567577573149565,0.0427319950862183,-0.0140257622287382,True,37,-0.0134200362342461,0.0039125580660765,0.0232289904098215,True
PT,PT,Lineage7,CFH,primary,,,False,0.115968990879162,0.2991591729993852,False,0.0238388861205074,0.0218035379423646,-0.0020353481781427,True,37,-0.0032596605261651,0.2277872365095197,0.3972751528179589,False
PT,PT,Lineage7,CFP,primary,,,False,,,False,0.0049191226891652,0.0047702967571535,-0.0001488259320117,True,37,0.0,0.3709353078451246,0.5379977714653226,False
PT,PT,Lineage7,CR1,primary,,,False,0.271086285056441,0.505284689245921,False,0.0110073180213374,0.0096491001059852,-0.0013582179153521,True,37,0.0,0.6732798065233047,0.7954745467390644,False
PT,PT,Lineage7,FCN2,primary,,,False,,,False,0.000340905489649,0.0002502711939229,-9.063429572613676e-05,True,37,0.0,0.6744240722352938,0.7954745467390644,False
PT,PT,Lineage7,MASP1,primary,,,False,0.0137347505589729,0.0724694532780479,False,0.1208909011492959,0.1608743853270547,0.0399834841777588,True,37,0.0131724146497424,0.181540552934166,0.3479527264571516,False
PT,PT,Lineage7,MBL2,primary,,,False,,,False,0.0001792528732559,0.0001201217225366,-5.913115071932252e-05,True,37,0.0,0.0431144467830753,0.141661753715819,False
PT,PT,Lineage7,VSIG4,primary,,,False,0.0969419720650969,0.2658818547842868,False,0.0017163923349516,0.0013470151659897,-0.0003693771689619,True,37,0.0,0.8067663226228976,0.8483610084281694,False
PT,PT,Lineage8,CFHR1,CFHR_descriptive,,,False,,,False,0.0012215310464024,0.0017615537287414,0.000540022682339,True,3,0.0,,,False
PT,PT,Lineage8,CFHR2,CFHR_descriptive,,,False,,,False,0.0005132890916583,0.0003442327275389,-0.0001690563641194,True,3,0.0,,,False
PT,PT,Lineage8,CFHR3,CFHR_descriptive,,,False,,,False,0.0004083675047315,0.0005550573456975,0.000146689840966,True,3,-0.0030030464075796,,,False
PT,PT,Lineage8,CFHR4,CFHR_descriptive,,,False,,,False,0.0010545344620331,0.0012583787054651,0.0002038442434319,True,3,0.0,,,False
PT,PT,Lineage8,CFHR5,CFHR_descriptive,,,False,,,False,0.001127038422213,0.0005035767694429,-0.0006234616527701,True,3,0.0,,,False
PT,PT,Lineage8,CFB,primary,2.2204460492503099e-16,2.7543196182510427e-15,True,0.0012678079314613,0.0134776673511319,True,0.0605626483268769,0.1765273014110769,0.1159646530841999,True,3,-0.1189460036910286,,,False
PT,PT,Lineage8,C1R,primary,1.28949073641138e-11,1.1270294741403415e-10,True,0.0534638947817747,0.1807429953074973,False,0.0250753731143276,0.1200430379077695,0.0949676647934418,True,3,0.0262551966643984,,,False
PT,PT,Lineage8,CD55,primary,7.80028375224617e-09,5.2335361061384e-08,True,0.0754020409058413,0.2253741001971835,False,0.080563038926785,0.0552130662227634,-0.0253499727040215,True,3,0.0362824796061032,,,False
PT,PT,Lineage8,CD59,primary,1.07210581234973e-06,5.7789118177875685e-06,True,0.453837457506564,0.6635623577469295,False,0.4533661491436101,0.549818890089904,0.0964527409462939,True,3,0.0584989467177505,,,False
PT,PT,Lineage8,C9,primary,1.44680303193478e-06,7.64637873734589e-06,True,0.0001468787930647,0.0026626043905555,True,0.1888622840634823,0.3165338636494459,0.1276715795859636,True,3,-0.0309849629067341,,,False
PT,PT,Lineage8,CR2,primary,0.0003396421267535,0.0012574306292696,True,0.674182453542837,0.8214063740173889,False,0.0755736524396965,0.0208622880478284,-0.054711364391868,True,3,0.010618006931368,,,False
PT,PT,Lineage8,C2,primary,0.0014709833668333,0.0049134111287593,True,0.0590812465303475,0.1925538595747677,False,0.1271338750394577,0.1939541164475074,0.0668202414080497,True,3,0.0398513417864053,,,False
PT,PT,Lineage8,C6,primary,0.0024627292851676,0.0078646108608315,True,0.0268247646675789,0.1160959956753414,False,0.1339423037270473,0.2114840943526031,0.0775417906255557,True,3,-0.1232235088586839,,,False
PT,PT,Lineage8,C7,primary,0.0042296397390785,0.0128047997580321,True,0.149992875639761,0.3464960800782183,False,0.1313474475884402,0.1299001385368972,-0.001447309051543,True,3,-0.0229792228269312,,,False
PT,PT,Lineage8,C1S,primary,0.0117754737583554,0.0322990388371911,True,0.292382768087112,0.5182768576235351,False,0.1317683553191284,0.1769181425413821,0.0451497872222536,True,3,0.0329206253340245,,,False
PT,PT,Lineage8,FCN3,primary,0.45856594740456,0.75720362891196,False,0.090475495378274,0.2535700963330571,False,0.0049182565590189,0.0042990903615174,-0.0006191661975015,True,3,-0.0063955984010893,,,False
PT,PT,Lineage8,C8B,primary,0.88299591101887,1.0,False,0.629341312622918,0.7921895014328092,False,0.0019880907910021,0.0010731718386599,-0.0009149189523422,True,3,-0.001666222657148,,,False
PT,PT,Lineage8,C8G,primary,0.839905576494891,1.0,False,0.270009098541251,0.4952680857786448,False,0.0039168378857424,0.0078677544143367,0.0039509165285942,True,3,0.0141634074097367,,,False
PT,PT,Lineage8,CR1,primary,0.963393510190644,1.0,False,0.178688168135813,0.3864516109611624,False,0.0107913278188137,0.0098909316839935,-0.0009003961348201,True,3,0.0043154903551921,,,False
PT,PT,Lineage8,FCN1,primary,0.999112952984582,1.0,False,0.549000776385634,0.7372403063937962,False,0.0042248847789586,0.0065660260304424,0.0023411412514838,True,3,-0.0018300494006754,,,False
PT,PT,Lineage8,VSIG4,primary,0.999316670936087,1.0,False,0.644392537628855,0.8030819237186659,False,0.002104374832084,0.0023731390562689,0.0002687642241849,True,3,0.0,,,False
PT,PT,Lineage8,C1QA,primary,,,False,0.759630356853506,0.8738753428367296,False,0.0152603491928765,0.015719793826276,0.0004594446333995,True,3,-0.0067476942213156,,,False
PT,PT,Lineage8,C1QB,primary,,,False,0.518849014725907,0.7135985116216302,False,0.0090598298982594,0.0140374289701081,0.0049775990718487,True,3,0.0,,,False
PT,PT,Lineage8,C1QC,primary,,,False,0.151970558929404,0.3491520997268181,False,0.0053069917308451,0.0059790814751618,0.0006720897443167,True,3,-0.0045570977274889,,,False
PT,PT,Lineage8,C3,primary,,,False,1.0776697625059e-05,0.0003266524104771,True,0.0321343071747737,0.3141384202682183,0.2820041130934446,True,3,0.1761730720248353,,,False
PT,PT,Lineage8,C3AR1,primary,,,False,,,False,0.0031058229453283,0.0027875276565519,-0.0003182952887764,True,3,0.0,,,False
PT,PT,Lineage8,C4A,primary,,,False,0.970555016362779,0.9863030953189562,False,0.0092901291578436,0.0254863796389666,0.0161962504811229,True,3,-0.0029463152129555,,,False
PT,PT,Lineage8,C4B,primary,,,False,0.255118467825834,0.4792732724565083,False,0.0074319762048561,0.0130934107806843,0.0056614345758282,True,3,-0.0120452729533037,,,False
PT,PT,Lineage8,C4BPA,primary,,,False,,,False,0.0024317624252145,0.0017736678518167,-0.0006580945733977,True,3,0.0,,,False
PT,PT,Lineage8,C4BPB,primary,,,False,,,False,0.0012195231426629,0.0008827351179052,-0.0003367880247577,True,3,0.0,,,False
PT,PT,Lineage8,C5,primary,,,False,0.291517524210537,0.5176747315940619,False,0.1657975216088033,0.1546953055473899,-0.0111022160614134,True,3,-0.0169162893099349,,,False
PT,PT,Lineage8,C5AR1,primary,,,False,5.07663661108992e-08,3.833125970812494e-06,True,0.1335472395761413,0.4212179648906794,0.2876707253145381,True,3,0.1402747411055652,,,False
PT,PT,Lineage8,C5AR2,primary,,,False,0.954681789906023,0.977968913078544,False,0.0045247211229626,0.00370650547864,-0.0008182156443226,True,3,0.0,,,False
PT,PT,Lineage8,C8A,primary,,,False,0.368075959969165,0.5910489849967991,False,0.0029210664606599,0.0067736174126462,0.0038525509519863,True,3,0.0126714230485241,,,False
PT,PT,Lineage8,CD46,primary,,,False,0.451323335031717,0.66175011998798,False,0.6924279440433897,0.7159748121057603,0.0235468680623706,True,3,-0.0021881644945813,,,False
PT,PT,Lineage8,CFD,primary,,,False,0.285961886258066,0.5123010974877885,False,0.0079948601817111,0.0140056932180943,0.0060108330363832,True,3,-0.0168581855349319,,,False
PT,PT,Lineage8,CFH,primary,,,False,0.0127474999072315,0.0703791905706258,False,0.0237075638852752,0.0366422380602996,0.0129346741750244,True,3,0.013690300083017,,,False
PT,PT,Lineage8,CFI,primary,,,False,3.31915478823941e-06,0.0001237000334508,True,0.9989588280097994,1.4368769417521137,0.4379181137423142,True,3,0.0480511187206027,,,False
PT,PT,Lineage8,CFP,primary,,,False,,,False,0.0044307501625414,0.0008294959791181,-0.0036012541834233,True,3,-0.0014393862914586,,,False
PT,PT,Lineage8,FCN2,primary,,,False,,,False,0.000311217969954,0.0006438952003477,0.0003326772303936,True,3,0.0,,,False
PT,PT,Lineage8,ITGAM,primary,,,False,0.568895612014671,0.751965388261638,False,0.0063008738647922,0.0064878546924757,0.0001869808276834,True,3,0.0,,,False
PT,PT,Lineage8,ITGAX,primary,,,False,0.5217938461985,0.7157407676365043,False,0.0037671295617889,0.0043904670437173,0.0006233374819283,True,3,0.0,,,False
PT,PT,Lineage8,MASP1,primary,,,False,0.0019896101862383,0.0187619028441183,True,0.1276287150849741,0.2027296574366167,0.0751009423516426,True,3,0.066270770424931,,,False
PT,PT,Lineage8,MASP2,primary,,,False,0.80701856829617,0.9007037855413489,False,0.0049977974427043,0.0035903862372134,-0.0014074112054909,True,3,-0.0081515516248179,,,False
PT,PT,Lineage8,MBL2,primary,,,False,,,False,0.0002307713067722,0.0,-0.0002307713067722,True,3,0.0,,,False
PT,PT,Lineage8,SERPING1,primary,,,False,0.273882208378968,0.4993292491647515,False,0.0964455240463083,0.1434993793166443,0.0470538552703359,True,3,0.0790981165704217,,,False
PT,PT,Lineage9,CFHR1,CFHR_descriptive,,,False,,,False,0.0009591496115929,0.0004653714723977,-0.0004937781391952,True,9,0.0,0.5,0.8518518518518519,False
PT,PT,Lineage9,CFHR2,CFHR_descriptive,,,False,,,False,0.0006417906156483,0.0005884828161557,-5.330779949266927e-05,True,9,0.0,0.5,0.8518518518518519,False
PT,PT,Lineage9,CFHR3,CFHR_descriptive,,,False,,,False,0.0005331253143334,0.0012281160324816,0.0006949907181481,True,9,0.0,1.0,1.0,False
PT,PT,Lineage9,CFHR4,CFHR_descriptive,,,False,,,False,0.0008601194916857,0.0010616637071446,0.0002015442154588,True,9,0.0,0.4375,0.8518518518518519,False
PT,PT,Lineage9,CFHR5,CFHR_descriptive,,,False,,,False,0.0012123609523843,0.0003125923478374,-0.0008997686045469,True,9,0.0,0.25,0.71875,False
PT,PT,Lineage9,CD59,primary,1.82351468513975e-06,2.5796727207441073e-05,True,0.0005157318774176,0.0076254703501317,True,0.441992743593781,0.7269525358898653,0.2849597922960843,True,9,0.2695140406853266,0.00390625,0.0359375,True
PT,PT,Lineage9,CFI,primary,0.0603351768007967,0.2847989114722921,False,0.913839630599541,0.9650538399167669,False,0.9337494828668184,1.0936306989740845,0.1598812161072659,True,9,0.213188959321651,0.00390625,0.0359375,True
PT,PT,Lineage9,C1R,primary,0.835623751747148,1.0,False,0.176902083030211,0.4139814405253426,False,0.0256948616718396,0.0398991016816712,0.0142042400098315,True,9,0.0128769941985491,0.02734375,0.1796875,False
PT,PT,Lineage9,C4B,primary,0.996925899115666,1.0,False,0.51990190916631,0.7410072593813429,False,0.0060779342690007,0.0052757709456203,-0.0008021633233803,True,9,-0.0017120837823137,0.91015625,1.0,False
PT,PT,Lineage9,CD46,primary,0.949086776847471,1.0,False,0.680186450023461,0.8462303577912734,False,0.692549660109498,0.7265326989528587,0.0339830388433606,True,9,0.0190203448741156,0.734375,1.0,False
PT,PT,Lineage9,FCN1,primary,0.999975165870869,1.0,False,0.682225195812731,0.8473074273992366,False,0.003470333192936,0.0038510633359155,0.0003807301429795,True,9,0.0,1.0,1.0,False
PT,PT,Lineage9,ITGAM,primary,0.999459393021844,1.0,False,0.748091184581673,0.8843563346181252,False,0.0051243512031034,0.0041723000435059,-0.0009520511595975,True,9,-0.0025672817281941,0.91015625,1.0,False
PT,PT,Lineage9,MASP2,primary,0.999939755686125,1.0,False,0.749258807191612,0.8849159773186305,False,0.0062718650385466,0.0086431410388217,0.0023712760002751,True,9,0.0,0.7421875,1.0,False
PT,PT,Lineage9,VSIG4,primary,0.820283516507256,1.0,False,0.0715926229324162,0.2384953326587946,False,0.0025120564537423,0.0006046301613077,-0.0019074262924345,True,9,0.0,1.0,1.0,False
PT,PT,Lineage9,C1QA,primary,,,False,0.62043591876846,0.8099634630285262,False,0.0195869959903242,0.0181222450983981,-0.0014647508919261,True,9,-0.0068593741593005,0.359375,0.8518518518518519,False
PT,PT,Lineage9,C1QB,primary,,,False,0.336904661690531,0.5940860947867042,False,0.0128307138618535,0.0228704343102679,0.0100397204484144,True,9,0.0,0.578125,0.9170258620689656,False
PT,PT,Lineage9,C1QC,primary,,,False,0.154172284111521,0.3807742644969979,False,0.0054602856748168,0.0098658463713598,0.004405560696543,True,9,0.0,0.21875,0.71875,False
PT,PT,Lineage9,C1S,primary,,,False,0.415983320182904,0.661361595624617,False,0.1394624404442958,0.1307262649081608,-0.0087361755361349,True,9,-0.0077051848252355,0.8203125,1.0,False
PT,PT,Lineage9,C2,primary,,,False,0.756573874584735,0.8883152195283631,False,0.1251428718359196,0.1492729117695406,0.0241300399336209,True,9,0.0397226961363978,0.0390625,0.224609375,False
PT,PT,Lineage9,C3,primary,,,False,0.632487724523291,0.8162744962886441,False,0.0287005121259734,0.0274313915479786,-0.0012691205779948,True,9,0.0004394114155241,0.8203125,1.0,False
PT,PT,Lineage9,C3AR1,primary,,,False,,,False,0.0038134769153922,0.0067234562958986,0.0029099793805063,True,9,0.0,0.5625,0.9170258620689656,False
PT,PT,Lineage9,C4A,primary,,,False,0.0367343794834859,0.1564967207985367,False,0.0088519587243637,0.0135314114382012,0.0046794527138374,True,9,0.0,0.3828125,0.8518518518518519,False
PT,PT,Lineage9,C4BPA,primary,,,False,,,False,0.0016271292384664,0.0035673367294994,0.001940207491033,True,9,-0.0007685077799627,1.0,1.0,False
PT,PT,Lineage9,C4BPB,primary,,,False,,,False,0.0009656687870744,0.0004080944021383,-0.000557574384936,True,9,0.0,0.4375,0.8518518518518519,False
PT,PT,Lineage9,C5,primary,,,False,0.0005263085296025,0.0077387114007494,True,0.1657763173729578,0.0581195229526744,-0.1076567944202834,True,9,-0.1126341853609406,0.00390625,0.0359375,True
PT,PT,Lineage9,C5AR1,primary,,,False,0.0025314965549846,0.0250605437855259,True,0.1100812268131488,0.0711750354732971,-0.0389061913398516,True,9,-0.0144086744680816,0.91015625,1.0,False
PT,PT,Lineage9,C5AR2,primary,,,False,0.524031911062441,0.7448361217842775,False,0.0037878442186352,0.0054053340666921,0.0016174898480568,True,9,0.0,0.9375,1.0,False
PT,PT,Lineage9,C6,primary,,,False,0.300261559170733,0.5586488360369386,False,0.11655436979712,0.3340903125749145,0.2175359427777945,True,9,0.2135176784028128,0.00390625,0.0359375,True
PT,PT,Lineage9,C7,primary,,,False,0.324854038148972,0.5821208142469382,False,0.1466966336937529,0.2260669392773597,0.0793703055836067,True,9,0.0751224716791202,0.07421875,0.3793402777777778,False
PT,PT,Lineage9,C8A,primary,,,False,0.100495361808289,0.2923680168706714,False,0.0023820877782282,0.0028697907611569,0.0004877029829286,True,9,0.0,0.21875,0.71875,False
PT,PT,Lineage9,C8B,primary,,,False,0.0675491605674942,0.2300471962121011,False,0.0009014635911009,0.0072752663838313,0.0063738027927304,True,9,0.0002117637983026,0.09375,0.43125,False
PT,PT,Lineage9,C8G,primary,,,False,0.853113947629297,0.93623796409868,False,0.0029942542892263,0.0050991458240323,0.0021048915348059,True,9,-0.0016062443693092,0.7421875,1.0,False
PT,PT,Lineage9,C9,primary,,,False,0.52303412677892,0.743905849783355,False,0.1739762245830372,0.2015387420222254,0.0275625174391882,True,9,-0.0180428009338981,0.42578125,0.8518518518518519,False
PT,PT,Lineage9,CD55,primary,,,False,0.0002556007785806,0.0044994873045017,True,0.1167386720271615,0.0241781399451018,-0.0925605320820597,True,9,-0.1229655647388069,0.00390625,0.0359375,True
PT,PT,Lineage9,CFB,primary,,,False,0.226008051005675,0.478935504135828,False,0.059131464771827,0.0769752995828295,0.0178438348110025,True,9,0.0105075761915171,0.25,0.71875,False
PT,PT,Lineage9,CFD,primary,,,False,0.751566180382694,0.8862741322829756,False,0.0076117406321508,0.007320593090759,-0.0002911475413918,True,9,-0.0011291518342747,1.0,1.0,False
PT,PT,Lineage9,CFH,primary,,,False,0.213908727367421,0.4631466424203685,False,0.0240638599537139,0.0306134746915131,0.0065496147377992,True,9,-0.0041697515373824,0.49609375,0.8518518518518519,False
PT,PT,Lineage9,CFP,primary,,,False,,,False,0.0048152754165409,0.0037264875595444,-0.0010887878569964,True,9,-0.0010989711891028,0.4609375,0.8518518518518519,False
PT,PT,Lineage9,CR1,primary,,,False,0.146379765411972,0.3689545466759429,False,0.0139931836976322,0.0130570221174126,-0.0009361615802195,True,9,-0.0017120837823137,0.7421875,1.0,False
PT,PT,Lineage9,CR2,primary,,,False,0.0714328297716521,0.2382560291136988,False,0.0870802379891844,0.0345310691927947,-0.0525491687963896,True,9,-0.0193055386407705,0.015625,0.1197916666666666,False
PT,PT,Lineage9,FCN2,primary,,,False,,,False,0.0002949868577794,0.0004316099943677,0.0001366231365883,True,9,0.0,1.0,1.0,False
PT,PT,Lineage9,FCN3,primary,,,False,0.875901141507582,0.9471918626912172,False,0.0053222610833684,0.0088574380552496,0.0035351769718811,True,9,-0.0007531822940659,0.7421875,1.0,False
PT,PT,Lineage9,ITGAX,primary,,,False,0.787513117742522,0.9054648638825014,False,0.0032143543765848,0.0042652618878745,0.0010509075112896,True,9,0.0,0.21875,0.71875,False
PT,PT,Lineage9,MASP1,primary,,,False,0.515857272327233,0.7380580411548355,False,0.1120016413564103,0.1489940493837621,0.0369924080273518,True,9,0.0275575169769963,0.1640625,0.6860795454545454,False
PT,PT,Lineage9,MBL2,primary,,,False,,,False,0.0002085266544928,0.0002454146713316,3.688801683878029e-05,True,9,0.0,0.5,0.8518518518518519,False
PT,PT,Lineage9,SERPING1,primary,,,False,0.938433894909589,0.9772375278377072,False,0.1185566007549227,0.1057276828165435,-0.0128289179383792,True,9,-0.0119875167874797,0.49609375,0.8518518518518519,False
